[2026-05-16T06:06:58.410+0000] {processor.py:161} INFO - Started process (PID=214) to work on /opt/airflow/dags/shopee_dags.py
[2026-05-16T06:06:58.412+0000] {processor.py:830} INFO - Processing file /opt/airflow/dags/shopee_dags.py for tasks to queue
[2026-05-16T06:06:58.416+0000] {logging_mixin.py:188} INFO - [2026-05-16T06:06:58.415+0000] {dagbag.py:538} INFO - Filling up the DagBag from /opt/airflow/dags/shopee_dags.py
[2026-05-16T06:06:58.472+0000] {processor.py:840} INFO - DAG(s) 'shopee_scraper' retrieved from /opt/airflow/dags/shopee_dags.py
[2026-05-16T06:06:58.568+0000] {logging_mixin.py:188} INFO - [2026-05-16T06:06:58.567+0000] {dag.py:3036} INFO - Sync 1 DAGs
[2026-05-16T06:06:58.651+0000] {logging_mixin.py:188} INFO - [2026-05-16T06:06:58.650+0000] {dag.py:3823} INFO - Setting next_dagrun for shopee_scraper to 2026-05-15 00:00:00+00:00, run_after=2026-05-16 00:00:00+00:00
[2026-05-16T06:06:58.704+0000] {processor.py:183} INFO - Processing /opt/airflow/dags/shopee_dags.py took 0.299 seconds
[2026-05-16T06:07:28.922+0000] {processor.py:161} INFO - Started process (PID=220) to work on /opt/airflow/dags/shopee_dags.py
[2026-05-16T06:07:28.923+0000] {processor.py:830} INFO - Processing file /opt/airflow/dags/shopee_dags.py for tasks to queue
[2026-05-16T06:07:28.925+0000] {logging_mixin.py:188} INFO - [2026-05-16T06:07:28.924+0000] {dagbag.py:538} INFO - Filling up the DagBag from /opt/airflow/dags/shopee_dags.py
[2026-05-16T06:07:28.952+0000] {processor.py:840} INFO - DAG(s) 'shopee_scraper' retrieved from /opt/airflow/dags/shopee_dags.py
[2026-05-16T06:07:28.971+0000] {logging_mixin.py:188} INFO - [2026-05-16T06:07:28.970+0000] {dag.py:3036} INFO - Sync 1 DAGs
[2026-05-16T06:07:29.008+0000] {logging_mixin.py:188} INFO - [2026-05-16T06:07:29.007+0000] {dag.py:3823} INFO - Setting next_dagrun for shopee_scraper to 2026-05-15 00:00:00+00:00, run_after=2026-05-16 00:00:00+00:00
[2026-05-16T06:07:29.031+0000] {processor.py:183} INFO - Processing /opt/airflow/dags/shopee_dags.py took 0.113 seconds
[2026-05-16T06:07:59.123+0000] {processor.py:161} INFO - Started process (PID=225) to work on /opt/airflow/dags/shopee_dags.py
[2026-05-16T06:07:59.124+0000] {processor.py:830} INFO - Processing file /opt/airflow/dags/shopee_dags.py for tasks to queue
[2026-05-16T06:07:59.127+0000] {logging_mixin.py:188} INFO - [2026-05-16T06:07:59.126+0000] {dagbag.py:538} INFO - Filling up the DagBag from /opt/airflow/dags/shopee_dags.py
[2026-05-16T06:07:59.161+0000] {processor.py:840} INFO - DAG(s) 'shopee_scraper' retrieved from /opt/airflow/dags/shopee_dags.py
[2026-05-16T06:07:59.185+0000] {logging_mixin.py:188} INFO - [2026-05-16T06:07:59.185+0000] {dag.py:3036} INFO - Sync 1 DAGs
[2026-05-16T06:07:59.230+0000] {logging_mixin.py:188} INFO - [2026-05-16T06:07:59.230+0000] {dag.py:3823} INFO - Setting next_dagrun for shopee_scraper to 2026-05-15 00:00:00+00:00, run_after=2026-05-16 00:00:00+00:00
[2026-05-16T06:07:59.257+0000] {processor.py:183} INFO - Processing /opt/airflow/dags/shopee_dags.py took 0.139 seconds
[2026-05-16T06:08:29.424+0000] {processor.py:161} INFO - Started process (PID=236) to work on /opt/airflow/dags/shopee_dags.py
[2026-05-16T06:08:29.425+0000] {processor.py:830} INFO - Processing file /opt/airflow/dags/shopee_dags.py for tasks to queue
[2026-05-16T06:08:29.427+0000] {logging_mixin.py:188} INFO - [2026-05-16T06:08:29.426+0000] {dagbag.py:538} INFO - Filling up the DagBag from /opt/airflow/dags/shopee_dags.py
[2026-05-16T06:08:29.469+0000] {processor.py:840} INFO - DAG(s) 'shopee_scraper' retrieved from /opt/airflow/dags/shopee_dags.py
[2026-05-16T06:08:29.500+0000] {logging_mixin.py:188} INFO - [2026-05-16T06:08:29.500+0000] {dag.py:3036} INFO - Sync 1 DAGs
[2026-05-16T06:08:29.560+0000] {logging_mixin.py:188} INFO - [2026-05-16T06:08:29.559+0000] {dag.py:3823} INFO - Setting next_dagrun for shopee_scraper to 2026-05-16 00:00:00+00:00, run_after=2026-05-17 00:00:00+00:00
[2026-05-16T06:08:29.594+0000] {processor.py:183} INFO - Processing /opt/airflow/dags/shopee_dags.py took 0.174 seconds
[2026-05-16T06:08:59.677+0000] {processor.py:161} INFO - Started process (PID=241) to work on /opt/airflow/dags/shopee_dags.py
[2026-05-16T06:08:59.679+0000] {processor.py:830} INFO - Processing file /opt/airflow/dags/shopee_dags.py for tasks to queue
[2026-05-16T06:08:59.681+0000] {logging_mixin.py:188} INFO - [2026-05-16T06:08:59.680+0000] {dagbag.py:538} INFO - Filling up the DagBag from /opt/airflow/dags/shopee_dags.py
[2026-05-16T06:08:59.730+0000] {processor.py:840} INFO - DAG(s) 'shopee_scraper' retrieved from /opt/airflow/dags/shopee_dags.py
[2026-05-16T06:08:59.764+0000] {logging_mixin.py:188} INFO - [2026-05-16T06:08:59.763+0000] {dag.py:3036} INFO - Sync 1 DAGs
[2026-05-16T06:08:59.820+0000] {logging_mixin.py:188} INFO - [2026-05-16T06:08:59.817+0000] {dag.py:3823} INFO - Setting next_dagrun for shopee_scraper to 2026-05-16 00:00:00+00:00, run_after=2026-05-17 00:00:00+00:00
[2026-05-16T06:08:59.867+0000] {processor.py:183} INFO - Processing /opt/airflow/dags/shopee_dags.py took 0.196 seconds
[2026-05-16T06:09:30.008+0000] {processor.py:161} INFO - Started process (PID=246) to work on /opt/airflow/dags/shopee_dags.py
[2026-05-16T06:09:30.010+0000] {processor.py:830} INFO - Processing file /opt/airflow/dags/shopee_dags.py for tasks to queue
[2026-05-16T06:09:30.013+0000] {logging_mixin.py:188} INFO - [2026-05-16T06:09:30.012+0000] {dagbag.py:538} INFO - Filling up the DagBag from /opt/airflow/dags/shopee_dags.py
[2026-05-16T06:09:30.047+0000] {processor.py:840} INFO - DAG(s) 'shopee_scraper' retrieved from /opt/airflow/dags/shopee_dags.py
[2026-05-16T06:09:30.072+0000] {logging_mixin.py:188} INFO - [2026-05-16T06:09:30.071+0000] {dag.py:3036} INFO - Sync 1 DAGs
[2026-05-16T06:09:30.123+0000] {logging_mixin.py:188} INFO - [2026-05-16T06:09:30.122+0000] {dag.py:3823} INFO - Setting next_dagrun for shopee_scraper to 2026-05-16 00:00:00+00:00, run_after=2026-05-17 00:00:00+00:00
[2026-05-16T06:09:30.162+0000] {processor.py:183} INFO - Processing /opt/airflow/dags/shopee_dags.py took 0.161 seconds
[2026-05-16T06:10:00.286+0000] {processor.py:161} INFO - Started process (PID=251) to work on /opt/airflow/dags/shopee_dags.py
[2026-05-16T06:10:00.287+0000] {processor.py:830} INFO - Processing file /opt/airflow/dags/shopee_dags.py for tasks to queue
[2026-05-16T06:10:00.288+0000] {logging_mixin.py:188} INFO - [2026-05-16T06:10:00.287+0000] {dagbag.py:538} INFO - Filling up the DagBag from /opt/airflow/dags/shopee_dags.py
[2026-05-16T06:10:00.307+0000] {processor.py:840} INFO - DAG(s) 'shopee_scraper' retrieved from /opt/airflow/dags/shopee_dags.py
[2026-05-16T06:10:00.322+0000] {logging_mixin.py:188} INFO - [2026-05-16T06:10:00.322+0000] {dag.py:3036} INFO - Sync 1 DAGs
[2026-05-16T06:10:00.361+0000] {logging_mixin.py:188} INFO - [2026-05-16T06:10:00.361+0000] {dag.py:3823} INFO - Setting next_dagrun for shopee_scraper to 2026-05-16 00:00:00+00:00, run_after=2026-05-17 00:00:00+00:00
[2026-05-16T06:10:00.387+0000] {processor.py:183} INFO - Processing /opt/airflow/dags/shopee_dags.py took 0.104 seconds
[2026-05-16T06:10:30.974+0000] {processor.py:161} INFO - Started process (PID=256) to work on /opt/airflow/dags/shopee_dags.py
[2026-05-16T06:10:30.979+0000] {processor.py:830} INFO - Processing file /opt/airflow/dags/shopee_dags.py for tasks to queue
[2026-05-16T06:10:30.982+0000] {logging_mixin.py:188} INFO - [2026-05-16T06:10:30.981+0000] {dagbag.py:538} INFO - Filling up the DagBag from /opt/airflow/dags/shopee_dags.py
[2026-05-16T06:10:31.074+0000] {processor.py:840} INFO - DAG(s) 'shopee_scraper' retrieved from /opt/airflow/dags/shopee_dags.py
[2026-05-16T06:10:31.149+0000] {logging_mixin.py:188} INFO - [2026-05-16T06:10:31.148+0000] {dag.py:3036} INFO - Sync 1 DAGs
[2026-05-16T06:10:31.305+0000] {logging_mixin.py:188} INFO - [2026-05-16T06:10:31.304+0000] {dag.py:3823} INFO - Setting next_dagrun for shopee_scraper to 2026-05-16 00:00:00+00:00, run_after=2026-05-17 00:00:00+00:00
[2026-05-16T06:10:31.391+0000] {processor.py:183} INFO - Processing /opt/airflow/dags/shopee_dags.py took 0.424 seconds
[2026-05-16T06:11:01.869+0000] {processor.py:161} INFO - Started process (PID=261) to work on /opt/airflow/dags/shopee_dags.py
[2026-05-16T06:11:01.872+0000] {processor.py:830} INFO - Processing file /opt/airflow/dags/shopee_dags.py for tasks to queue
[2026-05-16T06:11:01.876+0000] {logging_mixin.py:188} INFO - [2026-05-16T06:11:01.875+0000] {dagbag.py:538} INFO - Filling up the DagBag from /opt/airflow/dags/shopee_dags.py
[2026-05-16T06:11:02.335+0000] {processor.py:840} INFO - DAG(s) 'shopee_scraper' retrieved from /opt/airflow/dags/shopee_dags.py
[2026-05-16T06:11:02.425+0000] {logging_mixin.py:188} INFO - [2026-05-16T06:11:02.424+0000] {dag.py:3036} INFO - Sync 1 DAGs
[2026-05-16T06:11:02.555+0000] {logging_mixin.py:188} INFO - [2026-05-16T06:11:02.554+0000] {dag.py:3823} INFO - Setting next_dagrun for shopee_scraper to 2026-05-16 00:00:00+00:00, run_after=2026-05-17 00:00:00+00:00
[2026-05-16T06:11:02.628+0000] {processor.py:183} INFO - Processing /opt/airflow/dags/shopee_dags.py took 0.784 seconds
[2026-05-16T06:11:33.031+0000] {processor.py:161} INFO - Started process (PID=266) to work on /opt/airflow/dags/shopee_dags.py
[2026-05-16T06:11:33.034+0000] {processor.py:830} INFO - Processing file /opt/airflow/dags/shopee_dags.py for tasks to queue
[2026-05-16T06:11:33.039+0000] {logging_mixin.py:188} INFO - [2026-05-16T06:11:33.038+0000] {dagbag.py:538} INFO - Filling up the DagBag from /opt/airflow/dags/shopee_dags.py
[2026-05-16T06:11:33.102+0000] {processor.py:840} INFO - DAG(s) 'shopee_scraper' retrieved from /opt/airflow/dags/shopee_dags.py
[2026-05-16T06:11:33.141+0000] {logging_mixin.py:188} INFO - [2026-05-16T06:11:33.141+0000] {dag.py:3036} INFO - Sync 1 DAGs
[2026-05-16T06:11:33.209+0000] {logging_mixin.py:188} INFO - [2026-05-16T06:11:33.209+0000] {dag.py:3823} INFO - Setting next_dagrun for shopee_scraper to 2026-05-16 00:00:00+00:00, run_after=2026-05-17 00:00:00+00:00
[2026-05-16T06:11:33.252+0000] {processor.py:183} INFO - Processing /opt/airflow/dags/shopee_dags.py took 0.236 seconds
[2026-05-16T06:12:03.586+0000] {processor.py:161} INFO - Started process (PID=271) to work on /opt/airflow/dags/shopee_dags.py
[2026-05-16T06:12:03.591+0000] {processor.py:830} INFO - Processing file /opt/airflow/dags/shopee_dags.py for tasks to queue
[2026-05-16T06:12:03.594+0000] {logging_mixin.py:188} INFO - [2026-05-16T06:12:03.594+0000] {dagbag.py:538} INFO - Filling up the DagBag from /opt/airflow/dags/shopee_dags.py
[2026-05-16T06:12:03.635+0000] {processor.py:840} INFO - DAG(s) 'shopee_scraper' retrieved from /opt/airflow/dags/shopee_dags.py
[2026-05-16T06:12:03.672+0000] {logging_mixin.py:188} INFO - [2026-05-16T06:12:03.671+0000] {dag.py:3036} INFO - Sync 1 DAGs
[2026-05-16T06:12:03.732+0000] {logging_mixin.py:188} INFO - [2026-05-16T06:12:03.731+0000] {dag.py:3823} INFO - Setting next_dagrun for shopee_scraper to 2026-05-16 00:00:00+00:00, run_after=2026-05-17 00:00:00+00:00
[2026-05-16T06:12:03.780+0000] {processor.py:183} INFO - Processing /opt/airflow/dags/shopee_dags.py took 0.201 seconds
[2026-05-16T06:12:34.063+0000] {processor.py:161} INFO - Started process (PID=276) to work on /opt/airflow/dags/shopee_dags.py
[2026-05-16T06:12:34.068+0000] {processor.py:830} INFO - Processing file /opt/airflow/dags/shopee_dags.py for tasks to queue
[2026-05-16T06:12:34.070+0000] {logging_mixin.py:188} INFO - [2026-05-16T06:12:34.069+0000] {dagbag.py:538} INFO - Filling up the DagBag from /opt/airflow/dags/shopee_dags.py
[2026-05-16T06:12:34.117+0000] {processor.py:840} INFO - DAG(s) 'shopee_scraper' retrieved from /opt/airflow/dags/shopee_dags.py
[2026-05-16T06:12:34.149+0000] {logging_mixin.py:188} INFO - [2026-05-16T06:12:34.149+0000] {dag.py:3036} INFO - Sync 1 DAGs
[2026-05-16T06:12:34.196+0000] {logging_mixin.py:188} INFO - [2026-05-16T06:12:34.196+0000] {dag.py:3823} INFO - Setting next_dagrun for shopee_scraper to 2026-05-16 00:00:00+00:00, run_after=2026-05-17 00:00:00+00:00
[2026-05-16T06:12:34.290+0000] {processor.py:183} INFO - Processing /opt/airflow/dags/shopee_dags.py took 0.235 seconds
[2026-05-16T06:13:04.529+0000] {processor.py:161} INFO - Started process (PID=281) to work on /opt/airflow/dags/shopee_dags.py
[2026-05-16T06:13:04.530+0000] {processor.py:830} INFO - Processing file /opt/airflow/dags/shopee_dags.py for tasks to queue
[2026-05-16T06:13:04.531+0000] {logging_mixin.py:188} INFO - [2026-05-16T06:13:04.530+0000] {dagbag.py:538} INFO - Filling up the DagBag from /opt/airflow/dags/shopee_dags.py
[2026-05-16T06:13:04.550+0000] {processor.py:840} INFO - DAG(s) 'shopee_scraper' retrieved from /opt/airflow/dags/shopee_dags.py
[2026-05-16T06:13:04.570+0000] {logging_mixin.py:188} INFO - [2026-05-16T06:13:04.569+0000] {dag.py:3036} INFO - Sync 1 DAGs
[2026-05-16T06:13:04.630+0000] {logging_mixin.py:188} INFO - [2026-05-16T06:13:04.630+0000] {dag.py:3823} INFO - Setting next_dagrun for shopee_scraper to 2026-05-16 00:00:00+00:00, run_after=2026-05-17 00:00:00+00:00
[2026-05-16T06:13:04.706+0000] {processor.py:183} INFO - Processing /opt/airflow/dags/shopee_dags.py took 0.181 seconds
[2026-05-16T06:13:34.924+0000] {processor.py:161} INFO - Started process (PID=292) to work on /opt/airflow/dags/shopee_dags.py
[2026-05-16T06:13:34.925+0000] {processor.py:830} INFO - Processing file /opt/airflow/dags/shopee_dags.py for tasks to queue
[2026-05-16T06:13:34.927+0000] {logging_mixin.py:188} INFO - [2026-05-16T06:13:34.926+0000] {dagbag.py:538} INFO - Filling up the DagBag from /opt/airflow/dags/shopee_dags.py
[2026-05-16T06:13:34.988+0000] {processor.py:840} INFO - DAG(s) 'shopee_scraper' retrieved from /opt/airflow/dags/shopee_dags.py
[2026-05-16T06:13:35.009+0000] {logging_mixin.py:188} INFO - [2026-05-16T06:13:35.009+0000] {dag.py:3036} INFO - Sync 1 DAGs
[2026-05-16T06:13:35.041+0000] {logging_mixin.py:188} INFO - [2026-05-16T06:13:35.041+0000] {dag.py:3823} INFO - Setting next_dagrun for shopee_scraper to 2026-05-16 00:00:00+00:00, run_after=2026-05-17 00:00:00+00:00
[2026-05-16T06:13:35.085+0000] {processor.py:183} INFO - Processing /opt/airflow/dags/shopee_dags.py took 0.167 seconds
[2026-05-16T06:33:44.376+0000] {processor.py:161} INFO - Started process (PID=170) to work on /opt/airflow/dags/shopee_dags.py
[2026-05-16T06:33:44.385+0000] {processor.py:830} INFO - Processing file /opt/airflow/dags/shopee_dags.py for tasks to queue
[2026-05-16T06:33:44.389+0000] {logging_mixin.py:188} INFO - [2026-05-16T06:33:44.387+0000] {dagbag.py:538} INFO - Filling up the DagBag from /opt/airflow/dags/shopee_dags.py
[2026-05-16T06:33:44.697+0000] {processor.py:840} INFO - DAG(s) 'shopee_scraper' retrieved from /opt/airflow/dags/shopee_dags.py
[2026-05-16T06:33:44.963+0000] {logging_mixin.py:188} INFO - [2026-05-16T06:33:44.963+0000] {dag.py:3036} INFO - Sync 1 DAGs
[2026-05-16T06:33:45.175+0000] {logging_mixin.py:188} INFO - [2026-05-16T06:33:45.174+0000] {dag.py:3823} INFO - Setting next_dagrun for shopee_scraper to 2026-05-16 00:00:00+00:00, run_after=2026-05-17 00:00:00+00:00
[2026-05-16T06:33:45.278+0000] {processor.py:183} INFO - Processing /opt/airflow/dags/shopee_dags.py took 0.947 seconds
[2026-05-16T06:34:15.479+0000] {processor.py:161} INFO - Started process (PID=176) to work on /opt/airflow/dags/shopee_dags.py
[2026-05-16T06:34:15.481+0000] {processor.py:830} INFO - Processing file /opt/airflow/dags/shopee_dags.py for tasks to queue
[2026-05-16T06:34:15.483+0000] {logging_mixin.py:188} INFO - [2026-05-16T06:34:15.482+0000] {dagbag.py:538} INFO - Filling up the DagBag from /opt/airflow/dags/shopee_dags.py
[2026-05-16T06:34:15.520+0000] {processor.py:840} INFO - DAG(s) 'shopee_scraper' retrieved from /opt/airflow/dags/shopee_dags.py
[2026-05-16T06:34:15.549+0000] {logging_mixin.py:188} INFO - [2026-05-16T06:34:15.549+0000] {dag.py:3036} INFO - Sync 1 DAGs
[2026-05-16T06:34:15.632+0000] {logging_mixin.py:188} INFO - [2026-05-16T06:34:15.630+0000] {dag.py:3823} INFO - Setting next_dagrun for shopee_scraper to 2026-05-16 00:00:00+00:00, run_after=2026-05-17 00:00:00+00:00
[2026-05-16T06:34:15.689+0000] {processor.py:183} INFO - Processing /opt/airflow/dags/shopee_dags.py took 0.216 seconds
[2026-05-16T06:34:45.935+0000] {processor.py:161} INFO - Started process (PID=181) to work on /opt/airflow/dags/shopee_dags.py
[2026-05-16T06:34:45.937+0000] {processor.py:830} INFO - Processing file /opt/airflow/dags/shopee_dags.py for tasks to queue
[2026-05-16T06:34:45.939+0000] {logging_mixin.py:188} INFO - [2026-05-16T06:34:45.939+0000] {dagbag.py:538} INFO - Filling up the DagBag from /opt/airflow/dags/shopee_dags.py
[2026-05-16T06:34:45.983+0000] {processor.py:840} INFO - DAG(s) 'shopee_scraper' retrieved from /opt/airflow/dags/shopee_dags.py
[2026-05-16T06:34:46.023+0000] {logging_mixin.py:188} INFO - [2026-05-16T06:34:46.023+0000] {dag.py:3036} INFO - Sync 1 DAGs
[2026-05-16T06:34:46.065+0000] {logging_mixin.py:188} INFO - [2026-05-16T06:34:46.065+0000] {dag.py:3823} INFO - Setting next_dagrun for shopee_scraper to 2026-05-16 00:00:00+00:00, run_after=2026-05-17 00:00:00+00:00
[2026-05-16T06:34:46.098+0000] {processor.py:183} INFO - Processing /opt/airflow/dags/shopee_dags.py took 0.168 seconds
[2026-05-16T06:35:16.317+0000] {processor.py:161} INFO - Started process (PID=186) to work on /opt/airflow/dags/shopee_dags.py
[2026-05-16T06:35:16.320+0000] {processor.py:830} INFO - Processing file /opt/airflow/dags/shopee_dags.py for tasks to queue
[2026-05-16T06:35:16.322+0000] {logging_mixin.py:188} INFO - [2026-05-16T06:35:16.321+0000] {dagbag.py:538} INFO - Filling up the DagBag from /opt/airflow/dags/shopee_dags.py
[2026-05-16T06:35:16.359+0000] {processor.py:840} INFO - DAG(s) 'shopee_scraper' retrieved from /opt/airflow/dags/shopee_dags.py
[2026-05-16T06:35:16.384+0000] {logging_mixin.py:188} INFO - [2026-05-16T06:35:16.383+0000] {dag.py:3036} INFO - Sync 1 DAGs
[2026-05-16T06:35:16.432+0000] {logging_mixin.py:188} INFO - [2026-05-16T06:35:16.432+0000] {dag.py:3823} INFO - Setting next_dagrun for shopee_scraper to 2026-05-16 00:00:00+00:00, run_after=2026-05-17 00:00:00+00:00
[2026-05-16T06:35:16.465+0000] {processor.py:183} INFO - Processing /opt/airflow/dags/shopee_dags.py took 0.155 seconds
[2026-05-16T06:35:46.692+0000] {processor.py:161} INFO - Started process (PID=191) to work on /opt/airflow/dags/shopee_dags.py
[2026-05-16T06:35:46.694+0000] {processor.py:830} INFO - Processing file /opt/airflow/dags/shopee_dags.py for tasks to queue
[2026-05-16T06:35:46.695+0000] {logging_mixin.py:188} INFO - [2026-05-16T06:35:46.695+0000] {dagbag.py:538} INFO - Filling up the DagBag from /opt/airflow/dags/shopee_dags.py
[2026-05-16T06:35:46.738+0000] {processor.py:840} INFO - DAG(s) 'shopee_scraper' retrieved from /opt/airflow/dags/shopee_dags.py
[2026-05-16T06:35:46.774+0000] {logging_mixin.py:188} INFO - [2026-05-16T06:35:46.773+0000] {dag.py:3036} INFO - Sync 1 DAGs
[2026-05-16T06:35:46.841+0000] {logging_mixin.py:188} INFO - [2026-05-16T06:35:46.840+0000] {dag.py:3823} INFO - Setting next_dagrun for shopee_scraper to 2026-05-16 00:00:00+00:00, run_after=2026-05-17 00:00:00+00:00
[2026-05-16T06:35:46.877+0000] {processor.py:183} INFO - Processing /opt/airflow/dags/shopee_dags.py took 0.190 seconds
[2026-05-16T06:36:17.114+0000] {processor.py:161} INFO - Started process (PID=199) to work on /opt/airflow/dags/shopee_dags.py
[2026-05-16T06:36:17.115+0000] {processor.py:830} INFO - Processing file /opt/airflow/dags/shopee_dags.py for tasks to queue
[2026-05-16T06:36:17.117+0000] {logging_mixin.py:188} INFO - [2026-05-16T06:36:17.117+0000] {dagbag.py:538} INFO - Filling up the DagBag from /opt/airflow/dags/shopee_dags.py
[2026-05-16T06:36:17.154+0000] {processor.py:840} INFO - DAG(s) 'shopee_scraper' retrieved from /opt/airflow/dags/shopee_dags.py
[2026-05-16T06:36:17.188+0000] {logging_mixin.py:188} INFO - [2026-05-16T06:36:17.187+0000] {dag.py:3036} INFO - Sync 1 DAGs
[2026-05-16T06:36:17.272+0000] {logging_mixin.py:188} INFO - [2026-05-16T06:36:17.271+0000] {dag.py:3823} INFO - Setting next_dagrun for shopee_scraper to 2026-05-16 00:00:00+00:00, run_after=2026-05-17 00:00:00+00:00
[2026-05-16T06:36:17.310+0000] {processor.py:183} INFO - Processing /opt/airflow/dags/shopee_dags.py took 0.202 seconds
[2026-05-16T06:36:47.552+0000] {processor.py:161} INFO - Started process (PID=204) to work on /opt/airflow/dags/shopee_dags.py
[2026-05-16T06:36:47.554+0000] {processor.py:830} INFO - Processing file /opt/airflow/dags/shopee_dags.py for tasks to queue
[2026-05-16T06:36:47.557+0000] {logging_mixin.py:188} INFO - [2026-05-16T06:36:47.556+0000] {dagbag.py:538} INFO - Filling up the DagBag from /opt/airflow/dags/shopee_dags.py
[2026-05-16T06:36:47.613+0000] {processor.py:840} INFO - DAG(s) 'shopee_scraper' retrieved from /opt/airflow/dags/shopee_dags.py
[2026-05-16T06:36:47.651+0000] {logging_mixin.py:188} INFO - [2026-05-16T06:36:47.650+0000] {dag.py:3036} INFO - Sync 1 DAGs
[2026-05-16T06:36:47.700+0000] {logging_mixin.py:188} INFO - [2026-05-16T06:36:47.700+0000] {dag.py:3823} INFO - Setting next_dagrun for shopee_scraper to 2026-05-16 00:00:00+00:00, run_after=2026-05-17 00:00:00+00:00
[2026-05-16T06:36:47.740+0000] {processor.py:183} INFO - Processing /opt/airflow/dags/shopee_dags.py took 0.197 seconds
[2026-05-16T06:37:17.969+0000] {processor.py:161} INFO - Started process (PID=209) to work on /opt/airflow/dags/shopee_dags.py
[2026-05-16T06:37:17.971+0000] {processor.py:830} INFO - Processing file /opt/airflow/dags/shopee_dags.py for tasks to queue
[2026-05-16T06:37:17.973+0000] {logging_mixin.py:188} INFO - [2026-05-16T06:37:17.972+0000] {dagbag.py:538} INFO - Filling up the DagBag from /opt/airflow/dags/shopee_dags.py
[2026-05-16T06:37:18.005+0000] {processor.py:840} INFO - DAG(s) 'shopee_scraper' retrieved from /opt/airflow/dags/shopee_dags.py
[2026-05-16T06:37:18.032+0000] {logging_mixin.py:188} INFO - [2026-05-16T06:37:18.032+0000] {dag.py:3036} INFO - Sync 1 DAGs
[2026-05-16T06:37:18.071+0000] {logging_mixin.py:188} INFO - [2026-05-16T06:37:18.070+0000] {dag.py:3823} INFO - Setting next_dagrun for shopee_scraper to 2026-05-16 00:00:00+00:00, run_after=2026-05-17 00:00:00+00:00
[2026-05-16T06:37:18.101+0000] {processor.py:183} INFO - Processing /opt/airflow/dags/shopee_dags.py took 0.137 seconds
[2026-05-16T06:37:48.177+0000] {processor.py:161} INFO - Started process (PID=214) to work on /opt/airflow/dags/shopee_dags.py
[2026-05-16T06:37:48.179+0000] {processor.py:830} INFO - Processing file /opt/airflow/dags/shopee_dags.py for tasks to queue
[2026-05-16T06:37:48.182+0000] {logging_mixin.py:188} INFO - [2026-05-16T06:37:48.181+0000] {dagbag.py:538} INFO - Filling up the DagBag from /opt/airflow/dags/shopee_dags.py
[2026-05-16T06:37:48.221+0000] {processor.py:840} INFO - DAG(s) 'shopee_scraper' retrieved from /opt/airflow/dags/shopee_dags.py
[2026-05-16T06:37:48.278+0000] {logging_mixin.py:188} INFO - [2026-05-16T06:37:48.277+0000] {dag.py:3036} INFO - Sync 1 DAGs
[2026-05-16T06:37:48.362+0000] {logging_mixin.py:188} INFO - [2026-05-16T06:37:48.362+0000] {dag.py:3823} INFO - Setting next_dagrun for shopee_scraper to 2026-05-16 00:00:00+00:00, run_after=2026-05-17 00:00:00+00:00
[2026-05-16T06:37:48.414+0000] {processor.py:183} INFO - Processing /opt/airflow/dags/shopee_dags.py took 0.243 seconds
[2026-05-16T06:38:18.580+0000] {processor.py:161} INFO - Started process (PID=219) to work on /opt/airflow/dags/shopee_dags.py
[2026-05-16T06:38:18.588+0000] {processor.py:830} INFO - Processing file /opt/airflow/dags/shopee_dags.py for tasks to queue
[2026-05-16T06:38:18.593+0000] {logging_mixin.py:188} INFO - [2026-05-16T06:38:18.592+0000] {dagbag.py:538} INFO - Filling up the DagBag from /opt/airflow/dags/shopee_dags.py
[2026-05-16T06:38:18.759+0000] {processor.py:840} INFO - DAG(s) 'shopee_scraper' retrieved from /opt/airflow/dags/shopee_dags.py
[2026-05-16T06:38:18.796+0000] {logging_mixin.py:188} INFO - [2026-05-16T06:38:18.796+0000] {dag.py:3036} INFO - Sync 1 DAGs
[2026-05-16T06:38:18.902+0000] {logging_mixin.py:188} INFO - [2026-05-16T06:38:18.901+0000] {dag.py:3823} INFO - Setting next_dagrun for shopee_scraper to 2026-05-16 00:00:00+00:00, run_after=2026-05-17 00:00:00+00:00
[2026-05-16T06:38:18.970+0000] {processor.py:183} INFO - Processing /opt/airflow/dags/shopee_dags.py took 0.428 seconds
[2026-05-16T06:38:49.261+0000] {processor.py:161} INFO - Started process (PID=224) to work on /opt/airflow/dags/shopee_dags.py
[2026-05-16T06:38:49.264+0000] {processor.py:830} INFO - Processing file /opt/airflow/dags/shopee_dags.py for tasks to queue
[2026-05-16T06:38:49.267+0000] {logging_mixin.py:188} INFO - [2026-05-16T06:38:49.266+0000] {dagbag.py:538} INFO - Filling up the DagBag from /opt/airflow/dags/shopee_dags.py
[2026-05-16T06:38:49.303+0000] {processor.py:840} INFO - DAG(s) 'shopee_scraper' retrieved from /opt/airflow/dags/shopee_dags.py
[2026-05-16T06:38:49.332+0000] {logging_mixin.py:188} INFO - [2026-05-16T06:38:49.331+0000] {dag.py:3036} INFO - Sync 1 DAGs
[2026-05-16T06:38:49.375+0000] {logging_mixin.py:188} INFO - [2026-05-16T06:38:49.375+0000] {dag.py:3823} INFO - Setting next_dagrun for shopee_scraper to 2026-05-16 00:00:00+00:00, run_after=2026-05-17 00:00:00+00:00
[2026-05-16T06:38:49.413+0000] {processor.py:183} INFO - Processing /opt/airflow/dags/shopee_dags.py took 0.157 seconds
[2026-05-16T06:39:19.643+0000] {processor.py:161} INFO - Started process (PID=229) to work on /opt/airflow/dags/shopee_dags.py
[2026-05-16T06:39:19.645+0000] {processor.py:830} INFO - Processing file /opt/airflow/dags/shopee_dags.py for tasks to queue
[2026-05-16T06:39:19.647+0000] {logging_mixin.py:188} INFO - [2026-05-16T06:39:19.646+0000] {dagbag.py:538} INFO - Filling up the DagBag from /opt/airflow/dags/shopee_dags.py
[2026-05-16T06:39:19.691+0000] {processor.py:840} INFO - DAG(s) 'shopee_scraper' retrieved from /opt/airflow/dags/shopee_dags.py
[2026-05-16T06:39:19.728+0000] {logging_mixin.py:188} INFO - [2026-05-16T06:39:19.727+0000] {dag.py:3036} INFO - Sync 1 DAGs
[2026-05-16T06:39:19.845+0000] {logging_mixin.py:188} INFO - [2026-05-16T06:39:19.844+0000] {dag.py:3823} INFO - Setting next_dagrun for shopee_scraper to 2026-05-16 00:00:00+00:00, run_after=2026-05-17 00:00:00+00:00
[2026-05-16T06:39:19.908+0000] {processor.py:183} INFO - Processing /opt/airflow/dags/shopee_dags.py took 0.273 seconds
[2026-05-16T06:39:49.978+0000] {processor.py:161} INFO - Started process (PID=234) to work on /opt/airflow/dags/shopee_dags.py
[2026-05-16T06:39:49.980+0000] {processor.py:830} INFO - Processing file /opt/airflow/dags/shopee_dags.py for tasks to queue
[2026-05-16T06:39:49.981+0000] {logging_mixin.py:188} INFO - [2026-05-16T06:39:49.981+0000] {dagbag.py:538} INFO - Filling up the DagBag from /opt/airflow/dags/shopee_dags.py
[2026-05-16T06:39:50.016+0000] {processor.py:840} INFO - DAG(s) 'shopee_scraper' retrieved from /opt/airflow/dags/shopee_dags.py
[2026-05-16T06:39:50.046+0000] {logging_mixin.py:188} INFO - [2026-05-16T06:39:50.045+0000] {dag.py:3036} INFO - Sync 1 DAGs
[2026-05-16T06:39:50.092+0000] {logging_mixin.py:188} INFO - [2026-05-16T06:39:50.092+0000] {dag.py:3823} INFO - Setting next_dagrun for shopee_scraper to 2026-05-16 00:00:00+00:00, run_after=2026-05-17 00:00:00+00:00
[2026-05-16T06:39:50.127+0000] {processor.py:183} INFO - Processing /opt/airflow/dags/shopee_dags.py took 0.155 seconds
[2026-05-16T06:40:20.192+0000] {processor.py:161} INFO - Started process (PID=239) to work on /opt/airflow/dags/shopee_dags.py
[2026-05-16T06:40:20.193+0000] {processor.py:830} INFO - Processing file /opt/airflow/dags/shopee_dags.py for tasks to queue
[2026-05-16T06:40:20.195+0000] {logging_mixin.py:188} INFO - [2026-05-16T06:40:20.194+0000] {dagbag.py:538} INFO - Filling up the DagBag from /opt/airflow/dags/shopee_dags.py
[2026-05-16T06:40:20.228+0000] {processor.py:840} INFO - DAG(s) 'shopee_scraper' retrieved from /opt/airflow/dags/shopee_dags.py
[2026-05-16T06:40:20.250+0000] {logging_mixin.py:188} INFO - [2026-05-16T06:40:20.249+0000] {dag.py:3036} INFO - Sync 1 DAGs
[2026-05-16T06:40:20.290+0000] {logging_mixin.py:188} INFO - [2026-05-16T06:40:20.289+0000] {dag.py:3823} INFO - Setting next_dagrun for shopee_scraper to 2026-05-16 00:00:00+00:00, run_after=2026-05-17 00:00:00+00:00
[2026-05-16T06:40:20.320+0000] {processor.py:183} INFO - Processing /opt/airflow/dags/shopee_dags.py took 0.134 seconds
[2026-05-16T06:40:50.558+0000] {processor.py:161} INFO - Started process (PID=244) to work on /opt/airflow/dags/shopee_dags.py
[2026-05-16T06:40:50.561+0000] {processor.py:830} INFO - Processing file /opt/airflow/dags/shopee_dags.py for tasks to queue
[2026-05-16T06:40:50.562+0000] {logging_mixin.py:188} INFO - [2026-05-16T06:40:50.562+0000] {dagbag.py:538} INFO - Filling up the DagBag from /opt/airflow/dags/shopee_dags.py
[2026-05-16T06:40:50.594+0000] {processor.py:840} INFO - DAG(s) 'shopee_scraper' retrieved from /opt/airflow/dags/shopee_dags.py
[2026-05-16T06:40:50.616+0000] {logging_mixin.py:188} INFO - [2026-05-16T06:40:50.616+0000] {dag.py:3036} INFO - Sync 1 DAGs
[2026-05-16T06:40:50.654+0000] {logging_mixin.py:188} INFO - [2026-05-16T06:40:50.653+0000] {dag.py:3823} INFO - Setting next_dagrun for shopee_scraper to 2026-05-16 00:00:00+00:00, run_after=2026-05-17 00:00:00+00:00
[2026-05-16T06:40:50.688+0000] {processor.py:183} INFO - Processing /opt/airflow/dags/shopee_dags.py took 0.134 seconds
[2026-05-16T06:41:20.782+0000] {processor.py:161} INFO - Started process (PID=252) to work on /opt/airflow/dags/shopee_dags.py
[2026-05-16T06:41:20.783+0000] {processor.py:830} INFO - Processing file /opt/airflow/dags/shopee_dags.py for tasks to queue
[2026-05-16T06:41:20.785+0000] {logging_mixin.py:188} INFO - [2026-05-16T06:41:20.785+0000] {dagbag.py:538} INFO - Filling up the DagBag from /opt/airflow/dags/shopee_dags.py
[2026-05-16T06:41:20.820+0000] {processor.py:840} INFO - DAG(s) 'shopee_scraper' retrieved from /opt/airflow/dags/shopee_dags.py
[2026-05-16T06:41:20.848+0000] {logging_mixin.py:188} INFO - [2026-05-16T06:41:20.847+0000] {dag.py:3036} INFO - Sync 1 DAGs
[2026-05-16T06:41:20.897+0000] {logging_mixin.py:188} INFO - [2026-05-16T06:41:20.897+0000] {dag.py:3823} INFO - Setting next_dagrun for shopee_scraper to 2026-05-16 00:00:00+00:00, run_after=2026-05-17 00:00:00+00:00
[2026-05-16T06:41:20.931+0000] {processor.py:183} INFO - Processing /opt/airflow/dags/shopee_dags.py took 0.156 seconds
[2026-05-16T06:41:51.105+0000] {processor.py:161} INFO - Started process (PID=257) to work on /opt/airflow/dags/shopee_dags.py
[2026-05-16T06:41:51.106+0000] {processor.py:830} INFO - Processing file /opt/airflow/dags/shopee_dags.py for tasks to queue
[2026-05-16T06:41:51.108+0000] {logging_mixin.py:188} INFO - [2026-05-16T06:41:51.107+0000] {dagbag.py:538} INFO - Filling up the DagBag from /opt/airflow/dags/shopee_dags.py
[2026-05-16T06:41:51.144+0000] {processor.py:840} INFO - DAG(s) 'shopee_scraper' retrieved from /opt/airflow/dags/shopee_dags.py
[2026-05-16T06:41:51.171+0000] {logging_mixin.py:188} INFO - [2026-05-16T06:41:51.170+0000] {dag.py:3036} INFO - Sync 1 DAGs
[2026-05-16T06:41:51.218+0000] {logging_mixin.py:188} INFO - [2026-05-16T06:41:51.217+0000] {dag.py:3823} INFO - Setting next_dagrun for shopee_scraper to 2026-05-16 00:00:00+00:00, run_after=2026-05-17 00:00:00+00:00
[2026-05-16T06:41:51.251+0000] {processor.py:183} INFO - Processing /opt/airflow/dags/shopee_dags.py took 0.151 seconds
[2026-05-16T06:42:21.342+0000] {processor.py:161} INFO - Started process (PID=262) to work on /opt/airflow/dags/shopee_dags.py
[2026-05-16T06:42:21.343+0000] {processor.py:830} INFO - Processing file /opt/airflow/dags/shopee_dags.py for tasks to queue
[2026-05-16T06:42:21.345+0000] {logging_mixin.py:188} INFO - [2026-05-16T06:42:21.344+0000] {dagbag.py:538} INFO - Filling up the DagBag from /opt/airflow/dags/shopee_dags.py
[2026-05-16T06:42:21.372+0000] {processor.py:840} INFO - DAG(s) 'shopee_scraper' retrieved from /opt/airflow/dags/shopee_dags.py
[2026-05-16T06:42:21.392+0000] {logging_mixin.py:188} INFO - [2026-05-16T06:42:21.391+0000] {dag.py:3036} INFO - Sync 1 DAGs
[2026-05-16T06:42:21.431+0000] {logging_mixin.py:188} INFO - [2026-05-16T06:42:21.430+0000] {dag.py:3823} INFO - Setting next_dagrun for shopee_scraper to 2026-05-16 00:00:00+00:00, run_after=2026-05-17 00:00:00+00:00
[2026-05-16T06:42:21.463+0000] {processor.py:183} INFO - Processing /opt/airflow/dags/shopee_dags.py took 0.126 seconds
[2026-05-16T06:42:51.642+0000] {processor.py:161} INFO - Started process (PID=267) to work on /opt/airflow/dags/shopee_dags.py
[2026-05-16T06:42:51.643+0000] {processor.py:830} INFO - Processing file /opt/airflow/dags/shopee_dags.py for tasks to queue
[2026-05-16T06:42:51.645+0000] {logging_mixin.py:188} INFO - [2026-05-16T06:42:51.644+0000] {dagbag.py:538} INFO - Filling up the DagBag from /opt/airflow/dags/shopee_dags.py
[2026-05-16T06:42:51.670+0000] {processor.py:840} INFO - DAG(s) 'shopee_scraper' retrieved from /opt/airflow/dags/shopee_dags.py
[2026-05-16T06:42:51.696+0000] {logging_mixin.py:188} INFO - [2026-05-16T06:42:51.695+0000] {dag.py:3036} INFO - Sync 1 DAGs
[2026-05-16T06:42:51.754+0000] {logging_mixin.py:188} INFO - [2026-05-16T06:42:51.753+0000] {dag.py:3823} INFO - Setting next_dagrun for shopee_scraper to 2026-05-16 00:00:00+00:00, run_after=2026-05-17 00:00:00+00:00
[2026-05-16T06:42:51.794+0000] {processor.py:183} INFO - Processing /opt/airflow/dags/shopee_dags.py took 0.155 seconds
[2026-05-16T06:43:22.013+0000] {processor.py:161} INFO - Started process (PID=272) to work on /opt/airflow/dags/shopee_dags.py
[2026-05-16T06:43:22.014+0000] {processor.py:830} INFO - Processing file /opt/airflow/dags/shopee_dags.py for tasks to queue
[2026-05-16T06:43:22.017+0000] {logging_mixin.py:188} INFO - [2026-05-16T06:43:22.016+0000] {dagbag.py:538} INFO - Filling up the DagBag from /opt/airflow/dags/shopee_dags.py
[2026-05-16T06:43:22.050+0000] {processor.py:840} INFO - DAG(s) 'shopee_scraper' retrieved from /opt/airflow/dags/shopee_dags.py
[2026-05-16T06:43:22.073+0000] {logging_mixin.py:188} INFO - [2026-05-16T06:43:22.073+0000] {dag.py:3036} INFO - Sync 1 DAGs
[2026-05-16T06:43:22.125+0000] {logging_mixin.py:188} INFO - [2026-05-16T06:43:22.125+0000] {dag.py:3823} INFO - Setting next_dagrun for shopee_scraper to 2026-05-16 00:00:00+00:00, run_after=2026-05-17 00:00:00+00:00
[2026-05-16T06:43:22.170+0000] {processor.py:183} INFO - Processing /opt/airflow/dags/shopee_dags.py took 0.162 seconds
[2026-05-16T06:43:52.307+0000] {processor.py:161} INFO - Started process (PID=277) to work on /opt/airflow/dags/shopee_dags.py
[2026-05-16T06:43:52.309+0000] {processor.py:830} INFO - Processing file /opt/airflow/dags/shopee_dags.py for tasks to queue
[2026-05-16T06:43:52.311+0000] {logging_mixin.py:188} INFO - [2026-05-16T06:43:52.310+0000] {dagbag.py:538} INFO - Filling up the DagBag from /opt/airflow/dags/shopee_dags.py
[2026-05-16T06:43:52.349+0000] {processor.py:840} INFO - DAG(s) 'shopee_scraper' retrieved from /opt/airflow/dags/shopee_dags.py
[2026-05-16T06:43:52.374+0000] {logging_mixin.py:188} INFO - [2026-05-16T06:43:52.373+0000] {dag.py:3036} INFO - Sync 1 DAGs
[2026-05-16T06:43:52.421+0000] {logging_mixin.py:188} INFO - [2026-05-16T06:43:52.421+0000] {dag.py:3823} INFO - Setting next_dagrun for shopee_scraper to 2026-05-16 00:00:00+00:00, run_after=2026-05-17 00:00:00+00:00
[2026-05-16T06:43:52.464+0000] {processor.py:183} INFO - Processing /opt/airflow/dags/shopee_dags.py took 0.161 seconds
[2026-05-16T06:44:22.624+0000] {processor.py:161} INFO - Started process (PID=282) to work on /opt/airflow/dags/shopee_dags.py
[2026-05-16T06:44:22.625+0000] {processor.py:830} INFO - Processing file /opt/airflow/dags/shopee_dags.py for tasks to queue
[2026-05-16T06:44:22.627+0000] {logging_mixin.py:188} INFO - [2026-05-16T06:44:22.626+0000] {dagbag.py:538} INFO - Filling up the DagBag from /opt/airflow/dags/shopee_dags.py
[2026-05-16T06:44:22.653+0000] {processor.py:840} INFO - DAG(s) 'shopee_scraper' retrieved from /opt/airflow/dags/shopee_dags.py
[2026-05-16T06:44:22.675+0000] {logging_mixin.py:188} INFO - [2026-05-16T06:44:22.675+0000] {dag.py:3036} INFO - Sync 1 DAGs
[2026-05-16T06:44:22.715+0000] {logging_mixin.py:188} INFO - [2026-05-16T06:44:22.714+0000] {dag.py:3823} INFO - Setting next_dagrun for shopee_scraper to 2026-05-16 00:00:00+00:00, run_after=2026-05-17 00:00:00+00:00
[2026-05-16T06:44:22.743+0000] {processor.py:183} INFO - Processing /opt/airflow/dags/shopee_dags.py took 0.124 seconds
[2026-05-16T06:44:52.875+0000] {processor.py:161} INFO - Started process (PID=287) to work on /opt/airflow/dags/shopee_dags.py
[2026-05-16T06:44:52.876+0000] {processor.py:830} INFO - Processing file /opt/airflow/dags/shopee_dags.py for tasks to queue
[2026-05-16T06:44:52.877+0000] {logging_mixin.py:188} INFO - [2026-05-16T06:44:52.877+0000] {dagbag.py:538} INFO - Filling up the DagBag from /opt/airflow/dags/shopee_dags.py
[2026-05-16T06:44:52.911+0000] {processor.py:840} INFO - DAG(s) 'shopee_scraper' retrieved from /opt/airflow/dags/shopee_dags.py
[2026-05-16T06:44:52.946+0000] {logging_mixin.py:188} INFO - [2026-05-16T06:44:52.946+0000] {dag.py:3036} INFO - Sync 1 DAGs
[2026-05-16T06:44:53.000+0000] {logging_mixin.py:188} INFO - [2026-05-16T06:44:52.999+0000] {dag.py:3823} INFO - Setting next_dagrun for shopee_scraper to 2026-05-16 00:00:00+00:00, run_after=2026-05-17 00:00:00+00:00
[2026-05-16T06:44:53.047+0000] {processor.py:183} INFO - Processing /opt/airflow/dags/shopee_dags.py took 0.177 seconds
[2026-05-16T06:45:23.191+0000] {processor.py:161} INFO - Started process (PID=292) to work on /opt/airflow/dags/shopee_dags.py
[2026-05-16T06:45:23.192+0000] {processor.py:830} INFO - Processing file /opt/airflow/dags/shopee_dags.py for tasks to queue
[2026-05-16T06:45:23.194+0000] {logging_mixin.py:188} INFO - [2026-05-16T06:45:23.194+0000] {dagbag.py:538} INFO - Filling up the DagBag from /opt/airflow/dags/shopee_dags.py
[2026-05-16T06:45:23.227+0000] {processor.py:840} INFO - DAG(s) 'shopee_scraper' retrieved from /opt/airflow/dags/shopee_dags.py
[2026-05-16T06:45:23.253+0000] {logging_mixin.py:188} INFO - [2026-05-16T06:45:23.252+0000] {dag.py:3036} INFO - Sync 1 DAGs
[2026-05-16T06:45:23.311+0000] {logging_mixin.py:188} INFO - [2026-05-16T06:45:23.310+0000] {dag.py:3823} INFO - Setting next_dagrun for shopee_scraper to 2026-05-16 00:00:00+00:00, run_after=2026-05-17 00:00:00+00:00
[2026-05-16T06:45:23.358+0000] {processor.py:183} INFO - Processing /opt/airflow/dags/shopee_dags.py took 0.172 seconds
[2026-05-16T06:45:53.481+0000] {processor.py:161} INFO - Started process (PID=297) to work on /opt/airflow/dags/shopee_dags.py
[2026-05-16T06:45:53.482+0000] {processor.py:830} INFO - Processing file /opt/airflow/dags/shopee_dags.py for tasks to queue
[2026-05-16T06:45:53.484+0000] {logging_mixin.py:188} INFO - [2026-05-16T06:45:53.484+0000] {dagbag.py:538} INFO - Filling up the DagBag from /opt/airflow/dags/shopee_dags.py
[2026-05-16T06:45:53.523+0000] {processor.py:840} INFO - DAG(s) 'shopee_scraper' retrieved from /opt/airflow/dags/shopee_dags.py
[2026-05-16T06:45:53.557+0000] {logging_mixin.py:188} INFO - [2026-05-16T06:45:53.557+0000] {dag.py:3036} INFO - Sync 1 DAGs
[2026-05-16T06:45:53.608+0000] {logging_mixin.py:188} INFO - [2026-05-16T06:45:53.607+0000] {dag.py:3823} INFO - Setting next_dagrun for shopee_scraper to 2026-05-16 00:00:00+00:00, run_after=2026-05-17 00:00:00+00:00
[2026-05-16T06:45:53.658+0000] {processor.py:183} INFO - Processing /opt/airflow/dags/shopee_dags.py took 0.183 seconds
[2026-05-16T06:46:23.790+0000] {processor.py:161} INFO - Started process (PID=302) to work on /opt/airflow/dags/shopee_dags.py
[2026-05-16T06:46:23.791+0000] {processor.py:830} INFO - Processing file /opt/airflow/dags/shopee_dags.py for tasks to queue
[2026-05-16T06:46:23.793+0000] {logging_mixin.py:188} INFO - [2026-05-16T06:46:23.793+0000] {dagbag.py:538} INFO - Filling up the DagBag from /opt/airflow/dags/shopee_dags.py
[2026-05-16T06:46:23.824+0000] {processor.py:840} INFO - DAG(s) 'shopee_scraper' retrieved from /opt/airflow/dags/shopee_dags.py
[2026-05-16T06:46:23.846+0000] {logging_mixin.py:188} INFO - [2026-05-16T06:46:23.845+0000] {dag.py:3036} INFO - Sync 1 DAGs
[2026-05-16T06:46:23.881+0000] {logging_mixin.py:188} INFO - [2026-05-16T06:46:23.881+0000] {dag.py:3823} INFO - Setting next_dagrun for shopee_scraper to 2026-05-16 00:00:00+00:00, run_after=2026-05-17 00:00:00+00:00
[2026-05-16T06:46:23.911+0000] {processor.py:183} INFO - Processing /opt/airflow/dags/shopee_dags.py took 0.128 seconds
[2026-05-16T06:46:54.067+0000] {processor.py:161} INFO - Started process (PID=307) to work on /opt/airflow/dags/shopee_dags.py
[2026-05-16T06:46:54.068+0000] {processor.py:830} INFO - Processing file /opt/airflow/dags/shopee_dags.py for tasks to queue
[2026-05-16T06:46:54.070+0000] {logging_mixin.py:188} INFO - [2026-05-16T06:46:54.069+0000] {dagbag.py:538} INFO - Filling up the DagBag from /opt/airflow/dags/shopee_dags.py
[2026-05-16T06:46:54.101+0000] {processor.py:840} INFO - DAG(s) 'shopee_scraper' retrieved from /opt/airflow/dags/shopee_dags.py
[2026-05-16T06:46:54.124+0000] {logging_mixin.py:188} INFO - [2026-05-16T06:46:54.123+0000] {dag.py:3036} INFO - Sync 1 DAGs
[2026-05-16T06:46:54.178+0000] {logging_mixin.py:188} INFO - [2026-05-16T06:46:54.178+0000] {dag.py:3823} INFO - Setting next_dagrun for shopee_scraper to 2026-05-16 00:00:00+00:00, run_after=2026-05-17 00:00:00+00:00
[2026-05-16T06:46:54.233+0000] {processor.py:183} INFO - Processing /opt/airflow/dags/shopee_dags.py took 0.172 seconds
[2026-05-16T06:47:24.314+0000] {processor.py:161} INFO - Started process (PID=312) to work on /opt/airflow/dags/shopee_dags.py
[2026-05-16T06:47:24.316+0000] {processor.py:830} INFO - Processing file /opt/airflow/dags/shopee_dags.py for tasks to queue
[2026-05-16T06:47:24.319+0000] {logging_mixin.py:188} INFO - [2026-05-16T06:47:24.318+0000] {dagbag.py:538} INFO - Filling up the DagBag from /opt/airflow/dags/shopee_dags.py
[2026-05-16T06:47:24.366+0000] {processor.py:840} INFO - DAG(s) 'shopee_scraper' retrieved from /opt/airflow/dags/shopee_dags.py
[2026-05-16T06:47:24.401+0000] {logging_mixin.py:188} INFO - [2026-05-16T06:47:24.401+0000] {dag.py:3036} INFO - Sync 1 DAGs
[2026-05-16T06:47:24.465+0000] {logging_mixin.py:188} INFO - [2026-05-16T06:47:24.465+0000] {dag.py:3823} INFO - Setting next_dagrun for shopee_scraper to 2026-05-16 00:00:00+00:00, run_after=2026-05-17 00:00:00+00:00
[2026-05-16T06:47:24.509+0000] {processor.py:183} INFO - Processing /opt/airflow/dags/shopee_dags.py took 0.201 seconds
[2026-05-16T06:47:54.653+0000] {processor.py:161} INFO - Started process (PID=317) to work on /opt/airflow/dags/shopee_dags.py
[2026-05-16T06:47:54.663+0000] {processor.py:830} INFO - Processing file /opt/airflow/dags/shopee_dags.py for tasks to queue
[2026-05-16T06:47:54.665+0000] {logging_mixin.py:188} INFO - [2026-05-16T06:47:54.664+0000] {dagbag.py:538} INFO - Filling up the DagBag from /opt/airflow/dags/shopee_dags.py
[2026-05-16T06:47:54.699+0000] {processor.py:840} INFO - DAG(s) 'shopee_scraper' retrieved from /opt/airflow/dags/shopee_dags.py
[2026-05-16T06:47:54.727+0000] {logging_mixin.py:188} INFO - [2026-05-16T06:47:54.727+0000] {dag.py:3036} INFO - Sync 1 DAGs
[2026-05-16T06:47:54.781+0000] {logging_mixin.py:188} INFO - [2026-05-16T06:47:54.780+0000] {dag.py:3823} INFO - Setting next_dagrun for shopee_scraper to 2026-05-16 00:00:00+00:00, run_after=2026-05-17 00:00:00+00:00
[2026-05-16T06:47:54.844+0000] {processor.py:183} INFO - Processing /opt/airflow/dags/shopee_dags.py took 0.196 seconds
[2026-05-16T06:48:25.125+0000] {processor.py:161} INFO - Started process (PID=322) to work on /opt/airflow/dags/shopee_dags.py
[2026-05-16T06:48:25.127+0000] {processor.py:830} INFO - Processing file /opt/airflow/dags/shopee_dags.py for tasks to queue
[2026-05-16T06:48:25.128+0000] {logging_mixin.py:188} INFO - [2026-05-16T06:48:25.128+0000] {dagbag.py:538} INFO - Filling up the DagBag from /opt/airflow/dags/shopee_dags.py
[2026-05-16T06:48:25.159+0000] {processor.py:840} INFO - DAG(s) 'shopee_scraper' retrieved from /opt/airflow/dags/shopee_dags.py
[2026-05-16T06:48:25.193+0000] {logging_mixin.py:188} INFO - [2026-05-16T06:48:25.192+0000] {dag.py:3036} INFO - Sync 1 DAGs
[2026-05-16T06:48:25.244+0000] {logging_mixin.py:188} INFO - [2026-05-16T06:48:25.243+0000] {dag.py:3823} INFO - Setting next_dagrun for shopee_scraper to 2026-05-16 00:00:00+00:00, run_after=2026-05-17 00:00:00+00:00
[2026-05-16T06:48:25.278+0000] {processor.py:183} INFO - Processing /opt/airflow/dags/shopee_dags.py took 0.160 seconds
[2026-05-16T06:48:55.364+0000] {processor.py:161} INFO - Started process (PID=327) to work on /opt/airflow/dags/shopee_dags.py
[2026-05-16T06:48:55.365+0000] {processor.py:830} INFO - Processing file /opt/airflow/dags/shopee_dags.py for tasks to queue
[2026-05-16T06:48:55.366+0000] {logging_mixin.py:188} INFO - [2026-05-16T06:48:55.366+0000] {dagbag.py:538} INFO - Filling up the DagBag from /opt/airflow/dags/shopee_dags.py
[2026-05-16T06:48:55.407+0000] {processor.py:840} INFO - DAG(s) 'shopee_scraper' retrieved from /opt/airflow/dags/shopee_dags.py
[2026-05-16T06:48:55.434+0000] {logging_mixin.py:188} INFO - [2026-05-16T06:48:55.434+0000] {dag.py:3036} INFO - Sync 1 DAGs
[2026-05-16T06:48:55.476+0000] {logging_mixin.py:188} INFO - [2026-05-16T06:48:55.475+0000] {dag.py:3823} INFO - Setting next_dagrun for shopee_scraper to 2026-05-16 00:00:00+00:00, run_after=2026-05-17 00:00:00+00:00
[2026-05-16T06:48:55.510+0000] {processor.py:183} INFO - Processing /opt/airflow/dags/shopee_dags.py took 0.150 seconds
[2026-05-16T06:49:25.701+0000] {processor.py:161} INFO - Started process (PID=332) to work on /opt/airflow/dags/shopee_dags.py
[2026-05-16T06:49:25.702+0000] {processor.py:830} INFO - Processing file /opt/airflow/dags/shopee_dags.py for tasks to queue
[2026-05-16T06:49:25.704+0000] {logging_mixin.py:188} INFO - [2026-05-16T06:49:25.703+0000] {dagbag.py:538} INFO - Filling up the DagBag from /opt/airflow/dags/shopee_dags.py
[2026-05-16T06:49:25.734+0000] {processor.py:840} INFO - DAG(s) 'shopee_scraper' retrieved from /opt/airflow/dags/shopee_dags.py
[2026-05-16T06:49:25.762+0000] {logging_mixin.py:188} INFO - [2026-05-16T06:49:25.762+0000] {dag.py:3036} INFO - Sync 1 DAGs
[2026-05-16T06:49:25.813+0000] {logging_mixin.py:188} INFO - [2026-05-16T06:49:25.813+0000] {dag.py:3823} INFO - Setting next_dagrun for shopee_scraper to 2026-05-16 00:00:00+00:00, run_after=2026-05-17 00:00:00+00:00
[2026-05-16T06:49:25.849+0000] {processor.py:183} INFO - Processing /opt/airflow/dags/shopee_dags.py took 0.152 seconds
[2026-05-16T06:49:55.919+0000] {processor.py:161} INFO - Started process (PID=337) to work on /opt/airflow/dags/shopee_dags.py
[2026-05-16T06:49:55.921+0000] {processor.py:830} INFO - Processing file /opt/airflow/dags/shopee_dags.py for tasks to queue
[2026-05-16T06:49:55.922+0000] {logging_mixin.py:188} INFO - [2026-05-16T06:49:55.922+0000] {dagbag.py:538} INFO - Filling up the DagBag from /opt/airflow/dags/shopee_dags.py
[2026-05-16T06:49:55.959+0000] {processor.py:840} INFO - DAG(s) 'shopee_scraper' retrieved from /opt/airflow/dags/shopee_dags.py
[2026-05-16T06:49:55.983+0000] {logging_mixin.py:188} INFO - [2026-05-16T06:49:55.983+0000] {dag.py:3036} INFO - Sync 1 DAGs
[2026-05-16T06:49:56.019+0000] {logging_mixin.py:188} INFO - [2026-05-16T06:49:56.018+0000] {dag.py:3823} INFO - Setting next_dagrun for shopee_scraper to 2026-05-16 00:00:00+00:00, run_after=2026-05-17 00:00:00+00:00
[2026-05-16T06:49:56.045+0000] {processor.py:183} INFO - Processing /opt/airflow/dags/shopee_dags.py took 0.131 seconds
[2026-05-16T06:50:26.257+0000] {processor.py:161} INFO - Started process (PID=342) to work on /opt/airflow/dags/shopee_dags.py
[2026-05-16T06:50:26.258+0000] {processor.py:830} INFO - Processing file /opt/airflow/dags/shopee_dags.py for tasks to queue
[2026-05-16T06:50:26.259+0000] {logging_mixin.py:188} INFO - [2026-05-16T06:50:26.258+0000] {dagbag.py:538} INFO - Filling up the DagBag from /opt/airflow/dags/shopee_dags.py
[2026-05-16T06:50:26.285+0000] {processor.py:840} INFO - DAG(s) 'shopee_scraper' retrieved from /opt/airflow/dags/shopee_dags.py
[2026-05-16T06:50:26.308+0000] {logging_mixin.py:188} INFO - [2026-05-16T06:50:26.308+0000] {dag.py:3036} INFO - Sync 1 DAGs
[2026-05-16T06:50:26.351+0000] {logging_mixin.py:188} INFO - [2026-05-16T06:50:26.351+0000] {dag.py:3823} INFO - Setting next_dagrun for shopee_scraper to 2026-05-16 00:00:00+00:00, run_after=2026-05-17 00:00:00+00:00
[2026-05-16T06:50:26.401+0000] {processor.py:183} INFO - Processing /opt/airflow/dags/shopee_dags.py took 0.148 seconds
[2026-05-16T06:50:56.478+0000] {processor.py:161} INFO - Started process (PID=347) to work on /opt/airflow/dags/shopee_dags.py
[2026-05-16T06:50:56.479+0000] {processor.py:830} INFO - Processing file /opt/airflow/dags/shopee_dags.py for tasks to queue
[2026-05-16T06:50:56.480+0000] {logging_mixin.py:188} INFO - [2026-05-16T06:50:56.480+0000] {dagbag.py:538} INFO - Filling up the DagBag from /opt/airflow/dags/shopee_dags.py
[2026-05-16T06:50:56.517+0000] {processor.py:840} INFO - DAG(s) 'shopee_scraper' retrieved from /opt/airflow/dags/shopee_dags.py
[2026-05-16T06:50:56.543+0000] {logging_mixin.py:188} INFO - [2026-05-16T06:50:56.543+0000] {dag.py:3036} INFO - Sync 1 DAGs
[2026-05-16T06:50:56.586+0000] {logging_mixin.py:188} INFO - [2026-05-16T06:50:56.585+0000] {dag.py:3823} INFO - Setting next_dagrun for shopee_scraper to 2026-05-16 00:00:00+00:00, run_after=2026-05-17 00:00:00+00:00
[2026-05-16T06:50:56.617+0000] {processor.py:183} INFO - Processing /opt/airflow/dags/shopee_dags.py took 0.144 seconds
[2026-05-16T06:51:26.817+0000] {processor.py:161} INFO - Started process (PID=352) to work on /opt/airflow/dags/shopee_dags.py
[2026-05-16T06:51:26.818+0000] {processor.py:830} INFO - Processing file /opt/airflow/dags/shopee_dags.py for tasks to queue
[2026-05-16T06:51:26.819+0000] {logging_mixin.py:188} INFO - [2026-05-16T06:51:26.819+0000] {dagbag.py:538} INFO - Filling up the DagBag from /opt/airflow/dags/shopee_dags.py
[2026-05-16T06:51:26.859+0000] {processor.py:840} INFO - DAG(s) 'shopee_scraper' retrieved from /opt/airflow/dags/shopee_dags.py
[2026-05-16T06:51:26.887+0000] {logging_mixin.py:188} INFO - [2026-05-16T06:51:26.886+0000] {dag.py:3036} INFO - Sync 1 DAGs
[2026-05-16T06:51:26.932+0000] {logging_mixin.py:188} INFO - [2026-05-16T06:51:26.932+0000] {dag.py:3823} INFO - Setting next_dagrun for shopee_scraper to 2026-05-16 00:00:00+00:00, run_after=2026-05-17 00:00:00+00:00
[2026-05-16T06:51:26.967+0000] {processor.py:183} INFO - Processing /opt/airflow/dags/shopee_dags.py took 0.154 seconds
[2026-05-16T06:51:57.024+0000] {processor.py:161} INFO - Started process (PID=357) to work on /opt/airflow/dags/shopee_dags.py
[2026-05-16T06:51:57.025+0000] {processor.py:830} INFO - Processing file /opt/airflow/dags/shopee_dags.py for tasks to queue
[2026-05-16T06:51:57.026+0000] {logging_mixin.py:188} INFO - [2026-05-16T06:51:57.026+0000] {dagbag.py:538} INFO - Filling up the DagBag from /opt/airflow/dags/shopee_dags.py
[2026-05-16T06:51:57.056+0000] {processor.py:840} INFO - DAG(s) 'shopee_scraper' retrieved from /opt/airflow/dags/shopee_dags.py
[2026-05-16T06:51:57.083+0000] {logging_mixin.py:188} INFO - [2026-05-16T06:51:57.082+0000] {dag.py:3036} INFO - Sync 1 DAGs
[2026-05-16T06:51:57.122+0000] {logging_mixin.py:188} INFO - [2026-05-16T06:51:57.122+0000] {dag.py:3823} INFO - Setting next_dagrun for shopee_scraper to 2026-05-16 00:00:00+00:00, run_after=2026-05-17 00:00:00+00:00
[2026-05-16T06:51:57.157+0000] {processor.py:183} INFO - Processing /opt/airflow/dags/shopee_dags.py took 0.138 seconds
[2026-05-16T06:52:27.411+0000] {processor.py:161} INFO - Started process (PID=362) to work on /opt/airflow/dags/shopee_dags.py
[2026-05-16T06:52:27.412+0000] {processor.py:830} INFO - Processing file /opt/airflow/dags/shopee_dags.py for tasks to queue
[2026-05-16T06:52:27.413+0000] {logging_mixin.py:188} INFO - [2026-05-16T06:52:27.413+0000] {dagbag.py:538} INFO - Filling up the DagBag from /opt/airflow/dags/shopee_dags.py
[2026-05-16T06:52:27.837+0000] {processor.py:840} INFO - DAG(s) 'shopee_scraper' retrieved from /opt/airflow/dags/shopee_dags.py
[2026-05-16T06:52:28.676+0000] {logging_mixin.py:188} INFO - [2026-05-16T06:52:28.676+0000] {dag.py:3036} INFO - Sync 1 DAGs
[2026-05-16T06:52:28.893+0000] {logging_mixin.py:188} INFO - [2026-05-16T06:52:28.893+0000] {dag.py:3823} INFO - Setting next_dagrun for shopee_scraper to 2026-05-16 00:00:00+00:00, run_after=2026-05-17 00:00:00+00:00
[2026-05-16T06:52:29.140+0000] {processor.py:183} INFO - Processing /opt/airflow/dags/shopee_dags.py took 1.734 seconds
[2026-05-16T06:52:59.391+0000] {processor.py:161} INFO - Started process (PID=367) to work on /opt/airflow/dags/shopee_dags.py
[2026-05-16T06:52:59.393+0000] {processor.py:830} INFO - Processing file /opt/airflow/dags/shopee_dags.py for tasks to queue
[2026-05-16T06:52:59.395+0000] {logging_mixin.py:188} INFO - [2026-05-16T06:52:59.394+0000] {dagbag.py:538} INFO - Filling up the DagBag from /opt/airflow/dags/shopee_dags.py
[2026-05-16T06:52:59.435+0000] {processor.py:840} INFO - DAG(s) 'shopee_scraper' retrieved from /opt/airflow/dags/shopee_dags.py
[2026-05-16T06:52:59.456+0000] {logging_mixin.py:188} INFO - [2026-05-16T06:52:59.456+0000] {dag.py:3036} INFO - Sync 1 DAGs
[2026-05-16T06:52:59.492+0000] {logging_mixin.py:188} INFO - [2026-05-16T06:52:59.492+0000] {dag.py:3823} INFO - Setting next_dagrun for shopee_scraper to 2026-05-16 00:00:00+00:00, run_after=2026-05-17 00:00:00+00:00
[2026-05-16T06:52:59.524+0000] {processor.py:183} INFO - Processing /opt/airflow/dags/shopee_dags.py took 0.138 seconds
[2026-05-16T06:53:29.593+0000] {processor.py:161} INFO - Started process (PID=372) to work on /opt/airflow/dags/shopee_dags.py
[2026-05-16T06:53:29.594+0000] {processor.py:830} INFO - Processing file /opt/airflow/dags/shopee_dags.py for tasks to queue
[2026-05-16T06:53:29.596+0000] {logging_mixin.py:188} INFO - [2026-05-16T06:53:29.595+0000] {dagbag.py:538} INFO - Filling up the DagBag from /opt/airflow/dags/shopee_dags.py
[2026-05-16T06:53:29.624+0000] {processor.py:840} INFO - DAG(s) 'shopee_scraper' retrieved from /opt/airflow/dags/shopee_dags.py
[2026-05-16T06:53:29.653+0000] {logging_mixin.py:188} INFO - [2026-05-16T06:53:29.652+0000] {dag.py:3036} INFO - Sync 1 DAGs
[2026-05-16T06:53:29.697+0000] {logging_mixin.py:188} INFO - [2026-05-16T06:53:29.697+0000] {dag.py:3823} INFO - Setting next_dagrun for shopee_scraper to 2026-05-16 00:00:00+00:00, run_after=2026-05-17 00:00:00+00:00
[2026-05-16T06:53:29.746+0000] {processor.py:183} INFO - Processing /opt/airflow/dags/shopee_dags.py took 0.158 seconds
[2026-05-16T06:53:59.976+0000] {processor.py:161} INFO - Started process (PID=377) to work on /opt/airflow/dags/shopee_dags.py
[2026-05-16T06:53:59.977+0000] {processor.py:830} INFO - Processing file /opt/airflow/dags/shopee_dags.py for tasks to queue
[2026-05-16T06:53:59.979+0000] {logging_mixin.py:188} INFO - [2026-05-16T06:53:59.978+0000] {dagbag.py:538} INFO - Filling up the DagBag from /opt/airflow/dags/shopee_dags.py
[2026-05-16T06:54:00.019+0000] {processor.py:840} INFO - DAG(s) 'shopee_scraper' retrieved from /opt/airflow/dags/shopee_dags.py
[2026-05-16T06:54:00.048+0000] {logging_mixin.py:188} INFO - [2026-05-16T06:54:00.048+0000] {dag.py:3036} INFO - Sync 1 DAGs
[2026-05-16T06:54:00.109+0000] {logging_mixin.py:188} INFO - [2026-05-16T06:54:00.108+0000] {dag.py:3823} INFO - Setting next_dagrun for shopee_scraper to 2026-05-16 00:00:00+00:00, run_after=2026-05-17 00:00:00+00:00
[2026-05-16T06:54:00.156+0000] {processor.py:183} INFO - Processing /opt/airflow/dags/shopee_dags.py took 0.184 seconds
[2026-05-16T06:54:30.256+0000] {processor.py:161} INFO - Started process (PID=382) to work on /opt/airflow/dags/shopee_dags.py
[2026-05-16T06:54:30.257+0000] {processor.py:830} INFO - Processing file /opt/airflow/dags/shopee_dags.py for tasks to queue
[2026-05-16T06:54:30.258+0000] {logging_mixin.py:188} INFO - [2026-05-16T06:54:30.258+0000] {dagbag.py:538} INFO - Filling up the DagBag from /opt/airflow/dags/shopee_dags.py
[2026-05-16T06:54:30.285+0000] {processor.py:840} INFO - DAG(s) 'shopee_scraper' retrieved from /opt/airflow/dags/shopee_dags.py
[2026-05-16T06:54:30.311+0000] {logging_mixin.py:188} INFO - [2026-05-16T06:54:30.311+0000] {dag.py:3036} INFO - Sync 1 DAGs
[2026-05-16T06:54:30.372+0000] {logging_mixin.py:188} INFO - [2026-05-16T06:54:30.371+0000] {dag.py:3823} INFO - Setting next_dagrun for shopee_scraper to 2026-05-16 00:00:00+00:00, run_after=2026-05-17 00:00:00+00:00
[2026-05-16T06:54:30.411+0000] {processor.py:183} INFO - Processing /opt/airflow/dags/shopee_dags.py took 0.160 seconds
[2026-05-16T06:55:00.643+0000] {processor.py:161} INFO - Started process (PID=387) to work on /opt/airflow/dags/shopee_dags.py
[2026-05-16T06:55:00.645+0000] {processor.py:830} INFO - Processing file /opt/airflow/dags/shopee_dags.py for tasks to queue
[2026-05-16T06:55:00.647+0000] {logging_mixin.py:188} INFO - [2026-05-16T06:55:00.647+0000] {dagbag.py:538} INFO - Filling up the DagBag from /opt/airflow/dags/shopee_dags.py
[2026-05-16T06:55:00.697+0000] {processor.py:840} INFO - DAG(s) 'shopee_scraper' retrieved from /opt/airflow/dags/shopee_dags.py
[2026-05-16T06:55:00.731+0000] {logging_mixin.py:188} INFO - [2026-05-16T06:55:00.730+0000] {dag.py:3036} INFO - Sync 1 DAGs
[2026-05-16T06:55:00.788+0000] {logging_mixin.py:188} INFO - [2026-05-16T06:55:00.787+0000] {dag.py:3823} INFO - Setting next_dagrun for shopee_scraper to 2026-05-16 00:00:00+00:00, run_after=2026-05-17 00:00:00+00:00
[2026-05-16T06:55:00.836+0000] {processor.py:183} INFO - Processing /opt/airflow/dags/shopee_dags.py took 0.203 seconds
[2026-05-16T06:55:31.050+0000] {processor.py:161} INFO - Started process (PID=392) to work on /opt/airflow/dags/shopee_dags.py
[2026-05-16T06:55:31.051+0000] {processor.py:830} INFO - Processing file /opt/airflow/dags/shopee_dags.py for tasks to queue
[2026-05-16T06:55:31.053+0000] {logging_mixin.py:188} INFO - [2026-05-16T06:55:31.053+0000] {dagbag.py:538} INFO - Filling up the DagBag from /opt/airflow/dags/shopee_dags.py
[2026-05-16T06:55:31.085+0000] {processor.py:840} INFO - DAG(s) 'shopee_scraper' retrieved from /opt/airflow/dags/shopee_dags.py
[2026-05-16T06:55:31.107+0000] {logging_mixin.py:188} INFO - [2026-05-16T06:55:31.107+0000] {dag.py:3036} INFO - Sync 1 DAGs
[2026-05-16T06:55:31.144+0000] {logging_mixin.py:188} INFO - [2026-05-16T06:55:31.143+0000] {dag.py:3823} INFO - Setting next_dagrun for shopee_scraper to 2026-05-16 00:00:00+00:00, run_after=2026-05-17 00:00:00+00:00
[2026-05-16T06:55:31.177+0000] {processor.py:183} INFO - Processing /opt/airflow/dags/shopee_dags.py took 0.133 seconds
[2026-05-16T06:56:01.254+0000] {processor.py:161} INFO - Started process (PID=397) to work on /opt/airflow/dags/shopee_dags.py
[2026-05-16T06:56:01.256+0000] {processor.py:830} INFO - Processing file /opt/airflow/dags/shopee_dags.py for tasks to queue
[2026-05-16T06:56:01.257+0000] {logging_mixin.py:188} INFO - [2026-05-16T06:56:01.257+0000] {dagbag.py:538} INFO - Filling up the DagBag from /opt/airflow/dags/shopee_dags.py
[2026-05-16T06:56:01.290+0000] {processor.py:840} INFO - DAG(s) 'shopee_scraper' retrieved from /opt/airflow/dags/shopee_dags.py
[2026-05-16T06:56:01.332+0000] {logging_mixin.py:188} INFO - [2026-05-16T06:56:01.331+0000] {dag.py:3036} INFO - Sync 1 DAGs
[2026-05-16T06:56:01.381+0000] {logging_mixin.py:188} INFO - [2026-05-16T06:56:01.381+0000] {dag.py:3823} INFO - Setting next_dagrun for shopee_scraper to 2026-05-16 00:00:00+00:00, run_after=2026-05-17 00:00:00+00:00
[2026-05-16T06:56:01.416+0000] {processor.py:183} INFO - Processing /opt/airflow/dags/shopee_dags.py took 0.167 seconds
[2026-05-16T06:56:31.596+0000] {processor.py:161} INFO - Started process (PID=402) to work on /opt/airflow/dags/shopee_dags.py
[2026-05-16T06:56:31.598+0000] {processor.py:830} INFO - Processing file /opt/airflow/dags/shopee_dags.py for tasks to queue
[2026-05-16T06:56:31.599+0000] {logging_mixin.py:188} INFO - [2026-05-16T06:56:31.599+0000] {dagbag.py:538} INFO - Filling up the DagBag from /opt/airflow/dags/shopee_dags.py
[2026-05-16T06:56:31.633+0000] {processor.py:840} INFO - DAG(s) 'shopee_scraper' retrieved from /opt/airflow/dags/shopee_dags.py
[2026-05-16T06:56:31.664+0000] {logging_mixin.py:188} INFO - [2026-05-16T06:56:31.663+0000] {dag.py:3036} INFO - Sync 1 DAGs
[2026-05-16T06:56:31.716+0000] {logging_mixin.py:188} INFO - [2026-05-16T06:56:31.716+0000] {dag.py:3823} INFO - Setting next_dagrun for shopee_scraper to 2026-05-16 00:00:00+00:00, run_after=2026-05-17 00:00:00+00:00
[2026-05-16T06:56:31.756+0000] {processor.py:183} INFO - Processing /opt/airflow/dags/shopee_dags.py took 0.166 seconds
[2026-05-16T06:57:01.827+0000] {processor.py:161} INFO - Started process (PID=407) to work on /opt/airflow/dags/shopee_dags.py
[2026-05-16T06:57:01.828+0000] {processor.py:830} INFO - Processing file /opt/airflow/dags/shopee_dags.py for tasks to queue
[2026-05-16T06:57:01.829+0000] {logging_mixin.py:188} INFO - [2026-05-16T06:57:01.829+0000] {dagbag.py:538} INFO - Filling up the DagBag from /opt/airflow/dags/shopee_dags.py
[2026-05-16T06:57:01.863+0000] {processor.py:840} INFO - DAG(s) 'shopee_scraper' retrieved from /opt/airflow/dags/shopee_dags.py
[2026-05-16T06:57:01.890+0000] {logging_mixin.py:188} INFO - [2026-05-16T06:57:01.890+0000] {dag.py:3036} INFO - Sync 1 DAGs
[2026-05-16T06:57:01.929+0000] {logging_mixin.py:188} INFO - [2026-05-16T06:57:01.929+0000] {dag.py:3823} INFO - Setting next_dagrun for shopee_scraper to 2026-05-16 00:00:00+00:00, run_after=2026-05-17 00:00:00+00:00
[2026-05-16T06:57:01.963+0000] {processor.py:183} INFO - Processing /opt/airflow/dags/shopee_dags.py took 0.142 seconds
[2026-05-16T06:57:32.171+0000] {processor.py:161} INFO - Started process (PID=412) to work on /opt/airflow/dags/shopee_dags.py
[2026-05-16T06:57:32.173+0000] {processor.py:830} INFO - Processing file /opt/airflow/dags/shopee_dags.py for tasks to queue
[2026-05-16T06:57:32.175+0000] {logging_mixin.py:188} INFO - [2026-05-16T06:57:32.174+0000] {dagbag.py:538} INFO - Filling up the DagBag from /opt/airflow/dags/shopee_dags.py
[2026-05-16T06:57:32.211+0000] {processor.py:840} INFO - DAG(s) 'shopee_scraper' retrieved from /opt/airflow/dags/shopee_dags.py
[2026-05-16T06:57:32.245+0000] {logging_mixin.py:188} INFO - [2026-05-16T06:57:32.244+0000] {dag.py:3036} INFO - Sync 1 DAGs
[2026-05-16T06:57:32.304+0000] {logging_mixin.py:188} INFO - [2026-05-16T06:57:32.303+0000] {dag.py:3823} INFO - Setting next_dagrun for shopee_scraper to 2026-05-16 00:00:00+00:00, run_after=2026-05-17 00:00:00+00:00
[2026-05-16T06:57:32.346+0000] {processor.py:183} INFO - Processing /opt/airflow/dags/shopee_dags.py took 0.180 seconds
[2026-05-16T06:58:02.454+0000] {processor.py:161} INFO - Started process (PID=417) to work on /opt/airflow/dags/shopee_dags.py
[2026-05-16T06:58:02.460+0000] {processor.py:830} INFO - Processing file /opt/airflow/dags/shopee_dags.py for tasks to queue
[2026-05-16T06:58:02.463+0000] {logging_mixin.py:188} INFO - [2026-05-16T06:58:02.463+0000] {dagbag.py:538} INFO - Filling up the DagBag from /opt/airflow/dags/shopee_dags.py
[2026-05-16T06:58:02.492+0000] {processor.py:840} INFO - DAG(s) 'shopee_scraper' retrieved from /opt/airflow/dags/shopee_dags.py
[2026-05-16T06:58:02.516+0000] {logging_mixin.py:188} INFO - [2026-05-16T06:58:02.515+0000] {dag.py:3036} INFO - Sync 1 DAGs
[2026-05-16T06:58:02.566+0000] {logging_mixin.py:188} INFO - [2026-05-16T06:58:02.566+0000] {dag.py:3823} INFO - Setting next_dagrun for shopee_scraper to 2026-05-16 00:00:00+00:00, run_after=2026-05-17 00:00:00+00:00
[2026-05-16T06:58:02.592+0000] {processor.py:183} INFO - Processing /opt/airflow/dags/shopee_dags.py took 0.146 seconds
[2026-05-16T06:58:32.803+0000] {processor.py:161} INFO - Started process (PID=422) to work on /opt/airflow/dags/shopee_dags.py
[2026-05-16T06:58:32.808+0000] {processor.py:830} INFO - Processing file /opt/airflow/dags/shopee_dags.py for tasks to queue
[2026-05-16T06:58:32.810+0000] {logging_mixin.py:188} INFO - [2026-05-16T06:58:32.810+0000] {dagbag.py:538} INFO - Filling up the DagBag from /opt/airflow/dags/shopee_dags.py
[2026-05-16T06:58:32.852+0000] {processor.py:840} INFO - DAG(s) 'shopee_scraper' retrieved from /opt/airflow/dags/shopee_dags.py
[2026-05-16T06:58:32.878+0000] {logging_mixin.py:188} INFO - [2026-05-16T06:58:32.877+0000] {dag.py:3036} INFO - Sync 1 DAGs
[2026-05-16T06:58:32.921+0000] {logging_mixin.py:188} INFO - [2026-05-16T06:58:32.921+0000] {dag.py:3823} INFO - Setting next_dagrun for shopee_scraper to 2026-05-16 00:00:00+00:00, run_after=2026-05-17 00:00:00+00:00
[2026-05-16T06:58:32.967+0000] {processor.py:183} INFO - Processing /opt/airflow/dags/shopee_dags.py took 0.170 seconds
[2026-05-16T06:59:03.070+0000] {processor.py:161} INFO - Started process (PID=427) to work on /opt/airflow/dags/shopee_dags.py
[2026-05-16T06:59:03.071+0000] {processor.py:830} INFO - Processing file /opt/airflow/dags/shopee_dags.py for tasks to queue
[2026-05-16T06:59:03.072+0000] {logging_mixin.py:188} INFO - [2026-05-16T06:59:03.072+0000] {dagbag.py:538} INFO - Filling up the DagBag from /opt/airflow/dags/shopee_dags.py
[2026-05-16T06:59:03.102+0000] {processor.py:840} INFO - DAG(s) 'shopee_scraper' retrieved from /opt/airflow/dags/shopee_dags.py
[2026-05-16T06:59:03.134+0000] {logging_mixin.py:188} INFO - [2026-05-16T06:59:03.133+0000] {dag.py:3036} INFO - Sync 1 DAGs
[2026-05-16T06:59:03.191+0000] {logging_mixin.py:188} INFO - [2026-05-16T06:59:03.190+0000] {dag.py:3823} INFO - Setting next_dagrun for shopee_scraper to 2026-05-16 00:00:00+00:00, run_after=2026-05-17 00:00:00+00:00
[2026-05-16T06:59:03.225+0000] {processor.py:183} INFO - Processing /opt/airflow/dags/shopee_dags.py took 0.159 seconds
[2026-05-16T06:59:33.412+0000] {processor.py:161} INFO - Started process (PID=432) to work on /opt/airflow/dags/shopee_dags.py
[2026-05-16T06:59:33.414+0000] {processor.py:830} INFO - Processing file /opt/airflow/dags/shopee_dags.py for tasks to queue
[2026-05-16T06:59:33.415+0000] {logging_mixin.py:188} INFO - [2026-05-16T06:59:33.415+0000] {dagbag.py:538} INFO - Filling up the DagBag from /opt/airflow/dags/shopee_dags.py
[2026-05-16T06:59:33.441+0000] {processor.py:840} INFO - DAG(s) 'shopee_scraper' retrieved from /opt/airflow/dags/shopee_dags.py
[2026-05-16T06:59:33.466+0000] {logging_mixin.py:188} INFO - [2026-05-16T06:59:33.466+0000] {dag.py:3036} INFO - Sync 1 DAGs
[2026-05-16T06:59:33.518+0000] {logging_mixin.py:188} INFO - [2026-05-16T06:59:33.517+0000] {dag.py:3823} INFO - Setting next_dagrun for shopee_scraper to 2026-05-16 00:00:00+00:00, run_after=2026-05-17 00:00:00+00:00
[2026-05-16T06:59:33.553+0000] {processor.py:183} INFO - Processing /opt/airflow/dags/shopee_dags.py took 0.146 seconds
[2026-05-16T07:00:03.662+0000] {processor.py:161} INFO - Started process (PID=437) to work on /opt/airflow/dags/shopee_dags.py
[2026-05-16T07:00:03.665+0000] {processor.py:830} INFO - Processing file /opt/airflow/dags/shopee_dags.py for tasks to queue
[2026-05-16T07:00:03.667+0000] {logging_mixin.py:188} INFO - [2026-05-16T07:00:03.666+0000] {dagbag.py:538} INFO - Filling up the DagBag from /opt/airflow/dags/shopee_dags.py
[2026-05-16T07:00:03.699+0000] {processor.py:840} INFO - DAG(s) 'shopee_scraper' retrieved from /opt/airflow/dags/shopee_dags.py
[2026-05-16T07:00:03.729+0000] {logging_mixin.py:188} INFO - [2026-05-16T07:00:03.729+0000] {dag.py:3036} INFO - Sync 1 DAGs
[2026-05-16T07:00:03.783+0000] {logging_mixin.py:188} INFO - [2026-05-16T07:00:03.783+0000] {dag.py:3823} INFO - Setting next_dagrun for shopee_scraper to 2026-05-16 00:00:00+00:00, run_after=2026-05-17 00:00:00+00:00
[2026-05-16T07:00:03.822+0000] {processor.py:183} INFO - Processing /opt/airflow/dags/shopee_dags.py took 0.169 seconds
[2026-05-16T07:00:33.986+0000] {processor.py:161} INFO - Started process (PID=442) to work on /opt/airflow/dags/shopee_dags.py
[2026-05-16T07:00:33.987+0000] {processor.py:830} INFO - Processing file /opt/airflow/dags/shopee_dags.py for tasks to queue
[2026-05-16T07:00:33.989+0000] {logging_mixin.py:188} INFO - [2026-05-16T07:00:33.988+0000] {dagbag.py:538} INFO - Filling up the DagBag from /opt/airflow/dags/shopee_dags.py
[2026-05-16T07:00:34.020+0000] {processor.py:840} INFO - DAG(s) 'shopee_scraper' retrieved from /opt/airflow/dags/shopee_dags.py
[2026-05-16T07:00:34.046+0000] {logging_mixin.py:188} INFO - [2026-05-16T07:00:34.045+0000] {dag.py:3036} INFO - Sync 1 DAGs
[2026-05-16T07:00:34.106+0000] {logging_mixin.py:188} INFO - [2026-05-16T07:00:34.105+0000] {dag.py:3823} INFO - Setting next_dagrun for shopee_scraper to 2026-05-16 00:00:00+00:00, run_after=2026-05-17 00:00:00+00:00
[2026-05-16T07:00:34.163+0000] {processor.py:183} INFO - Processing /opt/airflow/dags/shopee_dags.py took 0.182 seconds
[2026-05-16T07:01:04.223+0000] {processor.py:161} INFO - Started process (PID=447) to work on /opt/airflow/dags/shopee_dags.py
[2026-05-16T07:01:04.224+0000] {processor.py:830} INFO - Processing file /opt/airflow/dags/shopee_dags.py for tasks to queue
[2026-05-16T07:01:04.226+0000] {logging_mixin.py:188} INFO - [2026-05-16T07:01:04.225+0000] {dagbag.py:538} INFO - Filling up the DagBag from /opt/airflow/dags/shopee_dags.py
[2026-05-16T07:01:04.255+0000] {processor.py:840} INFO - DAG(s) 'shopee_scraper' retrieved from /opt/airflow/dags/shopee_dags.py
[2026-05-16T07:01:04.278+0000] {logging_mixin.py:188} INFO - [2026-05-16T07:01:04.278+0000] {dag.py:3036} INFO - Sync 1 DAGs
[2026-05-16T07:01:04.321+0000] {logging_mixin.py:188} INFO - [2026-05-16T07:01:04.321+0000] {dag.py:3823} INFO - Setting next_dagrun for shopee_scraper to 2026-05-16 00:00:00+00:00, run_after=2026-05-17 00:00:00+00:00
[2026-05-16T07:01:04.360+0000] {processor.py:183} INFO - Processing /opt/airflow/dags/shopee_dags.py took 0.142 seconds
[2026-05-16T07:01:34.666+0000] {processor.py:161} INFO - Started process (PID=452) to work on /opt/airflow/dags/shopee_dags.py
[2026-05-16T07:01:34.671+0000] {processor.py:830} INFO - Processing file /opt/airflow/dags/shopee_dags.py for tasks to queue
[2026-05-16T07:01:34.675+0000] {logging_mixin.py:188} INFO - [2026-05-16T07:01:34.673+0000] {dagbag.py:538} INFO - Filling up the DagBag from /opt/airflow/dags/shopee_dags.py
[2026-05-16T07:01:35.063+0000] {processor.py:840} INFO - DAG(s) 'shopee_scraper' retrieved from /opt/airflow/dags/shopee_dags.py
[2026-05-16T07:01:35.242+0000] {logging_mixin.py:188} INFO - [2026-05-16T07:01:35.241+0000] {dag.py:3036} INFO - Sync 1 DAGs
[2026-05-16T07:01:35.429+0000] {logging_mixin.py:188} INFO - [2026-05-16T07:01:35.425+0000] {dag.py:3823} INFO - Setting next_dagrun for shopee_scraper to 2026-05-16 00:00:00+00:00, run_after=2026-05-17 00:00:00+00:00
[2026-05-16T07:01:35.573+0000] {processor.py:183} INFO - Processing /opt/airflow/dags/shopee_dags.py took 0.930 seconds
[2026-05-16T07:02:05.860+0000] {processor.py:161} INFO - Started process (PID=457) to work on /opt/airflow/dags/shopee_dags.py
[2026-05-16T07:02:05.866+0000] {processor.py:830} INFO - Processing file /opt/airflow/dags/shopee_dags.py for tasks to queue
[2026-05-16T07:02:05.868+0000] {logging_mixin.py:188} INFO - [2026-05-16T07:02:05.867+0000] {dagbag.py:538} INFO - Filling up the DagBag from /opt/airflow/dags/shopee_dags.py
[2026-05-16T07:02:05.925+0000] {processor.py:840} INFO - DAG(s) 'shopee_scraper' retrieved from /opt/airflow/dags/shopee_dags.py
[2026-05-16T07:02:05.956+0000] {logging_mixin.py:188} INFO - [2026-05-16T07:02:05.956+0000] {dag.py:3036} INFO - Sync 1 DAGs
[2026-05-16T07:02:06.030+0000] {logging_mixin.py:188} INFO - [2026-05-16T07:02:06.029+0000] {dag.py:3823} INFO - Setting next_dagrun for shopee_scraper to 2026-05-16 00:00:00+00:00, run_after=2026-05-17 00:00:00+00:00
[2026-05-16T07:02:06.087+0000] {processor.py:183} INFO - Processing /opt/airflow/dags/shopee_dags.py took 0.238 seconds
[2026-05-16T07:02:36.338+0000] {processor.py:161} INFO - Started process (PID=462) to work on /opt/airflow/dags/shopee_dags.py
[2026-05-16T07:02:36.340+0000] {processor.py:830} INFO - Processing file /opt/airflow/dags/shopee_dags.py for tasks to queue
[2026-05-16T07:02:36.343+0000] {logging_mixin.py:188} INFO - [2026-05-16T07:02:36.342+0000] {dagbag.py:538} INFO - Filling up the DagBag from /opt/airflow/dags/shopee_dags.py
[2026-05-16T07:02:36.374+0000] {processor.py:840} INFO - DAG(s) 'shopee_scraper' retrieved from /opt/airflow/dags/shopee_dags.py
[2026-05-16T07:02:36.402+0000] {logging_mixin.py:188} INFO - [2026-05-16T07:02:36.402+0000] {dag.py:3036} INFO - Sync 1 DAGs
[2026-05-16T07:02:36.537+0000] {logging_mixin.py:188} INFO - [2026-05-16T07:02:36.536+0000] {dag.py:3823} INFO - Setting next_dagrun for shopee_scraper to 2026-05-16 00:00:00+00:00, run_after=2026-05-17 00:00:00+00:00
[2026-05-16T07:02:36.653+0000] {processor.py:183} INFO - Processing /opt/airflow/dags/shopee_dags.py took 0.321 seconds
[2026-05-16T07:03:06.897+0000] {processor.py:161} INFO - Started process (PID=467) to work on /opt/airflow/dags/shopee_dags.py
[2026-05-16T07:03:06.899+0000] {processor.py:830} INFO - Processing file /opt/airflow/dags/shopee_dags.py for tasks to queue
[2026-05-16T07:03:06.902+0000] {logging_mixin.py:188} INFO - [2026-05-16T07:03:06.901+0000] {dagbag.py:538} INFO - Filling up the DagBag from /opt/airflow/dags/shopee_dags.py
[2026-05-16T07:03:06.979+0000] {processor.py:840} INFO - DAG(s) 'shopee_scraper' retrieved from /opt/airflow/dags/shopee_dags.py
[2026-05-16T07:03:07.068+0000] {logging_mixin.py:188} INFO - [2026-05-16T07:03:07.066+0000] {dag.py:3036} INFO - Sync 1 DAGs
[2026-05-16T07:03:07.277+0000] {logging_mixin.py:188} INFO - [2026-05-16T07:03:07.277+0000] {dag.py:3823} INFO - Setting next_dagrun for shopee_scraper to 2026-05-16 00:00:00+00:00, run_after=2026-05-17 00:00:00+00:00
[2026-05-16T07:03:07.327+0000] {processor.py:183} INFO - Processing /opt/airflow/dags/shopee_dags.py took 0.435 seconds
[2026-05-16T07:03:37.555+0000] {processor.py:161} INFO - Started process (PID=472) to work on /opt/airflow/dags/shopee_dags.py
[2026-05-16T07:03:37.557+0000] {processor.py:830} INFO - Processing file /opt/airflow/dags/shopee_dags.py for tasks to queue
[2026-05-16T07:03:37.558+0000] {logging_mixin.py:188} INFO - [2026-05-16T07:03:37.558+0000] {dagbag.py:538} INFO - Filling up the DagBag from /opt/airflow/dags/shopee_dags.py
[2026-05-16T07:03:37.591+0000] {processor.py:840} INFO - DAG(s) 'shopee_scraper' retrieved from /opt/airflow/dags/shopee_dags.py
[2026-05-16T07:03:37.612+0000] {logging_mixin.py:188} INFO - [2026-05-16T07:03:37.612+0000] {dag.py:3036} INFO - Sync 1 DAGs
[2026-05-16T07:03:37.649+0000] {logging_mixin.py:188} INFO - [2026-05-16T07:03:37.649+0000] {dag.py:3823} INFO - Setting next_dagrun for shopee_scraper to 2026-05-16 00:00:00+00:00, run_after=2026-05-17 00:00:00+00:00
[2026-05-16T07:03:37.675+0000] {processor.py:183} INFO - Processing /opt/airflow/dags/shopee_dags.py took 0.124 seconds
[2026-05-16T07:04:07.785+0000] {processor.py:161} INFO - Started process (PID=477) to work on /opt/airflow/dags/shopee_dags.py
[2026-05-16T07:04:07.787+0000] {processor.py:830} INFO - Processing file /opt/airflow/dags/shopee_dags.py for tasks to queue
[2026-05-16T07:04:07.789+0000] {logging_mixin.py:188} INFO - [2026-05-16T07:04:07.788+0000] {dagbag.py:538} INFO - Filling up the DagBag from /opt/airflow/dags/shopee_dags.py
[2026-05-16T07:04:07.826+0000] {processor.py:840} INFO - DAG(s) 'shopee_scraper' retrieved from /opt/airflow/dags/shopee_dags.py
[2026-05-16T07:04:07.850+0000] {logging_mixin.py:188} INFO - [2026-05-16T07:04:07.850+0000] {dag.py:3036} INFO - Sync 1 DAGs
[2026-05-16T07:04:07.890+0000] {logging_mixin.py:188} INFO - [2026-05-16T07:04:07.890+0000] {dag.py:3823} INFO - Setting next_dagrun for shopee_scraper to 2026-05-16 00:00:00+00:00, run_after=2026-05-17 00:00:00+00:00
[2026-05-16T07:04:07.993+0000] {processor.py:183} INFO - Processing /opt/airflow/dags/shopee_dags.py took 0.214 seconds
[2026-05-16T07:04:38.084+0000] {processor.py:161} INFO - Started process (PID=482) to work on /opt/airflow/dags/shopee_dags.py
[2026-05-16T07:04:38.086+0000] {processor.py:830} INFO - Processing file /opt/airflow/dags/shopee_dags.py for tasks to queue
[2026-05-16T07:04:38.088+0000] {logging_mixin.py:188} INFO - [2026-05-16T07:04:38.088+0000] {dagbag.py:538} INFO - Filling up the DagBag from /opt/airflow/dags/shopee_dags.py
[2026-05-16T07:04:38.119+0000] {processor.py:840} INFO - DAG(s) 'shopee_scraper' retrieved from /opt/airflow/dags/shopee_dags.py
[2026-05-16T07:04:38.142+0000] {logging_mixin.py:188} INFO - [2026-05-16T07:04:38.142+0000] {dag.py:3036} INFO - Sync 1 DAGs
[2026-05-16T07:04:38.184+0000] {logging_mixin.py:188} INFO - [2026-05-16T07:04:38.184+0000] {dag.py:3823} INFO - Setting next_dagrun for shopee_scraper to 2026-05-16 00:00:00+00:00, run_after=2026-05-17 00:00:00+00:00
[2026-05-16T07:04:38.223+0000] {processor.py:183} INFO - Processing /opt/airflow/dags/shopee_dags.py took 0.146 seconds
[2026-05-16T07:05:08.430+0000] {processor.py:161} INFO - Started process (PID=487) to work on /opt/airflow/dags/shopee_dags.py
[2026-05-16T07:05:08.432+0000] {processor.py:830} INFO - Processing file /opt/airflow/dags/shopee_dags.py for tasks to queue
[2026-05-16T07:05:08.434+0000] {logging_mixin.py:188} INFO - [2026-05-16T07:05:08.433+0000] {dagbag.py:538} INFO - Filling up the DagBag from /opt/airflow/dags/shopee_dags.py
[2026-05-16T07:05:08.466+0000] {processor.py:840} INFO - DAG(s) 'shopee_scraper' retrieved from /opt/airflow/dags/shopee_dags.py
[2026-05-16T07:05:08.493+0000] {logging_mixin.py:188} INFO - [2026-05-16T07:05:08.493+0000] {dag.py:3036} INFO - Sync 1 DAGs
[2026-05-16T07:05:08.541+0000] {logging_mixin.py:188} INFO - [2026-05-16T07:05:08.541+0000] {dag.py:3823} INFO - Setting next_dagrun for shopee_scraper to 2026-05-16 00:00:00+00:00, run_after=2026-05-17 00:00:00+00:00
[2026-05-16T07:05:08.584+0000] {processor.py:183} INFO - Processing /opt/airflow/dags/shopee_dags.py took 0.158 seconds
[2026-05-16T07:05:38.701+0000] {processor.py:161} INFO - Started process (PID=492) to work on /opt/airflow/dags/shopee_dags.py
[2026-05-16T07:05:38.703+0000] {processor.py:830} INFO - Processing file /opt/airflow/dags/shopee_dags.py for tasks to queue
[2026-05-16T07:05:38.704+0000] {logging_mixin.py:188} INFO - [2026-05-16T07:05:38.704+0000] {dagbag.py:538} INFO - Filling up the DagBag from /opt/airflow/dags/shopee_dags.py
[2026-05-16T07:05:38.739+0000] {processor.py:840} INFO - DAG(s) 'shopee_scraper' retrieved from /opt/airflow/dags/shopee_dags.py
[2026-05-16T07:05:38.767+0000] {logging_mixin.py:188} INFO - [2026-05-16T07:05:38.767+0000] {dag.py:3036} INFO - Sync 1 DAGs
[2026-05-16T07:05:38.804+0000] {logging_mixin.py:188} INFO - [2026-05-16T07:05:38.803+0000] {dag.py:3823} INFO - Setting next_dagrun for shopee_scraper to 2026-05-16 00:00:00+00:00, run_after=2026-05-17 00:00:00+00:00
[2026-05-16T07:05:38.832+0000] {processor.py:183} INFO - Processing /opt/airflow/dags/shopee_dags.py took 0.138 seconds
[2026-05-16T07:06:08.976+0000] {processor.py:161} INFO - Started process (PID=497) to work on /opt/airflow/dags/shopee_dags.py
[2026-05-16T07:06:08.977+0000] {processor.py:830} INFO - Processing file /opt/airflow/dags/shopee_dags.py for tasks to queue
[2026-05-16T07:06:08.978+0000] {logging_mixin.py:188} INFO - [2026-05-16T07:06:08.978+0000] {dagbag.py:538} INFO - Filling up the DagBag from /opt/airflow/dags/shopee_dags.py
[2026-05-16T07:06:09.006+0000] {processor.py:840} INFO - DAG(s) 'shopee_scraper' retrieved from /opt/airflow/dags/shopee_dags.py
[2026-05-16T07:06:09.025+0000] {logging_mixin.py:188} INFO - [2026-05-16T07:06:09.025+0000] {dag.py:3036} INFO - Sync 1 DAGs
[2026-05-16T07:06:09.058+0000] {logging_mixin.py:188} INFO - [2026-05-16T07:06:09.058+0000] {dag.py:3823} INFO - Setting next_dagrun for shopee_scraper to 2026-05-16 00:00:00+00:00, run_after=2026-05-17 00:00:00+00:00
[2026-05-16T07:06:09.086+0000] {processor.py:183} INFO - Processing /opt/airflow/dags/shopee_dags.py took 0.114 seconds
[2026-05-16T07:06:39.191+0000] {processor.py:161} INFO - Started process (PID=502) to work on /opt/airflow/dags/shopee_dags.py
[2026-05-16T07:06:39.193+0000] {processor.py:830} INFO - Processing file /opt/airflow/dags/shopee_dags.py for tasks to queue
[2026-05-16T07:06:39.195+0000] {logging_mixin.py:188} INFO - [2026-05-16T07:06:39.195+0000] {dagbag.py:538} INFO - Filling up the DagBag from /opt/airflow/dags/shopee_dags.py
[2026-05-16T07:06:39.226+0000] {processor.py:840} INFO - DAG(s) 'shopee_scraper' retrieved from /opt/airflow/dags/shopee_dags.py
[2026-05-16T07:06:39.247+0000] {logging_mixin.py:188} INFO - [2026-05-16T07:06:39.247+0000] {dag.py:3036} INFO - Sync 1 DAGs
[2026-05-16T07:06:39.294+0000] {logging_mixin.py:188} INFO - [2026-05-16T07:06:39.293+0000] {dag.py:3823} INFO - Setting next_dagrun for shopee_scraper to 2026-05-16 00:00:00+00:00, run_after=2026-05-17 00:00:00+00:00
[2026-05-16T07:06:39.324+0000] {processor.py:183} INFO - Processing /opt/airflow/dags/shopee_dags.py took 0.138 seconds
[2026-05-16T07:07:09.490+0000] {processor.py:161} INFO - Started process (PID=507) to work on /opt/airflow/dags/shopee_dags.py
[2026-05-16T07:07:09.492+0000] {processor.py:830} INFO - Processing file /opt/airflow/dags/shopee_dags.py for tasks to queue
[2026-05-16T07:07:09.495+0000] {logging_mixin.py:188} INFO - [2026-05-16T07:07:09.494+0000] {dagbag.py:538} INFO - Filling up the DagBag from /opt/airflow/dags/shopee_dags.py
[2026-05-16T07:07:09.541+0000] {processor.py:840} INFO - DAG(s) 'shopee_scraper' retrieved from /opt/airflow/dags/shopee_dags.py
[2026-05-16T07:07:09.569+0000] {logging_mixin.py:188} INFO - [2026-05-16T07:07:09.569+0000] {dag.py:3036} INFO - Sync 1 DAGs
[2026-05-16T07:07:09.630+0000] {logging_mixin.py:188} INFO - [2026-05-16T07:07:09.629+0000] {dag.py:3823} INFO - Setting next_dagrun for shopee_scraper to 2026-05-16 00:00:00+00:00, run_after=2026-05-17 00:00:00+00:00
[2026-05-16T07:07:09.678+0000] {processor.py:183} INFO - Processing /opt/airflow/dags/shopee_dags.py took 0.196 seconds
[2026-05-16T07:07:39.894+0000] {processor.py:161} INFO - Started process (PID=534) to work on /opt/airflow/dags/shopee_dags.py
[2026-05-16T07:07:39.896+0000] {processor.py:830} INFO - Processing file /opt/airflow/dags/shopee_dags.py for tasks to queue
[2026-05-16T07:07:39.899+0000] {logging_mixin.py:188} INFO - [2026-05-16T07:07:39.898+0000] {dagbag.py:538} INFO - Filling up the DagBag from /opt/airflow/dags/shopee_dags.py
[2026-05-16T07:07:39.932+0000] {processor.py:840} INFO - DAG(s) 'shopee_scraper' retrieved from /opt/airflow/dags/shopee_dags.py
[2026-05-16T07:07:39.959+0000] {logging_mixin.py:188} INFO - [2026-05-16T07:07:39.958+0000] {dag.py:3036} INFO - Sync 1 DAGs
[2026-05-16T07:07:40.012+0000] {logging_mixin.py:188} INFO - [2026-05-16T07:07:40.012+0000] {dag.py:3823} INFO - Setting next_dagrun for shopee_scraper to 2026-05-16 00:00:00+00:00, run_after=2026-05-17 00:00:00+00:00
[2026-05-16T07:07:40.045+0000] {processor.py:183} INFO - Processing /opt/airflow/dags/shopee_dags.py took 0.157 seconds
[2026-05-16T07:08:10.286+0000] {processor.py:161} INFO - Started process (PID=539) to work on /opt/airflow/dags/shopee_dags.py
[2026-05-16T07:08:10.289+0000] {processor.py:830} INFO - Processing file /opt/airflow/dags/shopee_dags.py for tasks to queue
[2026-05-16T07:08:10.291+0000] {logging_mixin.py:188} INFO - [2026-05-16T07:08:10.291+0000] {dagbag.py:538} INFO - Filling up the DagBag from /opt/airflow/dags/shopee_dags.py
[2026-05-16T07:08:10.326+0000] {processor.py:840} INFO - DAG(s) 'shopee_scraper' retrieved from /opt/airflow/dags/shopee_dags.py
[2026-05-16T07:08:10.353+0000] {logging_mixin.py:188} INFO - [2026-05-16T07:08:10.353+0000] {dag.py:3036} INFO - Sync 1 DAGs
[2026-05-16T07:08:10.396+0000] {logging_mixin.py:188} INFO - [2026-05-16T07:08:10.396+0000] {dag.py:3823} INFO - Setting next_dagrun for shopee_scraper to 2026-05-16 00:00:00+00:00, run_after=2026-05-17 00:00:00+00:00
[2026-05-16T07:08:10.432+0000] {processor.py:183} INFO - Processing /opt/airflow/dags/shopee_dags.py took 0.159 seconds
[2026-05-16T07:08:40.588+0000] {processor.py:161} INFO - Started process (PID=544) to work on /opt/airflow/dags/shopee_dags.py
[2026-05-16T07:08:40.593+0000] {processor.py:830} INFO - Processing file /opt/airflow/dags/shopee_dags.py for tasks to queue
[2026-05-16T07:08:40.598+0000] {logging_mixin.py:188} INFO - [2026-05-16T07:08:40.597+0000] {dagbag.py:538} INFO - Filling up the DagBag from /opt/airflow/dags/shopee_dags.py
[2026-05-16T07:08:40.715+0000] {processor.py:840} INFO - DAG(s) 'shopee_scraper' retrieved from /opt/airflow/dags/shopee_dags.py
[2026-05-16T07:08:40.764+0000] {logging_mixin.py:188} INFO - [2026-05-16T07:08:40.763+0000] {dag.py:3036} INFO - Sync 1 DAGs
[2026-05-16T07:08:40.826+0000] {logging_mixin.py:188} INFO - [2026-05-16T07:08:40.825+0000] {dag.py:3823} INFO - Setting next_dagrun for shopee_scraper to 2026-05-16 00:00:00+00:00, run_after=2026-05-17 00:00:00+00:00
[2026-05-16T07:08:40.878+0000] {processor.py:183} INFO - Processing /opt/airflow/dags/shopee_dags.py took 0.310 seconds
[2026-05-16T07:09:11.006+0000] {processor.py:161} INFO - Started process (PID=549) to work on /opt/airflow/dags/shopee_dags.py
[2026-05-16T07:09:11.010+0000] {processor.py:830} INFO - Processing file /opt/airflow/dags/shopee_dags.py for tasks to queue
[2026-05-16T07:09:11.015+0000] {logging_mixin.py:188} INFO - [2026-05-16T07:09:11.013+0000] {dagbag.py:538} INFO - Filling up the DagBag from /opt/airflow/dags/shopee_dags.py
[2026-05-16T07:09:11.082+0000] {processor.py:840} INFO - DAG(s) 'shopee_scraper' retrieved from /opt/airflow/dags/shopee_dags.py
[2026-05-16T07:09:11.112+0000] {logging_mixin.py:188} INFO - [2026-05-16T07:09:11.112+0000] {dag.py:3036} INFO - Sync 1 DAGs
[2026-05-16T07:09:11.165+0000] {logging_mixin.py:188} INFO - [2026-05-16T07:09:11.164+0000] {dag.py:3823} INFO - Setting next_dagrun for shopee_scraper to 2026-05-16 00:00:00+00:00, run_after=2026-05-17 00:00:00+00:00
[2026-05-16T07:09:11.231+0000] {processor.py:183} INFO - Processing /opt/airflow/dags/shopee_dags.py took 0.244 seconds
[2026-05-16T07:09:41.353+0000] {processor.py:161} INFO - Started process (PID=554) to work on /opt/airflow/dags/shopee_dags.py
[2026-05-16T07:09:41.355+0000] {processor.py:830} INFO - Processing file /opt/airflow/dags/shopee_dags.py for tasks to queue
[2026-05-16T07:09:41.357+0000] {logging_mixin.py:188} INFO - [2026-05-16T07:09:41.356+0000] {dagbag.py:538} INFO - Filling up the DagBag from /opt/airflow/dags/shopee_dags.py
[2026-05-16T07:09:41.391+0000] {processor.py:840} INFO - DAG(s) 'shopee_scraper' retrieved from /opt/airflow/dags/shopee_dags.py
[2026-05-16T07:09:41.418+0000] {logging_mixin.py:188} INFO - [2026-05-16T07:09:41.418+0000] {dag.py:3036} INFO - Sync 1 DAGs
[2026-05-16T07:09:41.468+0000] {logging_mixin.py:188} INFO - [2026-05-16T07:09:41.467+0000] {dag.py:3823} INFO - Setting next_dagrun for shopee_scraper to 2026-05-16 00:00:00+00:00, run_after=2026-05-17 00:00:00+00:00
[2026-05-16T07:09:41.506+0000] {processor.py:183} INFO - Processing /opt/airflow/dags/shopee_dags.py took 0.158 seconds
[2026-05-16T07:10:11.754+0000] {processor.py:161} INFO - Started process (PID=559) to work on /opt/airflow/dags/shopee_dags.py
[2026-05-16T07:10:11.756+0000] {processor.py:830} INFO - Processing file /opt/airflow/dags/shopee_dags.py for tasks to queue
[2026-05-16T07:10:11.757+0000] {logging_mixin.py:188} INFO - [2026-05-16T07:10:11.757+0000] {dagbag.py:538} INFO - Filling up the DagBag from /opt/airflow/dags/shopee_dags.py
[2026-05-16T07:10:11.783+0000] {processor.py:840} INFO - DAG(s) 'shopee_scraper' retrieved from /opt/airflow/dags/shopee_dags.py
[2026-05-16T07:10:11.809+0000] {logging_mixin.py:188} INFO - [2026-05-16T07:10:11.808+0000] {dag.py:3036} INFO - Sync 1 DAGs
[2026-05-16T07:10:11.851+0000] {logging_mixin.py:188} INFO - [2026-05-16T07:10:11.851+0000] {dag.py:3823} INFO - Setting next_dagrun for shopee_scraper to 2026-05-16 00:00:00+00:00, run_after=2026-05-17 00:00:00+00:00
[2026-05-16T07:10:11.894+0000] {processor.py:183} INFO - Processing /opt/airflow/dags/shopee_dags.py took 0.142 seconds
[2026-05-16T07:10:41.979+0000] {processor.py:161} INFO - Started process (PID=564) to work on /opt/airflow/dags/shopee_dags.py
[2026-05-16T07:10:41.981+0000] {processor.py:830} INFO - Processing file /opt/airflow/dags/shopee_dags.py for tasks to queue
[2026-05-16T07:10:41.982+0000] {logging_mixin.py:188} INFO - [2026-05-16T07:10:41.982+0000] {dagbag.py:538} INFO - Filling up the DagBag from /opt/airflow/dags/shopee_dags.py
[2026-05-16T07:10:42.017+0000] {processor.py:840} INFO - DAG(s) 'shopee_scraper' retrieved from /opt/airflow/dags/shopee_dags.py
[2026-05-16T07:10:42.044+0000] {logging_mixin.py:188} INFO - [2026-05-16T07:10:42.044+0000] {dag.py:3036} INFO - Sync 1 DAGs
[2026-05-16T07:10:42.097+0000] {logging_mixin.py:188} INFO - [2026-05-16T07:10:42.097+0000] {dag.py:3823} INFO - Setting next_dagrun for shopee_scraper to 2026-05-16 00:00:00+00:00, run_after=2026-05-17 00:00:00+00:00
[2026-05-16T07:10:42.137+0000] {processor.py:183} INFO - Processing /opt/airflow/dags/shopee_dags.py took 0.164 seconds
[2026-05-16T07:11:12.388+0000] {processor.py:161} INFO - Started process (PID=569) to work on /opt/airflow/dags/shopee_dags.py
[2026-05-16T07:11:12.389+0000] {processor.py:830} INFO - Processing file /opt/airflow/dags/shopee_dags.py for tasks to queue
[2026-05-16T07:11:12.391+0000] {logging_mixin.py:188} INFO - [2026-05-16T07:11:12.390+0000] {dagbag.py:538} INFO - Filling up the DagBag from /opt/airflow/dags/shopee_dags.py
[2026-05-16T07:11:12.434+0000] {processor.py:840} INFO - DAG(s) 'shopee_scraper' retrieved from /opt/airflow/dags/shopee_dags.py
[2026-05-16T07:11:12.461+0000] {logging_mixin.py:188} INFO - [2026-05-16T07:11:12.461+0000] {dag.py:3036} INFO - Sync 1 DAGs
[2026-05-16T07:11:12.525+0000] {logging_mixin.py:188} INFO - [2026-05-16T07:11:12.525+0000] {dag.py:3823} INFO - Setting next_dagrun for shopee_scraper to 2026-05-16 00:00:00+00:00, run_after=2026-05-17 00:00:00+00:00
[2026-05-16T07:11:12.572+0000] {processor.py:183} INFO - Processing /opt/airflow/dags/shopee_dags.py took 0.189 seconds
[2026-05-16T07:11:42.725+0000] {processor.py:161} INFO - Started process (PID=574) to work on /opt/airflow/dags/shopee_dags.py
[2026-05-16T07:11:42.727+0000] {processor.py:830} INFO - Processing file /opt/airflow/dags/shopee_dags.py for tasks to queue
[2026-05-16T07:11:42.729+0000] {logging_mixin.py:188} INFO - [2026-05-16T07:11:42.728+0000] {dagbag.py:538} INFO - Filling up the DagBag from /opt/airflow/dags/shopee_dags.py
[2026-05-16T07:11:42.765+0000] {processor.py:840} INFO - DAG(s) 'shopee_scraper' retrieved from /opt/airflow/dags/shopee_dags.py
[2026-05-16T07:11:42.793+0000] {logging_mixin.py:188} INFO - [2026-05-16T07:11:42.792+0000] {dag.py:3036} INFO - Sync 1 DAGs
[2026-05-16T07:11:42.838+0000] {logging_mixin.py:188} INFO - [2026-05-16T07:11:42.838+0000] {dag.py:3823} INFO - Setting next_dagrun for shopee_scraper to 2026-05-16 00:00:00+00:00, run_after=2026-05-17 00:00:00+00:00
[2026-05-16T07:11:42.876+0000] {processor.py:183} INFO - Processing /opt/airflow/dags/shopee_dags.py took 0.160 seconds
[2026-05-16T07:12:13.040+0000] {processor.py:161} INFO - Started process (PID=579) to work on /opt/airflow/dags/shopee_dags.py
[2026-05-16T07:12:13.041+0000] {processor.py:830} INFO - Processing file /opt/airflow/dags/shopee_dags.py for tasks to queue
[2026-05-16T07:12:13.043+0000] {logging_mixin.py:188} INFO - [2026-05-16T07:12:13.042+0000] {dagbag.py:538} INFO - Filling up the DagBag from /opt/airflow/dags/shopee_dags.py
[2026-05-16T07:12:13.077+0000] {processor.py:840} INFO - DAG(s) 'shopee_scraper' retrieved from /opt/airflow/dags/shopee_dags.py
[2026-05-16T07:12:13.101+0000] {logging_mixin.py:188} INFO - [2026-05-16T07:12:13.100+0000] {dag.py:3036} INFO - Sync 1 DAGs
[2026-05-16T07:12:13.139+0000] {logging_mixin.py:188} INFO - [2026-05-16T07:12:13.139+0000] {dag.py:3823} INFO - Setting next_dagrun for shopee_scraper to 2026-05-16 00:00:00+00:00, run_after=2026-05-17 00:00:00+00:00
[2026-05-16T07:12:13.182+0000] {processor.py:183} INFO - Processing /opt/airflow/dags/shopee_dags.py took 0.147 seconds
[2026-05-16T07:12:43.433+0000] {processor.py:161} INFO - Started process (PID=584) to work on /opt/airflow/dags/shopee_dags.py
[2026-05-16T07:12:43.436+0000] {processor.py:830} INFO - Processing file /opt/airflow/dags/shopee_dags.py for tasks to queue
[2026-05-16T07:12:43.439+0000] {logging_mixin.py:188} INFO - [2026-05-16T07:12:43.438+0000] {dagbag.py:538} INFO - Filling up the DagBag from /opt/airflow/dags/shopee_dags.py
[2026-05-16T07:12:43.489+0000] {processor.py:840} INFO - DAG(s) 'shopee_scraper' retrieved from /opt/airflow/dags/shopee_dags.py
[2026-05-16T07:12:43.529+0000] {logging_mixin.py:188} INFO - [2026-05-16T07:12:43.528+0000] {dag.py:3036} INFO - Sync 1 DAGs
[2026-05-16T07:12:43.585+0000] {logging_mixin.py:188} INFO - [2026-05-16T07:12:43.584+0000] {dag.py:3823} INFO - Setting next_dagrun for shopee_scraper to 2026-05-16 00:00:00+00:00, run_after=2026-05-17 00:00:00+00:00
[2026-05-16T07:12:43.630+0000] {processor.py:183} INFO - Processing /opt/airflow/dags/shopee_dags.py took 0.206 seconds
[2026-05-16T07:13:13.862+0000] {processor.py:161} INFO - Started process (PID=589) to work on /opt/airflow/dags/shopee_dags.py
[2026-05-16T07:13:13.863+0000] {processor.py:830} INFO - Processing file /opt/airflow/dags/shopee_dags.py for tasks to queue
[2026-05-16T07:13:13.865+0000] {logging_mixin.py:188} INFO - [2026-05-16T07:13:13.864+0000] {dagbag.py:538} INFO - Filling up the DagBag from /opt/airflow/dags/shopee_dags.py
[2026-05-16T07:13:13.894+0000] {processor.py:840} INFO - DAG(s) 'shopee_scraper' retrieved from /opt/airflow/dags/shopee_dags.py
[2026-05-16T07:13:13.918+0000] {logging_mixin.py:188} INFO - [2026-05-16T07:13:13.918+0000] {dag.py:3036} INFO - Sync 1 DAGs
[2026-05-16T07:13:13.969+0000] {logging_mixin.py:188} INFO - [2026-05-16T07:13:13.969+0000] {dag.py:3823} INFO - Setting next_dagrun for shopee_scraper to 2026-05-16 00:00:00+00:00, run_after=2026-05-17 00:00:00+00:00
[2026-05-16T07:13:14.008+0000] {processor.py:183} INFO - Processing /opt/airflow/dags/shopee_dags.py took 0.152 seconds
[2026-05-16T07:13:44.080+0000] {processor.py:161} INFO - Started process (PID=594) to work on /opt/airflow/dags/shopee_dags.py
[2026-05-16T07:13:44.082+0000] {processor.py:830} INFO - Processing file /opt/airflow/dags/shopee_dags.py for tasks to queue
[2026-05-16T07:13:44.084+0000] {logging_mixin.py:188} INFO - [2026-05-16T07:13:44.083+0000] {dagbag.py:538} INFO - Filling up the DagBag from /opt/airflow/dags/shopee_dags.py
[2026-05-16T07:13:44.121+0000] {processor.py:840} INFO - DAG(s) 'shopee_scraper' retrieved from /opt/airflow/dags/shopee_dags.py
[2026-05-16T07:13:44.155+0000] {logging_mixin.py:188} INFO - [2026-05-16T07:13:44.154+0000] {dag.py:3036} INFO - Sync 1 DAGs
[2026-05-16T07:13:44.218+0000] {logging_mixin.py:188} INFO - [2026-05-16T07:13:44.217+0000] {dag.py:3823} INFO - Setting next_dagrun for shopee_scraper to 2026-05-16 00:00:00+00:00, run_after=2026-05-17 00:00:00+00:00
[2026-05-16T07:13:44.264+0000] {processor.py:183} INFO - Processing /opt/airflow/dags/shopee_dags.py took 0.190 seconds
[2026-05-16T07:15:21.502+0000] {processor.py:161} INFO - Started process (PID=170) to work on /opt/airflow/dags/shopee_dags.py
[2026-05-16T07:15:21.520+0000] {processor.py:830} INFO - Processing file /opt/airflow/dags/shopee_dags.py for tasks to queue
[2026-05-16T07:15:21.528+0000] {logging_mixin.py:188} INFO - [2026-05-16T07:15:21.525+0000] {dagbag.py:538} INFO - Filling up the DagBag from /opt/airflow/dags/shopee_dags.py
[2026-05-16T07:15:21.761+0000] {processor.py:840} INFO - DAG(s) 'shopee_scraper' retrieved from /opt/airflow/dags/shopee_dags.py
[2026-05-16T07:15:21.870+0000] {logging_mixin.py:188} INFO - [2026-05-16T07:15:21.870+0000] {dag.py:3036} INFO - Sync 1 DAGs
[2026-05-16T07:15:22.015+0000] {logging_mixin.py:188} INFO - [2026-05-16T07:15:22.014+0000] {dag.py:3823} INFO - Setting next_dagrun for shopee_scraper to 2026-05-16 00:00:00+00:00, run_after=2026-05-17 00:00:00+00:00
[2026-05-16T07:15:22.088+0000] {processor.py:183} INFO - Processing /opt/airflow/dags/shopee_dags.py took 0.635 seconds
[2026-05-16T07:15:52.414+0000] {processor.py:161} INFO - Started process (PID=176) to work on /opt/airflow/dags/shopee_dags.py
[2026-05-16T07:15:52.418+0000] {processor.py:830} INFO - Processing file /opt/airflow/dags/shopee_dags.py for tasks to queue
[2026-05-16T07:15:52.421+0000] {logging_mixin.py:188} INFO - [2026-05-16T07:15:52.420+0000] {dagbag.py:538} INFO - Filling up the DagBag from /opt/airflow/dags/shopee_dags.py
[2026-05-16T07:15:52.636+0000] {processor.py:840} INFO - DAG(s) 'shopee_scraper' retrieved from /opt/airflow/dags/shopee_dags.py
[2026-05-16T07:15:52.788+0000] {logging_mixin.py:188} INFO - [2026-05-16T07:15:52.787+0000] {dag.py:3036} INFO - Sync 1 DAGs
[2026-05-16T07:15:52.989+0000] {logging_mixin.py:188} INFO - [2026-05-16T07:15:52.988+0000] {dag.py:3823} INFO - Setting next_dagrun for shopee_scraper to 2026-05-16 00:00:00+00:00, run_after=2026-05-17 00:00:00+00:00
[2026-05-16T07:15:53.096+0000] {processor.py:183} INFO - Processing /opt/airflow/dags/shopee_dags.py took 0.701 seconds
[2026-05-16T07:16:23.595+0000] {processor.py:161} INFO - Started process (PID=189) to work on /opt/airflow/dags/shopee_dags.py
[2026-05-16T07:16:23.610+0000] {processor.py:830} INFO - Processing file /opt/airflow/dags/shopee_dags.py for tasks to queue
[2026-05-16T07:16:23.634+0000] {logging_mixin.py:188} INFO - [2026-05-16T07:16:23.611+0000] {dagbag.py:538} INFO - Filling up the DagBag from /opt/airflow/dags/shopee_dags.py
[2026-05-16T07:16:23.745+0000] {processor.py:840} INFO - DAG(s) 'shopee_scraper' retrieved from /opt/airflow/dags/shopee_dags.py
[2026-05-16T07:16:23.800+0000] {logging_mixin.py:188} INFO - [2026-05-16T07:16:23.800+0000] {dag.py:3036} INFO - Sync 1 DAGs
[2026-05-16T07:16:24.311+0000] {logging_mixin.py:188} INFO - [2026-05-16T07:16:24.295+0000] {dag.py:3823} INFO - Setting next_dagrun for shopee_scraper to 2026-05-16 00:00:00+00:00, run_after=2026-05-17 00:00:00+00:00
[2026-05-16T07:16:24.378+0000] {processor.py:183} INFO - Processing /opt/airflow/dags/shopee_dags.py took 0.787 seconds
[2026-05-16T07:16:55.937+0000] {processor.py:161} INFO - Started process (PID=302) to work on /opt/airflow/dags/shopee_dags.py
[2026-05-16T07:16:56.050+0000] {processor.py:830} INFO - Processing file /opt/airflow/dags/shopee_dags.py for tasks to queue
[2026-05-16T07:16:56.153+0000] {logging_mixin.py:188} INFO - [2026-05-16T07:16:56.084+0000] {dagbag.py:538} INFO - Filling up the DagBag from /opt/airflow/dags/shopee_dags.py
[2026-05-16T07:16:58.812+0000] {processor.py:840} INFO - DAG(s) 'shopee_scraper' retrieved from /opt/airflow/dags/shopee_dags.py
[2026-05-16T07:16:59.134+0000] {logging_mixin.py:188} INFO - [2026-05-16T07:16:59.133+0000] {dag.py:3036} INFO - Sync 1 DAGs
[2026-05-16T07:17:00.727+0000] {logging_mixin.py:188} INFO - [2026-05-16T07:17:00.724+0000] {dag.py:3823} INFO - Setting next_dagrun for shopee_scraper to 2026-05-16 00:00:00+00:00, run_after=2026-05-17 00:00:00+00:00
[2026-05-16T07:17:01.076+0000] {processor.py:183} INFO - Processing /opt/airflow/dags/shopee_dags.py took 5.361 seconds
[2026-05-16T07:17:33.094+0000] {processor.py:161} INFO - Started process (PID=472) to work on /opt/airflow/dags/shopee_dags.py
[2026-05-16T07:17:33.125+0000] {processor.py:830} INFO - Processing file /opt/airflow/dags/shopee_dags.py for tasks to queue
[2026-05-16T07:17:33.208+0000] {logging_mixin.py:188} INFO - [2026-05-16T07:17:33.167+0000] {dagbag.py:538} INFO - Filling up the DagBag from /opt/airflow/dags/shopee_dags.py
[2026-05-16T07:17:34.085+0000] {processor.py:840} INFO - DAG(s) 'shopee_scraper' retrieved from /opt/airflow/dags/shopee_dags.py
[2026-05-16T07:17:34.223+0000] {logging_mixin.py:188} INFO - [2026-05-16T07:17:34.223+0000] {dag.py:3036} INFO - Sync 1 DAGs
[2026-05-16T07:17:34.418+0000] {logging_mixin.py:188} INFO - [2026-05-16T07:17:34.416+0000] {dag.py:3823} INFO - Setting next_dagrun for shopee_scraper to 2026-05-16 00:00:00+00:00, run_after=2026-05-17 00:00:00+00:00
[2026-05-16T07:17:34.525+0000] {processor.py:183} INFO - Processing /opt/airflow/dags/shopee_dags.py took 1.991 seconds
[2026-05-16T07:18:06.156+0000] {processor.py:161} INFO - Started process (PID=515) to work on /opt/airflow/dags/shopee_dags.py
[2026-05-16T07:18:06.165+0000] {processor.py:830} INFO - Processing file /opt/airflow/dags/shopee_dags.py for tasks to queue
[2026-05-16T07:18:06.247+0000] {logging_mixin.py:188} INFO - [2026-05-16T07:18:06.231+0000] {dagbag.py:538} INFO - Filling up the DagBag from /opt/airflow/dags/shopee_dags.py
[2026-05-16T07:18:07.710+0000] {processor.py:840} INFO - DAG(s) 'shopee_scraper' retrieved from /opt/airflow/dags/shopee_dags.py
[2026-05-16T07:18:10.731+0000] {logging_mixin.py:188} INFO - [2026-05-16T07:18:10.731+0000] {dag.py:3036} INFO - Sync 1 DAGs
[2026-05-16T07:18:10.855+0000] {logging_mixin.py:188} INFO - [2026-05-16T07:18:10.854+0000] {dag.py:3823} INFO - Setting next_dagrun for shopee_scraper to 2026-05-16 00:00:00+00:00, run_after=2026-05-17 00:00:00+00:00
[2026-05-16T07:18:10.952+0000] {processor.py:183} INFO - Processing /opt/airflow/dags/shopee_dags.py took 4.883 seconds
[2026-05-16T07:18:41.433+0000] {processor.py:161} INFO - Started process (PID=580) to work on /opt/airflow/dags/shopee_dags.py
[2026-05-16T07:18:41.436+0000] {processor.py:830} INFO - Processing file /opt/airflow/dags/shopee_dags.py for tasks to queue
[2026-05-16T07:18:41.448+0000] {logging_mixin.py:188} INFO - [2026-05-16T07:18:41.446+0000] {dagbag.py:538} INFO - Filling up the DagBag from /opt/airflow/dags/shopee_dags.py
[2026-05-16T07:18:41.514+0000] {processor.py:840} INFO - DAG(s) 'shopee_scraper' retrieved from /opt/airflow/dags/shopee_dags.py
[2026-05-16T07:18:41.561+0000] {logging_mixin.py:188} INFO - [2026-05-16T07:18:41.560+0000] {dag.py:3036} INFO - Sync 1 DAGs
[2026-05-16T07:18:41.675+0000] {logging_mixin.py:188} INFO - [2026-05-16T07:18:41.674+0000] {dag.py:3823} INFO - Setting next_dagrun for shopee_scraper to 2026-05-16 00:00:00+00:00, run_after=2026-05-17 00:00:00+00:00
[2026-05-16T07:18:41.766+0000] {processor.py:183} INFO - Processing /opt/airflow/dags/shopee_dags.py took 0.353 seconds
[2026-05-16T07:19:12.279+0000] {processor.py:161} INFO - Started process (PID=636) to work on /opt/airflow/dags/shopee_dags.py
[2026-05-16T07:19:12.336+0000] {processor.py:830} INFO - Processing file /opt/airflow/dags/shopee_dags.py for tasks to queue
[2026-05-16T07:19:12.345+0000] {logging_mixin.py:188} INFO - [2026-05-16T07:19:12.342+0000] {dagbag.py:538} INFO - Filling up the DagBag from /opt/airflow/dags/shopee_dags.py
[2026-05-16T07:19:12.715+0000] {processor.py:840} INFO - DAG(s) 'shopee_scraper' retrieved from /opt/airflow/dags/shopee_dags.py
[2026-05-16T07:19:12.915+0000] {logging_mixin.py:188} INFO - [2026-05-16T07:19:12.913+0000] {dag.py:3036} INFO - Sync 1 DAGs
[2026-05-16T07:19:13.353+0000] {logging_mixin.py:188} INFO - [2026-05-16T07:19:13.352+0000] {dag.py:3823} INFO - Setting next_dagrun for shopee_scraper to 2026-05-16 00:00:00+00:00, run_after=2026-05-17 00:00:00+00:00
[2026-05-16T07:19:13.490+0000] {processor.py:183} INFO - Processing /opt/airflow/dags/shopee_dags.py took 1.322 seconds
[2026-05-16T07:19:44.500+0000] {processor.py:161} INFO - Started process (PID=703) to work on /opt/airflow/dags/shopee_dags.py
[2026-05-16T07:19:44.530+0000] {processor.py:830} INFO - Processing file /opt/airflow/dags/shopee_dags.py for tasks to queue
[2026-05-16T07:19:44.561+0000] {logging_mixin.py:188} INFO - [2026-05-16T07:19:44.553+0000] {dagbag.py:538} INFO - Filling up the DagBag from /opt/airflow/dags/shopee_dags.py
[2026-05-16T07:19:44.948+0000] {processor.py:840} INFO - DAG(s) 'shopee_scraper' retrieved from /opt/airflow/dags/shopee_dags.py
[2026-05-16T07:19:45.124+0000] {logging_mixin.py:188} INFO - [2026-05-16T07:19:45.124+0000] {dag.py:3036} INFO - Sync 1 DAGs
[2026-05-16T07:19:45.478+0000] {logging_mixin.py:188} INFO - [2026-05-16T07:19:45.477+0000] {dag.py:3823} INFO - Setting next_dagrun for shopee_scraper to 2026-05-16 00:00:00+00:00, run_after=2026-05-17 00:00:00+00:00
[2026-05-16T07:19:45.595+0000] {processor.py:183} INFO - Processing /opt/airflow/dags/shopee_dags.py took 1.261 seconds
[2026-05-16T07:38:40.719+0000] {processor.py:161} INFO - Started process (PID=212) to work on /opt/airflow/dags/shopee_dags.py
[2026-05-16T07:38:40.760+0000] {processor.py:830} INFO - Processing file /opt/airflow/dags/shopee_dags.py for tasks to queue
[2026-05-16T07:38:40.804+0000] {logging_mixin.py:188} INFO - [2026-05-16T07:38:40.781+0000] {dagbag.py:538} INFO - Filling up the DagBag from /opt/airflow/dags/shopee_dags.py
[2026-05-16T07:38:41.341+0000] {processor.py:840} INFO - DAG(s) 'shopee_scraper' retrieved from /opt/airflow/dags/shopee_dags.py
[2026-05-16T07:38:41.772+0000] {logging_mixin.py:188} INFO - [2026-05-16T07:38:41.771+0000] {dag.py:3036} INFO - Sync 1 DAGs
[2026-05-16T07:38:42.409+0000] {logging_mixin.py:188} INFO - [2026-05-16T07:38:42.406+0000] {dag.py:3823} INFO - Setting next_dagrun for shopee_scraper to 2026-05-16 00:00:00+00:00, run_after=2026-05-17 00:00:00+00:00
[2026-05-16T07:38:42.731+0000] {processor.py:183} INFO - Processing /opt/airflow/dags/shopee_dags.py took 2.096 seconds
[2026-05-16T07:39:13.217+0000] {processor.py:161} INFO - Started process (PID=218) to work on /opt/airflow/dags/shopee_dags.py
[2026-05-16T07:39:13.241+0000] {processor.py:830} INFO - Processing file /opt/airflow/dags/shopee_dags.py for tasks to queue
[2026-05-16T07:39:13.258+0000] {logging_mixin.py:188} INFO - [2026-05-16T07:39:13.253+0000] {dagbag.py:538} INFO - Filling up the DagBag from /opt/airflow/dags/shopee_dags.py
[2026-05-16T07:39:13.745+0000] {processor.py:840} INFO - DAG(s) 'shopee_scraper' retrieved from /opt/airflow/dags/shopee_dags.py
[2026-05-16T07:39:13.840+0000] {logging_mixin.py:188} INFO - [2026-05-16T07:39:13.839+0000] {dag.py:3036} INFO - Sync 1 DAGs
[2026-05-16T07:39:14.057+0000] {logging_mixin.py:188} INFO - [2026-05-16T07:39:14.055+0000] {dag.py:3823} INFO - Setting next_dagrun for shopee_scraper to 2026-05-16 00:00:00+00:00, run_after=2026-05-17 00:00:00+00:00
[2026-05-16T07:39:14.162+0000] {processor.py:183} INFO - Processing /opt/airflow/dags/shopee_dags.py took 1.071 seconds
[2026-05-16T07:39:44.345+0000] {processor.py:161} INFO - Started process (PID=234) to work on /opt/airflow/dags/shopee_dags.py
[2026-05-16T07:39:44.348+0000] {processor.py:830} INFO - Processing file /opt/airflow/dags/shopee_dags.py for tasks to queue
[2026-05-16T07:39:44.351+0000] {logging_mixin.py:188} INFO - [2026-05-16T07:39:44.350+0000] {dagbag.py:538} INFO - Filling up the DagBag from /opt/airflow/dags/shopee_dags.py
[2026-05-16T07:39:44.431+0000] {processor.py:840} INFO - DAG(s) 'shopee_scraper' retrieved from /opt/airflow/dags/shopee_dags.py
[2026-05-16T07:39:44.480+0000] {logging_mixin.py:188} INFO - [2026-05-16T07:39:44.479+0000] {dag.py:3036} INFO - Sync 1 DAGs
[2026-05-16T07:39:44.632+0000] {logging_mixin.py:188} INFO - [2026-05-16T07:39:44.631+0000] {dag.py:3823} INFO - Setting next_dagrun for shopee_scraper to 2026-05-16 00:00:00+00:00, run_after=2026-05-17 00:00:00+00:00
[2026-05-16T07:39:44.698+0000] {processor.py:183} INFO - Processing /opt/airflow/dags/shopee_dags.py took 0.362 seconds
[2026-05-16T07:40:14.945+0000] {processor.py:161} INFO - Started process (PID=250) to work on /opt/airflow/dags/shopee_dags.py
[2026-05-16T07:40:14.947+0000] {processor.py:830} INFO - Processing file /opt/airflow/dags/shopee_dags.py for tasks to queue
[2026-05-16T07:40:14.948+0000] {logging_mixin.py:188} INFO - [2026-05-16T07:40:14.948+0000] {dagbag.py:538} INFO - Filling up the DagBag from /opt/airflow/dags/shopee_dags.py
[2026-05-16T07:40:15.052+0000] {processor.py:840} INFO - DAG(s) 'shopee_scraper' retrieved from /opt/airflow/dags/shopee_dags.py
[2026-05-16T07:40:15.078+0000] {logging_mixin.py:188} INFO - [2026-05-16T07:40:15.078+0000] {dag.py:3036} INFO - Sync 1 DAGs
[2026-05-16T07:40:15.144+0000] {logging_mixin.py:188} INFO - [2026-05-16T07:40:15.143+0000] {dag.py:3823} INFO - Setting next_dagrun for shopee_scraper to 2026-05-16 00:00:00+00:00, run_after=2026-05-17 00:00:00+00:00
[2026-05-16T07:40:15.599+0000] {processor.py:183} INFO - Processing /opt/airflow/dags/shopee_dags.py took 0.663 seconds
[2026-05-16T07:40:46.391+0000] {processor.py:161} INFO - Started process (PID=255) to work on /opt/airflow/dags/shopee_dags.py
[2026-05-16T07:40:46.394+0000] {processor.py:830} INFO - Processing file /opt/airflow/dags/shopee_dags.py for tasks to queue
[2026-05-16T07:40:46.396+0000] {logging_mixin.py:188} INFO - [2026-05-16T07:40:46.395+0000] {dagbag.py:538} INFO - Filling up the DagBag from /opt/airflow/dags/shopee_dags.py
[2026-05-16T07:40:46.546+0000] {processor.py:840} INFO - DAG(s) 'shopee_scraper' retrieved from /opt/airflow/dags/shopee_dags.py
[2026-05-16T07:40:46.567+0000] {logging_mixin.py:188} INFO - [2026-05-16T07:40:46.566+0000] {dag.py:3036} INFO - Sync 1 DAGs
[2026-05-16T07:40:46.669+0000] {logging_mixin.py:188} INFO - [2026-05-16T07:40:46.668+0000] {dag.py:3823} INFO - Setting next_dagrun for shopee_scraper to 2026-05-16 00:00:00+00:00, run_after=2026-05-17 00:00:00+00:00
[2026-05-16T07:40:46.809+0000] {processor.py:183} INFO - Processing /opt/airflow/dags/shopee_dags.py took 0.422 seconds
[2026-05-16T07:41:17.034+0000] {processor.py:161} INFO - Started process (PID=442) to work on /opt/airflow/dags/shopee_dags.py
[2026-05-16T07:41:17.037+0000] {processor.py:830} INFO - Processing file /opt/airflow/dags/shopee_dags.py for tasks to queue
[2026-05-16T07:41:17.039+0000] {logging_mixin.py:188} INFO - [2026-05-16T07:41:17.038+0000] {dagbag.py:538} INFO - Filling up the DagBag from /opt/airflow/dags/shopee_dags.py
[2026-05-16T07:41:17.251+0000] {processor.py:840} INFO - DAG(s) 'shopee_scraper' retrieved from /opt/airflow/dags/shopee_dags.py
[2026-05-16T07:41:17.299+0000] {logging_mixin.py:188} INFO - [2026-05-16T07:41:17.297+0000] {dag.py:3036} INFO - Sync 1 DAGs
[2026-05-16T07:41:17.423+0000] {logging_mixin.py:188} INFO - [2026-05-16T07:41:17.422+0000] {dag.py:3823} INFO - Setting next_dagrun for shopee_scraper to 2026-05-16 00:00:00+00:00, run_after=2026-05-17 00:00:00+00:00
[2026-05-16T07:41:17.479+0000] {processor.py:183} INFO - Processing /opt/airflow/dags/shopee_dags.py took 0.456 seconds
[2026-05-16T07:41:47.774+0000] {processor.py:161} INFO - Started process (PID=447) to work on /opt/airflow/dags/shopee_dags.py
[2026-05-16T07:41:47.775+0000] {processor.py:830} INFO - Processing file /opt/airflow/dags/shopee_dags.py for tasks to queue
[2026-05-16T07:41:47.776+0000] {logging_mixin.py:188} INFO - [2026-05-16T07:41:47.776+0000] {dagbag.py:538} INFO - Filling up the DagBag from /opt/airflow/dags/shopee_dags.py
[2026-05-16T07:41:47.804+0000] {processor.py:840} INFO - DAG(s) 'shopee_scraper' retrieved from /opt/airflow/dags/shopee_dags.py
[2026-05-16T07:41:47.826+0000] {logging_mixin.py:188} INFO - [2026-05-16T07:41:47.826+0000] {dag.py:3036} INFO - Sync 1 DAGs
[2026-05-16T07:41:47.870+0000] {logging_mixin.py:188} INFO - [2026-05-16T07:41:47.870+0000] {dag.py:3823} INFO - Setting next_dagrun for shopee_scraper to 2026-05-16 00:00:00+00:00, run_after=2026-05-17 00:00:00+00:00
[2026-05-16T07:41:47.913+0000] {processor.py:183} INFO - Processing /opt/airflow/dags/shopee_dags.py took 0.144 seconds
[2026-05-16T07:42:17.996+0000] {processor.py:161} INFO - Started process (PID=452) to work on /opt/airflow/dags/shopee_dags.py
[2026-05-16T07:42:17.998+0000] {processor.py:830} INFO - Processing file /opt/airflow/dags/shopee_dags.py for tasks to queue
[2026-05-16T07:42:18.000+0000] {logging_mixin.py:188} INFO - [2026-05-16T07:42:17.999+0000] {dagbag.py:538} INFO - Filling up the DagBag from /opt/airflow/dags/shopee_dags.py
[2026-05-16T07:42:18.039+0000] {processor.py:840} INFO - DAG(s) 'shopee_scraper' retrieved from /opt/airflow/dags/shopee_dags.py
[2026-05-16T07:42:18.068+0000] {logging_mixin.py:188} INFO - [2026-05-16T07:42:18.067+0000] {dag.py:3036} INFO - Sync 1 DAGs
[2026-05-16T07:42:18.112+0000] {logging_mixin.py:188} INFO - [2026-05-16T07:42:18.111+0000] {dag.py:3823} INFO - Setting next_dagrun for shopee_scraper to 2026-05-16 00:00:00+00:00, run_after=2026-05-17 00:00:00+00:00
[2026-05-16T07:42:18.144+0000] {processor.py:183} INFO - Processing /opt/airflow/dags/shopee_dags.py took 0.156 seconds
[2026-05-16T07:42:48.331+0000] {processor.py:161} INFO - Started process (PID=457) to work on /opt/airflow/dags/shopee_dags.py
[2026-05-16T07:42:48.333+0000] {processor.py:830} INFO - Processing file /opt/airflow/dags/shopee_dags.py for tasks to queue
[2026-05-16T07:42:48.334+0000] {logging_mixin.py:188} INFO - [2026-05-16T07:42:48.334+0000] {dagbag.py:538} INFO - Filling up the DagBag from /opt/airflow/dags/shopee_dags.py
[2026-05-16T07:42:48.406+0000] {processor.py:840} INFO - DAG(s) 'shopee_scraper' retrieved from /opt/airflow/dags/shopee_dags.py
[2026-05-16T07:42:48.483+0000] {logging_mixin.py:188} INFO - [2026-05-16T07:42:48.482+0000] {dag.py:3036} INFO - Sync 1 DAGs
[2026-05-16T07:42:48.671+0000] {logging_mixin.py:188} INFO - [2026-05-16T07:42:48.671+0000] {dag.py:3823} INFO - Setting next_dagrun for shopee_scraper to 2026-05-16 00:00:00+00:00, run_after=2026-05-17 00:00:00+00:00
[2026-05-16T07:42:48.815+0000] {processor.py:183} INFO - Processing /opt/airflow/dags/shopee_dags.py took 0.488 seconds
[2026-05-16T07:43:19.022+0000] {processor.py:161} INFO - Started process (PID=462) to work on /opt/airflow/dags/shopee_dags.py
[2026-05-16T07:43:19.024+0000] {processor.py:830} INFO - Processing file /opt/airflow/dags/shopee_dags.py for tasks to queue
[2026-05-16T07:43:19.026+0000] {logging_mixin.py:188} INFO - [2026-05-16T07:43:19.025+0000] {dagbag.py:538} INFO - Filling up the DagBag from /opt/airflow/dags/shopee_dags.py
[2026-05-16T07:43:19.061+0000] {processor.py:840} INFO - DAG(s) 'shopee_scraper' retrieved from /opt/airflow/dags/shopee_dags.py
[2026-05-16T07:43:19.091+0000] {logging_mixin.py:188} INFO - [2026-05-16T07:43:19.091+0000] {dag.py:3036} INFO - Sync 1 DAGs
[2026-05-16T07:43:19.137+0000] {logging_mixin.py:188} INFO - [2026-05-16T07:43:19.137+0000] {dag.py:3823} INFO - Setting next_dagrun for shopee_scraper to 2026-05-16 00:00:00+00:00, run_after=2026-05-17 00:00:00+00:00
[2026-05-16T07:43:19.167+0000] {processor.py:183} INFO - Processing /opt/airflow/dags/shopee_dags.py took 0.150 seconds
[2026-05-16T07:43:49.420+0000] {processor.py:161} INFO - Started process (PID=467) to work on /opt/airflow/dags/shopee_dags.py
[2026-05-16T07:43:49.422+0000] {processor.py:830} INFO - Processing file /opt/airflow/dags/shopee_dags.py for tasks to queue
[2026-05-16T07:43:49.424+0000] {logging_mixin.py:188} INFO - [2026-05-16T07:43:49.423+0000] {dagbag.py:538} INFO - Filling up the DagBag from /opt/airflow/dags/shopee_dags.py
[2026-05-16T07:43:49.461+0000] {processor.py:840} INFO - DAG(s) 'shopee_scraper' retrieved from /opt/airflow/dags/shopee_dags.py
[2026-05-16T07:43:49.487+0000] {logging_mixin.py:188} INFO - [2026-05-16T07:43:49.487+0000] {dag.py:3036} INFO - Sync 1 DAGs
[2026-05-16T07:43:49.535+0000] {logging_mixin.py:188} INFO - [2026-05-16T07:43:49.535+0000] {dag.py:3823} INFO - Setting next_dagrun for shopee_scraper to 2026-05-16 00:00:00+00:00, run_after=2026-05-17 00:00:00+00:00
[2026-05-16T07:43:49.570+0000] {processor.py:183} INFO - Processing /opt/airflow/dags/shopee_dags.py took 0.156 seconds
[2026-05-16T07:44:19.770+0000] {processor.py:161} INFO - Started process (PID=480) to work on /opt/airflow/dags/shopee_dags.py
[2026-05-16T07:44:19.782+0000] {processor.py:830} INFO - Processing file /opt/airflow/dags/shopee_dags.py for tasks to queue
[2026-05-16T07:44:19.789+0000] {logging_mixin.py:188} INFO - [2026-05-16T07:44:19.785+0000] {dagbag.py:538} INFO - Filling up the DagBag from /opt/airflow/dags/shopee_dags.py
[2026-05-16T07:44:19.859+0000] {processor.py:840} INFO - DAG(s) 'shopee_scraper' retrieved from /opt/airflow/dags/shopee_dags.py
[2026-05-16T07:44:19.983+0000] {logging_mixin.py:188} INFO - [2026-05-16T07:44:19.982+0000] {dag.py:3036} INFO - Sync 1 DAGs
[2026-05-16T07:44:20.189+0000] {logging_mixin.py:188} INFO - [2026-05-16T07:44:20.188+0000] {dag.py:3823} INFO - Setting next_dagrun for shopee_scraper to 2026-05-16 00:00:00+00:00, run_after=2026-05-17 00:00:00+00:00
[2026-05-16T07:44:20.224+0000] {processor.py:183} INFO - Processing /opt/airflow/dags/shopee_dags.py took 0.519 seconds
[2026-05-16T08:31:27.606+0000] {processor.py:161} INFO - Started process (PID=180) to work on /opt/airflow/dags/shopee_dags.py
[2026-05-16T08:31:27.609+0000] {processor.py:830} INFO - Processing file /opt/airflow/dags/shopee_dags.py for tasks to queue
[2026-05-16T08:31:27.613+0000] {logging_mixin.py:188} INFO - [2026-05-16T08:31:27.612+0000] {dagbag.py:545} INFO - Filling up the DagBag from /opt/airflow/dags/shopee_dags.py
[2026-05-16T08:31:27.700+0000] {processor.py:840} INFO - DAG(s) 'shopee_scraper' retrieved from /opt/airflow/dags/shopee_dags.py
[2026-05-16T08:31:27.792+0000] {logging_mixin.py:188} INFO - [2026-05-16T08:31:27.791+0000] {dag.py:3096} INFO - Sync 1 DAGs
[2026-05-16T08:31:27.857+0000] {logging_mixin.py:188} INFO - [2026-05-16T08:31:27.857+0000] {dag.py:3954} INFO - Setting next_dagrun for shopee_scraper to 2026-05-16 00:00:00+00:00, run_after=2026-05-17 00:00:00+00:00
[2026-05-16T08:31:27.902+0000] {processor.py:183} INFO - Processing /opt/airflow/dags/shopee_dags.py took 0.315 seconds
[2026-05-16T08:31:58.480+0000] {processor.py:161} INFO - Started process (PID=247) to work on /opt/airflow/dags/shopee_dags.py
[2026-05-16T08:31:58.484+0000] {processor.py:830} INFO - Processing file /opt/airflow/dags/shopee_dags.py for tasks to queue
[2026-05-16T08:31:58.516+0000] {logging_mixin.py:188} INFO - [2026-05-16T08:31:58.513+0000] {dagbag.py:545} INFO - Filling up the DagBag from /opt/airflow/dags/shopee_dags.py
[2026-05-16T08:31:58.837+0000] {processor.py:840} INFO - DAG(s) 'shopee_scraper' retrieved from /opt/airflow/dags/shopee_dags.py
[2026-05-16T08:31:58.899+0000] {logging_mixin.py:188} INFO - [2026-05-16T08:31:58.899+0000] {dag.py:3096} INFO - Sync 1 DAGs
[2026-05-16T08:31:59.005+0000] {logging_mixin.py:188} INFO - [2026-05-16T08:31:59.005+0000] {dag.py:3954} INFO - Setting next_dagrun for shopee_scraper to 2026-05-16 00:00:00+00:00, run_after=2026-05-17 00:00:00+00:00
[2026-05-16T08:31:59.059+0000] {processor.py:183} INFO - Processing /opt/airflow/dags/shopee_dags.py took 0.660 seconds
[2026-05-16T08:32:29.183+0000] {processor.py:161} INFO - Started process (PID=267) to work on /opt/airflow/dags/shopee_dags.py
[2026-05-16T08:32:29.184+0000] {processor.py:830} INFO - Processing file /opt/airflow/dags/shopee_dags.py for tasks to queue
[2026-05-16T08:32:29.187+0000] {logging_mixin.py:188} INFO - [2026-05-16T08:32:29.186+0000] {dagbag.py:545} INFO - Filling up the DagBag from /opt/airflow/dags/shopee_dags.py
[2026-05-16T08:32:29.213+0000] {processor.py:840} INFO - DAG(s) 'shopee_scraper' retrieved from /opt/airflow/dags/shopee_dags.py
[2026-05-16T08:32:29.232+0000] {logging_mixin.py:188} INFO - [2026-05-16T08:32:29.232+0000] {dag.py:3096} INFO - Sync 1 DAGs
[2026-05-16T08:32:29.266+0000] {logging_mixin.py:188} INFO - [2026-05-16T08:32:29.266+0000] {dag.py:3954} INFO - Setting next_dagrun for shopee_scraper to 2026-05-16 00:00:00+00:00, run_after=2026-05-17 00:00:00+00:00
[2026-05-16T08:32:29.293+0000] {processor.py:183} INFO - Processing /opt/airflow/dags/shopee_dags.py took 0.119 seconds
[2026-05-16T08:32:59.420+0000] {processor.py:161} INFO - Started process (PID=274) to work on /opt/airflow/dags/shopee_dags.py
[2026-05-16T08:32:59.424+0000] {processor.py:830} INFO - Processing file /opt/airflow/dags/shopee_dags.py for tasks to queue
[2026-05-16T08:32:59.427+0000] {logging_mixin.py:188} INFO - [2026-05-16T08:32:59.426+0000] {dagbag.py:545} INFO - Filling up the DagBag from /opt/airflow/dags/shopee_dags.py
[2026-05-16T08:32:59.464+0000] {processor.py:840} INFO - DAG(s) 'shopee_scraper' retrieved from /opt/airflow/dags/shopee_dags.py
[2026-05-16T08:32:59.496+0000] {logging_mixin.py:188} INFO - [2026-05-16T08:32:59.495+0000] {dag.py:3096} INFO - Sync 1 DAGs
[2026-05-16T08:32:59.542+0000] {logging_mixin.py:188} INFO - [2026-05-16T08:32:59.541+0000] {dag.py:3954} INFO - Setting next_dagrun for shopee_scraper to 2026-05-16 00:00:00+00:00, run_after=2026-05-17 00:00:00+00:00
[2026-05-16T08:32:59.595+0000] {processor.py:183} INFO - Processing /opt/airflow/dags/shopee_dags.py took 0.190 seconds
[2026-05-16T08:33:29.808+0000] {processor.py:161} INFO - Started process (PID=279) to work on /opt/airflow/dags/shopee_dags.py
[2026-05-16T08:33:29.811+0000] {processor.py:830} INFO - Processing file /opt/airflow/dags/shopee_dags.py for tasks to queue
[2026-05-16T08:33:29.816+0000] {logging_mixin.py:188} INFO - [2026-05-16T08:33:29.815+0000] {dagbag.py:545} INFO - Filling up the DagBag from /opt/airflow/dags/shopee_dags.py
[2026-05-16T08:33:29.845+0000] {processor.py:840} INFO - DAG(s) 'shopee_scraper' retrieved from /opt/airflow/dags/shopee_dags.py
[2026-05-16T08:33:29.865+0000] {logging_mixin.py:188} INFO - [2026-05-16T08:33:29.865+0000] {dag.py:3096} INFO - Sync 1 DAGs
[2026-05-16T08:33:29.907+0000] {logging_mixin.py:188} INFO - [2026-05-16T08:33:29.907+0000] {dag.py:3954} INFO - Setting next_dagrun for shopee_scraper to 2026-05-16 00:00:00+00:00, run_after=2026-05-17 00:00:00+00:00
[2026-05-16T08:33:29.938+0000] {processor.py:183} INFO - Processing /opt/airflow/dags/shopee_dags.py took 0.141 seconds
[2026-05-16T08:34:00.018+0000] {processor.py:161} INFO - Started process (PID=284) to work on /opt/airflow/dags/shopee_dags.py
[2026-05-16T08:34:00.020+0000] {processor.py:830} INFO - Processing file /opt/airflow/dags/shopee_dags.py for tasks to queue
[2026-05-16T08:34:00.024+0000] {logging_mixin.py:188} INFO - [2026-05-16T08:34:00.023+0000] {dagbag.py:545} INFO - Filling up the DagBag from /opt/airflow/dags/shopee_dags.py
[2026-05-16T08:34:00.061+0000] {processor.py:840} INFO - DAG(s) 'shopee_scraper' retrieved from /opt/airflow/dags/shopee_dags.py
[2026-05-16T08:34:00.090+0000] {logging_mixin.py:188} INFO - [2026-05-16T08:34:00.090+0000] {dag.py:3096} INFO - Sync 1 DAGs
[2026-05-16T08:34:00.128+0000] {logging_mixin.py:188} INFO - [2026-05-16T08:34:00.128+0000] {dag.py:3954} INFO - Setting next_dagrun for shopee_scraper to 2026-05-16 00:00:00+00:00, run_after=2026-05-17 00:00:00+00:00
[2026-05-16T08:34:00.156+0000] {processor.py:183} INFO - Processing /opt/airflow/dags/shopee_dags.py took 0.150 seconds
[2026-05-16T08:34:30.317+0000] {processor.py:161} INFO - Started process (PID=354) to work on /opt/airflow/dags/shopee_dags.py
[2026-05-16T08:34:30.319+0000] {processor.py:830} INFO - Processing file /opt/airflow/dags/shopee_dags.py for tasks to queue
[2026-05-16T08:34:30.321+0000] {logging_mixin.py:188} INFO - [2026-05-16T08:34:30.321+0000] {dagbag.py:545} INFO - Filling up the DagBag from /opt/airflow/dags/shopee_dags.py
[2026-05-16T08:34:30.349+0000] {processor.py:840} INFO - DAG(s) 'shopee_scraper' retrieved from /opt/airflow/dags/shopee_dags.py
[2026-05-16T08:34:30.373+0000] {logging_mixin.py:188} INFO - [2026-05-16T08:34:30.372+0000] {dag.py:3096} INFO - Sync 1 DAGs
[2026-05-16T08:34:30.413+0000] {logging_mixin.py:188} INFO - [2026-05-16T08:34:30.412+0000] {dag.py:3954} INFO - Setting next_dagrun for shopee_scraper to 2026-05-16 00:00:00+00:00, run_after=2026-05-17 00:00:00+00:00
[2026-05-16T08:34:30.441+0000] {processor.py:183} INFO - Processing /opt/airflow/dags/shopee_dags.py took 0.131 seconds
[2026-05-16T08:35:00.849+0000] {processor.py:161} INFO - Started process (PID=477) to work on /opt/airflow/dags/shopee_dags.py
[2026-05-16T08:35:00.853+0000] {processor.py:830} INFO - Processing file /opt/airflow/dags/shopee_dags.py for tasks to queue
[2026-05-16T08:35:00.878+0000] {logging_mixin.py:188} INFO - [2026-05-16T08:35:00.875+0000] {dagbag.py:545} INFO - Filling up the DagBag from /opt/airflow/dags/shopee_dags.py
[2026-05-16T08:35:00.989+0000] {processor.py:840} INFO - DAG(s) 'shopee_scraper' retrieved from /opt/airflow/dags/shopee_dags.py
[2026-05-16T08:35:01.065+0000] {logging_mixin.py:188} INFO - [2026-05-16T08:35:01.064+0000] {dag.py:3096} INFO - Sync 1 DAGs
[2026-05-16T08:35:01.246+0000] {logging_mixin.py:188} INFO - [2026-05-16T08:35:01.246+0000] {dag.py:3954} INFO - Setting next_dagrun for shopee_scraper to 2026-05-16 00:00:00+00:00, run_after=2026-05-17 00:00:00+00:00
[2026-05-16T08:35:01.335+0000] {processor.py:183} INFO - Processing /opt/airflow/dags/shopee_dags.py took 0.549 seconds
[2026-05-16T08:35:31.604+0000] {processor.py:161} INFO - Started process (PID=514) to work on /opt/airflow/dags/shopee_dags.py
[2026-05-16T08:35:31.607+0000] {processor.py:830} INFO - Processing file /opt/airflow/dags/shopee_dags.py for tasks to queue
[2026-05-16T08:35:31.611+0000] {logging_mixin.py:188} INFO - [2026-05-16T08:35:31.609+0000] {dagbag.py:545} INFO - Filling up the DagBag from /opt/airflow/dags/shopee_dags.py
[2026-05-16T08:35:31.653+0000] {processor.py:840} INFO - DAG(s) 'shopee_scraper' retrieved from /opt/airflow/dags/shopee_dags.py
[2026-05-16T08:35:31.683+0000] {logging_mixin.py:188} INFO - [2026-05-16T08:35:31.683+0000] {dag.py:3096} INFO - Sync 1 DAGs
[2026-05-16T08:35:31.732+0000] {logging_mixin.py:188} INFO - [2026-05-16T08:35:31.731+0000] {dag.py:3954} INFO - Setting next_dagrun for shopee_scraper to 2026-05-16 00:00:00+00:00, run_after=2026-05-17 00:00:00+00:00
[2026-05-16T08:35:31.768+0000] {processor.py:183} INFO - Processing /opt/airflow/dags/shopee_dags.py took 0.173 seconds
[2026-05-16T08:36:01.965+0000] {processor.py:161} INFO - Started process (PID=554) to work on /opt/airflow/dags/shopee_dags.py
[2026-05-16T08:36:01.967+0000] {processor.py:830} INFO - Processing file /opt/airflow/dags/shopee_dags.py for tasks to queue
[2026-05-16T08:36:01.976+0000] {logging_mixin.py:188} INFO - [2026-05-16T08:36:01.974+0000] {dagbag.py:545} INFO - Filling up the DagBag from /opt/airflow/dags/shopee_dags.py
[2026-05-16T08:36:02.068+0000] {processor.py:840} INFO - DAG(s) 'shopee_scraper' retrieved from /opt/airflow/dags/shopee_dags.py
[2026-05-16T08:36:02.101+0000] {logging_mixin.py:188} INFO - [2026-05-16T08:36:02.100+0000] {dag.py:3096} INFO - Sync 1 DAGs
[2026-05-16T08:36:02.159+0000] {logging_mixin.py:188} INFO - [2026-05-16T08:36:02.159+0000] {dag.py:3954} INFO - Setting next_dagrun for shopee_scraper to 2026-05-16 00:00:00+00:00, run_after=2026-05-17 00:00:00+00:00
[2026-05-16T08:36:02.206+0000] {processor.py:183} INFO - Processing /opt/airflow/dags/shopee_dags.py took 0.263 seconds
[2026-05-16T08:36:32.420+0000] {processor.py:161} INFO - Started process (PID=589) to work on /opt/airflow/dags/shopee_dags.py
[2026-05-16T08:36:32.423+0000] {processor.py:830} INFO - Processing file /opt/airflow/dags/shopee_dags.py for tasks to queue
[2026-05-16T08:36:32.427+0000] {logging_mixin.py:188} INFO - [2026-05-16T08:36:32.426+0000] {dagbag.py:545} INFO - Filling up the DagBag from /opt/airflow/dags/shopee_dags.py
[2026-05-16T08:36:32.466+0000] {processor.py:840} INFO - DAG(s) 'shopee_scraper' retrieved from /opt/airflow/dags/shopee_dags.py
[2026-05-16T08:36:32.492+0000] {logging_mixin.py:188} INFO - [2026-05-16T08:36:32.492+0000] {dag.py:3096} INFO - Sync 1 DAGs
[2026-05-16T08:36:32.550+0000] {logging_mixin.py:188} INFO - [2026-05-16T08:36:32.549+0000] {dag.py:3954} INFO - Setting next_dagrun for shopee_scraper to 2026-05-16 00:00:00+00:00, run_after=2026-05-17 00:00:00+00:00
[2026-05-16T08:36:32.592+0000] {processor.py:183} INFO - Processing /opt/airflow/dags/shopee_dags.py took 0.185 seconds
[2026-05-16T08:37:02.778+0000] {processor.py:161} INFO - Started process (PID=608) to work on /opt/airflow/dags/shopee_dags.py
[2026-05-16T08:37:02.780+0000] {processor.py:830} INFO - Processing file /opt/airflow/dags/shopee_dags.py for tasks to queue
[2026-05-16T08:37:02.782+0000] {logging_mixin.py:188} INFO - [2026-05-16T08:37:02.781+0000] {dagbag.py:545} INFO - Filling up the DagBag from /opt/airflow/dags/shopee_dags.py
[2026-05-16T08:37:02.809+0000] {processor.py:840} INFO - DAG(s) 'shopee_scraper' retrieved from /opt/airflow/dags/shopee_dags.py
[2026-05-16T08:37:02.831+0000] {logging_mixin.py:188} INFO - [2026-05-16T08:37:02.831+0000] {dag.py:3096} INFO - Sync 1 DAGs
[2026-05-16T08:37:02.880+0000] {logging_mixin.py:188} INFO - [2026-05-16T08:37:02.880+0000] {dag.py:3954} INFO - Setting next_dagrun for shopee_scraper to 2026-05-16 00:00:00+00:00, run_after=2026-05-17 00:00:00+00:00
[2026-05-16T08:37:02.914+0000] {processor.py:183} INFO - Processing /opt/airflow/dags/shopee_dags.py took 0.142 seconds
[2026-05-16T08:37:33.101+0000] {processor.py:161} INFO - Started process (PID=613) to work on /opt/airflow/dags/shopee_dags.py
[2026-05-16T08:37:33.103+0000] {processor.py:830} INFO - Processing file /opt/airflow/dags/shopee_dags.py for tasks to queue
[2026-05-16T08:37:33.105+0000] {logging_mixin.py:188} INFO - [2026-05-16T08:37:33.105+0000] {dagbag.py:545} INFO - Filling up the DagBag from /opt/airflow/dags/shopee_dags.py
[2026-05-16T08:37:33.138+0000] {processor.py:840} INFO - DAG(s) 'shopee_scraper' retrieved from /opt/airflow/dags/shopee_dags.py
[2026-05-16T08:37:33.174+0000] {logging_mixin.py:188} INFO - [2026-05-16T08:37:33.173+0000] {dag.py:3096} INFO - Sync 1 DAGs
[2026-05-16T08:37:33.226+0000] {logging_mixin.py:188} INFO - [2026-05-16T08:37:33.226+0000] {dag.py:3954} INFO - Setting next_dagrun for shopee_scraper to 2026-05-16 00:00:00+00:00, run_after=2026-05-17 00:00:00+00:00
[2026-05-16T08:37:33.300+0000] {processor.py:183} INFO - Processing /opt/airflow/dags/shopee_dags.py took 0.210 seconds
[2026-05-16T08:38:03.485+0000] {processor.py:161} INFO - Started process (PID=618) to work on /opt/airflow/dags/shopee_dags.py
[2026-05-16T08:38:03.487+0000] {processor.py:830} INFO - Processing file /opt/airflow/dags/shopee_dags.py for tasks to queue
[2026-05-16T08:38:03.489+0000] {logging_mixin.py:188} INFO - [2026-05-16T08:38:03.488+0000] {dagbag.py:545} INFO - Filling up the DagBag from /opt/airflow/dags/shopee_dags.py
[2026-05-16T08:38:03.524+0000] {processor.py:840} INFO - DAG(s) 'shopee_scraper' retrieved from /opt/airflow/dags/shopee_dags.py
[2026-05-16T08:38:03.561+0000] {logging_mixin.py:188} INFO - [2026-05-16T08:38:03.560+0000] {dag.py:3096} INFO - Sync 1 DAGs
[2026-05-16T08:38:03.600+0000] {logging_mixin.py:188} INFO - [2026-05-16T08:38:03.600+0000] {dag.py:3954} INFO - Setting next_dagrun for shopee_scraper to 2026-05-16 00:00:00+00:00, run_after=2026-05-17 00:00:00+00:00
[2026-05-16T08:38:03.641+0000] {processor.py:183} INFO - Processing /opt/airflow/dags/shopee_dags.py took 0.163 seconds
[2026-05-16T08:38:33.829+0000] {processor.py:161} INFO - Started process (PID=623) to work on /opt/airflow/dags/shopee_dags.py
[2026-05-16T08:38:33.830+0000] {processor.py:830} INFO - Processing file /opt/airflow/dags/shopee_dags.py for tasks to queue
[2026-05-16T08:38:33.833+0000] {logging_mixin.py:188} INFO - [2026-05-16T08:38:33.832+0000] {dagbag.py:545} INFO - Filling up the DagBag from /opt/airflow/dags/shopee_dags.py
[2026-05-16T08:38:33.858+0000] {processor.py:840} INFO - DAG(s) 'shopee_scraper' retrieved from /opt/airflow/dags/shopee_dags.py
[2026-05-16T08:38:33.880+0000] {logging_mixin.py:188} INFO - [2026-05-16T08:38:33.880+0000] {dag.py:3096} INFO - Sync 1 DAGs
[2026-05-16T08:38:33.912+0000] {logging_mixin.py:188} INFO - [2026-05-16T08:38:33.911+0000] {dag.py:3954} INFO - Setting next_dagrun for shopee_scraper to 2026-05-16 00:00:00+00:00, run_after=2026-05-17 00:00:00+00:00
[2026-05-16T08:38:33.933+0000] {processor.py:183} INFO - Processing /opt/airflow/dags/shopee_dags.py took 0.112 seconds
[2026-05-16T08:39:04.007+0000] {processor.py:161} INFO - Started process (PID=628) to work on /opt/airflow/dags/shopee_dags.py
[2026-05-16T08:39:04.008+0000] {processor.py:830} INFO - Processing file /opt/airflow/dags/shopee_dags.py for tasks to queue
[2026-05-16T08:39:04.009+0000] {logging_mixin.py:188} INFO - [2026-05-16T08:39:04.009+0000] {dagbag.py:545} INFO - Filling up the DagBag from /opt/airflow/dags/shopee_dags.py
[2026-05-16T08:39:04.026+0000] {processor.py:840} INFO - DAG(s) 'shopee_scraper' retrieved from /opt/airflow/dags/shopee_dags.py
[2026-05-16T08:39:04.040+0000] {logging_mixin.py:188} INFO - [2026-05-16T08:39:04.040+0000] {dag.py:3096} INFO - Sync 1 DAGs
[2026-05-16T08:39:04.062+0000] {logging_mixin.py:188} INFO - [2026-05-16T08:39:04.062+0000] {dag.py:3954} INFO - Setting next_dagrun for shopee_scraper to 2026-05-16 00:00:00+00:00, run_after=2026-05-17 00:00:00+00:00
[2026-05-16T08:39:04.083+0000] {processor.py:183} INFO - Processing /opt/airflow/dags/shopee_dags.py took 0.082 seconds
[2026-05-16T08:39:34.190+0000] {processor.py:161} INFO - Started process (PID=633) to work on /opt/airflow/dags/shopee_dags.py
[2026-05-16T08:39:34.191+0000] {processor.py:830} INFO - Processing file /opt/airflow/dags/shopee_dags.py for tasks to queue
[2026-05-16T08:39:34.193+0000] {logging_mixin.py:188} INFO - [2026-05-16T08:39:34.192+0000] {dagbag.py:545} INFO - Filling up the DagBag from /opt/airflow/dags/shopee_dags.py
[2026-05-16T08:39:34.209+0000] {processor.py:840} INFO - DAG(s) 'shopee_scraper' retrieved from /opt/airflow/dags/shopee_dags.py
[2026-05-16T08:39:34.225+0000] {logging_mixin.py:188} INFO - [2026-05-16T08:39:34.225+0000] {dag.py:3096} INFO - Sync 1 DAGs
[2026-05-16T08:39:34.254+0000] {logging_mixin.py:188} INFO - [2026-05-16T08:39:34.254+0000] {dag.py:3954} INFO - Setting next_dagrun for shopee_scraper to 2026-05-16 00:00:00+00:00, run_after=2026-05-17 00:00:00+00:00
[2026-05-16T08:39:34.277+0000] {processor.py:183} INFO - Processing /opt/airflow/dags/shopee_dags.py took 0.093 seconds
[2026-05-16T08:40:04.513+0000] {processor.py:161} INFO - Started process (PID=638) to work on /opt/airflow/dags/shopee_dags.py
[2026-05-16T08:40:04.514+0000] {processor.py:830} INFO - Processing file /opt/airflow/dags/shopee_dags.py for tasks to queue
[2026-05-16T08:40:04.516+0000] {logging_mixin.py:188} INFO - [2026-05-16T08:40:04.516+0000] {dagbag.py:545} INFO - Filling up the DagBag from /opt/airflow/dags/shopee_dags.py
[2026-05-16T08:40:04.535+0000] {processor.py:840} INFO - DAG(s) 'shopee_scraper' retrieved from /opt/airflow/dags/shopee_dags.py
[2026-05-16T08:40:04.551+0000] {logging_mixin.py:188} INFO - [2026-05-16T08:40:04.550+0000] {dag.py:3096} INFO - Sync 1 DAGs
[2026-05-16T08:40:04.577+0000] {logging_mixin.py:188} INFO - [2026-05-16T08:40:04.577+0000] {dag.py:3954} INFO - Setting next_dagrun for shopee_scraper to 2026-05-16 00:00:00+00:00, run_after=2026-05-17 00:00:00+00:00
[2026-05-16T08:40:04.597+0000] {processor.py:183} INFO - Processing /opt/airflow/dags/shopee_dags.py took 0.090 seconds
[2026-05-16T08:40:34.810+0000] {processor.py:161} INFO - Started process (PID=643) to work on /opt/airflow/dags/shopee_dags.py
[2026-05-16T08:40:34.811+0000] {processor.py:830} INFO - Processing file /opt/airflow/dags/shopee_dags.py for tasks to queue
[2026-05-16T08:40:34.813+0000] {logging_mixin.py:188} INFO - [2026-05-16T08:40:34.812+0000] {dagbag.py:545} INFO - Filling up the DagBag from /opt/airflow/dags/shopee_dags.py
[2026-05-16T08:40:34.842+0000] {processor.py:840} INFO - DAG(s) 'shopee_scraper' retrieved from /opt/airflow/dags/shopee_dags.py
[2026-05-16T08:40:35.412+0000] {logging_mixin.py:188} INFO - [2026-05-16T08:40:35.412+0000] {dag.py:3096} INFO - Sync 1 DAGs
[2026-05-16T08:40:35.432+0000] {logging_mixin.py:188} INFO - [2026-05-16T08:40:35.431+0000] {dag.py:3954} INFO - Setting next_dagrun for shopee_scraper to 2026-05-16 00:00:00+00:00, run_after=2026-05-17 00:00:00+00:00
[2026-05-16T08:40:35.455+0000] {processor.py:183} INFO - Processing /opt/airflow/dags/shopee_dags.py took 0.650 seconds
[2026-05-16T08:41:05.706+0000] {processor.py:161} INFO - Started process (PID=648) to work on /opt/airflow/dags/shopee_dags.py
[2026-05-16T08:41:05.707+0000] {processor.py:830} INFO - Processing file /opt/airflow/dags/shopee_dags.py for tasks to queue
[2026-05-16T08:41:05.709+0000] {logging_mixin.py:188} INFO - [2026-05-16T08:41:05.708+0000] {dagbag.py:545} INFO - Filling up the DagBag from /opt/airflow/dags/shopee_dags.py
[2026-05-16T08:41:05.727+0000] {processor.py:840} INFO - DAG(s) 'shopee_scraper' retrieved from /opt/airflow/dags/shopee_dags.py
[2026-05-16T08:41:05.743+0000] {logging_mixin.py:188} INFO - [2026-05-16T08:41:05.742+0000] {dag.py:3096} INFO - Sync 1 DAGs
[2026-05-16T08:41:05.767+0000] {logging_mixin.py:188} INFO - [2026-05-16T08:41:05.767+0000] {dag.py:3954} INFO - Setting next_dagrun for shopee_scraper to 2026-05-16 00:00:00+00:00, run_after=2026-05-17 00:00:00+00:00
[2026-05-16T08:41:05.807+0000] {processor.py:183} INFO - Processing /opt/airflow/dags/shopee_dags.py took 0.109 seconds
[2026-05-16T08:41:36.004+0000] {processor.py:161} INFO - Started process (PID=653) to work on /opt/airflow/dags/shopee_dags.py
[2026-05-16T08:41:36.005+0000] {processor.py:830} INFO - Processing file /opt/airflow/dags/shopee_dags.py for tasks to queue
[2026-05-16T08:41:36.007+0000] {logging_mixin.py:188} INFO - [2026-05-16T08:41:36.006+0000] {dagbag.py:545} INFO - Filling up the DagBag from /opt/airflow/dags/shopee_dags.py
[2026-05-16T08:41:36.023+0000] {processor.py:840} INFO - DAG(s) 'shopee_scraper' retrieved from /opt/airflow/dags/shopee_dags.py
[2026-05-16T08:41:36.142+0000] {logging_mixin.py:188} INFO - [2026-05-16T08:41:36.142+0000] {dag.py:3096} INFO - Sync 1 DAGs
[2026-05-16T08:41:36.173+0000] {logging_mixin.py:188} INFO - [2026-05-16T08:41:36.173+0000] {dag.py:3954} INFO - Setting next_dagrun for shopee_scraper to 2026-05-16 00:00:00+00:00, run_after=2026-05-17 00:00:00+00:00
[2026-05-16T08:41:36.213+0000] {processor.py:183} INFO - Processing /opt/airflow/dags/shopee_dags.py took 0.215 seconds
[2026-05-16T08:42:06.282+0000] {processor.py:161} INFO - Started process (PID=658) to work on /opt/airflow/dags/shopee_dags.py
[2026-05-16T08:42:06.283+0000] {processor.py:830} INFO - Processing file /opt/airflow/dags/shopee_dags.py for tasks to queue
[2026-05-16T08:42:06.285+0000] {logging_mixin.py:188} INFO - [2026-05-16T08:42:06.284+0000] {dagbag.py:545} INFO - Filling up the DagBag from /opt/airflow/dags/shopee_dags.py
[2026-05-16T08:42:06.331+0000] {processor.py:840} INFO - DAG(s) 'shopee_scraper' retrieved from /opt/airflow/dags/shopee_dags.py
[2026-05-16T08:42:06.345+0000] {logging_mixin.py:188} INFO - [2026-05-16T08:42:06.345+0000] {dag.py:3096} INFO - Sync 1 DAGs
[2026-05-16T08:42:06.370+0000] {logging_mixin.py:188} INFO - [2026-05-16T08:42:06.369+0000] {dag.py:3954} INFO - Setting next_dagrun for shopee_scraper to 2026-05-16 00:00:00+00:00, run_after=2026-05-17 00:00:00+00:00
[2026-05-16T08:42:06.389+0000] {processor.py:183} INFO - Processing /opt/airflow/dags/shopee_dags.py took 0.113 seconds
[2026-05-16T08:42:36.479+0000] {processor.py:161} INFO - Started process (PID=663) to work on /opt/airflow/dags/shopee_dags.py
[2026-05-16T08:42:36.481+0000] {processor.py:830} INFO - Processing file /opt/airflow/dags/shopee_dags.py for tasks to queue
[2026-05-16T08:42:36.483+0000] {logging_mixin.py:188} INFO - [2026-05-16T08:42:36.482+0000] {dagbag.py:545} INFO - Filling up the DagBag from /opt/airflow/dags/shopee_dags.py
[2026-05-16T08:42:36.499+0000] {processor.py:840} INFO - DAG(s) 'shopee_scraper' retrieved from /opt/airflow/dags/shopee_dags.py
[2026-05-16T08:42:36.600+0000] {logging_mixin.py:188} INFO - [2026-05-16T08:42:36.600+0000] {dag.py:3096} INFO - Sync 1 DAGs
[2026-05-16T08:42:36.618+0000] {logging_mixin.py:188} INFO - [2026-05-16T08:42:36.617+0000] {dag.py:3954} INFO - Setting next_dagrun for shopee_scraper to 2026-05-16 00:00:00+00:00, run_after=2026-05-17 00:00:00+00:00
[2026-05-16T08:42:36.638+0000] {processor.py:183} INFO - Processing /opt/airflow/dags/shopee_dags.py took 0.165 seconds
[2026-05-16T08:43:06.910+0000] {processor.py:161} INFO - Started process (PID=668) to work on /opt/airflow/dags/shopee_dags.py
[2026-05-16T08:43:06.911+0000] {processor.py:830} INFO - Processing file /opt/airflow/dags/shopee_dags.py for tasks to queue
[2026-05-16T08:43:06.913+0000] {logging_mixin.py:188} INFO - [2026-05-16T08:43:06.912+0000] {dagbag.py:545} INFO - Filling up the DagBag from /opt/airflow/dags/shopee_dags.py
[2026-05-16T08:43:06.933+0000] {processor.py:840} INFO - DAG(s) 'shopee_scraper' retrieved from /opt/airflow/dags/shopee_dags.py
[2026-05-16T08:43:06.964+0000] {logging_mixin.py:188} INFO - [2026-05-16T08:43:06.964+0000] {dag.py:3096} INFO - Sync 1 DAGs
[2026-05-16T08:43:06.988+0000] {logging_mixin.py:188} INFO - [2026-05-16T08:43:06.988+0000] {dag.py:3954} INFO - Setting next_dagrun for shopee_scraper to 2026-05-16 00:00:00+00:00, run_after=2026-05-17 00:00:00+00:00
[2026-05-16T08:43:07.015+0000] {processor.py:183} INFO - Processing /opt/airflow/dags/shopee_dags.py took 0.112 seconds
[2026-05-16T08:43:37.147+0000] {processor.py:161} INFO - Started process (PID=673) to work on /opt/airflow/dags/shopee_dags.py
[2026-05-16T08:43:37.148+0000] {processor.py:830} INFO - Processing file /opt/airflow/dags/shopee_dags.py for tasks to queue
[2026-05-16T08:43:37.149+0000] {logging_mixin.py:188} INFO - [2026-05-16T08:43:37.149+0000] {dagbag.py:545} INFO - Filling up the DagBag from /opt/airflow/dags/shopee_dags.py
[2026-05-16T08:43:37.165+0000] {processor.py:840} INFO - DAG(s) 'shopee_scraper' retrieved from /opt/airflow/dags/shopee_dags.py
[2026-05-16T08:43:37.179+0000] {logging_mixin.py:188} INFO - [2026-05-16T08:43:37.178+0000] {dag.py:3096} INFO - Sync 1 DAGs
[2026-05-16T08:43:37.201+0000] {logging_mixin.py:188} INFO - [2026-05-16T08:43:37.201+0000] {dag.py:3954} INFO - Setting next_dagrun for shopee_scraper to 2026-05-16 00:00:00+00:00, run_after=2026-05-17 00:00:00+00:00
[2026-05-16T08:43:37.222+0000] {processor.py:183} INFO - Processing /opt/airflow/dags/shopee_dags.py took 0.083 seconds
[2026-05-16T08:44:07.488+0000] {processor.py:161} INFO - Started process (PID=678) to work on /opt/airflow/dags/shopee_dags.py
[2026-05-16T08:44:07.488+0000] {processor.py:830} INFO - Processing file /opt/airflow/dags/shopee_dags.py for tasks to queue
[2026-05-16T08:44:07.490+0000] {logging_mixin.py:188} INFO - [2026-05-16T08:44:07.490+0000] {dagbag.py:545} INFO - Filling up the DagBag from /opt/airflow/dags/shopee_dags.py
[2026-05-16T08:44:07.505+0000] {processor.py:840} INFO - DAG(s) 'shopee_scraper' retrieved from /opt/airflow/dags/shopee_dags.py
[2026-05-16T08:44:07.603+0000] {logging_mixin.py:188} INFO - [2026-05-16T08:44:07.603+0000] {dag.py:3096} INFO - Sync 1 DAGs
[2026-05-16T08:44:07.622+0000] {logging_mixin.py:188} INFO - [2026-05-16T08:44:07.621+0000] {dag.py:3954} INFO - Setting next_dagrun for shopee_scraper to 2026-05-16 00:00:00+00:00, run_after=2026-05-17 00:00:00+00:00
[2026-05-16T08:44:07.642+0000] {processor.py:183} INFO - Processing /opt/airflow/dags/shopee_dags.py took 0.159 seconds
[2026-05-16T08:44:37.691+0000] {processor.py:161} INFO - Started process (PID=683) to work on /opt/airflow/dags/shopee_dags.py
[2026-05-16T08:44:37.693+0000] {processor.py:830} INFO - Processing file /opt/airflow/dags/shopee_dags.py for tasks to queue
[2026-05-16T08:44:37.695+0000] {logging_mixin.py:188} INFO - [2026-05-16T08:44:37.694+0000] {dagbag.py:545} INFO - Filling up the DagBag from /opt/airflow/dags/shopee_dags.py
[2026-05-16T08:44:37.714+0000] {processor.py:840} INFO - DAG(s) 'shopee_scraper' retrieved from /opt/airflow/dags/shopee_dags.py
[2026-05-16T08:44:37.728+0000] {logging_mixin.py:188} INFO - [2026-05-16T08:44:37.728+0000] {dag.py:3096} INFO - Sync 1 DAGs
[2026-05-16T08:44:37.754+0000] {logging_mixin.py:188} INFO - [2026-05-16T08:44:37.753+0000] {dag.py:3954} INFO - Setting next_dagrun for shopee_scraper to 2026-05-16 00:00:00+00:00, run_after=2026-05-17 00:00:00+00:00
[2026-05-16T08:44:37.774+0000] {processor.py:183} INFO - Processing /opt/airflow/dags/shopee_dags.py took 0.095 seconds
[2026-05-16T08:45:07.938+0000] {processor.py:161} INFO - Started process (PID=688) to work on /opt/airflow/dags/shopee_dags.py
[2026-05-16T08:45:07.939+0000] {processor.py:830} INFO - Processing file /opt/airflow/dags/shopee_dags.py for tasks to queue
[2026-05-16T08:45:07.941+0000] {logging_mixin.py:188} INFO - [2026-05-16T08:45:07.940+0000] {dagbag.py:545} INFO - Filling up the DagBag from /opt/airflow/dags/shopee_dags.py
[2026-05-16T08:45:07.957+0000] {processor.py:840} INFO - DAG(s) 'shopee_scraper' retrieved from /opt/airflow/dags/shopee_dags.py
[2026-05-16T08:45:08.055+0000] {logging_mixin.py:188} INFO - [2026-05-16T08:45:08.055+0000] {dag.py:3096} INFO - Sync 1 DAGs
[2026-05-16T08:45:08.081+0000] {logging_mixin.py:188} INFO - [2026-05-16T08:45:08.081+0000] {dag.py:3954} INFO - Setting next_dagrun for shopee_scraper to 2026-05-16 00:00:00+00:00, run_after=2026-05-17 00:00:00+00:00
[2026-05-16T08:45:08.105+0000] {processor.py:183} INFO - Processing /opt/airflow/dags/shopee_dags.py took 0.173 seconds
[2026-05-16T08:45:38.256+0000] {processor.py:161} INFO - Started process (PID=693) to work on /opt/airflow/dags/shopee_dags.py
[2026-05-16T08:45:38.257+0000] {processor.py:830} INFO - Processing file /opt/airflow/dags/shopee_dags.py for tasks to queue
[2026-05-16T08:45:38.259+0000] {logging_mixin.py:188} INFO - [2026-05-16T08:45:38.259+0000] {dagbag.py:545} INFO - Filling up the DagBag from /opt/airflow/dags/shopee_dags.py
[2026-05-16T08:45:38.276+0000] {processor.py:840} INFO - DAG(s) 'shopee_scraper' retrieved from /opt/airflow/dags/shopee_dags.py
[2026-05-16T08:45:38.289+0000] {logging_mixin.py:188} INFO - [2026-05-16T08:45:38.289+0000] {dag.py:3096} INFO - Sync 1 DAGs
[2026-05-16T08:45:38.317+0000] {logging_mixin.py:188} INFO - [2026-05-16T08:45:38.316+0000] {dag.py:3954} INFO - Setting next_dagrun for shopee_scraper to 2026-05-16 00:00:00+00:00, run_after=2026-05-17 00:00:00+00:00
[2026-05-16T08:45:38.336+0000] {processor.py:183} INFO - Processing /opt/airflow/dags/shopee_dags.py took 0.085 seconds
[2026-05-16T08:46:08.543+0000] {processor.py:161} INFO - Started process (PID=698) to work on /opt/airflow/dags/shopee_dags.py
[2026-05-16T08:46:08.544+0000] {processor.py:830} INFO - Processing file /opt/airflow/dags/shopee_dags.py for tasks to queue
[2026-05-16T08:46:08.545+0000] {logging_mixin.py:188} INFO - [2026-05-16T08:46:08.545+0000] {dagbag.py:545} INFO - Filling up the DagBag from /opt/airflow/dags/shopee_dags.py
[2026-05-16T08:46:08.561+0000] {processor.py:840} INFO - DAG(s) 'shopee_scraper' retrieved from /opt/airflow/dags/shopee_dags.py
[2026-05-16T08:46:08.661+0000] {logging_mixin.py:188} INFO - [2026-05-16T08:46:08.661+0000] {dag.py:3096} INFO - Sync 1 DAGs
[2026-05-16T08:46:08.681+0000] {logging_mixin.py:188} INFO - [2026-05-16T08:46:08.680+0000] {dag.py:3954} INFO - Setting next_dagrun for shopee_scraper to 2026-05-16 00:00:00+00:00, run_after=2026-05-17 00:00:00+00:00
[2026-05-16T08:46:08.700+0000] {processor.py:183} INFO - Processing /opt/airflow/dags/shopee_dags.py took 0.162 seconds
[2026-05-16T08:46:38.762+0000] {processor.py:161} INFO - Started process (PID=703) to work on /opt/airflow/dags/shopee_dags.py
[2026-05-16T08:46:38.763+0000] {processor.py:830} INFO - Processing file /opt/airflow/dags/shopee_dags.py for tasks to queue
[2026-05-16T08:46:38.765+0000] {logging_mixin.py:188} INFO - [2026-05-16T08:46:38.764+0000] {dagbag.py:545} INFO - Filling up the DagBag from /opt/airflow/dags/shopee_dags.py
[2026-05-16T08:46:38.785+0000] {processor.py:840} INFO - DAG(s) 'shopee_scraper' retrieved from /opt/airflow/dags/shopee_dags.py
[2026-05-16T08:46:38.800+0000] {logging_mixin.py:188} INFO - [2026-05-16T08:46:38.800+0000] {dag.py:3096} INFO - Sync 1 DAGs
[2026-05-16T08:46:38.821+0000] {logging_mixin.py:188} INFO - [2026-05-16T08:46:38.821+0000] {dag.py:3954} INFO - Setting next_dagrun for shopee_scraper to 2026-05-16 00:00:00+00:00, run_after=2026-05-17 00:00:00+00:00
[2026-05-16T08:46:38.841+0000] {processor.py:183} INFO - Processing /opt/airflow/dags/shopee_dags.py took 0.084 seconds
[2026-05-16T08:47:08.991+0000] {processor.py:161} INFO - Started process (PID=708) to work on /opt/airflow/dags/shopee_dags.py
[2026-05-16T08:47:08.992+0000] {processor.py:830} INFO - Processing file /opt/airflow/dags/shopee_dags.py for tasks to queue
[2026-05-16T08:47:08.993+0000] {logging_mixin.py:188} INFO - [2026-05-16T08:47:08.993+0000] {dagbag.py:545} INFO - Filling up the DagBag from /opt/airflow/dags/shopee_dags.py
[2026-05-16T08:47:09.012+0000] {processor.py:840} INFO - DAG(s) 'shopee_scraper' retrieved from /opt/airflow/dags/shopee_dags.py
[2026-05-16T08:47:09.131+0000] {logging_mixin.py:188} INFO - [2026-05-16T08:47:09.130+0000] {dag.py:3096} INFO - Sync 1 DAGs
[2026-05-16T08:47:09.152+0000] {logging_mixin.py:188} INFO - [2026-05-16T08:47:09.152+0000] {dag.py:3954} INFO - Setting next_dagrun for shopee_scraper to 2026-05-16 00:00:00+00:00, run_after=2026-05-17 00:00:00+00:00
[2026-05-16T08:47:09.186+0000] {processor.py:183} INFO - Processing /opt/airflow/dags/shopee_dags.py took 0.201 seconds
[2026-05-16T08:47:39.279+0000] {processor.py:161} INFO - Started process (PID=713) to work on /opt/airflow/dags/shopee_dags.py
[2026-05-16T08:47:39.280+0000] {processor.py:830} INFO - Processing file /opt/airflow/dags/shopee_dags.py for tasks to queue
[2026-05-16T08:47:39.282+0000] {logging_mixin.py:188} INFO - [2026-05-16T08:47:39.282+0000] {dagbag.py:545} INFO - Filling up the DagBag from /opt/airflow/dags/shopee_dags.py
[2026-05-16T08:47:39.312+0000] {processor.py:840} INFO - DAG(s) 'shopee_scraper' retrieved from /opt/airflow/dags/shopee_dags.py
[2026-05-16T08:47:39.349+0000] {logging_mixin.py:188} INFO - [2026-05-16T08:47:39.349+0000] {dag.py:3096} INFO - Sync 1 DAGs
[2026-05-16T08:47:39.380+0000] {logging_mixin.py:188} INFO - [2026-05-16T08:47:39.379+0000] {dag.py:3954} INFO - Setting next_dagrun for shopee_scraper to 2026-05-16 00:00:00+00:00, run_after=2026-05-17 00:00:00+00:00
[2026-05-16T08:47:39.403+0000] {processor.py:183} INFO - Processing /opt/airflow/dags/shopee_dags.py took 0.133 seconds
[2026-05-16T08:48:09.569+0000] {processor.py:161} INFO - Started process (PID=718) to work on /opt/airflow/dags/shopee_dags.py
[2026-05-16T08:48:09.570+0000] {processor.py:830} INFO - Processing file /opt/airflow/dags/shopee_dags.py for tasks to queue
[2026-05-16T08:48:09.573+0000] {logging_mixin.py:188} INFO - [2026-05-16T08:48:09.573+0000] {dagbag.py:545} INFO - Filling up the DagBag from /opt/airflow/dags/shopee_dags.py
[2026-05-16T08:48:09.594+0000] {processor.py:840} INFO - DAG(s) 'shopee_scraper' retrieved from /opt/airflow/dags/shopee_dags.py
[2026-05-16T08:48:09.612+0000] {logging_mixin.py:188} INFO - [2026-05-16T08:48:09.612+0000] {dag.py:3096} INFO - Sync 1 DAGs
[2026-05-16T08:48:09.649+0000] {logging_mixin.py:188} INFO - [2026-05-16T08:48:09.649+0000] {dag.py:3954} INFO - Setting next_dagrun for shopee_scraper to 2026-05-16 00:00:00+00:00, run_after=2026-05-17 00:00:00+00:00
[2026-05-16T08:48:09.676+0000] {processor.py:183} INFO - Processing /opt/airflow/dags/shopee_dags.py took 0.114 seconds
[2026-05-16T08:48:39.796+0000] {processor.py:161} INFO - Started process (PID=723) to work on /opt/airflow/dags/shopee_dags.py
[2026-05-16T08:48:39.798+0000] {processor.py:830} INFO - Processing file /opt/airflow/dags/shopee_dags.py for tasks to queue
[2026-05-16T08:48:39.803+0000] {logging_mixin.py:188} INFO - [2026-05-16T08:48:39.802+0000] {dagbag.py:545} INFO - Filling up the DagBag from /opt/airflow/dags/shopee_dags.py
[2026-05-16T08:48:39.837+0000] {processor.py:840} INFO - DAG(s) 'shopee_scraper' retrieved from /opt/airflow/dags/shopee_dags.py
[2026-05-16T08:48:39.864+0000] {logging_mixin.py:188} INFO - [2026-05-16T08:48:39.863+0000] {dag.py:3096} INFO - Sync 1 DAGs
[2026-05-16T08:48:39.902+0000] {logging_mixin.py:188} INFO - [2026-05-16T08:48:39.902+0000] {dag.py:3954} INFO - Setting next_dagrun for shopee_scraper to 2026-05-16 00:00:00+00:00, run_after=2026-05-17 00:00:00+00:00
[2026-05-16T08:48:39.936+0000] {processor.py:183} INFO - Processing /opt/airflow/dags/shopee_dags.py took 0.153 seconds
[2026-05-16T08:49:10.221+0000] {processor.py:161} INFO - Started process (PID=728) to work on /opt/airflow/dags/shopee_dags.py
[2026-05-16T08:49:10.223+0000] {processor.py:830} INFO - Processing file /opt/airflow/dags/shopee_dags.py for tasks to queue
[2026-05-16T08:49:10.226+0000] {logging_mixin.py:188} INFO - [2026-05-16T08:49:10.225+0000] {dagbag.py:545} INFO - Filling up the DagBag from /opt/airflow/dags/shopee_dags.py
[2026-05-16T08:49:10.253+0000] {processor.py:840} INFO - DAG(s) 'shopee_scraper' retrieved from /opt/airflow/dags/shopee_dags.py
[2026-05-16T08:49:10.274+0000] {logging_mixin.py:188} INFO - [2026-05-16T08:49:10.274+0000] {dag.py:3096} INFO - Sync 1 DAGs
[2026-05-16T08:49:10.346+0000] {logging_mixin.py:188} INFO - [2026-05-16T08:49:10.345+0000] {dag.py:3954} INFO - Setting next_dagrun for shopee_scraper to 2026-05-16 00:00:00+00:00, run_after=2026-05-17 00:00:00+00:00
[2026-05-16T08:49:10.385+0000] {processor.py:183} INFO - Processing /opt/airflow/dags/shopee_dags.py took 0.173 seconds
[2026-05-16T08:49:40.591+0000] {processor.py:161} INFO - Started process (PID=733) to work on /opt/airflow/dags/shopee_dags.py
[2026-05-16T08:49:40.592+0000] {processor.py:830} INFO - Processing file /opt/airflow/dags/shopee_dags.py for tasks to queue
[2026-05-16T08:49:40.594+0000] {logging_mixin.py:188} INFO - [2026-05-16T08:49:40.594+0000] {dagbag.py:545} INFO - Filling up the DagBag from /opt/airflow/dags/shopee_dags.py
[2026-05-16T08:49:40.618+0000] {processor.py:840} INFO - DAG(s) 'shopee_scraper' retrieved from /opt/airflow/dags/shopee_dags.py
[2026-05-16T08:49:40.638+0000] {logging_mixin.py:188} INFO - [2026-05-16T08:49:40.638+0000] {dag.py:3096} INFO - Sync 1 DAGs
[2026-05-16T08:49:40.679+0000] {logging_mixin.py:188} INFO - [2026-05-16T08:49:40.678+0000] {dag.py:3954} INFO - Setting next_dagrun for shopee_scraper to 2026-05-16 00:00:00+00:00, run_after=2026-05-17 00:00:00+00:00
[2026-05-16T08:49:40.712+0000] {processor.py:183} INFO - Processing /opt/airflow/dags/shopee_dags.py took 0.127 seconds
[2026-05-16T08:50:10.811+0000] {processor.py:161} INFO - Started process (PID=738) to work on /opt/airflow/dags/shopee_dags.py
[2026-05-16T08:50:10.814+0000] {processor.py:830} INFO - Processing file /opt/airflow/dags/shopee_dags.py for tasks to queue
[2026-05-16T08:50:10.817+0000] {logging_mixin.py:188} INFO - [2026-05-16T08:50:10.817+0000] {dagbag.py:545} INFO - Filling up the DagBag from /opt/airflow/dags/shopee_dags.py
[2026-05-16T08:50:10.851+0000] {processor.py:840} INFO - DAG(s) 'shopee_scraper' retrieved from /opt/airflow/dags/shopee_dags.py
[2026-05-16T08:50:10.876+0000] {logging_mixin.py:188} INFO - [2026-05-16T08:50:10.875+0000] {dag.py:3096} INFO - Sync 1 DAGs
[2026-05-16T08:50:10.917+0000] {logging_mixin.py:188} INFO - [2026-05-16T08:50:10.917+0000] {dag.py:3954} INFO - Setting next_dagrun for shopee_scraper to 2026-05-16 00:00:00+00:00, run_after=2026-05-17 00:00:00+00:00
[2026-05-16T08:50:10.962+0000] {processor.py:183} INFO - Processing /opt/airflow/dags/shopee_dags.py took 0.162 seconds
[2026-05-16T08:50:41.106+0000] {processor.py:161} INFO - Started process (PID=743) to work on /opt/airflow/dags/shopee_dags.py
[2026-05-16T08:50:41.108+0000] {processor.py:830} INFO - Processing file /opt/airflow/dags/shopee_dags.py for tasks to queue
[2026-05-16T08:50:41.110+0000] {logging_mixin.py:188} INFO - [2026-05-16T08:50:41.110+0000] {dagbag.py:545} INFO - Filling up the DagBag from /opt/airflow/dags/shopee_dags.py
[2026-05-16T08:50:41.134+0000] {processor.py:840} INFO - DAG(s) 'shopee_scraper' retrieved from /opt/airflow/dags/shopee_dags.py
[2026-05-16T08:50:41.152+0000] {logging_mixin.py:188} INFO - [2026-05-16T08:50:41.152+0000] {dag.py:3096} INFO - Sync 1 DAGs
[2026-05-16T08:50:41.189+0000] {logging_mixin.py:188} INFO - [2026-05-16T08:50:41.188+0000] {dag.py:3954} INFO - Setting next_dagrun for shopee_scraper to 2026-05-16 00:00:00+00:00, run_after=2026-05-17 00:00:00+00:00
[2026-05-16T08:50:41.221+0000] {processor.py:183} INFO - Processing /opt/airflow/dags/shopee_dags.py took 0.125 seconds
[2026-05-16T08:51:11.384+0000] {processor.py:161} INFO - Started process (PID=748) to work on /opt/airflow/dags/shopee_dags.py
[2026-05-16T08:51:11.386+0000] {processor.py:830} INFO - Processing file /opt/airflow/dags/shopee_dags.py for tasks to queue
[2026-05-16T08:51:11.390+0000] {logging_mixin.py:188} INFO - [2026-05-16T08:51:11.389+0000] {dagbag.py:545} INFO - Filling up the DagBag from /opt/airflow/dags/shopee_dags.py
[2026-05-16T08:51:11.431+0000] {processor.py:840} INFO - DAG(s) 'shopee_scraper' retrieved from /opt/airflow/dags/shopee_dags.py
[2026-05-16T08:51:11.458+0000] {logging_mixin.py:188} INFO - [2026-05-16T08:51:11.458+0000] {dag.py:3096} INFO - Sync 1 DAGs
[2026-05-16T08:51:11.499+0000] {logging_mixin.py:188} INFO - [2026-05-16T08:51:11.499+0000] {dag.py:3954} INFO - Setting next_dagrun for shopee_scraper to 2026-05-16 00:00:00+00:00, run_after=2026-05-17 00:00:00+00:00
[2026-05-16T08:51:11.534+0000] {processor.py:183} INFO - Processing /opt/airflow/dags/shopee_dags.py took 0.164 seconds
[2026-05-16T08:51:41.927+0000] {processor.py:161} INFO - Started process (PID=753) to work on /opt/airflow/dags/shopee_dags.py
[2026-05-16T08:51:41.929+0000] {processor.py:830} INFO - Processing file /opt/airflow/dags/shopee_dags.py for tasks to queue
[2026-05-16T08:51:41.932+0000] {logging_mixin.py:188} INFO - [2026-05-16T08:51:41.931+0000] {dagbag.py:545} INFO - Filling up the DagBag from /opt/airflow/dags/shopee_dags.py
[2026-05-16T08:51:41.962+0000] {processor.py:840} INFO - DAG(s) 'shopee_scraper' retrieved from /opt/airflow/dags/shopee_dags.py
[2026-05-16T08:51:41.986+0000] {logging_mixin.py:188} INFO - [2026-05-16T08:51:41.985+0000] {dag.py:3096} INFO - Sync 1 DAGs
[2026-05-16T08:51:42.035+0000] {logging_mixin.py:188} INFO - [2026-05-16T08:51:42.035+0000] {dag.py:3954} INFO - Setting next_dagrun for shopee_scraper to 2026-05-16 00:00:00+00:00, run_after=2026-05-17 00:00:00+00:00
[2026-05-16T08:51:42.086+0000] {processor.py:183} INFO - Processing /opt/airflow/dags/shopee_dags.py took 0.168 seconds
[2026-05-16T08:52:12.345+0000] {processor.py:161} INFO - Started process (PID=758) to work on /opt/airflow/dags/shopee_dags.py
[2026-05-16T08:52:12.347+0000] {processor.py:830} INFO - Processing file /opt/airflow/dags/shopee_dags.py for tasks to queue
[2026-05-16T08:52:12.352+0000] {logging_mixin.py:188} INFO - [2026-05-16T08:52:12.351+0000] {dagbag.py:545} INFO - Filling up the DagBag from /opt/airflow/dags/shopee_dags.py
[2026-05-16T08:52:12.383+0000] {processor.py:840} INFO - DAG(s) 'shopee_scraper' retrieved from /opt/airflow/dags/shopee_dags.py
[2026-05-16T08:52:12.403+0000] {logging_mixin.py:188} INFO - [2026-05-16T08:52:12.403+0000] {dag.py:3096} INFO - Sync 1 DAGs
[2026-05-16T08:52:12.441+0000] {logging_mixin.py:188} INFO - [2026-05-16T08:52:12.440+0000] {dag.py:3954} INFO - Setting next_dagrun for shopee_scraper to 2026-05-16 00:00:00+00:00, run_after=2026-05-17 00:00:00+00:00
[2026-05-16T08:52:12.469+0000] {processor.py:183} INFO - Processing /opt/airflow/dags/shopee_dags.py took 0.136 seconds
[2026-05-16T08:52:42.520+0000] {processor.py:161} INFO - Started process (PID=763) to work on /opt/airflow/dags/shopee_dags.py
[2026-05-16T08:52:42.521+0000] {processor.py:830} INFO - Processing file /opt/airflow/dags/shopee_dags.py for tasks to queue
[2026-05-16T08:52:42.524+0000] {logging_mixin.py:188} INFO - [2026-05-16T08:52:42.524+0000] {dagbag.py:545} INFO - Filling up the DagBag from /opt/airflow/dags/shopee_dags.py
[2026-05-16T08:52:42.548+0000] {processor.py:840} INFO - DAG(s) 'shopee_scraper' retrieved from /opt/airflow/dags/shopee_dags.py
[2026-05-16T08:52:42.570+0000] {logging_mixin.py:188} INFO - [2026-05-16T08:52:42.570+0000] {dag.py:3096} INFO - Sync 1 DAGs
[2026-05-16T08:52:42.606+0000] {logging_mixin.py:188} INFO - [2026-05-16T08:52:42.605+0000] {dag.py:3954} INFO - Setting next_dagrun for shopee_scraper to 2026-05-16 00:00:00+00:00, run_after=2026-05-17 00:00:00+00:00
[2026-05-16T08:52:42.631+0000] {processor.py:183} INFO - Processing /opt/airflow/dags/shopee_dags.py took 0.119 seconds
[2026-05-16T08:53:12.738+0000] {processor.py:161} INFO - Started process (PID=806) to work on /opt/airflow/dags/shopee_dags.py
[2026-05-16T08:53:12.739+0000] {processor.py:830} INFO - Processing file /opt/airflow/dags/shopee_dags.py for tasks to queue
[2026-05-16T08:53:12.742+0000] {logging_mixin.py:188} INFO - [2026-05-16T08:53:12.742+0000] {dagbag.py:545} INFO - Filling up the DagBag from /opt/airflow/dags/shopee_dags.py
[2026-05-16T08:53:12.777+0000] {processor.py:840} INFO - DAG(s) 'shopee_scraper' retrieved from /opt/airflow/dags/shopee_dags.py
[2026-05-16T08:53:12.825+0000] {logging_mixin.py:188} INFO - [2026-05-16T08:53:12.825+0000] {dag.py:3096} INFO - Sync 1 DAGs
[2026-05-16T08:53:12.881+0000] {logging_mixin.py:188} INFO - [2026-05-16T08:53:12.880+0000] {dag.py:3954} INFO - Setting next_dagrun for shopee_scraper to 2026-05-16 00:00:00+00:00, run_after=2026-05-17 00:00:00+00:00
[2026-05-16T08:53:12.917+0000] {processor.py:183} INFO - Processing /opt/airflow/dags/shopee_dags.py took 0.192 seconds
[2026-05-16T09:04:04.375+0000] {processor.py:161} INFO - Started process (PID=170) to work on /opt/airflow/dags/shopee_dags.py
[2026-05-16T09:04:04.386+0000] {processor.py:830} INFO - Processing file /opt/airflow/dags/shopee_dags.py for tasks to queue
[2026-05-16T09:04:04.408+0000] {logging_mixin.py:188} INFO - [2026-05-16T09:04:04.406+0000] {dagbag.py:545} INFO - Filling up the DagBag from /opt/airflow/dags/shopee_dags.py
[2026-05-16T09:04:04.524+0000] {processor.py:840} INFO - DAG(s) 'shopee_scraper' retrieved from /opt/airflow/dags/shopee_dags.py
[2026-05-16T09:04:04.707+0000] {logging_mixin.py:188} INFO - [2026-05-16T09:04:04.707+0000] {dag.py:3096} INFO - Sync 1 DAGs
[2026-05-16T09:04:04.927+0000] {logging_mixin.py:188} INFO - [2026-05-16T09:04:04.926+0000] {dag.py:3954} INFO - Setting next_dagrun for shopee_scraper to 2026-05-16 00:00:00+00:00, run_after=2026-05-17 00:00:00+00:00
[2026-05-16T09:04:05.182+0000] {processor.py:183} INFO - Processing /opt/airflow/dags/shopee_dags.py took 0.910 seconds
[2026-05-16T09:04:35.486+0000] {processor.py:161} INFO - Started process (PID=202) to work on /opt/airflow/dags/shopee_dags.py
[2026-05-16T09:04:35.523+0000] {processor.py:830} INFO - Processing file /opt/airflow/dags/shopee_dags.py for tasks to queue
[2026-05-16T09:04:35.570+0000] {logging_mixin.py:188} INFO - [2026-05-16T09:04:35.570+0000] {dagbag.py:545} INFO - Filling up the DagBag from /opt/airflow/dags/shopee_dags.py
[2026-05-16T09:04:35.819+0000] {processor.py:840} INFO - DAG(s) 'shopee_scraper' retrieved from /opt/airflow/dags/shopee_dags.py
[2026-05-16T09:04:35.940+0000] {logging_mixin.py:188} INFO - [2026-05-16T09:04:35.939+0000] {dag.py:3096} INFO - Sync 1 DAGs
[2026-05-16T09:04:36.271+0000] {logging_mixin.py:188} INFO - [2026-05-16T09:04:36.270+0000] {dag.py:3954} INFO - Setting next_dagrun for shopee_scraper to 2026-05-16 00:00:00+00:00, run_after=2026-05-17 00:00:00+00:00
[2026-05-16T09:04:36.409+0000] {processor.py:183} INFO - Processing /opt/airflow/dags/shopee_dags.py took 0.956 seconds
[2026-05-16T09:05:06.649+0000] {processor.py:161} INFO - Started process (PID=207) to work on /opt/airflow/dags/shopee_dags.py
[2026-05-16T09:05:06.650+0000] {processor.py:830} INFO - Processing file /opt/airflow/dags/shopee_dags.py for tasks to queue
[2026-05-16T09:05:06.652+0000] {logging_mixin.py:188} INFO - [2026-05-16T09:05:06.651+0000] {dagbag.py:545} INFO - Filling up the DagBag from /opt/airflow/dags/shopee_dags.py
[2026-05-16T09:05:06.679+0000] {processor.py:840} INFO - DAG(s) 'shopee_scraper' retrieved from /opt/airflow/dags/shopee_dags.py
[2026-05-16T09:05:06.701+0000] {logging_mixin.py:188} INFO - [2026-05-16T09:05:06.701+0000] {dag.py:3096} INFO - Sync 1 DAGs
[2026-05-16T09:05:06.738+0000] {logging_mixin.py:188} INFO - [2026-05-16T09:05:06.738+0000] {dag.py:3954} INFO - Setting next_dagrun for shopee_scraper to 2026-05-16 00:00:00+00:00, run_after=2026-05-17 00:00:00+00:00
[2026-05-16T09:05:06.768+0000] {processor.py:183} INFO - Processing /opt/airflow/dags/shopee_dags.py took 0.128 seconds
[2026-05-16T09:05:36.828+0000] {processor.py:161} INFO - Started process (PID=212) to work on /opt/airflow/dags/shopee_dags.py
[2026-05-16T09:05:36.829+0000] {processor.py:830} INFO - Processing file /opt/airflow/dags/shopee_dags.py for tasks to queue
[2026-05-16T09:05:36.831+0000] {logging_mixin.py:188} INFO - [2026-05-16T09:05:36.831+0000] {dagbag.py:545} INFO - Filling up the DagBag from /opt/airflow/dags/shopee_dags.py
[2026-05-16T09:05:36.854+0000] {processor.py:840} INFO - DAG(s) 'shopee_scraper' retrieved from /opt/airflow/dags/shopee_dags.py
[2026-05-16T09:05:36.879+0000] {logging_mixin.py:188} INFO - [2026-05-16T09:05:36.879+0000] {dag.py:3096} INFO - Sync 1 DAGs
[2026-05-16T09:05:36.912+0000] {logging_mixin.py:188} INFO - [2026-05-16T09:05:36.912+0000] {dag.py:3954} INFO - Setting next_dagrun for shopee_scraper to 2026-05-16 00:00:00+00:00, run_after=2026-05-17 00:00:00+00:00
[2026-05-16T09:05:36.947+0000] {processor.py:183} INFO - Processing /opt/airflow/dags/shopee_dags.py took 0.128 seconds
[2026-05-16T09:06:07.008+0000] {processor.py:161} INFO - Started process (PID=217) to work on /opt/airflow/dags/shopee_dags.py
[2026-05-16T09:06:07.009+0000] {processor.py:830} INFO - Processing file /opt/airflow/dags/shopee_dags.py for tasks to queue
[2026-05-16T09:06:07.013+0000] {logging_mixin.py:188} INFO - [2026-05-16T09:06:07.013+0000] {dagbag.py:545} INFO - Filling up the DagBag from /opt/airflow/dags/shopee_dags.py
[2026-05-16T09:06:07.041+0000] {processor.py:840} INFO - DAG(s) 'shopee_scraper' retrieved from /opt/airflow/dags/shopee_dags.py
[2026-05-16T09:06:07.062+0000] {logging_mixin.py:188} INFO - [2026-05-16T09:06:07.062+0000] {dag.py:3096} INFO - Sync 1 DAGs
[2026-05-16T09:06:07.106+0000] {logging_mixin.py:188} INFO - [2026-05-16T09:06:07.106+0000] {dag.py:3954} INFO - Setting next_dagrun for shopee_scraper to 2026-05-16 00:00:00+00:00, run_after=2026-05-17 00:00:00+00:00
[2026-05-16T09:06:07.136+0000] {processor.py:183} INFO - Processing /opt/airflow/dags/shopee_dags.py took 0.138 seconds
[2026-05-16T09:06:37.328+0000] {processor.py:161} INFO - Started process (PID=222) to work on /opt/airflow/dags/shopee_dags.py
[2026-05-16T09:06:37.329+0000] {processor.py:830} INFO - Processing file /opt/airflow/dags/shopee_dags.py for tasks to queue
[2026-05-16T09:06:37.334+0000] {logging_mixin.py:188} INFO - [2026-05-16T09:06:37.332+0000] {dagbag.py:545} INFO - Filling up the DagBag from /opt/airflow/dags/shopee_dags.py
[2026-05-16T09:06:37.367+0000] {processor.py:840} INFO - DAG(s) 'shopee_scraper' retrieved from /opt/airflow/dags/shopee_dags.py
[2026-05-16T09:06:37.393+0000] {logging_mixin.py:188} INFO - [2026-05-16T09:06:37.393+0000] {dag.py:3096} INFO - Sync 1 DAGs
[2026-05-16T09:06:37.438+0000] {logging_mixin.py:188} INFO - [2026-05-16T09:06:37.437+0000] {dag.py:3954} INFO - Setting next_dagrun for shopee_scraper to 2026-05-16 00:00:00+00:00, run_after=2026-05-17 00:00:00+00:00
[2026-05-16T09:06:37.476+0000] {processor.py:183} INFO - Processing /opt/airflow/dags/shopee_dags.py took 0.160 seconds
[2026-05-16T09:07:07.704+0000] {processor.py:161} INFO - Started process (PID=251) to work on /opt/airflow/dags/shopee_dags.py
[2026-05-16T09:07:07.715+0000] {processor.py:830} INFO - Processing file /opt/airflow/dags/shopee_dags.py for tasks to queue
[2026-05-16T09:07:07.745+0000] {logging_mixin.py:188} INFO - [2026-05-16T09:07:07.740+0000] {dagbag.py:545} INFO - Filling up the DagBag from /opt/airflow/dags/shopee_dags.py
[2026-05-16T09:07:07.808+0000] {processor.py:840} INFO - DAG(s) 'shopee_scraper' retrieved from /opt/airflow/dags/shopee_dags.py
[2026-05-16T09:07:07.930+0000] {logging_mixin.py:188} INFO - [2026-05-16T09:07:07.929+0000] {dag.py:3096} INFO - Sync 1 DAGs
[2026-05-16T09:07:08.089+0000] {logging_mixin.py:188} INFO - [2026-05-16T09:07:08.088+0000] {dag.py:3954} INFO - Setting next_dagrun for shopee_scraper to 2026-05-16 00:00:00+00:00, run_after=2026-05-17 00:00:00+00:00
[2026-05-16T09:07:08.263+0000] {processor.py:183} INFO - Processing /opt/airflow/dags/shopee_dags.py took 0.664 seconds
[2026-05-16T09:07:38.524+0000] {processor.py:161} INFO - Started process (PID=302) to work on /opt/airflow/dags/shopee_dags.py
[2026-05-16T09:07:38.526+0000] {processor.py:830} INFO - Processing file /opt/airflow/dags/shopee_dags.py for tasks to queue
[2026-05-16T09:07:38.530+0000] {logging_mixin.py:188} INFO - [2026-05-16T09:07:38.529+0000] {dagbag.py:545} INFO - Filling up the DagBag from /opt/airflow/dags/shopee_dags.py
[2026-05-16T09:07:38.584+0000] {processor.py:840} INFO - DAG(s) 'shopee_scraper' retrieved from /opt/airflow/dags/shopee_dags.py
[2026-05-16T09:07:38.621+0000] {logging_mixin.py:188} INFO - [2026-05-16T09:07:38.620+0000] {dag.py:3096} INFO - Sync 1 DAGs
[2026-05-16T09:07:38.679+0000] {logging_mixin.py:188} INFO - [2026-05-16T09:07:38.679+0000] {dag.py:3954} INFO - Setting next_dagrun for shopee_scraper to 2026-05-16 00:00:00+00:00, run_after=2026-05-17 00:00:00+00:00
[2026-05-16T09:07:38.733+0000] {processor.py:183} INFO - Processing /opt/airflow/dags/shopee_dags.py took 0.227 seconds
[2026-05-16T09:08:08.962+0000] {processor.py:161} INFO - Started process (PID=333) to work on /opt/airflow/dags/shopee_dags.py
[2026-05-16T09:08:08.964+0000] {processor.py:830} INFO - Processing file /opt/airflow/dags/shopee_dags.py for tasks to queue
[2026-05-16T09:08:08.967+0000] {logging_mixin.py:188} INFO - [2026-05-16T09:08:08.967+0000] {dagbag.py:545} INFO - Filling up the DagBag from /opt/airflow/dags/shopee_dags.py
[2026-05-16T09:08:09.003+0000] {processor.py:840} INFO - DAG(s) 'shopee_scraper' retrieved from /opt/airflow/dags/shopee_dags.py
[2026-05-16T09:08:09.029+0000] {logging_mixin.py:188} INFO - [2026-05-16T09:08:09.028+0000] {dag.py:3096} INFO - Sync 1 DAGs
[2026-05-16T09:08:09.068+0000] {logging_mixin.py:188} INFO - [2026-05-16T09:08:09.068+0000] {dag.py:3954} INFO - Setting next_dagrun for shopee_scraper to 2026-05-16 00:00:00+00:00, run_after=2026-05-17 00:00:00+00:00
[2026-05-16T09:08:09.098+0000] {processor.py:183} INFO - Processing /opt/airflow/dags/shopee_dags.py took 0.149 seconds
[2026-05-16T09:08:39.304+0000] {processor.py:161} INFO - Started process (PID=338) to work on /opt/airflow/dags/shopee_dags.py
[2026-05-16T09:08:39.306+0000] {processor.py:830} INFO - Processing file /opt/airflow/dags/shopee_dags.py for tasks to queue
[2026-05-16T09:08:39.308+0000] {logging_mixin.py:188} INFO - [2026-05-16T09:08:39.308+0000] {dagbag.py:545} INFO - Filling up the DagBag from /opt/airflow/dags/shopee_dags.py
[2026-05-16T09:08:39.342+0000] {processor.py:840} INFO - DAG(s) 'shopee_scraper' retrieved from /opt/airflow/dags/shopee_dags.py
[2026-05-16T09:08:39.364+0000] {logging_mixin.py:188} INFO - [2026-05-16T09:08:39.364+0000] {dag.py:3096} INFO - Sync 1 DAGs
[2026-05-16T09:08:39.399+0000] {logging_mixin.py:188} INFO - [2026-05-16T09:08:39.399+0000] {dag.py:3954} INFO - Setting next_dagrun for shopee_scraper to 2026-05-16 00:00:00+00:00, run_after=2026-05-17 00:00:00+00:00
[2026-05-16T09:08:39.432+0000] {processor.py:183} INFO - Processing /opt/airflow/dags/shopee_dags.py took 0.138 seconds
[2026-05-16T09:09:09.501+0000] {processor.py:161} INFO - Started process (PID=343) to work on /opt/airflow/dags/shopee_dags.py
[2026-05-16T09:09:09.502+0000] {processor.py:830} INFO - Processing file /opt/airflow/dags/shopee_dags.py for tasks to queue
[2026-05-16T09:09:09.504+0000] {logging_mixin.py:188} INFO - [2026-05-16T09:09:09.503+0000] {dagbag.py:545} INFO - Filling up the DagBag from /opt/airflow/dags/shopee_dags.py
[2026-05-16T09:09:09.525+0000] {processor.py:840} INFO - DAG(s) 'shopee_scraper' retrieved from /opt/airflow/dags/shopee_dags.py
[2026-05-16T09:09:09.544+0000] {logging_mixin.py:188} INFO - [2026-05-16T09:09:09.543+0000] {dag.py:3096} INFO - Sync 1 DAGs
[2026-05-16T09:09:09.579+0000] {logging_mixin.py:188} INFO - [2026-05-16T09:09:09.578+0000] {dag.py:3954} INFO - Setting next_dagrun for shopee_scraper to 2026-05-16 00:00:00+00:00, run_after=2026-05-17 00:00:00+00:00
[2026-05-16T09:09:09.608+0000] {processor.py:183} INFO - Processing /opt/airflow/dags/shopee_dags.py took 0.114 seconds
[2026-05-16T09:09:39.696+0000] {processor.py:161} INFO - Started process (PID=348) to work on /opt/airflow/dags/shopee_dags.py
[2026-05-16T09:09:39.697+0000] {processor.py:830} INFO - Processing file /opt/airflow/dags/shopee_dags.py for tasks to queue
[2026-05-16T09:09:39.700+0000] {logging_mixin.py:188} INFO - [2026-05-16T09:09:39.699+0000] {dagbag.py:545} INFO - Filling up the DagBag from /opt/airflow/dags/shopee_dags.py
[2026-05-16T09:09:39.725+0000] {processor.py:840} INFO - DAG(s) 'shopee_scraper' retrieved from /opt/airflow/dags/shopee_dags.py
[2026-05-16T09:09:39.746+0000] {logging_mixin.py:188} INFO - [2026-05-16T09:09:39.746+0000] {dag.py:3096} INFO - Sync 1 DAGs
[2026-05-16T09:09:39.783+0000] {logging_mixin.py:188} INFO - [2026-05-16T09:09:39.783+0000] {dag.py:3954} INFO - Setting next_dagrun for shopee_scraper to 2026-05-16 00:00:00+00:00, run_after=2026-05-17 00:00:00+00:00
[2026-05-16T09:09:39.822+0000] {processor.py:183} INFO - Processing /opt/airflow/dags/shopee_dags.py took 0.133 seconds
[2026-05-16T09:10:10.030+0000] {processor.py:161} INFO - Started process (PID=353) to work on /opt/airflow/dags/shopee_dags.py
[2026-05-16T09:10:10.032+0000] {processor.py:830} INFO - Processing file /opt/airflow/dags/shopee_dags.py for tasks to queue
[2026-05-16T09:10:10.035+0000] {logging_mixin.py:188} INFO - [2026-05-16T09:10:10.035+0000] {dagbag.py:545} INFO - Filling up the DagBag from /opt/airflow/dags/shopee_dags.py
[2026-05-16T09:10:10.068+0000] {processor.py:840} INFO - DAG(s) 'shopee_scraper' retrieved from /opt/airflow/dags/shopee_dags.py
[2026-05-16T09:10:10.091+0000] {logging_mixin.py:188} INFO - [2026-05-16T09:10:10.091+0000] {dag.py:3096} INFO - Sync 1 DAGs
[2026-05-16T09:10:10.134+0000] {logging_mixin.py:188} INFO - [2026-05-16T09:10:10.134+0000] {dag.py:3954} INFO - Setting next_dagrun for shopee_scraper to 2026-05-16 00:00:00+00:00, run_after=2026-05-17 00:00:00+00:00
[2026-05-16T09:10:10.167+0000] {processor.py:183} INFO - Processing /opt/airflow/dags/shopee_dags.py took 0.148 seconds
[2026-05-16T09:10:40.230+0000] {processor.py:161} INFO - Started process (PID=358) to work on /opt/airflow/dags/shopee_dags.py
[2026-05-16T09:10:40.231+0000] {processor.py:830} INFO - Processing file /opt/airflow/dags/shopee_dags.py for tasks to queue
[2026-05-16T09:10:40.234+0000] {logging_mixin.py:188} INFO - [2026-05-16T09:10:40.234+0000] {dagbag.py:545} INFO - Filling up the DagBag from /opt/airflow/dags/shopee_dags.py
[2026-05-16T09:10:40.259+0000] {processor.py:840} INFO - DAG(s) 'shopee_scraper' retrieved from /opt/airflow/dags/shopee_dags.py
[2026-05-16T09:10:40.279+0000] {logging_mixin.py:188} INFO - [2026-05-16T09:10:40.279+0000] {dag.py:3096} INFO - Sync 1 DAGs
[2026-05-16T09:10:40.310+0000] {logging_mixin.py:188} INFO - [2026-05-16T09:10:40.309+0000] {dag.py:3954} INFO - Setting next_dagrun for shopee_scraper to 2026-05-16 00:00:00+00:00, run_after=2026-05-17 00:00:00+00:00
[2026-05-16T09:10:40.338+0000] {processor.py:183} INFO - Processing /opt/airflow/dags/shopee_dags.py took 0.116 seconds
[2026-05-16T09:11:10.532+0000] {processor.py:161} INFO - Started process (PID=363) to work on /opt/airflow/dags/shopee_dags.py
[2026-05-16T09:11:10.533+0000] {processor.py:830} INFO - Processing file /opt/airflow/dags/shopee_dags.py for tasks to queue
[2026-05-16T09:11:10.535+0000] {logging_mixin.py:188} INFO - [2026-05-16T09:11:10.535+0000] {dagbag.py:545} INFO - Filling up the DagBag from /opt/airflow/dags/shopee_dags.py
[2026-05-16T09:11:10.556+0000] {processor.py:840} INFO - DAG(s) 'shopee_scraper' retrieved from /opt/airflow/dags/shopee_dags.py
[2026-05-16T09:11:10.572+0000] {logging_mixin.py:188} INFO - [2026-05-16T09:11:10.572+0000] {dag.py:3096} INFO - Sync 1 DAGs
[2026-05-16T09:11:10.603+0000] {logging_mixin.py:188} INFO - [2026-05-16T09:11:10.602+0000] {dag.py:3954} INFO - Setting next_dagrun for shopee_scraper to 2026-05-16 00:00:00+00:00, run_after=2026-05-17 00:00:00+00:00
[2026-05-16T09:11:10.630+0000] {processor.py:183} INFO - Processing /opt/airflow/dags/shopee_dags.py took 0.104 seconds
[2026-05-16T09:11:40.726+0000] {processor.py:161} INFO - Started process (PID=368) to work on /opt/airflow/dags/shopee_dags.py
[2026-05-16T09:11:40.728+0000] {processor.py:830} INFO - Processing file /opt/airflow/dags/shopee_dags.py for tasks to queue
[2026-05-16T09:11:40.730+0000] {logging_mixin.py:188} INFO - [2026-05-16T09:11:40.730+0000] {dagbag.py:545} INFO - Filling up the DagBag from /opt/airflow/dags/shopee_dags.py
[2026-05-16T09:11:40.755+0000] {processor.py:840} INFO - DAG(s) 'shopee_scraper' retrieved from /opt/airflow/dags/shopee_dags.py
[2026-05-16T09:11:40.777+0000] {logging_mixin.py:188} INFO - [2026-05-16T09:11:40.777+0000] {dag.py:3096} INFO - Sync 1 DAGs
[2026-05-16T09:11:40.810+0000] {logging_mixin.py:188} INFO - [2026-05-16T09:11:40.809+0000] {dag.py:3954} INFO - Setting next_dagrun for shopee_scraper to 2026-05-16 00:00:00+00:00, run_after=2026-05-17 00:00:00+00:00
[2026-05-16T09:11:40.835+0000] {processor.py:183} INFO - Processing /opt/airflow/dags/shopee_dags.py took 0.116 seconds
[2026-05-16T09:12:11.053+0000] {processor.py:161} INFO - Started process (PID=373) to work on /opt/airflow/dags/shopee_dags.py
[2026-05-16T09:12:11.055+0000] {processor.py:830} INFO - Processing file /opt/airflow/dags/shopee_dags.py for tasks to queue
[2026-05-16T09:12:11.057+0000] {logging_mixin.py:188} INFO - [2026-05-16T09:12:11.056+0000] {dagbag.py:545} INFO - Filling up the DagBag from /opt/airflow/dags/shopee_dags.py
[2026-05-16T09:12:11.081+0000] {processor.py:840} INFO - DAG(s) 'shopee_scraper' retrieved from /opt/airflow/dags/shopee_dags.py
[2026-05-16T09:12:11.096+0000] {logging_mixin.py:188} INFO - [2026-05-16T09:12:11.096+0000] {dag.py:3096} INFO - Sync 1 DAGs
[2026-05-16T09:12:11.125+0000] {logging_mixin.py:188} INFO - [2026-05-16T09:12:11.125+0000] {dag.py:3954} INFO - Setting next_dagrun for shopee_scraper to 2026-05-16 00:00:00+00:00, run_after=2026-05-17 00:00:00+00:00
[2026-05-16T09:12:11.154+0000] {processor.py:183} INFO - Processing /opt/airflow/dags/shopee_dags.py took 0.107 seconds
[2026-05-16T09:12:41.262+0000] {processor.py:161} INFO - Started process (PID=378) to work on /opt/airflow/dags/shopee_dags.py
[2026-05-16T09:12:41.263+0000] {processor.py:830} INFO - Processing file /opt/airflow/dags/shopee_dags.py for tasks to queue
[2026-05-16T09:12:41.265+0000] {logging_mixin.py:188} INFO - [2026-05-16T09:12:41.264+0000] {dagbag.py:545} INFO - Filling up the DagBag from /opt/airflow/dags/shopee_dags.py
[2026-05-16T09:12:41.283+0000] {processor.py:840} INFO - DAG(s) 'shopee_scraper' retrieved from /opt/airflow/dags/shopee_dags.py
[2026-05-16T09:12:41.310+0000] {logging_mixin.py:188} INFO - [2026-05-16T09:12:41.310+0000] {dag.py:3096} INFO - Sync 1 DAGs
[2026-05-16T09:12:41.377+0000] {logging_mixin.py:188} INFO - [2026-05-16T09:12:41.377+0000] {dag.py:3954} INFO - Setting next_dagrun for shopee_scraper to 2026-05-16 00:00:00+00:00, run_after=2026-05-17 00:00:00+00:00
[2026-05-16T09:12:41.403+0000] {processor.py:183} INFO - Processing /opt/airflow/dags/shopee_dags.py took 0.148 seconds
[2026-05-16T09:13:11.553+0000] {processor.py:161} INFO - Started process (PID=396) to work on /opt/airflow/dags/shopee_dags.py
[2026-05-16T09:13:11.554+0000] {processor.py:830} INFO - Processing file /opt/airflow/dags/shopee_dags.py for tasks to queue
[2026-05-16T09:13:11.556+0000] {logging_mixin.py:188} INFO - [2026-05-16T09:13:11.556+0000] {dagbag.py:545} INFO - Filling up the DagBag from /opt/airflow/dags/shopee_dags.py
[2026-05-16T09:13:11.580+0000] {processor.py:840} INFO - DAG(s) 'shopee_scraper' retrieved from /opt/airflow/dags/shopee_dags.py
[2026-05-16T09:13:11.598+0000] {logging_mixin.py:188} INFO - [2026-05-16T09:13:11.598+0000] {dag.py:3096} INFO - Sync 1 DAGs
[2026-05-16T09:13:11.631+0000] {logging_mixin.py:188} INFO - [2026-05-16T09:13:11.630+0000] {dag.py:3954} INFO - Setting next_dagrun for shopee_scraper to 2026-05-16 00:00:00+00:00, run_after=2026-05-17 00:00:00+00:00
[2026-05-16T09:13:11.658+0000] {processor.py:183} INFO - Processing /opt/airflow/dags/shopee_dags.py took 0.115 seconds
[2026-05-16T09:13:41.750+0000] {processor.py:161} INFO - Started process (PID=401) to work on /opt/airflow/dags/shopee_dags.py
[2026-05-16T09:13:41.752+0000] {processor.py:830} INFO - Processing file /opt/airflow/dags/shopee_dags.py for tasks to queue
[2026-05-16T09:13:41.754+0000] {logging_mixin.py:188} INFO - [2026-05-16T09:13:41.754+0000] {dagbag.py:545} INFO - Filling up the DagBag from /opt/airflow/dags/shopee_dags.py
[2026-05-16T09:13:41.779+0000] {processor.py:840} INFO - DAG(s) 'shopee_scraper' retrieved from /opt/airflow/dags/shopee_dags.py
[2026-05-16T09:13:41.797+0000] {logging_mixin.py:188} INFO - [2026-05-16T09:13:41.796+0000] {dag.py:3096} INFO - Sync 1 DAGs
[2026-05-16T09:13:41.838+0000] {logging_mixin.py:188} INFO - [2026-05-16T09:13:41.838+0000] {dag.py:3954} INFO - Setting next_dagrun for shopee_scraper to 2026-05-16 00:00:00+00:00, run_after=2026-05-17 00:00:00+00:00
[2026-05-16T09:13:41.867+0000] {processor.py:183} INFO - Processing /opt/airflow/dags/shopee_dags.py took 0.126 seconds
[2026-05-16T09:14:12.073+0000] {processor.py:161} INFO - Started process (PID=406) to work on /opt/airflow/dags/shopee_dags.py
[2026-05-16T09:14:12.074+0000] {processor.py:830} INFO - Processing file /opt/airflow/dags/shopee_dags.py for tasks to queue
[2026-05-16T09:14:12.077+0000] {logging_mixin.py:188} INFO - [2026-05-16T09:14:12.076+0000] {dagbag.py:545} INFO - Filling up the DagBag from /opt/airflow/dags/shopee_dags.py
[2026-05-16T09:14:12.099+0000] {processor.py:840} INFO - DAG(s) 'shopee_scraper' retrieved from /opt/airflow/dags/shopee_dags.py
[2026-05-16T09:14:12.118+0000] {logging_mixin.py:188} INFO - [2026-05-16T09:14:12.118+0000] {dag.py:3096} INFO - Sync 1 DAGs
[2026-05-16T09:14:12.154+0000] {logging_mixin.py:188} INFO - [2026-05-16T09:14:12.154+0000] {dag.py:3954} INFO - Setting next_dagrun for shopee_scraper to 2026-05-16 00:00:00+00:00, run_after=2026-05-17 00:00:00+00:00
[2026-05-16T09:14:12.189+0000] {processor.py:183} INFO - Processing /opt/airflow/dags/shopee_dags.py took 0.123 seconds
[2026-05-16T09:14:42.277+0000] {processor.py:161} INFO - Started process (PID=411) to work on /opt/airflow/dags/shopee_dags.py
[2026-05-16T09:14:42.278+0000] {processor.py:830} INFO - Processing file /opt/airflow/dags/shopee_dags.py for tasks to queue
[2026-05-16T09:14:42.280+0000] {logging_mixin.py:188} INFO - [2026-05-16T09:14:42.279+0000] {dagbag.py:545} INFO - Filling up the DagBag from /opt/airflow/dags/shopee_dags.py
[2026-05-16T09:14:42.300+0000] {processor.py:840} INFO - DAG(s) 'shopee_scraper' retrieved from /opt/airflow/dags/shopee_dags.py
[2026-05-16T09:14:42.315+0000] {logging_mixin.py:188} INFO - [2026-05-16T09:14:42.315+0000] {dag.py:3096} INFO - Sync 1 DAGs
[2026-05-16T09:14:42.341+0000] {logging_mixin.py:188} INFO - [2026-05-16T09:14:42.341+0000] {dag.py:3954} INFO - Setting next_dagrun for shopee_scraper to 2026-05-16 00:00:00+00:00, run_after=2026-05-17 00:00:00+00:00
[2026-05-16T09:14:42.362+0000] {processor.py:183} INFO - Processing /opt/airflow/dags/shopee_dags.py took 0.093 seconds
[2026-05-16T09:15:12.588+0000] {processor.py:161} INFO - Started process (PID=416) to work on /opt/airflow/dags/shopee_dags.py
[2026-05-16T09:15:12.589+0000] {processor.py:830} INFO - Processing file /opt/airflow/dags/shopee_dags.py for tasks to queue
[2026-05-16T09:15:12.591+0000] {logging_mixin.py:188} INFO - [2026-05-16T09:15:12.591+0000] {dagbag.py:545} INFO - Filling up the DagBag from /opt/airflow/dags/shopee_dags.py
[2026-05-16T09:15:12.611+0000] {processor.py:840} INFO - DAG(s) 'shopee_scraper' retrieved from /opt/airflow/dags/shopee_dags.py
[2026-05-16T09:15:12.626+0000] {logging_mixin.py:188} INFO - [2026-05-16T09:15:12.626+0000] {dag.py:3096} INFO - Sync 1 DAGs
[2026-05-16T09:15:12.652+0000] {logging_mixin.py:188} INFO - [2026-05-16T09:15:12.652+0000] {dag.py:3954} INFO - Setting next_dagrun for shopee_scraper to 2026-05-16 00:00:00+00:00, run_after=2026-05-17 00:00:00+00:00
[2026-05-16T09:15:12.676+0000] {processor.py:183} INFO - Processing /opt/airflow/dags/shopee_dags.py took 0.095 seconds
[2026-05-16T09:15:42.817+0000] {processor.py:161} INFO - Started process (PID=421) to work on /opt/airflow/dags/shopee_dags.py
[2026-05-16T09:15:42.818+0000] {processor.py:830} INFO - Processing file /opt/airflow/dags/shopee_dags.py for tasks to queue
[2026-05-16T09:15:42.820+0000] {logging_mixin.py:188} INFO - [2026-05-16T09:15:42.820+0000] {dagbag.py:545} INFO - Filling up the DagBag from /opt/airflow/dags/shopee_dags.py
[2026-05-16T09:15:42.840+0000] {processor.py:840} INFO - DAG(s) 'shopee_scraper' retrieved from /opt/airflow/dags/shopee_dags.py
[2026-05-16T09:15:43.347+0000] {logging_mixin.py:188} INFO - [2026-05-16T09:15:43.347+0000] {dag.py:3096} INFO - Sync 1 DAGs
[2026-05-16T09:15:43.370+0000] {logging_mixin.py:188} INFO - [2026-05-16T09:15:43.370+0000] {dag.py:3954} INFO - Setting next_dagrun for shopee_scraper to 2026-05-16 00:00:00+00:00, run_after=2026-05-17 00:00:00+00:00
[2026-05-16T09:15:43.391+0000] {processor.py:183} INFO - Processing /opt/airflow/dags/shopee_dags.py took 0.582 seconds
[2026-05-16T09:16:13.630+0000] {processor.py:161} INFO - Started process (PID=426) to work on /opt/airflow/dags/shopee_dags.py
[2026-05-16T09:16:13.631+0000] {processor.py:830} INFO - Processing file /opt/airflow/dags/shopee_dags.py for tasks to queue
[2026-05-16T09:16:13.632+0000] {logging_mixin.py:188} INFO - [2026-05-16T09:16:13.632+0000] {dagbag.py:545} INFO - Filling up the DagBag from /opt/airflow/dags/shopee_dags.py
[2026-05-16T09:16:13.650+0000] {processor.py:840} INFO - DAG(s) 'shopee_scraper' retrieved from /opt/airflow/dags/shopee_dags.py
[2026-05-16T09:16:13.665+0000] {logging_mixin.py:188} INFO - [2026-05-16T09:16:13.665+0000] {dag.py:3096} INFO - Sync 1 DAGs
[2026-05-16T09:16:13.695+0000] {logging_mixin.py:188} INFO - [2026-05-16T09:16:13.695+0000] {dag.py:3954} INFO - Setting next_dagrun for shopee_scraper to 2026-05-16 00:00:00+00:00, run_after=2026-05-17 00:00:00+00:00
[2026-05-16T09:16:13.730+0000] {processor.py:183} INFO - Processing /opt/airflow/dags/shopee_dags.py took 0.107 seconds
[2026-05-16T09:16:43.814+0000] {processor.py:161} INFO - Started process (PID=431) to work on /opt/airflow/dags/shopee_dags.py
[2026-05-16T09:16:43.815+0000] {processor.py:830} INFO - Processing file /opt/airflow/dags/shopee_dags.py for tasks to queue
[2026-05-16T09:16:43.817+0000] {logging_mixin.py:188} INFO - [2026-05-16T09:16:43.816+0000] {dagbag.py:545} INFO - Filling up the DagBag from /opt/airflow/dags/shopee_dags.py
[2026-05-16T09:16:43.833+0000] {processor.py:840} INFO - DAG(s) 'shopee_scraper' retrieved from /opt/airflow/dags/shopee_dags.py
[2026-05-16T09:16:43.943+0000] {logging_mixin.py:188} INFO - [2026-05-16T09:16:43.942+0000] {dag.py:3096} INFO - Sync 1 DAGs
[2026-05-16T09:16:43.962+0000] {logging_mixin.py:188} INFO - [2026-05-16T09:16:43.962+0000] {dag.py:3954} INFO - Setting next_dagrun for shopee_scraper to 2026-05-16 00:00:00+00:00, run_after=2026-05-17 00:00:00+00:00
[2026-05-16T09:16:43.982+0000] {processor.py:183} INFO - Processing /opt/airflow/dags/shopee_dags.py took 0.174 seconds
[2026-05-16T09:17:14.168+0000] {processor.py:161} INFO - Started process (PID=436) to work on /opt/airflow/dags/shopee_dags.py
[2026-05-16T09:17:14.169+0000] {processor.py:830} INFO - Processing file /opt/airflow/dags/shopee_dags.py for tasks to queue
[2026-05-16T09:17:14.172+0000] {logging_mixin.py:188} INFO - [2026-05-16T09:17:14.171+0000] {dagbag.py:545} INFO - Filling up the DagBag from /opt/airflow/dags/shopee_dags.py
[2026-05-16T09:17:14.197+0000] {processor.py:840} INFO - DAG(s) 'shopee_scraper' retrieved from /opt/airflow/dags/shopee_dags.py
[2026-05-16T09:17:14.231+0000] {logging_mixin.py:188} INFO - [2026-05-16T09:17:14.230+0000] {dag.py:3096} INFO - Sync 1 DAGs
[2026-05-16T09:17:14.265+0000] {logging_mixin.py:188} INFO - [2026-05-16T09:17:14.264+0000] {dag.py:3954} INFO - Setting next_dagrun for shopee_scraper to 2026-05-16 00:00:00+00:00, run_after=2026-05-17 00:00:00+00:00
[2026-05-16T09:17:14.291+0000] {processor.py:183} INFO - Processing /opt/airflow/dags/shopee_dags.py took 0.131 seconds
[2026-05-16T09:17:44.370+0000] {processor.py:161} INFO - Started process (PID=441) to work on /opt/airflow/dags/shopee_dags.py
[2026-05-16T09:17:44.371+0000] {processor.py:830} INFO - Processing file /opt/airflow/dags/shopee_dags.py for tasks to queue
[2026-05-16T09:17:44.373+0000] {logging_mixin.py:188} INFO - [2026-05-16T09:17:44.373+0000] {dagbag.py:545} INFO - Filling up the DagBag from /opt/airflow/dags/shopee_dags.py
[2026-05-16T09:17:44.390+0000] {processor.py:840} INFO - DAG(s) 'shopee_scraper' retrieved from /opt/airflow/dags/shopee_dags.py
[2026-05-16T09:17:44.405+0000] {logging_mixin.py:188} INFO - [2026-05-16T09:17:44.405+0000] {dag.py:3096} INFO - Sync 1 DAGs
[2026-05-16T09:17:44.427+0000] {logging_mixin.py:188} INFO - [2026-05-16T09:17:44.426+0000] {dag.py:3954} INFO - Setting next_dagrun for shopee_scraper to 2026-05-16 00:00:00+00:00, run_after=2026-05-17 00:00:00+00:00
[2026-05-16T09:17:44.457+0000] {processor.py:183} INFO - Processing /opt/airflow/dags/shopee_dags.py took 0.093 seconds
[2026-05-16T09:18:14.625+0000] {processor.py:161} INFO - Started process (PID=446) to work on /opt/airflow/dags/shopee_dags.py
[2026-05-16T09:18:14.626+0000] {processor.py:830} INFO - Processing file /opt/airflow/dags/shopee_dags.py for tasks to queue
[2026-05-16T09:18:14.628+0000] {logging_mixin.py:188} INFO - [2026-05-16T09:18:14.628+0000] {dagbag.py:545} INFO - Filling up the DagBag from /opt/airflow/dags/shopee_dags.py
[2026-05-16T09:18:14.646+0000] {processor.py:840} INFO - DAG(s) 'shopee_scraper' retrieved from /opt/airflow/dags/shopee_dags.py
[2026-05-16T09:18:14.754+0000] {logging_mixin.py:188} INFO - [2026-05-16T09:18:14.754+0000] {dag.py:3096} INFO - Sync 1 DAGs
[2026-05-16T09:18:14.774+0000] {logging_mixin.py:188} INFO - [2026-05-16T09:18:14.774+0000] {dag.py:3954} INFO - Setting next_dagrun for shopee_scraper to 2026-05-16 00:00:00+00:00, run_after=2026-05-17 00:00:00+00:00
[2026-05-16T09:18:14.806+0000] {processor.py:183} INFO - Processing /opt/airflow/dags/shopee_dags.py took 0.188 seconds
[2026-05-16T09:18:45.074+0000] {processor.py:161} INFO - Started process (PID=451) to work on /opt/airflow/dags/shopee_dags.py
[2026-05-16T09:18:45.075+0000] {processor.py:830} INFO - Processing file /opt/airflow/dags/shopee_dags.py for tasks to queue
[2026-05-16T09:18:45.077+0000] {logging_mixin.py:188} INFO - [2026-05-16T09:18:45.077+0000] {dagbag.py:545} INFO - Filling up the DagBag from /opt/airflow/dags/shopee_dags.py
[2026-05-16T09:18:45.094+0000] {processor.py:840} INFO - DAG(s) 'shopee_scraper' retrieved from /opt/airflow/dags/shopee_dags.py
[2026-05-16T09:18:45.109+0000] {logging_mixin.py:188} INFO - [2026-05-16T09:18:45.109+0000] {dag.py:3096} INFO - Sync 1 DAGs
[2026-05-16T09:18:45.134+0000] {logging_mixin.py:188} INFO - [2026-05-16T09:18:45.134+0000] {dag.py:3954} INFO - Setting next_dagrun for shopee_scraper to 2026-05-16 00:00:00+00:00, run_after=2026-05-17 00:00:00+00:00
[2026-05-16T09:18:45.154+0000] {processor.py:183} INFO - Processing /opt/airflow/dags/shopee_dags.py took 0.086 seconds
[2026-05-16T09:19:15.336+0000] {processor.py:161} INFO - Started process (PID=456) to work on /opt/airflow/dags/shopee_dags.py
[2026-05-16T09:19:15.337+0000] {processor.py:830} INFO - Processing file /opt/airflow/dags/shopee_dags.py for tasks to queue
[2026-05-16T09:19:15.339+0000] {logging_mixin.py:188} INFO - [2026-05-16T09:19:15.339+0000] {dagbag.py:545} INFO - Filling up the DagBag from /opt/airflow/dags/shopee_dags.py
[2026-05-16T09:19:15.360+0000] {processor.py:840} INFO - DAG(s) 'shopee_scraper' retrieved from /opt/airflow/dags/shopee_dags.py
[2026-05-16T09:19:15.486+0000] {logging_mixin.py:188} INFO - [2026-05-16T09:19:15.486+0000] {dag.py:3096} INFO - Sync 1 DAGs
[2026-05-16T09:19:15.506+0000] {logging_mixin.py:188} INFO - [2026-05-16T09:19:15.506+0000] {dag.py:3954} INFO - Setting next_dagrun for shopee_scraper to 2026-05-16 00:00:00+00:00, run_after=2026-05-17 00:00:00+00:00
[2026-05-16T09:19:15.525+0000] {processor.py:183} INFO - Processing /opt/airflow/dags/shopee_dags.py took 0.197 seconds
[2026-05-16T09:19:45.567+0000] {processor.py:161} INFO - Started process (PID=461) to work on /opt/airflow/dags/shopee_dags.py
[2026-05-16T09:19:45.568+0000] {processor.py:830} INFO - Processing file /opt/airflow/dags/shopee_dags.py for tasks to queue
[2026-05-16T09:19:45.569+0000] {logging_mixin.py:188} INFO - [2026-05-16T09:19:45.569+0000] {dagbag.py:545} INFO - Filling up the DagBag from /opt/airflow/dags/shopee_dags.py
[2026-05-16T09:19:45.585+0000] {processor.py:840} INFO - DAG(s) 'shopee_scraper' retrieved from /opt/airflow/dags/shopee_dags.py
[2026-05-16T09:19:45.600+0000] {logging_mixin.py:188} INFO - [2026-05-16T09:19:45.600+0000] {dag.py:3096} INFO - Sync 1 DAGs
[2026-05-16T09:19:45.622+0000] {logging_mixin.py:188} INFO - [2026-05-16T09:19:45.622+0000] {dag.py:3954} INFO - Setting next_dagrun for shopee_scraper to 2026-05-16 00:00:00+00:00, run_after=2026-05-17 00:00:00+00:00
[2026-05-16T09:19:45.651+0000] {processor.py:183} INFO - Processing /opt/airflow/dags/shopee_dags.py took 0.090 seconds
[2026-05-16T09:20:15.791+0000] {processor.py:161} INFO - Started process (PID=466) to work on /opt/airflow/dags/shopee_dags.py
[2026-05-16T09:20:15.793+0000] {processor.py:830} INFO - Processing file /opt/airflow/dags/shopee_dags.py for tasks to queue
[2026-05-16T09:20:15.795+0000] {logging_mixin.py:188} INFO - [2026-05-16T09:20:15.795+0000] {dagbag.py:545} INFO - Filling up the DagBag from /opt/airflow/dags/shopee_dags.py
[2026-05-16T09:20:15.863+0000] {processor.py:840} INFO - DAG(s) 'shopee_scraper' retrieved from /opt/airflow/dags/shopee_dags.py
[2026-05-16T09:20:15.984+0000] {logging_mixin.py:188} INFO - [2026-05-16T09:20:15.984+0000] {dag.py:3096} INFO - Sync 1 DAGs
[2026-05-16T09:20:16.005+0000] {logging_mixin.py:188} INFO - [2026-05-16T09:20:16.005+0000] {dag.py:3954} INFO - Setting next_dagrun for shopee_scraper to 2026-05-16 00:00:00+00:00, run_after=2026-05-17 00:00:00+00:00
[2026-05-16T09:20:16.026+0000] {processor.py:183} INFO - Processing /opt/airflow/dags/shopee_dags.py took 0.246 seconds
[2026-05-16T09:20:46.096+0000] {processor.py:161} INFO - Started process (PID=471) to work on /opt/airflow/dags/shopee_dags.py
[2026-05-16T09:20:46.097+0000] {processor.py:830} INFO - Processing file /opt/airflow/dags/shopee_dags.py for tasks to queue
[2026-05-16T09:20:46.100+0000] {logging_mixin.py:188} INFO - [2026-05-16T09:20:46.100+0000] {dagbag.py:545} INFO - Filling up the DagBag from /opt/airflow/dags/shopee_dags.py
[2026-05-16T09:20:46.118+0000] {processor.py:840} INFO - DAG(s) 'shopee_scraper' retrieved from /opt/airflow/dags/shopee_dags.py
[2026-05-16T09:20:46.134+0000] {logging_mixin.py:188} INFO - [2026-05-16T09:20:46.134+0000] {dag.py:3096} INFO - Sync 1 DAGs
[2026-05-16T09:20:46.162+0000] {logging_mixin.py:188} INFO - [2026-05-16T09:20:46.162+0000] {dag.py:3954} INFO - Setting next_dagrun for shopee_scraper to 2026-05-16 00:00:00+00:00, run_after=2026-05-17 00:00:00+00:00
[2026-05-16T09:20:46.187+0000] {processor.py:183} INFO - Processing /opt/airflow/dags/shopee_dags.py took 0.099 seconds
[2026-05-16T09:21:16.323+0000] {processor.py:161} INFO - Started process (PID=476) to work on /opt/airflow/dags/shopee_dags.py
[2026-05-16T09:21:16.323+0000] {processor.py:830} INFO - Processing file /opt/airflow/dags/shopee_dags.py for tasks to queue
[2026-05-16T09:21:16.325+0000] {logging_mixin.py:188} INFO - [2026-05-16T09:21:16.325+0000] {dagbag.py:545} INFO - Filling up the DagBag from /opt/airflow/dags/shopee_dags.py
[2026-05-16T09:21:16.341+0000] {processor.py:840} INFO - DAG(s) 'shopee_scraper' retrieved from /opt/airflow/dags/shopee_dags.py
[2026-05-16T09:21:16.447+0000] {logging_mixin.py:188} INFO - [2026-05-16T09:21:16.446+0000] {dag.py:3096} INFO - Sync 1 DAGs
[2026-05-16T09:21:16.466+0000] {logging_mixin.py:188} INFO - [2026-05-16T09:21:16.466+0000] {dag.py:3954} INFO - Setting next_dagrun for shopee_scraper to 2026-05-16 00:00:00+00:00, run_after=2026-05-17 00:00:00+00:00
[2026-05-16T09:21:16.487+0000] {processor.py:183} INFO - Processing /opt/airflow/dags/shopee_dags.py took 0.170 seconds
[2026-05-16T09:21:46.588+0000] {processor.py:161} INFO - Started process (PID=481) to work on /opt/airflow/dags/shopee_dags.py
[2026-05-16T09:21:46.589+0000] {processor.py:830} INFO - Processing file /opt/airflow/dags/shopee_dags.py for tasks to queue
[2026-05-16T09:21:46.592+0000] {logging_mixin.py:188} INFO - [2026-05-16T09:21:46.591+0000] {dagbag.py:545} INFO - Filling up the DagBag from /opt/airflow/dags/shopee_dags.py
[2026-05-16T09:21:46.612+0000] {processor.py:840} INFO - DAG(s) 'shopee_scraper' retrieved from /opt/airflow/dags/shopee_dags.py
[2026-05-16T09:21:46.648+0000] {logging_mixin.py:188} INFO - [2026-05-16T09:21:46.647+0000] {dag.py:3096} INFO - Sync 1 DAGs
[2026-05-16T09:21:46.679+0000] {logging_mixin.py:188} INFO - [2026-05-16T09:21:46.678+0000] {dag.py:3954} INFO - Setting next_dagrun for shopee_scraper to 2026-05-16 00:00:00+00:00, run_after=2026-05-17 00:00:00+00:00
[2026-05-16T09:21:46.719+0000] {processor.py:183} INFO - Processing /opt/airflow/dags/shopee_dags.py took 0.138 seconds
[2026-05-16T09:22:16.944+0000] {processor.py:161} INFO - Started process (PID=486) to work on /opt/airflow/dags/shopee_dags.py
[2026-05-16T09:22:16.945+0000] {processor.py:830} INFO - Processing file /opt/airflow/dags/shopee_dags.py for tasks to queue
[2026-05-16T09:22:16.947+0000] {logging_mixin.py:188} INFO - [2026-05-16T09:22:16.947+0000] {dagbag.py:545} INFO - Filling up the DagBag from /opt/airflow/dags/shopee_dags.py
[2026-05-16T09:22:16.967+0000] {processor.py:840} INFO - DAG(s) 'shopee_scraper' retrieved from /opt/airflow/dags/shopee_dags.py
[2026-05-16T09:22:16.983+0000] {logging_mixin.py:188} INFO - [2026-05-16T09:22:16.982+0000] {dag.py:3096} INFO - Sync 1 DAGs
[2026-05-16T09:22:17.010+0000] {logging_mixin.py:188} INFO - [2026-05-16T09:22:17.010+0000] {dag.py:3954} INFO - Setting next_dagrun for shopee_scraper to 2026-05-16 00:00:00+00:00, run_after=2026-05-17 00:00:00+00:00
[2026-05-16T09:22:17.030+0000] {processor.py:183} INFO - Processing /opt/airflow/dags/shopee_dags.py took 0.093 seconds
[2026-05-16T09:22:47.177+0000] {processor.py:161} INFO - Started process (PID=491) to work on /opt/airflow/dags/shopee_dags.py
[2026-05-16T09:22:47.177+0000] {processor.py:830} INFO - Processing file /opt/airflow/dags/shopee_dags.py for tasks to queue
[2026-05-16T09:22:47.180+0000] {logging_mixin.py:188} INFO - [2026-05-16T09:22:47.179+0000] {dagbag.py:545} INFO - Filling up the DagBag from /opt/airflow/dags/shopee_dags.py
[2026-05-16T09:22:47.196+0000] {processor.py:840} INFO - DAG(s) 'shopee_scraper' retrieved from /opt/airflow/dags/shopee_dags.py
[2026-05-16T09:22:47.333+0000] {logging_mixin.py:188} INFO - [2026-05-16T09:22:47.333+0000] {dag.py:3096} INFO - Sync 1 DAGs
[2026-05-16T09:22:47.354+0000] {logging_mixin.py:188} INFO - [2026-05-16T09:22:47.353+0000] {dag.py:3954} INFO - Setting next_dagrun for shopee_scraper to 2026-05-16 00:00:00+00:00, run_after=2026-05-17 00:00:00+00:00
[2026-05-16T09:22:47.383+0000] {processor.py:183} INFO - Processing /opt/airflow/dags/shopee_dags.py took 0.213 seconds
[2026-05-16T09:23:17.481+0000] {processor.py:161} INFO - Started process (PID=496) to work on /opt/airflow/dags/shopee_dags.py
[2026-05-16T09:23:17.482+0000] {processor.py:830} INFO - Processing file /opt/airflow/dags/shopee_dags.py for tasks to queue
[2026-05-16T09:23:17.484+0000] {logging_mixin.py:188} INFO - [2026-05-16T09:23:17.483+0000] {dagbag.py:545} INFO - Filling up the DagBag from /opt/airflow/dags/shopee_dags.py
[2026-05-16T09:23:17.501+0000] {processor.py:840} INFO - DAG(s) 'shopee_scraper' retrieved from /opt/airflow/dags/shopee_dags.py
[2026-05-16T09:23:17.514+0000] {logging_mixin.py:188} INFO - [2026-05-16T09:23:17.514+0000] {dag.py:3096} INFO - Sync 1 DAGs
[2026-05-16T09:23:17.537+0000] {logging_mixin.py:188} INFO - [2026-05-16T09:23:17.537+0000] {dag.py:3954} INFO - Setting next_dagrun for shopee_scraper to 2026-05-16 00:00:00+00:00, run_after=2026-05-17 00:00:00+00:00
[2026-05-16T09:23:17.568+0000] {processor.py:183} INFO - Processing /opt/airflow/dags/shopee_dags.py took 0.093 seconds
[2026-05-16T09:23:47.727+0000] {processor.py:161} INFO - Started process (PID=501) to work on /opt/airflow/dags/shopee_dags.py
[2026-05-16T09:23:47.728+0000] {processor.py:830} INFO - Processing file /opt/airflow/dags/shopee_dags.py for tasks to queue
[2026-05-16T09:23:47.730+0000] {logging_mixin.py:188} INFO - [2026-05-16T09:23:47.729+0000] {dagbag.py:545} INFO - Filling up the DagBag from /opt/airflow/dags/shopee_dags.py
[2026-05-16T09:23:47.745+0000] {processor.py:840} INFO - DAG(s) 'shopee_scraper' retrieved from /opt/airflow/dags/shopee_dags.py
[2026-05-16T09:23:47.845+0000] {logging_mixin.py:188} INFO - [2026-05-16T09:23:47.844+0000] {dag.py:3096} INFO - Sync 1 DAGs
[2026-05-16T09:23:47.863+0000] {logging_mixin.py:188} INFO - [2026-05-16T09:23:47.863+0000] {dag.py:3954} INFO - Setting next_dagrun for shopee_scraper to 2026-05-16 00:00:00+00:00, run_after=2026-05-17 00:00:00+00:00
[2026-05-16T09:23:47.884+0000] {processor.py:183} INFO - Processing /opt/airflow/dags/shopee_dags.py took 0.163 seconds
[2026-05-16T09:24:18.016+0000] {processor.py:161} INFO - Started process (PID=506) to work on /opt/airflow/dags/shopee_dags.py
[2026-05-16T09:24:18.017+0000] {processor.py:830} INFO - Processing file /opt/airflow/dags/shopee_dags.py for tasks to queue
[2026-05-16T09:24:18.018+0000] {logging_mixin.py:188} INFO - [2026-05-16T09:24:18.018+0000] {dagbag.py:545} INFO - Filling up the DagBag from /opt/airflow/dags/shopee_dags.py
[2026-05-16T09:24:18.034+0000] {processor.py:840} INFO - DAG(s) 'shopee_scraper' retrieved from /opt/airflow/dags/shopee_dags.py
[2026-05-16T09:24:18.049+0000] {logging_mixin.py:188} INFO - [2026-05-16T09:24:18.048+0000] {dag.py:3096} INFO - Sync 1 DAGs
[2026-05-16T09:24:18.071+0000] {logging_mixin.py:188} INFO - [2026-05-16T09:24:18.071+0000] {dag.py:3954} INFO - Setting next_dagrun for shopee_scraper to 2026-05-16 00:00:00+00:00, run_after=2026-05-17 00:00:00+00:00
[2026-05-16T09:24:18.090+0000] {processor.py:183} INFO - Processing /opt/airflow/dags/shopee_dags.py took 0.080 seconds
[2026-05-16T09:24:48.268+0000] {processor.py:161} INFO - Started process (PID=511) to work on /opt/airflow/dags/shopee_dags.py
[2026-05-16T09:24:48.269+0000] {processor.py:830} INFO - Processing file /opt/airflow/dags/shopee_dags.py for tasks to queue
[2026-05-16T09:24:48.271+0000] {logging_mixin.py:188} INFO - [2026-05-16T09:24:48.270+0000] {dagbag.py:545} INFO - Filling up the DagBag from /opt/airflow/dags/shopee_dags.py
[2026-05-16T09:24:48.286+0000] {processor.py:840} INFO - DAG(s) 'shopee_scraper' retrieved from /opt/airflow/dags/shopee_dags.py
[2026-05-16T09:24:48.414+0000] {logging_mixin.py:188} INFO - [2026-05-16T09:24:48.414+0000] {dag.py:3096} INFO - Sync 1 DAGs
[2026-05-16T09:24:48.435+0000] {logging_mixin.py:188} INFO - [2026-05-16T09:24:48.435+0000] {dag.py:3954} INFO - Setting next_dagrun for shopee_scraper to 2026-05-16 00:00:00+00:00, run_after=2026-05-17 00:00:00+00:00
[2026-05-16T09:24:48.480+0000] {processor.py:183} INFO - Processing /opt/airflow/dags/shopee_dags.py took 0.217 seconds
[2026-05-16T09:25:18.573+0000] {processor.py:161} INFO - Started process (PID=516) to work on /opt/airflow/dags/shopee_dags.py
[2026-05-16T09:25:18.574+0000] {processor.py:830} INFO - Processing file /opt/airflow/dags/shopee_dags.py for tasks to queue
[2026-05-16T09:25:18.576+0000] {logging_mixin.py:188} INFO - [2026-05-16T09:25:18.576+0000] {dagbag.py:545} INFO - Filling up the DagBag from /opt/airflow/dags/shopee_dags.py
[2026-05-16T09:25:18.611+0000] {processor.py:840} INFO - DAG(s) 'shopee_scraper' retrieved from /opt/airflow/dags/shopee_dags.py
[2026-05-16T09:25:18.629+0000] {logging_mixin.py:188} INFO - [2026-05-16T09:25:18.629+0000] {dag.py:3096} INFO - Sync 1 DAGs
[2026-05-16T09:25:18.662+0000] {logging_mixin.py:188} INFO - [2026-05-16T09:25:18.661+0000] {dag.py:3954} INFO - Setting next_dagrun for shopee_scraper to 2026-05-16 00:00:00+00:00, run_after=2026-05-17 00:00:00+00:00
[2026-05-16T09:25:18.695+0000] {processor.py:183} INFO - Processing /opt/airflow/dags/shopee_dags.py took 0.129 seconds
[2026-05-16T09:25:48.953+0000] {processor.py:161} INFO - Started process (PID=521) to work on /opt/airflow/dags/shopee_dags.py
[2026-05-16T09:25:48.954+0000] {processor.py:830} INFO - Processing file /opt/airflow/dags/shopee_dags.py for tasks to queue
[2026-05-16T09:25:48.955+0000] {logging_mixin.py:188} INFO - [2026-05-16T09:25:48.955+0000] {dagbag.py:545} INFO - Filling up the DagBag from /opt/airflow/dags/shopee_dags.py
[2026-05-16T09:25:48.975+0000] {processor.py:840} INFO - DAG(s) 'shopee_scraper' retrieved from /opt/airflow/dags/shopee_dags.py
[2026-05-16T09:25:49.083+0000] {logging_mixin.py:188} INFO - [2026-05-16T09:25:49.083+0000] {dag.py:3096} INFO - Sync 1 DAGs
[2026-05-16T09:25:49.103+0000] {logging_mixin.py:188} INFO - [2026-05-16T09:25:49.103+0000] {dag.py:3954} INFO - Setting next_dagrun for shopee_scraper to 2026-05-16 00:00:00+00:00, run_after=2026-05-17 00:00:00+00:00
[2026-05-16T09:25:49.123+0000] {processor.py:183} INFO - Processing /opt/airflow/dags/shopee_dags.py took 0.175 seconds
[2026-05-16T09:26:19.182+0000] {processor.py:161} INFO - Started process (PID=526) to work on /opt/airflow/dags/shopee_dags.py
[2026-05-16T09:26:19.183+0000] {processor.py:830} INFO - Processing file /opt/airflow/dags/shopee_dags.py for tasks to queue
[2026-05-16T09:26:19.184+0000] {logging_mixin.py:188} INFO - [2026-05-16T09:26:19.184+0000] {dagbag.py:545} INFO - Filling up the DagBag from /opt/airflow/dags/shopee_dags.py
[2026-05-16T09:26:19.207+0000] {processor.py:840} INFO - DAG(s) 'shopee_scraper' retrieved from /opt/airflow/dags/shopee_dags.py
[2026-05-16T09:26:19.236+0000] {logging_mixin.py:188} INFO - [2026-05-16T09:26:19.235+0000] {dag.py:3096} INFO - Sync 1 DAGs
[2026-05-16T09:26:19.257+0000] {logging_mixin.py:188} INFO - [2026-05-16T09:26:19.257+0000] {dag.py:3954} INFO - Setting next_dagrun for shopee_scraper to 2026-05-16 00:00:00+00:00, run_after=2026-05-17 00:00:00+00:00
[2026-05-16T09:26:19.275+0000] {processor.py:183} INFO - Processing /opt/airflow/dags/shopee_dags.py took 0.099 seconds
[2026-05-16T09:26:49.388+0000] {processor.py:161} INFO - Started process (PID=531) to work on /opt/airflow/dags/shopee_dags.py
[2026-05-16T09:26:49.389+0000] {processor.py:830} INFO - Processing file /opt/airflow/dags/shopee_dags.py for tasks to queue
[2026-05-16T09:26:49.391+0000] {logging_mixin.py:188} INFO - [2026-05-16T09:26:49.390+0000] {dagbag.py:545} INFO - Filling up the DagBag from /opt/airflow/dags/shopee_dags.py
[2026-05-16T09:26:49.407+0000] {processor.py:840} INFO - DAG(s) 'shopee_scraper' retrieved from /opt/airflow/dags/shopee_dags.py
[2026-05-16T09:26:49.421+0000] {logging_mixin.py:188} INFO - [2026-05-16T09:26:49.421+0000] {dag.py:3096} INFO - Sync 1 DAGs
[2026-05-16T09:26:49.443+0000] {logging_mixin.py:188} INFO - [2026-05-16T09:26:49.443+0000] {dag.py:3954} INFO - Setting next_dagrun for shopee_scraper to 2026-05-16 00:00:00+00:00, run_after=2026-05-17 00:00:00+00:00
[2026-05-16T09:26:49.480+0000] {processor.py:183} INFO - Processing /opt/airflow/dags/shopee_dags.py took 0.097 seconds
[2026-05-16T09:27:19.693+0000] {processor.py:161} INFO - Started process (PID=536) to work on /opt/airflow/dags/shopee_dags.py
[2026-05-16T09:27:19.694+0000] {processor.py:830} INFO - Processing file /opt/airflow/dags/shopee_dags.py for tasks to queue
[2026-05-16T09:27:19.695+0000] {logging_mixin.py:188} INFO - [2026-05-16T09:27:19.695+0000] {dagbag.py:545} INFO - Filling up the DagBag from /opt/airflow/dags/shopee_dags.py
[2026-05-16T09:27:19.712+0000] {processor.py:840} INFO - DAG(s) 'shopee_scraper' retrieved from /opt/airflow/dags/shopee_dags.py
[2026-05-16T09:27:19.832+0000] {logging_mixin.py:188} INFO - [2026-05-16T09:27:19.832+0000] {dag.py:3096} INFO - Sync 1 DAGs
[2026-05-16T09:27:19.852+0000] {logging_mixin.py:188} INFO - [2026-05-16T09:27:19.851+0000] {dag.py:3954} INFO - Setting next_dagrun for shopee_scraper to 2026-05-16 00:00:00+00:00, run_after=2026-05-17 00:00:00+00:00
[2026-05-16T09:27:19.873+0000] {processor.py:183} INFO - Processing /opt/airflow/dags/shopee_dags.py took 0.185 seconds
[2026-05-16T09:27:50.090+0000] {processor.py:161} INFO - Started process (PID=541) to work on /opt/airflow/dags/shopee_dags.py
[2026-05-16T09:27:50.091+0000] {processor.py:830} INFO - Processing file /opt/airflow/dags/shopee_dags.py for tasks to queue
[2026-05-16T09:27:50.092+0000] {logging_mixin.py:188} INFO - [2026-05-16T09:27:50.092+0000] {dagbag.py:545} INFO - Filling up the DagBag from /opt/airflow/dags/shopee_dags.py
[2026-05-16T09:27:50.109+0000] {processor.py:840} INFO - DAG(s) 'shopee_scraper' retrieved from /opt/airflow/dags/shopee_dags.py
[2026-05-16T09:27:50.124+0000] {logging_mixin.py:188} INFO - [2026-05-16T09:27:50.123+0000] {dag.py:3096} INFO - Sync 1 DAGs
[2026-05-16T09:27:50.147+0000] {logging_mixin.py:188} INFO - [2026-05-16T09:27:50.146+0000] {dag.py:3954} INFO - Setting next_dagrun for shopee_scraper to 2026-05-16 00:00:00+00:00, run_after=2026-05-17 00:00:00+00:00
[2026-05-16T09:27:50.167+0000] {processor.py:183} INFO - Processing /opt/airflow/dags/shopee_dags.py took 0.083 seconds
[2026-05-16T09:28:20.271+0000] {processor.py:161} INFO - Started process (PID=546) to work on /opt/airflow/dags/shopee_dags.py
[2026-05-16T09:28:20.272+0000] {processor.py:830} INFO - Processing file /opt/airflow/dags/shopee_dags.py for tasks to queue
[2026-05-16T09:28:20.275+0000] {logging_mixin.py:188} INFO - [2026-05-16T09:28:20.274+0000] {dagbag.py:545} INFO - Filling up the DagBag from /opt/airflow/dags/shopee_dags.py
[2026-05-16T09:28:20.292+0000] {processor.py:840} INFO - DAG(s) 'shopee_scraper' retrieved from /opt/airflow/dags/shopee_dags.py
[2026-05-16T09:28:20.397+0000] {logging_mixin.py:188} INFO - [2026-05-16T09:28:20.397+0000] {dag.py:3096} INFO - Sync 1 DAGs
[2026-05-16T09:28:20.417+0000] {logging_mixin.py:188} INFO - [2026-05-16T09:28:20.417+0000] {dag.py:3954} INFO - Setting next_dagrun for shopee_scraper to 2026-05-16 00:00:00+00:00, run_after=2026-05-17 00:00:00+00:00
[2026-05-16T09:28:20.452+0000] {processor.py:183} INFO - Processing /opt/airflow/dags/shopee_dags.py took 0.187 seconds
[2026-05-16T09:28:50.530+0000] {processor.py:161} INFO - Started process (PID=551) to work on /opt/airflow/dags/shopee_dags.py
[2026-05-16T09:28:50.531+0000] {processor.py:830} INFO - Processing file /opt/airflow/dags/shopee_dags.py for tasks to queue
[2026-05-16T09:28:50.533+0000] {logging_mixin.py:188} INFO - [2026-05-16T09:28:50.533+0000] {dagbag.py:545} INFO - Filling up the DagBag from /opt/airflow/dags/shopee_dags.py
[2026-05-16T09:28:50.556+0000] {processor.py:840} INFO - DAG(s) 'shopee_scraper' retrieved from /opt/airflow/dags/shopee_dags.py
[2026-05-16T09:28:50.573+0000] {logging_mixin.py:188} INFO - [2026-05-16T09:28:50.573+0000] {dag.py:3096} INFO - Sync 1 DAGs
[2026-05-16T09:28:50.603+0000] {logging_mixin.py:188} INFO - [2026-05-16T09:28:50.603+0000] {dag.py:3954} INFO - Setting next_dagrun for shopee_scraper to 2026-05-16 00:00:00+00:00, run_after=2026-05-17 00:00:00+00:00
[2026-05-16T09:28:50.628+0000] {processor.py:183} INFO - Processing /opt/airflow/dags/shopee_dags.py took 0.113 seconds
[2026-05-16T09:30:06.063+0000] {processor.py:161} INFO - Started process (PID=187) to work on /opt/airflow/dags/shopee_dags.py
[2026-05-16T09:30:06.068+0000] {processor.py:830} INFO - Processing file /opt/airflow/dags/shopee_dags.py for tasks to queue
[2026-05-16T09:30:06.079+0000] {logging_mixin.py:188} INFO - [2026-05-16T09:30:06.077+0000] {dagbag.py:545} INFO - Filling up the DagBag from /opt/airflow/dags/shopee_dags.py
[2026-05-16T09:30:06.178+0000] {processor.py:840} INFO - DAG(s) 'shopee_scraper' retrieved from /opt/airflow/dags/shopee_dags.py
[2026-05-16T09:30:06.302+0000] {logging_mixin.py:188} INFO - [2026-05-16T09:30:06.301+0000] {dag.py:3096} INFO - Sync 1 DAGs
[2026-05-16T09:30:06.655+0000] {logging_mixin.py:188} INFO - [2026-05-16T09:30:06.655+0000] {dag.py:3954} INFO - Setting next_dagrun for shopee_scraper to 2026-05-16 00:00:00+00:00, run_after=2026-05-17 00:00:00+00:00
[2026-05-16T09:30:06.756+0000] {processor.py:183} INFO - Processing /opt/airflow/dags/shopee_dags.py took 0.747 seconds
[2026-05-16T09:30:37.044+0000] {processor.py:161} INFO - Started process (PID=193) to work on /opt/airflow/dags/shopee_dags.py
[2026-05-16T09:30:37.046+0000] {processor.py:830} INFO - Processing file /opt/airflow/dags/shopee_dags.py for tasks to queue
[2026-05-16T09:30:37.048+0000] {logging_mixin.py:188} INFO - [2026-05-16T09:30:37.048+0000] {dagbag.py:545} INFO - Filling up the DagBag from /opt/airflow/dags/shopee_dags.py
[2026-05-16T09:30:37.078+0000] {processor.py:840} INFO - DAG(s) 'shopee_scraper' retrieved from /opt/airflow/dags/shopee_dags.py
[2026-05-16T09:30:37.102+0000] {logging_mixin.py:188} INFO - [2026-05-16T09:30:37.102+0000] {dag.py:3096} INFO - Sync 1 DAGs
[2026-05-16T09:30:37.140+0000] {logging_mixin.py:188} INFO - [2026-05-16T09:30:37.140+0000] {dag.py:3954} INFO - Setting next_dagrun for shopee_scraper to 2026-05-16 00:00:00+00:00, run_after=2026-05-17 00:00:00+00:00
[2026-05-16T09:30:37.171+0000] {processor.py:183} INFO - Processing /opt/airflow/dags/shopee_dags.py took 0.134 seconds
[2026-05-16T09:31:07.311+0000] {processor.py:161} INFO - Started process (PID=198) to work on /opt/airflow/dags/shopee_dags.py
[2026-05-16T09:31:07.313+0000] {processor.py:830} INFO - Processing file /opt/airflow/dags/shopee_dags.py for tasks to queue
[2026-05-16T09:31:07.316+0000] {logging_mixin.py:188} INFO - [2026-05-16T09:31:07.315+0000] {dagbag.py:545} INFO - Filling up the DagBag from /opt/airflow/dags/shopee_dags.py
[2026-05-16T09:31:07.347+0000] {processor.py:840} INFO - DAG(s) 'shopee_scraper' retrieved from /opt/airflow/dags/shopee_dags.py
[2026-05-16T09:31:07.379+0000] {logging_mixin.py:188} INFO - [2026-05-16T09:31:07.378+0000] {dag.py:3096} INFO - Sync 1 DAGs
[2026-05-16T09:31:07.425+0000] {logging_mixin.py:188} INFO - [2026-05-16T09:31:07.424+0000] {dag.py:3954} INFO - Setting next_dagrun for shopee_scraper to 2026-05-16 00:00:00+00:00, run_after=2026-05-17 00:00:00+00:00
[2026-05-16T09:31:07.458+0000] {processor.py:183} INFO - Processing /opt/airflow/dags/shopee_dags.py took 0.156 seconds
[2026-05-16T09:31:37.666+0000] {processor.py:161} INFO - Started process (PID=278) to work on /opt/airflow/dags/shopee_dags.py
[2026-05-16T09:31:37.668+0000] {processor.py:830} INFO - Processing file /opt/airflow/dags/shopee_dags.py for tasks to queue
[2026-05-16T09:31:37.675+0000] {logging_mixin.py:188} INFO - [2026-05-16T09:31:37.674+0000] {dagbag.py:545} INFO - Filling up the DagBag from /opt/airflow/dags/shopee_dags.py
[2026-05-16T09:31:37.724+0000] {processor.py:840} INFO - DAG(s) 'shopee_scraper' retrieved from /opt/airflow/dags/shopee_dags.py
[2026-05-16T09:31:37.764+0000] {logging_mixin.py:188} INFO - [2026-05-16T09:31:37.763+0000] {dag.py:3096} INFO - Sync 1 DAGs
[2026-05-16T09:31:37.865+0000] {logging_mixin.py:188} INFO - [2026-05-16T09:31:37.865+0000] {dag.py:3954} INFO - Setting next_dagrun for shopee_scraper to 2026-05-16 00:00:00+00:00, run_after=2026-05-17 00:00:00+00:00
[2026-05-16T09:31:37.915+0000] {processor.py:183} INFO - Processing /opt/airflow/dags/shopee_dags.py took 0.269 seconds
[2026-05-16T09:32:08.458+0000] {processor.py:161} INFO - Started process (PID=336) to work on /opt/airflow/dags/shopee_dags.py
[2026-05-16T09:32:08.460+0000] {processor.py:830} INFO - Processing file /opt/airflow/dags/shopee_dags.py for tasks to queue
[2026-05-16T09:32:08.490+0000] {logging_mixin.py:188} INFO - [2026-05-16T09:32:08.462+0000] {dagbag.py:545} INFO - Filling up the DagBag from /opt/airflow/dags/shopee_dags.py
[2026-05-16T09:32:08.806+0000] {processor.py:840} INFO - DAG(s) 'shopee_scraper' retrieved from /opt/airflow/dags/shopee_dags.py
[2026-05-16T09:32:08.908+0000] {logging_mixin.py:188} INFO - [2026-05-16T09:32:08.908+0000] {dag.py:3096} INFO - Sync 1 DAGs
[2026-05-16T09:32:10.077+0000] {logging_mixin.py:188} INFO - [2026-05-16T09:32:10.053+0000] {dag.py:3954} INFO - Setting next_dagrun for shopee_scraper to 2026-05-16 00:00:00+00:00, run_after=2026-05-17 00:00:00+00:00
[2026-05-16T09:32:10.488+0000] {processor.py:183} INFO - Processing /opt/airflow/dags/shopee_dags.py took 2.143 seconds
[2026-05-16T09:32:40.751+0000] {processor.py:161} INFO - Started process (PID=341) to work on /opt/airflow/dags/shopee_dags.py
[2026-05-16T09:32:40.752+0000] {processor.py:830} INFO - Processing file /opt/airflow/dags/shopee_dags.py for tasks to queue
[2026-05-16T09:32:40.754+0000] {logging_mixin.py:188} INFO - [2026-05-16T09:32:40.754+0000] {dagbag.py:545} INFO - Filling up the DagBag from /opt/airflow/dags/shopee_dags.py
[2026-05-16T09:32:40.780+0000] {processor.py:840} INFO - DAG(s) 'shopee_scraper' retrieved from /opt/airflow/dags/shopee_dags.py
[2026-05-16T09:32:40.800+0000] {logging_mixin.py:188} INFO - [2026-05-16T09:32:40.800+0000] {dag.py:3096} INFO - Sync 1 DAGs
[2026-05-16T09:32:40.841+0000] {logging_mixin.py:188} INFO - [2026-05-16T09:32:40.841+0000] {dag.py:3954} INFO - Setting next_dagrun for shopee_scraper to 2026-05-16 00:00:00+00:00, run_after=2026-05-17 00:00:00+00:00
[2026-05-16T09:32:40.880+0000] {processor.py:183} INFO - Processing /opt/airflow/dags/shopee_dags.py took 0.136 seconds
[2026-05-16T09:33:11.037+0000] {processor.py:161} INFO - Started process (PID=346) to work on /opt/airflow/dags/shopee_dags.py
[2026-05-16T09:33:11.039+0000] {processor.py:830} INFO - Processing file /opt/airflow/dags/shopee_dags.py for tasks to queue
[2026-05-16T09:33:11.041+0000] {logging_mixin.py:188} INFO - [2026-05-16T09:33:11.041+0000] {dagbag.py:545} INFO - Filling up the DagBag from /opt/airflow/dags/shopee_dags.py
[2026-05-16T09:33:11.073+0000] {processor.py:840} INFO - DAG(s) 'shopee_scraper' retrieved from /opt/airflow/dags/shopee_dags.py
[2026-05-16T09:33:11.098+0000] {logging_mixin.py:188} INFO - [2026-05-16T09:33:11.097+0000] {dag.py:3096} INFO - Sync 1 DAGs
[2026-05-16T09:33:11.141+0000] {logging_mixin.py:188} INFO - [2026-05-16T09:33:11.140+0000] {dag.py:3954} INFO - Setting next_dagrun for shopee_scraper to 2026-05-16 00:00:00+00:00, run_after=2026-05-17 00:00:00+00:00
[2026-05-16T09:33:11.174+0000] {processor.py:183} INFO - Processing /opt/airflow/dags/shopee_dags.py took 0.148 seconds
[2026-05-16T09:33:41.431+0000] {processor.py:161} INFO - Started process (PID=351) to work on /opt/airflow/dags/shopee_dags.py
[2026-05-16T09:33:41.434+0000] {processor.py:830} INFO - Processing file /opt/airflow/dags/shopee_dags.py for tasks to queue
[2026-05-16T09:33:41.437+0000] {logging_mixin.py:188} INFO - [2026-05-16T09:33:41.437+0000] {dagbag.py:545} INFO - Filling up the DagBag from /opt/airflow/dags/shopee_dags.py
[2026-05-16T09:33:41.489+0000] {processor.py:840} INFO - DAG(s) 'shopee_scraper' retrieved from /opt/airflow/dags/shopee_dags.py
[2026-05-16T09:33:41.523+0000] {logging_mixin.py:188} INFO - [2026-05-16T09:33:41.522+0000] {dag.py:3096} INFO - Sync 1 DAGs
[2026-05-16T09:33:41.575+0000] {logging_mixin.py:188} INFO - [2026-05-16T09:33:41.574+0000] {dag.py:3954} INFO - Setting next_dagrun for shopee_scraper to 2026-05-16 00:00:00+00:00, run_after=2026-05-17 00:00:00+00:00
[2026-05-16T09:33:41.621+0000] {processor.py:183} INFO - Processing /opt/airflow/dags/shopee_dags.py took 0.203 seconds
[2026-05-16T09:34:11.859+0000] {processor.py:161} INFO - Started process (PID=356) to work on /opt/airflow/dags/shopee_dags.py
[2026-05-16T09:34:11.860+0000] {processor.py:830} INFO - Processing file /opt/airflow/dags/shopee_dags.py for tasks to queue
[2026-05-16T09:34:11.863+0000] {logging_mixin.py:188} INFO - [2026-05-16T09:34:11.863+0000] {dagbag.py:545} INFO - Filling up the DagBag from /opt/airflow/dags/shopee_dags.py
[2026-05-16T09:34:11.909+0000] {processor.py:840} INFO - DAG(s) 'shopee_scraper' retrieved from /opt/airflow/dags/shopee_dags.py
[2026-05-16T09:34:11.941+0000] {logging_mixin.py:188} INFO - [2026-05-16T09:34:11.941+0000] {dag.py:3096} INFO - Sync 1 DAGs
[2026-05-16T09:34:11.995+0000] {logging_mixin.py:188} INFO - [2026-05-16T09:34:11.995+0000] {dag.py:3954} INFO - Setting next_dagrun for shopee_scraper to 2026-05-16 00:00:00+00:00, run_after=2026-05-17 00:00:00+00:00
[2026-05-16T09:34:12.043+0000] {processor.py:183} INFO - Processing /opt/airflow/dags/shopee_dags.py took 0.205 seconds
[2026-05-16T09:34:42.293+0000] {processor.py:161} INFO - Started process (PID=361) to work on /opt/airflow/dags/shopee_dags.py
[2026-05-16T09:34:42.304+0000] {processor.py:830} INFO - Processing file /opt/airflow/dags/shopee_dags.py for tasks to queue
[2026-05-16T09:34:42.307+0000] {logging_mixin.py:188} INFO - [2026-05-16T09:34:42.306+0000] {dagbag.py:545} INFO - Filling up the DagBag from /opt/airflow/dags/shopee_dags.py
[2026-05-16T09:34:42.403+0000] {processor.py:840} INFO - DAG(s) 'shopee_scraper' retrieved from /opt/airflow/dags/shopee_dags.py
[2026-05-16T09:34:42.422+0000] {logging_mixin.py:188} INFO - [2026-05-16T09:34:42.422+0000] {dag.py:3096} INFO - Sync 1 DAGs
[2026-05-16T09:34:42.553+0000] {logging_mixin.py:188} INFO - [2026-05-16T09:34:42.552+0000] {dag.py:3954} INFO - Setting next_dagrun for shopee_scraper to 2026-05-16 00:00:00+00:00, run_after=2026-05-17 00:00:00+00:00
[2026-05-16T09:34:42.721+0000] {processor.py:183} INFO - Processing /opt/airflow/dags/shopee_dags.py took 0.440 seconds
[2026-05-16T09:35:13.192+0000] {processor.py:161} INFO - Started process (PID=366) to work on /opt/airflow/dags/shopee_dags.py
[2026-05-16T09:35:13.194+0000] {processor.py:830} INFO - Processing file /opt/airflow/dags/shopee_dags.py for tasks to queue
[2026-05-16T09:35:13.198+0000] {logging_mixin.py:188} INFO - [2026-05-16T09:35:13.197+0000] {dagbag.py:545} INFO - Filling up the DagBag from /opt/airflow/dags/shopee_dags.py
[2026-05-16T09:35:13.232+0000] {processor.py:840} INFO - DAG(s) 'shopee_scraper' retrieved from /opt/airflow/dags/shopee_dags.py
[2026-05-16T09:35:13.255+0000] {logging_mixin.py:188} INFO - [2026-05-16T09:35:13.255+0000] {dag.py:3096} INFO - Sync 1 DAGs
[2026-05-16T09:35:13.298+0000] {logging_mixin.py:188} INFO - [2026-05-16T09:35:13.298+0000] {dag.py:3954} INFO - Setting next_dagrun for shopee_scraper to 2026-05-16 00:00:00+00:00, run_after=2026-05-17 00:00:00+00:00
[2026-05-16T09:35:13.332+0000] {processor.py:183} INFO - Processing /opt/airflow/dags/shopee_dags.py took 0.155 seconds
[2026-05-16T09:35:43.428+0000] {processor.py:161} INFO - Started process (PID=371) to work on /opt/airflow/dags/shopee_dags.py
[2026-05-16T09:35:43.430+0000] {processor.py:830} INFO - Processing file /opt/airflow/dags/shopee_dags.py for tasks to queue
[2026-05-16T09:35:43.436+0000] {logging_mixin.py:188} INFO - [2026-05-16T09:35:43.435+0000] {dagbag.py:545} INFO - Filling up the DagBag from /opt/airflow/dags/shopee_dags.py
[2026-05-16T09:35:43.489+0000] {processor.py:840} INFO - DAG(s) 'shopee_scraper' retrieved from /opt/airflow/dags/shopee_dags.py
[2026-05-16T09:35:43.540+0000] {logging_mixin.py:188} INFO - [2026-05-16T09:35:43.539+0000] {dag.py:3096} INFO - Sync 1 DAGs
[2026-05-16T09:35:43.619+0000] {logging_mixin.py:188} INFO - [2026-05-16T09:35:43.619+0000] {dag.py:3954} INFO - Setting next_dagrun for shopee_scraper to 2026-05-16 00:00:00+00:00, run_after=2026-05-17 00:00:00+00:00
[2026-05-16T09:35:43.663+0000] {processor.py:183} INFO - Processing /opt/airflow/dags/shopee_dags.py took 0.249 seconds
[2026-05-16T09:36:13.862+0000] {processor.py:161} INFO - Started process (PID=376) to work on /opt/airflow/dags/shopee_dags.py
[2026-05-16T09:36:13.863+0000] {processor.py:830} INFO - Processing file /opt/airflow/dags/shopee_dags.py for tasks to queue
[2026-05-16T09:36:13.869+0000] {logging_mixin.py:188} INFO - [2026-05-16T09:36:13.868+0000] {dagbag.py:545} INFO - Filling up the DagBag from /opt/airflow/dags/shopee_dags.py
[2026-05-16T09:36:13.911+0000] {processor.py:840} INFO - DAG(s) 'shopee_scraper' retrieved from /opt/airflow/dags/shopee_dags.py
[2026-05-16T09:36:13.942+0000] {logging_mixin.py:188} INFO - [2026-05-16T09:36:13.942+0000] {dag.py:3096} INFO - Sync 1 DAGs
[2026-05-16T09:36:13.986+0000] {logging_mixin.py:188} INFO - [2026-05-16T09:36:13.986+0000] {dag.py:3954} INFO - Setting next_dagrun for shopee_scraper to 2026-05-16 00:00:00+00:00, run_after=2026-05-17 00:00:00+00:00
[2026-05-16T09:36:14.017+0000] {processor.py:183} INFO - Processing /opt/airflow/dags/shopee_dags.py took 0.168 seconds
[2026-05-16T09:36:44.186+0000] {processor.py:161} INFO - Started process (PID=381) to work on /opt/airflow/dags/shopee_dags.py
[2026-05-16T09:36:44.188+0000] {processor.py:830} INFO - Processing file /opt/airflow/dags/shopee_dags.py for tasks to queue
[2026-05-16T09:36:44.192+0000] {logging_mixin.py:188} INFO - [2026-05-16T09:36:44.191+0000] {dagbag.py:545} INFO - Filling up the DagBag from /opt/airflow/dags/shopee_dags.py
[2026-05-16T09:36:44.231+0000] {processor.py:840} INFO - DAG(s) 'shopee_scraper' retrieved from /opt/airflow/dags/shopee_dags.py
[2026-05-16T09:36:44.264+0000] {logging_mixin.py:188} INFO - [2026-05-16T09:36:44.264+0000] {dag.py:3096} INFO - Sync 1 DAGs
[2026-05-16T09:36:44.348+0000] {logging_mixin.py:188} INFO - [2026-05-16T09:36:44.347+0000] {dag.py:3954} INFO - Setting next_dagrun for shopee_scraper to 2026-05-16 00:00:00+00:00, run_after=2026-05-17 00:00:00+00:00
[2026-05-16T09:36:44.392+0000] {processor.py:183} INFO - Processing /opt/airflow/dags/shopee_dags.py took 0.224 seconds
[2026-05-16T09:37:14.655+0000] {processor.py:161} INFO - Started process (PID=386) to work on /opt/airflow/dags/shopee_dags.py
[2026-05-16T09:37:14.657+0000] {processor.py:830} INFO - Processing file /opt/airflow/dags/shopee_dags.py for tasks to queue
[2026-05-16T09:37:14.661+0000] {logging_mixin.py:188} INFO - [2026-05-16T09:37:14.660+0000] {dagbag.py:545} INFO - Filling up the DagBag from /opt/airflow/dags/shopee_dags.py
[2026-05-16T09:37:14.695+0000] {processor.py:840} INFO - DAG(s) 'shopee_scraper' retrieved from /opt/airflow/dags/shopee_dags.py
[2026-05-16T09:37:14.723+0000] {logging_mixin.py:188} INFO - [2026-05-16T09:37:14.722+0000] {dag.py:3096} INFO - Sync 1 DAGs
[2026-05-16T09:37:14.771+0000] {logging_mixin.py:188} INFO - [2026-05-16T09:37:14.770+0000] {dag.py:3954} INFO - Setting next_dagrun for shopee_scraper to 2026-05-16 00:00:00+00:00, run_after=2026-05-17 00:00:00+00:00
[2026-05-16T09:37:14.848+0000] {processor.py:183} INFO - Processing /opt/airflow/dags/shopee_dags.py took 0.202 seconds
[2026-05-16T09:37:44.926+0000] {processor.py:161} INFO - Started process (PID=391) to work on /opt/airflow/dags/shopee_dags.py
[2026-05-16T09:37:44.928+0000] {processor.py:830} INFO - Processing file /opt/airflow/dags/shopee_dags.py for tasks to queue
[2026-05-16T09:37:44.931+0000] {logging_mixin.py:188} INFO - [2026-05-16T09:37:44.930+0000] {dagbag.py:545} INFO - Filling up the DagBag from /opt/airflow/dags/shopee_dags.py
[2026-05-16T09:37:44.971+0000] {processor.py:840} INFO - DAG(s) 'shopee_scraper' retrieved from /opt/airflow/dags/shopee_dags.py
[2026-05-16T09:37:45.004+0000] {logging_mixin.py:188} INFO - [2026-05-16T09:37:45.003+0000] {dag.py:3096} INFO - Sync 1 DAGs
[2026-05-16T09:37:45.055+0000] {logging_mixin.py:188} INFO - [2026-05-16T09:37:45.055+0000] {dag.py:3954} INFO - Setting next_dagrun for shopee_scraper to 2026-05-16 00:00:00+00:00, run_after=2026-05-17 00:00:00+00:00
[2026-05-16T09:37:45.091+0000] {processor.py:183} INFO - Processing /opt/airflow/dags/shopee_dags.py took 0.179 seconds
[2026-05-16T09:38:15.317+0000] {processor.py:161} INFO - Started process (PID=396) to work on /opt/airflow/dags/shopee_dags.py
[2026-05-16T09:38:15.327+0000] {processor.py:830} INFO - Processing file /opt/airflow/dags/shopee_dags.py for tasks to queue
[2026-05-16T09:38:15.333+0000] {logging_mixin.py:188} INFO - [2026-05-16T09:38:15.333+0000] {dagbag.py:545} INFO - Filling up the DagBag from /opt/airflow/dags/shopee_dags.py
[2026-05-16T09:38:15.376+0000] {processor.py:840} INFO - DAG(s) 'shopee_scraper' retrieved from /opt/airflow/dags/shopee_dags.py
[2026-05-16T09:38:15.448+0000] {logging_mixin.py:188} INFO - [2026-05-16T09:38:15.447+0000] {dag.py:3096} INFO - Sync 1 DAGs
[2026-05-16T09:38:15.653+0000] {logging_mixin.py:188} INFO - [2026-05-16T09:38:15.652+0000] {dag.py:3954} INFO - Setting next_dagrun for shopee_scraper to 2026-05-16 00:00:00+00:00, run_after=2026-05-17 00:00:00+00:00
[2026-05-16T09:38:15.703+0000] {processor.py:183} INFO - Processing /opt/airflow/dags/shopee_dags.py took 0.402 seconds
[2026-05-16T09:38:46.071+0000] {processor.py:161} INFO - Started process (PID=401) to work on /opt/airflow/dags/shopee_dags.py
[2026-05-16T09:38:46.073+0000] {processor.py:830} INFO - Processing file /opt/airflow/dags/shopee_dags.py for tasks to queue
[2026-05-16T09:38:46.077+0000] {logging_mixin.py:188} INFO - [2026-05-16T09:38:46.076+0000] {dagbag.py:545} INFO - Filling up the DagBag from /opt/airflow/dags/shopee_dags.py
[2026-05-16T09:38:46.129+0000] {processor.py:840} INFO - DAG(s) 'shopee_scraper' retrieved from /opt/airflow/dags/shopee_dags.py
[2026-05-16T09:38:46.163+0000] {logging_mixin.py:188} INFO - [2026-05-16T09:38:46.162+0000] {dag.py:3096} INFO - Sync 1 DAGs
[2026-05-16T09:38:46.230+0000] {logging_mixin.py:188} INFO - [2026-05-16T09:38:46.229+0000] {dag.py:3954} INFO - Setting next_dagrun for shopee_scraper to 2026-05-16 00:00:00+00:00, run_after=2026-05-17 00:00:00+00:00
[2026-05-16T09:38:46.271+0000] {processor.py:183} INFO - Processing /opt/airflow/dags/shopee_dags.py took 0.214 seconds
[2026-05-16T09:39:16.611+0000] {processor.py:161} INFO - Started process (PID=406) to work on /opt/airflow/dags/shopee_dags.py
[2026-05-16T09:39:16.621+0000] {processor.py:830} INFO - Processing file /opt/airflow/dags/shopee_dags.py for tasks to queue
[2026-05-16T09:39:16.624+0000] {logging_mixin.py:188} INFO - [2026-05-16T09:39:16.623+0000] {dagbag.py:545} INFO - Filling up the DagBag from /opt/airflow/dags/shopee_dags.py
[2026-05-16T09:39:16.712+0000] {processor.py:840} INFO - DAG(s) 'shopee_scraper' retrieved from /opt/airflow/dags/shopee_dags.py
[2026-05-16T09:39:16.729+0000] {logging_mixin.py:188} INFO - [2026-05-16T09:39:16.728+0000] {dag.py:3096} INFO - Sync 1 DAGs
[2026-05-16T09:39:16.752+0000] {logging_mixin.py:188} INFO - [2026-05-16T09:39:16.752+0000] {dag.py:3954} INFO - Setting next_dagrun for shopee_scraper to 2026-05-16 00:00:00+00:00, run_after=2026-05-17 00:00:00+00:00
[2026-05-16T09:39:16.789+0000] {processor.py:183} INFO - Processing /opt/airflow/dags/shopee_dags.py took 0.191 seconds
[2026-05-16T09:39:46.854+0000] {processor.py:161} INFO - Started process (PID=411) to work on /opt/airflow/dags/shopee_dags.py
[2026-05-16T09:39:46.856+0000] {processor.py:830} INFO - Processing file /opt/airflow/dags/shopee_dags.py for tasks to queue
[2026-05-16T09:39:46.859+0000] {logging_mixin.py:188} INFO - [2026-05-16T09:39:46.858+0000] {dagbag.py:545} INFO - Filling up the DagBag from /opt/airflow/dags/shopee_dags.py
[2026-05-16T09:39:46.891+0000] {processor.py:840} INFO - DAG(s) 'shopee_scraper' retrieved from /opt/airflow/dags/shopee_dags.py
[2026-05-16T09:39:46.917+0000] {logging_mixin.py:188} INFO - [2026-05-16T09:39:46.917+0000] {dag.py:3096} INFO - Sync 1 DAGs
[2026-05-16T09:39:46.956+0000] {logging_mixin.py:188} INFO - [2026-05-16T09:39:46.956+0000] {dag.py:3954} INFO - Setting next_dagrun for shopee_scraper to 2026-05-16 00:00:00+00:00, run_after=2026-05-17 00:00:00+00:00
[2026-05-16T09:39:46.994+0000] {processor.py:183} INFO - Processing /opt/airflow/dags/shopee_dags.py took 0.150 seconds
[2026-05-16T09:40:17.332+0000] {processor.py:161} INFO - Started process (PID=416) to work on /opt/airflow/dags/shopee_dags.py
[2026-05-16T09:40:17.334+0000] {processor.py:830} INFO - Processing file /opt/airflow/dags/shopee_dags.py for tasks to queue
[2026-05-16T09:40:17.337+0000] {logging_mixin.py:188} INFO - [2026-05-16T09:40:17.336+0000] {dagbag.py:545} INFO - Filling up the DagBag from /opt/airflow/dags/shopee_dags.py
[2026-05-16T09:40:17.369+0000] {processor.py:840} INFO - DAG(s) 'shopee_scraper' retrieved from /opt/airflow/dags/shopee_dags.py
[2026-05-16T09:40:17.393+0000] {logging_mixin.py:188} INFO - [2026-05-16T09:40:17.393+0000] {dag.py:3096} INFO - Sync 1 DAGs
[2026-05-16T09:40:17.427+0000] {logging_mixin.py:188} INFO - [2026-05-16T09:40:17.427+0000] {dag.py:3954} INFO - Setting next_dagrun for shopee_scraper to 2026-05-16 00:00:00+00:00, run_after=2026-05-17 00:00:00+00:00
[2026-05-16T09:40:17.454+0000] {processor.py:183} INFO - Processing /opt/airflow/dags/shopee_dags.py took 0.132 seconds
[2026-05-16T09:40:47.581+0000] {processor.py:161} INFO - Started process (PID=421) to work on /opt/airflow/dags/shopee_dags.py
[2026-05-16T09:40:47.583+0000] {processor.py:830} INFO - Processing file /opt/airflow/dags/shopee_dags.py for tasks to queue
[2026-05-16T09:40:47.585+0000] {logging_mixin.py:188} INFO - [2026-05-16T09:40:47.585+0000] {dagbag.py:545} INFO - Filling up the DagBag from /opt/airflow/dags/shopee_dags.py
[2026-05-16T09:40:47.614+0000] {processor.py:840} INFO - DAG(s) 'shopee_scraper' retrieved from /opt/airflow/dags/shopee_dags.py
[2026-05-16T09:40:47.634+0000] {logging_mixin.py:188} INFO - [2026-05-16T09:40:47.634+0000] {dag.py:3096} INFO - Sync 1 DAGs
[2026-05-16T09:40:47.674+0000] {logging_mixin.py:188} INFO - [2026-05-16T09:40:47.673+0000] {dag.py:3954} INFO - Setting next_dagrun for shopee_scraper to 2026-05-16 00:00:00+00:00, run_after=2026-05-17 00:00:00+00:00
[2026-05-16T09:40:47.711+0000] {processor.py:183} INFO - Processing /opt/airflow/dags/shopee_dags.py took 0.140 seconds
[2026-05-16T09:40:57.323+0000] {processor.py:161} INFO - Started process (PID=426) to work on /opt/airflow/dags/shopee_dags.py
[2026-05-16T09:40:57.325+0000] {processor.py:830} INFO - Processing file /opt/airflow/dags/shopee_dags.py for tasks to queue
[2026-05-16T09:40:57.328+0000] {logging_mixin.py:188} INFO - [2026-05-16T09:40:57.328+0000] {dagbag.py:545} INFO - Filling up the DagBag from /opt/airflow/dags/shopee_dags.py
[2026-05-16T09:40:58.392+0000] {processor.py:840} INFO - DAG(s) 'shopee_to_mongodb' retrieved from /opt/airflow/dags/shopee_dags.py
[2026-05-16T09:40:59.503+0000] {logging_mixin.py:188} INFO - [2026-05-16T09:40:59.501+0000] {override.py:1829} INFO - Created Permission View: can edit on DAG:shopee_to_mongodb
[2026-05-16T09:40:59.535+0000] {logging_mixin.py:188} INFO - [2026-05-16T09:40:59.534+0000] {override.py:1829} INFO - Created Permission View: can delete on DAG:shopee_to_mongodb
[2026-05-16T09:40:59.551+0000] {logging_mixin.py:188} INFO - [2026-05-16T09:40:59.550+0000] {override.py:1829} INFO - Created Permission View: can read on DAG:shopee_to_mongodb
[2026-05-16T09:40:59.553+0000] {logging_mixin.py:188} INFO - [2026-05-16T09:40:59.552+0000] {dag.py:3096} INFO - Sync 1 DAGs
[2026-05-16T09:40:59.592+0000] {logging_mixin.py:188} INFO - [2026-05-16T09:40:59.592+0000] {dag.py:3118} INFO - Creating ORM DAG for shopee_to_mongodb
[2026-05-16T09:40:59.628+0000] {logging_mixin.py:188} INFO - [2026-05-16T09:40:59.627+0000] {dag.py:3954} INFO - Setting next_dagrun for shopee_to_mongodb to 2026-05-15 01:00:00+00:00, run_after=2026-05-16 01:00:00+00:00
[2026-05-16T09:40:59.704+0000] {processor.py:183} INFO - Processing /opt/airflow/dags/shopee_dags.py took 2.393 seconds
[2026-05-16T09:41:30.043+0000] {processor.py:161} INFO - Started process (PID=431) to work on /opt/airflow/dags/shopee_dags.py
[2026-05-16T09:41:30.048+0000] {processor.py:830} INFO - Processing file /opt/airflow/dags/shopee_dags.py for tasks to queue
[2026-05-16T09:41:30.051+0000] {logging_mixin.py:188} INFO - [2026-05-16T09:41:30.051+0000] {dagbag.py:545} INFO - Filling up the DagBag from /opt/airflow/dags/shopee_dags.py
[2026-05-16T09:41:30.236+0000] {processor.py:840} INFO - DAG(s) 'shopee_to_mongodb' retrieved from /opt/airflow/dags/shopee_dags.py
[2026-05-16T09:41:30.265+0000] {logging_mixin.py:188} INFO - [2026-05-16T09:41:30.265+0000] {dag.py:3096} INFO - Sync 1 DAGs
[2026-05-16T09:41:30.327+0000] {logging_mixin.py:188} INFO - [2026-05-16T09:41:30.326+0000] {dag.py:3954} INFO - Setting next_dagrun for shopee_to_mongodb to 2026-05-15 01:00:00+00:00, run_after=2026-05-16 01:00:00+00:00
[2026-05-16T09:41:30.386+0000] {processor.py:183} INFO - Processing /opt/airflow/dags/shopee_dags.py took 0.353 seconds
[2026-05-16T09:42:00.773+0000] {processor.py:161} INFO - Started process (PID=439) to work on /opt/airflow/dags/shopee_dags.py
[2026-05-16T09:42:00.779+0000] {processor.py:830} INFO - Processing file /opt/airflow/dags/shopee_dags.py for tasks to queue
[2026-05-16T09:42:00.803+0000] {logging_mixin.py:188} INFO - [2026-05-16T09:42:00.799+0000] {dagbag.py:545} INFO - Filling up the DagBag from /opt/airflow/dags/shopee_dags.py
[2026-05-16T09:42:01.219+0000] {processor.py:840} INFO - DAG(s) 'shopee_to_mongodb' retrieved from /opt/airflow/dags/shopee_dags.py
[2026-05-16T09:42:01.256+0000] {logging_mixin.py:188} INFO - [2026-05-16T09:42:01.255+0000] {dag.py:3096} INFO - Sync 1 DAGs
[2026-05-16T09:42:01.331+0000] {logging_mixin.py:188} INFO - [2026-05-16T09:42:01.330+0000] {dag.py:3954} INFO - Setting next_dagrun for shopee_to_mongodb to 2026-05-15 01:00:00+00:00, run_after=2026-05-16 01:00:00+00:00
[2026-05-16T09:42:01.390+0000] {processor.py:183} INFO - Processing /opt/airflow/dags/shopee_dags.py took 0.709 seconds
[2026-05-16T09:42:31.592+0000] {processor.py:161} INFO - Started process (PID=476) to work on /opt/airflow/dags/shopee_dags.py
[2026-05-16T09:42:31.593+0000] {processor.py:830} INFO - Processing file /opt/airflow/dags/shopee_dags.py for tasks to queue
[2026-05-16T09:42:31.596+0000] {logging_mixin.py:188} INFO - [2026-05-16T09:42:31.595+0000] {dagbag.py:545} INFO - Filling up the DagBag from /opt/airflow/dags/shopee_dags.py
[2026-05-16T09:42:31.942+0000] {processor.py:840} INFO - DAG(s) 'shopee_to_mongodb' retrieved from /opt/airflow/dags/shopee_dags.py
[2026-05-16T09:42:31.974+0000] {logging_mixin.py:188} INFO - [2026-05-16T09:42:31.974+0000] {dag.py:3096} INFO - Sync 1 DAGs
[2026-05-16T09:42:32.143+0000] {logging_mixin.py:188} INFO - [2026-05-16T09:42:32.143+0000] {dag.py:3954} INFO - Setting next_dagrun for shopee_to_mongodb to 2026-05-15 01:00:00+00:00, run_after=2026-05-16 01:00:00+00:00
[2026-05-16T09:42:32.189+0000] {processor.py:183} INFO - Processing /opt/airflow/dags/shopee_dags.py took 0.609 seconds
