[2026-05-24T02:05:53.600+0000] {processor.py:161} INFO - Started process (PID=174) to work on /opt/airflow/dags/shopee_dag.py
[2026-05-24T02:05:53.631+0000] {processor.py:830} INFO - Processing file /opt/airflow/dags/shopee_dag.py for tasks to queue
[2026-05-24T02:05:53.699+0000] {logging_mixin.py:188} INFO - [2026-05-24T02:05:53.675+0000] {dagbag.py:545} INFO - Filling up the DagBag from /opt/airflow/dags/shopee_dag.py
[2026-05-24T02:05:55.833+0000] {processor.py:840} INFO - DAG(s) 'shopee_pipeline' retrieved from /opt/airflow/dags/shopee_dag.py
[2026-05-24T02:05:56.292+0000] {logging_mixin.py:188} INFO - [2026-05-24T02:05:56.288+0000] {dag.py:3096} INFO - Sync 1 DAGs
[2026-05-24T02:05:56.574+0000] {logging_mixin.py:188} INFO - [2026-05-24T02:05:56.573+0000] {dag.py:3954} INFO - Setting next_dagrun for shopee_pipeline to 2026-05-23 01:00:00+00:00, run_after=2026-05-24 01:00:00+00:00
[2026-05-24T02:05:56.709+0000] {processor.py:183} INFO - Processing /opt/airflow/dags/shopee_dag.py took 3.259 seconds
[2026-05-24T02:06:27.314+0000] {processor.py:161} INFO - Started process (PID=279) to work on /opt/airflow/dags/shopee_dag.py
[2026-05-24T02:06:27.315+0000] {processor.py:830} INFO - Processing file /opt/airflow/dags/shopee_dag.py for tasks to queue
[2026-05-24T02:06:27.317+0000] {logging_mixin.py:188} INFO - [2026-05-24T02:06:27.317+0000] {dagbag.py:545} INFO - Filling up the DagBag from /opt/airflow/dags/shopee_dag.py
[2026-05-24T02:06:27.870+0000] {processor.py:840} INFO - DAG(s) 'shopee_pipeline' retrieved from /opt/airflow/dags/shopee_dag.py
[2026-05-24T02:06:27.975+0000] {logging_mixin.py:188} INFO - [2026-05-24T02:06:27.975+0000] {dag.py:3096} INFO - Sync 1 DAGs
[2026-05-24T02:06:28.808+0000] {logging_mixin.py:188} INFO - [2026-05-24T02:06:28.808+0000] {dag.py:3954} INFO - Setting next_dagrun for shopee_pipeline to 2026-05-23 01:00:00+00:00, run_after=2026-05-24 01:00:00+00:00
[2026-05-24T02:06:28.967+0000] {processor.py:183} INFO - Processing /opt/airflow/dags/shopee_dag.py took 1.660 seconds
[2026-05-24T02:06:59.219+0000] {processor.py:161} INFO - Started process (PID=401) to work on /opt/airflow/dags/shopee_dag.py
[2026-05-24T02:06:59.223+0000] {processor.py:830} INFO - Processing file /opt/airflow/dags/shopee_dag.py for tasks to queue
[2026-05-24T02:06:59.226+0000] {logging_mixin.py:188} INFO - [2026-05-24T02:06:59.226+0000] {dagbag.py:545} INFO - Filling up the DagBag from /opt/airflow/dags/shopee_dag.py
[2026-05-24T02:06:59.458+0000] {processor.py:840} INFO - DAG(s) 'shopee_pipeline' retrieved from /opt/airflow/dags/shopee_dag.py
[2026-05-24T02:07:00.046+0000] {logging_mixin.py:188} INFO - [2026-05-24T02:07:00.045+0000] {dag.py:3096} INFO - Sync 1 DAGs
[2026-05-24T02:07:00.129+0000] {logging_mixin.py:188} INFO - [2026-05-24T02:07:00.128+0000] {dag.py:3954} INFO - Setting next_dagrun for shopee_pipeline to 2026-05-23 01:00:00+00:00, run_after=2026-05-24 01:00:00+00:00
[2026-05-24T02:07:05.707+0000] {processor.py:183} INFO - Processing /opt/airflow/dags/shopee_dag.py took 6.505 seconds
[2026-05-24T02:07:35.977+0000] {processor.py:161} INFO - Started process (PID=528) to work on /opt/airflow/dags/shopee_dag.py
[2026-05-24T02:07:35.979+0000] {processor.py:830} INFO - Processing file /opt/airflow/dags/shopee_dag.py for tasks to queue
[2026-05-24T02:07:35.982+0000] {logging_mixin.py:188} INFO - [2026-05-24T02:07:35.981+0000] {dagbag.py:545} INFO - Filling up the DagBag from /opt/airflow/dags/shopee_dag.py
[2026-05-24T02:07:36.126+0000] {processor.py:840} INFO - DAG(s) 'shopee_pipeline' retrieved from /opt/airflow/dags/shopee_dag.py
[2026-05-24T02:07:36.169+0000] {logging_mixin.py:188} INFO - [2026-05-24T02:07:36.169+0000] {dag.py:3096} INFO - Sync 1 DAGs
[2026-05-24T02:07:36.205+0000] {logging_mixin.py:188} INFO - [2026-05-24T02:07:36.205+0000] {dag.py:3954} INFO - Setting next_dagrun for shopee_pipeline to 2026-05-23 01:00:00+00:00, run_after=2026-05-24 01:00:00+00:00
[2026-05-24T02:07:36.238+0000] {processor.py:183} INFO - Processing /opt/airflow/dags/shopee_dag.py took 0.271 seconds
[2026-05-24T02:08:06.589+0000] {processor.py:161} INFO - Started process (PID=616) to work on /opt/airflow/dags/shopee_dag.py
[2026-05-24T02:08:06.590+0000] {processor.py:830} INFO - Processing file /opt/airflow/dags/shopee_dag.py for tasks to queue
[2026-05-24T02:08:06.592+0000] {logging_mixin.py:188} INFO - [2026-05-24T02:08:06.592+0000] {dagbag.py:545} INFO - Filling up the DagBag from /opt/airflow/dags/shopee_dag.py
[2026-05-24T02:08:06.709+0000] {processor.py:840} INFO - DAG(s) 'shopee_pipeline' retrieved from /opt/airflow/dags/shopee_dag.py
[2026-05-24T02:08:06.746+0000] {logging_mixin.py:188} INFO - [2026-05-24T02:08:06.746+0000] {dag.py:3096} INFO - Sync 1 DAGs
[2026-05-24T02:08:06.786+0000] {logging_mixin.py:188} INFO - [2026-05-24T02:08:06.786+0000] {dag.py:3954} INFO - Setting next_dagrun for shopee_pipeline to 2026-05-23 01:00:00+00:00, run_after=2026-05-24 01:00:00+00:00
[2026-05-24T02:08:06.814+0000] {processor.py:183} INFO - Processing /opt/airflow/dags/shopee_dag.py took 0.235 seconds
[2026-05-24T02:08:37.101+0000] {processor.py:161} INFO - Started process (PID=661) to work on /opt/airflow/dags/shopee_dag.py
[2026-05-24T02:08:37.102+0000] {processor.py:830} INFO - Processing file /opt/airflow/dags/shopee_dag.py for tasks to queue
[2026-05-24T02:08:37.104+0000] {logging_mixin.py:188} INFO - [2026-05-24T02:08:37.104+0000] {dagbag.py:545} INFO - Filling up the DagBag from /opt/airflow/dags/shopee_dag.py
[2026-05-24T02:08:37.211+0000] {processor.py:840} INFO - DAG(s) 'shopee_pipeline' retrieved from /opt/airflow/dags/shopee_dag.py
[2026-05-24T02:08:37.254+0000] {logging_mixin.py:188} INFO - [2026-05-24T02:08:37.254+0000] {dag.py:3096} INFO - Sync 1 DAGs
[2026-05-24T02:08:37.286+0000] {logging_mixin.py:188} INFO - [2026-05-24T02:08:37.286+0000] {dag.py:3954} INFO - Setting next_dagrun for shopee_pipeline to 2026-05-23 01:00:00+00:00, run_after=2026-05-24 01:00:00+00:00
[2026-05-24T02:08:37.311+0000] {processor.py:183} INFO - Processing /opt/airflow/dags/shopee_dag.py took 0.219 seconds
[2026-05-24T02:09:07.591+0000] {processor.py:161} INFO - Started process (PID=794) to work on /opt/airflow/dags/shopee_dag.py
[2026-05-24T02:09:07.592+0000] {processor.py:830} INFO - Processing file /opt/airflow/dags/shopee_dag.py for tasks to queue
[2026-05-24T02:09:07.593+0000] {logging_mixin.py:188} INFO - [2026-05-24T02:09:07.593+0000] {dagbag.py:545} INFO - Filling up the DagBag from /opt/airflow/dags/shopee_dag.py
[2026-05-24T02:09:07.724+0000] {processor.py:840} INFO - DAG(s) 'shopee_pipeline' retrieved from /opt/airflow/dags/shopee_dag.py
[2026-05-24T02:09:07.761+0000] {logging_mixin.py:188} INFO - [2026-05-24T02:09:07.761+0000] {dag.py:3096} INFO - Sync 1 DAGs
[2026-05-24T02:09:07.799+0000] {logging_mixin.py:188} INFO - [2026-05-24T02:09:07.799+0000] {dag.py:3954} INFO - Setting next_dagrun for shopee_pipeline to 2026-05-23 01:00:00+00:00, run_after=2026-05-24 01:00:00+00:00
[2026-05-24T02:09:07.842+0000] {processor.py:183} INFO - Processing /opt/airflow/dags/shopee_dag.py took 0.257 seconds
[2026-05-24T02:09:38.089+0000] {processor.py:161} INFO - Started process (PID=895) to work on /opt/airflow/dags/shopee_dag.py
[2026-05-24T02:09:38.090+0000] {processor.py:830} INFO - Processing file /opt/airflow/dags/shopee_dag.py for tasks to queue
[2026-05-24T02:09:38.092+0000] {logging_mixin.py:188} INFO - [2026-05-24T02:09:38.092+0000] {dagbag.py:545} INFO - Filling up the DagBag from /opt/airflow/dags/shopee_dag.py
[2026-05-24T02:09:38.214+0000] {processor.py:840} INFO - DAG(s) 'shopee_pipeline' retrieved from /opt/airflow/dags/shopee_dag.py
[2026-05-24T02:09:38.254+0000] {logging_mixin.py:188} INFO - [2026-05-24T02:09:38.254+0000] {dag.py:3096} INFO - Sync 1 DAGs
[2026-05-24T02:09:38.288+0000] {logging_mixin.py:188} INFO - [2026-05-24T02:09:38.288+0000] {dag.py:3954} INFO - Setting next_dagrun for shopee_pipeline to 2026-05-23 01:00:00+00:00, run_after=2026-05-24 01:00:00+00:00
[2026-05-24T02:09:38.320+0000] {processor.py:183} INFO - Processing /opt/airflow/dags/shopee_dag.py took 0.240 seconds
[2026-05-24T02:10:08.605+0000] {processor.py:161} INFO - Started process (PID=940) to work on /opt/airflow/dags/shopee_dag.py
[2026-05-24T02:10:08.605+0000] {processor.py:830} INFO - Processing file /opt/airflow/dags/shopee_dag.py for tasks to queue
[2026-05-24T02:10:08.607+0000] {logging_mixin.py:188} INFO - [2026-05-24T02:10:08.607+0000] {dagbag.py:545} INFO - Filling up the DagBag from /opt/airflow/dags/shopee_dag.py
[2026-05-24T02:10:08.753+0000] {processor.py:840} INFO - DAG(s) 'shopee_pipeline' retrieved from /opt/airflow/dags/shopee_dag.py
[2026-05-24T02:10:08.794+0000] {logging_mixin.py:188} INFO - [2026-05-24T02:10:08.793+0000] {dag.py:3096} INFO - Sync 1 DAGs
[2026-05-24T02:10:08.817+0000] {logging_mixin.py:188} INFO - [2026-05-24T02:10:08.817+0000] {dag.py:3954} INFO - Setting next_dagrun for shopee_pipeline to 2026-05-23 01:00:00+00:00, run_after=2026-05-24 01:00:00+00:00
[2026-05-24T02:10:08.855+0000] {processor.py:183} INFO - Processing /opt/airflow/dags/shopee_dag.py took 0.256 seconds
[2026-05-24T02:10:39.177+0000] {processor.py:161} INFO - Started process (PID=1047) to work on /opt/airflow/dags/shopee_dag.py
[2026-05-24T02:10:39.179+0000] {processor.py:830} INFO - Processing file /opt/airflow/dags/shopee_dag.py for tasks to queue
[2026-05-24T02:10:39.185+0000] {logging_mixin.py:188} INFO - [2026-05-24T02:10:39.183+0000] {dagbag.py:545} INFO - Filling up the DagBag from /opt/airflow/dags/shopee_dag.py
[2026-05-24T02:10:39.504+0000] {processor.py:840} INFO - DAG(s) 'shopee_pipeline' retrieved from /opt/airflow/dags/shopee_dag.py
[2026-05-24T02:10:39.580+0000] {logging_mixin.py:188} INFO - [2026-05-24T02:10:39.580+0000] {dag.py:3096} INFO - Sync 1 DAGs
[2026-05-24T02:10:39.665+0000] {logging_mixin.py:188} INFO - [2026-05-24T02:10:39.665+0000] {dag.py:3954} INFO - Setting next_dagrun for shopee_pipeline to 2026-05-23 01:00:00+00:00, run_after=2026-05-24 01:00:00+00:00
[2026-05-24T02:10:39.780+0000] {processor.py:183} INFO - Processing /opt/airflow/dags/shopee_dag.py took 0.621 seconds
[2026-05-24T02:11:53.119+0000] {processor.py:161} INFO - Started process (PID=175) to work on /opt/airflow/dags/shopee_dag.py
[2026-05-24T02:11:53.123+0000] {processor.py:830} INFO - Processing file /opt/airflow/dags/shopee_dag.py for tasks to queue
[2026-05-24T02:11:53.131+0000] {logging_mixin.py:188} INFO - [2026-05-24T02:11:53.130+0000] {dagbag.py:545} INFO - Filling up the DagBag from /opt/airflow/dags/shopee_dag.py
[2026-05-24T02:11:53.632+0000] {processor.py:840} INFO - DAG(s) 'shopee_pipeline' retrieved from /opt/airflow/dags/shopee_dag.py
[2026-05-24T02:11:53.798+0000] {logging_mixin.py:188} INFO - [2026-05-24T02:11:53.797+0000] {dag.py:3096} INFO - Sync 1 DAGs
[2026-05-24T02:11:53.864+0000] {logging_mixin.py:188} INFO - [2026-05-24T02:11:53.862+0000] {dag.py:3954} INFO - Setting next_dagrun for shopee_pipeline to 2026-05-23 01:00:00+00:00, run_after=2026-05-24 01:00:00+00:00
[2026-05-24T02:11:53.973+0000] {processor.py:183} INFO - Processing /opt/airflow/dags/shopee_dag.py took 0.882 seconds
[2026-05-24T02:12:24.436+0000] {processor.py:161} INFO - Started process (PID=279) to work on /opt/airflow/dags/shopee_dag.py
[2026-05-24T02:12:24.438+0000] {processor.py:830} INFO - Processing file /opt/airflow/dags/shopee_dag.py for tasks to queue
[2026-05-24T02:12:24.440+0000] {logging_mixin.py:188} INFO - [2026-05-24T02:12:24.439+0000] {dagbag.py:545} INFO - Filling up the DagBag from /opt/airflow/dags/shopee_dag.py
[2026-05-24T02:12:24.583+0000] {processor.py:840} INFO - DAG(s) 'shopee_pipeline' retrieved from /opt/airflow/dags/shopee_dag.py
[2026-05-24T02:12:24.605+0000] {logging_mixin.py:188} INFO - [2026-05-24T02:12:24.604+0000] {dag.py:3096} INFO - Sync 1 DAGs
[2026-05-24T02:12:24.643+0000] {logging_mixin.py:188} INFO - [2026-05-24T02:12:24.643+0000] {dag.py:3954} INFO - Setting next_dagrun for shopee_pipeline to 2026-05-23 01:00:00+00:00, run_after=2026-05-24 01:00:00+00:00
[2026-05-24T02:12:24.688+0000] {processor.py:183} INFO - Processing /opt/airflow/dags/shopee_dag.py took 0.262 seconds
[2026-05-24T02:12:55.042+0000] {processor.py:161} INFO - Started process (PID=393) to work on /opt/airflow/dags/shopee_dag.py
[2026-05-24T02:12:55.045+0000] {processor.py:830} INFO - Processing file /opt/airflow/dags/shopee_dag.py for tasks to queue
[2026-05-24T02:12:55.049+0000] {logging_mixin.py:188} INFO - [2026-05-24T02:12:55.048+0000] {dagbag.py:545} INFO - Filling up the DagBag from /opt/airflow/dags/shopee_dag.py
[2026-05-24T02:12:55.227+0000] {processor.py:840} INFO - DAG(s) 'shopee_pipeline' retrieved from /opt/airflow/dags/shopee_dag.py
[2026-05-24T02:12:55.749+0000] {logging_mixin.py:188} INFO - [2026-05-24T02:12:55.748+0000] {dag.py:3096} INFO - Sync 1 DAGs
[2026-05-24T02:12:55.792+0000] {logging_mixin.py:188} INFO - [2026-05-24T02:12:55.792+0000] {dag.py:3954} INFO - Setting next_dagrun for shopee_pipeline to 2026-05-23 01:00:00+00:00, run_after=2026-05-24 01:00:00+00:00
[2026-05-24T02:12:55.835+0000] {processor.py:183} INFO - Processing /opt/airflow/dags/shopee_dag.py took 0.803 seconds
[2026-05-24T02:13:25.983+0000] {processor.py:161} INFO - Started process (PID=409) to work on /opt/airflow/dags/shopee_dag.py
[2026-05-24T02:13:25.985+0000] {processor.py:830} INFO - Processing file /opt/airflow/dags/shopee_dag.py for tasks to queue
[2026-05-24T02:13:25.987+0000] {logging_mixin.py:188} INFO - [2026-05-24T02:13:25.986+0000] {dagbag.py:545} INFO - Filling up the DagBag from /opt/airflow/dags/shopee_dag.py
[2026-05-24T02:13:26.110+0000] {processor.py:840} INFO - DAG(s) 'shopee_pipeline' retrieved from /opt/airflow/dags/shopee_dag.py
[2026-05-24T02:13:26.151+0000] {logging_mixin.py:188} INFO - [2026-05-24T02:13:26.151+0000] {dag.py:3096} INFO - Sync 1 DAGs
[2026-05-24T02:13:26.190+0000] {logging_mixin.py:188} INFO - [2026-05-24T02:13:26.189+0000] {dag.py:3954} INFO - Setting next_dagrun for shopee_pipeline to 2026-05-23 01:00:00+00:00, run_after=2026-05-24 01:00:00+00:00
[2026-05-24T02:13:26.217+0000] {processor.py:183} INFO - Processing /opt/airflow/dags/shopee_dag.py took 0.242 seconds
[2026-05-24T02:13:56.568+0000] {processor.py:161} INFO - Started process (PID=531) to work on /opt/airflow/dags/shopee_dag.py
[2026-05-24T02:13:56.569+0000] {processor.py:830} INFO - Processing file /opt/airflow/dags/shopee_dag.py for tasks to queue
[2026-05-24T02:13:56.571+0000] {logging_mixin.py:188} INFO - [2026-05-24T02:13:56.571+0000] {dagbag.py:545} INFO - Filling up the DagBag from /opt/airflow/dags/shopee_dag.py
[2026-05-24T02:13:56.706+0000] {processor.py:840} INFO - DAG(s) 'shopee_pipeline' retrieved from /opt/airflow/dags/shopee_dag.py
[2026-05-24T02:13:56.767+0000] {logging_mixin.py:188} INFO - [2026-05-24T02:13:56.767+0000] {dag.py:3096} INFO - Sync 1 DAGs
[2026-05-24T02:13:56.797+0000] {logging_mixin.py:188} INFO - [2026-05-24T02:13:56.797+0000] {dag.py:3954} INFO - Setting next_dagrun for shopee_pipeline to 2026-05-23 01:00:00+00:00, run_after=2026-05-24 01:00:00+00:00
[2026-05-24T02:13:56.823+0000] {processor.py:183} INFO - Processing /opt/airflow/dags/shopee_dag.py took 0.262 seconds
[2026-05-24T02:14:27.159+0000] {processor.py:161} INFO - Started process (PID=649) to work on /opt/airflow/dags/shopee_dag.py
[2026-05-24T02:14:27.162+0000] {processor.py:830} INFO - Processing file /opt/airflow/dags/shopee_dag.py for tasks to queue
[2026-05-24T02:14:27.165+0000] {logging_mixin.py:188} INFO - [2026-05-24T02:14:27.165+0000] {dagbag.py:545} INFO - Filling up the DagBag from /opt/airflow/dags/shopee_dag.py
[2026-05-24T02:14:27.432+0000] {processor.py:840} INFO - DAG(s) 'shopee_pipeline' retrieved from /opt/airflow/dags/shopee_dag.py
[2026-05-24T02:14:27.530+0000] {logging_mixin.py:188} INFO - [2026-05-24T02:14:27.529+0000] {dag.py:3096} INFO - Sync 1 DAGs
[2026-05-24T02:14:27.597+0000] {logging_mixin.py:188} INFO - [2026-05-24T02:14:27.596+0000] {dag.py:3954} INFO - Setting next_dagrun for shopee_pipeline to 2026-05-23 01:00:00+00:00, run_after=2026-05-24 01:00:00+00:00
[2026-05-24T02:14:27.650+0000] {processor.py:183} INFO - Processing /opt/airflow/dags/shopee_dag.py took 0.503 seconds
[2026-05-24T02:14:58.067+0000] {processor.py:161} INFO - Started process (PID=664) to work on /opt/airflow/dags/shopee_dag.py
[2026-05-24T02:14:58.070+0000] {processor.py:830} INFO - Processing file /opt/airflow/dags/shopee_dag.py for tasks to queue
[2026-05-24T02:14:58.071+0000] {logging_mixin.py:188} INFO - [2026-05-24T02:14:58.071+0000] {dagbag.py:545} INFO - Filling up the DagBag from /opt/airflow/dags/shopee_dag.py
[2026-05-24T02:14:58.201+0000] {processor.py:840} INFO - DAG(s) 'shopee_pipeline' retrieved from /opt/airflow/dags/shopee_dag.py
[2026-05-24T02:14:58.248+0000] {logging_mixin.py:188} INFO - [2026-05-24T02:14:58.247+0000] {dag.py:3096} INFO - Sync 1 DAGs
[2026-05-24T02:14:58.284+0000] {logging_mixin.py:188} INFO - [2026-05-24T02:14:58.284+0000] {dag.py:3954} INFO - Setting next_dagrun for shopee_pipeline to 2026-05-23 01:00:00+00:00, run_after=2026-05-24 01:00:00+00:00
[2026-05-24T02:14:58.311+0000] {processor.py:183} INFO - Processing /opt/airflow/dags/shopee_dag.py took 0.251 seconds
[2026-05-24T02:15:28.550+0000] {processor.py:161} INFO - Started process (PID=787) to work on /opt/airflow/dags/shopee_dag.py
[2026-05-24T02:15:28.552+0000] {processor.py:830} INFO - Processing file /opt/airflow/dags/shopee_dag.py for tasks to queue
[2026-05-24T02:15:28.554+0000] {logging_mixin.py:188} INFO - [2026-05-24T02:15:28.554+0000] {dagbag.py:545} INFO - Filling up the DagBag from /opt/airflow/dags/shopee_dag.py
[2026-05-24T02:15:28.715+0000] {processor.py:840} INFO - DAG(s) 'shopee_pipeline' retrieved from /opt/airflow/dags/shopee_dag.py
[2026-05-24T02:15:28.764+0000] {logging_mixin.py:188} INFO - [2026-05-24T02:15:28.764+0000] {dag.py:3096} INFO - Sync 1 DAGs
[2026-05-24T02:15:28.802+0000] {logging_mixin.py:188} INFO - [2026-05-24T02:15:28.801+0000] {dag.py:3954} INFO - Setting next_dagrun for shopee_pipeline to 2026-05-23 01:00:00+00:00, run_after=2026-05-24 01:00:00+00:00
[2026-05-24T02:15:28.850+0000] {processor.py:183} INFO - Processing /opt/airflow/dags/shopee_dag.py took 0.308 seconds
[2026-05-24T02:15:59.027+0000] {processor.py:161} INFO - Started process (PID=910) to work on /opt/airflow/dags/shopee_dag.py
[2026-05-24T02:15:59.028+0000] {processor.py:830} INFO - Processing file /opt/airflow/dags/shopee_dag.py for tasks to queue
[2026-05-24T02:15:59.029+0000] {logging_mixin.py:188} INFO - [2026-05-24T02:15:59.029+0000] {dagbag.py:545} INFO - Filling up the DagBag from /opt/airflow/dags/shopee_dag.py
[2026-05-24T02:15:59.134+0000] {processor.py:840} INFO - DAG(s) 'shopee_pipeline' retrieved from /opt/airflow/dags/shopee_dag.py
[2026-05-24T02:15:59.170+0000] {logging_mixin.py:188} INFO - [2026-05-24T02:15:59.170+0000] {dag.py:3096} INFO - Sync 1 DAGs
[2026-05-24T02:15:59.196+0000] {logging_mixin.py:188} INFO - [2026-05-24T02:15:59.195+0000] {dag.py:3954} INFO - Setting next_dagrun for shopee_pipeline to 2026-05-23 01:00:00+00:00, run_after=2026-05-24 01:00:00+00:00
[2026-05-24T02:15:59.218+0000] {processor.py:183} INFO - Processing /opt/airflow/dags/shopee_dag.py took 0.196 seconds
[2026-05-24T02:16:29.599+0000] {processor.py:161} INFO - Started process (PID=1015) to work on /opt/airflow/dags/shopee_dag.py
[2026-05-24T02:16:29.600+0000] {processor.py:830} INFO - Processing file /opt/airflow/dags/shopee_dag.py for tasks to queue
[2026-05-24T02:16:29.603+0000] {logging_mixin.py:188} INFO - [2026-05-24T02:16:29.603+0000] {dagbag.py:545} INFO - Filling up the DagBag from /opt/airflow/dags/shopee_dag.py
[2026-05-24T02:16:29.850+0000] {processor.py:840} INFO - DAG(s) 'shopee_pipeline' retrieved from /opt/airflow/dags/shopee_dag.py
[2026-05-24T02:16:29.917+0000] {logging_mixin.py:188} INFO - [2026-05-24T02:16:29.916+0000] {dag.py:3096} INFO - Sync 1 DAGs
[2026-05-24T02:16:29.991+0000] {logging_mixin.py:188} INFO - [2026-05-24T02:16:29.991+0000] {dag.py:3954} INFO - Setting next_dagrun for shopee_pipeline to 2026-05-23 01:00:00+00:00, run_after=2026-05-24 01:00:00+00:00
[2026-05-24T02:16:30.045+0000] {processor.py:183} INFO - Processing /opt/airflow/dags/shopee_dag.py took 0.461 seconds
[2026-05-24T02:17:01.027+0000] {processor.py:161} INFO - Started process (PID=1042) to work on /opt/airflow/dags/shopee_dag.py
[2026-05-24T02:17:01.035+0000] {processor.py:830} INFO - Processing file /opt/airflow/dags/shopee_dag.py for tasks to queue
[2026-05-24T02:17:01.060+0000] {logging_mixin.py:188} INFO - [2026-05-24T02:17:01.058+0000] {dagbag.py:545} INFO - Filling up the DagBag from /opt/airflow/dags/shopee_dag.py
[2026-05-24T02:17:01.542+0000] {processor.py:840} INFO - DAG(s) 'shopee_pipeline' retrieved from /opt/airflow/dags/shopee_dag.py
[2026-05-24T02:17:01.641+0000] {logging_mixin.py:188} INFO - [2026-05-24T02:17:01.641+0000] {dag.py:3096} INFO - Sync 1 DAGs
[2026-05-24T02:17:01.734+0000] {logging_mixin.py:188} INFO - [2026-05-24T02:17:01.733+0000] {dag.py:3954} INFO - Setting next_dagrun for shopee_pipeline to 2026-05-23 01:00:00+00:00, run_after=2026-05-24 01:00:00+00:00
[2026-05-24T02:17:01.785+0000] {processor.py:183} INFO - Processing /opt/airflow/dags/shopee_dag.py took 0.851 seconds
[2026-05-24T02:17:32.366+0000] {processor.py:161} INFO - Started process (PID=1137) to work on /opt/airflow/dags/shopee_dag.py
[2026-05-24T02:17:32.379+0000] {processor.py:830} INFO - Processing file /opt/airflow/dags/shopee_dag.py for tasks to queue
[2026-05-24T02:17:32.398+0000] {logging_mixin.py:188} INFO - [2026-05-24T02:17:32.395+0000] {dagbag.py:545} INFO - Filling up the DagBag from /opt/airflow/dags/shopee_dag.py
[2026-05-24T02:17:32.938+0000] {processor.py:840} INFO - DAG(s) 'shopee_pipeline' retrieved from /opt/airflow/dags/shopee_dag.py
[2026-05-24T02:17:33.021+0000] {logging_mixin.py:188} INFO - [2026-05-24T02:17:33.021+0000] {dag.py:3096} INFO - Sync 1 DAGs
[2026-05-24T02:17:33.107+0000] {logging_mixin.py:188} INFO - [2026-05-24T02:17:33.106+0000] {dag.py:3954} INFO - Setting next_dagrun for shopee_pipeline to 2026-05-23 01:00:00+00:00, run_after=2026-05-24 01:00:00+00:00
[2026-05-24T02:17:33.200+0000] {processor.py:183} INFO - Processing /opt/airflow/dags/shopee_dag.py took 0.939 seconds
[2026-05-24T02:18:03.337+0000] {processor.py:161} INFO - Started process (PID=1162) to work on /opt/airflow/dags/shopee_dag.py
[2026-05-24T02:18:03.342+0000] {processor.py:830} INFO - Processing file /opt/airflow/dags/shopee_dag.py for tasks to queue
[2026-05-24T02:18:03.350+0000] {logging_mixin.py:188} INFO - [2026-05-24T02:18:03.349+0000] {dagbag.py:545} INFO - Filling up the DagBag from /opt/airflow/dags/shopee_dag.py
[2026-05-24T02:18:03.665+0000] {processor.py:840} INFO - DAG(s) 'shopee_pipeline' retrieved from /opt/airflow/dags/shopee_dag.py
[2026-05-24T02:18:03.760+0000] {logging_mixin.py:188} INFO - [2026-05-24T02:18:03.760+0000] {dag.py:3096} INFO - Sync 1 DAGs
[2026-05-24T02:18:03.807+0000] {logging_mixin.py:188} INFO - [2026-05-24T02:18:03.806+0000] {dag.py:3954} INFO - Setting next_dagrun for shopee_pipeline to 2026-05-23 01:00:00+00:00, run_after=2026-05-24 01:00:00+00:00
[2026-05-24T02:18:03.845+0000] {processor.py:183} INFO - Processing /opt/airflow/dags/shopee_dag.py took 0.538 seconds
[2026-05-24T02:18:34.542+0000] {processor.py:161} INFO - Started process (PID=1286) to work on /opt/airflow/dags/shopee_dag.py
[2026-05-24T02:18:34.544+0000] {processor.py:830} INFO - Processing file /opt/airflow/dags/shopee_dag.py for tasks to queue
[2026-05-24T02:18:34.547+0000] {logging_mixin.py:188} INFO - [2026-05-24T02:18:34.546+0000] {dagbag.py:545} INFO - Filling up the DagBag from /opt/airflow/dags/shopee_dag.py
[2026-05-24T02:18:34.743+0000] {processor.py:840} INFO - DAG(s) 'shopee_pipeline' retrieved from /opt/airflow/dags/shopee_dag.py
[2026-05-24T02:18:34.804+0000] {logging_mixin.py:188} INFO - [2026-05-24T02:18:34.803+0000] {dag.py:3096} INFO - Sync 1 DAGs
[2026-05-24T02:18:34.860+0000] {logging_mixin.py:188} INFO - [2026-05-24T02:18:34.860+0000] {dag.py:3954} INFO - Setting next_dagrun for shopee_pipeline to 2026-05-23 01:00:00+00:00, run_after=2026-05-24 01:00:00+00:00
[2026-05-24T02:18:34.884+0000] {processor.py:183} INFO - Processing /opt/airflow/dags/shopee_dag.py took 0.353 seconds
[2026-05-24T02:19:05.474+0000] {processor.py:161} INFO - Started process (PID=1388) to work on /opt/airflow/dags/shopee_dag.py
[2026-05-24T02:19:05.481+0000] {processor.py:830} INFO - Processing file /opt/airflow/dags/shopee_dag.py for tasks to queue
[2026-05-24T02:19:05.490+0000] {logging_mixin.py:188} INFO - [2026-05-24T02:19:05.489+0000] {dagbag.py:545} INFO - Filling up the DagBag from /opt/airflow/dags/shopee_dag.py
[2026-05-24T02:19:05.942+0000] {processor.py:840} INFO - DAG(s) 'shopee_pipeline' retrieved from /opt/airflow/dags/shopee_dag.py
[2026-05-24T02:19:06.014+0000] {logging_mixin.py:188} INFO - [2026-05-24T02:19:06.013+0000] {dag.py:3096} INFO - Sync 1 DAGs
[2026-05-24T02:19:06.069+0000] {logging_mixin.py:188} INFO - [2026-05-24T02:19:06.068+0000] {dag.py:3954} INFO - Setting next_dagrun for shopee_pipeline to 2026-05-23 01:00:00+00:00, run_after=2026-05-24 01:00:00+00:00
[2026-05-24T02:19:06.135+0000] {processor.py:183} INFO - Processing /opt/airflow/dags/shopee_dag.py took 0.710 seconds
[2026-05-24T02:19:36.487+0000] {processor.py:161} INFO - Started process (PID=1419) to work on /opt/airflow/dags/shopee_dag.py
[2026-05-24T02:19:36.494+0000] {processor.py:830} INFO - Processing file /opt/airflow/dags/shopee_dag.py for tasks to queue
[2026-05-24T02:19:36.499+0000] {logging_mixin.py:188} INFO - [2026-05-24T02:19:36.497+0000] {dagbag.py:545} INFO - Filling up the DagBag from /opt/airflow/dags/shopee_dag.py
[2026-05-24T02:19:36.647+0000] {processor.py:840} INFO - DAG(s) 'shopee_pipeline' retrieved from /opt/airflow/dags/shopee_dag.py
[2026-05-24T02:19:36.690+0000] {logging_mixin.py:188} INFO - [2026-05-24T02:19:36.690+0000] {dag.py:3096} INFO - Sync 1 DAGs
[2026-05-24T02:19:36.721+0000] {logging_mixin.py:188} INFO - [2026-05-24T02:19:36.721+0000] {dag.py:3954} INFO - Setting next_dagrun for shopee_pipeline to 2026-05-23 01:00:00+00:00, run_after=2026-05-24 01:00:00+00:00
[2026-05-24T02:19:36.749+0000] {processor.py:183} INFO - Processing /opt/airflow/dags/shopee_dag.py took 0.272 seconds
[2026-05-24T02:20:07.350+0000] {processor.py:161} INFO - Started process (PID=1543) to work on /opt/airflow/dags/shopee_dag.py
[2026-05-24T02:20:07.351+0000] {processor.py:830} INFO - Processing file /opt/airflow/dags/shopee_dag.py for tasks to queue
[2026-05-24T02:20:07.355+0000] {logging_mixin.py:188} INFO - [2026-05-24T02:20:07.354+0000] {dagbag.py:545} INFO - Filling up the DagBag from /opt/airflow/dags/shopee_dag.py
[2026-05-24T02:20:07.582+0000] {processor.py:840} INFO - DAG(s) 'shopee_pipeline' retrieved from /opt/airflow/dags/shopee_dag.py
[2026-05-24T02:20:07.646+0000] {logging_mixin.py:188} INFO - [2026-05-24T02:20:07.645+0000] {dag.py:3096} INFO - Sync 1 DAGs
[2026-05-24T02:20:07.709+0000] {logging_mixin.py:188} INFO - [2026-05-24T02:20:07.709+0000] {dag.py:3954} INFO - Setting next_dagrun for shopee_pipeline to 2026-05-23 01:00:00+00:00, run_after=2026-05-24 01:00:00+00:00
[2026-05-24T02:20:07.789+0000] {processor.py:183} INFO - Processing /opt/airflow/dags/shopee_dag.py took 0.447 seconds
[2026-05-24T02:20:38.161+0000] {processor.py:161} INFO - Started process (PID=1665) to work on /opt/airflow/dags/shopee_dag.py
[2026-05-24T02:20:38.163+0000] {processor.py:830} INFO - Processing file /opt/airflow/dags/shopee_dag.py for tasks to queue
[2026-05-24T02:20:38.165+0000] {logging_mixin.py:188} INFO - [2026-05-24T02:20:38.165+0000] {dagbag.py:545} INFO - Filling up the DagBag from /opt/airflow/dags/shopee_dag.py
[2026-05-24T02:20:38.294+0000] {processor.py:840} INFO - DAG(s) 'shopee_pipeline' retrieved from /opt/airflow/dags/shopee_dag.py
[2026-05-24T02:20:38.340+0000] {logging_mixin.py:188} INFO - [2026-05-24T02:20:38.340+0000] {dag.py:3096} INFO - Sync 1 DAGs
[2026-05-24T02:20:38.381+0000] {logging_mixin.py:188} INFO - [2026-05-24T02:20:38.380+0000] {dag.py:3954} INFO - Setting next_dagrun for shopee_pipeline to 2026-05-23 01:00:00+00:00, run_after=2026-05-24 01:00:00+00:00
[2026-05-24T02:20:38.431+0000] {processor.py:183} INFO - Processing /opt/airflow/dags/shopee_dag.py took 0.280 seconds
[2026-05-24T02:21:08.761+0000] {processor.py:161} INFO - Started process (PID=1757) to work on /opt/airflow/dags/shopee_dag.py
[2026-05-24T02:21:08.763+0000] {processor.py:830} INFO - Processing file /opt/airflow/dags/shopee_dag.py for tasks to queue
[2026-05-24T02:21:08.766+0000] {logging_mixin.py:188} INFO - [2026-05-24T02:21:08.765+0000] {dagbag.py:545} INFO - Filling up the DagBag from /opt/airflow/dags/shopee_dag.py
[2026-05-24T02:21:08.900+0000] {processor.py:840} INFO - DAG(s) 'shopee_pipeline' retrieved from /opt/airflow/dags/shopee_dag.py
[2026-05-24T02:21:08.940+0000] {logging_mixin.py:188} INFO - [2026-05-24T02:21:08.940+0000] {dag.py:3096} INFO - Sync 1 DAGs
[2026-05-24T02:21:08.973+0000] {logging_mixin.py:188} INFO - [2026-05-24T02:21:08.972+0000] {dag.py:3954} INFO - Setting next_dagrun for shopee_pipeline to 2026-05-23 01:00:00+00:00, run_after=2026-05-24 01:00:00+00:00
[2026-05-24T02:21:08.997+0000] {processor.py:183} INFO - Processing /opt/airflow/dags/shopee_dag.py took 0.247 seconds
[2026-05-24T02:21:39.134+0000] {processor.py:161} INFO - Started process (PID=1810) to work on /opt/airflow/dags/shopee_dag.py
[2026-05-24T02:21:39.135+0000] {processor.py:830} INFO - Processing file /opt/airflow/dags/shopee_dag.py for tasks to queue
[2026-05-24T02:21:39.146+0000] {logging_mixin.py:188} INFO - [2026-05-24T02:21:39.146+0000] {dagbag.py:545} INFO - Filling up the DagBag from /opt/airflow/dags/shopee_dag.py
[2026-05-24T02:21:39.641+0000] {processor.py:840} INFO - DAG(s) 'shopee_pipeline' retrieved from /opt/airflow/dags/shopee_dag.py
[2026-05-24T02:21:39.781+0000] {logging_mixin.py:188} INFO - [2026-05-24T02:21:39.781+0000] {dag.py:3096} INFO - Sync 1 DAGs
[2026-05-24T02:21:40.050+0000] {logging_mixin.py:188} INFO - [2026-05-24T02:21:40.050+0000] {dag.py:3954} INFO - Setting next_dagrun for shopee_pipeline to 2026-05-23 01:00:00+00:00, run_after=2026-05-24 01:00:00+00:00
[2026-05-24T02:21:40.117+0000] {processor.py:183} INFO - Processing /opt/airflow/dags/shopee_dag.py took 0.995 seconds
[2026-05-24T02:22:10.372+0000] {processor.py:161} INFO - Started process (PID=1901) to work on /opt/airflow/dags/shopee_dag.py
[2026-05-24T02:22:10.374+0000] {processor.py:830} INFO - Processing file /opt/airflow/dags/shopee_dag.py for tasks to queue
[2026-05-24T02:22:10.376+0000] {logging_mixin.py:188} INFO - [2026-05-24T02:22:10.376+0000] {dagbag.py:545} INFO - Filling up the DagBag from /opt/airflow/dags/shopee_dag.py
[2026-05-24T02:22:10.560+0000] {processor.py:840} INFO - DAG(s) 'shopee_pipeline' retrieved from /opt/airflow/dags/shopee_dag.py
[2026-05-24T02:22:10.601+0000] {logging_mixin.py:188} INFO - [2026-05-24T02:22:10.601+0000] {dag.py:3096} INFO - Sync 1 DAGs
[2026-05-24T02:22:10.632+0000] {logging_mixin.py:188} INFO - [2026-05-24T02:22:10.632+0000] {dag.py:3954} INFO - Setting next_dagrun for shopee_pipeline to 2026-05-23 01:00:00+00:00, run_after=2026-05-24 01:00:00+00:00
[2026-05-24T02:22:10.657+0000] {processor.py:183} INFO - Processing /opt/airflow/dags/shopee_dag.py took 0.296 seconds
[2026-05-24T02:22:41.176+0000] {processor.py:161} INFO - Started process (PID=1944) to work on /opt/airflow/dags/shopee_dag.py
[2026-05-24T02:22:41.177+0000] {processor.py:830} INFO - Processing file /opt/airflow/dags/shopee_dag.py for tasks to queue
[2026-05-24T02:22:41.179+0000] {logging_mixin.py:188} INFO - [2026-05-24T02:22:41.179+0000] {dagbag.py:545} INFO - Filling up the DagBag from /opt/airflow/dags/shopee_dag.py
[2026-05-24T02:22:41.319+0000] {processor.py:840} INFO - DAG(s) 'shopee_pipeline' retrieved from /opt/airflow/dags/shopee_dag.py
[2026-05-24T02:22:41.373+0000] {logging_mixin.py:188} INFO - [2026-05-24T02:22:41.373+0000] {dag.py:3096} INFO - Sync 1 DAGs
[2026-05-24T02:22:41.417+0000] {logging_mixin.py:188} INFO - [2026-05-24T02:22:41.417+0000] {dag.py:3954} INFO - Setting next_dagrun for shopee_pipeline to 2026-05-23 01:00:00+00:00, run_after=2026-05-24 01:00:00+00:00
[2026-05-24T02:22:41.456+0000] {processor.py:183} INFO - Processing /opt/airflow/dags/shopee_dag.py took 0.290 seconds
[2026-05-24T02:23:11.831+0000] {processor.py:161} INFO - Started process (PID=2073) to work on /opt/airflow/dags/shopee_dag.py
[2026-05-24T02:23:11.833+0000] {processor.py:830} INFO - Processing file /opt/airflow/dags/shopee_dag.py for tasks to queue
[2026-05-24T02:23:11.835+0000] {logging_mixin.py:188} INFO - [2026-05-24T02:23:11.835+0000] {dagbag.py:545} INFO - Filling up the DagBag from /opt/airflow/dags/shopee_dag.py
[2026-05-24T02:23:12.048+0000] {processor.py:840} INFO - DAG(s) 'shopee_pipeline' retrieved from /opt/airflow/dags/shopee_dag.py
[2026-05-24T02:23:12.113+0000] {logging_mixin.py:188} INFO - [2026-05-24T02:23:12.113+0000] {dag.py:3096} INFO - Sync 1 DAGs
[2026-05-24T02:23:12.148+0000] {logging_mixin.py:188} INFO - [2026-05-24T02:23:12.147+0000] {dag.py:3954} INFO - Setting next_dagrun for shopee_pipeline to 2026-05-23 01:00:00+00:00, run_after=2026-05-24 01:00:00+00:00
[2026-05-24T02:23:12.181+0000] {processor.py:183} INFO - Processing /opt/airflow/dags/shopee_dag.py took 0.361 seconds
[2026-05-24T02:23:42.246+0000] {processor.py:161} INFO - Started process (PID=2087) to work on /opt/airflow/dags/shopee_dag.py
[2026-05-24T02:23:42.248+0000] {processor.py:830} INFO - Processing file /opt/airflow/dags/shopee_dag.py for tasks to queue
[2026-05-24T02:23:42.251+0000] {logging_mixin.py:188} INFO - [2026-05-24T02:23:42.250+0000] {dagbag.py:545} INFO - Filling up the DagBag from /opt/airflow/dags/shopee_dag.py
[2026-05-24T02:23:42.470+0000] {processor.py:840} INFO - DAG(s) 'shopee_pipeline' retrieved from /opt/airflow/dags/shopee_dag.py
[2026-05-24T02:23:42.576+0000] {logging_mixin.py:188} INFO - [2026-05-24T02:23:42.575+0000] {dag.py:3096} INFO - Sync 1 DAGs
[2026-05-24T02:23:42.690+0000] {logging_mixin.py:188} INFO - [2026-05-24T02:23:42.689+0000] {dag.py:3954} INFO - Setting next_dagrun for shopee_pipeline to 2026-05-23 01:00:00+00:00, run_after=2026-05-24 01:00:00+00:00
[2026-05-24T02:23:42.736+0000] {processor.py:183} INFO - Processing /opt/airflow/dags/shopee_dag.py took 0.505 seconds
[2026-05-24T02:24:12.817+0000] {processor.py:161} INFO - Started process (PID=2209) to work on /opt/airflow/dags/shopee_dag.py
[2026-05-24T02:24:12.819+0000] {processor.py:830} INFO - Processing file /opt/airflow/dags/shopee_dag.py for tasks to queue
[2026-05-24T02:24:12.822+0000] {logging_mixin.py:188} INFO - [2026-05-24T02:24:12.821+0000] {dagbag.py:545} INFO - Filling up the DagBag from /opt/airflow/dags/shopee_dag.py
[2026-05-24T02:24:12.985+0000] {processor.py:840} INFO - DAG(s) 'shopee_pipeline' retrieved from /opt/airflow/dags/shopee_dag.py
[2026-05-24T02:24:13.046+0000] {logging_mixin.py:188} INFO - [2026-05-24T02:24:13.045+0000] {dag.py:3096} INFO - Sync 1 DAGs
[2026-05-24T02:24:13.084+0000] {logging_mixin.py:188} INFO - [2026-05-24T02:24:13.084+0000] {dag.py:3954} INFO - Setting next_dagrun for shopee_pipeline to 2026-05-23 01:00:00+00:00, run_after=2026-05-24 01:00:00+00:00
[2026-05-24T02:24:13.120+0000] {processor.py:183} INFO - Processing /opt/airflow/dags/shopee_dag.py took 0.314 seconds
[2026-05-24T02:24:43.548+0000] {processor.py:161} INFO - Started process (PID=2313) to work on /opt/airflow/dags/shopee_dag.py
[2026-05-24T02:24:43.551+0000] {processor.py:830} INFO - Processing file /opt/airflow/dags/shopee_dag.py for tasks to queue
[2026-05-24T02:24:43.560+0000] {logging_mixin.py:188} INFO - [2026-05-24T02:24:43.558+0000] {dagbag.py:545} INFO - Filling up the DagBag from /opt/airflow/dags/shopee_dag.py
[2026-05-24T02:24:43.856+0000] {processor.py:840} INFO - DAG(s) 'shopee_pipeline' retrieved from /opt/airflow/dags/shopee_dag.py
[2026-05-24T02:24:43.916+0000] {logging_mixin.py:188} INFO - [2026-05-24T02:24:43.916+0000] {dag.py:3096} INFO - Sync 1 DAGs
[2026-05-24T02:24:43.975+0000] {logging_mixin.py:188} INFO - [2026-05-24T02:24:43.974+0000] {dag.py:3954} INFO - Setting next_dagrun for shopee_pipeline to 2026-05-23 01:00:00+00:00, run_after=2026-05-24 01:00:00+00:00
[2026-05-24T02:24:44.058+0000] {processor.py:183} INFO - Processing /opt/airflow/dags/shopee_dag.py took 0.535 seconds
[2026-05-24T02:25:14.232+0000] {processor.py:161} INFO - Started process (PID=2350) to work on /opt/airflow/dags/shopee_dag.py
[2026-05-24T02:25:14.233+0000] {processor.py:830} INFO - Processing file /opt/airflow/dags/shopee_dag.py for tasks to queue
[2026-05-24T02:25:14.235+0000] {logging_mixin.py:188} INFO - [2026-05-24T02:25:14.235+0000] {dagbag.py:545} INFO - Filling up the DagBag from /opt/airflow/dags/shopee_dag.py
[2026-05-24T02:25:14.380+0000] {processor.py:840} INFO - DAG(s) 'shopee_pipeline' retrieved from /opt/airflow/dags/shopee_dag.py
[2026-05-24T02:25:14.425+0000] {logging_mixin.py:188} INFO - [2026-05-24T02:25:14.424+0000] {dag.py:3096} INFO - Sync 1 DAGs
[2026-05-24T02:25:14.457+0000] {logging_mixin.py:188} INFO - [2026-05-24T02:25:14.457+0000] {dag.py:3954} INFO - Setting next_dagrun for shopee_pipeline to 2026-05-23 01:00:00+00:00, run_after=2026-05-24 01:00:00+00:00
[2026-05-24T02:25:14.486+0000] {processor.py:183} INFO - Processing /opt/airflow/dags/shopee_dag.py took 0.263 seconds
[2026-05-24T02:25:45.127+0000] {processor.py:161} INFO - Started process (PID=2471) to work on /opt/airflow/dags/shopee_dag.py
[2026-05-24T02:25:45.130+0000] {processor.py:830} INFO - Processing file /opt/airflow/dags/shopee_dag.py for tasks to queue
[2026-05-24T02:25:45.134+0000] {logging_mixin.py:188} INFO - [2026-05-24T02:25:45.133+0000] {dagbag.py:545} INFO - Filling up the DagBag from /opt/airflow/dags/shopee_dag.py
[2026-05-24T02:25:45.424+0000] {processor.py:840} INFO - DAG(s) 'shopee_pipeline' retrieved from /opt/airflow/dags/shopee_dag.py
[2026-05-24T02:25:45.514+0000] {logging_mixin.py:188} INFO - [2026-05-24T02:25:45.512+0000] {dag.py:3096} INFO - Sync 1 DAGs
[2026-05-24T02:25:45.628+0000] {logging_mixin.py:188} INFO - [2026-05-24T02:25:45.627+0000] {dag.py:3954} INFO - Setting next_dagrun for shopee_pipeline to 2026-05-23 01:00:00+00:00, run_after=2026-05-24 01:00:00+00:00
[2026-05-24T02:25:45.716+0000] {processor.py:183} INFO - Processing /opt/airflow/dags/shopee_dag.py took 0.601 seconds
[2026-05-24T02:26:16.228+0000] {processor.py:161} INFO - Started process (PID=2568) to work on /opt/airflow/dags/shopee_dag.py
[2026-05-24T02:26:16.235+0000] {processor.py:830} INFO - Processing file /opt/airflow/dags/shopee_dag.py for tasks to queue
[2026-05-24T02:26:16.246+0000] {logging_mixin.py:188} INFO - [2026-05-24T02:26:16.244+0000] {dagbag.py:545} INFO - Filling up the DagBag from /opt/airflow/dags/shopee_dag.py
[2026-05-24T02:26:16.618+0000] {processor.py:840} INFO - DAG(s) 'shopee_pipeline' retrieved from /opt/airflow/dags/shopee_dag.py
[2026-05-24T02:26:16.705+0000] {logging_mixin.py:188} INFO - [2026-05-24T02:26:16.704+0000] {dag.py:3096} INFO - Sync 1 DAGs
[2026-05-24T02:26:16.771+0000] {logging_mixin.py:188} INFO - [2026-05-24T02:26:16.771+0000] {dag.py:3954} INFO - Setting next_dagrun for shopee_pipeline to 2026-05-23 01:00:00+00:00, run_after=2026-05-24 01:00:00+00:00
[2026-05-24T02:26:16.821+0000] {processor.py:183} INFO - Processing /opt/airflow/dags/shopee_dag.py took 0.637 seconds
[2026-05-24T02:26:47.490+0000] {processor.py:161} INFO - Started process (PID=2604) to work on /opt/airflow/dags/shopee_dag.py
[2026-05-24T02:26:47.491+0000] {processor.py:830} INFO - Processing file /opt/airflow/dags/shopee_dag.py for tasks to queue
[2026-05-24T02:26:47.494+0000] {logging_mixin.py:188} INFO - [2026-05-24T02:26:47.493+0000] {dagbag.py:545} INFO - Filling up the DagBag from /opt/airflow/dags/shopee_dag.py
[2026-05-24T02:26:47.647+0000] {processor.py:840} INFO - DAG(s) 'shopee_pipeline' retrieved from /opt/airflow/dags/shopee_dag.py
[2026-05-24T02:26:47.736+0000] {logging_mixin.py:188} INFO - [2026-05-24T02:26:47.736+0000] {dag.py:3096} INFO - Sync 1 DAGs
[2026-05-24T02:26:47.788+0000] {logging_mixin.py:188} INFO - [2026-05-24T02:26:47.787+0000] {dag.py:3954} INFO - Setting next_dagrun for shopee_pipeline to 2026-05-23 01:00:00+00:00, run_after=2026-05-24 01:00:00+00:00
[2026-05-24T02:26:47.836+0000] {processor.py:183} INFO - Processing /opt/airflow/dags/shopee_dag.py took 0.354 seconds
[2026-05-24T02:27:18.514+0000] {processor.py:161} INFO - Started process (PID=2711) to work on /opt/airflow/dags/shopee_dag.py
[2026-05-24T02:27:18.517+0000] {processor.py:830} INFO - Processing file /opt/airflow/dags/shopee_dag.py for tasks to queue
[2026-05-24T02:27:18.521+0000] {logging_mixin.py:188} INFO - [2026-05-24T02:27:18.520+0000] {dagbag.py:545} INFO - Filling up the DagBag from /opt/airflow/dags/shopee_dag.py
[2026-05-24T02:27:18.774+0000] {processor.py:840} INFO - DAG(s) 'shopee_pipeline' retrieved from /opt/airflow/dags/shopee_dag.py
[2026-05-24T02:27:18.916+0000] {logging_mixin.py:188} INFO - [2026-05-24T02:27:18.915+0000] {dag.py:3096} INFO - Sync 1 DAGs
[2026-05-24T02:27:18.994+0000] {logging_mixin.py:188} INFO - [2026-05-24T02:27:18.993+0000] {dag.py:3954} INFO - Setting next_dagrun for shopee_pipeline to 2026-05-23 01:00:00+00:00, run_after=2026-05-24 01:00:00+00:00
[2026-05-24T02:27:19.054+0000] {processor.py:183} INFO - Processing /opt/airflow/dags/shopee_dag.py took 0.554 seconds
[2026-05-24T02:27:49.372+0000] {processor.py:161} INFO - Started process (PID=2830) to work on /opt/airflow/dags/shopee_dag.py
[2026-05-24T02:27:49.373+0000] {processor.py:830} INFO - Processing file /opt/airflow/dags/shopee_dag.py for tasks to queue
[2026-05-24T02:27:49.374+0000] {logging_mixin.py:188} INFO - [2026-05-24T02:27:49.374+0000] {dagbag.py:545} INFO - Filling up the DagBag from /opt/airflow/dags/shopee_dag.py
[2026-05-24T02:27:49.496+0000] {processor.py:840} INFO - DAG(s) 'shopee_pipeline' retrieved from /opt/airflow/dags/shopee_dag.py
[2026-05-24T02:27:49.542+0000] {logging_mixin.py:188} INFO - [2026-05-24T02:27:49.542+0000] {dag.py:3096} INFO - Sync 1 DAGs
[2026-05-24T02:27:49.578+0000] {logging_mixin.py:188} INFO - [2026-05-24T02:27:49.577+0000] {dag.py:3954} INFO - Setting next_dagrun for shopee_pipeline to 2026-05-23 01:00:00+00:00, run_after=2026-05-24 01:00:00+00:00
[2026-05-24T02:27:49.606+0000] {processor.py:183} INFO - Processing /opt/airflow/dags/shopee_dag.py took 0.239 seconds
[2026-05-24T02:28:19.857+0000] {processor.py:161} INFO - Started process (PID=2843) to work on /opt/airflow/dags/shopee_dag.py
[2026-05-24T02:28:19.859+0000] {processor.py:830} INFO - Processing file /opt/airflow/dags/shopee_dag.py for tasks to queue
[2026-05-24T02:28:19.863+0000] {logging_mixin.py:188} INFO - [2026-05-24T02:28:19.862+0000] {dagbag.py:545} INFO - Filling up the DagBag from /opt/airflow/dags/shopee_dag.py
[2026-05-24T02:28:20.020+0000] {processor.py:840} INFO - DAG(s) 'shopee_pipeline' retrieved from /opt/airflow/dags/shopee_dag.py
[2026-05-24T02:28:20.064+0000] {logging_mixin.py:188} INFO - [2026-05-24T02:28:20.063+0000] {dag.py:3096} INFO - Sync 1 DAGs
[2026-05-24T02:28:20.096+0000] {logging_mixin.py:188} INFO - [2026-05-24T02:28:20.095+0000] {dag.py:3954} INFO - Setting next_dagrun for shopee_pipeline to 2026-05-23 01:00:00+00:00, run_after=2026-05-24 01:00:00+00:00
[2026-05-24T02:28:20.124+0000] {processor.py:183} INFO - Processing /opt/airflow/dags/shopee_dag.py took 0.281 seconds
[2026-05-24T02:28:50.509+0000] {processor.py:161} INFO - Started process (PID=2964) to work on /opt/airflow/dags/shopee_dag.py
[2026-05-24T02:28:50.510+0000] {processor.py:830} INFO - Processing file /opt/airflow/dags/shopee_dag.py for tasks to queue
[2026-05-24T02:28:50.512+0000] {logging_mixin.py:188} INFO - [2026-05-24T02:28:50.512+0000] {dagbag.py:545} INFO - Filling up the DagBag from /opt/airflow/dags/shopee_dag.py
[2026-05-24T02:28:50.637+0000] {processor.py:840} INFO - DAG(s) 'shopee_pipeline' retrieved from /opt/airflow/dags/shopee_dag.py
[2026-05-24T02:28:50.678+0000] {logging_mixin.py:188} INFO - [2026-05-24T02:28:50.678+0000] {dag.py:3096} INFO - Sync 1 DAGs
[2026-05-24T02:28:50.720+0000] {logging_mixin.py:188} INFO - [2026-05-24T02:28:50.720+0000] {dag.py:3954} INFO - Setting next_dagrun for shopee_pipeline to 2026-05-23 01:00:00+00:00, run_after=2026-05-24 01:00:00+00:00
[2026-05-24T02:28:50.752+0000] {processor.py:183} INFO - Processing /opt/airflow/dags/shopee_dag.py took 0.251 seconds
[2026-05-24T02:29:21.146+0000] {processor.py:161} INFO - Started process (PID=2987) to work on /opt/airflow/dags/shopee_dag.py
[2026-05-24T02:29:21.148+0000] {processor.py:830} INFO - Processing file /opt/airflow/dags/shopee_dag.py for tasks to queue
[2026-05-24T02:29:21.157+0000] {logging_mixin.py:188} INFO - [2026-05-24T02:29:21.155+0000] {dagbag.py:545} INFO - Filling up the DagBag from /opt/airflow/dags/shopee_dag.py
[2026-05-24T02:29:21.396+0000] {processor.py:840} INFO - DAG(s) 'shopee_pipeline' retrieved from /opt/airflow/dags/shopee_dag.py
[2026-05-24T02:29:21.463+0000] {logging_mixin.py:188} INFO - [2026-05-24T02:29:21.463+0000] {dag.py:3096} INFO - Sync 1 DAGs
[2026-05-24T02:29:21.513+0000] {logging_mixin.py:188} INFO - [2026-05-24T02:29:21.512+0000] {dag.py:3954} INFO - Setting next_dagrun for shopee_pipeline to 2026-05-23 01:00:00+00:00, run_after=2026-05-24 01:00:00+00:00
[2026-05-24T02:29:21.553+0000] {processor.py:183} INFO - Processing /opt/airflow/dags/shopee_dag.py took 0.426 seconds
[2026-05-24T02:29:52.122+0000] {processor.py:161} INFO - Started process (PID=3127) to work on /opt/airflow/dags/shopee_dag.py
[2026-05-24T02:29:52.125+0000] {processor.py:830} INFO - Processing file /opt/airflow/dags/shopee_dag.py for tasks to queue
[2026-05-24T02:29:52.140+0000] {logging_mixin.py:188} INFO - [2026-05-24T02:29:52.138+0000] {dagbag.py:545} INFO - Filling up the DagBag from /opt/airflow/dags/shopee_dag.py
[2026-05-24T02:29:52.581+0000] {processor.py:840} INFO - DAG(s) 'shopee_pipeline' retrieved from /opt/airflow/dags/shopee_dag.py
[2026-05-24T02:29:52.728+0000] {logging_mixin.py:188} INFO - [2026-05-24T02:29:52.727+0000] {dag.py:3096} INFO - Sync 1 DAGs
[2026-05-24T02:29:52.834+0000] {logging_mixin.py:188} INFO - [2026-05-24T02:29:52.833+0000] {dag.py:3954} INFO - Setting next_dagrun for shopee_pipeline to 2026-05-23 01:00:00+00:00, run_after=2026-05-24 01:00:00+00:00
[2026-05-24T02:29:52.926+0000] {processor.py:183} INFO - Processing /opt/airflow/dags/shopee_dag.py took 0.862 seconds
[2026-05-24T02:30:23.296+0000] {processor.py:161} INFO - Started process (PID=3140) to work on /opt/airflow/dags/shopee_dag.py
[2026-05-24T02:30:23.316+0000] {processor.py:830} INFO - Processing file /opt/airflow/dags/shopee_dag.py for tasks to queue
[2026-05-24T02:30:23.358+0000] {logging_mixin.py:188} INFO - [2026-05-24T02:30:23.355+0000] {dagbag.py:545} INFO - Filling up the DagBag from /opt/airflow/dags/shopee_dag.py
[2026-05-24T02:30:24.177+0000] {processor.py:840} INFO - DAG(s) 'shopee_pipeline' retrieved from /opt/airflow/dags/shopee_dag.py
[2026-05-24T02:30:24.516+0000] {logging_mixin.py:188} INFO - [2026-05-24T02:30:24.515+0000] {dag.py:3096} INFO - Sync 1 DAGs
[2026-05-24T02:30:24.647+0000] {logging_mixin.py:188} INFO - [2026-05-24T02:30:24.646+0000] {dag.py:3954} INFO - Setting next_dagrun for shopee_pipeline to 2026-05-23 01:00:00+00:00, run_after=2026-05-24 01:00:00+00:00
[2026-05-24T02:30:24.715+0000] {processor.py:183} INFO - Processing /opt/airflow/dags/shopee_dag.py took 1.514 seconds
[2026-05-24T02:30:55.417+0000] {processor.py:161} INFO - Started process (PID=3241) to work on /opt/airflow/dags/shopee_dag.py
[2026-05-24T02:30:55.427+0000] {processor.py:830} INFO - Processing file /opt/airflow/dags/shopee_dag.py for tasks to queue
[2026-05-24T02:30:55.461+0000] {logging_mixin.py:188} INFO - [2026-05-24T02:30:55.458+0000] {dagbag.py:545} INFO - Filling up the DagBag from /opt/airflow/dags/shopee_dag.py
[2026-05-24T02:30:56.280+0000] {processor.py:840} INFO - DAG(s) 'shopee_pipeline' retrieved from /opt/airflow/dags/shopee_dag.py
[2026-05-24T02:30:56.597+0000] {logging_mixin.py:188} INFO - [2026-05-24T02:30:56.596+0000] {dag.py:3096} INFO - Sync 1 DAGs
[2026-05-24T02:30:56.818+0000] {logging_mixin.py:188} INFO - [2026-05-24T02:30:56.818+0000] {dag.py:3954} INFO - Setting next_dagrun for shopee_pipeline to 2026-05-23 01:00:00+00:00, run_after=2026-05-24 01:00:00+00:00
[2026-05-24T02:30:56.889+0000] {processor.py:183} INFO - Processing /opt/airflow/dags/shopee_dag.py took 1.575 seconds
[2026-05-24T02:31:27.504+0000] {processor.py:161} INFO - Started process (PID=3262) to work on /opt/airflow/dags/shopee_dag.py
[2026-05-24T02:31:27.506+0000] {processor.py:830} INFO - Processing file /opt/airflow/dags/shopee_dag.py for tasks to queue
[2026-05-24T02:31:27.513+0000] {logging_mixin.py:188} INFO - [2026-05-24T02:31:27.512+0000] {dagbag.py:545} INFO - Filling up the DagBag from /opt/airflow/dags/shopee_dag.py
[2026-05-24T02:31:27.892+0000] {processor.py:840} INFO - DAG(s) 'shopee_pipeline' retrieved from /opt/airflow/dags/shopee_dag.py
[2026-05-24T02:31:28.026+0000] {logging_mixin.py:188} INFO - [2026-05-24T02:31:28.026+0000] {dag.py:3096} INFO - Sync 1 DAGs
[2026-05-24T02:31:28.145+0000] {logging_mixin.py:188} INFO - [2026-05-24T02:31:28.144+0000] {dag.py:3954} INFO - Setting next_dagrun for shopee_pipeline to 2026-05-23 01:00:00+00:00, run_after=2026-05-24 01:00:00+00:00
[2026-05-24T02:31:28.218+0000] {processor.py:183} INFO - Processing /opt/airflow/dags/shopee_dag.py took 0.785 seconds
[2026-05-24T02:31:58.591+0000] {processor.py:161} INFO - Started process (PID=3351) to work on /opt/airflow/dags/shopee_dag.py
[2026-05-24T02:31:58.597+0000] {processor.py:830} INFO - Processing file /opt/airflow/dags/shopee_dag.py for tasks to queue
[2026-05-24T02:31:58.612+0000] {logging_mixin.py:188} INFO - [2026-05-24T02:31:58.611+0000] {dagbag.py:545} INFO - Filling up the DagBag from /opt/airflow/dags/shopee_dag.py
[2026-05-24T02:31:59.069+0000] {processor.py:840} INFO - DAG(s) 'shopee_pipeline' retrieved from /opt/airflow/dags/shopee_dag.py
[2026-05-24T02:31:59.218+0000] {logging_mixin.py:188} INFO - [2026-05-24T02:31:59.218+0000] {dag.py:3096} INFO - Sync 1 DAGs
[2026-05-24T02:31:59.311+0000] {logging_mixin.py:188} INFO - [2026-05-24T02:31:59.310+0000] {dag.py:3954} INFO - Setting next_dagrun for shopee_pipeline to 2026-05-23 01:00:00+00:00, run_after=2026-05-24 01:00:00+00:00
[2026-05-24T02:31:59.355+0000] {processor.py:183} INFO - Processing /opt/airflow/dags/shopee_dag.py took 0.826 seconds
[2026-05-24T02:32:30.257+0000] {processor.py:161} INFO - Started process (PID=3426) to work on /opt/airflow/dags/shopee_dag.py
[2026-05-24T02:32:30.265+0000] {processor.py:830} INFO - Processing file /opt/airflow/dags/shopee_dag.py for tasks to queue
[2026-05-24T02:32:30.283+0000] {logging_mixin.py:188} INFO - [2026-05-24T02:32:30.280+0000] {dagbag.py:545} INFO - Filling up the DagBag from /opt/airflow/dags/shopee_dag.py
[2026-05-24T02:32:30.693+0000] {processor.py:840} INFO - DAG(s) 'shopee_pipeline' retrieved from /opt/airflow/dags/shopee_dag.py
[2026-05-24T02:32:30.956+0000] {logging_mixin.py:188} INFO - [2026-05-24T02:32:30.955+0000] {dag.py:3096} INFO - Sync 1 DAGs
[2026-05-24T02:32:31.118+0000] {logging_mixin.py:188} INFO - [2026-05-24T02:32:31.116+0000] {dag.py:3954} INFO - Setting next_dagrun for shopee_pipeline to 2026-05-23 01:00:00+00:00, run_after=2026-05-24 01:00:00+00:00
[2026-05-24T02:32:31.216+0000] {processor.py:183} INFO - Processing /opt/airflow/dags/shopee_dag.py took 1.033 seconds
[2026-05-24T02:33:01.569+0000] {processor.py:161} INFO - Started process (PID=3466) to work on /opt/airflow/dags/shopee_dag.py
[2026-05-24T02:33:01.574+0000] {processor.py:830} INFO - Processing file /opt/airflow/dags/shopee_dag.py for tasks to queue
[2026-05-24T02:33:01.588+0000] {logging_mixin.py:188} INFO - [2026-05-24T02:33:01.586+0000] {dagbag.py:545} INFO - Filling up the DagBag from /opt/airflow/dags/shopee_dag.py
[2026-05-24T02:33:01.957+0000] {processor.py:840} INFO - DAG(s) 'shopee_pipeline' retrieved from /opt/airflow/dags/shopee_dag.py
[2026-05-24T02:33:02.053+0000] {logging_mixin.py:188} INFO - [2026-05-24T02:33:02.052+0000] {dag.py:3096} INFO - Sync 1 DAGs
[2026-05-24T02:33:02.132+0000] {logging_mixin.py:188} INFO - [2026-05-24T02:33:02.132+0000] {dag.py:3954} INFO - Setting next_dagrun for shopee_pipeline to 2026-05-23 01:00:00+00:00, run_after=2026-05-24 01:00:00+00:00
[2026-05-24T02:33:02.184+0000] {processor.py:183} INFO - Processing /opt/airflow/dags/shopee_dag.py took 0.664 seconds
[2026-05-24T02:33:32.652+0000] {processor.py:161} INFO - Started process (PID=3554) to work on /opt/airflow/dags/shopee_dag.py
[2026-05-24T02:33:32.662+0000] {processor.py:830} INFO - Processing file /opt/airflow/dags/shopee_dag.py for tasks to queue
[2026-05-24T02:33:32.679+0000] {logging_mixin.py:188} INFO - [2026-05-24T02:33:32.678+0000] {dagbag.py:545} INFO - Filling up the DagBag from /opt/airflow/dags/shopee_dag.py
[2026-05-24T02:33:33.623+0000] {processor.py:840} INFO - DAG(s) 'shopee_pipeline' retrieved from /opt/airflow/dags/shopee_dag.py
[2026-05-24T02:33:33.973+0000] {logging_mixin.py:188} INFO - [2026-05-24T02:33:33.972+0000] {dag.py:3096} INFO - Sync 1 DAGs
[2026-05-24T02:33:34.135+0000] {logging_mixin.py:188} INFO - [2026-05-24T02:33:34.134+0000] {dag.py:3954} INFO - Setting next_dagrun for shopee_pipeline to 2026-05-23 01:00:00+00:00, run_after=2026-05-24 01:00:00+00:00
[2026-05-24T02:33:34.236+0000] {processor.py:183} INFO - Processing /opt/airflow/dags/shopee_dag.py took 1.678 seconds
[2026-05-24T02:34:04.689+0000] {processor.py:161} INFO - Started process (PID=3579) to work on /opt/airflow/dags/shopee_dag.py
[2026-05-24T02:34:04.691+0000] {processor.py:830} INFO - Processing file /opt/airflow/dags/shopee_dag.py for tasks to queue
[2026-05-24T02:34:04.693+0000] {logging_mixin.py:188} INFO - [2026-05-24T02:34:04.693+0000] {dagbag.py:545} INFO - Filling up the DagBag from /opt/airflow/dags/shopee_dag.py
[2026-05-24T02:34:04.990+0000] {processor.py:840} INFO - DAG(s) 'shopee_pipeline' retrieved from /opt/airflow/dags/shopee_dag.py
[2026-05-24T02:34:05.123+0000] {logging_mixin.py:188} INFO - [2026-05-24T02:34:05.122+0000] {dag.py:3096} INFO - Sync 1 DAGs
[2026-05-24T02:34:05.213+0000] {logging_mixin.py:188} INFO - [2026-05-24T02:34:05.212+0000] {dag.py:3954} INFO - Setting next_dagrun for shopee_pipeline to 2026-05-23 01:00:00+00:00, run_after=2026-05-24 01:00:00+00:00
[2026-05-24T02:34:05.259+0000] {processor.py:183} INFO - Processing /opt/airflow/dags/shopee_dag.py took 0.610 seconds
[2026-05-24T02:34:37.529+0000] {processor.py:161} INFO - Started process (PID=3660) to work on /opt/airflow/dags/shopee_dag.py
[2026-05-24T02:34:37.556+0000] {processor.py:830} INFO - Processing file /opt/airflow/dags/shopee_dag.py for tasks to queue
[2026-05-24T02:34:37.607+0000] {logging_mixin.py:188} INFO - [2026-05-24T02:34:37.603+0000] {dagbag.py:545} INFO - Filling up the DagBag from /opt/airflow/dags/shopee_dag.py
[2026-05-24T02:34:38.537+0000] {processor.py:840} INFO - DAG(s) 'shopee_pipeline' retrieved from /opt/airflow/dags/shopee_dag.py
[2026-05-24T02:34:38.755+0000] {logging_mixin.py:188} INFO - [2026-05-24T02:34:38.755+0000] {dag.py:3096} INFO - Sync 1 DAGs
[2026-05-24T02:34:39.020+0000] {logging_mixin.py:188} INFO - [2026-05-24T02:34:39.018+0000] {dag.py:3954} INFO - Setting next_dagrun for shopee_pipeline to 2026-05-23 01:00:00+00:00, run_after=2026-05-24 01:00:00+00:00
[2026-05-24T02:34:39.233+0000] {processor.py:183} INFO - Processing /opt/airflow/dags/shopee_dag.py took 1.919 seconds
[2026-05-24T02:35:09.786+0000] {processor.py:161} INFO - Started process (PID=3709) to work on /opt/airflow/dags/shopee_dag.py
[2026-05-24T02:35:09.799+0000] {processor.py:830} INFO - Processing file /opt/airflow/dags/shopee_dag.py for tasks to queue
[2026-05-24T02:35:09.830+0000] {logging_mixin.py:188} INFO - [2026-05-24T02:35:09.826+0000] {dagbag.py:545} INFO - Filling up the DagBag from /opt/airflow/dags/shopee_dag.py
[2026-05-24T02:35:10.598+0000] {processor.py:840} INFO - DAG(s) 'shopee_pipeline' retrieved from /opt/airflow/dags/shopee_dag.py
[2026-05-24T02:35:10.781+0000] {logging_mixin.py:188} INFO - [2026-05-24T02:35:10.780+0000] {dag.py:3096} INFO - Sync 1 DAGs
[2026-05-24T02:35:10.947+0000] {logging_mixin.py:188} INFO - [2026-05-24T02:35:10.946+0000] {dag.py:3954} INFO - Setting next_dagrun for shopee_pipeline to 2026-05-23 01:00:00+00:00, run_after=2026-05-24 01:00:00+00:00
[2026-05-24T02:35:11.038+0000] {processor.py:183} INFO - Processing /opt/airflow/dags/shopee_dag.py took 1.360 seconds
[2026-05-24T02:35:42.793+0000] {processor.py:161} INFO - Started process (PID=3808) to work on /opt/airflow/dags/shopee_dag.py
[2026-05-24T02:35:42.821+0000] {processor.py:830} INFO - Processing file /opt/airflow/dags/shopee_dag.py for tasks to queue
[2026-05-24T02:35:42.896+0000] {logging_mixin.py:188} INFO - [2026-05-24T02:35:42.885+0000] {dagbag.py:545} INFO - Filling up the DagBag from /opt/airflow/dags/shopee_dag.py
[2026-05-24T02:35:44.734+0000] {processor.py:840} INFO - DAG(s) 'shopee_pipeline' retrieved from /opt/airflow/dags/shopee_dag.py
[2026-05-24T02:35:45.590+0000] {logging_mixin.py:188} INFO - [2026-05-24T02:35:45.585+0000] {dag.py:3096} INFO - Sync 1 DAGs
[2026-05-24T02:35:45.986+0000] {logging_mixin.py:188} INFO - [2026-05-24T02:35:45.985+0000] {dag.py:3954} INFO - Setting next_dagrun for shopee_pipeline to 2026-05-23 01:00:00+00:00, run_after=2026-05-24 01:00:00+00:00
[2026-05-24T02:35:46.382+0000] {processor.py:183} INFO - Processing /opt/airflow/dags/shopee_dag.py took 3.682 seconds
[2026-05-24T02:36:17.360+0000] {processor.py:161} INFO - Started process (PID=3821) to work on /opt/airflow/dags/shopee_dag.py
[2026-05-24T02:36:17.369+0000] {processor.py:830} INFO - Processing file /opt/airflow/dags/shopee_dag.py for tasks to queue
[2026-05-24T02:36:17.394+0000] {logging_mixin.py:188} INFO - [2026-05-24T02:36:17.391+0000] {dagbag.py:545} INFO - Filling up the DagBag from /opt/airflow/dags/shopee_dag.py
[2026-05-24T02:36:18.012+0000] {processor.py:840} INFO - DAG(s) 'shopee_pipeline' retrieved from /opt/airflow/dags/shopee_dag.py
[2026-05-24T02:36:18.162+0000] {logging_mixin.py:188} INFO - [2026-05-24T02:36:18.161+0000] {dag.py:3096} INFO - Sync 1 DAGs
[2026-05-24T02:36:18.260+0000] {logging_mixin.py:188} INFO - [2026-05-24T02:36:18.259+0000] {dag.py:3954} INFO - Setting next_dagrun for shopee_pipeline to 2026-05-23 01:00:00+00:00, run_after=2026-05-24 01:00:00+00:00
[2026-05-24T02:36:18.324+0000] {processor.py:183} INFO - Processing /opt/airflow/dags/shopee_dag.py took 1.043 seconds
[2026-05-24T02:36:48.937+0000] {processor.py:161} INFO - Started process (PID=3939) to work on /opt/airflow/dags/shopee_dag.py
[2026-05-24T02:36:48.938+0000] {processor.py:830} INFO - Processing file /opt/airflow/dags/shopee_dag.py for tasks to queue
[2026-05-24T02:36:48.941+0000] {logging_mixin.py:188} INFO - [2026-05-24T02:36:48.941+0000] {dagbag.py:545} INFO - Filling up the DagBag from /opt/airflow/dags/shopee_dag.py
[2026-05-24T02:36:49.210+0000] {processor.py:840} INFO - DAG(s) 'shopee_pipeline' retrieved from /opt/airflow/dags/shopee_dag.py
[2026-05-24T02:36:49.286+0000] {logging_mixin.py:188} INFO - [2026-05-24T02:36:49.286+0000] {dag.py:3096} INFO - Sync 1 DAGs
[2026-05-24T02:36:49.342+0000] {logging_mixin.py:188} INFO - [2026-05-24T02:36:49.342+0000] {dag.py:3954} INFO - Setting next_dagrun for shopee_pipeline to 2026-05-23 01:00:00+00:00, run_after=2026-05-24 01:00:00+00:00
[2026-05-24T02:36:49.396+0000] {processor.py:183} INFO - Processing /opt/airflow/dags/shopee_dag.py took 0.472 seconds
[2026-05-24T02:37:20.380+0000] {processor.py:161} INFO - Started process (PID=4029) to work on /opt/airflow/dags/shopee_dag.py
[2026-05-24T02:37:20.418+0000] {processor.py:830} INFO - Processing file /opt/airflow/dags/shopee_dag.py for tasks to queue
[2026-05-24T02:37:20.439+0000] {logging_mixin.py:188} INFO - [2026-05-24T02:37:20.436+0000] {dagbag.py:545} INFO - Filling up the DagBag from /opt/airflow/dags/shopee_dag.py
[2026-05-24T02:37:21.429+0000] {processor.py:840} INFO - DAG(s) 'shopee_pipeline' retrieved from /opt/airflow/dags/shopee_dag.py
[2026-05-24T02:37:21.706+0000] {logging_mixin.py:188} INFO - [2026-05-24T02:37:21.705+0000] {dag.py:3096} INFO - Sync 1 DAGs
[2026-05-24T02:37:22.032+0000] {logging_mixin.py:188} INFO - [2026-05-24T02:37:22.027+0000] {dag.py:3954} INFO - Setting next_dagrun for shopee_pipeline to 2026-05-23 01:00:00+00:00, run_after=2026-05-24 01:00:00+00:00
[2026-05-24T02:37:22.184+0000] {processor.py:183} INFO - Processing /opt/airflow/dags/shopee_dag.py took 1.981 seconds
[2026-05-24T02:37:55.847+0000] {processor.py:161} INFO - Started process (PID=4074) to work on /opt/airflow/dags/shopee_dag.py
[2026-05-24T02:37:55.869+0000] {processor.py:830} INFO - Processing file /opt/airflow/dags/shopee_dag.py for tasks to queue
[2026-05-24T02:37:55.994+0000] {logging_mixin.py:188} INFO - [2026-05-24T02:37:55.981+0000] {dagbag.py:545} INFO - Filling up the DagBag from /opt/airflow/dags/shopee_dag.py
[2026-05-24T02:37:59.664+0000] {processor.py:840} INFO - DAG(s) 'shopee_pipeline' retrieved from /opt/airflow/dags/shopee_dag.py
[2026-05-24T02:38:01.325+0000] {logging_mixin.py:188} INFO - [2026-05-24T02:38:01.324+0000] {dag.py:3096} INFO - Sync 1 DAGs
[2026-05-24T02:38:02.007+0000] {logging_mixin.py:188} INFO - [2026-05-24T02:38:02.000+0000] {dag.py:3954} INFO - Setting next_dagrun for shopee_pipeline to 2026-05-23 01:00:00+00:00, run_after=2026-05-24 01:00:00+00:00
[2026-05-24T02:38:02.728+0000] {processor.py:183} INFO - Processing /opt/airflow/dags/shopee_dag.py took 7.276 seconds
[2026-05-24T02:38:37.655+0000] {processor.py:161} INFO - Started process (PID=4155) to work on /opt/airflow/dags/shopee_dag.py
[2026-05-24T02:38:37.690+0000] {processor.py:830} INFO - Processing file /opt/airflow/dags/shopee_dag.py for tasks to queue
[2026-05-24T02:38:37.696+0000] {logging_mixin.py:188} INFO - [2026-05-24T02:38:37.696+0000] {dagbag.py:545} INFO - Filling up the DagBag from /opt/airflow/dags/shopee_dag.py
[2026-05-24T02:38:40.516+0000] {processor.py:840} INFO - DAG(s) 'shopee_pipeline' retrieved from /opt/airflow/dags/shopee_dag.py
[2026-05-24T02:38:44.204+0000] {logging_mixin.py:188} INFO - [2026-05-24T02:38:44.203+0000] {dag.py:3096} INFO - Sync 1 DAGs
[2026-05-24T02:38:44.503+0000] {logging_mixin.py:188} INFO - [2026-05-24T02:38:44.501+0000] {dag.py:3954} INFO - Setting next_dagrun for shopee_pipeline to 2026-05-23 01:00:00+00:00, run_after=2026-05-24 01:00:00+00:00
[2026-05-24T02:38:44.746+0000] {processor.py:183} INFO - Processing /opt/airflow/dags/shopee_dag.py took 7.127 seconds
[2026-05-24T02:39:15.096+0000] {processor.py:161} INFO - Started process (PID=4176) to work on /opt/airflow/dags/shopee_dag.py
[2026-05-24T02:39:15.100+0000] {processor.py:830} INFO - Processing file /opt/airflow/dags/shopee_dag.py for tasks to queue
[2026-05-24T02:39:15.105+0000] {logging_mixin.py:188} INFO - [2026-05-24T02:39:15.104+0000] {dagbag.py:545} INFO - Filling up the DagBag from /opt/airflow/dags/shopee_dag.py
[2026-05-24T02:39:16.293+0000] {processor.py:840} INFO - DAG(s) 'shopee_pipeline' retrieved from /opt/airflow/dags/shopee_dag.py
[2026-05-24T02:39:16.781+0000] {logging_mixin.py:188} INFO - [2026-05-24T02:39:16.780+0000] {dag.py:3096} INFO - Sync 1 DAGs
[2026-05-24T02:39:17.112+0000] {logging_mixin.py:188} INFO - [2026-05-24T02:39:17.110+0000] {dag.py:3954} INFO - Setting next_dagrun for shopee_pipeline to 2026-05-23 01:00:00+00:00, run_after=2026-05-24 01:00:00+00:00
[2026-05-24T02:39:17.246+0000] {processor.py:183} INFO - Processing /opt/airflow/dags/shopee_dag.py took 2.171 seconds
[2026-05-24T02:39:47.496+0000] {processor.py:161} INFO - Started process (PID=4271) to work on /opt/airflow/dags/shopee_dag.py
[2026-05-24T02:39:47.500+0000] {processor.py:830} INFO - Processing file /opt/airflow/dags/shopee_dag.py for tasks to queue
[2026-05-24T02:39:47.503+0000] {logging_mixin.py:188} INFO - [2026-05-24T02:39:47.503+0000] {dagbag.py:545} INFO - Filling up the DagBag from /opt/airflow/dags/shopee_dag.py
[2026-05-24T02:39:47.996+0000] {processor.py:840} INFO - DAG(s) 'shopee_pipeline' retrieved from /opt/airflow/dags/shopee_dag.py
[2026-05-24T02:39:48.320+0000] {logging_mixin.py:188} INFO - [2026-05-24T02:39:48.319+0000] {dag.py:3096} INFO - Sync 1 DAGs
[2026-05-24T02:39:48.438+0000] {logging_mixin.py:188} INFO - [2026-05-24T02:39:48.438+0000] {dag.py:3954} INFO - Setting next_dagrun for shopee_pipeline to 2026-05-23 01:00:00+00:00, run_after=2026-05-24 01:00:00+00:00
[2026-05-24T02:39:48.560+0000] {processor.py:183} INFO - Processing /opt/airflow/dags/shopee_dag.py took 1.088 seconds
[2026-05-24T02:40:18.712+0000] {processor.py:161} INFO - Started process (PID=4287) to work on /opt/airflow/dags/shopee_dag.py
[2026-05-24T02:40:18.715+0000] {processor.py:830} INFO - Processing file /opt/airflow/dags/shopee_dag.py for tasks to queue
[2026-05-24T02:40:18.721+0000] {logging_mixin.py:188} INFO - [2026-05-24T02:40:18.720+0000] {dagbag.py:545} INFO - Filling up the DagBag from /opt/airflow/dags/shopee_dag.py
[2026-05-24T02:40:19.287+0000] {processor.py:840} INFO - DAG(s) 'shopee_pipeline' retrieved from /opt/airflow/dags/shopee_dag.py
[2026-05-24T02:40:19.461+0000] {logging_mixin.py:188} INFO - [2026-05-24T02:40:19.458+0000] {dag.py:3096} INFO - Sync 1 DAGs
[2026-05-24T02:40:20.754+0000] {logging_mixin.py:188} INFO - [2026-05-24T02:40:20.732+0000] {dag.py:3954} INFO - Setting next_dagrun for shopee_pipeline to 2026-05-23 01:00:00+00:00, run_after=2026-05-24 01:00:00+00:00
[2026-05-24T02:40:21.498+0000] {processor.py:183} INFO - Processing /opt/airflow/dags/shopee_dag.py took 2.802 seconds
[2026-05-24T02:40:52.072+0000] {processor.py:161} INFO - Started process (PID=4405) to work on /opt/airflow/dags/shopee_dag.py
[2026-05-24T02:40:52.105+0000] {processor.py:830} INFO - Processing file /opt/airflow/dags/shopee_dag.py for tasks to queue
[2026-05-24T02:40:52.145+0000] {logging_mixin.py:188} INFO - [2026-05-24T02:40:52.143+0000] {dagbag.py:545} INFO - Filling up the DagBag from /opt/airflow/dags/shopee_dag.py
[2026-05-24T02:40:54.350+0000] {processor.py:840} INFO - DAG(s) 'shopee_pipeline' retrieved from /opt/airflow/dags/shopee_dag.py
[2026-05-24T02:40:54.691+0000] {logging_mixin.py:188} INFO - [2026-05-24T02:40:54.689+0000] {dag.py:3096} INFO - Sync 1 DAGs
[2026-05-24T02:40:55.291+0000] {logging_mixin.py:188} INFO - [2026-05-24T02:40:55.290+0000] {dag.py:3954} INFO - Setting next_dagrun for shopee_pipeline to 2026-05-23 01:00:00+00:00, run_after=2026-05-24 01:00:00+00:00
[2026-05-24T02:40:55.404+0000] {processor.py:183} INFO - Processing /opt/airflow/dags/shopee_dag.py took 3.425 seconds
[2026-05-24T02:41:29.091+0000] {processor.py:161} INFO - Started process (PID=4433) to work on /opt/airflow/dags/shopee_dag.py
[2026-05-24T02:41:29.094+0000] {processor.py:830} INFO - Processing file /opt/airflow/dags/shopee_dag.py for tasks to queue
[2026-05-24T02:41:29.101+0000] {logging_mixin.py:188} INFO - [2026-05-24T02:41:29.099+0000] {dagbag.py:545} INFO - Filling up the DagBag from /opt/airflow/dags/shopee_dag.py
[2026-05-24T02:41:29.794+0000] {processor.py:840} INFO - DAG(s) 'shopee_pipeline' retrieved from /opt/airflow/dags/shopee_dag.py
[2026-05-24T02:41:30.175+0000] {logging_mixin.py:188} INFO - [2026-05-24T02:41:30.174+0000] {dag.py:3096} INFO - Sync 1 DAGs
[2026-05-24T02:41:30.641+0000] {logging_mixin.py:188} INFO - [2026-05-24T02:41:30.640+0000] {dag.py:3954} INFO - Setting next_dagrun for shopee_pipeline to 2026-05-23 01:00:00+00:00, run_after=2026-05-24 01:00:00+00:00
[2026-05-24T02:41:30.833+0000] {processor.py:183} INFO - Processing /opt/airflow/dags/shopee_dag.py took 1.764 seconds
[2026-05-24T02:42:01.459+0000] {processor.py:161} INFO - Started process (PID=4517) to work on /opt/airflow/dags/shopee_dag.py
[2026-05-24T02:42:01.462+0000] {processor.py:830} INFO - Processing file /opt/airflow/dags/shopee_dag.py for tasks to queue
[2026-05-24T02:42:01.472+0000] {logging_mixin.py:188} INFO - [2026-05-24T02:42:01.469+0000] {dagbag.py:545} INFO - Filling up the DagBag from /opt/airflow/dags/shopee_dag.py
[2026-05-24T02:42:01.924+0000] {processor.py:840} INFO - DAG(s) 'shopee_pipeline' retrieved from /opt/airflow/dags/shopee_dag.py
[2026-05-24T02:42:02.078+0000] {logging_mixin.py:188} INFO - [2026-05-24T02:42:02.078+0000] {dag.py:3096} INFO - Sync 1 DAGs
[2026-05-24T02:42:02.200+0000] {logging_mixin.py:188} INFO - [2026-05-24T02:42:02.199+0000] {dag.py:3954} INFO - Setting next_dagrun for shopee_pipeline to 2026-05-23 01:00:00+00:00, run_after=2026-05-24 01:00:00+00:00
[2026-05-24T02:42:02.241+0000] {processor.py:183} INFO - Processing /opt/airflow/dags/shopee_dag.py took 0.811 seconds
[2026-05-24T02:42:32.434+0000] {processor.py:161} INFO - Started process (PID=4538) to work on /opt/airflow/dags/shopee_dag.py
[2026-05-24T02:42:32.437+0000] {processor.py:830} INFO - Processing file /opt/airflow/dags/shopee_dag.py for tasks to queue
[2026-05-24T02:42:32.442+0000] {logging_mixin.py:188} INFO - [2026-05-24T02:42:32.441+0000] {dagbag.py:545} INFO - Filling up the DagBag from /opt/airflow/dags/shopee_dag.py
[2026-05-24T02:42:32.771+0000] {processor.py:840} INFO - DAG(s) 'shopee_pipeline' retrieved from /opt/airflow/dags/shopee_dag.py
[2026-05-24T02:42:32.910+0000] {logging_mixin.py:188} INFO - [2026-05-24T02:42:32.909+0000] {dag.py:3096} INFO - Sync 1 DAGs
[2026-05-24T02:42:33.023+0000] {logging_mixin.py:188} INFO - [2026-05-24T02:42:33.022+0000] {dag.py:3954} INFO - Setting next_dagrun for shopee_pipeline to 2026-05-23 01:00:00+00:00, run_after=2026-05-24 01:00:00+00:00
[2026-05-24T02:42:33.101+0000] {processor.py:183} INFO - Processing /opt/airflow/dags/shopee_dag.py took 0.685 seconds
[2026-05-24T02:43:03.223+0000] {processor.py:161} INFO - Started process (PID=4628) to work on /opt/airflow/dags/shopee_dag.py
[2026-05-24T02:43:03.225+0000] {processor.py:830} INFO - Processing file /opt/airflow/dags/shopee_dag.py for tasks to queue
[2026-05-24T02:43:03.227+0000] {logging_mixin.py:188} INFO - [2026-05-24T02:43:03.226+0000] {dagbag.py:545} INFO - Filling up the DagBag from /opt/airflow/dags/shopee_dag.py
[2026-05-24T02:43:03.408+0000] {processor.py:840} INFO - DAG(s) 'shopee_pipeline' retrieved from /opt/airflow/dags/shopee_dag.py
[2026-05-24T02:43:03.519+0000] {logging_mixin.py:188} INFO - [2026-05-24T02:43:03.518+0000] {dag.py:3096} INFO - Sync 1 DAGs
[2026-05-24T02:43:03.578+0000] {logging_mixin.py:188} INFO - [2026-05-24T02:43:03.578+0000] {dag.py:3954} INFO - Setting next_dagrun for shopee_pipeline to 2026-05-23 01:00:00+00:00, run_after=2026-05-24 01:00:00+00:00
[2026-05-24T02:43:03.609+0000] {processor.py:183} INFO - Processing /opt/airflow/dags/shopee_dag.py took 0.393 seconds
[2026-05-24T02:43:34.415+0000] {processor.py:161} INFO - Started process (PID=4730) to work on /opt/airflow/dags/shopee_dag.py
[2026-05-24T02:43:34.417+0000] {processor.py:830} INFO - Processing file /opt/airflow/dags/shopee_dag.py for tasks to queue
[2026-05-24T02:43:34.422+0000] {logging_mixin.py:188} INFO - [2026-05-24T02:43:34.421+0000] {dagbag.py:545} INFO - Filling up the DagBag from /opt/airflow/dags/shopee_dag.py
[2026-05-24T02:43:34.879+0000] {processor.py:840} INFO - DAG(s) 'shopee_pipeline' retrieved from /opt/airflow/dags/shopee_dag.py
[2026-05-24T02:43:35.150+0000] {logging_mixin.py:188} INFO - [2026-05-24T02:43:35.149+0000] {dag.py:3096} INFO - Sync 1 DAGs
[2026-05-24T02:43:35.327+0000] {logging_mixin.py:188} INFO - [2026-05-24T02:43:35.325+0000] {dag.py:3954} INFO - Setting next_dagrun for shopee_pipeline to 2026-05-23 01:00:00+00:00, run_after=2026-05-24 01:00:00+00:00
[2026-05-24T02:43:35.543+0000] {processor.py:183} INFO - Processing /opt/airflow/dags/shopee_dag.py took 1.154 seconds
[2026-05-24T02:44:05.765+0000] {processor.py:161} INFO - Started process (PID=4743) to work on /opt/airflow/dags/shopee_dag.py
[2026-05-24T02:44:05.767+0000] {processor.py:830} INFO - Processing file /opt/airflow/dags/shopee_dag.py for tasks to queue
[2026-05-24T02:44:05.771+0000] {logging_mixin.py:188} INFO - [2026-05-24T02:44:05.771+0000] {dagbag.py:545} INFO - Filling up the DagBag from /opt/airflow/dags/shopee_dag.py
[2026-05-24T02:44:06.067+0000] {processor.py:840} INFO - DAG(s) 'shopee_pipeline' retrieved from /opt/airflow/dags/shopee_dag.py
[2026-05-24T02:44:06.146+0000] {logging_mixin.py:188} INFO - [2026-05-24T02:44:06.146+0000] {dag.py:3096} INFO - Sync 1 DAGs
[2026-05-24T02:44:06.214+0000] {logging_mixin.py:188} INFO - [2026-05-24T02:44:06.214+0000] {dag.py:3954} INFO - Setting next_dagrun for shopee_pipeline to 2026-05-23 01:00:00+00:00, run_after=2026-05-24 01:00:00+00:00
[2026-05-24T02:44:06.262+0000] {processor.py:183} INFO - Processing /opt/airflow/dags/shopee_dag.py took 0.509 seconds
[2026-05-24T02:44:36.905+0000] {processor.py:161} INFO - Started process (PID=4861) to work on /opt/airflow/dags/shopee_dag.py
[2026-05-24T02:44:36.907+0000] {processor.py:830} INFO - Processing file /opt/airflow/dags/shopee_dag.py for tasks to queue
[2026-05-24T02:44:36.909+0000] {logging_mixin.py:188} INFO - [2026-05-24T02:44:36.909+0000] {dagbag.py:545} INFO - Filling up the DagBag from /opt/airflow/dags/shopee_dag.py
[2026-05-24T02:44:37.050+0000] {processor.py:840} INFO - DAG(s) 'shopee_pipeline' retrieved from /opt/airflow/dags/shopee_dag.py
[2026-05-24T02:44:37.096+0000] {logging_mixin.py:188} INFO - [2026-05-24T02:44:37.095+0000] {dag.py:3096} INFO - Sync 1 DAGs
[2026-05-24T02:44:37.130+0000] {logging_mixin.py:188} INFO - [2026-05-24T02:44:37.130+0000] {dag.py:3954} INFO - Setting next_dagrun for shopee_pipeline to 2026-05-23 01:00:00+00:00, run_after=2026-05-24 01:00:00+00:00
[2026-05-24T02:44:37.291+0000] {processor.py:183} INFO - Processing /opt/airflow/dags/shopee_dag.py took 0.394 seconds
[2026-05-24T02:45:07.757+0000] {processor.py:161} INFO - Started process (PID=4984) to work on /opt/airflow/dags/shopee_dag.py
[2026-05-24T02:45:07.760+0000] {processor.py:830} INFO - Processing file /opt/airflow/dags/shopee_dag.py for tasks to queue
[2026-05-24T02:45:07.793+0000] {logging_mixin.py:188} INFO - [2026-05-24T02:45:07.789+0000] {dagbag.py:545} INFO - Filling up the DagBag from /opt/airflow/dags/shopee_dag.py
[2026-05-24T02:45:08.310+0000] {processor.py:840} INFO - DAG(s) 'shopee_pipeline' retrieved from /opt/airflow/dags/shopee_dag.py
[2026-05-24T02:45:08.522+0000] {logging_mixin.py:188} INFO - [2026-05-24T02:45:08.521+0000] {dag.py:3096} INFO - Sync 1 DAGs
[2026-05-24T02:45:08.763+0000] {logging_mixin.py:188} INFO - [2026-05-24T02:45:08.762+0000] {dag.py:3954} INFO - Setting next_dagrun for shopee_pipeline to 2026-05-23 01:00:00+00:00, run_after=2026-05-24 01:00:00+00:00
[2026-05-24T02:45:08.827+0000] {processor.py:183} INFO - Processing /opt/airflow/dags/shopee_dag.py took 1.116 seconds
[2026-05-24T02:45:39.318+0000] {processor.py:161} INFO - Started process (PID=4997) to work on /opt/airflow/dags/shopee_dag.py
[2026-05-24T02:45:39.341+0000] {processor.py:830} INFO - Processing file /opt/airflow/dags/shopee_dag.py for tasks to queue
[2026-05-24T02:45:39.344+0000] {logging_mixin.py:188} INFO - [2026-05-24T02:45:39.343+0000] {dagbag.py:545} INFO - Filling up the DagBag from /opt/airflow/dags/shopee_dag.py
[2026-05-24T02:45:39.928+0000] {processor.py:840} INFO - DAG(s) 'shopee_pipeline' retrieved from /opt/airflow/dags/shopee_dag.py
[2026-05-24T02:45:40.268+0000] {logging_mixin.py:188} INFO - [2026-05-24T02:45:40.268+0000] {dag.py:3096} INFO - Sync 1 DAGs
[2026-05-24T02:45:47.722+0000] {logging_mixin.py:188} INFO - [2026-05-24T02:45:47.722+0000] {dag.py:3954} INFO - Setting next_dagrun for shopee_pipeline to 2026-05-23 01:00:00+00:00, run_after=2026-05-24 01:00:00+00:00
[2026-05-24T02:45:47.839+0000] {processor.py:183} INFO - Processing /opt/airflow/dags/shopee_dag.py took 8.578 seconds
[2026-05-24T02:46:18.339+0000] {processor.py:161} INFO - Started process (PID=5117) to work on /opt/airflow/dags/shopee_dag.py
[2026-05-24T02:46:18.340+0000] {processor.py:830} INFO - Processing file /opt/airflow/dags/shopee_dag.py for tasks to queue
[2026-05-24T02:46:18.342+0000] {logging_mixin.py:188} INFO - [2026-05-24T02:46:18.342+0000] {dagbag.py:545} INFO - Filling up the DagBag from /opt/airflow/dags/shopee_dag.py
[2026-05-24T02:46:18.509+0000] {processor.py:840} INFO - DAG(s) 'shopee_pipeline' retrieved from /opt/airflow/dags/shopee_dag.py
[2026-05-24T02:46:18.593+0000] {logging_mixin.py:188} INFO - [2026-05-24T02:46:18.593+0000] {dag.py:3096} INFO - Sync 1 DAGs
[2026-05-24T02:46:18.668+0000] {logging_mixin.py:188} INFO - [2026-05-24T02:46:18.667+0000] {dag.py:3954} INFO - Setting next_dagrun for shopee_pipeline to 2026-05-23 01:00:00+00:00, run_after=2026-05-24 01:00:00+00:00
[2026-05-24T02:46:18.713+0000] {processor.py:183} INFO - Processing /opt/airflow/dags/shopee_dag.py took 0.383 seconds
[2026-05-24T02:46:49.104+0000] {processor.py:161} INFO - Started process (PID=5220) to work on /opt/airflow/dags/shopee_dag.py
[2026-05-24T02:46:49.106+0000] {processor.py:830} INFO - Processing file /opt/airflow/dags/shopee_dag.py for tasks to queue
[2026-05-24T02:46:49.110+0000] {logging_mixin.py:188} INFO - [2026-05-24T02:46:49.109+0000] {dagbag.py:545} INFO - Filling up the DagBag from /opt/airflow/dags/shopee_dag.py
[2026-05-24T02:46:49.411+0000] {processor.py:840} INFO - DAG(s) 'shopee_pipeline' retrieved from /opt/airflow/dags/shopee_dag.py
[2026-05-24T02:46:49.509+0000] {logging_mixin.py:188} INFO - [2026-05-24T02:46:49.508+0000] {dag.py:3096} INFO - Sync 1 DAGs
[2026-05-24T02:46:49.598+0000] {logging_mixin.py:188} INFO - [2026-05-24T02:46:49.598+0000] {dag.py:3954} INFO - Setting next_dagrun for shopee_pipeline to 2026-05-23 01:00:00+00:00, run_after=2026-05-24 01:00:00+00:00
[2026-05-24T02:46:49.649+0000] {processor.py:183} INFO - Processing /opt/airflow/dags/shopee_dag.py took 0.567 seconds
[2026-05-24T02:47:19.858+0000] {processor.py:161} INFO - Started process (PID=5248) to work on /opt/airflow/dags/shopee_dag.py
[2026-05-24T02:47:19.860+0000] {processor.py:830} INFO - Processing file /opt/airflow/dags/shopee_dag.py for tasks to queue
[2026-05-24T02:47:19.863+0000] {logging_mixin.py:188} INFO - [2026-05-24T02:47:19.863+0000] {dagbag.py:545} INFO - Filling up the DagBag from /opt/airflow/dags/shopee_dag.py
[2026-05-24T02:47:20.054+0000] {processor.py:840} INFO - DAG(s) 'shopee_pipeline' retrieved from /opt/airflow/dags/shopee_dag.py
[2026-05-24T02:47:20.106+0000] {logging_mixin.py:188} INFO - [2026-05-24T02:47:20.105+0000] {dag.py:3096} INFO - Sync 1 DAGs
[2026-05-24T02:47:20.152+0000] {logging_mixin.py:188} INFO - [2026-05-24T02:47:20.152+0000] {dag.py:3954} INFO - Setting next_dagrun for shopee_pipeline to 2026-05-23 01:00:00+00:00, run_after=2026-05-24 01:00:00+00:00
[2026-05-24T02:47:20.197+0000] {processor.py:183} INFO - Processing /opt/airflow/dags/shopee_dag.py took 0.351 seconds
[2026-05-24T02:47:51.098+0000] {processor.py:161} INFO - Started process (PID=5369) to work on /opt/airflow/dags/shopee_dag.py
[2026-05-24T02:47:51.099+0000] {processor.py:830} INFO - Processing file /opt/airflow/dags/shopee_dag.py for tasks to queue
[2026-05-24T02:47:51.103+0000] {logging_mixin.py:188} INFO - [2026-05-24T02:47:51.102+0000] {dagbag.py:545} INFO - Filling up the DagBag from /opt/airflow/dags/shopee_dag.py
[2026-05-24T02:47:51.383+0000] {processor.py:840} INFO - DAG(s) 'shopee_pipeline' retrieved from /opt/airflow/dags/shopee_dag.py
[2026-05-24T02:47:52.030+0000] {logging_mixin.py:188} INFO - [2026-05-24T02:47:52.029+0000] {dag.py:3096} INFO - Sync 1 DAGs
[2026-05-24T02:47:52.106+0000] {logging_mixin.py:188} INFO - [2026-05-24T02:47:52.105+0000] {dag.py:3954} INFO - Setting next_dagrun for shopee_pipeline to 2026-05-23 01:00:00+00:00, run_after=2026-05-24 01:00:00+00:00
[2026-05-24T02:47:52.161+0000] {processor.py:183} INFO - Processing /opt/airflow/dags/shopee_dag.py took 1.076 seconds
[2026-05-24T02:48:22.984+0000] {processor.py:161} INFO - Started process (PID=5392) to work on /opt/airflow/dags/shopee_dag.py
[2026-05-24T02:48:22.986+0000] {processor.py:830} INFO - Processing file /opt/airflow/dags/shopee_dag.py for tasks to queue
[2026-05-24T02:48:22.989+0000] {logging_mixin.py:188} INFO - [2026-05-24T02:48:22.989+0000] {dagbag.py:545} INFO - Filling up the DagBag from /opt/airflow/dags/shopee_dag.py
[2026-05-24T02:48:23.242+0000] {processor.py:840} INFO - DAG(s) 'shopee_pipeline' retrieved from /opt/airflow/dags/shopee_dag.py
[2026-05-24T02:48:23.321+0000] {logging_mixin.py:188} INFO - [2026-05-24T02:48:23.320+0000] {dag.py:3096} INFO - Sync 1 DAGs
[2026-05-24T02:48:23.392+0000] {logging_mixin.py:188} INFO - [2026-05-24T02:48:23.391+0000] {dag.py:3954} INFO - Setting next_dagrun for shopee_pipeline to 2026-05-23 01:00:00+00:00, run_after=2026-05-24 01:00:00+00:00
[2026-05-24T02:48:23.720+0000] {processor.py:183} INFO - Processing /opt/airflow/dags/shopee_dag.py took 0.753 seconds
[2026-05-24T02:48:54.108+0000] {processor.py:161} INFO - Started process (PID=5498) to work on /opt/airflow/dags/shopee_dag.py
[2026-05-24T02:48:54.109+0000] {processor.py:830} INFO - Processing file /opt/airflow/dags/shopee_dag.py for tasks to queue
[2026-05-24T02:48:54.112+0000] {logging_mixin.py:188} INFO - [2026-05-24T02:48:54.111+0000] {dagbag.py:545} INFO - Filling up the DagBag from /opt/airflow/dags/shopee_dag.py
[2026-05-24T02:48:54.338+0000] {processor.py:840} INFO - DAG(s) 'shopee_pipeline' retrieved from /opt/airflow/dags/shopee_dag.py
[2026-05-24T02:48:54.628+0000] {logging_mixin.py:188} INFO - [2026-05-24T02:48:54.627+0000] {dag.py:3096} INFO - Sync 1 DAGs
[2026-05-24T02:48:54.677+0000] {logging_mixin.py:188} INFO - [2026-05-24T02:48:54.676+0000] {dag.py:3954} INFO - Setting next_dagrun for shopee_pipeline to 2026-05-23 01:00:00+00:00, run_after=2026-05-24 01:00:00+00:00
[2026-05-24T02:48:54.714+0000] {processor.py:183} INFO - Processing /opt/airflow/dags/shopee_dag.py took 0.615 seconds
[2026-05-24T02:49:25.183+0000] {processor.py:161} INFO - Started process (PID=5586) to work on /opt/airflow/dags/shopee_dag.py
[2026-05-24T02:49:25.184+0000] {processor.py:830} INFO - Processing file /opt/airflow/dags/shopee_dag.py for tasks to queue
[2026-05-24T02:49:25.187+0000] {logging_mixin.py:188} INFO - [2026-05-24T02:49:25.187+0000] {dagbag.py:545} INFO - Filling up the DagBag from /opt/airflow/dags/shopee_dag.py
[2026-05-24T02:49:25.431+0000] {processor.py:840} INFO - DAG(s) 'shopee_pipeline' retrieved from /opt/airflow/dags/shopee_dag.py
[2026-05-24T02:49:25.501+0000] {logging_mixin.py:188} INFO - [2026-05-24T02:49:25.500+0000] {dag.py:3096} INFO - Sync 1 DAGs
[2026-05-24T02:49:25.759+0000] {logging_mixin.py:188} INFO - [2026-05-24T02:49:25.759+0000] {dag.py:3954} INFO - Setting next_dagrun for shopee_pipeline to 2026-05-23 01:00:00+00:00, run_after=2026-05-24 01:00:00+00:00
[2026-05-24T02:49:25.897+0000] {processor.py:183} INFO - Processing /opt/airflow/dags/shopee_dag.py took 0.726 seconds
[2026-05-24T02:49:56.412+0000] {processor.py:161} INFO - Started process (PID=5629) to work on /opt/airflow/dags/shopee_dag.py
[2026-05-24T02:49:56.414+0000] {processor.py:830} INFO - Processing file /opt/airflow/dags/shopee_dag.py for tasks to queue
[2026-05-24T02:49:56.417+0000] {logging_mixin.py:188} INFO - [2026-05-24T02:49:56.416+0000] {dagbag.py:545} INFO - Filling up the DagBag from /opt/airflow/dags/shopee_dag.py
[2026-05-24T02:49:56.648+0000] {processor.py:840} INFO - DAG(s) 'shopee_pipeline' retrieved from /opt/airflow/dags/shopee_dag.py
[2026-05-24T02:49:57.018+0000] {logging_mixin.py:188} INFO - [2026-05-24T02:49:57.017+0000] {dag.py:3096} INFO - Sync 1 DAGs
[2026-05-24T02:49:57.068+0000] {logging_mixin.py:188} INFO - [2026-05-24T02:49:57.068+0000] {dag.py:3954} INFO - Setting next_dagrun for shopee_pipeline to 2026-05-23 01:00:00+00:00, run_after=2026-05-24 01:00:00+00:00
[2026-05-24T02:49:57.113+0000] {processor.py:183} INFO - Processing /opt/airflow/dags/shopee_dag.py took 0.712 seconds
[2026-05-24T02:50:27.546+0000] {processor.py:161} INFO - Started process (PID=5751) to work on /opt/airflow/dags/shopee_dag.py
[2026-05-24T02:50:27.549+0000] {processor.py:830} INFO - Processing file /opt/airflow/dags/shopee_dag.py for tasks to queue
[2026-05-24T02:50:27.554+0000] {logging_mixin.py:188} INFO - [2026-05-24T02:50:27.554+0000] {dagbag.py:545} INFO - Filling up the DagBag from /opt/airflow/dags/shopee_dag.py
[2026-05-24T02:50:27.785+0000] {processor.py:840} INFO - DAG(s) 'shopee_pipeline' retrieved from /opt/airflow/dags/shopee_dag.py
[2026-05-24T02:50:27.858+0000] {logging_mixin.py:188} INFO - [2026-05-24T02:50:27.857+0000] {dag.py:3096} INFO - Sync 1 DAGs
[2026-05-24T02:50:28.143+0000] {logging_mixin.py:188} INFO - [2026-05-24T02:50:28.142+0000] {dag.py:3954} INFO - Setting next_dagrun for shopee_pipeline to 2026-05-23 01:00:00+00:00, run_after=2026-05-24 01:00:00+00:00
[2026-05-24T02:50:28.189+0000] {processor.py:183} INFO - Processing /opt/airflow/dags/shopee_dag.py took 0.658 seconds
[2026-05-24T02:50:58.573+0000] {processor.py:161} INFO - Started process (PID=5843) to work on /opt/airflow/dags/shopee_dag.py
[2026-05-24T02:50:58.575+0000] {processor.py:830} INFO - Processing file /opt/airflow/dags/shopee_dag.py for tasks to queue
[2026-05-24T02:50:58.577+0000] {logging_mixin.py:188} INFO - [2026-05-24T02:50:58.577+0000] {dagbag.py:545} INFO - Filling up the DagBag from /opt/airflow/dags/shopee_dag.py
[2026-05-24T02:50:58.949+0000] {processor.py:840} INFO - DAG(s) 'shopee_pipeline' retrieved from /opt/airflow/dags/shopee_dag.py
[2026-05-24T02:50:59.024+0000] {logging_mixin.py:188} INFO - [2026-05-24T02:50:59.024+0000] {dag.py:3096} INFO - Sync 1 DAGs
[2026-05-24T02:50:59.082+0000] {logging_mixin.py:188} INFO - [2026-05-24T02:50:59.081+0000] {dag.py:3954} INFO - Setting next_dagrun for shopee_pipeline to 2026-05-23 01:00:00+00:00, run_after=2026-05-24 01:00:00+00:00
[2026-05-24T02:50:59.126+0000] {processor.py:183} INFO - Processing /opt/airflow/dags/shopee_dag.py took 0.563 seconds
[2026-05-24T02:51:29.898+0000] {processor.py:161} INFO - Started process (PID=5868) to work on /opt/airflow/dags/shopee_dag.py
[2026-05-24T02:51:29.900+0000] {processor.py:830} INFO - Processing file /opt/airflow/dags/shopee_dag.py for tasks to queue
[2026-05-24T02:51:29.902+0000] {logging_mixin.py:188} INFO - [2026-05-24T02:51:29.902+0000] {dagbag.py:545} INFO - Filling up the DagBag from /opt/airflow/dags/shopee_dag.py
[2026-05-24T02:51:30.055+0000] {processor.py:840} INFO - DAG(s) 'shopee_pipeline' retrieved from /opt/airflow/dags/shopee_dag.py
[2026-05-24T02:51:30.110+0000] {logging_mixin.py:188} INFO - [2026-05-24T02:51:30.109+0000] {dag.py:3096} INFO - Sync 1 DAGs
[2026-05-24T02:51:30.321+0000] {logging_mixin.py:188} INFO - [2026-05-24T02:51:30.321+0000] {dag.py:3954} INFO - Setting next_dagrun for shopee_pipeline to 2026-05-23 01:00:00+00:00, run_after=2026-05-24 01:00:00+00:00
[2026-05-24T02:51:30.356+0000] {processor.py:183} INFO - Processing /opt/airflow/dags/shopee_dag.py took 0.466 seconds
[2026-05-24T02:52:00.855+0000] {processor.py:161} INFO - Started process (PID=5956) to work on /opt/airflow/dags/shopee_dag.py
[2026-05-24T02:52:00.858+0000] {processor.py:830} INFO - Processing file /opt/airflow/dags/shopee_dag.py for tasks to queue
[2026-05-24T02:52:00.868+0000] {logging_mixin.py:188} INFO - [2026-05-24T02:52:00.867+0000] {dagbag.py:545} INFO - Filling up the DagBag from /opt/airflow/dags/shopee_dag.py
[2026-05-24T02:52:01.488+0000] {processor.py:840} INFO - DAG(s) 'shopee_pipeline' retrieved from /opt/airflow/dags/shopee_dag.py
[2026-05-24T02:52:01.597+0000] {logging_mixin.py:188} INFO - [2026-05-24T02:52:01.596+0000] {dag.py:3096} INFO - Sync 1 DAGs
[2026-05-24T02:52:01.682+0000] {logging_mixin.py:188} INFO - [2026-05-24T02:52:01.682+0000] {dag.py:3954} INFO - Setting next_dagrun for shopee_pipeline to 2026-05-23 01:00:00+00:00, run_after=2026-05-24 01:00:00+00:00
[2026-05-24T02:52:01.743+0000] {processor.py:183} INFO - Processing /opt/airflow/dags/shopee_dag.py took 0.920 seconds
[2026-05-24T02:52:32.469+0000] {processor.py:161} INFO - Started process (PID=5968) to work on /opt/airflow/dags/shopee_dag.py
[2026-05-24T02:52:32.470+0000] {processor.py:830} INFO - Processing file /opt/airflow/dags/shopee_dag.py for tasks to queue
[2026-05-24T02:52:32.471+0000] {logging_mixin.py:188} INFO - [2026-05-24T02:52:32.471+0000] {dagbag.py:545} INFO - Filling up the DagBag from /opt/airflow/dags/shopee_dag.py
[2026-05-24T02:52:32.630+0000] {processor.py:840} INFO - DAG(s) 'shopee_pipeline' retrieved from /opt/airflow/dags/shopee_dag.py
[2026-05-24T02:52:32.835+0000] {logging_mixin.py:188} INFO - [2026-05-24T02:52:32.835+0000] {dag.py:3096} INFO - Sync 1 DAGs
[2026-05-24T02:52:32.867+0000] {logging_mixin.py:188} INFO - [2026-05-24T02:52:32.866+0000] {dag.py:3954} INFO - Setting next_dagrun for shopee_pipeline to 2026-05-23 01:00:00+00:00, run_after=2026-05-24 01:00:00+00:00
[2026-05-24T02:52:32.912+0000] {processor.py:183} INFO - Processing /opt/airflow/dags/shopee_dag.py took 0.452 seconds
[2026-05-24T02:53:03.292+0000] {processor.py:161} INFO - Started process (PID=6091) to work on /opt/airflow/dags/shopee_dag.py
[2026-05-24T02:53:03.294+0000] {processor.py:830} INFO - Processing file /opt/airflow/dags/shopee_dag.py for tasks to queue
[2026-05-24T02:53:03.297+0000] {logging_mixin.py:188} INFO - [2026-05-24T02:53:03.296+0000] {dagbag.py:545} INFO - Filling up the DagBag from /opt/airflow/dags/shopee_dag.py
[2026-05-24T02:53:03.616+0000] {processor.py:840} INFO - DAG(s) 'shopee_pipeline' retrieved from /opt/airflow/dags/shopee_dag.py
[2026-05-24T02:53:03.656+0000] {logging_mixin.py:188} INFO - [2026-05-24T02:53:03.656+0000] {dag.py:3096} INFO - Sync 1 DAGs
[2026-05-24T02:53:03.684+0000] {logging_mixin.py:188} INFO - [2026-05-24T02:53:03.684+0000] {dag.py:3954} INFO - Setting next_dagrun for shopee_pipeline to 2026-05-23 01:00:00+00:00, run_after=2026-05-24 01:00:00+00:00
[2026-05-24T02:53:03.710+0000] {processor.py:183} INFO - Processing /opt/airflow/dags/shopee_dag.py took 0.427 seconds
[2026-05-24T02:53:34.058+0000] {processor.py:161} INFO - Started process (PID=6211) to work on /opt/airflow/dags/shopee_dag.py
[2026-05-24T02:53:34.061+0000] {processor.py:830} INFO - Processing file /opt/airflow/dags/shopee_dag.py for tasks to queue
[2026-05-24T02:53:34.066+0000] {logging_mixin.py:188} INFO - [2026-05-24T02:53:34.065+0000] {dagbag.py:545} INFO - Filling up the DagBag from /opt/airflow/dags/shopee_dag.py
[2026-05-24T02:53:34.759+0000] {processor.py:840} INFO - DAG(s) 'shopee_pipeline' retrieved from /opt/airflow/dags/shopee_dag.py
[2026-05-24T02:53:34.822+0000] {logging_mixin.py:188} INFO - [2026-05-24T02:53:34.821+0000] {dag.py:3096} INFO - Sync 1 DAGs
[2026-05-24T02:53:34.868+0000] {logging_mixin.py:188} INFO - [2026-05-24T02:53:34.868+0000] {dag.py:3954} INFO - Setting next_dagrun for shopee_pipeline to 2026-05-23 01:00:00+00:00, run_after=2026-05-24 01:00:00+00:00
[2026-05-24T02:53:34.904+0000] {processor.py:183} INFO - Processing /opt/airflow/dags/shopee_dag.py took 0.866 seconds
[2026-05-24T02:54:05.044+0000] {processor.py:161} INFO - Started process (PID=6234) to work on /opt/airflow/dags/shopee_dag.py
[2026-05-24T02:54:05.045+0000] {processor.py:830} INFO - Processing file /opt/airflow/dags/shopee_dag.py for tasks to queue
[2026-05-24T02:54:05.048+0000] {logging_mixin.py:188} INFO - [2026-05-24T02:54:05.048+0000] {dagbag.py:545} INFO - Filling up the DagBag from /opt/airflow/dags/shopee_dag.py
[2026-05-24T02:54:05.393+0000] {processor.py:840} INFO - DAG(s) 'shopee_pipeline' retrieved from /opt/airflow/dags/shopee_dag.py
[2026-05-24T02:54:05.447+0000] {logging_mixin.py:188} INFO - [2026-05-24T02:54:05.446+0000] {dag.py:3096} INFO - Sync 1 DAGs
[2026-05-24T02:54:05.482+0000] {logging_mixin.py:188} INFO - [2026-05-24T02:54:05.481+0000] {dag.py:3954} INFO - Setting next_dagrun for shopee_pipeline to 2026-05-23 01:00:00+00:00, run_after=2026-05-24 01:00:00+00:00
[2026-05-24T02:54:05.516+0000] {processor.py:183} INFO - Processing /opt/airflow/dags/shopee_dag.py took 0.485 seconds
[2026-05-24T02:54:36.365+0000] {processor.py:161} INFO - Started process (PID=6355) to work on /opt/airflow/dags/shopee_dag.py
[2026-05-24T02:54:36.366+0000] {processor.py:830} INFO - Processing file /opt/airflow/dags/shopee_dag.py for tasks to queue
[2026-05-24T02:54:36.369+0000] {logging_mixin.py:188} INFO - [2026-05-24T02:54:36.368+0000] {dagbag.py:545} INFO - Filling up the DagBag from /opt/airflow/dags/shopee_dag.py
[2026-05-24T02:54:36.690+0000] {processor.py:840} INFO - DAG(s) 'shopee_pipeline' retrieved from /opt/airflow/dags/shopee_dag.py
[2026-05-24T02:54:36.728+0000] {logging_mixin.py:188} INFO - [2026-05-24T02:54:36.728+0000] {dag.py:3096} INFO - Sync 1 DAGs
[2026-05-24T02:54:36.754+0000] {logging_mixin.py:188} INFO - [2026-05-24T02:54:36.754+0000] {dag.py:3954} INFO - Setting next_dagrun for shopee_pipeline to 2026-05-23 01:00:00+00:00, run_after=2026-05-24 01:00:00+00:00
[2026-05-24T02:54:36.776+0000] {processor.py:183} INFO - Processing /opt/airflow/dags/shopee_dag.py took 0.421 seconds
[2026-05-24T02:55:07.154+0000] {processor.py:161} INFO - Started process (PID=6471) to work on /opt/airflow/dags/shopee_dag.py
[2026-05-24T02:55:07.155+0000] {processor.py:830} INFO - Processing file /opt/airflow/dags/shopee_dag.py for tasks to queue
[2026-05-24T02:55:07.159+0000] {logging_mixin.py:188} INFO - [2026-05-24T02:55:07.158+0000] {dagbag.py:545} INFO - Filling up the DagBag from /opt/airflow/dags/shopee_dag.py
[2026-05-24T02:55:07.571+0000] {processor.py:840} INFO - DAG(s) 'shopee_pipeline' retrieved from /opt/airflow/dags/shopee_dag.py
[2026-05-24T02:55:07.638+0000] {logging_mixin.py:188} INFO - [2026-05-24T02:55:07.637+0000] {dag.py:3096} INFO - Sync 1 DAGs
[2026-05-24T02:55:07.676+0000] {logging_mixin.py:188} INFO - [2026-05-24T02:55:07.675+0000] {dag.py:3954} INFO - Setting next_dagrun for shopee_pipeline to 2026-05-23 01:00:00+00:00, run_after=2026-05-24 01:00:00+00:00
[2026-05-24T02:55:07.886+0000] {processor.py:183} INFO - Processing /opt/airflow/dags/shopee_dag.py took 0.745 seconds
[2026-05-24T02:55:38.129+0000] {processor.py:161} INFO - Started process (PID=6485) to work on /opt/airflow/dags/shopee_dag.py
[2026-05-24T02:55:38.130+0000] {processor.py:830} INFO - Processing file /opt/airflow/dags/shopee_dag.py for tasks to queue
[2026-05-24T02:55:38.132+0000] {logging_mixin.py:188} INFO - [2026-05-24T02:55:38.132+0000] {dagbag.py:545} INFO - Filling up the DagBag from /opt/airflow/dags/shopee_dag.py
[2026-05-24T02:55:38.416+0000] {processor.py:840} INFO - DAG(s) 'shopee_pipeline' retrieved from /opt/airflow/dags/shopee_dag.py
[2026-05-24T02:55:38.451+0000] {logging_mixin.py:188} INFO - [2026-05-24T02:55:38.451+0000] {dag.py:3096} INFO - Sync 1 DAGs
[2026-05-24T02:55:38.483+0000] {logging_mixin.py:188} INFO - [2026-05-24T02:55:38.483+0000] {dag.py:3954} INFO - Setting next_dagrun for shopee_pipeline to 2026-05-23 01:00:00+00:00, run_after=2026-05-24 01:00:00+00:00
[2026-05-24T02:55:38.531+0000] {processor.py:183} INFO - Processing /opt/airflow/dags/shopee_dag.py took 0.412 seconds
[2026-05-24T02:56:08.605+0000] {processor.py:161} INFO - Started process (PID=6609) to work on /opt/airflow/dags/shopee_dag.py
[2026-05-24T02:56:08.606+0000] {processor.py:830} INFO - Processing file /opt/airflow/dags/shopee_dag.py for tasks to queue
[2026-05-24T02:56:08.608+0000] {logging_mixin.py:188} INFO - [2026-05-24T02:56:08.607+0000] {dagbag.py:545} INFO - Filling up the DagBag from /opt/airflow/dags/shopee_dag.py
[2026-05-24T02:56:08.914+0000] {processor.py:840} INFO - DAG(s) 'shopee_pipeline' retrieved from /opt/airflow/dags/shopee_dag.py
[2026-05-24T02:56:08.957+0000] {logging_mixin.py:188} INFO - [2026-05-24T02:56:08.957+0000] {dag.py:3096} INFO - Sync 1 DAGs
[2026-05-24T02:56:08.982+0000] {logging_mixin.py:188} INFO - [2026-05-24T02:56:08.981+0000] {dag.py:3954} INFO - Setting next_dagrun for shopee_pipeline to 2026-05-23 01:00:00+00:00, run_after=2026-05-24 01:00:00+00:00
[2026-05-24T02:56:09.031+0000] {processor.py:183} INFO - Processing /opt/airflow/dags/shopee_dag.py took 0.435 seconds
[2026-05-24T02:56:39.352+0000] {processor.py:161} INFO - Started process (PID=6730) to work on /opt/airflow/dags/shopee_dag.py
[2026-05-24T02:56:39.354+0000] {processor.py:830} INFO - Processing file /opt/airflow/dags/shopee_dag.py for tasks to queue
[2026-05-24T02:56:39.356+0000] {logging_mixin.py:188} INFO - [2026-05-24T02:56:39.355+0000] {dagbag.py:545} INFO - Filling up the DagBag from /opt/airflow/dags/shopee_dag.py
[2026-05-24T02:56:39.646+0000] {processor.py:840} INFO - DAG(s) 'shopee_pipeline' retrieved from /opt/airflow/dags/shopee_dag.py
[2026-05-24T02:56:39.683+0000] {logging_mixin.py:188} INFO - [2026-05-24T02:56:39.683+0000] {dag.py:3096} INFO - Sync 1 DAGs
[2026-05-24T02:56:39.712+0000] {logging_mixin.py:188} INFO - [2026-05-24T02:56:39.711+0000] {dag.py:3954} INFO - Setting next_dagrun for shopee_pipeline to 2026-05-23 01:00:00+00:00, run_after=2026-05-24 01:00:00+00:00
[2026-05-24T02:56:39.736+0000] {processor.py:183} INFO - Processing /opt/airflow/dags/shopee_dag.py took 0.391 seconds
[2026-05-24T02:57:10.231+0000] {processor.py:161} INFO - Started process (PID=6828) to work on /opt/airflow/dags/shopee_dag.py
[2026-05-24T02:57:10.233+0000] {processor.py:830} INFO - Processing file /opt/airflow/dags/shopee_dag.py for tasks to queue
[2026-05-24T02:57:10.237+0000] {logging_mixin.py:188} INFO - [2026-05-24T02:57:10.236+0000] {dagbag.py:545} INFO - Filling up the DagBag from /opt/airflow/dags/shopee_dag.py
[2026-05-24T02:57:10.582+0000] {processor.py:840} INFO - DAG(s) 'shopee_pipeline' retrieved from /opt/airflow/dags/shopee_dag.py
[2026-05-24T02:57:10.624+0000] {logging_mixin.py:188} INFO - [2026-05-24T02:57:10.624+0000] {dag.py:3096} INFO - Sync 1 DAGs
[2026-05-24T02:57:10.657+0000] {logging_mixin.py:188} INFO - [2026-05-24T02:57:10.656+0000] {dag.py:3954} INFO - Setting next_dagrun for shopee_pipeline to 2026-05-23 01:00:00+00:00, run_after=2026-05-24 01:00:00+00:00
[2026-05-24T02:57:10.689+0000] {processor.py:183} INFO - Processing /opt/airflow/dags/shopee_dag.py took 0.470 seconds
[2026-05-24T02:57:41.150+0000] {processor.py:161} INFO - Started process (PID=6861) to work on /opt/airflow/dags/shopee_dag.py
[2026-05-24T02:57:41.151+0000] {processor.py:830} INFO - Processing file /opt/airflow/dags/shopee_dag.py for tasks to queue
[2026-05-24T02:57:41.153+0000] {logging_mixin.py:188} INFO - [2026-05-24T02:57:41.153+0000] {dagbag.py:545} INFO - Filling up the DagBag from /opt/airflow/dags/shopee_dag.py
[2026-05-24T02:57:41.461+0000] {processor.py:840} INFO - DAG(s) 'shopee_pipeline' retrieved from /opt/airflow/dags/shopee_dag.py
[2026-05-24T02:57:41.500+0000] {logging_mixin.py:188} INFO - [2026-05-24T02:57:41.500+0000] {dag.py:3096} INFO - Sync 1 DAGs
[2026-05-24T02:57:41.530+0000] {logging_mixin.py:188} INFO - [2026-05-24T02:57:41.529+0000] {dag.py:3954} INFO - Setting next_dagrun for shopee_pipeline to 2026-05-23 01:00:00+00:00, run_after=2026-05-24 01:00:00+00:00
[2026-05-24T02:57:41.559+0000] {processor.py:183} INFO - Processing /opt/airflow/dags/shopee_dag.py took 0.418 seconds
[2026-05-24T02:58:11.992+0000] {processor.py:161} INFO - Started process (PID=6982) to work on /opt/airflow/dags/shopee_dag.py
[2026-05-24T02:58:11.995+0000] {processor.py:830} INFO - Processing file /opt/airflow/dags/shopee_dag.py for tasks to queue
[2026-05-24T02:58:12.000+0000] {logging_mixin.py:188} INFO - [2026-05-24T02:58:12.000+0000] {dagbag.py:545} INFO - Filling up the DagBag from /opt/airflow/dags/shopee_dag.py
[2026-05-24T02:58:12.327+0000] {processor.py:840} INFO - DAG(s) 'shopee_pipeline' retrieved from /opt/airflow/dags/shopee_dag.py
[2026-05-24T02:58:12.374+0000] {logging_mixin.py:188} INFO - [2026-05-24T02:58:12.374+0000] {dag.py:3096} INFO - Sync 1 DAGs
[2026-05-24T02:58:12.411+0000] {logging_mixin.py:188} INFO - [2026-05-24T02:58:12.411+0000] {dag.py:3954} INFO - Setting next_dagrun for shopee_pipeline to 2026-05-23 01:00:00+00:00, run_after=2026-05-24 01:00:00+00:00
[2026-05-24T02:58:12.443+0000] {processor.py:183} INFO - Processing /opt/airflow/dags/shopee_dag.py took 0.463 seconds
[2026-05-24T02:58:43.072+0000] {processor.py:161} INFO - Started process (PID=7100) to work on /opt/airflow/dags/shopee_dag.py
[2026-05-24T02:58:43.075+0000] {processor.py:830} INFO - Processing file /opt/airflow/dags/shopee_dag.py for tasks to queue
[2026-05-24T02:58:43.086+0000] {logging_mixin.py:188} INFO - [2026-05-24T02:58:43.082+0000] {dagbag.py:545} INFO - Filling up the DagBag from /opt/airflow/dags/shopee_dag.py
[2026-05-24T02:58:43.537+0000] {processor.py:840} INFO - DAG(s) 'shopee_pipeline' retrieved from /opt/airflow/dags/shopee_dag.py
[2026-05-24T02:58:43.641+0000] {logging_mixin.py:188} INFO - [2026-05-24T02:58:43.640+0000] {dag.py:3096} INFO - Sync 1 DAGs
[2026-05-24T02:58:43.728+0000] {logging_mixin.py:188} INFO - [2026-05-24T02:58:43.727+0000] {dag.py:3954} INFO - Setting next_dagrun for shopee_pipeline to 2026-05-23 01:00:00+00:00, run_after=2026-05-24 01:00:00+00:00
[2026-05-24T02:58:43.793+0000] {processor.py:183} INFO - Processing /opt/airflow/dags/shopee_dag.py took 0.762 seconds
[2026-05-24T02:59:14.542+0000] {processor.py:161} INFO - Started process (PID=7116) to work on /opt/airflow/dags/shopee_dag.py
[2026-05-24T02:59:14.544+0000] {processor.py:830} INFO - Processing file /opt/airflow/dags/shopee_dag.py for tasks to queue
[2026-05-24T02:59:14.547+0000] {logging_mixin.py:188} INFO - [2026-05-24T02:59:14.546+0000] {dagbag.py:545} INFO - Filling up the DagBag from /opt/airflow/dags/shopee_dag.py
[2026-05-24T02:59:14.752+0000] {processor.py:840} INFO - DAG(s) 'shopee_pipeline' retrieved from /opt/airflow/dags/shopee_dag.py
[2026-05-24T02:59:14.814+0000] {logging_mixin.py:188} INFO - [2026-05-24T02:59:14.813+0000] {dag.py:3096} INFO - Sync 1 DAGs
[2026-05-24T02:59:14.863+0000] {logging_mixin.py:188} INFO - [2026-05-24T02:59:14.862+0000] {dag.py:3954} INFO - Setting next_dagrun for shopee_pipeline to 2026-05-23 01:00:00+00:00, run_after=2026-05-24 01:00:00+00:00
[2026-05-24T02:59:14.908+0000] {processor.py:183} INFO - Processing /opt/airflow/dags/shopee_dag.py took 0.378 seconds
[2026-05-24T02:59:45.214+0000] {processor.py:161} INFO - Started process (PID=7238) to work on /opt/airflow/dags/shopee_dag.py
[2026-05-24T02:59:45.216+0000] {processor.py:830} INFO - Processing file /opt/airflow/dags/shopee_dag.py for tasks to queue
[2026-05-24T02:59:45.218+0000] {logging_mixin.py:188} INFO - [2026-05-24T02:59:45.218+0000] {dagbag.py:545} INFO - Filling up the DagBag from /opt/airflow/dags/shopee_dag.py
[2026-05-24T02:59:45.364+0000] {processor.py:840} INFO - DAG(s) 'shopee_pipeline' retrieved from /opt/airflow/dags/shopee_dag.py
[2026-05-24T02:59:45.420+0000] {logging_mixin.py:188} INFO - [2026-05-24T02:59:45.420+0000] {dag.py:3096} INFO - Sync 1 DAGs
[2026-05-24T02:59:45.466+0000] {logging_mixin.py:188} INFO - [2026-05-24T02:59:45.465+0000] {dag.py:3954} INFO - Setting next_dagrun for shopee_pipeline to 2026-05-23 01:00:00+00:00, run_after=2026-05-24 01:00:00+00:00
[2026-05-24T02:59:45.503+0000] {processor.py:183} INFO - Processing /opt/airflow/dags/shopee_dag.py took 0.297 seconds
[2026-05-24T03:00:15.790+0000] {processor.py:161} INFO - Started process (PID=7361) to work on /opt/airflow/dags/shopee_dag.py
[2026-05-24T03:00:15.791+0000] {processor.py:830} INFO - Processing file /opt/airflow/dags/shopee_dag.py for tasks to queue
[2026-05-24T03:00:15.794+0000] {logging_mixin.py:188} INFO - [2026-05-24T03:00:15.793+0000] {dagbag.py:545} INFO - Filling up the DagBag from /opt/airflow/dags/shopee_dag.py
[2026-05-24T03:00:15.954+0000] {processor.py:840} INFO - DAG(s) 'shopee_pipeline' retrieved from /opt/airflow/dags/shopee_dag.py
[2026-05-24T03:00:16.008+0000] {logging_mixin.py:188} INFO - [2026-05-24T03:00:16.008+0000] {dag.py:3096} INFO - Sync 1 DAGs
[2026-05-24T03:00:16.051+0000] {logging_mixin.py:188} INFO - [2026-05-24T03:00:16.050+0000] {dag.py:3954} INFO - Setting next_dagrun for shopee_pipeline to 2026-05-23 01:00:00+00:00, run_after=2026-05-24 01:00:00+00:00
[2026-05-24T03:00:16.095+0000] {processor.py:183} INFO - Processing /opt/airflow/dags/shopee_dag.py took 0.314 seconds
[2026-05-24T03:00:46.595+0000] {processor.py:161} INFO - Started process (PID=7457) to work on /opt/airflow/dags/shopee_dag.py
[2026-05-24T03:00:46.599+0000] {processor.py:830} INFO - Processing file /opt/airflow/dags/shopee_dag.py for tasks to queue
[2026-05-24T03:00:46.604+0000] {logging_mixin.py:188} INFO - [2026-05-24T03:00:46.603+0000] {dagbag.py:545} INFO - Filling up the DagBag from /opt/airflow/dags/shopee_dag.py
[2026-05-24T03:00:46.893+0000] {processor.py:840} INFO - DAG(s) 'shopee_pipeline' retrieved from /opt/airflow/dags/shopee_dag.py
[2026-05-24T03:00:47.042+0000] {logging_mixin.py:188} INFO - [2026-05-24T03:00:47.041+0000] {dag.py:3096} INFO - Sync 1 DAGs
[2026-05-24T03:00:47.116+0000] {logging_mixin.py:188} INFO - [2026-05-24T03:00:47.116+0000] {dag.py:3954} INFO - Setting next_dagrun for shopee_pipeline to 2026-05-23 01:00:00+00:00, run_after=2026-05-24 01:00:00+00:00
[2026-05-24T03:00:47.190+0000] {processor.py:183} INFO - Processing /opt/airflow/dags/shopee_dag.py took 0.613 seconds
[2026-05-24T03:01:17.625+0000] {processor.py:161} INFO - Started process (PID=7495) to work on /opt/airflow/dags/shopee_dag.py
[2026-05-24T03:01:17.626+0000] {processor.py:830} INFO - Processing file /opt/airflow/dags/shopee_dag.py for tasks to queue
[2026-05-24T03:01:17.628+0000] {logging_mixin.py:188} INFO - [2026-05-24T03:01:17.628+0000] {dagbag.py:545} INFO - Filling up the DagBag from /opt/airflow/dags/shopee_dag.py
[2026-05-24T03:01:17.757+0000] {processor.py:840} INFO - DAG(s) 'shopee_pipeline' retrieved from /opt/airflow/dags/shopee_dag.py
[2026-05-24T03:01:17.797+0000] {logging_mixin.py:188} INFO - [2026-05-24T03:01:17.797+0000] {dag.py:3096} INFO - Sync 1 DAGs
[2026-05-24T03:01:17.826+0000] {logging_mixin.py:188} INFO - [2026-05-24T03:01:17.826+0000] {dag.py:3954} INFO - Setting next_dagrun for shopee_pipeline to 2026-05-23 01:00:00+00:00, run_after=2026-05-24 01:00:00+00:00
[2026-05-24T03:01:17.852+0000] {processor.py:183} INFO - Processing /opt/airflow/dags/shopee_dag.py took 0.238 seconds
[2026-05-24T03:01:48.177+0000] {processor.py:161} INFO - Started process (PID=7603) to work on /opt/airflow/dags/shopee_dag.py
[2026-05-24T03:01:48.179+0000] {processor.py:830} INFO - Processing file /opt/airflow/dags/shopee_dag.py for tasks to queue
[2026-05-24T03:01:48.182+0000] {logging_mixin.py:188} INFO - [2026-05-24T03:01:48.181+0000] {dagbag.py:545} INFO - Filling up the DagBag from /opt/airflow/dags/shopee_dag.py
[2026-05-24T03:01:48.346+0000] {processor.py:840} INFO - DAG(s) 'shopee_pipeline' retrieved from /opt/airflow/dags/shopee_dag.py
[2026-05-24T03:01:48.390+0000] {logging_mixin.py:188} INFO - [2026-05-24T03:01:48.390+0000] {dag.py:3096} INFO - Sync 1 DAGs
[2026-05-24T03:01:48.425+0000] {logging_mixin.py:188} INFO - [2026-05-24T03:01:48.425+0000] {dag.py:3954} INFO - Setting next_dagrun for shopee_pipeline to 2026-05-23 01:00:00+00:00, run_after=2026-05-24 01:00:00+00:00
[2026-05-24T03:01:48.458+0000] {processor.py:183} INFO - Processing /opt/airflow/dags/shopee_dag.py took 0.296 seconds
[2026-05-24T03:02:18.886+0000] {processor.py:161} INFO - Started process (PID=7709) to work on /opt/airflow/dags/shopee_dag.py
[2026-05-24T03:02:18.888+0000] {processor.py:830} INFO - Processing file /opt/airflow/dags/shopee_dag.py for tasks to queue
[2026-05-24T03:02:18.890+0000] {logging_mixin.py:188} INFO - [2026-05-24T03:02:18.890+0000] {dagbag.py:545} INFO - Filling up the DagBag from /opt/airflow/dags/shopee_dag.py
[2026-05-24T03:02:19.064+0000] {processor.py:840} INFO - DAG(s) 'shopee_pipeline' retrieved from /opt/airflow/dags/shopee_dag.py
[2026-05-24T03:02:19.116+0000] {logging_mixin.py:188} INFO - [2026-05-24T03:02:19.115+0000] {dag.py:3096} INFO - Sync 1 DAGs
[2026-05-24T03:02:19.159+0000] {logging_mixin.py:188} INFO - [2026-05-24T03:02:19.159+0000] {dag.py:3954} INFO - Setting next_dagrun for shopee_pipeline to 2026-05-23 01:00:00+00:00, run_after=2026-05-24 01:00:00+00:00
[2026-05-24T03:02:19.200+0000] {processor.py:183} INFO - Processing /opt/airflow/dags/shopee_dag.py took 0.323 seconds
[2026-05-24T03:02:49.534+0000] {processor.py:161} INFO - Started process (PID=7809) to work on /opt/airflow/dags/shopee_dag.py
[2026-05-24T03:02:49.536+0000] {processor.py:830} INFO - Processing file /opt/airflow/dags/shopee_dag.py for tasks to queue
[2026-05-24T03:02:49.540+0000] {logging_mixin.py:188} INFO - [2026-05-24T03:02:49.539+0000] {dagbag.py:545} INFO - Filling up the DagBag from /opt/airflow/dags/shopee_dag.py
[2026-05-24T03:02:49.766+0000] {processor.py:840} INFO - DAG(s) 'shopee_pipeline' retrieved from /opt/airflow/dags/shopee_dag.py
[2026-05-24T03:02:49.834+0000] {logging_mixin.py:188} INFO - [2026-05-24T03:02:49.833+0000] {dag.py:3096} INFO - Sync 1 DAGs
[2026-05-24T03:02:49.882+0000] {logging_mixin.py:188} INFO - [2026-05-24T03:02:49.882+0000] {dag.py:3954} INFO - Setting next_dagrun for shopee_pipeline to 2026-05-23 01:00:00+00:00, run_after=2026-05-24 01:00:00+00:00
[2026-05-24T03:02:49.923+0000] {processor.py:183} INFO - Processing /opt/airflow/dags/shopee_dag.py took 0.413 seconds
[2026-05-24T03:03:20.846+0000] {processor.py:161} INFO - Started process (PID=7842) to work on /opt/airflow/dags/shopee_dag.py
[2026-05-24T03:03:20.848+0000] {processor.py:830} INFO - Processing file /opt/airflow/dags/shopee_dag.py for tasks to queue
[2026-05-24T03:03:20.851+0000] {logging_mixin.py:188} INFO - [2026-05-24T03:03:20.851+0000] {dagbag.py:545} INFO - Filling up the DagBag from /opt/airflow/dags/shopee_dag.py
[2026-05-24T03:03:21.028+0000] {processor.py:840} INFO - DAG(s) 'shopee_pipeline' retrieved from /opt/airflow/dags/shopee_dag.py
[2026-05-24T03:03:21.074+0000] {logging_mixin.py:188} INFO - [2026-05-24T03:03:21.073+0000] {dag.py:3096} INFO - Sync 1 DAGs
[2026-05-24T03:03:21.110+0000] {logging_mixin.py:188} INFO - [2026-05-24T03:03:21.109+0000] {dag.py:3954} INFO - Setting next_dagrun for shopee_pipeline to 2026-05-23 01:00:00+00:00, run_after=2026-05-24 01:00:00+00:00
[2026-05-24T03:03:21.141+0000] {processor.py:183} INFO - Processing /opt/airflow/dags/shopee_dag.py took 0.309 seconds
[2026-05-24T03:03:51.907+0000] {processor.py:161} INFO - Started process (PID=7964) to work on /opt/airflow/dags/shopee_dag.py
[2026-05-24T03:03:51.909+0000] {processor.py:830} INFO - Processing file /opt/airflow/dags/shopee_dag.py for tasks to queue
[2026-05-24T03:03:51.913+0000] {logging_mixin.py:188} INFO - [2026-05-24T03:03:51.912+0000] {dagbag.py:545} INFO - Filling up the DagBag from /opt/airflow/dags/shopee_dag.py
[2026-05-24T03:03:52.168+0000] {processor.py:840} INFO - DAG(s) 'shopee_pipeline' retrieved from /opt/airflow/dags/shopee_dag.py
[2026-05-24T03:03:52.288+0000] {logging_mixin.py:188} INFO - [2026-05-24T03:03:52.287+0000] {dag.py:3096} INFO - Sync 1 DAGs
[2026-05-24T03:03:52.394+0000] {logging_mixin.py:188} INFO - [2026-05-24T03:03:52.393+0000] {dag.py:3954} INFO - Setting next_dagrun for shopee_pipeline to 2026-05-23 01:00:00+00:00, run_after=2026-05-24 01:00:00+00:00
[2026-05-24T03:03:52.465+0000] {processor.py:183} INFO - Processing /opt/airflow/dags/shopee_dag.py took 0.571 seconds
[2026-05-24T03:04:22.881+0000] {processor.py:161} INFO - Started process (PID=8086) to work on /opt/airflow/dags/shopee_dag.py
[2026-05-24T03:04:22.883+0000] {processor.py:830} INFO - Processing file /opt/airflow/dags/shopee_dag.py for tasks to queue
[2026-05-24T03:04:22.887+0000] {logging_mixin.py:188} INFO - [2026-05-24T03:04:22.887+0000] {dagbag.py:545} INFO - Filling up the DagBag from /opt/airflow/dags/shopee_dag.py
[2026-05-24T03:04:23.041+0000] {processor.py:840} INFO - DAG(s) 'shopee_pipeline' retrieved from /opt/airflow/dags/shopee_dag.py
[2026-05-24T03:04:23.094+0000] {logging_mixin.py:188} INFO - [2026-05-24T03:04:23.093+0000] {dag.py:3096} INFO - Sync 1 DAGs
[2026-05-24T03:04:23.137+0000] {logging_mixin.py:188} INFO - [2026-05-24T03:04:23.137+0000] {dag.py:3954} INFO - Setting next_dagrun for shopee_pipeline to 2026-05-23 01:00:00+00:00, run_after=2026-05-24 01:00:00+00:00
[2026-05-24T03:04:23.173+0000] {processor.py:183} INFO - Processing /opt/airflow/dags/shopee_dag.py took 0.302 seconds
[2026-05-24T03:04:53.511+0000] {processor.py:161} INFO - Started process (PID=8182) to work on /opt/airflow/dags/shopee_dag.py
[2026-05-24T03:04:53.513+0000] {processor.py:830} INFO - Processing file /opt/airflow/dags/shopee_dag.py for tasks to queue
[2026-05-24T03:04:53.518+0000] {logging_mixin.py:188} INFO - [2026-05-24T03:04:53.517+0000] {dagbag.py:545} INFO - Filling up the DagBag from /opt/airflow/dags/shopee_dag.py
[2026-05-24T03:04:53.717+0000] {processor.py:840} INFO - DAG(s) 'shopee_pipeline' retrieved from /opt/airflow/dags/shopee_dag.py
[2026-05-24T03:04:53.776+0000] {logging_mixin.py:188} INFO - [2026-05-24T03:04:53.775+0000] {dag.py:3096} INFO - Sync 1 DAGs
[2026-05-24T03:04:53.821+0000] {logging_mixin.py:188} INFO - [2026-05-24T03:04:53.821+0000] {dag.py:3954} INFO - Setting next_dagrun for shopee_pipeline to 2026-05-23 01:00:00+00:00, run_after=2026-05-24 01:00:00+00:00
[2026-05-24T03:04:53.865+0000] {processor.py:183} INFO - Processing /opt/airflow/dags/shopee_dag.py took 0.366 seconds
[2026-05-24T03:05:24.230+0000] {processor.py:161} INFO - Started process (PID=8218) to work on /opt/airflow/dags/shopee_dag.py
[2026-05-24T03:05:24.232+0000] {processor.py:830} INFO - Processing file /opt/airflow/dags/shopee_dag.py for tasks to queue
[2026-05-24T03:05:24.235+0000] {logging_mixin.py:188} INFO - [2026-05-24T03:05:24.235+0000] {dagbag.py:545} INFO - Filling up the DagBag from /opt/airflow/dags/shopee_dag.py
[2026-05-24T03:05:24.411+0000] {processor.py:840} INFO - DAG(s) 'shopee_pipeline' retrieved from /opt/airflow/dags/shopee_dag.py
[2026-05-24T03:05:24.504+0000] {logging_mixin.py:188} INFO - [2026-05-24T03:05:24.503+0000] {dag.py:3096} INFO - Sync 1 DAGs
[2026-05-24T03:05:24.572+0000] {logging_mixin.py:188} INFO - [2026-05-24T03:05:24.572+0000] {dag.py:3954} INFO - Setting next_dagrun for shopee_pipeline to 2026-05-23 01:00:00+00:00, run_after=2026-05-24 01:00:00+00:00
[2026-05-24T03:05:24.640+0000] {processor.py:183} INFO - Processing /opt/airflow/dags/shopee_dag.py took 0.422 seconds
[2026-05-24T03:05:55.386+0000] {processor.py:161} INFO - Started process (PID=8339) to work on /opt/airflow/dags/shopee_dag.py
[2026-05-24T03:05:55.387+0000] {processor.py:830} INFO - Processing file /opt/airflow/dags/shopee_dag.py for tasks to queue
[2026-05-24T03:05:55.388+0000] {logging_mixin.py:188} INFO - [2026-05-24T03:05:55.388+0000] {dagbag.py:545} INFO - Filling up the DagBag from /opt/airflow/dags/shopee_dag.py
[2026-05-24T03:05:55.530+0000] {processor.py:840} INFO - DAG(s) 'shopee_pipeline' retrieved from /opt/airflow/dags/shopee_dag.py
[2026-05-24T03:05:55.585+0000] {logging_mixin.py:188} INFO - [2026-05-24T03:05:55.584+0000] {dag.py:3096} INFO - Sync 1 DAGs
[2026-05-24T03:05:55.618+0000] {logging_mixin.py:188} INFO - [2026-05-24T03:05:55.617+0000] {dag.py:3954} INFO - Setting next_dagrun for shopee_pipeline to 2026-05-23 01:00:00+00:00, run_after=2026-05-24 01:00:00+00:00
[2026-05-24T03:05:55.647+0000] {processor.py:183} INFO - Processing /opt/airflow/dags/shopee_dag.py took 0.268 seconds
[2026-05-24T03:06:25.972+0000] {processor.py:161} INFO - Started process (PID=8463) to work on /opt/airflow/dags/shopee_dag.py
[2026-05-24T03:06:25.974+0000] {processor.py:830} INFO - Processing file /opt/airflow/dags/shopee_dag.py for tasks to queue
[2026-05-24T03:06:25.976+0000] {logging_mixin.py:188} INFO - [2026-05-24T03:06:25.976+0000] {dagbag.py:545} INFO - Filling up the DagBag from /opt/airflow/dags/shopee_dag.py
[2026-05-24T03:06:26.178+0000] {processor.py:840} INFO - DAG(s) 'shopee_pipeline' retrieved from /opt/airflow/dags/shopee_dag.py
[2026-05-24T03:06:26.228+0000] {logging_mixin.py:188} INFO - [2026-05-24T03:06:26.228+0000] {dag.py:3096} INFO - Sync 1 DAGs
[2026-05-24T03:06:26.273+0000] {logging_mixin.py:188} INFO - [2026-05-24T03:06:26.273+0000] {dag.py:3954} INFO - Setting next_dagrun for shopee_pipeline to 2026-05-23 01:00:00+00:00, run_after=2026-05-24 01:00:00+00:00
[2026-05-24T03:06:26.307+0000] {processor.py:183} INFO - Processing /opt/airflow/dags/shopee_dag.py took 0.347 seconds
[2026-05-24T03:06:56.713+0000] {processor.py:161} INFO - Started process (PID=8548) to work on /opt/airflow/dags/shopee_dag.py
[2026-05-24T03:06:56.714+0000] {processor.py:830} INFO - Processing file /opt/airflow/dags/shopee_dag.py for tasks to queue
[2026-05-24T03:06:56.716+0000] {logging_mixin.py:188} INFO - [2026-05-24T03:06:56.716+0000] {dagbag.py:545} INFO - Filling up the DagBag from /opt/airflow/dags/shopee_dag.py
[2026-05-24T03:06:56.845+0000] {processor.py:840} INFO - DAG(s) 'shopee_pipeline' retrieved from /opt/airflow/dags/shopee_dag.py
[2026-05-24T03:06:56.881+0000] {logging_mixin.py:188} INFO - [2026-05-24T03:06:56.881+0000] {dag.py:3096} INFO - Sync 1 DAGs
[2026-05-24T03:06:56.910+0000] {logging_mixin.py:188} INFO - [2026-05-24T03:06:56.910+0000] {dag.py:3954} INFO - Setting next_dagrun for shopee_pipeline to 2026-05-23 01:00:00+00:00, run_after=2026-05-24 01:00:00+00:00
[2026-05-24T03:06:56.942+0000] {processor.py:183} INFO - Processing /opt/airflow/dags/shopee_dag.py took 0.238 seconds
[2026-05-24T03:07:27.559+0000] {processor.py:161} INFO - Started process (PID=8593) to work on /opt/airflow/dags/shopee_dag.py
[2026-05-24T03:07:27.560+0000] {processor.py:830} INFO - Processing file /opt/airflow/dags/shopee_dag.py for tasks to queue
[2026-05-24T03:07:27.563+0000] {logging_mixin.py:188} INFO - [2026-05-24T03:07:27.562+0000] {dagbag.py:545} INFO - Filling up the DagBag from /opt/airflow/dags/shopee_dag.py
[2026-05-24T03:07:27.775+0000] {processor.py:840} INFO - DAG(s) 'shopee_pipeline' retrieved from /opt/airflow/dags/shopee_dag.py
[2026-05-24T03:07:27.825+0000] {logging_mixin.py:188} INFO - [2026-05-24T03:07:27.824+0000] {dag.py:3096} INFO - Sync 1 DAGs
[2026-05-24T03:07:27.878+0000] {logging_mixin.py:188} INFO - [2026-05-24T03:07:27.878+0000] {dag.py:3954} INFO - Setting next_dagrun for shopee_pipeline to 2026-05-23 01:00:00+00:00, run_after=2026-05-24 01:00:00+00:00
[2026-05-24T03:07:27.925+0000] {processor.py:183} INFO - Processing /opt/airflow/dags/shopee_dag.py took 0.373 seconds
[2026-05-24T03:07:58.374+0000] {processor.py:161} INFO - Started process (PID=8713) to work on /opt/airflow/dags/shopee_dag.py
[2026-05-24T03:07:58.377+0000] {processor.py:830} INFO - Processing file /opt/airflow/dags/shopee_dag.py for tasks to queue
[2026-05-24T03:07:58.385+0000] {logging_mixin.py:188} INFO - [2026-05-24T03:07:58.384+0000] {dagbag.py:545} INFO - Filling up the DagBag from /opt/airflow/dags/shopee_dag.py
[2026-05-24T03:07:58.630+0000] {processor.py:840} INFO - DAG(s) 'shopee_pipeline' retrieved from /opt/airflow/dags/shopee_dag.py
[2026-05-24T03:07:58.714+0000] {logging_mixin.py:188} INFO - [2026-05-24T03:07:58.714+0000] {dag.py:3096} INFO - Sync 1 DAGs
[2026-05-24T03:07:58.783+0000] {logging_mixin.py:188} INFO - [2026-05-24T03:07:58.782+0000] {dag.py:3954} INFO - Setting next_dagrun for shopee_pipeline to 2026-05-23 01:00:00+00:00, run_after=2026-05-24 01:00:00+00:00
[2026-05-24T03:07:58.841+0000] {processor.py:183} INFO - Processing /opt/airflow/dags/shopee_dag.py took 0.485 seconds
[2026-05-24T03:08:29.127+0000] {processor.py:161} INFO - Started process (PID=8813) to work on /opt/airflow/dags/shopee_dag.py
[2026-05-24T03:08:29.130+0000] {processor.py:830} INFO - Processing file /opt/airflow/dags/shopee_dag.py for tasks to queue
[2026-05-24T03:08:29.134+0000] {logging_mixin.py:188} INFO - [2026-05-24T03:08:29.134+0000] {dagbag.py:545} INFO - Filling up the DagBag from /opt/airflow/dags/shopee_dag.py
[2026-05-24T03:08:29.363+0000] {processor.py:840} INFO - DAG(s) 'shopee_pipeline' retrieved from /opt/airflow/dags/shopee_dag.py
[2026-05-24T03:08:29.440+0000] {logging_mixin.py:188} INFO - [2026-05-24T03:08:29.440+0000] {dag.py:3096} INFO - Sync 1 DAGs
[2026-05-24T03:08:29.490+0000] {logging_mixin.py:188} INFO - [2026-05-24T03:08:29.490+0000] {dag.py:3954} INFO - Setting next_dagrun for shopee_pipeline to 2026-05-23 01:00:00+00:00, run_after=2026-05-24 01:00:00+00:00
[2026-05-24T03:08:29.531+0000] {processor.py:183} INFO - Processing /opt/airflow/dags/shopee_dag.py took 0.419 seconds
[2026-05-24T06:21:54.669+0000] {processor.py:161} INFO - Started process (PID=8854) to work on /opt/airflow/dags/shopee_dag.py
[2026-05-24T06:21:54.676+0000] {processor.py:830} INFO - Processing file /opt/airflow/dags/shopee_dag.py for tasks to queue
[2026-05-24T06:21:54.708+0000] {logging_mixin.py:188} INFO - [2026-05-24T06:21:54.705+0000] {dagbag.py:545} INFO - Filling up the DagBag from /opt/airflow/dags/shopee_dag.py
[2026-05-24T06:21:55.457+0000] {processor.py:840} INFO - DAG(s) 'shopee_pipeline' retrieved from /opt/airflow/dags/shopee_dag.py
[2026-05-24T06:21:55.669+0000] {logging_mixin.py:188} INFO - [2026-05-24T06:21:55.669+0000] {dag.py:3096} INFO - Sync 1 DAGs
[2026-05-24T06:21:55.795+0000] {logging_mixin.py:188} INFO - [2026-05-24T06:21:55.794+0000] {dag.py:3954} INFO - Setting next_dagrun for shopee_pipeline to 2026-05-23 01:00:00+00:00, run_after=2026-05-24 01:00:00+00:00
[2026-05-24T06:21:55.853+0000] {processor.py:183} INFO - Processing /opt/airflow/dags/shopee_dag.py took 1.589 seconds
[2026-05-24T06:22:26.529+0000] {processor.py:161} INFO - Started process (PID=8965) to work on /opt/airflow/dags/shopee_dag.py
[2026-05-24T06:22:26.533+0000] {processor.py:830} INFO - Processing file /opt/airflow/dags/shopee_dag.py for tasks to queue
[2026-05-24T06:22:26.557+0000] {logging_mixin.py:188} INFO - [2026-05-24T06:22:26.554+0000] {dagbag.py:545} INFO - Filling up the DagBag from /opt/airflow/dags/shopee_dag.py
[2026-05-24T06:22:27.103+0000] {processor.py:840} INFO - DAG(s) 'shopee_pipeline' retrieved from /opt/airflow/dags/shopee_dag.py
[2026-05-24T06:22:27.254+0000] {logging_mixin.py:188} INFO - [2026-05-24T06:22:27.254+0000] {dag.py:3096} INFO - Sync 1 DAGs
[2026-05-24T06:22:27.405+0000] {logging_mixin.py:188} INFO - [2026-05-24T06:22:27.405+0000] {dag.py:3954} INFO - Setting next_dagrun for shopee_pipeline to 2026-05-23 01:00:00+00:00, run_after=2026-05-24 01:00:00+00:00
[2026-05-24T06:22:27.490+0000] {processor.py:183} INFO - Processing /opt/airflow/dags/shopee_dag.py took 1.035 seconds
[2026-05-24T06:22:57.596+0000] {processor.py:161} INFO - Started process (PID=9052) to work on /opt/airflow/dags/shopee_dag.py
[2026-05-24T06:22:57.600+0000] {processor.py:830} INFO - Processing file /opt/airflow/dags/shopee_dag.py for tasks to queue
[2026-05-24T06:22:57.605+0000] {logging_mixin.py:188} INFO - [2026-05-24T06:22:57.604+0000] {dagbag.py:545} INFO - Filling up the DagBag from /opt/airflow/dags/shopee_dag.py
[2026-05-24T06:22:57.775+0000] {processor.py:840} INFO - DAG(s) 'shopee_pipeline' retrieved from /opt/airflow/dags/shopee_dag.py
[2026-05-24T06:22:57.823+0000] {logging_mixin.py:188} INFO - [2026-05-24T06:22:57.823+0000] {dag.py:3096} INFO - Sync 1 DAGs
[2026-05-24T06:22:57.859+0000] {logging_mixin.py:188} INFO - [2026-05-24T06:22:57.859+0000] {dag.py:3954} INFO - Setting next_dagrun for shopee_pipeline to 2026-05-23 01:00:00+00:00, run_after=2026-05-24 01:00:00+00:00
[2026-05-24T06:22:57.893+0000] {processor.py:183} INFO - Processing /opt/airflow/dags/shopee_dag.py took 0.323 seconds
[2026-05-24T06:23:27.960+0000] {processor.py:161} INFO - Started process (PID=9094) to work on /opt/airflow/dags/shopee_dag.py
[2026-05-24T06:23:27.962+0000] {processor.py:830} INFO - Processing file /opt/airflow/dags/shopee_dag.py for tasks to queue
[2026-05-24T06:23:27.967+0000] {logging_mixin.py:188} INFO - [2026-05-24T06:23:27.965+0000] {dagbag.py:545} INFO - Filling up the DagBag from /opt/airflow/dags/shopee_dag.py
[2026-05-24T06:23:28.160+0000] {processor.py:840} INFO - DAG(s) 'shopee_pipeline' retrieved from /opt/airflow/dags/shopee_dag.py
[2026-05-24T06:23:28.201+0000] {logging_mixin.py:188} INFO - [2026-05-24T06:23:28.200+0000] {dag.py:3096} INFO - Sync 1 DAGs
[2026-05-24T06:23:28.231+0000] {logging_mixin.py:188} INFO - [2026-05-24T06:23:28.231+0000] {dag.py:3954} INFO - Setting next_dagrun for shopee_pipeline to 2026-05-23 01:00:00+00:00, run_after=2026-05-24 01:00:00+00:00
[2026-05-24T06:23:28.285+0000] {processor.py:183} INFO - Processing /opt/airflow/dags/shopee_dag.py took 0.336 seconds
[2026-05-24T06:23:58.614+0000] {processor.py:161} INFO - Started process (PID=9181) to work on /opt/airflow/dags/shopee_dag.py
[2026-05-24T06:23:58.616+0000] {processor.py:830} INFO - Processing file /opt/airflow/dags/shopee_dag.py for tasks to queue
[2026-05-24T06:23:58.619+0000] {logging_mixin.py:188} INFO - [2026-05-24T06:23:58.618+0000] {dagbag.py:545} INFO - Filling up the DagBag from /opt/airflow/dags/shopee_dag.py
[2026-05-24T06:23:58.750+0000] {processor.py:840} INFO - DAG(s) 'shopee_pipeline' retrieved from /opt/airflow/dags/shopee_dag.py
[2026-05-24T06:23:58.791+0000] {logging_mixin.py:188} INFO - [2026-05-24T06:23:58.791+0000] {dag.py:3096} INFO - Sync 1 DAGs
[2026-05-24T06:23:58.820+0000] {logging_mixin.py:188} INFO - [2026-05-24T06:23:58.820+0000] {dag.py:3954} INFO - Setting next_dagrun for shopee_pipeline to 2026-05-23 01:00:00+00:00, run_after=2026-05-24 01:00:00+00:00
[2026-05-24T06:23:58.848+0000] {processor.py:183} INFO - Processing /opt/airflow/dags/shopee_dag.py took 0.244 seconds
[2026-05-24T06:24:29.352+0000] {processor.py:161} INFO - Started process (PID=9193) to work on /opt/airflow/dags/shopee_dag.py
[2026-05-24T06:24:29.353+0000] {processor.py:830} INFO - Processing file /opt/airflow/dags/shopee_dag.py for tasks to queue
[2026-05-24T06:24:29.356+0000] {logging_mixin.py:188} INFO - [2026-05-24T06:24:29.355+0000] {dagbag.py:545} INFO - Filling up the DagBag from /opt/airflow/dags/shopee_dag.py
[2026-05-24T06:24:29.527+0000] {processor.py:840} INFO - DAG(s) 'shopee_pipeline' retrieved from /opt/airflow/dags/shopee_dag.py
[2026-05-24T06:24:29.577+0000] {logging_mixin.py:188} INFO - [2026-05-24T06:24:29.577+0000] {dag.py:3096} INFO - Sync 1 DAGs
[2026-05-24T06:24:29.617+0000] {logging_mixin.py:188} INFO - [2026-05-24T06:24:29.616+0000] {dag.py:3954} INFO - Setting next_dagrun for shopee_pipeline to 2026-05-23 01:00:00+00:00, run_after=2026-05-24 01:00:00+00:00
[2026-05-24T06:24:29.651+0000] {processor.py:183} INFO - Processing /opt/airflow/dags/shopee_dag.py took 0.308 seconds
[2026-05-24T06:24:59.941+0000] {processor.py:161} INFO - Started process (PID=9314) to work on /opt/airflow/dags/shopee_dag.py
[2026-05-24T06:24:59.942+0000] {processor.py:830} INFO - Processing file /opt/airflow/dags/shopee_dag.py for tasks to queue
[2026-05-24T06:24:59.944+0000] {logging_mixin.py:188} INFO - [2026-05-24T06:24:59.944+0000] {dagbag.py:545} INFO - Filling up the DagBag from /opt/airflow/dags/shopee_dag.py
[2026-05-24T06:25:00.078+0000] {processor.py:840} INFO - DAG(s) 'shopee_pipeline' retrieved from /opt/airflow/dags/shopee_dag.py
[2026-05-24T06:25:00.126+0000] {logging_mixin.py:188} INFO - [2026-05-24T06:25:00.126+0000] {dag.py:3096} INFO - Sync 1 DAGs
[2026-05-24T06:25:00.161+0000] {logging_mixin.py:188} INFO - [2026-05-24T06:25:00.160+0000] {dag.py:3954} INFO - Setting next_dagrun for shopee_pipeline to 2026-05-23 01:00:00+00:00, run_after=2026-05-24 01:00:00+00:00
[2026-05-24T06:25:00.193+0000] {processor.py:183} INFO - Processing /opt/airflow/dags/shopee_dag.py took 0.262 seconds
[2026-05-24T06:25:30.502+0000] {processor.py:161} INFO - Started process (PID=9438) to work on /opt/airflow/dags/shopee_dag.py
[2026-05-24T06:25:30.503+0000] {processor.py:830} INFO - Processing file /opt/airflow/dags/shopee_dag.py for tasks to queue
[2026-05-24T06:25:30.506+0000] {logging_mixin.py:188} INFO - [2026-05-24T06:25:30.505+0000] {dagbag.py:545} INFO - Filling up the DagBag from /opt/airflow/dags/shopee_dag.py
[2026-05-24T06:25:30.653+0000] {processor.py:840} INFO - DAG(s) 'shopee_pipeline' retrieved from /opt/airflow/dags/shopee_dag.py
[2026-05-24T06:25:30.696+0000] {logging_mixin.py:188} INFO - [2026-05-24T06:25:30.696+0000] {dag.py:3096} INFO - Sync 1 DAGs
[2026-05-24T06:25:30.728+0000] {logging_mixin.py:188} INFO - [2026-05-24T06:25:30.727+0000] {dag.py:3954} INFO - Setting next_dagrun for shopee_pipeline to 2026-05-23 01:00:00+00:00, run_after=2026-05-24 01:00:00+00:00
[2026-05-24T06:25:30.760+0000] {processor.py:183} INFO - Processing /opt/airflow/dags/shopee_dag.py took 0.270 seconds
[2026-05-24T06:26:01.048+0000] {processor.py:161} INFO - Started process (PID=9525) to work on /opt/airflow/dags/shopee_dag.py
[2026-05-24T06:26:01.050+0000] {processor.py:830} INFO - Processing file /opt/airflow/dags/shopee_dag.py for tasks to queue
[2026-05-24T06:26:01.052+0000] {logging_mixin.py:188} INFO - [2026-05-24T06:26:01.052+0000] {dagbag.py:545} INFO - Filling up the DagBag from /opt/airflow/dags/shopee_dag.py
[2026-05-24T06:26:01.253+0000] {processor.py:840} INFO - DAG(s) 'shopee_pipeline' retrieved from /opt/airflow/dags/shopee_dag.py
[2026-05-24T06:26:01.320+0000] {logging_mixin.py:188} INFO - [2026-05-24T06:26:01.319+0000] {dag.py:3096} INFO - Sync 1 DAGs
[2026-05-24T06:26:01.368+0000] {logging_mixin.py:188} INFO - [2026-05-24T06:26:01.368+0000] {dag.py:3954} INFO - Setting next_dagrun for shopee_pipeline to 2026-05-23 01:00:00+00:00, run_after=2026-05-24 01:00:00+00:00
[2026-05-24T06:26:01.418+0000] {processor.py:183} INFO - Processing /opt/airflow/dags/shopee_dag.py took 0.381 seconds
[2026-05-24T06:26:31.786+0000] {processor.py:161} INFO - Started process (PID=9567) to work on /opt/airflow/dags/shopee_dag.py
[2026-05-24T06:26:31.788+0000] {processor.py:830} INFO - Processing file /opt/airflow/dags/shopee_dag.py for tasks to queue
[2026-05-24T06:26:31.791+0000] {logging_mixin.py:188} INFO - [2026-05-24T06:26:31.790+0000] {dagbag.py:545} INFO - Filling up the DagBag from /opt/airflow/dags/shopee_dag.py
[2026-05-24T06:26:31.958+0000] {processor.py:840} INFO - DAG(s) 'shopee_pipeline' retrieved from /opt/airflow/dags/shopee_dag.py
[2026-05-24T06:26:32.005+0000] {logging_mixin.py:188} INFO - [2026-05-24T06:26:32.005+0000] {dag.py:3096} INFO - Sync 1 DAGs
[2026-05-24T06:26:32.041+0000] {logging_mixin.py:188} INFO - [2026-05-24T06:26:32.041+0000] {dag.py:3954} INFO - Setting next_dagrun for shopee_pipeline to 2026-05-23 01:00:00+00:00, run_after=2026-05-24 01:00:00+00:00
[2026-05-24T06:26:32.076+0000] {processor.py:183} INFO - Processing /opt/airflow/dags/shopee_dag.py took 0.302 seconds
[2026-05-24T06:27:02.490+0000] {processor.py:161} INFO - Started process (PID=9688) to work on /opt/airflow/dags/shopee_dag.py
[2026-05-24T06:27:02.494+0000] {processor.py:830} INFO - Processing file /opt/airflow/dags/shopee_dag.py for tasks to queue
[2026-05-24T06:27:02.506+0000] {logging_mixin.py:188} INFO - [2026-05-24T06:27:02.505+0000] {dagbag.py:545} INFO - Filling up the DagBag from /opt/airflow/dags/shopee_dag.py
[2026-05-24T06:27:02.710+0000] {processor.py:840} INFO - DAG(s) 'shopee_pipeline' retrieved from /opt/airflow/dags/shopee_dag.py
[2026-05-24T06:27:02.809+0000] {logging_mixin.py:188} INFO - [2026-05-24T06:27:02.808+0000] {dag.py:3096} INFO - Sync 1 DAGs
[2026-05-24T06:27:02.869+0000] {logging_mixin.py:188} INFO - [2026-05-24T06:27:02.869+0000] {dag.py:3954} INFO - Setting next_dagrun for shopee_pipeline to 2026-05-23 01:00:00+00:00, run_after=2026-05-24 01:00:00+00:00
[2026-05-24T06:27:02.905+0000] {processor.py:183} INFO - Processing /opt/airflow/dags/shopee_dag.py took 0.424 seconds
[2026-05-24T06:27:33.219+0000] {processor.py:161} INFO - Started process (PID=9701) to work on /opt/airflow/dags/shopee_dag.py
[2026-05-24T06:27:33.221+0000] {processor.py:830} INFO - Processing file /opt/airflow/dags/shopee_dag.py for tasks to queue
[2026-05-24T06:27:33.222+0000] {logging_mixin.py:188} INFO - [2026-05-24T06:27:33.222+0000] {dagbag.py:545} INFO - Filling up the DagBag from /opt/airflow/dags/shopee_dag.py
[2026-05-24T06:27:33.341+0000] {processor.py:840} INFO - DAG(s) 'shopee_pipeline' retrieved from /opt/airflow/dags/shopee_dag.py
[2026-05-24T06:27:33.386+0000] {logging_mixin.py:188} INFO - [2026-05-24T06:27:33.386+0000] {dag.py:3096} INFO - Sync 1 DAGs
[2026-05-24T06:27:33.423+0000] {logging_mixin.py:188} INFO - [2026-05-24T06:27:33.423+0000] {dag.py:3954} INFO - Setting next_dagrun for shopee_pipeline to 2026-05-23 01:00:00+00:00, run_after=2026-05-24 01:00:00+00:00
[2026-05-24T06:27:33.463+0000] {processor.py:183} INFO - Processing /opt/airflow/dags/shopee_dag.py took 0.251 seconds
[2026-05-24T06:28:03.838+0000] {processor.py:161} INFO - Started process (PID=9789) to work on /opt/airflow/dags/shopee_dag.py
[2026-05-24T06:28:03.842+0000] {processor.py:830} INFO - Processing file /opt/airflow/dags/shopee_dag.py for tasks to queue
[2026-05-24T06:28:03.846+0000] {logging_mixin.py:188} INFO - [2026-05-24T06:28:03.845+0000] {dagbag.py:545} INFO - Filling up the DagBag from /opt/airflow/dags/shopee_dag.py
[2026-05-24T06:28:04.020+0000] {processor.py:840} INFO - DAG(s) 'shopee_pipeline' retrieved from /opt/airflow/dags/shopee_dag.py
[2026-05-24T06:28:04.068+0000] {logging_mixin.py:188} INFO - [2026-05-24T06:28:04.068+0000] {dag.py:3096} INFO - Sync 1 DAGs
[2026-05-24T06:28:04.108+0000] {logging_mixin.py:188} INFO - [2026-05-24T06:28:04.107+0000] {dag.py:3954} INFO - Setting next_dagrun for shopee_pipeline to 2026-05-23 01:00:00+00:00, run_after=2026-05-24 01:00:00+00:00
[2026-05-24T06:28:04.141+0000] {processor.py:183} INFO - Processing /opt/airflow/dags/shopee_dag.py took 0.320 seconds
[2026-05-24T06:28:34.814+0000] {processor.py:161} INFO - Started process (PID=9801) to work on /opt/airflow/dags/shopee_dag.py
[2026-05-24T06:28:34.816+0000] {processor.py:830} INFO - Processing file /opt/airflow/dags/shopee_dag.py for tasks to queue
[2026-05-24T06:28:34.823+0000] {logging_mixin.py:188} INFO - [2026-05-24T06:28:34.822+0000] {dagbag.py:545} INFO - Filling up the DagBag from /opt/airflow/dags/shopee_dag.py
[2026-05-24T06:28:35.049+0000] {processor.py:840} INFO - DAG(s) 'shopee_pipeline' retrieved from /opt/airflow/dags/shopee_dag.py
[2026-05-24T06:28:35.123+0000] {logging_mixin.py:188} INFO - [2026-05-24T06:28:35.122+0000] {dag.py:3096} INFO - Sync 1 DAGs
[2026-05-24T06:28:35.181+0000] {logging_mixin.py:188} INFO - [2026-05-24T06:28:35.180+0000] {dag.py:3954} INFO - Setting next_dagrun for shopee_pipeline to 2026-05-23 01:00:00+00:00, run_after=2026-05-24 01:00:00+00:00
[2026-05-24T06:28:35.240+0000] {processor.py:183} INFO - Processing /opt/airflow/dags/shopee_dag.py took 0.438 seconds
[2026-05-24T06:29:05.668+0000] {processor.py:161} INFO - Started process (PID=9904) to work on /opt/airflow/dags/shopee_dag.py
[2026-05-24T06:29:05.670+0000] {processor.py:830} INFO - Processing file /opt/airflow/dags/shopee_dag.py for tasks to queue
[2026-05-24T06:29:05.674+0000] {logging_mixin.py:188} INFO - [2026-05-24T06:29:05.673+0000] {dagbag.py:545} INFO - Filling up the DagBag from /opt/airflow/dags/shopee_dag.py
[2026-05-24T06:29:05.862+0000] {processor.py:840} INFO - DAG(s) 'shopee_pipeline' retrieved from /opt/airflow/dags/shopee_dag.py
[2026-05-24T06:29:05.914+0000] {logging_mixin.py:188} INFO - [2026-05-24T06:29:05.913+0000] {dag.py:3096} INFO - Sync 1 DAGs
[2026-05-24T06:29:05.960+0000] {logging_mixin.py:188} INFO - [2026-05-24T06:29:05.960+0000] {dag.py:3954} INFO - Setting next_dagrun for shopee_pipeline to 2026-05-23 01:00:00+00:00, run_after=2026-05-24 01:00:00+00:00
[2026-05-24T06:29:05.996+0000] {processor.py:183} INFO - Processing /opt/airflow/dags/shopee_dag.py took 0.345 seconds
[2026-05-24T06:29:36.444+0000] {processor.py:161} INFO - Started process (PID=10030) to work on /opt/airflow/dags/shopee_dag.py
[2026-05-24T06:29:36.446+0000] {processor.py:830} INFO - Processing file /opt/airflow/dags/shopee_dag.py for tasks to queue
[2026-05-24T06:29:36.452+0000] {logging_mixin.py:188} INFO - [2026-05-24T06:29:36.451+0000] {dagbag.py:545} INFO - Filling up the DagBag from /opt/airflow/dags/shopee_dag.py
[2026-05-24T06:29:36.699+0000] {processor.py:840} INFO - DAG(s) 'shopee_pipeline' retrieved from /opt/airflow/dags/shopee_dag.py
[2026-05-24T06:29:36.752+0000] {logging_mixin.py:188} INFO - [2026-05-24T06:29:36.751+0000] {dag.py:3096} INFO - Sync 1 DAGs
[2026-05-24T06:29:36.794+0000] {logging_mixin.py:188} INFO - [2026-05-24T06:29:36.793+0000] {dag.py:3954} INFO - Setting next_dagrun for shopee_pipeline to 2026-05-23 01:00:00+00:00, run_after=2026-05-24 01:00:00+00:00
[2026-05-24T06:29:36.834+0000] {processor.py:183} INFO - Processing /opt/airflow/dags/shopee_dag.py took 0.415 seconds
[2026-05-24T06:30:06.993+0000] {processor.py:161} INFO - Started process (PID=10118) to work on /opt/airflow/dags/shopee_dag.py
[2026-05-24T06:30:06.995+0000] {processor.py:830} INFO - Processing file /opt/airflow/dags/shopee_dag.py for tasks to queue
[2026-05-24T06:30:06.997+0000] {logging_mixin.py:188} INFO - [2026-05-24T06:30:06.997+0000] {dagbag.py:545} INFO - Filling up the DagBag from /opt/airflow/dags/shopee_dag.py
[2026-05-24T06:30:07.156+0000] {processor.py:840} INFO - DAG(s) 'shopee_pipeline' retrieved from /opt/airflow/dags/shopee_dag.py
[2026-05-24T06:30:07.205+0000] {logging_mixin.py:188} INFO - [2026-05-24T06:30:07.205+0000] {dag.py:3096} INFO - Sync 1 DAGs
[2026-05-24T06:30:07.245+0000] {logging_mixin.py:188} INFO - [2026-05-24T06:30:07.245+0000] {dag.py:3954} INFO - Setting next_dagrun for shopee_pipeline to 2026-05-23 01:00:00+00:00, run_after=2026-05-24 01:00:00+00:00
[2026-05-24T06:30:07.282+0000] {processor.py:183} INFO - Processing /opt/airflow/dags/shopee_dag.py took 0.297 seconds
[2026-05-24T06:30:37.486+0000] {processor.py:161} INFO - Started process (PID=10159) to work on /opt/airflow/dags/shopee_dag.py
[2026-05-24T06:30:37.487+0000] {processor.py:830} INFO - Processing file /opt/airflow/dags/shopee_dag.py for tasks to queue
[2026-05-24T06:30:37.490+0000] {logging_mixin.py:188} INFO - [2026-05-24T06:30:37.490+0000] {dagbag.py:545} INFO - Filling up the DagBag from /opt/airflow/dags/shopee_dag.py
[2026-05-24T06:30:37.624+0000] {processor.py:840} INFO - DAG(s) 'shopee_pipeline' retrieved from /opt/airflow/dags/shopee_dag.py
[2026-05-24T06:30:37.662+0000] {logging_mixin.py:188} INFO - [2026-05-24T06:30:37.661+0000] {dag.py:3096} INFO - Sync 1 DAGs
[2026-05-24T06:30:37.691+0000] {logging_mixin.py:188} INFO - [2026-05-24T06:30:37.690+0000] {dag.py:3954} INFO - Setting next_dagrun for shopee_pipeline to 2026-05-23 01:00:00+00:00, run_after=2026-05-24 01:00:00+00:00
[2026-05-24T06:30:37.731+0000] {processor.py:183} INFO - Processing /opt/airflow/dags/shopee_dag.py took 0.255 seconds
[2026-05-24T06:31:08.049+0000] {processor.py:161} INFO - Started process (PID=10279) to work on /opt/airflow/dags/shopee_dag.py
[2026-05-24T06:31:08.051+0000] {processor.py:830} INFO - Processing file /opt/airflow/dags/shopee_dag.py for tasks to queue
[2026-05-24T06:31:08.055+0000] {logging_mixin.py:188} INFO - [2026-05-24T06:31:08.055+0000] {dagbag.py:545} INFO - Filling up the DagBag from /opt/airflow/dags/shopee_dag.py
[2026-05-24T06:31:08.257+0000] {processor.py:840} INFO - DAG(s) 'shopee_pipeline' retrieved from /opt/airflow/dags/shopee_dag.py
[2026-05-24T06:31:08.315+0000] {logging_mixin.py:188} INFO - [2026-05-24T06:31:08.314+0000] {dag.py:3096} INFO - Sync 1 DAGs
[2026-05-24T06:31:08.353+0000] {logging_mixin.py:188} INFO - [2026-05-24T06:31:08.352+0000] {dag.py:3954} INFO - Setting next_dagrun for shopee_pipeline to 2026-05-23 01:00:00+00:00, run_after=2026-05-24 01:00:00+00:00
[2026-05-24T06:31:08.390+0000] {processor.py:183} INFO - Processing /opt/airflow/dags/shopee_dag.py took 0.359 seconds
[2026-05-24T06:31:38.503+0000] {processor.py:161} INFO - Started process (PID=10399) to work on /opt/airflow/dags/shopee_dag.py
[2026-05-24T06:31:38.504+0000] {processor.py:830} INFO - Processing file /opt/airflow/dags/shopee_dag.py for tasks to queue
[2026-05-24T06:31:38.507+0000] {logging_mixin.py:188} INFO - [2026-05-24T06:31:38.507+0000] {dagbag.py:545} INFO - Filling up the DagBag from /opt/airflow/dags/shopee_dag.py
[2026-05-24T06:31:38.670+0000] {processor.py:840} INFO - DAG(s) 'shopee_pipeline' retrieved from /opt/airflow/dags/shopee_dag.py
[2026-05-24T06:31:38.722+0000] {logging_mixin.py:188} INFO - [2026-05-24T06:31:38.722+0000] {dag.py:3096} INFO - Sync 1 DAGs
[2026-05-24T06:31:38.757+0000] {logging_mixin.py:188} INFO - [2026-05-24T06:31:38.757+0000] {dag.py:3954} INFO - Setting next_dagrun for shopee_pipeline to 2026-05-23 01:00:00+00:00, run_after=2026-05-24 01:00:00+00:00
[2026-05-24T06:31:38.805+0000] {processor.py:183} INFO - Processing /opt/airflow/dags/shopee_dag.py took 0.314 seconds
[2026-05-24T06:32:09.085+0000] {processor.py:161} INFO - Started process (PID=10472) to work on /opt/airflow/dags/shopee_dag.py
[2026-05-24T06:32:09.087+0000] {processor.py:830} INFO - Processing file /opt/airflow/dags/shopee_dag.py for tasks to queue
[2026-05-24T06:32:09.090+0000] {logging_mixin.py:188} INFO - [2026-05-24T06:32:09.089+0000] {dagbag.py:545} INFO - Filling up the DagBag from /opt/airflow/dags/shopee_dag.py
[2026-05-24T06:32:09.284+0000] {processor.py:840} INFO - DAG(s) 'shopee_pipeline' retrieved from /opt/airflow/dags/shopee_dag.py
[2026-05-24T06:32:09.336+0000] {logging_mixin.py:188} INFO - [2026-05-24T06:32:09.336+0000] {dag.py:3096} INFO - Sync 1 DAGs
[2026-05-24T06:32:09.375+0000] {logging_mixin.py:188} INFO - [2026-05-24T06:32:09.375+0000] {dag.py:3954} INFO - Setting next_dagrun for shopee_pipeline to 2026-05-23 01:00:00+00:00, run_after=2026-05-24 01:00:00+00:00
[2026-05-24T06:32:09.409+0000] {processor.py:183} INFO - Processing /opt/airflow/dags/shopee_dag.py took 0.338 seconds
[2026-05-24T06:32:40.080+0000] {processor.py:161} INFO - Started process (PID=10526) to work on /opt/airflow/dags/shopee_dag.py
[2026-05-24T06:32:40.082+0000] {processor.py:830} INFO - Processing file /opt/airflow/dags/shopee_dag.py for tasks to queue
[2026-05-24T06:32:40.085+0000] {logging_mixin.py:188} INFO - [2026-05-24T06:32:40.084+0000] {dagbag.py:545} INFO - Filling up the DagBag from /opt/airflow/dags/shopee_dag.py
[2026-05-24T06:32:40.221+0000] {processor.py:840} INFO - DAG(s) 'shopee_pipeline' retrieved from /opt/airflow/dags/shopee_dag.py
[2026-05-24T06:32:40.266+0000] {logging_mixin.py:188} INFO - [2026-05-24T06:32:40.265+0000] {dag.py:3096} INFO - Sync 1 DAGs
[2026-05-24T06:32:40.310+0000] {logging_mixin.py:188} INFO - [2026-05-24T06:32:40.309+0000] {dag.py:3954} INFO - Setting next_dagrun for shopee_pipeline to 2026-05-23 01:00:00+00:00, run_after=2026-05-24 01:00:00+00:00
[2026-05-24T06:32:40.337+0000] {processor.py:183} INFO - Processing /opt/airflow/dags/shopee_dag.py took 0.269 seconds
[2026-05-24T06:33:10.629+0000] {processor.py:161} INFO - Started process (PID=10659) to work on /opt/airflow/dags/shopee_dag.py
[2026-05-24T06:33:10.633+0000] {processor.py:830} INFO - Processing file /opt/airflow/dags/shopee_dag.py for tasks to queue
[2026-05-24T06:33:10.635+0000] {logging_mixin.py:188} INFO - [2026-05-24T06:33:10.635+0000] {dagbag.py:545} INFO - Filling up the DagBag from /opt/airflow/dags/shopee_dag.py
[2026-05-24T06:33:10.772+0000] {processor.py:840} INFO - DAG(s) 'shopee_pipeline' retrieved from /opt/airflow/dags/shopee_dag.py
[2026-05-24T06:33:10.812+0000] {logging_mixin.py:188} INFO - [2026-05-24T06:33:10.812+0000] {dag.py:3096} INFO - Sync 1 DAGs
[2026-05-24T06:33:10.847+0000] {logging_mixin.py:188} INFO - [2026-05-24T06:33:10.847+0000] {dag.py:3954} INFO - Setting next_dagrun for shopee_pipeline to 2026-05-23 01:00:00+00:00, run_after=2026-05-24 01:00:00+00:00
[2026-05-24T06:33:10.879+0000] {processor.py:183} INFO - Processing /opt/airflow/dags/shopee_dag.py took 0.262 seconds
[2026-05-24T06:33:41.136+0000] {processor.py:161} INFO - Started process (PID=10753) to work on /opt/airflow/dags/shopee_dag.py
[2026-05-24T06:33:41.138+0000] {processor.py:830} INFO - Processing file /opt/airflow/dags/shopee_dag.py for tasks to queue
[2026-05-24T06:33:41.140+0000] {logging_mixin.py:188} INFO - [2026-05-24T06:33:41.140+0000] {dagbag.py:545} INFO - Filling up the DagBag from /opt/airflow/dags/shopee_dag.py
[2026-05-24T06:33:41.286+0000] {processor.py:840} INFO - DAG(s) 'shopee_pipeline' retrieved from /opt/airflow/dags/shopee_dag.py
[2026-05-24T06:33:41.326+0000] {logging_mixin.py:188} INFO - [2026-05-24T06:33:41.326+0000] {dag.py:3096} INFO - Sync 1 DAGs
[2026-05-24T06:33:41.365+0000] {logging_mixin.py:188} INFO - [2026-05-24T06:33:41.364+0000] {dag.py:3954} INFO - Setting next_dagrun for shopee_pipeline to 2026-05-23 01:00:00+00:00, run_after=2026-05-24 01:00:00+00:00
[2026-05-24T06:33:41.400+0000] {processor.py:183} INFO - Processing /opt/airflow/dags/shopee_dag.py took 0.273 seconds
[2026-05-24T06:34:11.528+0000] {processor.py:161} INFO - Started process (PID=10787) to work on /opt/airflow/dags/shopee_dag.py
[2026-05-24T06:34:11.529+0000] {processor.py:830} INFO - Processing file /opt/airflow/dags/shopee_dag.py for tasks to queue
[2026-05-24T06:34:11.530+0000] {logging_mixin.py:188} INFO - [2026-05-24T06:34:11.530+0000] {dagbag.py:545} INFO - Filling up the DagBag from /opt/airflow/dags/shopee_dag.py
[2026-05-24T06:34:11.629+0000] {processor.py:840} INFO - DAG(s) 'shopee_pipeline' retrieved from /opt/airflow/dags/shopee_dag.py
[2026-05-24T06:34:11.658+0000] {logging_mixin.py:188} INFO - [2026-05-24T06:34:11.658+0000] {dag.py:3096} INFO - Sync 1 DAGs
[2026-05-24T06:34:11.680+0000] {logging_mixin.py:188} INFO - [2026-05-24T06:34:11.680+0000] {dag.py:3954} INFO - Setting next_dagrun for shopee_pipeline to 2026-05-23 01:00:00+00:00, run_after=2026-05-24 01:00:00+00:00
[2026-05-24T06:34:11.701+0000] {processor.py:183} INFO - Processing /opt/airflow/dags/shopee_dag.py took 0.179 seconds
[2026-05-24T06:34:42.189+0000] {processor.py:161} INFO - Started process (PID=10918) to work on /opt/airflow/dags/shopee_dag.py
[2026-05-24T06:34:42.193+0000] {processor.py:830} INFO - Processing file /opt/airflow/dags/shopee_dag.py for tasks to queue
[2026-05-24T06:34:42.196+0000] {logging_mixin.py:188} INFO - [2026-05-24T06:34:42.195+0000] {dagbag.py:545} INFO - Filling up the DagBag from /opt/airflow/dags/shopee_dag.py
[2026-05-24T06:34:42.341+0000] {processor.py:840} INFO - DAG(s) 'shopee_pipeline' retrieved from /opt/airflow/dags/shopee_dag.py
[2026-05-24T06:34:42.384+0000] {logging_mixin.py:188} INFO - [2026-05-24T06:34:42.384+0000] {dag.py:3096} INFO - Sync 1 DAGs
[2026-05-24T06:34:42.413+0000] {logging_mixin.py:188} INFO - [2026-05-24T06:34:42.413+0000] {dag.py:3954} INFO - Setting next_dagrun for shopee_pipeline to 2026-05-23 01:00:00+00:00, run_after=2026-05-24 01:00:00+00:00
[2026-05-24T06:34:42.450+0000] {processor.py:183} INFO - Processing /opt/airflow/dags/shopee_dag.py took 0.272 seconds
[2026-05-24T06:35:12.744+0000] {processor.py:161} INFO - Started process (PID=11010) to work on /opt/airflow/dags/shopee_dag.py
[2026-05-24T06:35:12.745+0000] {processor.py:830} INFO - Processing file /opt/airflow/dags/shopee_dag.py for tasks to queue
[2026-05-24T06:35:12.749+0000] {logging_mixin.py:188} INFO - [2026-05-24T06:35:12.749+0000] {dagbag.py:545} INFO - Filling up the DagBag from /opt/airflow/dags/shopee_dag.py
[2026-05-24T06:35:12.925+0000] {processor.py:840} INFO - DAG(s) 'shopee_pipeline' retrieved from /opt/airflow/dags/shopee_dag.py
[2026-05-24T06:35:12.976+0000] {logging_mixin.py:188} INFO - [2026-05-24T06:35:12.975+0000] {dag.py:3096} INFO - Sync 1 DAGs
[2026-05-24T06:35:13.016+0000] {logging_mixin.py:188} INFO - [2026-05-24T06:35:13.015+0000] {dag.py:3954} INFO - Setting next_dagrun for shopee_pipeline to 2026-05-23 01:00:00+00:00, run_after=2026-05-24 01:00:00+00:00
[2026-05-24T06:35:13.056+0000] {processor.py:183} INFO - Processing /opt/airflow/dags/shopee_dag.py took 0.323 seconds
[2026-05-24T06:35:43.671+0000] {processor.py:161} INFO - Started process (PID=11050) to work on /opt/airflow/dags/shopee_dag.py
[2026-05-24T06:35:43.672+0000] {processor.py:830} INFO - Processing file /opt/airflow/dags/shopee_dag.py for tasks to queue
[2026-05-24T06:35:43.674+0000] {logging_mixin.py:188} INFO - [2026-05-24T06:35:43.673+0000] {dagbag.py:545} INFO - Filling up the DagBag from /opt/airflow/dags/shopee_dag.py
[2026-05-24T06:35:43.776+0000] {processor.py:840} INFO - DAG(s) 'shopee_pipeline' retrieved from /opt/airflow/dags/shopee_dag.py
[2026-05-24T06:35:43.809+0000] {logging_mixin.py:188} INFO - [2026-05-24T06:35:43.809+0000] {dag.py:3096} INFO - Sync 1 DAGs
[2026-05-24T06:35:43.835+0000] {logging_mixin.py:188} INFO - [2026-05-24T06:35:43.835+0000] {dag.py:3954} INFO - Setting next_dagrun for shopee_pipeline to 2026-05-23 01:00:00+00:00, run_after=2026-05-24 01:00:00+00:00
[2026-05-24T06:35:43.856+0000] {processor.py:183} INFO - Processing /opt/airflow/dags/shopee_dag.py took 0.196 seconds
[2026-05-24T06:36:14.176+0000] {processor.py:161} INFO - Started process (PID=11174) to work on /opt/airflow/dags/shopee_dag.py
[2026-05-24T06:36:14.177+0000] {processor.py:830} INFO - Processing file /opt/airflow/dags/shopee_dag.py for tasks to queue
[2026-05-24T06:36:14.179+0000] {logging_mixin.py:188} INFO - [2026-05-24T06:36:14.179+0000] {dagbag.py:545} INFO - Filling up the DagBag from /opt/airflow/dags/shopee_dag.py
[2026-05-24T06:36:14.289+0000] {processor.py:840} INFO - DAG(s) 'shopee_pipeline' retrieved from /opt/airflow/dags/shopee_dag.py
[2026-05-24T06:36:14.320+0000] {logging_mixin.py:188} INFO - [2026-05-24T06:36:14.320+0000] {dag.py:3096} INFO - Sync 1 DAGs
[2026-05-24T06:36:14.343+0000] {logging_mixin.py:188} INFO - [2026-05-24T06:36:14.343+0000] {dag.py:3954} INFO - Setting next_dagrun for shopee_pipeline to 2026-05-23 01:00:00+00:00, run_after=2026-05-24 01:00:00+00:00
[2026-05-24T06:36:14.364+0000] {processor.py:183} INFO - Processing /opt/airflow/dags/shopee_dag.py took 0.195 seconds
[2026-05-24T06:36:44.828+0000] {processor.py:161} INFO - Started process (PID=11187) to work on /opt/airflow/dags/shopee_dag.py
[2026-05-24T06:36:44.829+0000] {processor.py:830} INFO - Processing file /opt/airflow/dags/shopee_dag.py for tasks to queue
[2026-05-24T06:36:44.831+0000] {logging_mixin.py:188} INFO - [2026-05-24T06:36:44.830+0000] {dagbag.py:545} INFO - Filling up the DagBag from /opt/airflow/dags/shopee_dag.py
[2026-05-24T06:36:44.966+0000] {processor.py:840} INFO - DAG(s) 'shopee_pipeline' retrieved from /opt/airflow/dags/shopee_dag.py
[2026-05-24T06:36:45.005+0000] {logging_mixin.py:188} INFO - [2026-05-24T06:36:45.005+0000] {dag.py:3096} INFO - Sync 1 DAGs
[2026-05-24T06:36:45.036+0000] {logging_mixin.py:188} INFO - [2026-05-24T06:36:45.036+0000] {dag.py:3954} INFO - Setting next_dagrun for shopee_pipeline to 2026-05-23 01:00:00+00:00, run_after=2026-05-24 01:00:00+00:00
[2026-05-24T06:36:45.065+0000] {processor.py:183} INFO - Processing /opt/airflow/dags/shopee_dag.py took 0.244 seconds
[2026-05-24T06:37:15.440+0000] {processor.py:161} INFO - Started process (PID=11308) to work on /opt/airflow/dags/shopee_dag.py
[2026-05-24T06:37:15.441+0000] {processor.py:830} INFO - Processing file /opt/airflow/dags/shopee_dag.py for tasks to queue
[2026-05-24T06:37:15.444+0000] {logging_mixin.py:188} INFO - [2026-05-24T06:37:15.443+0000] {dagbag.py:545} INFO - Filling up the DagBag from /opt/airflow/dags/shopee_dag.py
[2026-05-24T06:37:15.619+0000] {processor.py:840} INFO - DAG(s) 'shopee_pipeline' retrieved from /opt/airflow/dags/shopee_dag.py
[2026-05-24T06:37:15.669+0000] {logging_mixin.py:188} INFO - [2026-05-24T06:37:15.669+0000] {dag.py:3096} INFO - Sync 1 DAGs
[2026-05-24T06:37:15.706+0000] {logging_mixin.py:188} INFO - [2026-05-24T06:37:15.706+0000] {dag.py:3954} INFO - Setting next_dagrun for shopee_pipeline to 2026-05-23 01:00:00+00:00, run_after=2026-05-24 01:00:00+00:00
[2026-05-24T06:37:15.760+0000] {processor.py:183} INFO - Processing /opt/airflow/dags/shopee_dag.py took 0.333 seconds
[2026-05-24T06:37:46.099+0000] {processor.py:161} INFO - Started process (PID=11400) to work on /opt/airflow/dags/shopee_dag.py
[2026-05-24T06:37:46.101+0000] {processor.py:830} INFO - Processing file /opt/airflow/dags/shopee_dag.py for tasks to queue
[2026-05-24T06:37:46.104+0000] {logging_mixin.py:188} INFO - [2026-05-24T06:37:46.103+0000] {dagbag.py:545} INFO - Filling up the DagBag from /opt/airflow/dags/shopee_dag.py
[2026-05-24T06:37:46.274+0000] {processor.py:840} INFO - DAG(s) 'shopee_pipeline' retrieved from /opt/airflow/dags/shopee_dag.py
[2026-05-24T06:37:46.341+0000] {logging_mixin.py:188} INFO - [2026-05-24T06:37:46.341+0000] {dag.py:3096} INFO - Sync 1 DAGs
[2026-05-24T06:37:46.385+0000] {logging_mixin.py:188} INFO - [2026-05-24T06:37:46.385+0000] {dag.py:3954} INFO - Setting next_dagrun for shopee_pipeline to 2026-05-23 01:00:00+00:00, run_after=2026-05-24 01:00:00+00:00
[2026-05-24T06:37:46.419+0000] {processor.py:183} INFO - Processing /opt/airflow/dags/shopee_dag.py took 0.332 seconds
[2026-05-24T06:38:16.745+0000] {processor.py:161} INFO - Started process (PID=11437) to work on /opt/airflow/dags/shopee_dag.py
[2026-05-24T06:38:16.746+0000] {processor.py:830} INFO - Processing file /opt/airflow/dags/shopee_dag.py for tasks to queue
[2026-05-24T06:38:16.749+0000] {logging_mixin.py:188} INFO - [2026-05-24T06:38:16.748+0000] {dagbag.py:545} INFO - Filling up the DagBag from /opt/airflow/dags/shopee_dag.py
[2026-05-24T06:38:16.935+0000] {processor.py:840} INFO - DAG(s) 'shopee_pipeline' retrieved from /opt/airflow/dags/shopee_dag.py
[2026-05-24T06:38:16.999+0000] {logging_mixin.py:188} INFO - [2026-05-24T06:38:16.999+0000] {dag.py:3096} INFO - Sync 1 DAGs
[2026-05-24T06:38:17.041+0000] {logging_mixin.py:188} INFO - [2026-05-24T06:38:17.040+0000] {dag.py:3954} INFO - Setting next_dagrun for shopee_pipeline to 2026-05-23 01:00:00+00:00, run_after=2026-05-24 01:00:00+00:00
[2026-05-24T06:38:17.073+0000] {processor.py:183} INFO - Processing /opt/airflow/dags/shopee_dag.py took 0.338 seconds
[2026-05-24T06:38:47.184+0000] {processor.py:161} INFO - Started process (PID=11542) to work on /opt/airflow/dags/shopee_dag.py
[2026-05-24T06:38:47.186+0000] {processor.py:830} INFO - Processing file /opt/airflow/dags/shopee_dag.py for tasks to queue
[2026-05-24T06:38:47.188+0000] {logging_mixin.py:188} INFO - [2026-05-24T06:38:47.187+0000] {dagbag.py:545} INFO - Filling up the DagBag from /opt/airflow/dags/shopee_dag.py
[2026-05-24T06:38:47.522+0000] {processor.py:840} INFO - DAG(s) 'shopee_pipeline' retrieved from /opt/airflow/dags/shopee_dag.py
[2026-05-24T06:38:47.576+0000] {logging_mixin.py:188} INFO - [2026-05-24T06:38:47.576+0000] {dag.py:3096} INFO - Sync 1 DAGs
[2026-05-24T06:38:47.618+0000] {logging_mixin.py:188} INFO - [2026-05-24T06:38:47.617+0000] {dag.py:3954} INFO - Setting next_dagrun for shopee_pipeline to 2026-05-23 01:00:00+00:00, run_after=2026-05-24 01:00:00+00:00
[2026-05-24T06:38:47.660+0000] {processor.py:183} INFO - Processing /opt/airflow/dags/shopee_dag.py took 0.485 seconds
[2026-05-24T06:39:18.046+0000] {processor.py:161} INFO - Started process (PID=11644) to work on /opt/airflow/dags/shopee_dag.py
[2026-05-24T06:39:18.048+0000] {processor.py:830} INFO - Processing file /opt/airflow/dags/shopee_dag.py for tasks to queue
[2026-05-24T06:39:18.053+0000] {logging_mixin.py:188} INFO - [2026-05-24T06:39:18.051+0000] {dagbag.py:545} INFO - Filling up the DagBag from /opt/airflow/dags/shopee_dag.py
[2026-05-24T06:39:18.297+0000] {processor.py:840} INFO - DAG(s) 'shopee_pipeline' retrieved from /opt/airflow/dags/shopee_dag.py
[2026-05-24T06:39:18.407+0000] {logging_mixin.py:188} INFO - [2026-05-24T06:39:18.405+0000] {dag.py:3096} INFO - Sync 1 DAGs
[2026-05-24T06:39:18.471+0000] {logging_mixin.py:188} INFO - [2026-05-24T06:39:18.471+0000] {dag.py:3954} INFO - Setting next_dagrun for shopee_pipeline to 2026-05-23 01:00:00+00:00, run_after=2026-05-24 01:00:00+00:00
[2026-05-24T06:39:18.527+0000] {processor.py:183} INFO - Processing /opt/airflow/dags/shopee_dag.py took 0.492 seconds
[2026-05-24T06:39:49.301+0000] {processor.py:161} INFO - Started process (PID=11672) to work on /opt/airflow/dags/shopee_dag.py
[2026-05-24T06:39:49.303+0000] {processor.py:830} INFO - Processing file /opt/airflow/dags/shopee_dag.py for tasks to queue
[2026-05-24T06:39:49.307+0000] {logging_mixin.py:188} INFO - [2026-05-24T06:39:49.306+0000] {dagbag.py:545} INFO - Filling up the DagBag from /opt/airflow/dags/shopee_dag.py
[2026-05-24T06:39:49.546+0000] {processor.py:840} INFO - DAG(s) 'shopee_pipeline' retrieved from /opt/airflow/dags/shopee_dag.py
[2026-05-24T06:39:49.618+0000] {logging_mixin.py:188} INFO - [2026-05-24T06:39:49.618+0000] {dag.py:3096} INFO - Sync 1 DAGs
[2026-05-24T06:39:49.672+0000] {logging_mixin.py:188} INFO - [2026-05-24T06:39:49.672+0000] {dag.py:3954} INFO - Setting next_dagrun for shopee_pipeline to 2026-05-23 01:00:00+00:00, run_after=2026-05-24 01:00:00+00:00
[2026-05-24T06:39:49.725+0000] {processor.py:183} INFO - Processing /opt/airflow/dags/shopee_dag.py took 0.444 seconds
[2026-05-24T06:40:20.002+0000] {processor.py:161} INFO - Started process (PID=11797) to work on /opt/airflow/dags/shopee_dag.py
[2026-05-24T06:40:20.004+0000] {processor.py:830} INFO - Processing file /opt/airflow/dags/shopee_dag.py for tasks to queue
[2026-05-24T06:40:20.007+0000] {logging_mixin.py:188} INFO - [2026-05-24T06:40:20.007+0000] {dagbag.py:545} INFO - Filling up the DagBag from /opt/airflow/dags/shopee_dag.py
[2026-05-24T06:40:20.202+0000] {processor.py:840} INFO - DAG(s) 'shopee_pipeline' retrieved from /opt/airflow/dags/shopee_dag.py
[2026-05-24T06:40:20.276+0000] {logging_mixin.py:188} INFO - [2026-05-24T06:40:20.276+0000] {dag.py:3096} INFO - Sync 1 DAGs
[2026-05-24T06:40:20.329+0000] {logging_mixin.py:188} INFO - [2026-05-24T06:40:20.328+0000] {dag.py:3954} INFO - Setting next_dagrun for shopee_pipeline to 2026-05-23 01:00:00+00:00, run_after=2026-05-24 01:00:00+00:00
[2026-05-24T06:40:20.377+0000] {processor.py:183} INFO - Processing /opt/airflow/dags/shopee_dag.py took 0.397 seconds
[2026-05-24T06:40:50.713+0000] {processor.py:161} INFO - Started process (PID=11890) to work on /opt/airflow/dags/shopee_dag.py
[2026-05-24T06:40:50.714+0000] {processor.py:830} INFO - Processing file /opt/airflow/dags/shopee_dag.py for tasks to queue
[2026-05-24T06:40:50.716+0000] {logging_mixin.py:188} INFO - [2026-05-24T06:40:50.715+0000] {dagbag.py:545} INFO - Filling up the DagBag from /opt/airflow/dags/shopee_dag.py
[2026-05-24T06:40:50.844+0000] {processor.py:840} INFO - DAG(s) 'shopee_pipeline' retrieved from /opt/airflow/dags/shopee_dag.py
[2026-05-24T06:40:50.876+0000] {logging_mixin.py:188} INFO - [2026-05-24T06:40:50.876+0000] {dag.py:3096} INFO - Sync 1 DAGs
[2026-05-24T06:40:50.902+0000] {logging_mixin.py:188} INFO - [2026-05-24T06:40:50.902+0000] {dag.py:3954} INFO - Setting next_dagrun for shopee_pipeline to 2026-05-23 01:00:00+00:00, run_after=2026-05-24 01:00:00+00:00
[2026-05-24T06:40:50.923+0000] {processor.py:183} INFO - Processing /opt/airflow/dags/shopee_dag.py took 0.218 seconds
[2026-05-24T06:41:21.018+0000] {processor.py:161} INFO - Started process (PID=11909) to work on /opt/airflow/dags/shopee_dag.py
[2026-05-24T06:41:21.019+0000] {processor.py:830} INFO - Processing file /opt/airflow/dags/shopee_dag.py for tasks to queue
[2026-05-24T06:41:21.022+0000] {logging_mixin.py:188} INFO - [2026-05-24T06:41:21.022+0000] {dagbag.py:545} INFO - Filling up the DagBag from /opt/airflow/dags/shopee_dag.py
[2026-05-24T06:41:21.202+0000] {processor.py:840} INFO - DAG(s) 'shopee_pipeline' retrieved from /opt/airflow/dags/shopee_dag.py
[2026-05-24T06:41:21.258+0000] {logging_mixin.py:188} INFO - [2026-05-24T06:41:21.257+0000] {dag.py:3096} INFO - Sync 1 DAGs
[2026-05-24T06:41:21.306+0000] {logging_mixin.py:188} INFO - [2026-05-24T06:41:21.305+0000] {dag.py:3954} INFO - Setting next_dagrun for shopee_pipeline to 2026-05-23 01:00:00+00:00, run_after=2026-05-24 01:00:00+00:00
[2026-05-24T06:41:21.341+0000] {processor.py:183} INFO - Processing /opt/airflow/dags/shopee_dag.py took 0.336 seconds
[2026-05-24T06:41:51.662+0000] {processor.py:161} INFO - Started process (PID=12039) to work on /opt/airflow/dags/shopee_dag.py
[2026-05-24T06:41:51.664+0000] {processor.py:830} INFO - Processing file /opt/airflow/dags/shopee_dag.py for tasks to queue
[2026-05-24T06:41:51.667+0000] {logging_mixin.py:188} INFO - [2026-05-24T06:41:51.666+0000] {dagbag.py:545} INFO - Filling up the DagBag from /opt/airflow/dags/shopee_dag.py
[2026-05-24T06:41:51.831+0000] {processor.py:840} INFO - DAG(s) 'shopee_pipeline' retrieved from /opt/airflow/dags/shopee_dag.py
[2026-05-24T06:41:51.879+0000] {logging_mixin.py:188} INFO - [2026-05-24T06:41:51.878+0000] {dag.py:3096} INFO - Sync 1 DAGs
[2026-05-24T06:41:51.917+0000] {logging_mixin.py:188} INFO - [2026-05-24T06:41:51.917+0000] {dag.py:3954} INFO - Setting next_dagrun for shopee_pipeline to 2026-05-23 01:00:00+00:00, run_after=2026-05-24 01:00:00+00:00
[2026-05-24T06:41:51.989+0000] {processor.py:183} INFO - Processing /opt/airflow/dags/shopee_dag.py took 0.336 seconds
[2026-05-24T06:42:22.460+0000] {processor.py:161} INFO - Started process (PID=12145) to work on /opt/airflow/dags/shopee_dag.py
[2026-05-24T06:42:22.463+0000] {processor.py:830} INFO - Processing file /opt/airflow/dags/shopee_dag.py for tasks to queue
[2026-05-24T06:42:22.474+0000] {logging_mixin.py:188} INFO - [2026-05-24T06:42:22.466+0000] {dagbag.py:545} INFO - Filling up the DagBag from /opt/airflow/dags/shopee_dag.py
[2026-05-24T06:42:22.779+0000] {processor.py:840} INFO - DAG(s) 'shopee_pipeline' retrieved from /opt/airflow/dags/shopee_dag.py
[2026-05-24T06:42:22.889+0000] {logging_mixin.py:188} INFO - [2026-05-24T06:42:22.888+0000] {dag.py:3096} INFO - Sync 1 DAGs
[2026-05-24T06:42:22.969+0000] {logging_mixin.py:188} INFO - [2026-05-24T06:42:22.968+0000] {dag.py:3954} INFO - Setting next_dagrun for shopee_pipeline to 2026-05-23 01:00:00+00:00, run_after=2026-05-24 01:00:00+00:00
[2026-05-24T06:42:23.027+0000] {processor.py:183} INFO - Processing /opt/airflow/dags/shopee_dag.py took 0.585 seconds
[2026-05-24T06:42:53.399+0000] {processor.py:161} INFO - Started process (PID=12191) to work on /opt/airflow/dags/shopee_dag.py
[2026-05-24T06:42:53.401+0000] {processor.py:830} INFO - Processing file /opt/airflow/dags/shopee_dag.py for tasks to queue
[2026-05-24T06:42:53.403+0000] {logging_mixin.py:188} INFO - [2026-05-24T06:42:53.403+0000] {dagbag.py:545} INFO - Filling up the DagBag from /opt/airflow/dags/shopee_dag.py
[2026-05-24T06:42:53.520+0000] {processor.py:840} INFO - DAG(s) 'shopee_pipeline' retrieved from /opt/airflow/dags/shopee_dag.py
[2026-05-24T06:42:53.557+0000] {logging_mixin.py:188} INFO - [2026-05-24T06:42:53.556+0000] {dag.py:3096} INFO - Sync 1 DAGs
[2026-05-24T06:42:53.585+0000] {logging_mixin.py:188} INFO - [2026-05-24T06:42:53.585+0000] {dag.py:3954} INFO - Setting next_dagrun for shopee_pipeline to 2026-05-23 01:00:00+00:00, run_after=2026-05-24 01:00:00+00:00
[2026-05-24T06:42:53.611+0000] {processor.py:183} INFO - Processing /opt/airflow/dags/shopee_dag.py took 0.220 seconds
[2026-05-24T06:43:23.749+0000] {processor.py:161} INFO - Started process (PID=12305) to work on /opt/airflow/dags/shopee_dag.py
[2026-05-24T06:43:23.752+0000] {processor.py:830} INFO - Processing file /opt/airflow/dags/shopee_dag.py for tasks to queue
[2026-05-24T06:43:23.759+0000] {logging_mixin.py:188} INFO - [2026-05-24T06:43:23.758+0000] {dagbag.py:545} INFO - Filling up the DagBag from /opt/airflow/dags/shopee_dag.py
[2026-05-24T06:43:23.943+0000] {processor.py:840} INFO - DAG(s) 'shopee_pipeline' retrieved from /opt/airflow/dags/shopee_dag.py
[2026-05-24T06:43:23.994+0000] {logging_mixin.py:188} INFO - [2026-05-24T06:43:23.994+0000] {dag.py:3096} INFO - Sync 1 DAGs
[2026-05-24T06:43:24.032+0000] {logging_mixin.py:188} INFO - [2026-05-24T06:43:24.032+0000] {dag.py:3954} INFO - Setting next_dagrun for shopee_pipeline to 2026-05-23 01:00:00+00:00, run_after=2026-05-24 01:00:00+00:00
[2026-05-24T06:43:24.073+0000] {processor.py:183} INFO - Processing /opt/airflow/dags/shopee_dag.py took 0.339 seconds
[2026-05-24T06:43:54.117+0000] {processor.py:161} INFO - Started process (PID=12319) to work on /opt/airflow/dags/shopee_dag.py
[2026-05-24T06:43:54.118+0000] {processor.py:830} INFO - Processing file /opt/airflow/dags/shopee_dag.py for tasks to queue
[2026-05-24T06:43:54.120+0000] {logging_mixin.py:188} INFO - [2026-05-24T06:43:54.120+0000] {dagbag.py:545} INFO - Filling up the DagBag from /opt/airflow/dags/shopee_dag.py
[2026-05-24T06:43:54.235+0000] {processor.py:840} INFO - DAG(s) 'shopee_pipeline' retrieved from /opt/airflow/dags/shopee_dag.py
[2026-05-24T06:43:54.284+0000] {logging_mixin.py:188} INFO - [2026-05-24T06:43:54.284+0000] {dag.py:3096} INFO - Sync 1 DAGs
[2026-05-24T06:43:54.333+0000] {logging_mixin.py:188} INFO - [2026-05-24T06:43:54.332+0000] {dag.py:3954} INFO - Setting next_dagrun for shopee_pipeline to 2026-05-23 01:00:00+00:00, run_after=2026-05-24 01:00:00+00:00
[2026-05-24T06:43:54.370+0000] {processor.py:183} INFO - Processing /opt/airflow/dags/shopee_dag.py took 0.259 seconds
[2026-05-24T06:44:24.742+0000] {processor.py:161} INFO - Started process (PID=12441) to work on /opt/airflow/dags/shopee_dag.py
[2026-05-24T06:44:24.745+0000] {processor.py:830} INFO - Processing file /opt/airflow/dags/shopee_dag.py for tasks to queue
[2026-05-24T06:44:24.748+0000] {logging_mixin.py:188} INFO - [2026-05-24T06:44:24.747+0000] {dagbag.py:545} INFO - Filling up the DagBag from /opt/airflow/dags/shopee_dag.py
[2026-05-24T06:44:24.948+0000] {processor.py:840} INFO - DAG(s) 'shopee_pipeline' retrieved from /opt/airflow/dags/shopee_dag.py
[2026-05-24T06:44:25.005+0000] {logging_mixin.py:188} INFO - [2026-05-24T06:44:25.003+0000] {dag.py:3096} INFO - Sync 1 DAGs
[2026-05-24T06:44:25.047+0000] {logging_mixin.py:188} INFO - [2026-05-24T06:44:25.047+0000] {dag.py:3954} INFO - Setting next_dagrun for shopee_pipeline to 2026-05-23 01:00:00+00:00, run_after=2026-05-24 01:00:00+00:00
[2026-05-24T06:44:25.091+0000] {processor.py:183} INFO - Processing /opt/airflow/dags/shopee_dag.py took 0.362 seconds
[2026-05-24T06:44:55.554+0000] {processor.py:161} INFO - Started process (PID=12456) to work on /opt/airflow/dags/shopee_dag.py
[2026-05-24T06:44:55.555+0000] {processor.py:830} INFO - Processing file /opt/airflow/dags/shopee_dag.py for tasks to queue
[2026-05-24T06:44:55.557+0000] {logging_mixin.py:188} INFO - [2026-05-24T06:44:55.556+0000] {dagbag.py:545} INFO - Filling up the DagBag from /opt/airflow/dags/shopee_dag.py
[2026-05-24T06:44:55.691+0000] {processor.py:840} INFO - DAG(s) 'shopee_pipeline' retrieved from /opt/airflow/dags/shopee_dag.py
[2026-05-24T06:44:55.736+0000] {logging_mixin.py:188} INFO - [2026-05-24T06:44:55.736+0000] {dag.py:3096} INFO - Sync 1 DAGs
[2026-05-24T06:44:55.771+0000] {logging_mixin.py:188} INFO - [2026-05-24T06:44:55.771+0000] {dag.py:3954} INFO - Setting next_dagrun for shopee_pipeline to 2026-05-23 01:00:00+00:00, run_after=2026-05-24 01:00:00+00:00
[2026-05-24T06:44:55.799+0000] {processor.py:183} INFO - Processing /opt/airflow/dags/shopee_dag.py took 0.253 seconds
[2026-05-24T06:45:26.183+0000] {processor.py:161} INFO - Started process (PID=12542) to work on /opt/airflow/dags/shopee_dag.py
[2026-05-24T06:45:26.184+0000] {processor.py:830} INFO - Processing file /opt/airflow/dags/shopee_dag.py for tasks to queue
[2026-05-24T06:45:26.186+0000] {logging_mixin.py:188} INFO - [2026-05-24T06:45:26.186+0000] {dagbag.py:545} INFO - Filling up the DagBag from /opt/airflow/dags/shopee_dag.py
[2026-05-24T06:45:26.297+0000] {processor.py:840} INFO - DAG(s) 'shopee_pipeline' retrieved from /opt/airflow/dags/shopee_dag.py
[2026-05-24T06:45:26.332+0000] {logging_mixin.py:188} INFO - [2026-05-24T06:45:26.332+0000] {dag.py:3096} INFO - Sync 1 DAGs
[2026-05-24T06:45:26.370+0000] {logging_mixin.py:188} INFO - [2026-05-24T06:45:26.370+0000] {dag.py:3954} INFO - Setting next_dagrun for shopee_pipeline to 2026-05-23 01:00:00+00:00, run_after=2026-05-24 01:00:00+00:00
[2026-05-24T06:45:26.402+0000] {processor.py:183} INFO - Processing /opt/airflow/dags/shopee_dag.py took 0.225 seconds
[2026-05-24T06:45:56.797+0000] {processor.py:161} INFO - Started process (PID=12554) to work on /opt/airflow/dags/shopee_dag.py
[2026-05-24T06:45:56.799+0000] {processor.py:830} INFO - Processing file /opt/airflow/dags/shopee_dag.py for tasks to queue
[2026-05-24T06:45:56.802+0000] {logging_mixin.py:188} INFO - [2026-05-24T06:45:56.801+0000] {dagbag.py:545} INFO - Filling up the DagBag from /opt/airflow/dags/shopee_dag.py
[2026-05-24T06:45:57.007+0000] {processor.py:840} INFO - DAG(s) 'shopee_pipeline' retrieved from /opt/airflow/dags/shopee_dag.py
[2026-05-24T06:45:57.049+0000] {logging_mixin.py:188} INFO - [2026-05-24T06:45:57.048+0000] {dag.py:3096} INFO - Sync 1 DAGs
[2026-05-24T06:45:57.085+0000] {logging_mixin.py:188} INFO - [2026-05-24T06:45:57.085+0000] {dag.py:3954} INFO - Setting next_dagrun for shopee_pipeline to 2026-05-23 01:00:00+00:00, run_after=2026-05-24 01:00:00+00:00
[2026-05-24T06:45:57.130+0000] {processor.py:183} INFO - Processing /opt/airflow/dags/shopee_dag.py took 0.346 seconds
[2026-05-24T06:46:27.322+0000] {processor.py:161} INFO - Started process (PID=12637) to work on /opt/airflow/dags/shopee_dag.py
[2026-05-24T06:46:27.324+0000] {processor.py:830} INFO - Processing file /opt/airflow/dags/shopee_dag.py for tasks to queue
[2026-05-24T06:46:27.327+0000] {logging_mixin.py:188} INFO - [2026-05-24T06:46:27.326+0000] {dagbag.py:545} INFO - Filling up the DagBag from /opt/airflow/dags/shopee_dag.py
[2026-05-24T06:46:27.482+0000] {processor.py:840} INFO - DAG(s) 'shopee_pipeline' retrieved from /opt/airflow/dags/shopee_dag.py
[2026-05-24T06:46:27.524+0000] {logging_mixin.py:188} INFO - [2026-05-24T06:46:27.523+0000] {dag.py:3096} INFO - Sync 1 DAGs
[2026-05-24T06:46:27.554+0000] {logging_mixin.py:188} INFO - [2026-05-24T06:46:27.554+0000] {dag.py:3954} INFO - Setting next_dagrun for shopee_pipeline to 2026-05-23 01:00:00+00:00, run_after=2026-05-24 01:00:00+00:00
[2026-05-24T06:46:27.594+0000] {processor.py:183} INFO - Processing /opt/airflow/dags/shopee_dag.py took 0.283 seconds
[2026-05-24T06:46:57.913+0000] {processor.py:161} INFO - Started process (PID=12650) to work on /opt/airflow/dags/shopee_dag.py
[2026-05-24T06:46:57.914+0000] {processor.py:830} INFO - Processing file /opt/airflow/dags/shopee_dag.py for tasks to queue
[2026-05-24T06:46:57.917+0000] {logging_mixin.py:188} INFO - [2026-05-24T06:46:57.917+0000] {dagbag.py:545} INFO - Filling up the DagBag from /opt/airflow/dags/shopee_dag.py
[2026-05-24T06:46:58.048+0000] {processor.py:840} INFO - DAG(s) 'shopee_pipeline' retrieved from /opt/airflow/dags/shopee_dag.py
[2026-05-24T06:46:58.090+0000] {logging_mixin.py:188} INFO - [2026-05-24T06:46:58.090+0000] {dag.py:3096} INFO - Sync 1 DAGs
[2026-05-24T06:46:58.125+0000] {logging_mixin.py:188} INFO - [2026-05-24T06:46:58.124+0000] {dag.py:3954} INFO - Setting next_dagrun for shopee_pipeline to 2026-05-23 01:00:00+00:00, run_after=2026-05-24 01:00:00+00:00
[2026-05-24T06:46:58.158+0000] {processor.py:183} INFO - Processing /opt/airflow/dags/shopee_dag.py took 0.258 seconds
[2026-05-24T06:47:28.436+0000] {processor.py:161} INFO - Started process (PID=12735) to work on /opt/airflow/dags/shopee_dag.py
[2026-05-24T06:47:28.437+0000] {processor.py:830} INFO - Processing file /opt/airflow/dags/shopee_dag.py for tasks to queue
[2026-05-24T06:47:28.440+0000] {logging_mixin.py:188} INFO - [2026-05-24T06:47:28.439+0000] {dagbag.py:545} INFO - Filling up the DagBag from /opt/airflow/dags/shopee_dag.py
[2026-05-24T06:47:28.579+0000] {processor.py:840} INFO - DAG(s) 'shopee_pipeline' retrieved from /opt/airflow/dags/shopee_dag.py
[2026-05-24T06:47:28.632+0000] {logging_mixin.py:188} INFO - [2026-05-24T06:47:28.631+0000] {dag.py:3096} INFO - Sync 1 DAGs
[2026-05-24T06:47:28.671+0000] {logging_mixin.py:188} INFO - [2026-05-24T06:47:28.670+0000] {dag.py:3954} INFO - Setting next_dagrun for shopee_pipeline to 2026-05-23 01:00:00+00:00, run_after=2026-05-24 01:00:00+00:00
[2026-05-24T06:47:28.715+0000] {processor.py:183} INFO - Processing /opt/airflow/dags/shopee_dag.py took 0.289 seconds
[2026-05-24T06:47:59.048+0000] {processor.py:161} INFO - Started process (PID=12748) to work on /opt/airflow/dags/shopee_dag.py
[2026-05-24T06:47:59.050+0000] {processor.py:830} INFO - Processing file /opt/airflow/dags/shopee_dag.py for tasks to queue
[2026-05-24T06:47:59.052+0000] {logging_mixin.py:188} INFO - [2026-05-24T06:47:59.052+0000] {dagbag.py:545} INFO - Filling up the DagBag from /opt/airflow/dags/shopee_dag.py
[2026-05-24T06:47:59.186+0000] {processor.py:840} INFO - DAG(s) 'shopee_pipeline' retrieved from /opt/airflow/dags/shopee_dag.py
[2026-05-24T06:47:59.231+0000] {logging_mixin.py:188} INFO - [2026-05-24T06:47:59.230+0000] {dag.py:3096} INFO - Sync 1 DAGs
[2026-05-24T06:47:59.267+0000] {logging_mixin.py:188} INFO - [2026-05-24T06:47:59.267+0000] {dag.py:3954} INFO - Setting next_dagrun for shopee_pipeline to 2026-05-23 01:00:00+00:00, run_after=2026-05-24 01:00:00+00:00
[2026-05-24T06:47:59.297+0000] {processor.py:183} INFO - Processing /opt/airflow/dags/shopee_dag.py took 0.274 seconds
[2026-05-24T06:48:29.550+0000] {processor.py:161} INFO - Started process (PID=12837) to work on /opt/airflow/dags/shopee_dag.py
[2026-05-24T06:48:29.551+0000] {processor.py:830} INFO - Processing file /opt/airflow/dags/shopee_dag.py for tasks to queue
[2026-05-24T06:48:29.553+0000] {logging_mixin.py:188} INFO - [2026-05-24T06:48:29.553+0000] {dagbag.py:545} INFO - Filling up the DagBag from /opt/airflow/dags/shopee_dag.py
[2026-05-24T06:48:29.708+0000] {processor.py:840} INFO - DAG(s) 'shopee_pipeline' retrieved from /opt/airflow/dags/shopee_dag.py
[2026-05-24T06:48:29.749+0000] {logging_mixin.py:188} INFO - [2026-05-24T06:48:29.749+0000] {dag.py:3096} INFO - Sync 1 DAGs
[2026-05-24T06:48:29.782+0000] {logging_mixin.py:188} INFO - [2026-05-24T06:48:29.782+0000] {dag.py:3954} INFO - Setting next_dagrun for shopee_pipeline to 2026-05-23 01:00:00+00:00, run_after=2026-05-24 01:00:00+00:00
[2026-05-24T06:48:29.819+0000] {processor.py:183} INFO - Processing /opt/airflow/dags/shopee_dag.py took 0.278 seconds
[2026-05-24T06:49:00.102+0000] {processor.py:161} INFO - Started process (PID=12849) to work on /opt/airflow/dags/shopee_dag.py
[2026-05-24T06:49:00.104+0000] {processor.py:830} INFO - Processing file /opt/airflow/dags/shopee_dag.py for tasks to queue
[2026-05-24T06:49:00.109+0000] {logging_mixin.py:188} INFO - [2026-05-24T06:49:00.108+0000] {dagbag.py:545} INFO - Filling up the DagBag from /opt/airflow/dags/shopee_dag.py
[2026-05-24T06:49:00.277+0000] {processor.py:840} INFO - DAG(s) 'shopee_pipeline' retrieved from /opt/airflow/dags/shopee_dag.py
[2026-05-24T06:49:00.325+0000] {logging_mixin.py:188} INFO - [2026-05-24T06:49:00.324+0000] {dag.py:3096} INFO - Sync 1 DAGs
[2026-05-24T06:49:00.359+0000] {logging_mixin.py:188} INFO - [2026-05-24T06:49:00.359+0000] {dag.py:3954} INFO - Setting next_dagrun for shopee_pipeline to 2026-05-23 01:00:00+00:00, run_after=2026-05-24 01:00:00+00:00
[2026-05-24T06:49:00.390+0000] {processor.py:183} INFO - Processing /opt/airflow/dags/shopee_dag.py took 0.300 seconds
[2026-05-24T06:49:30.719+0000] {processor.py:161} INFO - Started process (PID=12936) to work on /opt/airflow/dags/shopee_dag.py
[2026-05-24T06:49:30.722+0000] {processor.py:830} INFO - Processing file /opt/airflow/dags/shopee_dag.py for tasks to queue
[2026-05-24T06:49:30.727+0000] {logging_mixin.py:188} INFO - [2026-05-24T06:49:30.725+0000] {dagbag.py:545} INFO - Filling up the DagBag from /opt/airflow/dags/shopee_dag.py
[2026-05-24T06:49:30.902+0000] {processor.py:840} INFO - DAG(s) 'shopee_pipeline' retrieved from /opt/airflow/dags/shopee_dag.py
[2026-05-24T06:49:30.953+0000] {logging_mixin.py:188} INFO - [2026-05-24T06:49:30.952+0000] {dag.py:3096} INFO - Sync 1 DAGs
[2026-05-24T06:49:30.994+0000] {logging_mixin.py:188} INFO - [2026-05-24T06:49:30.994+0000] {dag.py:3954} INFO - Setting next_dagrun for shopee_pipeline to 2026-05-23 01:00:00+00:00, run_after=2026-05-24 01:00:00+00:00
[2026-05-24T06:49:31.034+0000] {processor.py:183} INFO - Processing /opt/airflow/dags/shopee_dag.py took 0.325 seconds
[2026-05-24T06:50:01.278+0000] {processor.py:161} INFO - Started process (PID=12948) to work on /opt/airflow/dags/shopee_dag.py
[2026-05-24T06:50:01.280+0000] {processor.py:830} INFO - Processing file /opt/airflow/dags/shopee_dag.py for tasks to queue
[2026-05-24T06:50:01.283+0000] {logging_mixin.py:188} INFO - [2026-05-24T06:50:01.282+0000] {dagbag.py:545} INFO - Filling up the DagBag from /opt/airflow/dags/shopee_dag.py
[2026-05-24T06:50:01.427+0000] {processor.py:840} INFO - DAG(s) 'shopee_pipeline' retrieved from /opt/airflow/dags/shopee_dag.py
[2026-05-24T06:50:01.473+0000] {logging_mixin.py:188} INFO - [2026-05-24T06:50:01.472+0000] {dag.py:3096} INFO - Sync 1 DAGs
[2026-05-24T06:50:01.518+0000] {logging_mixin.py:188} INFO - [2026-05-24T06:50:01.518+0000] {dag.py:3954} INFO - Setting next_dagrun for shopee_pipeline to 2026-05-23 01:00:00+00:00, run_after=2026-05-24 01:00:00+00:00
[2026-05-24T06:50:01.554+0000] {processor.py:183} INFO - Processing /opt/airflow/dags/shopee_dag.py took 0.290 seconds
[2026-05-24T06:50:31.644+0000] {processor.py:161} INFO - Started process (PID=13068) to work on /opt/airflow/dags/shopee_dag.py
[2026-05-24T06:50:31.647+0000] {processor.py:830} INFO - Processing file /opt/airflow/dags/shopee_dag.py for tasks to queue
[2026-05-24T06:50:31.650+0000] {logging_mixin.py:188} INFO - [2026-05-24T06:50:31.650+0000] {dagbag.py:545} INFO - Filling up the DagBag from /opt/airflow/dags/shopee_dag.py
[2026-05-24T06:50:31.896+0000] {processor.py:840} INFO - DAG(s) 'shopee_pipeline' retrieved from /opt/airflow/dags/shopee_dag.py
[2026-05-24T06:50:31.989+0000] {logging_mixin.py:188} INFO - [2026-05-24T06:50:31.989+0000] {dag.py:3096} INFO - Sync 1 DAGs
[2026-05-24T06:50:32.073+0000] {logging_mixin.py:188} INFO - [2026-05-24T06:50:32.072+0000] {dag.py:3954} INFO - Setting next_dagrun for shopee_pipeline to 2026-05-23 01:00:00+00:00, run_after=2026-05-24 01:00:00+00:00
[2026-05-24T06:50:32.138+0000] {processor.py:183} INFO - Processing /opt/airflow/dags/shopee_dag.py took 0.510 seconds
[2026-05-24T06:51:02.501+0000] {processor.py:161} INFO - Started process (PID=13092) to work on /opt/airflow/dags/shopee_dag.py
[2026-05-24T06:51:02.503+0000] {processor.py:830} INFO - Processing file /opt/airflow/dags/shopee_dag.py for tasks to queue
[2026-05-24T06:51:02.506+0000] {logging_mixin.py:188} INFO - [2026-05-24T06:51:02.505+0000] {dagbag.py:545} INFO - Filling up the DagBag from /opt/airflow/dags/shopee_dag.py
[2026-05-24T06:51:02.665+0000] {processor.py:840} INFO - DAG(s) 'shopee_pipeline' retrieved from /opt/airflow/dags/shopee_dag.py
[2026-05-24T06:51:02.725+0000] {logging_mixin.py:188} INFO - [2026-05-24T06:51:02.724+0000] {dag.py:3096} INFO - Sync 1 DAGs
[2026-05-24T06:51:02.766+0000] {logging_mixin.py:188} INFO - [2026-05-24T06:51:02.766+0000] {dag.py:3954} INFO - Setting next_dagrun for shopee_pipeline to 2026-05-23 01:00:00+00:00, run_after=2026-05-24 01:00:00+00:00
[2026-05-24T06:51:02.801+0000] {processor.py:183} INFO - Processing /opt/airflow/dags/shopee_dag.py took 0.309 seconds
[2026-05-24T06:51:33.137+0000] {processor.py:161} INFO - Started process (PID=13209) to work on /opt/airflow/dags/shopee_dag.py
[2026-05-24T06:51:33.138+0000] {processor.py:830} INFO - Processing file /opt/airflow/dags/shopee_dag.py for tasks to queue
[2026-05-24T06:51:33.141+0000] {logging_mixin.py:188} INFO - [2026-05-24T06:51:33.140+0000] {dagbag.py:545} INFO - Filling up the DagBag from /opt/airflow/dags/shopee_dag.py
[2026-05-24T06:51:33.304+0000] {processor.py:840} INFO - DAG(s) 'shopee_pipeline' retrieved from /opt/airflow/dags/shopee_dag.py
[2026-05-24T06:51:33.351+0000] {logging_mixin.py:188} INFO - [2026-05-24T06:51:33.350+0000] {dag.py:3096} INFO - Sync 1 DAGs
[2026-05-24T06:51:33.384+0000] {logging_mixin.py:188} INFO - [2026-05-24T06:51:33.384+0000] {dag.py:3954} INFO - Setting next_dagrun for shopee_pipeline to 2026-05-23 01:00:00+00:00, run_after=2026-05-24 01:00:00+00:00
[2026-05-24T06:51:33.434+0000] {processor.py:183} INFO - Processing /opt/airflow/dags/shopee_dag.py took 0.307 seconds
[2026-05-24T06:52:03.801+0000] {processor.py:161} INFO - Started process (PID=13327) to work on /opt/airflow/dags/shopee_dag.py
[2026-05-24T06:52:03.803+0000] {processor.py:830} INFO - Processing file /opt/airflow/dags/shopee_dag.py for tasks to queue
[2026-05-24T06:52:03.807+0000] {logging_mixin.py:188} INFO - [2026-05-24T06:52:03.806+0000] {dagbag.py:545} INFO - Filling up the DagBag from /opt/airflow/dags/shopee_dag.py
[2026-05-24T06:52:03.991+0000] {processor.py:840} INFO - DAG(s) 'shopee_pipeline' retrieved from /opt/airflow/dags/shopee_dag.py
[2026-05-24T06:52:04.050+0000] {logging_mixin.py:188} INFO - [2026-05-24T06:52:04.050+0000] {dag.py:3096} INFO - Sync 1 DAGs
[2026-05-24T06:52:04.231+0000] {logging_mixin.py:188} INFO - [2026-05-24T06:52:04.230+0000] {dag.py:3954} INFO - Setting next_dagrun for shopee_pipeline to 2026-05-23 01:00:00+00:00, run_after=2026-05-24 01:00:00+00:00
[2026-05-24T06:52:04.269+0000] {processor.py:183} INFO - Processing /opt/airflow/dags/shopee_dag.py took 0.479 seconds
[2026-05-24T06:52:34.654+0000] {processor.py:161} INFO - Started process (PID=13415) to work on /opt/airflow/dags/shopee_dag.py
[2026-05-24T06:52:34.656+0000] {processor.py:830} INFO - Processing file /opt/airflow/dags/shopee_dag.py for tasks to queue
[2026-05-24T06:52:34.660+0000] {logging_mixin.py:188} INFO - [2026-05-24T06:52:34.659+0000] {dagbag.py:545} INFO - Filling up the DagBag from /opt/airflow/dags/shopee_dag.py
[2026-05-24T06:52:34.837+0000] {processor.py:840} INFO - DAG(s) 'shopee_pipeline' retrieved from /opt/airflow/dags/shopee_dag.py
[2026-05-24T06:52:34.892+0000] {logging_mixin.py:188} INFO - [2026-05-24T06:52:34.891+0000] {dag.py:3096} INFO - Sync 1 DAGs
[2026-05-24T06:52:34.936+0000] {logging_mixin.py:188} INFO - [2026-05-24T06:52:34.936+0000] {dag.py:3954} INFO - Setting next_dagrun for shopee_pipeline to 2026-05-23 01:00:00+00:00, run_after=2026-05-24 01:00:00+00:00
[2026-05-24T06:52:35.158+0000] {processor.py:183} INFO - Processing /opt/airflow/dags/shopee_dag.py took 0.519 seconds
[2026-05-24T06:53:05.586+0000] {processor.py:161} INFO - Started process (PID=13455) to work on /opt/airflow/dags/shopee_dag.py
[2026-05-24T06:53:05.589+0000] {processor.py:830} INFO - Processing file /opt/airflow/dags/shopee_dag.py for tasks to queue
[2026-05-24T06:53:05.594+0000] {logging_mixin.py:188} INFO - [2026-05-24T06:53:05.593+0000] {dagbag.py:545} INFO - Filling up the DagBag from /opt/airflow/dags/shopee_dag.py
[2026-05-24T06:53:05.805+0000] {processor.py:840} INFO - DAG(s) 'shopee_pipeline' retrieved from /opt/airflow/dags/shopee_dag.py
[2026-05-24T06:53:05.863+0000] {logging_mixin.py:188} INFO - [2026-05-24T06:53:05.863+0000] {dag.py:3096} INFO - Sync 1 DAGs
[2026-05-24T06:53:06.081+0000] {logging_mixin.py:188} INFO - [2026-05-24T06:53:06.081+0000] {dag.py:3954} INFO - Setting next_dagrun for shopee_pipeline to 2026-05-23 01:00:00+00:00, run_after=2026-05-24 01:00:00+00:00
[2026-05-24T06:53:06.121+0000] {processor.py:183} INFO - Processing /opt/airflow/dags/shopee_dag.py took 0.551 seconds
[2026-05-24T06:53:36.801+0000] {processor.py:161} INFO - Started process (PID=13559) to work on /opt/airflow/dags/shopee_dag.py
[2026-05-24T06:53:36.803+0000] {processor.py:830} INFO - Processing file /opt/airflow/dags/shopee_dag.py for tasks to queue
[2026-05-24T06:53:36.806+0000] {logging_mixin.py:188} INFO - [2026-05-24T06:53:36.806+0000] {dagbag.py:545} INFO - Filling up the DagBag from /opt/airflow/dags/shopee_dag.py
[2026-05-24T06:53:37.010+0000] {processor.py:840} INFO - DAG(s) 'shopee_pipeline' retrieved from /opt/airflow/dags/shopee_dag.py
[2026-05-24T06:53:37.077+0000] {logging_mixin.py:188} INFO - [2026-05-24T06:53:37.076+0000] {dag.py:3096} INFO - Sync 1 DAGs
[2026-05-24T06:53:37.339+0000] {logging_mixin.py:188} INFO - [2026-05-24T06:53:37.339+0000] {dag.py:3954} INFO - Setting next_dagrun for shopee_pipeline to 2026-05-23 01:00:00+00:00, run_after=2026-05-24 01:00:00+00:00
[2026-05-24T06:53:37.374+0000] {processor.py:183} INFO - Processing /opt/airflow/dags/shopee_dag.py took 0.588 seconds
[2026-05-24T06:54:07.755+0000] {processor.py:161} INFO - Started process (PID=13650) to work on /opt/airflow/dags/shopee_dag.py
[2026-05-24T06:54:07.757+0000] {processor.py:830} INFO - Processing file /opt/airflow/dags/shopee_dag.py for tasks to queue
[2026-05-24T06:54:07.759+0000] {logging_mixin.py:188} INFO - [2026-05-24T06:54:07.759+0000] {dagbag.py:545} INFO - Filling up the DagBag from /opt/airflow/dags/shopee_dag.py
[2026-05-24T06:54:08.120+0000] {processor.py:840} INFO - DAG(s) 'shopee_pipeline' retrieved from /opt/airflow/dags/shopee_dag.py
[2026-05-24T06:54:08.169+0000] {logging_mixin.py:188} INFO - [2026-05-24T06:54:08.168+0000] {dag.py:3096} INFO - Sync 1 DAGs
[2026-05-24T06:54:08.213+0000] {logging_mixin.py:188} INFO - [2026-05-24T06:54:08.212+0000] {dag.py:3954} INFO - Setting next_dagrun for shopee_pipeline to 2026-05-23 01:00:00+00:00, run_after=2026-05-24 01:00:00+00:00
[2026-05-24T06:54:08.257+0000] {processor.py:183} INFO - Processing /opt/airflow/dags/shopee_dag.py took 0.511 seconds
[2026-05-24T06:54:38.320+0000] {processor.py:161} INFO - Started process (PID=13694) to work on /opt/airflow/dags/shopee_dag.py
[2026-05-24T06:54:38.321+0000] {processor.py:830} INFO - Processing file /opt/airflow/dags/shopee_dag.py for tasks to queue
[2026-05-24T06:54:38.324+0000] {logging_mixin.py:188} INFO - [2026-05-24T06:54:38.324+0000] {dagbag.py:545} INFO - Filling up the DagBag from /opt/airflow/dags/shopee_dag.py
[2026-05-24T06:54:38.458+0000] {processor.py:840} INFO - DAG(s) 'shopee_pipeline' retrieved from /opt/airflow/dags/shopee_dag.py
[2026-05-24T06:54:38.496+0000] {logging_mixin.py:188} INFO - [2026-05-24T06:54:38.495+0000] {dag.py:3096} INFO - Sync 1 DAGs
[2026-05-24T06:54:38.668+0000] {logging_mixin.py:188} INFO - [2026-05-24T06:54:38.668+0000] {dag.py:3954} INFO - Setting next_dagrun for shopee_pipeline to 2026-05-23 01:00:00+00:00, run_after=2026-05-24 01:00:00+00:00
[2026-05-24T06:54:38.702+0000] {processor.py:183} INFO - Processing /opt/airflow/dags/shopee_dag.py took 0.392 seconds
[2026-05-24T06:55:08.998+0000] {processor.py:161} INFO - Started process (PID=13780) to work on /opt/airflow/dags/shopee_dag.py
[2026-05-24T06:55:09.000+0000] {processor.py:830} INFO - Processing file /opt/airflow/dags/shopee_dag.py for tasks to queue
[2026-05-24T06:55:09.003+0000] {logging_mixin.py:188} INFO - [2026-05-24T06:55:09.002+0000] {dagbag.py:545} INFO - Filling up the DagBag from /opt/airflow/dags/shopee_dag.py
[2026-05-24T06:55:09.267+0000] {processor.py:840} INFO - DAG(s) 'shopee_pipeline' retrieved from /opt/airflow/dags/shopee_dag.py
[2026-05-24T06:55:09.327+0000] {logging_mixin.py:188} INFO - [2026-05-24T06:55:09.326+0000] {dag.py:3096} INFO - Sync 1 DAGs
[2026-05-24T06:55:09.379+0000] {logging_mixin.py:188} INFO - [2026-05-24T06:55:09.378+0000] {dag.py:3954} INFO - Setting next_dagrun for shopee_pipeline to 2026-05-23 01:00:00+00:00, run_after=2026-05-24 01:00:00+00:00
[2026-05-24T06:55:09.592+0000] {processor.py:183} INFO - Processing /opt/airflow/dags/shopee_dag.py took 0.611 seconds
[2026-05-24T06:55:39.837+0000] {processor.py:161} INFO - Started process (PID=13827) to work on /opt/airflow/dags/shopee_dag.py
[2026-05-24T06:55:39.839+0000] {processor.py:830} INFO - Processing file /opt/airflow/dags/shopee_dag.py for tasks to queue
[2026-05-24T06:55:39.842+0000] {logging_mixin.py:188} INFO - [2026-05-24T06:55:39.841+0000] {dagbag.py:545} INFO - Filling up the DagBag from /opt/airflow/dags/shopee_dag.py
[2026-05-24T06:55:40.036+0000] {processor.py:840} INFO - DAG(s) 'shopee_pipeline' retrieved from /opt/airflow/dags/shopee_dag.py
[2026-05-24T06:55:40.095+0000] {logging_mixin.py:188} INFO - [2026-05-24T06:55:40.095+0000] {dag.py:3096} INFO - Sync 1 DAGs
[2026-05-24T06:55:40.361+0000] {logging_mixin.py:188} INFO - [2026-05-24T06:55:40.360+0000] {dag.py:3954} INFO - Setting next_dagrun for shopee_pipeline to 2026-05-23 01:00:00+00:00, run_after=2026-05-24 01:00:00+00:00
[2026-05-24T06:55:40.400+0000] {processor.py:183} INFO - Processing /opt/airflow/dags/shopee_dag.py took 0.574 seconds
[2026-05-24T06:56:10.732+0000] {processor.py:161} INFO - Started process (PID=13927) to work on /opt/airflow/dags/shopee_dag.py
[2026-05-24T06:56:10.734+0000] {processor.py:830} INFO - Processing file /opt/airflow/dags/shopee_dag.py for tasks to queue
[2026-05-24T06:56:10.737+0000] {logging_mixin.py:188} INFO - [2026-05-24T06:56:10.736+0000] {dagbag.py:545} INFO - Filling up the DagBag from /opt/airflow/dags/shopee_dag.py
[2026-05-24T06:56:10.993+0000] {processor.py:840} INFO - DAG(s) 'shopee_pipeline' retrieved from /opt/airflow/dags/shopee_dag.py
[2026-05-24T06:56:11.060+0000] {logging_mixin.py:188} INFO - [2026-05-24T06:56:11.059+0000] {dag.py:3096} INFO - Sync 1 DAGs
[2026-05-24T06:56:11.408+0000] {logging_mixin.py:188} INFO - [2026-05-24T06:56:11.407+0000] {dag.py:3954} INFO - Setting next_dagrun for shopee_pipeline to 2026-05-23 01:00:00+00:00, run_after=2026-05-24 01:00:00+00:00
[2026-05-24T06:56:11.484+0000] {processor.py:183} INFO - Processing /opt/airflow/dags/shopee_dag.py took 0.766 seconds
[2026-05-24T06:56:41.708+0000] {processor.py:161} INFO - Started process (PID=13940) to work on /opt/airflow/dags/shopee_dag.py
[2026-05-24T06:56:41.710+0000] {processor.py:830} INFO - Processing file /opt/airflow/dags/shopee_dag.py for tasks to queue
[2026-05-24T06:56:41.713+0000] {logging_mixin.py:188} INFO - [2026-05-24T06:56:41.713+0000] {dagbag.py:545} INFO - Filling up the DagBag from /opt/airflow/dags/shopee_dag.py
[2026-05-24T06:56:41.925+0000] {processor.py:840} INFO - DAG(s) 'shopee_pipeline' retrieved from /opt/airflow/dags/shopee_dag.py
[2026-05-24T06:56:42.203+0000] {logging_mixin.py:188} INFO - [2026-05-24T06:56:42.202+0000] {dag.py:3096} INFO - Sync 1 DAGs
[2026-05-24T06:56:42.236+0000] {logging_mixin.py:188} INFO - [2026-05-24T06:56:42.235+0000] {dag.py:3954} INFO - Setting next_dagrun for shopee_pipeline to 2026-05-23 01:00:00+00:00, run_after=2026-05-24 01:00:00+00:00
[2026-05-24T06:56:42.278+0000] {processor.py:183} INFO - Processing /opt/airflow/dags/shopee_dag.py took 0.585 seconds
[2026-05-24T06:57:12.656+0000] {processor.py:161} INFO - Started process (PID=14060) to work on /opt/airflow/dags/shopee_dag.py
[2026-05-24T06:57:12.658+0000] {processor.py:830} INFO - Processing file /opt/airflow/dags/shopee_dag.py for tasks to queue
[2026-05-24T06:57:12.661+0000] {logging_mixin.py:188} INFO - [2026-05-24T06:57:12.661+0000] {dagbag.py:545} INFO - Filling up the DagBag from /opt/airflow/dags/shopee_dag.py
[2026-05-24T06:57:13.027+0000] {processor.py:840} INFO - DAG(s) 'shopee_pipeline' retrieved from /opt/airflow/dags/shopee_dag.py
[2026-05-24T06:57:13.079+0000] {logging_mixin.py:188} INFO - [2026-05-24T06:57:13.078+0000] {dag.py:3096} INFO - Sync 1 DAGs
[2026-05-24T06:57:13.121+0000] {logging_mixin.py:188} INFO - [2026-05-24T06:57:13.120+0000] {dag.py:3954} INFO - Setting next_dagrun for shopee_pipeline to 2026-05-23 01:00:00+00:00, run_after=2026-05-24 01:00:00+00:00
[2026-05-24T06:57:13.160+0000] {processor.py:183} INFO - Processing /opt/airflow/dags/shopee_dag.py took 0.515 seconds
[2026-05-24T06:57:43.322+0000] {processor.py:161} INFO - Started process (PID=14181) to work on /opt/airflow/dags/shopee_dag.py
[2026-05-24T06:57:43.325+0000] {processor.py:830} INFO - Processing file /opt/airflow/dags/shopee_dag.py for tasks to queue
[2026-05-24T06:57:43.328+0000] {logging_mixin.py:188} INFO - [2026-05-24T06:57:43.327+0000] {dagbag.py:545} INFO - Filling up the DagBag from /opt/airflow/dags/shopee_dag.py
[2026-05-24T06:57:43.685+0000] {processor.py:840} INFO - DAG(s) 'shopee_pipeline' retrieved from /opt/airflow/dags/shopee_dag.py
[2026-05-24T06:57:43.726+0000] {logging_mixin.py:188} INFO - [2026-05-24T06:57:43.726+0000] {dag.py:3096} INFO - Sync 1 DAGs
[2026-05-24T06:57:43.759+0000] {logging_mixin.py:188} INFO - [2026-05-24T06:57:43.758+0000] {dag.py:3954} INFO - Setting next_dagrun for shopee_pipeline to 2026-05-23 01:00:00+00:00, run_after=2026-05-24 01:00:00+00:00
[2026-05-24T06:57:43.789+0000] {processor.py:183} INFO - Processing /opt/airflow/dags/shopee_dag.py took 0.479 seconds
[2026-05-24T06:58:14.191+0000] {processor.py:161} INFO - Started process (PID=14273) to work on /opt/airflow/dags/shopee_dag.py
[2026-05-24T06:58:14.192+0000] {processor.py:830} INFO - Processing file /opt/airflow/dags/shopee_dag.py for tasks to queue
[2026-05-24T06:58:14.195+0000] {logging_mixin.py:188} INFO - [2026-05-24T06:58:14.195+0000] {dagbag.py:545} INFO - Filling up the DagBag from /opt/airflow/dags/shopee_dag.py
[2026-05-24T06:58:14.377+0000] {processor.py:840} INFO - DAG(s) 'shopee_pipeline' retrieved from /opt/airflow/dags/shopee_dag.py
[2026-05-24T06:58:14.808+0000] {logging_mixin.py:188} INFO - [2026-05-24T06:58:14.807+0000] {dag.py:3096} INFO - Sync 1 DAGs
[2026-05-24T06:58:14.851+0000] {logging_mixin.py:188} INFO - [2026-05-24T06:58:14.850+0000] {dag.py:3954} INFO - Setting next_dagrun for shopee_pipeline to 2026-05-23 01:00:00+00:00, run_after=2026-05-24 01:00:00+00:00
[2026-05-24T06:58:14.900+0000] {processor.py:183} INFO - Processing /opt/airflow/dags/shopee_dag.py took 0.725 seconds
[2026-05-24T06:58:45.291+0000] {processor.py:161} INFO - Started process (PID=14314) to work on /opt/airflow/dags/shopee_dag.py
[2026-05-24T06:58:45.293+0000] {processor.py:830} INFO - Processing file /opt/airflow/dags/shopee_dag.py for tasks to queue
[2026-05-24T06:58:45.296+0000] {logging_mixin.py:188} INFO - [2026-05-24T06:58:45.295+0000] {dagbag.py:545} INFO - Filling up the DagBag from /opt/airflow/dags/shopee_dag.py
[2026-05-24T06:58:45.650+0000] {processor.py:840} INFO - DAG(s) 'shopee_pipeline' retrieved from /opt/airflow/dags/shopee_dag.py
[2026-05-24T06:58:45.709+0000] {logging_mixin.py:188} INFO - [2026-05-24T06:58:45.709+0000] {dag.py:3096} INFO - Sync 1 DAGs
[2026-05-24T06:58:45.751+0000] {logging_mixin.py:188} INFO - [2026-05-24T06:58:45.750+0000] {dag.py:3954} INFO - Setting next_dagrun for shopee_pipeline to 2026-05-23 01:00:00+00:00, run_after=2026-05-24 01:00:00+00:00
[2026-05-24T06:58:45.780+0000] {processor.py:183} INFO - Processing /opt/airflow/dags/shopee_dag.py took 0.501 seconds
[2026-05-24T06:59:16.120+0000] {processor.py:161} INFO - Started process (PID=14437) to work on /opt/airflow/dags/shopee_dag.py
[2026-05-24T06:59:16.122+0000] {processor.py:830} INFO - Processing file /opt/airflow/dags/shopee_dag.py for tasks to queue
[2026-05-24T06:59:16.124+0000] {logging_mixin.py:188} INFO - [2026-05-24T06:59:16.124+0000] {dagbag.py:545} INFO - Filling up the DagBag from /opt/airflow/dags/shopee_dag.py
[2026-05-24T06:59:16.523+0000] {processor.py:840} INFO - DAG(s) 'shopee_pipeline' retrieved from /opt/airflow/dags/shopee_dag.py
[2026-05-24T06:59:16.573+0000] {logging_mixin.py:188} INFO - [2026-05-24T06:59:16.573+0000] {dag.py:3096} INFO - Sync 1 DAGs
[2026-05-24T06:59:16.625+0000] {logging_mixin.py:188} INFO - [2026-05-24T06:59:16.624+0000] {dag.py:3954} INFO - Setting next_dagrun for shopee_pipeline to 2026-05-23 01:00:00+00:00, run_after=2026-05-24 01:00:00+00:00
[2026-05-24T06:59:16.657+0000] {processor.py:183} INFO - Processing /opt/airflow/dags/shopee_dag.py took 0.547 seconds
[2026-05-24T06:59:47.056+0000] {processor.py:161} INFO - Started process (PID=14529) to work on /opt/airflow/dags/shopee_dag.py
[2026-05-24T06:59:47.058+0000] {processor.py:830} INFO - Processing file /opt/airflow/dags/shopee_dag.py for tasks to queue
[2026-05-24T06:59:47.060+0000] {logging_mixin.py:188} INFO - [2026-05-24T06:59:47.060+0000] {dagbag.py:545} INFO - Filling up the DagBag from /opt/airflow/dags/shopee_dag.py
[2026-05-24T06:59:47.244+0000] {processor.py:840} INFO - DAG(s) 'shopee_pipeline' retrieved from /opt/airflow/dags/shopee_dag.py
[2026-05-24T06:59:47.518+0000] {logging_mixin.py:188} INFO - [2026-05-24T06:59:47.517+0000] {dag.py:3096} INFO - Sync 1 DAGs
[2026-05-24T06:59:47.576+0000] {logging_mixin.py:188} INFO - [2026-05-24T06:59:47.576+0000] {dag.py:3954} INFO - Setting next_dagrun for shopee_pipeline to 2026-05-23 01:00:00+00:00, run_after=2026-05-24 01:00:00+00:00
[2026-05-24T06:59:47.632+0000] {processor.py:183} INFO - Processing /opt/airflow/dags/shopee_dag.py took 0.587 seconds
[2026-05-24T07:00:18.162+0000] {processor.py:161} INFO - Started process (PID=14547) to work on /opt/airflow/dags/shopee_dag.py
[2026-05-24T07:00:18.163+0000] {processor.py:830} INFO - Processing file /opt/airflow/dags/shopee_dag.py for tasks to queue
[2026-05-24T07:00:18.164+0000] {logging_mixin.py:188} INFO - [2026-05-24T07:00:18.164+0000] {dagbag.py:545} INFO - Filling up the DagBag from /opt/airflow/dags/shopee_dag.py
[2026-05-24T07:00:18.409+0000] {processor.py:840} INFO - DAG(s) 'shopee_pipeline' retrieved from /opt/airflow/dags/shopee_dag.py
[2026-05-24T07:00:18.439+0000] {logging_mixin.py:188} INFO - [2026-05-24T07:00:18.439+0000] {dag.py:3096} INFO - Sync 1 DAGs
[2026-05-24T07:00:18.460+0000] {logging_mixin.py:188} INFO - [2026-05-24T07:00:18.460+0000] {dag.py:3954} INFO - Setting next_dagrun for shopee_pipeline to 2026-05-23 01:00:00+00:00, run_after=2026-05-24 01:00:00+00:00
[2026-05-24T07:00:18.486+0000] {processor.py:183} INFO - Processing /opt/airflow/dags/shopee_dag.py took 0.331 seconds
[2026-05-24T07:00:48.878+0000] {processor.py:161} INFO - Started process (PID=14656) to work on /opt/airflow/dags/shopee_dag.py
[2026-05-24T07:00:48.880+0000] {processor.py:830} INFO - Processing file /opt/airflow/dags/shopee_dag.py for tasks to queue
[2026-05-24T07:00:48.883+0000] {logging_mixin.py:188} INFO - [2026-05-24T07:00:48.883+0000] {dagbag.py:545} INFO - Filling up the DagBag from /opt/airflow/dags/shopee_dag.py
[2026-05-24T07:00:49.642+0000] {processor.py:840} INFO - DAG(s) 'shopee_pipeline' retrieved from /opt/airflow/dags/shopee_dag.py
[2026-05-24T07:00:49.715+0000] {logging_mixin.py:188} INFO - [2026-05-24T07:00:49.714+0000] {dag.py:3096} INFO - Sync 1 DAGs
[2026-05-24T07:00:49.761+0000] {logging_mixin.py:188} INFO - [2026-05-24T07:00:49.760+0000] {dag.py:3954} INFO - Setting next_dagrun for shopee_pipeline to 2026-05-23 01:00:00+00:00, run_after=2026-05-24 01:00:00+00:00
[2026-05-24T07:00:49.818+0000] {processor.py:183} INFO - Processing /opt/airflow/dags/shopee_dag.py took 0.953 seconds
[2026-05-24T07:01:20.037+0000] {processor.py:161} INFO - Started process (PID=14689) to work on /opt/airflow/dags/shopee_dag.py
[2026-05-24T07:01:20.040+0000] {processor.py:830} INFO - Processing file /opt/airflow/dags/shopee_dag.py for tasks to queue
[2026-05-24T07:01:20.044+0000] {logging_mixin.py:188} INFO - [2026-05-24T07:01:20.043+0000] {dagbag.py:545} INFO - Filling up the DagBag from /opt/airflow/dags/shopee_dag.py
[2026-05-24T07:01:20.468+0000] {processor.py:840} INFO - DAG(s) 'shopee_pipeline' retrieved from /opt/airflow/dags/shopee_dag.py
[2026-05-24T07:01:20.517+0000] {logging_mixin.py:188} INFO - [2026-05-24T07:01:20.516+0000] {dag.py:3096} INFO - Sync 1 DAGs
[2026-05-24T07:01:20.568+0000] {logging_mixin.py:188} INFO - [2026-05-24T07:01:20.568+0000] {dag.py:3954} INFO - Setting next_dagrun for shopee_pipeline to 2026-05-23 01:00:00+00:00, run_after=2026-05-24 01:00:00+00:00
[2026-05-24T07:01:20.616+0000] {processor.py:183} INFO - Processing /opt/airflow/dags/shopee_dag.py took 0.600 seconds
[2026-05-24T07:01:51.003+0000] {processor.py:161} INFO - Started process (PID=14810) to work on /opt/airflow/dags/shopee_dag.py
[2026-05-24T07:01:51.005+0000] {processor.py:830} INFO - Processing file /opt/airflow/dags/shopee_dag.py for tasks to queue
[2026-05-24T07:01:51.008+0000] {logging_mixin.py:188} INFO - [2026-05-24T07:01:51.008+0000] {dagbag.py:545} INFO - Filling up the DagBag from /opt/airflow/dags/shopee_dag.py
[2026-05-24T07:01:51.341+0000] {processor.py:840} INFO - DAG(s) 'shopee_pipeline' retrieved from /opt/airflow/dags/shopee_dag.py
[2026-05-24T07:01:51.399+0000] {logging_mixin.py:188} INFO - [2026-05-24T07:01:51.398+0000] {dag.py:3096} INFO - Sync 1 DAGs
[2026-05-24T07:01:51.434+0000] {logging_mixin.py:188} INFO - [2026-05-24T07:01:51.434+0000] {dag.py:3954} INFO - Setting next_dagrun for shopee_pipeline to 2026-05-23 01:00:00+00:00, run_after=2026-05-24 01:00:00+00:00
[2026-05-24T07:01:51.474+0000] {processor.py:183} INFO - Processing /opt/airflow/dags/shopee_dag.py took 0.482 seconds
[2026-05-24T07:02:21.933+0000] {processor.py:161} INFO - Started process (PID=14898) to work on /opt/airflow/dags/shopee_dag.py
[2026-05-24T07:02:21.935+0000] {processor.py:830} INFO - Processing file /opt/airflow/dags/shopee_dag.py for tasks to queue
[2026-05-24T07:02:21.938+0000] {logging_mixin.py:188} INFO - [2026-05-24T07:02:21.938+0000] {dagbag.py:545} INFO - Filling up the DagBag from /opt/airflow/dags/shopee_dag.py
[2026-05-24T07:02:22.301+0000] {processor.py:840} INFO - DAG(s) 'shopee_pipeline' retrieved from /opt/airflow/dags/shopee_dag.py
[2026-05-24T07:02:22.356+0000] {logging_mixin.py:188} INFO - [2026-05-24T07:02:22.356+0000] {dag.py:3096} INFO - Sync 1 DAGs
[2026-05-24T07:02:22.393+0000] {logging_mixin.py:188} INFO - [2026-05-24T07:02:22.393+0000] {dag.py:3954} INFO - Setting next_dagrun for shopee_pipeline to 2026-05-23 01:00:00+00:00, run_after=2026-05-24 01:00:00+00:00
[2026-05-24T07:02:22.430+0000] {processor.py:183} INFO - Processing /opt/airflow/dags/shopee_dag.py took 0.511 seconds
[2026-05-24T07:02:52.798+0000] {processor.py:161} INFO - Started process (PID=14938) to work on /opt/airflow/dags/shopee_dag.py
[2026-05-24T07:02:52.800+0000] {processor.py:830} INFO - Processing file /opt/airflow/dags/shopee_dag.py for tasks to queue
[2026-05-24T07:02:52.805+0000] {logging_mixin.py:188} INFO - [2026-05-24T07:02:52.804+0000] {dagbag.py:545} INFO - Filling up the DagBag from /opt/airflow/dags/shopee_dag.py
[2026-05-24T07:02:53.174+0000] {processor.py:840} INFO - DAG(s) 'shopee_pipeline' retrieved from /opt/airflow/dags/shopee_dag.py
[2026-05-24T07:02:53.221+0000] {logging_mixin.py:188} INFO - [2026-05-24T07:02:53.220+0000] {dag.py:3096} INFO - Sync 1 DAGs
[2026-05-24T07:02:53.262+0000] {logging_mixin.py:188} INFO - [2026-05-24T07:02:53.262+0000] {dag.py:3954} INFO - Setting next_dagrun for shopee_pipeline to 2026-05-23 01:00:00+00:00, run_after=2026-05-24 01:00:00+00:00
[2026-05-24T07:02:53.294+0000] {processor.py:183} INFO - Processing /opt/airflow/dags/shopee_dag.py took 0.506 seconds
[2026-05-24T07:03:23.688+0000] {processor.py:161} INFO - Started process (PID=15058) to work on /opt/airflow/dags/shopee_dag.py
[2026-05-24T07:03:23.691+0000] {processor.py:830} INFO - Processing file /opt/airflow/dags/shopee_dag.py for tasks to queue
[2026-05-24T07:03:23.696+0000] {logging_mixin.py:188} INFO - [2026-05-24T07:03:23.695+0000] {dagbag.py:545} INFO - Filling up the DagBag from /opt/airflow/dags/shopee_dag.py
[2026-05-24T07:03:24.057+0000] {processor.py:840} INFO - DAG(s) 'shopee_pipeline' retrieved from /opt/airflow/dags/shopee_dag.py
[2026-05-24T07:03:24.106+0000] {logging_mixin.py:188} INFO - [2026-05-24T07:03:24.106+0000] {dag.py:3096} INFO - Sync 1 DAGs
[2026-05-24T07:03:24.145+0000] {logging_mixin.py:188} INFO - [2026-05-24T07:03:24.145+0000] {dag.py:3954} INFO - Setting next_dagrun for shopee_pipeline to 2026-05-23 01:00:00+00:00, run_after=2026-05-24 01:00:00+00:00
[2026-05-24T07:03:24.188+0000] {processor.py:183} INFO - Processing /opt/airflow/dags/shopee_dag.py took 0.514 seconds
[2026-05-24T07:03:54.561+0000] {processor.py:161} INFO - Started process (PID=15147) to work on /opt/airflow/dags/shopee_dag.py
[2026-05-24T07:03:54.562+0000] {processor.py:830} INFO - Processing file /opt/airflow/dags/shopee_dag.py for tasks to queue
[2026-05-24T07:03:54.565+0000] {logging_mixin.py:188} INFO - [2026-05-24T07:03:54.564+0000] {dagbag.py:545} INFO - Filling up the DagBag from /opt/airflow/dags/shopee_dag.py
[2026-05-24T07:03:54.943+0000] {processor.py:840} INFO - DAG(s) 'shopee_pipeline' retrieved from /opt/airflow/dags/shopee_dag.py
[2026-05-24T07:03:54.997+0000] {logging_mixin.py:188} INFO - [2026-05-24T07:03:54.997+0000] {dag.py:3096} INFO - Sync 1 DAGs
[2026-05-24T07:03:55.045+0000] {logging_mixin.py:188} INFO - [2026-05-24T07:03:55.045+0000] {dag.py:3954} INFO - Setting next_dagrun for shopee_pipeline to 2026-05-23 01:00:00+00:00, run_after=2026-05-24 01:00:00+00:00
[2026-05-24T07:03:55.081+0000] {processor.py:183} INFO - Processing /opt/airflow/dags/shopee_dag.py took 0.536 seconds
[2026-05-24T07:04:25.237+0000] {processor.py:161} INFO - Started process (PID=15189) to work on /opt/airflow/dags/shopee_dag.py
[2026-05-24T07:04:25.239+0000] {processor.py:830} INFO - Processing file /opt/airflow/dags/shopee_dag.py for tasks to queue
[2026-05-24T07:04:25.242+0000] {logging_mixin.py:188} INFO - [2026-05-24T07:04:25.242+0000] {dagbag.py:545} INFO - Filling up the DagBag from /opt/airflow/dags/shopee_dag.py
[2026-05-24T07:04:25.609+0000] {processor.py:840} INFO - DAG(s) 'shopee_pipeline' retrieved from /opt/airflow/dags/shopee_dag.py
[2026-05-24T07:04:25.656+0000] {logging_mixin.py:188} INFO - [2026-05-24T07:04:25.656+0000] {dag.py:3096} INFO - Sync 1 DAGs
[2026-05-24T07:04:25.694+0000] {logging_mixin.py:188} INFO - [2026-05-24T07:04:25.693+0000] {dag.py:3954} INFO - Setting next_dagrun for shopee_pipeline to 2026-05-23 01:00:00+00:00, run_after=2026-05-24 01:00:00+00:00
[2026-05-24T07:04:25.726+0000] {processor.py:183} INFO - Processing /opt/airflow/dags/shopee_dag.py took 0.503 seconds
[2026-05-24T07:04:56.603+0000] {processor.py:161} INFO - Started process (PID=15291) to work on /opt/airflow/dags/shopee_dag.py
[2026-05-24T07:04:56.605+0000] {processor.py:830} INFO - Processing file /opt/airflow/dags/shopee_dag.py for tasks to queue
[2026-05-24T07:04:56.608+0000] {logging_mixin.py:188} INFO - [2026-05-24T07:04:56.608+0000] {dagbag.py:545} INFO - Filling up the DagBag from /opt/airflow/dags/shopee_dag.py
[2026-05-24T07:04:56.797+0000] {processor.py:840} INFO - DAG(s) 'shopee_pipeline' retrieved from /opt/airflow/dags/shopee_dag.py
[2026-05-24T07:04:56.856+0000] {logging_mixin.py:188} INFO - [2026-05-24T07:04:56.855+0000] {dag.py:3096} INFO - Sync 1 DAGs
[2026-05-24T07:04:56.896+0000] {logging_mixin.py:188} INFO - [2026-05-24T07:04:56.895+0000] {dag.py:3954} INFO - Setting next_dagrun for shopee_pipeline to 2026-05-23 01:00:00+00:00, run_after=2026-05-24 01:00:00+00:00
[2026-05-24T07:04:56.933+0000] {processor.py:183} INFO - Processing /opt/airflow/dags/shopee_dag.py took 0.353 seconds
[2026-05-24T07:05:27.310+0000] {processor.py:161} INFO - Started process (PID=15392) to work on /opt/airflow/dags/shopee_dag.py
[2026-05-24T07:05:27.316+0000] {processor.py:830} INFO - Processing file /opt/airflow/dags/shopee_dag.py for tasks to queue
[2026-05-24T07:05:27.322+0000] {logging_mixin.py:188} INFO - [2026-05-24T07:05:27.320+0000] {dagbag.py:545} INFO - Filling up the DagBag from /opt/airflow/dags/shopee_dag.py
[2026-05-24T07:05:27.561+0000] {processor.py:840} INFO - DAG(s) 'shopee_pipeline' retrieved from /opt/airflow/dags/shopee_dag.py
[2026-05-24T07:05:27.648+0000] {logging_mixin.py:188} INFO - [2026-05-24T07:05:27.647+0000] {dag.py:3096} INFO - Sync 1 DAGs
[2026-05-24T07:05:27.712+0000] {logging_mixin.py:188} INFO - [2026-05-24T07:05:27.711+0000] {dag.py:3954} INFO - Setting next_dagrun for shopee_pipeline to 2026-05-23 01:00:00+00:00, run_after=2026-05-24 01:00:00+00:00
[2026-05-24T07:05:27.768+0000] {processor.py:183} INFO - Processing /opt/airflow/dags/shopee_dag.py took 0.471 seconds
[2026-05-24T07:05:58.654+0000] {processor.py:161} INFO - Started process (PID=15406) to work on /opt/airflow/dags/shopee_dag.py
[2026-05-24T07:05:58.655+0000] {processor.py:830} INFO - Processing file /opt/airflow/dags/shopee_dag.py for tasks to queue
[2026-05-24T07:05:58.658+0000] {logging_mixin.py:188} INFO - [2026-05-24T07:05:58.658+0000] {dagbag.py:545} INFO - Filling up the DagBag from /opt/airflow/dags/shopee_dag.py
[2026-05-24T07:05:58.831+0000] {processor.py:840} INFO - DAG(s) 'shopee_pipeline' retrieved from /opt/airflow/dags/shopee_dag.py
[2026-05-24T07:05:58.888+0000] {logging_mixin.py:188} INFO - [2026-05-24T07:05:58.887+0000] {dag.py:3096} INFO - Sync 1 DAGs
[2026-05-24T07:05:58.935+0000] {logging_mixin.py:188} INFO - [2026-05-24T07:05:58.934+0000] {dag.py:3954} INFO - Setting next_dagrun for shopee_pipeline to 2026-05-23 01:00:00+00:00, run_after=2026-05-24 01:00:00+00:00
[2026-05-24T07:05:58.972+0000] {processor.py:183} INFO - Processing /opt/airflow/dags/shopee_dag.py took 0.328 seconds
[2026-05-24T07:06:29.347+0000] {processor.py:161} INFO - Started process (PID=15509) to work on /opt/airflow/dags/shopee_dag.py
[2026-05-24T07:06:29.350+0000] {processor.py:830} INFO - Processing file /opt/airflow/dags/shopee_dag.py for tasks to queue
[2026-05-24T07:06:29.355+0000] {logging_mixin.py:188} INFO - [2026-05-24T07:06:29.354+0000] {dagbag.py:545} INFO - Filling up the DagBag from /opt/airflow/dags/shopee_dag.py
[2026-05-24T07:06:29.594+0000] {processor.py:840} INFO - DAG(s) 'shopee_pipeline' retrieved from /opt/airflow/dags/shopee_dag.py
[2026-05-24T07:06:29.691+0000] {logging_mixin.py:188} INFO - [2026-05-24T07:06:29.690+0000] {dag.py:3096} INFO - Sync 1 DAGs
[2026-05-24T07:06:29.775+0000] {logging_mixin.py:188} INFO - [2026-05-24T07:06:29.775+0000] {dag.py:3954} INFO - Setting next_dagrun for shopee_pipeline to 2026-05-23 01:00:00+00:00, run_after=2026-05-24 01:00:00+00:00
[2026-05-24T07:06:29.861+0000] {processor.py:183} INFO - Processing /opt/airflow/dags/shopee_dag.py took 0.528 seconds
[2026-05-24T07:07:00.327+0000] {processor.py:161} INFO - Started process (PID=15601) to work on /opt/airflow/dags/shopee_dag.py
[2026-05-24T07:07:00.330+0000] {processor.py:830} INFO - Processing file /opt/airflow/dags/shopee_dag.py for tasks to queue
[2026-05-24T07:07:00.335+0000] {logging_mixin.py:188} INFO - [2026-05-24T07:07:00.334+0000] {dagbag.py:545} INFO - Filling up the DagBag from /opt/airflow/dags/shopee_dag.py
[2026-05-24T07:07:00.490+0000] {processor.py:840} INFO - DAG(s) 'shopee_pipeline' retrieved from /opt/airflow/dags/shopee_dag.py
[2026-05-24T07:07:00.534+0000] {logging_mixin.py:188} INFO - [2026-05-24T07:07:00.534+0000] {dag.py:3096} INFO - Sync 1 DAGs
[2026-05-24T07:07:00.576+0000] {logging_mixin.py:188} INFO - [2026-05-24T07:07:00.575+0000] {dag.py:3954} INFO - Setting next_dagrun for shopee_pipeline to 2026-05-23 01:00:00+00:00, run_after=2026-05-24 01:00:00+00:00
[2026-05-24T07:07:00.646+0000] {processor.py:183} INFO - Processing /opt/airflow/dags/shopee_dag.py took 0.336 seconds
[2026-05-24T07:07:31.319+0000] {processor.py:161} INFO - Started process (PID=15643) to work on /opt/airflow/dags/shopee_dag.py
[2026-05-24T07:07:31.321+0000] {processor.py:830} INFO - Processing file /opt/airflow/dags/shopee_dag.py for tasks to queue
[2026-05-24T07:07:31.324+0000] {logging_mixin.py:188} INFO - [2026-05-24T07:07:31.324+0000] {dagbag.py:545} INFO - Filling up the DagBag from /opt/airflow/dags/shopee_dag.py
[2026-05-24T07:07:31.550+0000] {processor.py:840} INFO - DAG(s) 'shopee_pipeline' retrieved from /opt/airflow/dags/shopee_dag.py
[2026-05-24T07:07:31.622+0000] {logging_mixin.py:188} INFO - [2026-05-24T07:07:31.622+0000] {dag.py:3096} INFO - Sync 1 DAGs
[2026-05-24T07:07:31.684+0000] {logging_mixin.py:188} INFO - [2026-05-24T07:07:31.683+0000] {dag.py:3954} INFO - Setting next_dagrun for shopee_pipeline to 2026-05-23 01:00:00+00:00, run_after=2026-05-24 01:00:00+00:00
[2026-05-24T07:07:31.723+0000] {processor.py:183} INFO - Processing /opt/airflow/dags/shopee_dag.py took 0.417 seconds
[2026-05-24T07:08:02.075+0000] {processor.py:161} INFO - Started process (PID=15740) to work on /opt/airflow/dags/shopee_dag.py
[2026-05-24T07:08:02.077+0000] {processor.py:830} INFO - Processing file /opt/airflow/dags/shopee_dag.py for tasks to queue
[2026-05-24T07:08:02.080+0000] {logging_mixin.py:188} INFO - [2026-05-24T07:08:02.079+0000] {dagbag.py:545} INFO - Filling up the DagBag from /opt/airflow/dags/shopee_dag.py
[2026-05-24T07:08:02.308+0000] {processor.py:840} INFO - DAG(s) 'shopee_pipeline' retrieved from /opt/airflow/dags/shopee_dag.py
[2026-05-24T07:08:02.378+0000] {logging_mixin.py:188} INFO - [2026-05-24T07:08:02.378+0000] {dag.py:3096} INFO - Sync 1 DAGs
[2026-05-24T07:08:02.426+0000] {logging_mixin.py:188} INFO - [2026-05-24T07:08:02.425+0000] {dag.py:3954} INFO - Setting next_dagrun for shopee_pipeline to 2026-05-23 01:00:00+00:00, run_after=2026-05-24 01:00:00+00:00
[2026-05-24T07:08:02.473+0000] {processor.py:183} INFO - Processing /opt/airflow/dags/shopee_dag.py took 0.408 seconds
[2026-05-24T07:08:32.846+0000] {processor.py:161} INFO - Started process (PID=15761) to work on /opt/airflow/dags/shopee_dag.py
[2026-05-24T07:08:32.848+0000] {processor.py:830} INFO - Processing file /opt/airflow/dags/shopee_dag.py for tasks to queue
[2026-05-24T07:08:32.851+0000] {logging_mixin.py:188} INFO - [2026-05-24T07:08:32.850+0000] {dagbag.py:545} INFO - Filling up the DagBag from /opt/airflow/dags/shopee_dag.py
[2026-05-24T07:08:33.022+0000] {processor.py:840} INFO - DAG(s) 'shopee_pipeline' retrieved from /opt/airflow/dags/shopee_dag.py
[2026-05-24T07:08:33.073+0000] {logging_mixin.py:188} INFO - [2026-05-24T07:08:33.072+0000] {dag.py:3096} INFO - Sync 1 DAGs
[2026-05-24T07:08:33.116+0000] {logging_mixin.py:188} INFO - [2026-05-24T07:08:33.114+0000] {dag.py:3954} INFO - Setting next_dagrun for shopee_pipeline to 2026-05-23 01:00:00+00:00, run_after=2026-05-24 01:00:00+00:00
[2026-05-24T07:08:33.159+0000] {processor.py:183} INFO - Processing /opt/airflow/dags/shopee_dag.py took 0.322 seconds
[2026-05-24T07:09:03.560+0000] {processor.py:161} INFO - Started process (PID=15881) to work on /opt/airflow/dags/shopee_dag.py
[2026-05-24T07:09:03.561+0000] {processor.py:830} INFO - Processing file /opt/airflow/dags/shopee_dag.py for tasks to queue
[2026-05-24T07:09:03.564+0000] {logging_mixin.py:188} INFO - [2026-05-24T07:09:03.564+0000] {dagbag.py:545} INFO - Filling up the DagBag from /opt/airflow/dags/shopee_dag.py
[2026-05-24T07:09:03.782+0000] {processor.py:840} INFO - DAG(s) 'shopee_pipeline' retrieved from /opt/airflow/dags/shopee_dag.py
[2026-05-24T07:09:03.835+0000] {logging_mixin.py:188} INFO - [2026-05-24T07:09:03.834+0000] {dag.py:3096} INFO - Sync 1 DAGs
[2026-05-24T07:09:03.876+0000] {logging_mixin.py:188} INFO - [2026-05-24T07:09:03.876+0000] {dag.py:3954} INFO - Setting next_dagrun for shopee_pipeline to 2026-05-23 01:00:00+00:00, run_after=2026-05-24 01:00:00+00:00
[2026-05-24T07:09:03.911+0000] {processor.py:183} INFO - Processing /opt/airflow/dags/shopee_dag.py took 0.361 seconds
[2026-05-24T10:36:37.111+0000] {processor.py:161} INFO - Started process (PID=15894) to work on /opt/airflow/dags/shopee_dag.py
[2026-05-24T10:36:37.114+0000] {processor.py:830} INFO - Processing file /opt/airflow/dags/shopee_dag.py for tasks to queue
[2026-05-24T10:36:37.120+0000] {logging_mixin.py:188} INFO - [2026-05-24T10:36:37.120+0000] {dagbag.py:545} INFO - Filling up the DagBag from /opt/airflow/dags/shopee_dag.py
[2026-05-24T10:36:37.654+0000] {processor.py:840} INFO - DAG(s) 'shopee_pipeline' retrieved from /opt/airflow/dags/shopee_dag.py
[2026-05-24T10:36:37.740+0000] {logging_mixin.py:188} INFO - [2026-05-24T10:36:37.740+0000] {dag.py:3096} INFO - Sync 1 DAGs
[2026-05-24T10:36:37.854+0000] {logging_mixin.py:188} INFO - [2026-05-24T10:36:37.854+0000] {dag.py:3954} INFO - Setting next_dagrun for shopee_pipeline to 2026-05-23 01:00:00+00:00, run_after=2026-05-24 01:00:00+00:00
[2026-05-24T10:36:37.960+0000] {processor.py:183} INFO - Processing /opt/airflow/dags/shopee_dag.py took 0.947 seconds
[2026-05-24T10:37:08.279+0000] {processor.py:161} INFO - Started process (PID=15983) to work on /opt/airflow/dags/shopee_dag.py
[2026-05-24T10:37:08.281+0000] {processor.py:830} INFO - Processing file /opt/airflow/dags/shopee_dag.py for tasks to queue
[2026-05-24T10:37:08.283+0000] {logging_mixin.py:188} INFO - [2026-05-24T10:37:08.283+0000] {dagbag.py:545} INFO - Filling up the DagBag from /opt/airflow/dags/shopee_dag.py
[2026-05-24T10:37:08.420+0000] {processor.py:840} INFO - DAG(s) 'shopee_pipeline' retrieved from /opt/airflow/dags/shopee_dag.py
[2026-05-24T10:37:08.464+0000] {logging_mixin.py:188} INFO - [2026-05-24T10:37:08.464+0000] {dag.py:3096} INFO - Sync 1 DAGs
[2026-05-24T10:37:08.495+0000] {logging_mixin.py:188} INFO - [2026-05-24T10:37:08.495+0000] {dag.py:3954} INFO - Setting next_dagrun for shopee_pipeline to 2026-05-23 01:00:00+00:00, run_after=2026-05-24 01:00:00+00:00
[2026-05-24T10:37:08.513+0000] {processor.py:183} INFO - Processing /opt/airflow/dags/shopee_dag.py took 0.249 seconds
[2026-05-24T10:37:39.099+0000] {processor.py:161} INFO - Started process (PID=16031) to work on /opt/airflow/dags/shopee_dag.py
[2026-05-24T10:37:39.101+0000] {processor.py:830} INFO - Processing file /opt/airflow/dags/shopee_dag.py for tasks to queue
[2026-05-24T10:37:39.106+0000] {logging_mixin.py:188} INFO - [2026-05-24T10:37:39.106+0000] {dagbag.py:545} INFO - Filling up the DagBag from /opt/airflow/dags/shopee_dag.py
[2026-05-24T10:37:39.351+0000] {processor.py:840} INFO - DAG(s) 'shopee_pipeline' retrieved from /opt/airflow/dags/shopee_dag.py
[2026-05-24T10:37:39.439+0000] {logging_mixin.py:188} INFO - [2026-05-24T10:37:39.438+0000] {dag.py:3096} INFO - Sync 1 DAGs
[2026-05-24T10:37:39.495+0000] {logging_mixin.py:188} INFO - [2026-05-24T10:37:39.494+0000] {dag.py:3954} INFO - Setting next_dagrun for shopee_pipeline to 2026-05-23 01:00:00+00:00, run_after=2026-05-24 01:00:00+00:00
[2026-05-24T10:37:39.533+0000] {processor.py:183} INFO - Processing /opt/airflow/dags/shopee_dag.py took 0.452 seconds
[2026-05-24T10:38:09.917+0000] {processor.py:161} INFO - Started process (PID=16159) to work on /opt/airflow/dags/shopee_dag.py
[2026-05-24T10:38:09.919+0000] {processor.py:830} INFO - Processing file /opt/airflow/dags/shopee_dag.py for tasks to queue
[2026-05-24T10:38:09.922+0000] {logging_mixin.py:188} INFO - [2026-05-24T10:38:09.922+0000] {dagbag.py:545} INFO - Filling up the DagBag from /opt/airflow/dags/shopee_dag.py
[2026-05-24T10:38:10.119+0000] {processor.py:840} INFO - DAG(s) 'shopee_pipeline' retrieved from /opt/airflow/dags/shopee_dag.py
[2026-05-24T10:38:10.179+0000] {logging_mixin.py:188} INFO - [2026-05-24T10:38:10.178+0000] {dag.py:3096} INFO - Sync 1 DAGs
[2026-05-24T10:38:10.217+0000] {logging_mixin.py:188} INFO - [2026-05-24T10:38:10.216+0000] {dag.py:3954} INFO - Setting next_dagrun for shopee_pipeline to 2026-05-23 01:00:00+00:00, run_after=2026-05-24 01:00:00+00:00
[2026-05-24T10:38:10.273+0000] {processor.py:183} INFO - Processing /opt/airflow/dags/shopee_dag.py took 0.364 seconds
[2026-05-24T10:38:41.032+0000] {processor.py:161} INFO - Started process (PID=16183) to work on /opt/airflow/dags/shopee_dag.py
[2026-05-24T10:38:41.033+0000] {processor.py:830} INFO - Processing file /opt/airflow/dags/shopee_dag.py for tasks to queue
[2026-05-24T10:38:41.035+0000] {logging_mixin.py:188} INFO - [2026-05-24T10:38:41.035+0000] {dagbag.py:545} INFO - Filling up the DagBag from /opt/airflow/dags/shopee_dag.py
[2026-05-24T10:38:41.215+0000] {processor.py:840} INFO - DAG(s) 'shopee_pipeline' retrieved from /opt/airflow/dags/shopee_dag.py
[2026-05-24T10:38:41.277+0000] {logging_mixin.py:188} INFO - [2026-05-24T10:38:41.277+0000] {dag.py:3096} INFO - Sync 1 DAGs
[2026-05-24T10:38:41.325+0000] {logging_mixin.py:188} INFO - [2026-05-24T10:38:41.324+0000] {dag.py:3954} INFO - Setting next_dagrun for shopee_pipeline to 2026-05-23 01:00:00+00:00, run_after=2026-05-24 01:00:00+00:00
[2026-05-24T10:38:41.382+0000] {processor.py:183} INFO - Processing /opt/airflow/dags/shopee_dag.py took 0.365 seconds
[2026-05-24T10:39:11.794+0000] {processor.py:161} INFO - Started process (PID=16303) to work on /opt/airflow/dags/shopee_dag.py
[2026-05-24T10:39:11.797+0000] {processor.py:830} INFO - Processing file /opt/airflow/dags/shopee_dag.py for tasks to queue
[2026-05-24T10:39:11.805+0000] {logging_mixin.py:188} INFO - [2026-05-24T10:39:11.804+0000] {dagbag.py:545} INFO - Filling up the DagBag from /opt/airflow/dags/shopee_dag.py
[2026-05-24T10:39:12.080+0000] {processor.py:840} INFO - DAG(s) 'shopee_pipeline' retrieved from /opt/airflow/dags/shopee_dag.py
[2026-05-24T10:39:12.155+0000] {logging_mixin.py:188} INFO - [2026-05-24T10:39:12.154+0000] {dag.py:3096} INFO - Sync 1 DAGs
[2026-05-24T10:39:12.216+0000] {logging_mixin.py:188} INFO - [2026-05-24T10:39:12.215+0000] {dag.py:3954} INFO - Setting next_dagrun for shopee_pipeline to 2026-05-23 01:00:00+00:00, run_after=2026-05-24 01:00:00+00:00
[2026-05-24T10:39:12.287+0000] {processor.py:183} INFO - Processing /opt/airflow/dags/shopee_dag.py took 0.509 seconds
[2026-05-24T10:39:42.644+0000] {processor.py:161} INFO - Started process (PID=16390) to work on /opt/airflow/dags/shopee_dag.py
[2026-05-24T10:39:42.650+0000] {processor.py:830} INFO - Processing file /opt/airflow/dags/shopee_dag.py for tasks to queue
[2026-05-24T10:39:42.655+0000] {logging_mixin.py:188} INFO - [2026-05-24T10:39:42.654+0000] {dagbag.py:545} INFO - Filling up the DagBag from /opt/airflow/dags/shopee_dag.py
[2026-05-24T10:39:42.892+0000] {processor.py:840} INFO - DAG(s) 'shopee_pipeline' retrieved from /opt/airflow/dags/shopee_dag.py
[2026-05-24T10:39:42.959+0000] {logging_mixin.py:188} INFO - [2026-05-24T10:39:42.958+0000] {dag.py:3096} INFO - Sync 1 DAGs
[2026-05-24T10:39:43.004+0000] {logging_mixin.py:188} INFO - [2026-05-24T10:39:43.004+0000] {dag.py:3954} INFO - Setting next_dagrun for shopee_pipeline to 2026-05-23 01:00:00+00:00, run_after=2026-05-24 01:00:00+00:00
[2026-05-24T10:39:43.057+0000] {processor.py:183} INFO - Processing /opt/airflow/dags/shopee_dag.py took 0.444 seconds
[2026-05-24T10:40:13.741+0000] {processor.py:161} INFO - Started process (PID=16405) to work on /opt/airflow/dags/shopee_dag.py
[2026-05-24T10:40:13.743+0000] {processor.py:830} INFO - Processing file /opt/airflow/dags/shopee_dag.py for tasks to queue
[2026-05-24T10:40:13.748+0000] {logging_mixin.py:188} INFO - [2026-05-24T10:40:13.747+0000] {dagbag.py:545} INFO - Filling up the DagBag from /opt/airflow/dags/shopee_dag.py
[2026-05-24T10:40:13.932+0000] {processor.py:840} INFO - DAG(s) 'shopee_pipeline' retrieved from /opt/airflow/dags/shopee_dag.py
[2026-05-24T10:40:13.985+0000] {logging_mixin.py:188} INFO - [2026-05-24T10:40:13.985+0000] {dag.py:3096} INFO - Sync 1 DAGs
[2026-05-24T10:40:14.026+0000] {logging_mixin.py:188} INFO - [2026-05-24T10:40:14.026+0000] {dag.py:3954} INFO - Setting next_dagrun for shopee_pipeline to 2026-05-23 01:00:00+00:00, run_after=2026-05-24 01:00:00+00:00
[2026-05-24T10:40:14.067+0000] {processor.py:183} INFO - Processing /opt/airflow/dags/shopee_dag.py took 0.343 seconds
[2026-05-24T10:40:44.510+0000] {processor.py:161} INFO - Started process (PID=16496) to work on /opt/airflow/dags/shopee_dag.py
[2026-05-24T10:40:44.513+0000] {processor.py:830} INFO - Processing file /opt/airflow/dags/shopee_dag.py for tasks to queue
[2026-05-24T10:40:44.518+0000] {logging_mixin.py:188} INFO - [2026-05-24T10:40:44.517+0000] {dagbag.py:545} INFO - Filling up the DagBag from /opt/airflow/dags/shopee_dag.py
[2026-05-24T10:40:44.794+0000] {processor.py:840} INFO - DAG(s) 'shopee_pipeline' retrieved from /opt/airflow/dags/shopee_dag.py
[2026-05-24T10:40:44.902+0000] {logging_mixin.py:188} INFO - [2026-05-24T10:40:44.901+0000] {dag.py:3096} INFO - Sync 1 DAGs
[2026-05-24T10:40:44.995+0000] {logging_mixin.py:188} INFO - [2026-05-24T10:40:44.994+0000] {dag.py:3954} INFO - Setting next_dagrun for shopee_pipeline to 2026-05-23 01:00:00+00:00, run_after=2026-05-24 01:00:00+00:00
[2026-05-24T10:40:45.044+0000] {processor.py:183} INFO - Processing /opt/airflow/dags/shopee_dag.py took 0.559 seconds
[2026-05-24T10:41:15.149+0000] {processor.py:161} INFO - Started process (PID=16522) to work on /opt/airflow/dags/shopee_dag.py
[2026-05-24T10:41:15.151+0000] {processor.py:830} INFO - Processing file /opt/airflow/dags/shopee_dag.py for tasks to queue
[2026-05-24T10:41:15.153+0000] {logging_mixin.py:188} INFO - [2026-05-24T10:41:15.153+0000] {dagbag.py:545} INFO - Filling up the DagBag from /opt/airflow/dags/shopee_dag.py
[2026-05-24T10:41:15.360+0000] {processor.py:840} INFO - DAG(s) 'shopee_pipeline' retrieved from /opt/airflow/dags/shopee_dag.py
[2026-05-24T10:41:15.418+0000] {logging_mixin.py:188} INFO - [2026-05-24T10:41:15.417+0000] {dag.py:3096} INFO - Sync 1 DAGs
[2026-05-24T10:41:15.465+0000] {logging_mixin.py:188} INFO - [2026-05-24T10:41:15.464+0000] {dag.py:3954} INFO - Setting next_dagrun for shopee_pipeline to 2026-05-23 01:00:00+00:00, run_after=2026-05-24 01:00:00+00:00
[2026-05-24T10:41:15.504+0000] {processor.py:183} INFO - Processing /opt/airflow/dags/shopee_dag.py took 0.367 seconds
[2026-05-24T10:41:46.044+0000] {processor.py:161} INFO - Started process (PID=16627) to work on /opt/airflow/dags/shopee_dag.py
[2026-05-24T10:41:46.047+0000] {processor.py:830} INFO - Processing file /opt/airflow/dags/shopee_dag.py for tasks to queue
[2026-05-24T10:41:46.052+0000] {logging_mixin.py:188} INFO - [2026-05-24T10:41:46.051+0000] {dagbag.py:545} INFO - Filling up the DagBag from /opt/airflow/dags/shopee_dag.py
[2026-05-24T10:41:46.371+0000] {processor.py:840} INFO - DAG(s) 'shopee_pipeline' retrieved from /opt/airflow/dags/shopee_dag.py
[2026-05-24T10:41:46.480+0000] {logging_mixin.py:188} INFO - [2026-05-24T10:41:46.477+0000] {dag.py:3096} INFO - Sync 1 DAGs
[2026-05-24T10:41:46.590+0000] {logging_mixin.py:188} INFO - [2026-05-24T10:41:46.587+0000] {dag.py:3954} INFO - Setting next_dagrun for shopee_pipeline to 2026-05-23 01:00:00+00:00, run_after=2026-05-24 01:00:00+00:00
[2026-05-24T10:41:46.677+0000] {processor.py:183} INFO - Processing /opt/airflow/dags/shopee_dag.py took 0.655 seconds
[2026-05-24T10:42:17.434+0000] {processor.py:161} INFO - Started process (PID=16657) to work on /opt/airflow/dags/shopee_dag.py
[2026-05-24T10:42:17.436+0000] {processor.py:830} INFO - Processing file /opt/airflow/dags/shopee_dag.py for tasks to queue
[2026-05-24T10:42:17.441+0000] {logging_mixin.py:188} INFO - [2026-05-24T10:42:17.441+0000] {dagbag.py:545} INFO - Filling up the DagBag from /opt/airflow/dags/shopee_dag.py
[2026-05-24T10:42:17.597+0000] {processor.py:840} INFO - DAG(s) 'shopee_pipeline' retrieved from /opt/airflow/dags/shopee_dag.py
[2026-05-24T10:42:17.648+0000] {logging_mixin.py:188} INFO - [2026-05-24T10:42:17.647+0000] {dag.py:3096} INFO - Sync 1 DAGs
[2026-05-24T10:42:17.685+0000] {logging_mixin.py:188} INFO - [2026-05-24T10:42:17.684+0000] {dag.py:3954} INFO - Setting next_dagrun for shopee_pipeline to 2026-05-23 01:00:00+00:00, run_after=2026-05-24 01:00:00+00:00
[2026-05-24T10:42:17.723+0000] {processor.py:183} INFO - Processing /opt/airflow/dags/shopee_dag.py took 0.297 seconds
[2026-05-24T10:42:48.232+0000] {processor.py:161} INFO - Started process (PID=16780) to work on /opt/airflow/dags/shopee_dag.py
[2026-05-24T10:42:48.235+0000] {processor.py:830} INFO - Processing file /opt/airflow/dags/shopee_dag.py for tasks to queue
[2026-05-24T10:42:48.240+0000] {logging_mixin.py:188} INFO - [2026-05-24T10:42:48.239+0000] {dagbag.py:545} INFO - Filling up the DagBag from /opt/airflow/dags/shopee_dag.py
[2026-05-24T10:42:48.522+0000] {processor.py:840} INFO - DAG(s) 'shopee_pipeline' retrieved from /opt/airflow/dags/shopee_dag.py
[2026-05-24T10:42:48.582+0000] {logging_mixin.py:188} INFO - [2026-05-24T10:42:48.582+0000] {dag.py:3096} INFO - Sync 1 DAGs
[2026-05-24T10:42:48.641+0000] {logging_mixin.py:188} INFO - [2026-05-24T10:42:48.641+0000] {dag.py:3954} INFO - Setting next_dagrun for shopee_pipeline to 2026-05-23 01:00:00+00:00, run_after=2026-05-24 01:00:00+00:00
[2026-05-24T10:42:48.687+0000] {processor.py:183} INFO - Processing /opt/airflow/dags/shopee_dag.py took 0.471 seconds
[2026-05-24T10:43:19.079+0000] {processor.py:161} INFO - Started process (PID=16876) to work on /opt/airflow/dags/shopee_dag.py
[2026-05-24T10:43:19.082+0000] {processor.py:830} INFO - Processing file /opt/airflow/dags/shopee_dag.py for tasks to queue
[2026-05-24T10:43:19.091+0000] {logging_mixin.py:188} INFO - [2026-05-24T10:43:19.090+0000] {dagbag.py:545} INFO - Filling up the DagBag from /opt/airflow/dags/shopee_dag.py
[2026-05-24T10:43:19.273+0000] {processor.py:840} INFO - DAG(s) 'shopee_pipeline' retrieved from /opt/airflow/dags/shopee_dag.py
[2026-05-24T10:43:19.328+0000] {logging_mixin.py:188} INFO - [2026-05-24T10:43:19.328+0000] {dag.py:3096} INFO - Sync 1 DAGs
[2026-05-24T10:43:19.369+0000] {logging_mixin.py:188} INFO - [2026-05-24T10:43:19.369+0000] {dag.py:3954} INFO - Setting next_dagrun for shopee_pipeline to 2026-05-23 01:00:00+00:00, run_after=2026-05-24 01:00:00+00:00
[2026-05-24T10:43:19.401+0000] {processor.py:183} INFO - Processing /opt/airflow/dags/shopee_dag.py took 0.340 seconds
[2026-05-24T10:43:50.089+0000] {processor.py:161} INFO - Started process (PID=16917) to work on /opt/airflow/dags/shopee_dag.py
[2026-05-24T10:43:50.090+0000] {processor.py:830} INFO - Processing file /opt/airflow/dags/shopee_dag.py for tasks to queue
[2026-05-24T10:43:50.094+0000] {logging_mixin.py:188} INFO - [2026-05-24T10:43:50.093+0000] {dagbag.py:545} INFO - Filling up the DagBag from /opt/airflow/dags/shopee_dag.py
[2026-05-24T10:43:50.319+0000] {processor.py:840} INFO - DAG(s) 'shopee_pipeline' retrieved from /opt/airflow/dags/shopee_dag.py
[2026-05-24T10:43:50.384+0000] {logging_mixin.py:188} INFO - [2026-05-24T10:43:50.384+0000] {dag.py:3096} INFO - Sync 1 DAGs
[2026-05-24T10:43:50.432+0000] {logging_mixin.py:188} INFO - [2026-05-24T10:43:50.431+0000] {dag.py:3954} INFO - Setting next_dagrun for shopee_pipeline to 2026-05-23 01:00:00+00:00, run_after=2026-05-24 01:00:00+00:00
[2026-05-24T10:43:50.483+0000] {processor.py:183} INFO - Processing /opt/airflow/dags/shopee_dag.py took 0.411 seconds
[2026-05-24T10:44:20.674+0000] {processor.py:161} INFO - Started process (PID=17039) to work on /opt/airflow/dags/shopee_dag.py
[2026-05-24T10:44:20.676+0000] {processor.py:830} INFO - Processing file /opt/airflow/dags/shopee_dag.py for tasks to queue
[2026-05-24T10:44:20.678+0000] {logging_mixin.py:188} INFO - [2026-05-24T10:44:20.677+0000] {dagbag.py:545} INFO - Filling up the DagBag from /opt/airflow/dags/shopee_dag.py
[2026-05-24T10:44:20.805+0000] {processor.py:840} INFO - DAG(s) 'shopee_pipeline' retrieved from /opt/airflow/dags/shopee_dag.py
[2026-05-24T10:44:20.844+0000] {logging_mixin.py:188} INFO - [2026-05-24T10:44:20.844+0000] {dag.py:3096} INFO - Sync 1 DAGs
[2026-05-24T10:44:20.873+0000] {logging_mixin.py:188} INFO - [2026-05-24T10:44:20.872+0000] {dag.py:3954} INFO - Setting next_dagrun for shopee_pipeline to 2026-05-23 01:00:00+00:00, run_after=2026-05-24 01:00:00+00:00
[2026-05-24T10:44:20.897+0000] {processor.py:183} INFO - Processing /opt/airflow/dags/shopee_dag.py took 0.231 seconds
[2026-05-24T10:44:51.376+0000] {processor.py:161} INFO - Started process (PID=17142) to work on /opt/airflow/dags/shopee_dag.py
[2026-05-24T10:44:51.378+0000] {processor.py:830} INFO - Processing file /opt/airflow/dags/shopee_dag.py for tasks to queue
[2026-05-24T10:44:51.382+0000] {logging_mixin.py:188} INFO - [2026-05-24T10:44:51.381+0000] {dagbag.py:545} INFO - Filling up the DagBag from /opt/airflow/dags/shopee_dag.py
[2026-05-24T10:44:51.597+0000] {processor.py:840} INFO - DAG(s) 'shopee_pipeline' retrieved from /opt/airflow/dags/shopee_dag.py
[2026-05-24T10:44:51.659+0000] {logging_mixin.py:188} INFO - [2026-05-24T10:44:51.659+0000] {dag.py:3096} INFO - Sync 1 DAGs
[2026-05-24T10:44:51.712+0000] {logging_mixin.py:188} INFO - [2026-05-24T10:44:51.711+0000] {dag.py:3954} INFO - Setting next_dagrun for shopee_pipeline to 2026-05-23 01:00:00+00:00, run_after=2026-05-24 01:00:00+00:00
[2026-05-24T10:44:51.759+0000] {processor.py:183} INFO - Processing /opt/airflow/dags/shopee_dag.py took 0.394 seconds
[2026-05-24T10:45:22.555+0000] {processor.py:161} INFO - Started process (PID=17172) to work on /opt/airflow/dags/shopee_dag.py
[2026-05-24T10:45:22.556+0000] {processor.py:830} INFO - Processing file /opt/airflow/dags/shopee_dag.py for tasks to queue
[2026-05-24T10:45:22.558+0000] {logging_mixin.py:188} INFO - [2026-05-24T10:45:22.558+0000] {dagbag.py:545} INFO - Filling up the DagBag from /opt/airflow/dags/shopee_dag.py
[2026-05-24T10:45:22.675+0000] {processor.py:840} INFO - DAG(s) 'shopee_pipeline' retrieved from /opt/airflow/dags/shopee_dag.py
[2026-05-24T10:45:22.712+0000] {logging_mixin.py:188} INFO - [2026-05-24T10:45:22.712+0000] {dag.py:3096} INFO - Sync 1 DAGs
[2026-05-24T10:45:22.736+0000] {logging_mixin.py:188} INFO - [2026-05-24T10:45:22.735+0000] {dag.py:3954} INFO - Setting next_dagrun for shopee_pipeline to 2026-05-23 01:00:00+00:00, run_after=2026-05-24 01:00:00+00:00
[2026-05-24T10:45:22.756+0000] {processor.py:183} INFO - Processing /opt/airflow/dags/shopee_dag.py took 0.209 seconds
[2026-05-24T10:45:52.819+0000] {processor.py:161} INFO - Started process (PID=17303) to work on /opt/airflow/dags/shopee_dag.py
[2026-05-24T10:45:52.820+0000] {processor.py:830} INFO - Processing file /opt/airflow/dags/shopee_dag.py for tasks to queue
[2026-05-24T10:45:52.824+0000] {logging_mixin.py:188} INFO - [2026-05-24T10:45:52.824+0000] {dagbag.py:545} INFO - Filling up the DagBag from /opt/airflow/dags/shopee_dag.py
[2026-05-24T10:45:53.026+0000] {processor.py:840} INFO - DAG(s) 'shopee_pipeline' retrieved from /opt/airflow/dags/shopee_dag.py
[2026-05-24T10:45:53.094+0000] {logging_mixin.py:188} INFO - [2026-05-24T10:45:53.093+0000] {dag.py:3096} INFO - Sync 1 DAGs
[2026-05-24T10:45:53.155+0000] {logging_mixin.py:188} INFO - [2026-05-24T10:45:53.154+0000] {dag.py:3954} INFO - Setting next_dagrun for shopee_pipeline to 2026-05-23 01:00:00+00:00, run_after=2026-05-24 01:00:00+00:00
[2026-05-24T10:45:53.223+0000] {processor.py:183} INFO - Processing /opt/airflow/dags/shopee_dag.py took 0.416 seconds
[2026-05-24T10:46:23.593+0000] {processor.py:161} INFO - Started process (PID=17408) to work on /opt/airflow/dags/shopee_dag.py
[2026-05-24T10:46:23.598+0000] {processor.py:830} INFO - Processing file /opt/airflow/dags/shopee_dag.py for tasks to queue
[2026-05-24T10:46:23.617+0000] {logging_mixin.py:188} INFO - [2026-05-24T10:46:23.616+0000] {dagbag.py:545} INFO - Filling up the DagBag from /opt/airflow/dags/shopee_dag.py
[2026-05-24T10:46:24.000+0000] {processor.py:840} INFO - DAG(s) 'shopee_pipeline' retrieved from /opt/airflow/dags/shopee_dag.py
[2026-05-24T10:46:24.085+0000] {logging_mixin.py:188} INFO - [2026-05-24T10:46:24.084+0000] {dag.py:3096} INFO - Sync 1 DAGs
[2026-05-24T10:46:24.161+0000] {logging_mixin.py:188} INFO - [2026-05-24T10:46:24.160+0000] {dag.py:3954} INFO - Setting next_dagrun for shopee_pipeline to 2026-05-23 01:00:00+00:00, run_after=2026-05-24 01:00:00+00:00
[2026-05-24T10:46:24.220+0000] {processor.py:183} INFO - Processing /opt/airflow/dags/shopee_dag.py took 0.645 seconds
[2026-05-24T10:46:54.381+0000] {processor.py:161} INFO - Started process (PID=17437) to work on /opt/airflow/dags/shopee_dag.py
[2026-05-24T10:46:54.382+0000] {processor.py:830} INFO - Processing file /opt/airflow/dags/shopee_dag.py for tasks to queue
[2026-05-24T10:46:54.384+0000] {logging_mixin.py:188} INFO - [2026-05-24T10:46:54.384+0000] {dagbag.py:545} INFO - Filling up the DagBag from /opt/airflow/dags/shopee_dag.py
[2026-05-24T10:46:54.495+0000] {processor.py:840} INFO - DAG(s) 'shopee_pipeline' retrieved from /opt/airflow/dags/shopee_dag.py
[2026-05-24T10:46:54.533+0000] {logging_mixin.py:188} INFO - [2026-05-24T10:46:54.533+0000] {dag.py:3096} INFO - Sync 1 DAGs
[2026-05-24T10:46:54.574+0000] {logging_mixin.py:188} INFO - [2026-05-24T10:46:54.574+0000] {dag.py:3954} INFO - Setting next_dagrun for shopee_pipeline to 2026-05-23 01:00:00+00:00, run_after=2026-05-24 01:00:00+00:00
[2026-05-24T10:46:54.613+0000] {processor.py:183} INFO - Processing /opt/airflow/dags/shopee_dag.py took 0.238 seconds
[2026-05-24T10:47:25.086+0000] {processor.py:161} INFO - Started process (PID=17570) to work on /opt/airflow/dags/shopee_dag.py
[2026-05-24T10:47:25.088+0000] {processor.py:830} INFO - Processing file /opt/airflow/dags/shopee_dag.py for tasks to queue
[2026-05-24T10:47:25.092+0000] {logging_mixin.py:188} INFO - [2026-05-24T10:47:25.091+0000] {dagbag.py:545} INFO - Filling up the DagBag from /opt/airflow/dags/shopee_dag.py
[2026-05-24T10:47:25.289+0000] {processor.py:840} INFO - DAG(s) 'shopee_pipeline' retrieved from /opt/airflow/dags/shopee_dag.py
[2026-05-24T10:47:25.355+0000] {logging_mixin.py:188} INFO - [2026-05-24T10:47:25.355+0000] {dag.py:3096} INFO - Sync 1 DAGs
[2026-05-24T10:47:25.424+0000] {logging_mixin.py:188} INFO - [2026-05-24T10:47:25.423+0000] {dag.py:3954} INFO - Setting next_dagrun for shopee_pipeline to 2026-05-23 01:00:00+00:00, run_after=2026-05-24 01:00:00+00:00
[2026-05-24T10:47:25.487+0000] {processor.py:183} INFO - Processing /opt/airflow/dags/shopee_dag.py took 0.416 seconds
[2026-05-24T10:47:55.854+0000] {processor.py:161} INFO - Started process (PID=17584) to work on /opt/airflow/dags/shopee_dag.py
[2026-05-24T10:47:55.855+0000] {processor.py:830} INFO - Processing file /opt/airflow/dags/shopee_dag.py for tasks to queue
[2026-05-24T10:47:55.857+0000] {logging_mixin.py:188} INFO - [2026-05-24T10:47:55.857+0000] {dagbag.py:545} INFO - Filling up the DagBag from /opt/airflow/dags/shopee_dag.py
[2026-05-24T10:47:56.012+0000] {processor.py:840} INFO - DAG(s) 'shopee_pipeline' retrieved from /opt/airflow/dags/shopee_dag.py
[2026-05-24T10:47:56.067+0000] {logging_mixin.py:188} INFO - [2026-05-24T10:47:56.067+0000] {dag.py:3096} INFO - Sync 1 DAGs
[2026-05-24T10:47:56.111+0000] {logging_mixin.py:188} INFO - [2026-05-24T10:47:56.111+0000] {dag.py:3954} INFO - Setting next_dagrun for shopee_pipeline to 2026-05-23 01:00:00+00:00, run_after=2026-05-24 01:00:00+00:00
[2026-05-24T10:47:56.165+0000] {processor.py:183} INFO - Processing /opt/airflow/dags/shopee_dag.py took 0.323 seconds
[2026-05-24T10:48:26.942+0000] {processor.py:161} INFO - Started process (PID=17688) to work on /opt/airflow/dags/shopee_dag.py
[2026-05-24T10:48:26.944+0000] {processor.py:830} INFO - Processing file /opt/airflow/dags/shopee_dag.py for tasks to queue
[2026-05-24T10:48:26.946+0000] {logging_mixin.py:188} INFO - [2026-05-24T10:48:26.945+0000] {dagbag.py:545} INFO - Filling up the DagBag from /opt/airflow/dags/shopee_dag.py
[2026-05-24T10:48:27.109+0000] {processor.py:840} INFO - DAG(s) 'shopee_pipeline' retrieved from /opt/airflow/dags/shopee_dag.py
[2026-05-24T10:48:27.164+0000] {logging_mixin.py:188} INFO - [2026-05-24T10:48:27.163+0000] {dag.py:3096} INFO - Sync 1 DAGs
[2026-05-24T10:48:27.214+0000] {logging_mixin.py:188} INFO - [2026-05-24T10:48:27.213+0000] {dag.py:3954} INFO - Setting next_dagrun for shopee_pipeline to 2026-05-23 01:00:00+00:00, run_after=2026-05-24 01:00:00+00:00
[2026-05-24T10:48:27.268+0000] {processor.py:183} INFO - Processing /opt/airflow/dags/shopee_dag.py took 0.337 seconds
[2026-05-24T10:48:57.805+0000] {processor.py:161} INFO - Started process (PID=17810) to work on /opt/airflow/dags/shopee_dag.py
[2026-05-24T10:48:57.806+0000] {processor.py:830} INFO - Processing file /opt/airflow/dags/shopee_dag.py for tasks to queue
[2026-05-24T10:48:57.811+0000] {logging_mixin.py:188} INFO - [2026-05-24T10:48:57.810+0000] {dagbag.py:545} INFO - Filling up the DagBag from /opt/airflow/dags/shopee_dag.py
[2026-05-24T10:48:58.117+0000] {processor.py:840} INFO - DAG(s) 'shopee_pipeline' retrieved from /opt/airflow/dags/shopee_dag.py
[2026-05-24T10:48:58.290+0000] {logging_mixin.py:188} INFO - [2026-05-24T10:48:58.289+0000] {dag.py:3096} INFO - Sync 1 DAGs
[2026-05-24T10:48:58.390+0000] {logging_mixin.py:188} INFO - [2026-05-24T10:48:58.389+0000] {dag.py:3954} INFO - Setting next_dagrun for shopee_pipeline to 2026-05-23 01:00:00+00:00, run_after=2026-05-24 01:00:00+00:00
[2026-05-24T10:48:58.511+0000] {processor.py:183} INFO - Processing /opt/airflow/dags/shopee_dag.py took 0.722 seconds
[2026-05-24T10:49:28.916+0000] {processor.py:161} INFO - Started process (PID=17835) to work on /opt/airflow/dags/shopee_dag.py
[2026-05-24T10:49:28.920+0000] {processor.py:830} INFO - Processing file /opt/airflow/dags/shopee_dag.py for tasks to queue
[2026-05-24T10:49:28.925+0000] {logging_mixin.py:188} INFO - [2026-05-24T10:49:28.924+0000] {dagbag.py:545} INFO - Filling up the DagBag from /opt/airflow/dags/shopee_dag.py
[2026-05-24T10:49:29.331+0000] {processor.py:840} INFO - DAG(s) 'shopee_pipeline' retrieved from /opt/airflow/dags/shopee_dag.py
[2026-05-24T10:49:29.418+0000] {logging_mixin.py:188} INFO - [2026-05-24T10:49:29.418+0000] {dag.py:3096} INFO - Sync 1 DAGs
[2026-05-24T10:49:29.456+0000] {logging_mixin.py:188} INFO - [2026-05-24T10:49:29.456+0000] {dag.py:3954} INFO - Setting next_dagrun for shopee_pipeline to 2026-05-23 01:00:00+00:00, run_after=2026-05-24 01:00:00+00:00
[2026-05-24T10:49:29.492+0000] {processor.py:183} INFO - Processing /opt/airflow/dags/shopee_dag.py took 0.597 seconds
[2026-05-24T10:49:59.932+0000] {processor.py:161} INFO - Started process (PID=17956) to work on /opt/airflow/dags/shopee_dag.py
[2026-05-24T10:49:59.937+0000] {processor.py:830} INFO - Processing file /opt/airflow/dags/shopee_dag.py for tasks to queue
[2026-05-24T10:49:59.943+0000] {logging_mixin.py:188} INFO - [2026-05-24T10:49:59.942+0000] {dagbag.py:545} INFO - Filling up the DagBag from /opt/airflow/dags/shopee_dag.py
[2026-05-24T10:50:00.258+0000] {processor.py:840} INFO - DAG(s) 'shopee_pipeline' retrieved from /opt/airflow/dags/shopee_dag.py
[2026-05-24T10:50:00.344+0000] {logging_mixin.py:188} INFO - [2026-05-24T10:50:00.342+0000] {dag.py:3096} INFO - Sync 1 DAGs
[2026-05-24T10:50:00.408+0000] {logging_mixin.py:188} INFO - [2026-05-24T10:50:00.407+0000] {dag.py:3954} INFO - Setting next_dagrun for shopee_pipeline to 2026-05-23 01:00:00+00:00, run_after=2026-05-24 01:00:00+00:00
[2026-05-24T10:50:00.464+0000] {processor.py:183} INFO - Processing /opt/airflow/dags/shopee_dag.py took 0.562 seconds
[2026-05-24T10:50:31.431+0000] {processor.py:161} INFO - Started process (PID=17981) to work on /opt/airflow/dags/shopee_dag.py
[2026-05-24T10:50:31.434+0000] {processor.py:830} INFO - Processing file /opt/airflow/dags/shopee_dag.py for tasks to queue
[2026-05-24T10:50:31.439+0000] {logging_mixin.py:188} INFO - [2026-05-24T10:50:31.437+0000] {dagbag.py:545} INFO - Filling up the DagBag from /opt/airflow/dags/shopee_dag.py
[2026-05-24T10:50:31.659+0000] {processor.py:840} INFO - DAG(s) 'shopee_pipeline' retrieved from /opt/airflow/dags/shopee_dag.py
[2026-05-24T10:50:31.721+0000] {logging_mixin.py:188} INFO - [2026-05-24T10:50:31.721+0000] {dag.py:3096} INFO - Sync 1 DAGs
[2026-05-24T10:50:31.779+0000] {logging_mixin.py:188} INFO - [2026-05-24T10:50:31.778+0000] {dag.py:3954} INFO - Setting next_dagrun for shopee_pipeline to 2026-05-23 01:00:00+00:00, run_after=2026-05-24 01:00:00+00:00
[2026-05-24T10:50:31.823+0000] {processor.py:183} INFO - Processing /opt/airflow/dags/shopee_dag.py took 0.407 seconds
[2026-05-24T10:51:02.168+0000] {processor.py:161} INFO - Started process (PID=18103) to work on /opt/airflow/dags/shopee_dag.py
[2026-05-24T10:51:02.170+0000] {processor.py:830} INFO - Processing file /opt/airflow/dags/shopee_dag.py for tasks to queue
[2026-05-24T10:51:02.174+0000] {logging_mixin.py:188} INFO - [2026-05-24T10:51:02.173+0000] {dagbag.py:545} INFO - Filling up the DagBag from /opt/airflow/dags/shopee_dag.py
[2026-05-24T10:51:02.396+0000] {processor.py:840} INFO - DAG(s) 'shopee_pipeline' retrieved from /opt/airflow/dags/shopee_dag.py
[2026-05-24T10:51:02.452+0000] {logging_mixin.py:188} INFO - [2026-05-24T10:51:02.451+0000] {dag.py:3096} INFO - Sync 1 DAGs
[2026-05-24T10:51:02.509+0000] {logging_mixin.py:188} INFO - [2026-05-24T10:51:02.508+0000] {dag.py:3954} INFO - Setting next_dagrun for shopee_pipeline to 2026-05-23 01:00:00+00:00, run_after=2026-05-24 01:00:00+00:00
[2026-05-24T10:51:02.564+0000] {processor.py:183} INFO - Processing /opt/airflow/dags/shopee_dag.py took 0.411 seconds
[2026-05-24T10:51:32.740+0000] {processor.py:161} INFO - Started process (PID=18226) to work on /opt/airflow/dags/shopee_dag.py
[2026-05-24T10:51:32.742+0000] {processor.py:830} INFO - Processing file /opt/airflow/dags/shopee_dag.py for tasks to queue
[2026-05-24T10:51:32.746+0000] {logging_mixin.py:188} INFO - [2026-05-24T10:51:32.745+0000] {dagbag.py:545} INFO - Filling up the DagBag from /opt/airflow/dags/shopee_dag.py
[2026-05-24T10:51:32.957+0000] {processor.py:840} INFO - DAG(s) 'shopee_pipeline' retrieved from /opt/airflow/dags/shopee_dag.py
[2026-05-24T10:51:33.018+0000] {logging_mixin.py:188} INFO - [2026-05-24T10:51:33.018+0000] {dag.py:3096} INFO - Sync 1 DAGs
[2026-05-24T10:51:33.063+0000] {logging_mixin.py:188} INFO - [2026-05-24T10:51:33.063+0000] {dag.py:3954} INFO - Setting next_dagrun for shopee_pipeline to 2026-05-23 01:00:00+00:00, run_after=2026-05-24 01:00:00+00:00
[2026-05-24T10:51:33.117+0000] {processor.py:183} INFO - Processing /opt/airflow/dags/shopee_dag.py took 0.392 seconds
[2026-05-24T10:52:03.626+0000] {processor.py:161} INFO - Started process (PID=18239) to work on /opt/airflow/dags/shopee_dag.py
[2026-05-24T10:52:03.627+0000] {processor.py:830} INFO - Processing file /opt/airflow/dags/shopee_dag.py for tasks to queue
[2026-05-24T10:52:03.630+0000] {logging_mixin.py:188} INFO - [2026-05-24T10:52:03.629+0000] {dagbag.py:545} INFO - Filling up the DagBag from /opt/airflow/dags/shopee_dag.py
[2026-05-24T10:52:03.832+0000] {processor.py:840} INFO - DAG(s) 'shopee_pipeline' retrieved from /opt/airflow/dags/shopee_dag.py
[2026-05-24T10:52:03.903+0000] {logging_mixin.py:188} INFO - [2026-05-24T10:52:03.902+0000] {dag.py:3096} INFO - Sync 1 DAGs
[2026-05-24T10:52:03.952+0000] {logging_mixin.py:188} INFO - [2026-05-24T10:52:03.951+0000] {dag.py:3954} INFO - Setting next_dagrun for shopee_pipeline to 2026-05-23 01:00:00+00:00, run_after=2026-05-24 01:00:00+00:00
[2026-05-24T10:52:04.008+0000] {processor.py:183} INFO - Processing /opt/airflow/dags/shopee_dag.py took 0.394 seconds
[2026-05-24T10:52:34.416+0000] {processor.py:161} INFO - Started process (PID=18359) to work on /opt/airflow/dags/shopee_dag.py
[2026-05-24T10:52:34.420+0000] {processor.py:830} INFO - Processing file /opt/airflow/dags/shopee_dag.py for tasks to queue
[2026-05-24T10:52:34.424+0000] {logging_mixin.py:188} INFO - [2026-05-24T10:52:34.423+0000] {dagbag.py:545} INFO - Filling up the DagBag from /opt/airflow/dags/shopee_dag.py
[2026-05-24T10:52:34.654+0000] {processor.py:840} INFO - DAG(s) 'shopee_pipeline' retrieved from /opt/airflow/dags/shopee_dag.py
[2026-05-24T10:52:34.720+0000] {logging_mixin.py:188} INFO - [2026-05-24T10:52:34.720+0000] {dag.py:3096} INFO - Sync 1 DAGs
[2026-05-24T10:52:34.771+0000] {logging_mixin.py:188} INFO - [2026-05-24T10:52:34.771+0000] {dag.py:3954} INFO - Setting next_dagrun for shopee_pipeline to 2026-05-23 01:00:00+00:00, run_after=2026-05-24 01:00:00+00:00
[2026-05-24T10:52:34.834+0000] {processor.py:183} INFO - Processing /opt/airflow/dags/shopee_dag.py took 0.433 seconds
[2026-05-24T10:53:05.290+0000] {processor.py:161} INFO - Started process (PID=18483) to work on /opt/airflow/dags/shopee_dag.py
[2026-05-24T10:53:05.292+0000] {processor.py:830} INFO - Processing file /opt/airflow/dags/shopee_dag.py for tasks to queue
[2026-05-24T10:53:05.294+0000] {logging_mixin.py:188} INFO - [2026-05-24T10:53:05.294+0000] {dagbag.py:545} INFO - Filling up the DagBag from /opt/airflow/dags/shopee_dag.py
[2026-05-24T10:53:05.495+0000] {processor.py:840} INFO - DAG(s) 'shopee_pipeline' retrieved from /opt/airflow/dags/shopee_dag.py
[2026-05-24T10:53:05.555+0000] {logging_mixin.py:188} INFO - [2026-05-24T10:53:05.555+0000] {dag.py:3096} INFO - Sync 1 DAGs
[2026-05-24T10:53:05.597+0000] {logging_mixin.py:188} INFO - [2026-05-24T10:53:05.597+0000] {dag.py:3954} INFO - Setting next_dagrun for shopee_pipeline to 2026-05-23 01:00:00+00:00, run_after=2026-05-24 01:00:00+00:00
[2026-05-24T10:53:05.648+0000] {processor.py:183} INFO - Processing /opt/airflow/dags/shopee_dag.py took 0.371 seconds
[2026-05-24T10:53:36.169+0000] {processor.py:161} INFO - Started process (PID=18584) to work on /opt/airflow/dags/shopee_dag.py
[2026-05-24T10:53:36.171+0000] {processor.py:830} INFO - Processing file /opt/airflow/dags/shopee_dag.py for tasks to queue
[2026-05-24T10:53:36.178+0000] {logging_mixin.py:188} INFO - [2026-05-24T10:53:36.175+0000] {dagbag.py:545} INFO - Filling up the DagBag from /opt/airflow/dags/shopee_dag.py
[2026-05-24T10:53:36.615+0000] {processor.py:840} INFO - DAG(s) 'shopee_pipeline' retrieved from /opt/airflow/dags/shopee_dag.py
[2026-05-24T10:53:36.736+0000] {logging_mixin.py:188} INFO - [2026-05-24T10:53:36.736+0000] {dag.py:3096} INFO - Sync 1 DAGs
[2026-05-24T10:53:36.812+0000] {logging_mixin.py:188} INFO - [2026-05-24T10:53:36.811+0000] {dag.py:3954} INFO - Setting next_dagrun for shopee_pipeline to 2026-05-23 01:00:00+00:00, run_after=2026-05-24 01:00:00+00:00
[2026-05-24T10:53:36.883+0000] {processor.py:183} INFO - Processing /opt/airflow/dags/shopee_dag.py took 0.740 seconds
[2026-05-24T10:54:07.021+0000] {processor.py:161} INFO - Started process (PID=18597) to work on /opt/airflow/dags/shopee_dag.py
[2026-05-24T10:54:07.023+0000] {processor.py:830} INFO - Processing file /opt/airflow/dags/shopee_dag.py for tasks to queue
[2026-05-24T10:54:07.025+0000] {logging_mixin.py:188} INFO - [2026-05-24T10:54:07.025+0000] {dagbag.py:545} INFO - Filling up the DagBag from /opt/airflow/dags/shopee_dag.py
[2026-05-24T10:54:07.262+0000] {processor.py:840} INFO - DAG(s) 'shopee_pipeline' retrieved from /opt/airflow/dags/shopee_dag.py
[2026-05-24T10:54:07.336+0000] {logging_mixin.py:188} INFO - [2026-05-24T10:54:07.335+0000] {dag.py:3096} INFO - Sync 1 DAGs
[2026-05-24T10:54:07.395+0000] {logging_mixin.py:188} INFO - [2026-05-24T10:54:07.394+0000] {dag.py:3954} INFO - Setting next_dagrun for shopee_pipeline to 2026-05-23 01:00:00+00:00, run_after=2026-05-24 01:00:00+00:00
[2026-05-24T10:54:07.442+0000] {processor.py:183} INFO - Processing /opt/airflow/dags/shopee_dag.py took 0.434 seconds
[2026-05-24T10:54:38.166+0000] {processor.py:161} INFO - Started process (PID=18719) to work on /opt/airflow/dags/shopee_dag.py
[2026-05-24T10:54:38.168+0000] {processor.py:830} INFO - Processing file /opt/airflow/dags/shopee_dag.py for tasks to queue
[2026-05-24T10:54:38.173+0000] {logging_mixin.py:188} INFO - [2026-05-24T10:54:38.172+0000] {dagbag.py:545} INFO - Filling up the DagBag from /opt/airflow/dags/shopee_dag.py
[2026-05-24T10:54:38.419+0000] {processor.py:840} INFO - DAG(s) 'shopee_pipeline' retrieved from /opt/airflow/dags/shopee_dag.py
[2026-05-24T10:54:38.485+0000] {logging_mixin.py:188} INFO - [2026-05-24T10:54:38.484+0000] {dag.py:3096} INFO - Sync 1 DAGs
[2026-05-24T10:54:38.536+0000] {logging_mixin.py:188} INFO - [2026-05-24T10:54:38.535+0000] {dag.py:3954} INFO - Setting next_dagrun for shopee_pipeline to 2026-05-23 01:00:00+00:00, run_after=2026-05-24 01:00:00+00:00
[2026-05-24T10:54:38.594+0000] {processor.py:183} INFO - Processing /opt/airflow/dags/shopee_dag.py took 0.444 seconds
[2026-05-24T10:55:09.056+0000] {processor.py:161} INFO - Started process (PID=18841) to work on /opt/airflow/dags/shopee_dag.py
[2026-05-24T10:55:09.058+0000] {processor.py:830} INFO - Processing file /opt/airflow/dags/shopee_dag.py for tasks to queue
[2026-05-24T10:55:09.064+0000] {logging_mixin.py:188} INFO - [2026-05-24T10:55:09.063+0000] {dagbag.py:545} INFO - Filling up the DagBag from /opt/airflow/dags/shopee_dag.py
[2026-05-24T10:55:09.208+0000] {processor.py:840} INFO - DAG(s) 'shopee_pipeline' retrieved from /opt/airflow/dags/shopee_dag.py
[2026-05-24T10:55:09.268+0000] {logging_mixin.py:188} INFO - [2026-05-24T10:55:09.267+0000] {dag.py:3096} INFO - Sync 1 DAGs
[2026-05-24T10:55:09.322+0000] {logging_mixin.py:188} INFO - [2026-05-24T10:55:09.321+0000] {dag.py:3954} INFO - Setting next_dagrun for shopee_pipeline to 2026-05-23 01:00:00+00:00, run_after=2026-05-24 01:00:00+00:00
[2026-05-24T10:55:09.368+0000] {processor.py:183} INFO - Processing /opt/airflow/dags/shopee_dag.py took 0.321 seconds
[2026-05-24T10:55:39.791+0000] {processor.py:161} INFO - Started process (PID=18932) to work on /opt/airflow/dags/shopee_dag.py
[2026-05-24T10:55:39.793+0000] {processor.py:830} INFO - Processing file /opt/airflow/dags/shopee_dag.py for tasks to queue
[2026-05-24T10:55:39.798+0000] {logging_mixin.py:188} INFO - [2026-05-24T10:55:39.796+0000] {dagbag.py:545} INFO - Filling up the DagBag from /opt/airflow/dags/shopee_dag.py
[2026-05-24T10:55:40.069+0000] {processor.py:840} INFO - DAG(s) 'shopee_pipeline' retrieved from /opt/airflow/dags/shopee_dag.py
[2026-05-24T10:55:40.142+0000] {logging_mixin.py:188} INFO - [2026-05-24T10:55:40.142+0000] {dag.py:3096} INFO - Sync 1 DAGs
[2026-05-24T10:55:40.220+0000] {logging_mixin.py:188} INFO - [2026-05-24T10:55:40.219+0000] {dag.py:3954} INFO - Setting next_dagrun for shopee_pipeline to 2026-05-23 01:00:00+00:00, run_after=2026-05-24 01:00:00+00:00
[2026-05-24T10:55:40.273+0000] {processor.py:183} INFO - Processing /opt/airflow/dags/shopee_dag.py took 0.498 seconds
[2026-05-24T10:56:10.462+0000] {processor.py:161} INFO - Started process (PID=18974) to work on /opt/airflow/dags/shopee_dag.py
[2026-05-24T10:56:10.465+0000] {processor.py:830} INFO - Processing file /opt/airflow/dags/shopee_dag.py for tasks to queue
[2026-05-24T10:56:10.467+0000] {logging_mixin.py:188} INFO - [2026-05-24T10:56:10.466+0000] {dagbag.py:545} INFO - Filling up the DagBag from /opt/airflow/dags/shopee_dag.py
[2026-05-24T10:56:10.617+0000] {processor.py:840} INFO - DAG(s) 'shopee_pipeline' retrieved from /opt/airflow/dags/shopee_dag.py
[2026-05-24T10:56:10.658+0000] {logging_mixin.py:188} INFO - [2026-05-24T10:56:10.658+0000] {dag.py:3096} INFO - Sync 1 DAGs
[2026-05-24T10:56:10.686+0000] {logging_mixin.py:188} INFO - [2026-05-24T10:56:10.686+0000] {dag.py:3954} INFO - Setting next_dagrun for shopee_pipeline to 2026-05-23 01:00:00+00:00, run_after=2026-05-24 01:00:00+00:00
[2026-05-24T10:56:10.714+0000] {processor.py:183} INFO - Processing /opt/airflow/dags/shopee_dag.py took 0.262 seconds
[2026-05-24T10:56:41.140+0000] {processor.py:161} INFO - Started process (PID=19107) to work on /opt/airflow/dags/shopee_dag.py
[2026-05-24T10:56:41.142+0000] {processor.py:830} INFO - Processing file /opt/airflow/dags/shopee_dag.py for tasks to queue
[2026-05-24T10:56:41.144+0000] {logging_mixin.py:188} INFO - [2026-05-24T10:56:41.144+0000] {dagbag.py:545} INFO - Filling up the DagBag from /opt/airflow/dags/shopee_dag.py
[2026-05-24T10:56:41.306+0000] {processor.py:840} INFO - DAG(s) 'shopee_pipeline' retrieved from /opt/airflow/dags/shopee_dag.py
[2026-05-24T10:56:41.363+0000] {logging_mixin.py:188} INFO - [2026-05-24T10:56:41.363+0000] {dag.py:3096} INFO - Sync 1 DAGs
[2026-05-24T10:56:41.421+0000] {logging_mixin.py:188} INFO - [2026-05-24T10:56:41.421+0000] {dag.py:3954} INFO - Setting next_dagrun for shopee_pipeline to 2026-05-23 01:00:00+00:00, run_after=2026-05-24 01:00:00+00:00
[2026-05-24T10:56:41.470+0000] {processor.py:183} INFO - Processing /opt/airflow/dags/shopee_dag.py took 0.339 seconds
[2026-05-24T10:57:12.043+0000] {processor.py:161} INFO - Started process (PID=19120) to work on /opt/airflow/dags/shopee_dag.py
[2026-05-24T10:57:12.044+0000] {processor.py:830} INFO - Processing file /opt/airflow/dags/shopee_dag.py for tasks to queue
[2026-05-24T10:57:12.047+0000] {logging_mixin.py:188} INFO - [2026-05-24T10:57:12.046+0000] {dagbag.py:545} INFO - Filling up the DagBag from /opt/airflow/dags/shopee_dag.py
[2026-05-24T10:57:12.233+0000] {processor.py:840} INFO - DAG(s) 'shopee_pipeline' retrieved from /opt/airflow/dags/shopee_dag.py
[2026-05-24T10:57:12.297+0000] {logging_mixin.py:188} INFO - [2026-05-24T10:57:12.296+0000] {dag.py:3096} INFO - Sync 1 DAGs
[2026-05-24T10:57:12.357+0000] {logging_mixin.py:188} INFO - [2026-05-24T10:57:12.356+0000] {dag.py:3954} INFO - Setting next_dagrun for shopee_pipeline to 2026-05-23 01:00:00+00:00, run_after=2026-05-24 01:00:00+00:00
[2026-05-24T10:57:12.397+0000] {processor.py:183} INFO - Processing /opt/airflow/dags/shopee_dag.py took 0.365 seconds
[2026-05-24T10:57:42.990+0000] {processor.py:161} INFO - Started process (PID=19243) to work on /opt/airflow/dags/shopee_dag.py
[2026-05-24T10:57:42.992+0000] {processor.py:830} INFO - Processing file /opt/airflow/dags/shopee_dag.py for tasks to queue
[2026-05-24T10:57:42.998+0000] {logging_mixin.py:188} INFO - [2026-05-24T10:57:42.997+0000] {dagbag.py:545} INFO - Filling up the DagBag from /opt/airflow/dags/shopee_dag.py
[2026-05-24T10:57:43.206+0000] {processor.py:840} INFO - DAG(s) 'shopee_pipeline' retrieved from /opt/airflow/dags/shopee_dag.py
[2026-05-24T10:57:43.270+0000] {logging_mixin.py:188} INFO - [2026-05-24T10:57:43.269+0000] {dag.py:3096} INFO - Sync 1 DAGs
[2026-05-24T10:57:43.318+0000] {logging_mixin.py:188} INFO - [2026-05-24T10:57:43.318+0000] {dag.py:3954} INFO - Setting next_dagrun for shopee_pipeline to 2026-05-23 01:00:00+00:00, run_after=2026-05-24 01:00:00+00:00
[2026-05-24T10:57:43.365+0000] {processor.py:183} INFO - Processing /opt/airflow/dags/shopee_dag.py took 0.386 seconds
[2026-05-24T10:58:13.595+0000] {processor.py:161} INFO - Started process (PID=19350) to work on /opt/airflow/dags/shopee_dag.py
[2026-05-24T10:58:13.596+0000] {processor.py:830} INFO - Processing file /opt/airflow/dags/shopee_dag.py for tasks to queue
[2026-05-24T10:58:13.598+0000] {logging_mixin.py:188} INFO - [2026-05-24T10:58:13.597+0000] {dagbag.py:545} INFO - Filling up the DagBag from /opt/airflow/dags/shopee_dag.py
[2026-05-24T10:58:13.728+0000] {processor.py:840} INFO - DAG(s) 'shopee_pipeline' retrieved from /opt/airflow/dags/shopee_dag.py
[2026-05-24T10:58:13.772+0000] {logging_mixin.py:188} INFO - [2026-05-24T10:58:13.772+0000] {dag.py:3096} INFO - Sync 1 DAGs
[2026-05-24T10:58:13.805+0000] {logging_mixin.py:188} INFO - [2026-05-24T10:58:13.804+0000] {dag.py:3954} INFO - Setting next_dagrun for shopee_pipeline to 2026-05-23 01:00:00+00:00, run_after=2026-05-24 01:00:00+00:00
[2026-05-24T10:58:13.833+0000] {processor.py:183} INFO - Processing /opt/airflow/dags/shopee_dag.py took 0.246 seconds
[2026-05-24T10:58:44.193+0000] {processor.py:161} INFO - Started process (PID=19447) to work on /opt/airflow/dags/shopee_dag.py
[2026-05-24T10:58:44.196+0000] {processor.py:830} INFO - Processing file /opt/airflow/dags/shopee_dag.py for tasks to queue
[2026-05-24T10:58:44.200+0000] {logging_mixin.py:188} INFO - [2026-05-24T10:58:44.200+0000] {dagbag.py:545} INFO - Filling up the DagBag from /opt/airflow/dags/shopee_dag.py
[2026-05-24T10:58:44.427+0000] {processor.py:840} INFO - DAG(s) 'shopee_pipeline' retrieved from /opt/airflow/dags/shopee_dag.py
[2026-05-24T10:58:44.499+0000] {logging_mixin.py:188} INFO - [2026-05-24T10:58:44.498+0000] {dag.py:3096} INFO - Sync 1 DAGs
[2026-05-24T10:58:44.589+0000] {logging_mixin.py:188} INFO - [2026-05-24T10:58:44.589+0000] {dag.py:3954} INFO - Setting next_dagrun for shopee_pipeline to 2026-05-23 01:00:00+00:00, run_after=2026-05-24 01:00:00+00:00
[2026-05-24T10:58:44.669+0000] {processor.py:183} INFO - Processing /opt/airflow/dags/shopee_dag.py took 0.493 seconds
[2026-05-24T10:59:14.794+0000] {processor.py:161} INFO - Started process (PID=19482) to work on /opt/airflow/dags/shopee_dag.py
[2026-05-24T10:59:14.796+0000] {processor.py:830} INFO - Processing file /opt/airflow/dags/shopee_dag.py for tasks to queue
[2026-05-24T10:59:14.803+0000] {logging_mixin.py:188} INFO - [2026-05-24T10:59:14.801+0000] {dagbag.py:545} INFO - Filling up the DagBag from /opt/airflow/dags/shopee_dag.py
[2026-05-24T10:59:15.106+0000] {processor.py:840} INFO - DAG(s) 'shopee_pipeline' retrieved from /opt/airflow/dags/shopee_dag.py
[2026-05-24T10:59:15.221+0000] {logging_mixin.py:188} INFO - [2026-05-24T10:59:15.219+0000] {dag.py:3096} INFO - Sync 1 DAGs
[2026-05-24T10:59:15.311+0000] {logging_mixin.py:188} INFO - [2026-05-24T10:59:15.310+0000] {dag.py:3954} INFO - Setting next_dagrun for shopee_pipeline to 2026-05-23 01:00:00+00:00, run_after=2026-05-24 01:00:00+00:00
[2026-05-24T10:59:15.398+0000] {processor.py:183} INFO - Processing /opt/airflow/dags/shopee_dag.py took 0.620 seconds
[2026-05-24T10:59:45.949+0000] {processor.py:161} INFO - Started process (PID=19588) to work on /opt/airflow/dags/shopee_dag.py
[2026-05-24T10:59:45.953+0000] {processor.py:830} INFO - Processing file /opt/airflow/dags/shopee_dag.py for tasks to queue
[2026-05-24T10:59:45.959+0000] {logging_mixin.py:188} INFO - [2026-05-24T10:59:45.957+0000] {dagbag.py:545} INFO - Filling up the DagBag from /opt/airflow/dags/shopee_dag.py
[2026-05-24T10:59:46.357+0000] {processor.py:840} INFO - DAG(s) 'shopee_pipeline' retrieved from /opt/airflow/dags/shopee_dag.py
[2026-05-24T10:59:46.458+0000] {logging_mixin.py:188} INFO - [2026-05-24T10:59:46.458+0000] {dag.py:3096} INFO - Sync 1 DAGs
[2026-05-24T10:59:46.541+0000] {logging_mixin.py:188} INFO - [2026-05-24T10:59:46.540+0000] {dag.py:3954} INFO - Setting next_dagrun for shopee_pipeline to 2026-05-23 01:00:00+00:00, run_after=2026-05-24 01:00:00+00:00
[2026-05-24T10:59:46.602+0000] {processor.py:183} INFO - Processing /opt/airflow/dags/shopee_dag.py took 0.674 seconds
[2026-05-24T11:00:16.766+0000] {processor.py:161} INFO - Started process (PID=19617) to work on /opt/airflow/dags/shopee_dag.py
[2026-05-24T11:00:16.768+0000] {processor.py:830} INFO - Processing file /opt/airflow/dags/shopee_dag.py for tasks to queue
[2026-05-24T11:00:16.771+0000] {logging_mixin.py:188} INFO - [2026-05-24T11:00:16.770+0000] {dagbag.py:545} INFO - Filling up the DagBag from /opt/airflow/dags/shopee_dag.py
[2026-05-24T11:00:17.047+0000] {processor.py:840} INFO - DAG(s) 'shopee_pipeline' retrieved from /opt/airflow/dags/shopee_dag.py
[2026-05-24T11:00:17.110+0000] {logging_mixin.py:188} INFO - [2026-05-24T11:00:17.109+0000] {dag.py:3096} INFO - Sync 1 DAGs
[2026-05-24T11:00:17.196+0000] {logging_mixin.py:188} INFO - [2026-05-24T11:00:17.194+0000] {dag.py:3954} INFO - Setting next_dagrun for shopee_pipeline to 2026-05-23 01:00:00+00:00, run_after=2026-05-24 01:00:00+00:00
[2026-05-24T11:00:17.273+0000] {processor.py:183} INFO - Processing /opt/airflow/dags/shopee_dag.py took 0.530 seconds
[2026-05-24T11:00:48.103+0000] {processor.py:161} INFO - Started process (PID=19738) to work on /opt/airflow/dags/shopee_dag.py
[2026-05-24T11:00:48.106+0000] {processor.py:830} INFO - Processing file /opt/airflow/dags/shopee_dag.py for tasks to queue
[2026-05-24T11:00:48.109+0000] {logging_mixin.py:188} INFO - [2026-05-24T11:00:48.109+0000] {dagbag.py:545} INFO - Filling up the DagBag from /opt/airflow/dags/shopee_dag.py
[2026-05-24T11:00:48.379+0000] {processor.py:840} INFO - DAG(s) 'shopee_pipeline' retrieved from /opt/airflow/dags/shopee_dag.py
[2026-05-24T11:00:48.441+0000] {logging_mixin.py:188} INFO - [2026-05-24T11:00:48.441+0000] {dag.py:3096} INFO - Sync 1 DAGs
[2026-05-24T11:00:48.495+0000] {logging_mixin.py:188} INFO - [2026-05-24T11:00:48.495+0000] {dag.py:3954} INFO - Setting next_dagrun for shopee_pipeline to 2026-05-23 01:00:00+00:00, run_after=2026-05-24 01:00:00+00:00
[2026-05-24T11:00:48.549+0000] {processor.py:183} INFO - Processing /opt/airflow/dags/shopee_dag.py took 0.462 seconds
[2026-05-24T11:01:18.738+0000] {processor.py:161} INFO - Started process (PID=19846) to work on /opt/airflow/dags/shopee_dag.py
[2026-05-24T11:01:18.741+0000] {processor.py:830} INFO - Processing file /opt/airflow/dags/shopee_dag.py for tasks to queue
[2026-05-24T11:01:18.746+0000] {logging_mixin.py:188} INFO - [2026-05-24T11:01:18.745+0000] {dagbag.py:545} INFO - Filling up the DagBag from /opt/airflow/dags/shopee_dag.py
[2026-05-24T11:01:19.081+0000] {processor.py:840} INFO - DAG(s) 'shopee_pipeline' retrieved from /opt/airflow/dags/shopee_dag.py
[2026-05-24T11:01:19.292+0000] {logging_mixin.py:188} INFO - [2026-05-24T11:01:19.292+0000] {dag.py:3096} INFO - Sync 1 DAGs
[2026-05-24T11:01:19.513+0000] {logging_mixin.py:188} INFO - [2026-05-24T11:01:19.513+0000] {dag.py:3954} INFO - Setting next_dagrun for shopee_pipeline to 2026-05-23 01:00:00+00:00, run_after=2026-05-24 01:00:00+00:00
[2026-05-24T11:01:19.602+0000] {processor.py:183} INFO - Processing /opt/airflow/dags/shopee_dag.py took 0.881 seconds
[2026-05-24T11:01:50.316+0000] {processor.py:161} INFO - Started process (PID=19936) to work on /opt/airflow/dags/shopee_dag.py
[2026-05-24T11:01:50.321+0000] {processor.py:830} INFO - Processing file /opt/airflow/dags/shopee_dag.py for tasks to queue
[2026-05-24T11:01:50.328+0000] {logging_mixin.py:188} INFO - [2026-05-24T11:01:50.327+0000] {dagbag.py:545} INFO - Filling up the DagBag from /opt/airflow/dags/shopee_dag.py
[2026-05-24T11:01:50.692+0000] {processor.py:840} INFO - DAG(s) 'shopee_pipeline' retrieved from /opt/airflow/dags/shopee_dag.py
[2026-05-24T11:01:50.819+0000] {logging_mixin.py:188} INFO - [2026-05-24T11:01:50.818+0000] {dag.py:3096} INFO - Sync 1 DAGs
[2026-05-24T11:01:50.899+0000] {logging_mixin.py:188} INFO - [2026-05-24T11:01:50.898+0000] {dag.py:3954} INFO - Setting next_dagrun for shopee_pipeline to 2026-05-23 01:00:00+00:00, run_after=2026-05-24 01:00:00+00:00
[2026-05-24T11:01:50.952+0000] {processor.py:183} INFO - Processing /opt/airflow/dags/shopee_dag.py took 0.659 seconds
[2026-05-24T11:02:21.553+0000] {processor.py:161} INFO - Started process (PID=19991) to work on /opt/airflow/dags/shopee_dag.py
[2026-05-24T11:02:21.556+0000] {processor.py:830} INFO - Processing file /opt/airflow/dags/shopee_dag.py for tasks to queue
[2026-05-24T11:02:21.561+0000] {logging_mixin.py:188} INFO - [2026-05-24T11:02:21.560+0000] {dagbag.py:545} INFO - Filling up the DagBag from /opt/airflow/dags/shopee_dag.py
[2026-05-24T11:02:21.834+0000] {processor.py:840} INFO - DAG(s) 'shopee_pipeline' retrieved from /opt/airflow/dags/shopee_dag.py
[2026-05-24T11:02:21.950+0000] {logging_mixin.py:188} INFO - [2026-05-24T11:02:21.950+0000] {dag.py:3096} INFO - Sync 1 DAGs
[2026-05-24T11:02:22.032+0000] {logging_mixin.py:188} INFO - [2026-05-24T11:02:22.031+0000] {dag.py:3954} INFO - Setting next_dagrun for shopee_pipeline to 2026-05-23 01:00:00+00:00, run_after=2026-05-24 01:00:00+00:00
[2026-05-24T11:02:22.118+0000] {processor.py:183} INFO - Processing /opt/airflow/dags/shopee_dag.py took 0.576 seconds
[2026-05-24T11:02:52.576+0000] {processor.py:161} INFO - Started process (PID=20084) to work on /opt/airflow/dags/shopee_dag.py
[2026-05-24T11:02:52.578+0000] {processor.py:830} INFO - Processing file /opt/airflow/dags/shopee_dag.py for tasks to queue
[2026-05-24T11:02:52.582+0000] {logging_mixin.py:188} INFO - [2026-05-24T11:02:52.581+0000] {dagbag.py:545} INFO - Filling up the DagBag from /opt/airflow/dags/shopee_dag.py
[2026-05-24T11:02:52.792+0000] {processor.py:840} INFO - DAG(s) 'shopee_pipeline' retrieved from /opt/airflow/dags/shopee_dag.py
[2026-05-24T11:02:52.871+0000] {logging_mixin.py:188} INFO - [2026-05-24T11:02:52.870+0000] {dag.py:3096} INFO - Sync 1 DAGs
[2026-05-24T11:02:52.930+0000] {logging_mixin.py:188} INFO - [2026-05-24T11:02:52.930+0000] {dag.py:3954} INFO - Setting next_dagrun for shopee_pipeline to 2026-05-23 01:00:00+00:00, run_after=2026-05-24 01:00:00+00:00
[2026-05-24T11:02:52.973+0000] {processor.py:183} INFO - Processing /opt/airflow/dags/shopee_dag.py took 0.408 seconds
[2026-05-24T11:03:23.480+0000] {processor.py:161} INFO - Started process (PID=20121) to work on /opt/airflow/dags/shopee_dag.py
[2026-05-24T11:03:23.482+0000] {processor.py:830} INFO - Processing file /opt/airflow/dags/shopee_dag.py for tasks to queue
[2026-05-24T11:03:23.487+0000] {logging_mixin.py:188} INFO - [2026-05-24T11:03:23.486+0000] {dagbag.py:545} INFO - Filling up the DagBag from /opt/airflow/dags/shopee_dag.py
[2026-05-24T11:03:23.667+0000] {processor.py:840} INFO - DAG(s) 'shopee_pipeline' retrieved from /opt/airflow/dags/shopee_dag.py
[2026-05-24T11:03:23.713+0000] {logging_mixin.py:188} INFO - [2026-05-24T11:03:23.713+0000] {dag.py:3096} INFO - Sync 1 DAGs
[2026-05-24T11:03:23.750+0000] {logging_mixin.py:188} INFO - [2026-05-24T11:03:23.750+0000] {dag.py:3954} INFO - Setting next_dagrun for shopee_pipeline to 2026-05-23 01:00:00+00:00, run_after=2026-05-24 01:00:00+00:00
[2026-05-24T11:03:23.788+0000] {processor.py:183} INFO - Processing /opt/airflow/dags/shopee_dag.py took 0.321 seconds
[2026-05-24T11:03:54.130+0000] {processor.py:161} INFO - Started process (PID=20244) to work on /opt/airflow/dags/shopee_dag.py
[2026-05-24T11:03:54.133+0000] {processor.py:830} INFO - Processing file /opt/airflow/dags/shopee_dag.py for tasks to queue
[2026-05-24T11:03:54.137+0000] {logging_mixin.py:188} INFO - [2026-05-24T11:03:54.136+0000] {dagbag.py:545} INFO - Filling up the DagBag from /opt/airflow/dags/shopee_dag.py
[2026-05-24T11:03:54.428+0000] {processor.py:840} INFO - DAG(s) 'shopee_pipeline' retrieved from /opt/airflow/dags/shopee_dag.py
[2026-05-24T11:03:54.487+0000] {logging_mixin.py:188} INFO - [2026-05-24T11:03:54.487+0000] {dag.py:3096} INFO - Sync 1 DAGs
[2026-05-24T11:03:54.541+0000] {logging_mixin.py:188} INFO - [2026-05-24T11:03:54.541+0000] {dag.py:3954} INFO - Setting next_dagrun for shopee_pipeline to 2026-05-23 01:00:00+00:00, run_after=2026-05-24 01:00:00+00:00
[2026-05-24T11:03:54.581+0000] {processor.py:183} INFO - Processing /opt/airflow/dags/shopee_dag.py took 0.469 seconds
[2026-05-24T11:04:25.509+0000] {processor.py:161} INFO - Started process (PID=20331) to work on /opt/airflow/dags/shopee_dag.py
[2026-05-24T11:04:25.511+0000] {processor.py:830} INFO - Processing file /opt/airflow/dags/shopee_dag.py for tasks to queue
[2026-05-24T11:04:25.514+0000] {logging_mixin.py:188} INFO - [2026-05-24T11:04:25.514+0000] {dagbag.py:545} INFO - Filling up the DagBag from /opt/airflow/dags/shopee_dag.py
[2026-05-24T11:04:25.698+0000] {processor.py:840} INFO - DAG(s) 'shopee_pipeline' retrieved from /opt/airflow/dags/shopee_dag.py
[2026-05-24T11:04:25.749+0000] {logging_mixin.py:188} INFO - [2026-05-24T11:04:25.748+0000] {dag.py:3096} INFO - Sync 1 DAGs
[2026-05-24T11:04:25.785+0000] {logging_mixin.py:188} INFO - [2026-05-24T11:04:25.784+0000] {dag.py:3954} INFO - Setting next_dagrun for shopee_pipeline to 2026-05-23 01:00:00+00:00, run_after=2026-05-24 01:00:00+00:00
[2026-05-24T11:04:25.815+0000] {processor.py:183} INFO - Processing /opt/airflow/dags/shopee_dag.py took 0.320 seconds
[2026-05-24T11:04:56.477+0000] {processor.py:161} INFO - Started process (PID=20346) to work on /opt/airflow/dags/shopee_dag.py
[2026-05-24T11:04:56.478+0000] {processor.py:830} INFO - Processing file /opt/airflow/dags/shopee_dag.py for tasks to queue
[2026-05-24T11:04:56.480+0000] {logging_mixin.py:188} INFO - [2026-05-24T11:04:56.480+0000] {dagbag.py:545} INFO - Filling up the DagBag from /opt/airflow/dags/shopee_dag.py
[2026-05-24T11:04:56.636+0000] {processor.py:840} INFO - DAG(s) 'shopee_pipeline' retrieved from /opt/airflow/dags/shopee_dag.py
[2026-05-24T11:04:56.687+0000] {logging_mixin.py:188} INFO - [2026-05-24T11:04:56.687+0000] {dag.py:3096} INFO - Sync 1 DAGs
[2026-05-24T11:04:56.727+0000] {logging_mixin.py:188} INFO - [2026-05-24T11:04:56.727+0000] {dag.py:3954} INFO - Setting next_dagrun for shopee_pipeline to 2026-05-23 01:00:00+00:00, run_after=2026-05-24 01:00:00+00:00
[2026-05-24T11:04:56.755+0000] {processor.py:183} INFO - Processing /opt/airflow/dags/shopee_dag.py took 0.287 seconds
[2026-05-24T11:05:27.204+0000] {processor.py:161} INFO - Started process (PID=20467) to work on /opt/airflow/dags/shopee_dag.py
[2026-05-24T11:05:27.215+0000] {processor.py:830} INFO - Processing file /opt/airflow/dags/shopee_dag.py for tasks to queue
[2026-05-24T11:05:27.248+0000] {logging_mixin.py:188} INFO - [2026-05-24T11:05:27.246+0000] {dagbag.py:545} INFO - Filling up the DagBag from /opt/airflow/dags/shopee_dag.py
[2026-05-24T11:05:28.156+0000] {processor.py:840} INFO - DAG(s) 'shopee_pipeline' retrieved from /opt/airflow/dags/shopee_dag.py
[2026-05-24T11:05:28.279+0000] {logging_mixin.py:188} INFO - [2026-05-24T11:05:28.279+0000] {dag.py:3096} INFO - Sync 1 DAGs
[2026-05-24T11:05:28.347+0000] {logging_mixin.py:188} INFO - [2026-05-24T11:05:28.346+0000] {dag.py:3954} INFO - Setting next_dagrun for shopee_pipeline to 2026-05-23 01:00:00+00:00, run_after=2026-05-24 01:00:00+00:00
[2026-05-24T11:05:28.399+0000] {processor.py:183} INFO - Processing /opt/airflow/dags/shopee_dag.py took 1.257 seconds
[2026-05-24T11:05:58.517+0000] {processor.py:161} INFO - Started process (PID=20497) to work on /opt/airflow/dags/shopee_dag.py
[2026-05-24T11:05:58.522+0000] {processor.py:830} INFO - Processing file /opt/airflow/dags/shopee_dag.py for tasks to queue
[2026-05-24T11:05:58.528+0000] {logging_mixin.py:188} INFO - [2026-05-24T11:05:58.528+0000] {dagbag.py:545} INFO - Filling up the DagBag from /opt/airflow/dags/shopee_dag.py
[2026-05-24T11:05:58.724+0000] {processor.py:840} INFO - DAG(s) 'shopee_pipeline' retrieved from /opt/airflow/dags/shopee_dag.py
[2026-05-24T11:05:58.787+0000] {logging_mixin.py:188} INFO - [2026-05-24T11:05:58.786+0000] {dag.py:3096} INFO - Sync 1 DAGs
[2026-05-24T11:05:58.830+0000] {logging_mixin.py:188} INFO - [2026-05-24T11:05:58.829+0000] {dag.py:3954} INFO - Setting next_dagrun for shopee_pipeline to 2026-05-23 01:00:00+00:00, run_after=2026-05-24 01:00:00+00:00
[2026-05-24T11:05:58.869+0000] {processor.py:183} INFO - Processing /opt/airflow/dags/shopee_dag.py took 0.379 seconds
[2026-05-24T11:06:29.243+0000] {processor.py:161} INFO - Started process (PID=20601) to work on /opt/airflow/dags/shopee_dag.py
[2026-05-24T11:06:29.244+0000] {processor.py:830} INFO - Processing file /opt/airflow/dags/shopee_dag.py for tasks to queue
[2026-05-24T11:06:29.246+0000] {logging_mixin.py:188} INFO - [2026-05-24T11:06:29.246+0000] {dagbag.py:545} INFO - Filling up the DagBag from /opt/airflow/dags/shopee_dag.py
[2026-05-24T11:06:29.382+0000] {processor.py:840} INFO - DAG(s) 'shopee_pipeline' retrieved from /opt/airflow/dags/shopee_dag.py
[2026-05-24T11:06:29.419+0000] {logging_mixin.py:188} INFO - [2026-05-24T11:06:29.418+0000] {dag.py:3096} INFO - Sync 1 DAGs
[2026-05-24T11:06:29.453+0000] {logging_mixin.py:188} INFO - [2026-05-24T11:06:29.453+0000] {dag.py:3954} INFO - Setting next_dagrun for shopee_pipeline to 2026-05-23 01:00:00+00:00, run_after=2026-05-24 01:00:00+00:00
[2026-05-24T11:06:29.481+0000] {processor.py:183} INFO - Processing /opt/airflow/dags/shopee_dag.py took 0.248 seconds
[2026-05-24T11:07:00.452+0000] {processor.py:161} INFO - Started process (PID=20627) to work on /opt/airflow/dags/shopee_dag.py
[2026-05-24T11:07:00.465+0000] {processor.py:830} INFO - Processing file /opt/airflow/dags/shopee_dag.py for tasks to queue
[2026-05-24T11:07:00.490+0000] {logging_mixin.py:188} INFO - [2026-05-24T11:07:00.489+0000] {dagbag.py:545} INFO - Filling up the DagBag from /opt/airflow/dags/shopee_dag.py
[2026-05-24T11:07:01.177+0000] {processor.py:840} INFO - DAG(s) 'shopee_pipeline' retrieved from /opt/airflow/dags/shopee_dag.py
[2026-05-24T11:07:01.588+0000] {logging_mixin.py:188} INFO - [2026-05-24T11:07:01.587+0000] {dag.py:3096} INFO - Sync 1 DAGs
[2026-05-24T11:07:01.906+0000] {logging_mixin.py:188} INFO - [2026-05-24T11:07:01.904+0000] {dag.py:3954} INFO - Setting next_dagrun for shopee_pipeline to 2026-05-23 01:00:00+00:00, run_after=2026-05-24 01:00:00+00:00
[2026-05-24T11:07:02.066+0000] {processor.py:183} INFO - Processing /opt/airflow/dags/shopee_dag.py took 1.710 seconds
[2026-05-24T11:07:32.521+0000] {processor.py:161} INFO - Started process (PID=20713) to work on /opt/airflow/dags/shopee_dag.py
[2026-05-24T11:07:32.527+0000] {processor.py:830} INFO - Processing file /opt/airflow/dags/shopee_dag.py for tasks to queue
[2026-05-24T11:07:32.558+0000] {logging_mixin.py:188} INFO - [2026-05-24T11:07:32.555+0000] {dagbag.py:545} INFO - Filling up the DagBag from /opt/airflow/dags/shopee_dag.py
[2026-05-24T11:07:33.425+0000] {processor.py:840} INFO - DAG(s) 'shopee_pipeline' retrieved from /opt/airflow/dags/shopee_dag.py
[2026-05-24T11:07:33.867+0000] {logging_mixin.py:188} INFO - [2026-05-24T11:07:33.866+0000] {dag.py:3096} INFO - Sync 1 DAGs
[2026-05-24T11:07:34.254+0000] {logging_mixin.py:188} INFO - [2026-05-24T11:07:34.253+0000] {dag.py:3954} INFO - Setting next_dagrun for shopee_pipeline to 2026-05-23 01:00:00+00:00, run_after=2026-05-24 01:00:00+00:00
[2026-05-24T11:07:34.460+0000] {processor.py:183} INFO - Processing /opt/airflow/dags/shopee_dag.py took 2.012 seconds
[2026-05-24T11:08:06.797+0000] {processor.py:161} INFO - Started process (PID=20817) to work on /opt/airflow/dags/shopee_dag.py
[2026-05-24T11:08:06.814+0000] {processor.py:830} INFO - Processing file /opt/airflow/dags/shopee_dag.py for tasks to queue
[2026-05-24T11:08:06.885+0000] {logging_mixin.py:188} INFO - [2026-05-24T11:08:06.876+0000] {dagbag.py:545} INFO - Filling up the DagBag from /opt/airflow/dags/shopee_dag.py
[2026-05-24T11:08:09.234+0000] {processor.py:840} INFO - DAG(s) 'shopee_pipeline' retrieved from /opt/airflow/dags/shopee_dag.py
[2026-05-24T11:08:09.809+0000] {logging_mixin.py:188} INFO - [2026-05-24T11:08:09.808+0000] {dag.py:3096} INFO - Sync 1 DAGs
[2026-05-24T11:08:10.384+0000] {logging_mixin.py:188} INFO - [2026-05-24T11:08:10.382+0000] {dag.py:3954} INFO - Setting next_dagrun for shopee_pipeline to 2026-05-23 01:00:00+00:00, run_after=2026-05-24 01:00:00+00:00
[2026-05-24T11:08:10.638+0000] {processor.py:183} INFO - Processing /opt/airflow/dags/shopee_dag.py took 4.061 seconds
[2026-05-24T11:08:41.710+0000] {processor.py:161} INFO - Started process (PID=20831) to work on /opt/airflow/dags/shopee_dag.py
[2026-05-24T11:08:41.728+0000] {processor.py:830} INFO - Processing file /opt/airflow/dags/shopee_dag.py for tasks to queue
[2026-05-24T11:08:41.796+0000] {logging_mixin.py:188} INFO - [2026-05-24T11:08:41.791+0000] {dagbag.py:545} INFO - Filling up the DagBag from /opt/airflow/dags/shopee_dag.py
[2026-05-24T11:08:43.389+0000] {processor.py:840} INFO - DAG(s) 'shopee_pipeline' retrieved from /opt/airflow/dags/shopee_dag.py
[2026-05-24T11:08:43.809+0000] {logging_mixin.py:188} INFO - [2026-05-24T11:08:43.808+0000] {dag.py:3096} INFO - Sync 1 DAGs
[2026-05-24T11:08:44.089+0000] {logging_mixin.py:188} INFO - [2026-05-24T11:08:44.088+0000] {dag.py:3954} INFO - Setting next_dagrun for shopee_pipeline to 2026-05-23 01:00:00+00:00, run_after=2026-05-24 01:00:00+00:00
[2026-05-24T11:08:44.211+0000] {processor.py:183} INFO - Processing /opt/airflow/dags/shopee_dag.py took 2.690 seconds
[2026-05-24T11:09:14.477+0000] {processor.py:161} INFO - Started process (PID=20935) to work on /opt/airflow/dags/shopee_dag.py
[2026-05-24T11:09:14.482+0000] {processor.py:830} INFO - Processing file /opt/airflow/dags/shopee_dag.py for tasks to queue
[2026-05-24T11:09:14.500+0000] {logging_mixin.py:188} INFO - [2026-05-24T11:09:14.499+0000] {dagbag.py:545} INFO - Filling up the DagBag from /opt/airflow/dags/shopee_dag.py
[2026-05-24T11:09:14.934+0000] {processor.py:840} INFO - DAG(s) 'shopee_pipeline' retrieved from /opt/airflow/dags/shopee_dag.py
[2026-05-24T11:09:15.053+0000] {logging_mixin.py:188} INFO - [2026-05-24T11:09:15.053+0000] {dag.py:3096} INFO - Sync 1 DAGs
[2026-05-24T11:09:15.152+0000] {logging_mixin.py:188} INFO - [2026-05-24T11:09:15.152+0000] {dag.py:3954} INFO - Setting next_dagrun for shopee_pipeline to 2026-05-23 01:00:00+00:00, run_after=2026-05-24 01:00:00+00:00
[2026-05-24T11:09:15.194+0000] {processor.py:183} INFO - Processing /opt/airflow/dags/shopee_dag.py took 0.774 seconds
[2026-05-24T11:09:46.216+0000] {processor.py:161} INFO - Started process (PID=20956) to work on /opt/airflow/dags/shopee_dag.py
[2026-05-24T11:09:46.239+0000] {processor.py:830} INFO - Processing file /opt/airflow/dags/shopee_dag.py for tasks to queue
[2026-05-24T11:09:46.337+0000] {logging_mixin.py:188} INFO - [2026-05-24T11:09:46.332+0000] {dagbag.py:545} INFO - Filling up the DagBag from /opt/airflow/dags/shopee_dag.py
[2026-05-24T11:09:47.675+0000] {processor.py:840} INFO - DAG(s) 'shopee_pipeline' retrieved from /opt/airflow/dags/shopee_dag.py
[2026-05-24T11:09:47.963+0000] {logging_mixin.py:188} INFO - [2026-05-24T11:09:47.962+0000] {dag.py:3096} INFO - Sync 1 DAGs
[2026-05-24T11:09:48.132+0000] {logging_mixin.py:188} INFO - [2026-05-24T11:09:48.130+0000] {dag.py:3954} INFO - Setting next_dagrun for shopee_pipeline to 2026-05-23 01:00:00+00:00, run_after=2026-05-24 01:00:00+00:00
[2026-05-24T11:09:48.227+0000] {processor.py:183} INFO - Processing /opt/airflow/dags/shopee_dag.py took 2.321 seconds
[2026-05-24T11:10:19.537+0000] {processor.py:161} INFO - Started process (PID=21044) to work on /opt/airflow/dags/shopee_dag.py
[2026-05-24T11:10:19.546+0000] {processor.py:830} INFO - Processing file /opt/airflow/dags/shopee_dag.py for tasks to queue
[2026-05-24T11:10:19.604+0000] {logging_mixin.py:188} INFO - [2026-05-24T11:10:19.594+0000] {dagbag.py:545} INFO - Filling up the DagBag from /opt/airflow/dags/shopee_dag.py
[2026-05-24T11:10:21.000+0000] {processor.py:840} INFO - DAG(s) 'shopee_pipeline' retrieved from /opt/airflow/dags/shopee_dag.py
[2026-05-24T11:10:21.551+0000] {logging_mixin.py:188} INFO - [2026-05-24T11:10:21.550+0000] {dag.py:3096} INFO - Sync 1 DAGs
[2026-05-24T11:10:22.076+0000] {logging_mixin.py:188} INFO - [2026-05-24T11:10:22.074+0000] {dag.py:3954} INFO - Setting next_dagrun for shopee_pipeline to 2026-05-23 01:00:00+00:00, run_after=2026-05-24 01:00:00+00:00
[2026-05-24T11:10:22.241+0000] {processor.py:183} INFO - Processing /opt/airflow/dags/shopee_dag.py took 2.922 seconds
[2026-05-24T11:10:55.987+0000] {processor.py:161} INFO - Started process (PID=21070) to work on /opt/airflow/dags/shopee_dag.py
[2026-05-24T11:10:55.991+0000] {processor.py:830} INFO - Processing file /opt/airflow/dags/shopee_dag.py for tasks to queue
[2026-05-24T11:10:55.996+0000] {logging_mixin.py:188} INFO - [2026-05-24T11:10:55.995+0000] {dagbag.py:545} INFO - Filling up the DagBag from /opt/airflow/dags/shopee_dag.py
[2026-05-24T11:10:56.440+0000] {processor.py:840} INFO - DAG(s) 'shopee_pipeline' retrieved from /opt/airflow/dags/shopee_dag.py
[2026-05-24T11:10:56.753+0000] {logging_mixin.py:188} INFO - [2026-05-24T11:10:56.751+0000] {dag.py:3096} INFO - Sync 1 DAGs
[2026-05-24T11:10:56.998+0000] {logging_mixin.py:188} INFO - [2026-05-24T11:10:56.996+0000] {dag.py:3954} INFO - Setting next_dagrun for shopee_pipeline to 2026-05-23 01:00:00+00:00, run_after=2026-05-24 01:00:00+00:00
[2026-05-24T11:10:57.088+0000] {processor.py:183} INFO - Processing /opt/airflow/dags/shopee_dag.py took 1.131 seconds
[2026-05-24T11:11:27.565+0000] {processor.py:161} INFO - Started process (PID=21163) to work on /opt/airflow/dags/shopee_dag.py
[2026-05-24T11:11:27.567+0000] {processor.py:830} INFO - Processing file /opt/airflow/dags/shopee_dag.py for tasks to queue
[2026-05-24T11:11:27.570+0000] {logging_mixin.py:188} INFO - [2026-05-24T11:11:27.569+0000] {dagbag.py:545} INFO - Filling up the DagBag from /opt/airflow/dags/shopee_dag.py
[2026-05-24T11:11:27.772+0000] {processor.py:840} INFO - DAG(s) 'shopee_pipeline' retrieved from /opt/airflow/dags/shopee_dag.py
[2026-05-24T11:11:27.832+0000] {logging_mixin.py:188} INFO - [2026-05-24T11:11:27.831+0000] {dag.py:3096} INFO - Sync 1 DAGs
[2026-05-24T11:11:27.879+0000] {logging_mixin.py:188} INFO - [2026-05-24T11:11:27.878+0000] {dag.py:3954} INFO - Setting next_dagrun for shopee_pipeline to 2026-05-23 01:00:00+00:00, run_after=2026-05-24 01:00:00+00:00
[2026-05-24T11:11:27.925+0000] {processor.py:183} INFO - Processing /opt/airflow/dags/shopee_dag.py took 0.372 seconds
[2026-05-24T11:11:58.876+0000] {processor.py:161} INFO - Started process (PID=21269) to work on /opt/airflow/dags/shopee_dag.py
[2026-05-24T11:11:58.878+0000] {processor.py:830} INFO - Processing file /opt/airflow/dags/shopee_dag.py for tasks to queue
[2026-05-24T11:11:58.882+0000] {logging_mixin.py:188} INFO - [2026-05-24T11:11:58.881+0000] {dagbag.py:545} INFO - Filling up the DagBag from /opt/airflow/dags/shopee_dag.py
[2026-05-24T11:11:59.108+0000] {processor.py:840} INFO - DAG(s) 'shopee_pipeline' retrieved from /opt/airflow/dags/shopee_dag.py
[2026-05-24T11:11:59.204+0000] {logging_mixin.py:188} INFO - [2026-05-24T11:11:59.203+0000] {dag.py:3096} INFO - Sync 1 DAGs
[2026-05-24T11:11:59.263+0000] {logging_mixin.py:188} INFO - [2026-05-24T11:11:59.262+0000] {dag.py:3954} INFO - Setting next_dagrun for shopee_pipeline to 2026-05-23 01:00:00+00:00, run_after=2026-05-24 01:00:00+00:00
[2026-05-24T11:11:59.303+0000] {processor.py:183} INFO - Processing /opt/airflow/dags/shopee_dag.py took 0.437 seconds
[2026-05-24T11:12:29.971+0000] {processor.py:161} INFO - Started process (PID=21290) to work on /opt/airflow/dags/shopee_dag.py
[2026-05-24T11:12:29.973+0000] {processor.py:830} INFO - Processing file /opt/airflow/dags/shopee_dag.py for tasks to queue
[2026-05-24T11:12:29.977+0000] {logging_mixin.py:188} INFO - [2026-05-24T11:12:29.976+0000] {dagbag.py:545} INFO - Filling up the DagBag from /opt/airflow/dags/shopee_dag.py
[2026-05-24T11:12:30.199+0000] {processor.py:840} INFO - DAG(s) 'shopee_pipeline' retrieved from /opt/airflow/dags/shopee_dag.py
[2026-05-24T11:12:30.302+0000] {logging_mixin.py:188} INFO - [2026-05-24T11:12:30.301+0000] {dag.py:3096} INFO - Sync 1 DAGs
[2026-05-24T11:12:30.434+0000] {logging_mixin.py:188} INFO - [2026-05-24T11:12:30.434+0000] {dag.py:3954} INFO - Setting next_dagrun for shopee_pipeline to 2026-05-23 01:00:00+00:00, run_after=2026-05-24 01:00:00+00:00
[2026-05-24T11:12:30.493+0000] {processor.py:183} INFO - Processing /opt/airflow/dags/shopee_dag.py took 0.536 seconds
[2026-05-24T11:13:01.115+0000] {processor.py:161} INFO - Started process (PID=21395) to work on /opt/airflow/dags/shopee_dag.py
[2026-05-24T11:13:01.140+0000] {processor.py:830} INFO - Processing file /opt/airflow/dags/shopee_dag.py for tasks to queue
[2026-05-24T11:13:01.166+0000] {logging_mixin.py:188} INFO - [2026-05-24T11:13:01.164+0000] {dagbag.py:545} INFO - Filling up the DagBag from /opt/airflow/dags/shopee_dag.py
[2026-05-24T11:13:02.006+0000] {processor.py:840} INFO - DAG(s) 'shopee_pipeline' retrieved from /opt/airflow/dags/shopee_dag.py
[2026-05-24T11:13:02.493+0000] {logging_mixin.py:188} INFO - [2026-05-24T11:13:02.492+0000] {dag.py:3096} INFO - Sync 1 DAGs
[2026-05-24T11:13:02.800+0000] {logging_mixin.py:188} INFO - [2026-05-24T11:13:02.799+0000] {dag.py:3954} INFO - Setting next_dagrun for shopee_pipeline to 2026-05-23 01:00:00+00:00, run_after=2026-05-24 01:00:00+00:00
[2026-05-24T11:13:02.936+0000] {processor.py:183} INFO - Processing /opt/airflow/dags/shopee_dag.py took 1.967 seconds
[2026-05-24T11:13:35.767+0000] {processor.py:161} INFO - Started process (PID=21486) to work on /opt/airflow/dags/shopee_dag.py
[2026-05-24T11:13:35.770+0000] {processor.py:830} INFO - Processing file /opt/airflow/dags/shopee_dag.py for tasks to queue
[2026-05-24T11:13:35.775+0000] {logging_mixin.py:188} INFO - [2026-05-24T11:13:35.774+0000] {dagbag.py:545} INFO - Filling up the DagBag from /opt/airflow/dags/shopee_dag.py
[2026-05-24T11:13:36.423+0000] {processor.py:840} INFO - DAG(s) 'shopee_pipeline' retrieved from /opt/airflow/dags/shopee_dag.py
[2026-05-24T11:13:36.903+0000] {logging_mixin.py:188} INFO - [2026-05-24T11:13:36.902+0000] {dag.py:3096} INFO - Sync 1 DAGs
[2026-05-24T11:13:37.303+0000] {logging_mixin.py:188} INFO - [2026-05-24T11:13:37.302+0000] {dag.py:3954} INFO - Setting next_dagrun for shopee_pipeline to 2026-05-23 01:00:00+00:00, run_after=2026-05-24 01:00:00+00:00
[2026-05-24T11:13:37.454+0000] {processor.py:183} INFO - Processing /opt/airflow/dags/shopee_dag.py took 1.702 seconds
[2026-05-24T11:14:08.417+0000] {processor.py:161} INFO - Started process (PID=21507) to work on /opt/airflow/dags/shopee_dag.py
[2026-05-24T11:14:08.515+0000] {processor.py:830} INFO - Processing file /opt/airflow/dags/shopee_dag.py for tasks to queue
[2026-05-24T11:14:08.660+0000] {logging_mixin.py:188} INFO - [2026-05-24T11:14:08.632+0000] {dagbag.py:545} INFO - Filling up the DagBag from /opt/airflow/dags/shopee_dag.py
