[2026-05-15T12:46:40.061+0000] {processor.py:161} INFO - Started process (PID=171) to work on /opt/airflow/dags/shopee_dags.py
[2026-05-15T12:46:40.068+0000] {processor.py:830} INFO - Processing file /opt/airflow/dags/shopee_dags.py for tasks to queue
[2026-05-15T12:46:40.089+0000] {logging_mixin.py:188} INFO - [2026-05-15T12:46:40.080+0000] {dagbag.py:538} INFO - Filling up the DagBag from /opt/airflow/dags/shopee_dags.py
[2026-05-15T12:46:40.546+0000] {processor.py:840} INFO - DAG(s) 'shopee_scraper' retrieved from /opt/airflow/dags/shopee_dags.py
[2026-05-15T12:46:40.651+0000] {logging_mixin.py:188} INFO - [2026-05-15T12:46:40.651+0000] {dag.py:3036} INFO - Sync 1 DAGs
[2026-05-15T12:46:40.935+0000] {logging_mixin.py:188} INFO - [2026-05-15T12:46:40.934+0000] {dag.py:3823} INFO - Setting next_dagrun for shopee_scraper to 2026-05-15 00:00:00+00:00, run_after=2026-05-16 00:00:00+00:00
[2026-05-15T12:46:41.028+0000] {processor.py:183} INFO - Processing /opt/airflow/dags/shopee_dags.py took 1.039 seconds
[2026-05-15T12:47:11.242+0000] {processor.py:161} INFO - Started process (PID=176) to work on /opt/airflow/dags/shopee_dags.py
[2026-05-15T12:47:11.243+0000] {processor.py:830} INFO - Processing file /opt/airflow/dags/shopee_dags.py for tasks to queue
[2026-05-15T12:47:11.244+0000] {logging_mixin.py:188} INFO - [2026-05-15T12:47:11.244+0000] {dagbag.py:538} INFO - Filling up the DagBag from /opt/airflow/dags/shopee_dags.py
[2026-05-15T12:47:11.323+0000] {processor.py:840} INFO - DAG(s) 'shopee_scraper' retrieved from /opt/airflow/dags/shopee_dags.py
[2026-05-15T12:47:11.405+0000] {logging_mixin.py:188} INFO - [2026-05-15T12:47:11.405+0000] {dag.py:3036} INFO - Sync 1 DAGs
[2026-05-15T12:47:12.101+0000] {logging_mixin.py:188} INFO - [2026-05-15T12:47:12.100+0000] {dag.py:3823} INFO - Setting next_dagrun for shopee_scraper to 2026-05-15 00:00:00+00:00, run_after=2026-05-16 00:00:00+00:00
[2026-05-15T12:47:12.882+0000] {processor.py:183} INFO - Processing /opt/airflow/dags/shopee_dags.py took 1.652 seconds
[2026-05-15T12:47:43.331+0000] {processor.py:161} INFO - Started process (PID=181) to work on /opt/airflow/dags/shopee_dags.py
[2026-05-15T12:47:43.339+0000] {processor.py:830} INFO - Processing file /opt/airflow/dags/shopee_dags.py for tasks to queue
[2026-05-15T12:47:43.346+0000] {logging_mixin.py:188} INFO - [2026-05-15T12:47:43.344+0000] {dagbag.py:538} INFO - Filling up the DagBag from /opt/airflow/dags/shopee_dags.py
[2026-05-15T12:47:43.442+0000] {processor.py:840} INFO - DAG(s) 'shopee_scraper' retrieved from /opt/airflow/dags/shopee_dags.py
[2026-05-15T12:47:43.516+0000] {logging_mixin.py:188} INFO - [2026-05-15T12:47:43.516+0000] {dag.py:3036} INFO - Sync 1 DAGs
[2026-05-15T12:47:43.654+0000] {logging_mixin.py:188} INFO - [2026-05-15T12:47:43.653+0000] {dag.py:3823} INFO - Setting next_dagrun for shopee_scraper to 2026-05-15 00:00:00+00:00, run_after=2026-05-16 00:00:00+00:00
[2026-05-15T12:47:43.782+0000] {processor.py:183} INFO - Processing /opt/airflow/dags/shopee_dags.py took 0.482 seconds
[2026-05-15T12:48:14.043+0000] {processor.py:161} INFO - Started process (PID=186) to work on /opt/airflow/dags/shopee_dags.py
[2026-05-15T12:48:14.047+0000] {processor.py:830} INFO - Processing file /opt/airflow/dags/shopee_dags.py for tasks to queue
[2026-05-15T12:48:14.049+0000] {logging_mixin.py:188} INFO - [2026-05-15T12:48:14.049+0000] {dagbag.py:538} INFO - Filling up the DagBag from /opt/airflow/dags/shopee_dags.py
[2026-05-15T12:48:14.134+0000] {processor.py:840} INFO - DAG(s) 'shopee_scraper' retrieved from /opt/airflow/dags/shopee_dags.py
[2026-05-15T12:48:14.256+0000] {logging_mixin.py:188} INFO - [2026-05-15T12:48:14.256+0000] {dag.py:3036} INFO - Sync 1 DAGs
[2026-05-15T12:48:14.403+0000] {logging_mixin.py:188} INFO - [2026-05-15T12:48:14.403+0000] {dag.py:3823} INFO - Setting next_dagrun for shopee_scraper to 2026-05-15 00:00:00+00:00, run_after=2026-05-16 00:00:00+00:00
[2026-05-15T12:48:14.505+0000] {processor.py:183} INFO - Processing /opt/airflow/dags/shopee_dags.py took 0.489 seconds
[2026-05-15T12:48:44.720+0000] {processor.py:161} INFO - Started process (PID=191) to work on /opt/airflow/dags/shopee_dags.py
[2026-05-15T12:48:44.721+0000] {processor.py:830} INFO - Processing file /opt/airflow/dags/shopee_dags.py for tasks to queue
[2026-05-15T12:48:44.723+0000] {logging_mixin.py:188} INFO - [2026-05-15T12:48:44.723+0000] {dagbag.py:538} INFO - Filling up the DagBag from /opt/airflow/dags/shopee_dags.py
[2026-05-15T12:48:44.755+0000] {processor.py:840} INFO - DAG(s) 'shopee_scraper' retrieved from /opt/airflow/dags/shopee_dags.py
[2026-05-15T12:48:44.779+0000] {logging_mixin.py:188} INFO - [2026-05-15T12:48:44.778+0000] {dag.py:3036} INFO - Sync 1 DAGs
[2026-05-15T12:48:44.816+0000] {logging_mixin.py:188} INFO - [2026-05-15T12:48:44.816+0000] {dag.py:3823} INFO - Setting next_dagrun for shopee_scraper to 2026-05-15 00:00:00+00:00, run_after=2026-05-16 00:00:00+00:00
[2026-05-15T12:48:44.845+0000] {processor.py:183} INFO - Processing /opt/airflow/dags/shopee_dags.py took 0.130 seconds
[2026-05-15T12:49:14.900+0000] {processor.py:161} INFO - Started process (PID=196) to work on /opt/airflow/dags/shopee_dags.py
[2026-05-15T12:49:14.930+0000] {processor.py:830} INFO - Processing file /opt/airflow/dags/shopee_dags.py for tasks to queue
[2026-05-15T12:49:14.931+0000] {logging_mixin.py:188} INFO - [2026-05-15T12:49:14.931+0000] {dagbag.py:538} INFO - Filling up the DagBag from /opt/airflow/dags/shopee_dags.py
[2026-05-15T12:49:14.975+0000] {processor.py:840} INFO - DAG(s) 'shopee_scraper' retrieved from /opt/airflow/dags/shopee_dags.py
[2026-05-15T12:49:14.996+0000] {logging_mixin.py:188} INFO - [2026-05-15T12:49:14.996+0000] {dag.py:3036} INFO - Sync 1 DAGs
[2026-05-15T12:49:15.125+0000] {logging_mixin.py:188} INFO - [2026-05-15T12:49:15.125+0000] {dag.py:3823} INFO - Setting next_dagrun for shopee_scraper to 2026-05-15 00:00:00+00:00, run_after=2026-05-16 00:00:00+00:00
[2026-05-15T12:49:15.187+0000] {processor.py:183} INFO - Processing /opt/airflow/dags/shopee_dags.py took 0.292 seconds
[2026-05-15T12:49:45.368+0000] {processor.py:161} INFO - Started process (PID=201) to work on /opt/airflow/dags/shopee_dags.py
[2026-05-15T12:49:45.369+0000] {processor.py:830} INFO - Processing file /opt/airflow/dags/shopee_dags.py for tasks to queue
[2026-05-15T12:49:45.370+0000] {logging_mixin.py:188} INFO - [2026-05-15T12:49:45.370+0000] {dagbag.py:538} INFO - Filling up the DagBag from /opt/airflow/dags/shopee_dags.py
[2026-05-15T12:49:45.391+0000] {processor.py:840} INFO - DAG(s) 'shopee_scraper' retrieved from /opt/airflow/dags/shopee_dags.py
[2026-05-15T12:49:45.409+0000] {logging_mixin.py:188} INFO - [2026-05-15T12:49:45.408+0000] {dag.py:3036} INFO - Sync 1 DAGs
[2026-05-15T12:49:45.437+0000] {logging_mixin.py:188} INFO - [2026-05-15T12:49:45.436+0000] {dag.py:3823} INFO - Setting next_dagrun for shopee_scraper to 2026-05-15 00:00:00+00:00, run_after=2026-05-16 00:00:00+00:00
[2026-05-15T12:49:45.468+0000] {processor.py:183} INFO - Processing /opt/airflow/dags/shopee_dags.py took 0.104 seconds
[2026-05-15T12:50:15.546+0000] {processor.py:161} INFO - Started process (PID=206) to work on /opt/airflow/dags/shopee_dags.py
[2026-05-15T12:50:15.547+0000] {processor.py:830} INFO - Processing file /opt/airflow/dags/shopee_dags.py for tasks to queue
[2026-05-15T12:50:15.548+0000] {logging_mixin.py:188} INFO - [2026-05-15T12:50:15.548+0000] {dagbag.py:538} INFO - Filling up the DagBag from /opt/airflow/dags/shopee_dags.py
[2026-05-15T12:50:15.584+0000] {processor.py:840} INFO - DAG(s) 'shopee_scraper' retrieved from /opt/airflow/dags/shopee_dags.py
[2026-05-15T12:50:15.602+0000] {logging_mixin.py:188} INFO - [2026-05-15T12:50:15.602+0000] {dag.py:3036} INFO - Sync 1 DAGs
[2026-05-15T12:50:15.629+0000] {logging_mixin.py:188} INFO - [2026-05-15T12:50:15.629+0000] {dag.py:3823} INFO - Setting next_dagrun for shopee_scraper to 2026-05-15 00:00:00+00:00, run_after=2026-05-16 00:00:00+00:00
[2026-05-15T12:50:15.652+0000] {processor.py:183} INFO - Processing /opt/airflow/dags/shopee_dags.py took 0.111 seconds
[2026-05-15T12:50:45.851+0000] {processor.py:161} INFO - Started process (PID=211) to work on /opt/airflow/dags/shopee_dags.py
[2026-05-15T12:50:45.853+0000] {processor.py:830} INFO - Processing file /opt/airflow/dags/shopee_dags.py for tasks to queue
[2026-05-15T12:50:45.854+0000] {logging_mixin.py:188} INFO - [2026-05-15T12:50:45.854+0000] {dagbag.py:538} INFO - Filling up the DagBag from /opt/airflow/dags/shopee_dags.py
[2026-05-15T12:50:45.881+0000] {processor.py:840} INFO - DAG(s) 'shopee_scraper' retrieved from /opt/airflow/dags/shopee_dags.py
[2026-05-15T12:50:45.899+0000] {logging_mixin.py:188} INFO - [2026-05-15T12:50:45.898+0000] {dag.py:3036} INFO - Sync 1 DAGs
[2026-05-15T12:50:45.926+0000] {logging_mixin.py:188} INFO - [2026-05-15T12:50:45.925+0000] {dag.py:3823} INFO - Setting next_dagrun for shopee_scraper to 2026-05-15 00:00:00+00:00, run_after=2026-05-16 00:00:00+00:00
[2026-05-15T12:50:45.949+0000] {processor.py:183} INFO - Processing /opt/airflow/dags/shopee_dags.py took 0.101 seconds
[2026-05-15T12:51:16.058+0000] {processor.py:161} INFO - Started process (PID=216) to work on /opt/airflow/dags/shopee_dags.py
[2026-05-15T12:51:16.059+0000] {processor.py:830} INFO - Processing file /opt/airflow/dags/shopee_dags.py for tasks to queue
[2026-05-15T12:51:16.060+0000] {logging_mixin.py:188} INFO - [2026-05-15T12:51:16.060+0000] {dagbag.py:538} INFO - Filling up the DagBag from /opt/airflow/dags/shopee_dags.py
[2026-05-15T12:51:16.080+0000] {processor.py:840} INFO - DAG(s) 'shopee_scraper' retrieved from /opt/airflow/dags/shopee_dags.py
[2026-05-15T12:51:16.097+0000] {logging_mixin.py:188} INFO - [2026-05-15T12:51:16.097+0000] {dag.py:3036} INFO - Sync 1 DAGs
[2026-05-15T12:51:16.121+0000] {logging_mixin.py:188} INFO - [2026-05-15T12:51:16.121+0000] {dag.py:3823} INFO - Setting next_dagrun for shopee_scraper to 2026-05-15 00:00:00+00:00, run_after=2026-05-16 00:00:00+00:00
[2026-05-15T12:51:16.144+0000] {processor.py:183} INFO - Processing /opt/airflow/dags/shopee_dags.py took 0.090 seconds
[2026-05-15T12:51:46.420+0000] {processor.py:161} INFO - Started process (PID=221) to work on /opt/airflow/dags/shopee_dags.py
[2026-05-15T12:51:46.421+0000] {processor.py:830} INFO - Processing file /opt/airflow/dags/shopee_dags.py for tasks to queue
[2026-05-15T12:51:46.422+0000] {logging_mixin.py:188} INFO - [2026-05-15T12:51:46.422+0000] {dagbag.py:538} INFO - Filling up the DagBag from /opt/airflow/dags/shopee_dags.py
[2026-05-15T12:51:46.441+0000] {processor.py:840} INFO - DAG(s) 'shopee_scraper' retrieved from /opt/airflow/dags/shopee_dags.py
[2026-05-15T12:51:46.459+0000] {logging_mixin.py:188} INFO - [2026-05-15T12:51:46.459+0000] {dag.py:3036} INFO - Sync 1 DAGs
[2026-05-15T12:51:46.487+0000] {logging_mixin.py:188} INFO - [2026-05-15T12:51:46.486+0000] {dag.py:3823} INFO - Setting next_dagrun for shopee_scraper to 2026-05-15 00:00:00+00:00, run_after=2026-05-16 00:00:00+00:00
[2026-05-15T12:51:46.509+0000] {processor.py:183} INFO - Processing /opt/airflow/dags/shopee_dags.py took 0.091 seconds
[2026-05-15T12:52:16.717+0000] {processor.py:161} INFO - Started process (PID=226) to work on /opt/airflow/dags/shopee_dags.py
[2026-05-15T12:52:16.720+0000] {processor.py:830} INFO - Processing file /opt/airflow/dags/shopee_dags.py for tasks to queue
[2026-05-15T12:52:16.723+0000] {logging_mixin.py:188} INFO - [2026-05-15T12:52:16.722+0000] {dagbag.py:538} INFO - Filling up the DagBag from /opt/airflow/dags/shopee_dags.py
[2026-05-15T12:52:16.763+0000] {processor.py:840} INFO - DAG(s) 'shopee_scraper' retrieved from /opt/airflow/dags/shopee_dags.py
[2026-05-15T12:52:17.609+0000] {logging_mixin.py:188} INFO - [2026-05-15T12:52:17.609+0000] {dag.py:3036} INFO - Sync 1 DAGs
[2026-05-15T12:52:17.648+0000] {logging_mixin.py:188} INFO - [2026-05-15T12:52:17.648+0000] {dag.py:3823} INFO - Setting next_dagrun for shopee_scraper to 2026-05-15 00:00:00+00:00, run_after=2026-05-16 00:00:00+00:00
[2026-05-15T12:52:17.696+0000] {processor.py:183} INFO - Processing /opt/airflow/dags/shopee_dags.py took 0.992 seconds
[2026-05-15T12:52:47.900+0000] {processor.py:161} INFO - Started process (PID=231) to work on /opt/airflow/dags/shopee_dags.py
[2026-05-15T12:52:47.901+0000] {processor.py:830} INFO - Processing file /opt/airflow/dags/shopee_dags.py for tasks to queue
[2026-05-15T12:52:47.902+0000] {logging_mixin.py:188} INFO - [2026-05-15T12:52:47.901+0000] {dagbag.py:538} INFO - Filling up the DagBag from /opt/airflow/dags/shopee_dags.py
[2026-05-15T12:52:47.920+0000] {processor.py:840} INFO - DAG(s) 'shopee_scraper' retrieved from /opt/airflow/dags/shopee_dags.py
[2026-05-15T12:52:47.935+0000] {logging_mixin.py:188} INFO - [2026-05-15T12:52:47.935+0000] {dag.py:3036} INFO - Sync 1 DAGs
[2026-05-15T12:52:47.961+0000] {logging_mixin.py:188} INFO - [2026-05-15T12:52:47.960+0000] {dag.py:3823} INFO - Setting next_dagrun for shopee_scraper to 2026-05-15 00:00:00+00:00, run_after=2026-05-16 00:00:00+00:00
[2026-05-15T12:52:47.982+0000] {processor.py:183} INFO - Processing /opt/airflow/dags/shopee_dags.py took 0.085 seconds
[2026-05-15T12:53:18.163+0000] {processor.py:161} INFO - Started process (PID=236) to work on /opt/airflow/dags/shopee_dags.py
[2026-05-15T12:53:18.165+0000] {processor.py:830} INFO - Processing file /opt/airflow/dags/shopee_dags.py for tasks to queue
[2026-05-15T12:53:18.168+0000] {logging_mixin.py:188} INFO - [2026-05-15T12:53:18.167+0000] {dagbag.py:538} INFO - Filling up the DagBag from /opt/airflow/dags/shopee_dags.py
[2026-05-15T12:53:18.190+0000] {processor.py:840} INFO - DAG(s) 'shopee_scraper' retrieved from /opt/airflow/dags/shopee_dags.py
[2026-05-15T12:53:18.358+0000] {logging_mixin.py:188} INFO - [2026-05-15T12:53:18.358+0000] {dag.py:3036} INFO - Sync 1 DAGs
[2026-05-15T12:53:18.394+0000] {logging_mixin.py:188} INFO - [2026-05-15T12:53:18.394+0000] {dag.py:3823} INFO - Setting next_dagrun for shopee_scraper to 2026-05-15 00:00:00+00:00, run_after=2026-05-16 00:00:00+00:00
[2026-05-15T12:53:18.430+0000] {processor.py:183} INFO - Processing /opt/airflow/dags/shopee_dags.py took 0.272 seconds
[2026-05-15T12:53:48.688+0000] {processor.py:161} INFO - Started process (PID=241) to work on /opt/airflow/dags/shopee_dags.py
[2026-05-15T12:53:48.691+0000] {processor.py:830} INFO - Processing file /opt/airflow/dags/shopee_dags.py for tasks to queue
[2026-05-15T12:53:48.693+0000] {logging_mixin.py:188} INFO - [2026-05-15T12:53:48.692+0000] {dagbag.py:538} INFO - Filling up the DagBag from /opt/airflow/dags/shopee_dags.py
[2026-05-15T12:53:48.739+0000] {processor.py:840} INFO - DAG(s) 'shopee_scraper' retrieved from /opt/airflow/dags/shopee_dags.py
[2026-05-15T12:53:48.816+0000] {logging_mixin.py:188} INFO - [2026-05-15T12:53:48.815+0000] {dag.py:3036} INFO - Sync 1 DAGs
[2026-05-15T12:53:48.891+0000] {logging_mixin.py:188} INFO - [2026-05-15T12:53:48.890+0000] {dag.py:3823} INFO - Setting next_dagrun for shopee_scraper to 2026-05-15 00:00:00+00:00, run_after=2026-05-16 00:00:00+00:00
[2026-05-15T12:53:48.951+0000] {processor.py:183} INFO - Processing /opt/airflow/dags/shopee_dags.py took 0.274 seconds
[2026-05-15T12:54:19.234+0000] {processor.py:161} INFO - Started process (PID=246) to work on /opt/airflow/dags/shopee_dags.py
[2026-05-15T12:54:19.237+0000] {processor.py:830} INFO - Processing file /opt/airflow/dags/shopee_dags.py for tasks to queue
[2026-05-15T12:54:19.239+0000] {logging_mixin.py:188} INFO - [2026-05-15T12:54:19.238+0000] {dagbag.py:538} INFO - Filling up the DagBag from /opt/airflow/dags/shopee_dags.py
[2026-05-15T12:54:19.272+0000] {processor.py:840} INFO - DAG(s) 'shopee_scraper' retrieved from /opt/airflow/dags/shopee_dags.py
[2026-05-15T12:54:19.303+0000] {logging_mixin.py:188} INFO - [2026-05-15T12:54:19.303+0000] {dag.py:3036} INFO - Sync 1 DAGs
[2026-05-15T12:54:19.377+0000] {logging_mixin.py:188} INFO - [2026-05-15T12:54:19.376+0000] {dag.py:3823} INFO - Setting next_dagrun for shopee_scraper to 2026-05-15 00:00:00+00:00, run_after=2026-05-16 00:00:00+00:00
[2026-05-15T12:54:19.424+0000] {processor.py:183} INFO - Processing /opt/airflow/dags/shopee_dags.py took 0.198 seconds
[2026-05-15T12:54:49.680+0000] {processor.py:161} INFO - Started process (PID=251) to work on /opt/airflow/dags/shopee_dags.py
[2026-05-15T12:54:49.682+0000] {processor.py:830} INFO - Processing file /opt/airflow/dags/shopee_dags.py for tasks to queue
[2026-05-15T12:54:49.685+0000] {logging_mixin.py:188} INFO - [2026-05-15T12:54:49.684+0000] {dagbag.py:538} INFO - Filling up the DagBag from /opt/airflow/dags/shopee_dags.py
[2026-05-15T12:54:49.728+0000] {processor.py:840} INFO - DAG(s) 'shopee_scraper' retrieved from /opt/airflow/dags/shopee_dags.py
[2026-05-15T12:54:49.770+0000] {logging_mixin.py:188} INFO - [2026-05-15T12:54:49.769+0000] {dag.py:3036} INFO - Sync 1 DAGs
[2026-05-15T12:54:49.856+0000] {logging_mixin.py:188} INFO - [2026-05-15T12:54:49.856+0000] {dag.py:3823} INFO - Setting next_dagrun for shopee_scraper to 2026-05-15 00:00:00+00:00, run_after=2026-05-16 00:00:00+00:00
[2026-05-15T12:54:49.924+0000] {processor.py:183} INFO - Processing /opt/airflow/dags/shopee_dags.py took 0.253 seconds
[2026-05-15T12:55:20.156+0000] {processor.py:161} INFO - Started process (PID=256) to work on /opt/airflow/dags/shopee_dags.py
[2026-05-15T12:55:20.157+0000] {processor.py:830} INFO - Processing file /opt/airflow/dags/shopee_dags.py for tasks to queue
[2026-05-15T12:55:20.158+0000] {logging_mixin.py:188} INFO - [2026-05-15T12:55:20.158+0000] {dagbag.py:538} INFO - Filling up the DagBag from /opt/airflow/dags/shopee_dags.py
[2026-05-15T12:55:20.193+0000] {processor.py:840} INFO - DAG(s) 'shopee_scraper' retrieved from /opt/airflow/dags/shopee_dags.py
[2026-05-15T12:55:20.219+0000] {logging_mixin.py:188} INFO - [2026-05-15T12:55:20.219+0000] {dag.py:3036} INFO - Sync 1 DAGs
[2026-05-15T12:55:20.262+0000] {logging_mixin.py:188} INFO - [2026-05-15T12:55:20.262+0000] {dag.py:3823} INFO - Setting next_dagrun for shopee_scraper to 2026-05-15 00:00:00+00:00, run_after=2026-05-16 00:00:00+00:00
[2026-05-15T12:55:20.298+0000] {processor.py:183} INFO - Processing /opt/airflow/dags/shopee_dags.py took 0.148 seconds
[2026-05-15T12:55:50.500+0000] {processor.py:161} INFO - Started process (PID=261) to work on /opt/airflow/dags/shopee_dags.py
[2026-05-15T12:55:50.501+0000] {processor.py:830} INFO - Processing file /opt/airflow/dags/shopee_dags.py for tasks to queue
[2026-05-15T12:55:50.503+0000] {logging_mixin.py:188} INFO - [2026-05-15T12:55:50.502+0000] {dagbag.py:538} INFO - Filling up the DagBag from /opt/airflow/dags/shopee_dags.py
[2026-05-15T12:55:50.529+0000] {processor.py:840} INFO - DAG(s) 'shopee_scraper' retrieved from /opt/airflow/dags/shopee_dags.py
[2026-05-15T12:55:50.550+0000] {logging_mixin.py:188} INFO - [2026-05-15T12:55:50.550+0000] {dag.py:3036} INFO - Sync 1 DAGs
[2026-05-15T12:55:50.586+0000] {logging_mixin.py:188} INFO - [2026-05-15T12:55:50.586+0000] {dag.py:3823} INFO - Setting next_dagrun for shopee_scraper to 2026-05-15 00:00:00+00:00, run_after=2026-05-16 00:00:00+00:00
[2026-05-15T12:55:50.616+0000] {processor.py:183} INFO - Processing /opt/airflow/dags/shopee_dags.py took 0.121 seconds
[2026-05-15T12:56:20.711+0000] {processor.py:161} INFO - Started process (PID=266) to work on /opt/airflow/dags/shopee_dags.py
[2026-05-15T12:56:20.713+0000] {processor.py:830} INFO - Processing file /opt/airflow/dags/shopee_dags.py for tasks to queue
[2026-05-15T12:56:20.714+0000] {logging_mixin.py:188} INFO - [2026-05-15T12:56:20.714+0000] {dagbag.py:538} INFO - Filling up the DagBag from /opt/airflow/dags/shopee_dags.py
[2026-05-15T12:56:20.748+0000] {processor.py:840} INFO - DAG(s) 'shopee_scraper' retrieved from /opt/airflow/dags/shopee_dags.py
[2026-05-15T12:56:20.777+0000] {logging_mixin.py:188} INFO - [2026-05-15T12:56:20.777+0000] {dag.py:3036} INFO - Sync 1 DAGs
[2026-05-15T12:56:20.824+0000] {logging_mixin.py:188} INFO - [2026-05-15T12:56:20.824+0000] {dag.py:3823} INFO - Setting next_dagrun for shopee_scraper to 2026-05-15 00:00:00+00:00, run_after=2026-05-16 00:00:00+00:00
[2026-05-15T12:56:20.857+0000] {processor.py:183} INFO - Processing /opt/airflow/dags/shopee_dags.py took 0.152 seconds
[2026-05-15T12:56:51.114+0000] {processor.py:161} INFO - Started process (PID=271) to work on /opt/airflow/dags/shopee_dags.py
[2026-05-15T12:56:51.115+0000] {processor.py:830} INFO - Processing file /opt/airflow/dags/shopee_dags.py for tasks to queue
[2026-05-15T12:56:51.116+0000] {logging_mixin.py:188} INFO - [2026-05-15T12:56:51.115+0000] {dagbag.py:538} INFO - Filling up the DagBag from /opt/airflow/dags/shopee_dags.py
[2026-05-15T12:56:51.136+0000] {processor.py:840} INFO - DAG(s) 'shopee_scraper' retrieved from /opt/airflow/dags/shopee_dags.py
[2026-05-15T12:56:51.155+0000] {logging_mixin.py:188} INFO - [2026-05-15T12:56:51.155+0000] {dag.py:3036} INFO - Sync 1 DAGs
[2026-05-15T12:56:51.191+0000] {logging_mixin.py:188} INFO - [2026-05-15T12:56:51.190+0000] {dag.py:3823} INFO - Setting next_dagrun for shopee_scraper to 2026-05-15 00:00:00+00:00, run_after=2026-05-16 00:00:00+00:00
[2026-05-15T12:56:51.222+0000] {processor.py:183} INFO - Processing /opt/airflow/dags/shopee_dags.py took 0.112 seconds
[2026-05-15T12:57:21.330+0000] {processor.py:161} INFO - Started process (PID=276) to work on /opt/airflow/dags/shopee_dags.py
[2026-05-15T12:57:21.331+0000] {processor.py:830} INFO - Processing file /opt/airflow/dags/shopee_dags.py for tasks to queue
[2026-05-15T12:57:21.332+0000] {logging_mixin.py:188} INFO - [2026-05-15T12:57:21.332+0000] {dagbag.py:538} INFO - Filling up the DagBag from /opt/airflow/dags/shopee_dags.py
[2026-05-15T12:57:21.348+0000] {processor.py:840} INFO - DAG(s) 'shopee_scraper' retrieved from /opt/airflow/dags/shopee_dags.py
[2026-05-15T12:57:21.363+0000] {logging_mixin.py:188} INFO - [2026-05-15T12:57:21.363+0000] {dag.py:3036} INFO - Sync 1 DAGs
[2026-05-15T12:57:21.386+0000] {logging_mixin.py:188} INFO - [2026-05-15T12:57:21.386+0000] {dag.py:3823} INFO - Setting next_dagrun for shopee_scraper to 2026-05-15 00:00:00+00:00, run_after=2026-05-16 00:00:00+00:00
[2026-05-15T12:57:21.405+0000] {processor.py:183} INFO - Processing /opt/airflow/dags/shopee_dags.py took 0.077 seconds
[2026-05-15T12:57:51.670+0000] {processor.py:161} INFO - Started process (PID=281) to work on /opt/airflow/dags/shopee_dags.py
[2026-05-15T12:57:51.671+0000] {processor.py:830} INFO - Processing file /opt/airflow/dags/shopee_dags.py for tasks to queue
[2026-05-15T12:57:51.672+0000] {logging_mixin.py:188} INFO - [2026-05-15T12:57:51.672+0000] {dagbag.py:538} INFO - Filling up the DagBag from /opt/airflow/dags/shopee_dags.py
[2026-05-15T12:57:51.692+0000] {processor.py:840} INFO - DAG(s) 'shopee_scraper' retrieved from /opt/airflow/dags/shopee_dags.py
[2026-05-15T12:57:51.705+0000] {logging_mixin.py:188} INFO - [2026-05-15T12:57:51.705+0000] {dag.py:3036} INFO - Sync 1 DAGs
[2026-05-15T12:57:51.727+0000] {logging_mixin.py:188} INFO - [2026-05-15T12:57:51.727+0000] {dag.py:3823} INFO - Setting next_dagrun for shopee_scraper to 2026-05-15 00:00:00+00:00, run_after=2026-05-16 00:00:00+00:00
[2026-05-15T12:57:51.751+0000] {processor.py:183} INFO - Processing /opt/airflow/dags/shopee_dags.py took 0.086 seconds
[2026-05-15T12:58:21.920+0000] {processor.py:161} INFO - Started process (PID=286) to work on /opt/airflow/dags/shopee_dags.py
[2026-05-15T12:58:21.921+0000] {processor.py:830} INFO - Processing file /opt/airflow/dags/shopee_dags.py for tasks to queue
[2026-05-15T12:58:21.923+0000] {logging_mixin.py:188} INFO - [2026-05-15T12:58:21.922+0000] {dagbag.py:538} INFO - Filling up the DagBag from /opt/airflow/dags/shopee_dags.py
[2026-05-15T12:58:21.939+0000] {processor.py:840} INFO - DAG(s) 'shopee_scraper' retrieved from /opt/airflow/dags/shopee_dags.py
[2026-05-15T12:58:21.953+0000] {logging_mixin.py:188} INFO - [2026-05-15T12:58:21.952+0000] {dag.py:3036} INFO - Sync 1 DAGs
[2026-05-15T12:58:21.974+0000] {logging_mixin.py:188} INFO - [2026-05-15T12:58:21.974+0000] {dag.py:3823} INFO - Setting next_dagrun for shopee_scraper to 2026-05-15 00:00:00+00:00, run_after=2026-05-16 00:00:00+00:00
[2026-05-15T12:58:21.992+0000] {processor.py:183} INFO - Processing /opt/airflow/dags/shopee_dags.py took 0.074 seconds
[2026-05-15T12:58:52.164+0000] {processor.py:161} INFO - Started process (PID=291) to work on /opt/airflow/dags/shopee_dags.py
[2026-05-15T12:58:52.165+0000] {processor.py:830} INFO - Processing file /opt/airflow/dags/shopee_dags.py for tasks to queue
[2026-05-15T12:58:52.165+0000] {logging_mixin.py:188} INFO - [2026-05-15T12:58:52.165+0000] {dagbag.py:538} INFO - Filling up the DagBag from /opt/airflow/dags/shopee_dags.py
[2026-05-15T12:58:52.181+0000] {processor.py:840} INFO - DAG(s) 'shopee_scraper' retrieved from /opt/airflow/dags/shopee_dags.py
[2026-05-15T12:58:52.328+0000] {logging_mixin.py:188} INFO - [2026-05-15T12:58:52.327+0000] {dag.py:3036} INFO - Sync 1 DAGs
[2026-05-15T12:58:52.350+0000] {logging_mixin.py:188} INFO - [2026-05-15T12:58:52.350+0000] {dag.py:3823} INFO - Setting next_dagrun for shopee_scraper to 2026-05-15 00:00:00+00:00, run_after=2026-05-16 00:00:00+00:00
[2026-05-15T12:58:52.370+0000] {processor.py:183} INFO - Processing /opt/airflow/dags/shopee_dags.py took 0.210 seconds
[2026-05-15T12:59:22.428+0000] {processor.py:161} INFO - Started process (PID=296) to work on /opt/airflow/dags/shopee_dags.py
[2026-05-15T12:59:22.429+0000] {processor.py:830} INFO - Processing file /opt/airflow/dags/shopee_dags.py for tasks to queue
[2026-05-15T12:59:22.430+0000] {logging_mixin.py:188} INFO - [2026-05-15T12:59:22.430+0000] {dagbag.py:538} INFO - Filling up the DagBag from /opt/airflow/dags/shopee_dags.py
[2026-05-15T12:59:22.447+0000] {processor.py:840} INFO - DAG(s) 'shopee_scraper' retrieved from /opt/airflow/dags/shopee_dags.py
[2026-05-15T12:59:22.462+0000] {logging_mixin.py:188} INFO - [2026-05-15T12:59:22.462+0000] {dag.py:3036} INFO - Sync 1 DAGs
[2026-05-15T12:59:22.490+0000] {logging_mixin.py:188} INFO - [2026-05-15T12:59:22.490+0000] {dag.py:3823} INFO - Setting next_dagrun for shopee_scraper to 2026-05-15 00:00:00+00:00, run_after=2026-05-16 00:00:00+00:00
[2026-05-15T12:59:22.515+0000] {processor.py:183} INFO - Processing /opt/airflow/dags/shopee_dags.py took 0.089 seconds
[2026-05-15T12:59:52.704+0000] {processor.py:161} INFO - Started process (PID=301) to work on /opt/airflow/dags/shopee_dags.py
[2026-05-15T12:59:52.705+0000] {processor.py:830} INFO - Processing file /opt/airflow/dags/shopee_dags.py for tasks to queue
[2026-05-15T12:59:52.706+0000] {logging_mixin.py:188} INFO - [2026-05-15T12:59:52.706+0000] {dagbag.py:538} INFO - Filling up the DagBag from /opt/airflow/dags/shopee_dags.py
[2026-05-15T12:59:52.725+0000] {processor.py:840} INFO - DAG(s) 'shopee_scraper' retrieved from /opt/airflow/dags/shopee_dags.py
[2026-05-15T12:59:52.849+0000] {logging_mixin.py:188} INFO - [2026-05-15T12:59:52.849+0000] {dag.py:3036} INFO - Sync 1 DAGs
[2026-05-15T12:59:52.875+0000] {logging_mixin.py:188} INFO - [2026-05-15T12:59:52.873+0000] {dag.py:3823} INFO - Setting next_dagrun for shopee_scraper to 2026-05-15 00:00:00+00:00, run_after=2026-05-16 00:00:00+00:00
[2026-05-15T12:59:52.899+0000] {processor.py:183} INFO - Processing /opt/airflow/dags/shopee_dags.py took 0.199 seconds
[2026-05-15T13:00:22.976+0000] {processor.py:161} INFO - Started process (PID=306) to work on /opt/airflow/dags/shopee_dags.py
[2026-05-15T13:00:22.977+0000] {processor.py:830} INFO - Processing file /opt/airflow/dags/shopee_dags.py for tasks to queue
[2026-05-15T13:00:22.978+0000] {logging_mixin.py:188} INFO - [2026-05-15T13:00:22.978+0000] {dagbag.py:538} INFO - Filling up the DagBag from /opt/airflow/dags/shopee_dags.py
[2026-05-15T13:00:22.996+0000] {processor.py:840} INFO - DAG(s) 'shopee_scraper' retrieved from /opt/airflow/dags/shopee_dags.py
[2026-05-15T13:00:23.013+0000] {logging_mixin.py:188} INFO - [2026-05-15T13:00:23.012+0000] {dag.py:3036} INFO - Sync 1 DAGs
[2026-05-15T13:00:23.039+0000] {logging_mixin.py:188} INFO - [2026-05-15T13:00:23.039+0000] {dag.py:3823} INFO - Setting next_dagrun for shopee_scraper to 2026-05-15 00:00:00+00:00, run_after=2026-05-16 00:00:00+00:00
[2026-05-15T13:00:23.058+0000] {processor.py:183} INFO - Processing /opt/airflow/dags/shopee_dags.py took 0.087 seconds
[2026-05-15T13:00:53.165+0000] {processor.py:161} INFO - Started process (PID=311) to work on /opt/airflow/dags/shopee_dags.py
[2026-05-15T13:00:53.166+0000] {processor.py:830} INFO - Processing file /opt/airflow/dags/shopee_dags.py for tasks to queue
[2026-05-15T13:00:53.166+0000] {logging_mixin.py:188} INFO - [2026-05-15T13:00:53.166+0000] {dagbag.py:538} INFO - Filling up the DagBag from /opt/airflow/dags/shopee_dags.py
[2026-05-15T13:00:53.183+0000] {processor.py:840} INFO - DAG(s) 'shopee_scraper' retrieved from /opt/airflow/dags/shopee_dags.py
[2026-05-15T13:00:53.300+0000] {logging_mixin.py:188} INFO - [2026-05-15T13:00:53.300+0000] {dag.py:3036} INFO - Sync 1 DAGs
[2026-05-15T13:00:53.324+0000] {logging_mixin.py:188} INFO - [2026-05-15T13:00:53.324+0000] {dag.py:3823} INFO - Setting next_dagrun for shopee_scraper to 2026-05-15 00:00:00+00:00, run_after=2026-05-16 00:00:00+00:00
[2026-05-15T13:00:53.346+0000] {processor.py:183} INFO - Processing /opt/airflow/dags/shopee_dags.py took 0.185 seconds
[2026-05-15T13:01:23.530+0000] {processor.py:161} INFO - Started process (PID=316) to work on /opt/airflow/dags/shopee_dags.py
[2026-05-15T13:01:23.539+0000] {processor.py:830} INFO - Processing file /opt/airflow/dags/shopee_dags.py for tasks to queue
[2026-05-15T13:01:23.547+0000] {logging_mixin.py:188} INFO - [2026-05-15T13:01:23.543+0000] {dagbag.py:538} INFO - Filling up the DagBag from /opt/airflow/dags/shopee_dags.py
[2026-05-15T13:01:23.596+0000] {processor.py:840} INFO - DAG(s) 'shopee_scraper' retrieved from /opt/airflow/dags/shopee_dags.py
[2026-05-15T13:01:23.633+0000] {logging_mixin.py:188} INFO - [2026-05-15T13:01:23.633+0000] {dag.py:3036} INFO - Sync 1 DAGs
[2026-05-15T13:01:23.666+0000] {logging_mixin.py:188} INFO - [2026-05-15T13:01:23.666+0000] {dag.py:3823} INFO - Setting next_dagrun for shopee_scraper to 2026-05-15 00:00:00+00:00, run_after=2026-05-16 00:00:00+00:00
[2026-05-15T13:01:23.698+0000] {processor.py:183} INFO - Processing /opt/airflow/dags/shopee_dags.py took 0.197 seconds
[2026-05-15T13:01:53.900+0000] {processor.py:161} INFO - Started process (PID=321) to work on /opt/airflow/dags/shopee_dags.py
[2026-05-15T13:01:53.901+0000] {processor.py:830} INFO - Processing file /opt/airflow/dags/shopee_dags.py for tasks to queue
[2026-05-15T13:01:53.902+0000] {logging_mixin.py:188} INFO - [2026-05-15T13:01:53.902+0000] {dagbag.py:538} INFO - Filling up the DagBag from /opt/airflow/dags/shopee_dags.py
[2026-05-15T13:01:53.922+0000] {processor.py:840} INFO - DAG(s) 'shopee_scraper' retrieved from /opt/airflow/dags/shopee_dags.py
[2026-05-15T13:01:53.942+0000] {logging_mixin.py:188} INFO - [2026-05-15T13:01:53.942+0000] {dag.py:3036} INFO - Sync 1 DAGs
[2026-05-15T13:01:53.972+0000] {logging_mixin.py:188} INFO - [2026-05-15T13:01:53.972+0000] {dag.py:3823} INFO - Setting next_dagrun for shopee_scraper to 2026-05-15 00:00:00+00:00, run_after=2026-05-16 00:00:00+00:00
[2026-05-15T13:01:53.993+0000] {processor.py:183} INFO - Processing /opt/airflow/dags/shopee_dags.py took 0.097 seconds
[2026-05-15T13:02:24.141+0000] {processor.py:161} INFO - Started process (PID=326) to work on /opt/airflow/dags/shopee_dags.py
[2026-05-15T13:02:24.142+0000] {processor.py:830} INFO - Processing file /opt/airflow/dags/shopee_dags.py for tasks to queue
[2026-05-15T13:02:24.144+0000] {logging_mixin.py:188} INFO - [2026-05-15T13:02:24.143+0000] {dagbag.py:538} INFO - Filling up the DagBag from /opt/airflow/dags/shopee_dags.py
[2026-05-15T13:02:24.163+0000] {processor.py:840} INFO - DAG(s) 'shopee_scraper' retrieved from /opt/airflow/dags/shopee_dags.py
[2026-05-15T13:02:24.281+0000] {logging_mixin.py:188} INFO - [2026-05-15T13:02:24.281+0000] {dag.py:3036} INFO - Sync 1 DAGs
[2026-05-15T13:02:24.303+0000] {logging_mixin.py:188} INFO - [2026-05-15T13:02:24.303+0000] {dag.py:3823} INFO - Setting next_dagrun for shopee_scraper to 2026-05-15 00:00:00+00:00, run_after=2026-05-16 00:00:00+00:00
[2026-05-15T13:02:24.340+0000] {processor.py:183} INFO - Processing /opt/airflow/dags/shopee_dags.py took 0.202 seconds
[2026-05-15T13:02:54.497+0000] {processor.py:161} INFO - Started process (PID=331) to work on /opt/airflow/dags/shopee_dags.py
[2026-05-15T13:02:54.498+0000] {processor.py:830} INFO - Processing file /opt/airflow/dags/shopee_dags.py for tasks to queue
[2026-05-15T13:02:54.499+0000] {logging_mixin.py:188} INFO - [2026-05-15T13:02:54.499+0000] {dagbag.py:538} INFO - Filling up the DagBag from /opt/airflow/dags/shopee_dags.py
[2026-05-15T13:02:54.518+0000] {processor.py:840} INFO - DAG(s) 'shopee_scraper' retrieved from /opt/airflow/dags/shopee_dags.py
[2026-05-15T13:02:54.533+0000] {logging_mixin.py:188} INFO - [2026-05-15T13:02:54.533+0000] {dag.py:3036} INFO - Sync 1 DAGs
[2026-05-15T13:02:54.564+0000] {logging_mixin.py:188} INFO - [2026-05-15T13:02:54.564+0000] {dag.py:3823} INFO - Setting next_dagrun for shopee_scraper to 2026-05-15 00:00:00+00:00, run_after=2026-05-16 00:00:00+00:00
[2026-05-15T13:02:54.583+0000] {processor.py:183} INFO - Processing /opt/airflow/dags/shopee_dags.py took 0.094 seconds
[2026-05-15T13:03:24.773+0000] {processor.py:161} INFO - Started process (PID=336) to work on /opt/airflow/dags/shopee_dags.py
[2026-05-15T13:03:24.774+0000] {processor.py:830} INFO - Processing file /opt/airflow/dags/shopee_dags.py for tasks to queue
[2026-05-15T13:03:24.776+0000] {logging_mixin.py:188} INFO - [2026-05-15T13:03:24.775+0000] {dagbag.py:538} INFO - Filling up the DagBag from /opt/airflow/dags/shopee_dags.py
[2026-05-15T13:03:24.792+0000] {processor.py:840} INFO - DAG(s) 'shopee_scraper' retrieved from /opt/airflow/dags/shopee_dags.py
[2026-05-15T13:03:24.891+0000] {logging_mixin.py:188} INFO - [2026-05-15T13:03:24.891+0000] {dag.py:3036} INFO - Sync 1 DAGs
[2026-05-15T13:03:24.910+0000] {logging_mixin.py:188} INFO - [2026-05-15T13:03:24.909+0000] {dag.py:3823} INFO - Setting next_dagrun for shopee_scraper to 2026-05-15 00:00:00+00:00, run_after=2026-05-16 00:00:00+00:00
[2026-05-15T13:03:24.928+0000] {processor.py:183} INFO - Processing /opt/airflow/dags/shopee_dags.py took 0.158 seconds
[2026-05-15T13:03:55.111+0000] {processor.py:161} INFO - Started process (PID=341) to work on /opt/airflow/dags/shopee_dags.py
[2026-05-15T13:03:55.112+0000] {processor.py:830} INFO - Processing file /opt/airflow/dags/shopee_dags.py for tasks to queue
[2026-05-15T13:03:55.113+0000] {logging_mixin.py:188} INFO - [2026-05-15T13:03:55.112+0000] {dagbag.py:538} INFO - Filling up the DagBag from /opt/airflow/dags/shopee_dags.py
[2026-05-15T13:03:55.129+0000] {processor.py:840} INFO - DAG(s) 'shopee_scraper' retrieved from /opt/airflow/dags/shopee_dags.py
[2026-05-15T13:03:55.144+0000] {logging_mixin.py:188} INFO - [2026-05-15T13:03:55.143+0000] {dag.py:3036} INFO - Sync 1 DAGs
[2026-05-15T13:03:55.165+0000] {logging_mixin.py:188} INFO - [2026-05-15T13:03:55.165+0000] {dag.py:3823} INFO - Setting next_dagrun for shopee_scraper to 2026-05-15 00:00:00+00:00, run_after=2026-05-16 00:00:00+00:00
[2026-05-15T13:03:55.185+0000] {processor.py:183} INFO - Processing /opt/airflow/dags/shopee_dags.py took 0.077 seconds
[2026-05-15T13:04:25.458+0000] {processor.py:161} INFO - Started process (PID=346) to work on /opt/airflow/dags/shopee_dags.py
[2026-05-15T13:04:25.459+0000] {processor.py:830} INFO - Processing file /opt/airflow/dags/shopee_dags.py for tasks to queue
[2026-05-15T13:04:25.460+0000] {logging_mixin.py:188} INFO - [2026-05-15T13:04:25.459+0000] {dagbag.py:538} INFO - Filling up the DagBag from /opt/airflow/dags/shopee_dags.py
[2026-05-15T13:04:25.475+0000] {processor.py:840} INFO - DAG(s) 'shopee_scraper' retrieved from /opt/airflow/dags/shopee_dags.py
[2026-05-15T13:04:25.571+0000] {logging_mixin.py:188} INFO - [2026-05-15T13:04:25.570+0000] {dag.py:3036} INFO - Sync 1 DAGs
[2026-05-15T13:04:25.590+0000] {logging_mixin.py:188} INFO - [2026-05-15T13:04:25.590+0000] {dag.py:3823} INFO - Setting next_dagrun for shopee_scraper to 2026-05-15 00:00:00+00:00, run_after=2026-05-16 00:00:00+00:00
[2026-05-15T13:04:25.608+0000] {processor.py:183} INFO - Processing /opt/airflow/dags/shopee_dags.py took 0.153 seconds
[2026-05-15T13:04:55.723+0000] {processor.py:161} INFO - Started process (PID=351) to work on /opt/airflow/dags/shopee_dags.py
[2026-05-15T13:04:55.723+0000] {processor.py:830} INFO - Processing file /opt/airflow/dags/shopee_dags.py for tasks to queue
[2026-05-15T13:04:55.724+0000] {logging_mixin.py:188} INFO - [2026-05-15T13:04:55.724+0000] {dagbag.py:538} INFO - Filling up the DagBag from /opt/airflow/dags/shopee_dags.py
[2026-05-15T13:04:55.743+0000] {processor.py:840} INFO - DAG(s) 'shopee_scraper' retrieved from /opt/airflow/dags/shopee_dags.py
[2026-05-15T13:04:55.757+0000] {logging_mixin.py:188} INFO - [2026-05-15T13:04:55.756+0000] {dag.py:3036} INFO - Sync 1 DAGs
[2026-05-15T13:04:55.779+0000] {logging_mixin.py:188} INFO - [2026-05-15T13:04:55.779+0000] {dag.py:3823} INFO - Setting next_dagrun for shopee_scraper to 2026-05-15 00:00:00+00:00, run_after=2026-05-16 00:00:00+00:00
[2026-05-15T13:04:55.798+0000] {processor.py:183} INFO - Processing /opt/airflow/dags/shopee_dags.py took 0.078 seconds
[2026-05-15T13:05:26.074+0000] {processor.py:161} INFO - Started process (PID=356) to work on /opt/airflow/dags/shopee_dags.py
[2026-05-15T13:05:26.074+0000] {processor.py:830} INFO - Processing file /opt/airflow/dags/shopee_dags.py for tasks to queue
[2026-05-15T13:05:26.075+0000] {logging_mixin.py:188} INFO - [2026-05-15T13:05:26.075+0000] {dagbag.py:538} INFO - Filling up the DagBag from /opt/airflow/dags/shopee_dags.py
[2026-05-15T13:05:26.092+0000] {processor.py:840} INFO - DAG(s) 'shopee_scraper' retrieved from /opt/airflow/dags/shopee_dags.py
[2026-05-15T13:05:26.214+0000] {logging_mixin.py:188} INFO - [2026-05-15T13:05:26.214+0000] {dag.py:3036} INFO - Sync 1 DAGs
[2026-05-15T13:05:26.235+0000] {logging_mixin.py:188} INFO - [2026-05-15T13:05:26.235+0000] {dag.py:3823} INFO - Setting next_dagrun for shopee_scraper to 2026-05-15 00:00:00+00:00, run_after=2026-05-16 00:00:00+00:00
[2026-05-15T13:05:26.256+0000] {processor.py:183} INFO - Processing /opt/airflow/dags/shopee_dags.py took 0.185 seconds
[2026-05-15T13:05:56.288+0000] {processor.py:161} INFO - Started process (PID=361) to work on /opt/airflow/dags/shopee_dags.py
[2026-05-15T13:05:56.289+0000] {processor.py:830} INFO - Processing file /opt/airflow/dags/shopee_dags.py for tasks to queue
[2026-05-15T13:05:56.290+0000] {logging_mixin.py:188} INFO - [2026-05-15T13:05:56.289+0000] {dagbag.py:538} INFO - Filling up the DagBag from /opt/airflow/dags/shopee_dags.py
[2026-05-15T13:05:56.308+0000] {processor.py:840} INFO - DAG(s) 'shopee_scraper' retrieved from /opt/airflow/dags/shopee_dags.py
[2026-05-15T13:05:56.336+0000] {logging_mixin.py:188} INFO - [2026-05-15T13:05:56.336+0000] {dag.py:3036} INFO - Sync 1 DAGs
[2026-05-15T13:05:56.360+0000] {logging_mixin.py:188} INFO - [2026-05-15T13:05:56.360+0000] {dag.py:3823} INFO - Setting next_dagrun for shopee_scraper to 2026-05-15 00:00:00+00:00, run_after=2026-05-16 00:00:00+00:00
[2026-05-15T13:05:56.386+0000] {processor.py:183} INFO - Processing /opt/airflow/dags/shopee_dags.py took 0.102 seconds
[2026-05-15T13:06:26.548+0000] {processor.py:161} INFO - Started process (PID=366) to work on /opt/airflow/dags/shopee_dags.py
[2026-05-15T13:06:26.549+0000] {processor.py:830} INFO - Processing file /opt/airflow/dags/shopee_dags.py for tasks to queue
[2026-05-15T13:06:26.550+0000] {logging_mixin.py:188} INFO - [2026-05-15T13:06:26.550+0000] {dagbag.py:538} INFO - Filling up the DagBag from /opt/airflow/dags/shopee_dags.py
[2026-05-15T13:06:26.566+0000] {processor.py:840} INFO - DAG(s) 'shopee_scraper' retrieved from /opt/airflow/dags/shopee_dags.py
[2026-05-15T13:06:26.580+0000] {logging_mixin.py:188} INFO - [2026-05-15T13:06:26.580+0000] {dag.py:3036} INFO - Sync 1 DAGs
[2026-05-15T13:06:26.614+0000] {logging_mixin.py:188} INFO - [2026-05-15T13:06:26.614+0000] {dag.py:3823} INFO - Setting next_dagrun for shopee_scraper to 2026-05-15 00:00:00+00:00, run_after=2026-05-16 00:00:00+00:00
[2026-05-15T13:06:26.640+0000] {processor.py:183} INFO - Processing /opt/airflow/dags/shopee_dags.py took 0.094 seconds
[2026-05-15T13:06:56.858+0000] {processor.py:161} INFO - Started process (PID=371) to work on /opt/airflow/dags/shopee_dags.py
[2026-05-15T13:06:56.861+0000] {processor.py:830} INFO - Processing file /opt/airflow/dags/shopee_dags.py for tasks to queue
[2026-05-15T13:06:56.863+0000] {logging_mixin.py:188} INFO - [2026-05-15T13:06:56.863+0000] {dagbag.py:538} INFO - Filling up the DagBag from /opt/airflow/dags/shopee_dags.py
[2026-05-15T13:06:56.890+0000] {processor.py:840} INFO - DAG(s) 'shopee_scraper' retrieved from /opt/airflow/dags/shopee_dags.py
[2026-05-15T13:06:57.023+0000] {logging_mixin.py:188} INFO - [2026-05-15T13:06:57.023+0000] {dag.py:3036} INFO - Sync 1 DAGs
[2026-05-15T13:06:57.043+0000] {logging_mixin.py:188} INFO - [2026-05-15T13:06:57.042+0000] {dag.py:3823} INFO - Setting next_dagrun for shopee_scraper to 2026-05-15 00:00:00+00:00, run_after=2026-05-16 00:00:00+00:00
[2026-05-15T13:06:57.062+0000] {processor.py:183} INFO - Processing /opt/airflow/dags/shopee_dags.py took 0.208 seconds
[2026-05-15T13:07:27.169+0000] {processor.py:161} INFO - Started process (PID=376) to work on /opt/airflow/dags/shopee_dags.py
[2026-05-15T13:07:27.170+0000] {processor.py:830} INFO - Processing file /opt/airflow/dags/shopee_dags.py for tasks to queue
[2026-05-15T13:07:27.171+0000] {logging_mixin.py:188} INFO - [2026-05-15T13:07:27.171+0000] {dagbag.py:538} INFO - Filling up the DagBag from /opt/airflow/dags/shopee_dags.py
[2026-05-15T13:07:27.188+0000] {processor.py:840} INFO - DAG(s) 'shopee_scraper' retrieved from /opt/airflow/dags/shopee_dags.py
[2026-05-15T13:07:27.202+0000] {logging_mixin.py:188} INFO - [2026-05-15T13:07:27.202+0000] {dag.py:3036} INFO - Sync 1 DAGs
[2026-05-15T13:07:27.226+0000] {logging_mixin.py:188} INFO - [2026-05-15T13:07:27.226+0000] {dag.py:3823} INFO - Setting next_dagrun for shopee_scraper to 2026-05-15 00:00:00+00:00, run_after=2026-05-16 00:00:00+00:00
[2026-05-15T13:07:27.245+0000] {processor.py:183} INFO - Processing /opt/airflow/dags/shopee_dags.py took 0.080 seconds
[2026-05-15T13:07:57.425+0000] {processor.py:161} INFO - Started process (PID=381) to work on /opt/airflow/dags/shopee_dags.py
[2026-05-15T13:07:57.426+0000] {processor.py:830} INFO - Processing file /opt/airflow/dags/shopee_dags.py for tasks to queue
[2026-05-15T13:07:57.426+0000] {logging_mixin.py:188} INFO - [2026-05-15T13:07:57.426+0000] {dagbag.py:538} INFO - Filling up the DagBag from /opt/airflow/dags/shopee_dags.py
[2026-05-15T13:07:57.443+0000] {processor.py:840} INFO - DAG(s) 'shopee_scraper' retrieved from /opt/airflow/dags/shopee_dags.py
[2026-05-15T13:07:57.540+0000] {logging_mixin.py:188} INFO - [2026-05-15T13:07:57.540+0000] {dag.py:3036} INFO - Sync 1 DAGs
[2026-05-15T13:07:57.561+0000] {logging_mixin.py:188} INFO - [2026-05-15T13:07:57.561+0000] {dag.py:3823} INFO - Setting next_dagrun for shopee_scraper to 2026-05-15 00:00:00+00:00, run_after=2026-05-16 00:00:00+00:00
[2026-05-15T13:07:57.584+0000] {processor.py:183} INFO - Processing /opt/airflow/dags/shopee_dags.py took 0.164 seconds
[2026-05-15T13:08:27.703+0000] {processor.py:161} INFO - Started process (PID=386) to work on /opt/airflow/dags/shopee_dags.py
[2026-05-15T13:08:27.704+0000] {processor.py:830} INFO - Processing file /opt/airflow/dags/shopee_dags.py for tasks to queue
[2026-05-15T13:08:27.705+0000] {logging_mixin.py:188} INFO - [2026-05-15T13:08:27.705+0000] {dagbag.py:538} INFO - Filling up the DagBag from /opt/airflow/dags/shopee_dags.py
[2026-05-15T13:08:27.722+0000] {processor.py:840} INFO - DAG(s) 'shopee_scraper' retrieved from /opt/airflow/dags/shopee_dags.py
[2026-05-15T13:08:27.747+0000] {logging_mixin.py:188} INFO - [2026-05-15T13:08:27.747+0000] {dag.py:3036} INFO - Sync 1 DAGs
[2026-05-15T13:08:27.771+0000] {logging_mixin.py:188} INFO - [2026-05-15T13:08:27.770+0000] {dag.py:3823} INFO - Setting next_dagrun for shopee_scraper to 2026-05-15 00:00:00+00:00, run_after=2026-05-16 00:00:00+00:00
[2026-05-15T13:08:27.791+0000] {processor.py:183} INFO - Processing /opt/airflow/dags/shopee_dags.py took 0.104 seconds
[2026-05-15T13:08:57.975+0000] {processor.py:161} INFO - Started process (PID=391) to work on /opt/airflow/dags/shopee_dags.py
[2026-05-15T13:08:57.976+0000] {processor.py:830} INFO - Processing file /opt/airflow/dags/shopee_dags.py for tasks to queue
[2026-05-15T13:08:57.977+0000] {logging_mixin.py:188} INFO - [2026-05-15T13:08:57.977+0000] {dagbag.py:538} INFO - Filling up the DagBag from /opt/airflow/dags/shopee_dags.py
[2026-05-15T13:08:58.005+0000] {processor.py:840} INFO - DAG(s) 'shopee_scraper' retrieved from /opt/airflow/dags/shopee_dags.py
[2026-05-15T13:08:58.107+0000] {logging_mixin.py:188} INFO - [2026-05-15T13:08:58.106+0000] {dag.py:3036} INFO - Sync 1 DAGs
[2026-05-15T13:08:58.126+0000] {logging_mixin.py:188} INFO - [2026-05-15T13:08:58.126+0000] {dag.py:3823} INFO - Setting next_dagrun for shopee_scraper to 2026-05-15 00:00:00+00:00, run_after=2026-05-16 00:00:00+00:00
[2026-05-15T13:08:58.145+0000] {processor.py:183} INFO - Processing /opt/airflow/dags/shopee_dags.py took 0.173 seconds
[2026-05-15T13:09:28.306+0000] {processor.py:161} INFO - Started process (PID=396) to work on /opt/airflow/dags/shopee_dags.py
[2026-05-15T13:09:28.307+0000] {processor.py:830} INFO - Processing file /opt/airflow/dags/shopee_dags.py for tasks to queue
[2026-05-15T13:09:28.308+0000] {logging_mixin.py:188} INFO - [2026-05-15T13:09:28.308+0000] {dagbag.py:538} INFO - Filling up the DagBag from /opt/airflow/dags/shopee_dags.py
[2026-05-15T13:09:28.325+0000] {processor.py:840} INFO - DAG(s) 'shopee_scraper' retrieved from /opt/airflow/dags/shopee_dags.py
[2026-05-15T13:09:28.339+0000] {logging_mixin.py:188} INFO - [2026-05-15T13:09:28.339+0000] {dag.py:3036} INFO - Sync 1 DAGs
[2026-05-15T13:09:28.364+0000] {logging_mixin.py:188} INFO - [2026-05-15T13:09:28.364+0000] {dag.py:3823} INFO - Setting next_dagrun for shopee_scraper to 2026-05-15 00:00:00+00:00, run_after=2026-05-16 00:00:00+00:00
[2026-05-15T13:09:28.385+0000] {processor.py:183} INFO - Processing /opt/airflow/dags/shopee_dags.py took 0.083 seconds
[2026-05-15T13:09:58.613+0000] {processor.py:161} INFO - Started process (PID=401) to work on /opt/airflow/dags/shopee_dags.py
[2026-05-15T13:09:58.615+0000] {processor.py:830} INFO - Processing file /opt/airflow/dags/shopee_dags.py for tasks to queue
[2026-05-15T13:09:58.617+0000] {logging_mixin.py:188} INFO - [2026-05-15T13:09:58.616+0000] {dagbag.py:538} INFO - Filling up the DagBag from /opt/airflow/dags/shopee_dags.py
[2026-05-15T13:09:58.635+0000] {processor.py:840} INFO - DAG(s) 'shopee_scraper' retrieved from /opt/airflow/dags/shopee_dags.py
[2026-05-15T13:09:58.738+0000] {logging_mixin.py:188} INFO - [2026-05-15T13:09:58.738+0000] {dag.py:3036} INFO - Sync 1 DAGs
[2026-05-15T13:09:58.758+0000] {logging_mixin.py:188} INFO - [2026-05-15T13:09:58.758+0000] {dag.py:3823} INFO - Setting next_dagrun for shopee_scraper to 2026-05-15 00:00:00+00:00, run_after=2026-05-16 00:00:00+00:00
[2026-05-15T13:09:58.790+0000] {processor.py:183} INFO - Processing /opt/airflow/dags/shopee_dags.py took 0.179 seconds
[2026-05-15T13:10:28.879+0000] {processor.py:161} INFO - Started process (PID=406) to work on /opt/airflow/dags/shopee_dags.py
[2026-05-15T13:10:28.880+0000] {processor.py:830} INFO - Processing file /opt/airflow/dags/shopee_dags.py for tasks to queue
[2026-05-15T13:10:28.882+0000] {logging_mixin.py:188} INFO - [2026-05-15T13:10:28.881+0000] {dagbag.py:538} INFO - Filling up the DagBag from /opt/airflow/dags/shopee_dags.py
[2026-05-15T13:10:28.929+0000] {processor.py:840} INFO - DAG(s) 'shopee_scraper' retrieved from /opt/airflow/dags/shopee_dags.py
[2026-05-15T13:10:28.972+0000] {logging_mixin.py:188} INFO - [2026-05-15T13:10:28.971+0000] {dag.py:3036} INFO - Sync 1 DAGs
[2026-05-15T13:10:29.057+0000] {logging_mixin.py:188} INFO - [2026-05-15T13:10:29.057+0000] {dag.py:3823} INFO - Setting next_dagrun for shopee_scraper to 2026-05-15 00:00:00+00:00, run_after=2026-05-16 00:00:00+00:00
[2026-05-15T13:10:29.098+0000] {processor.py:183} INFO - Processing /opt/airflow/dags/shopee_dags.py took 0.232 seconds
[2026-05-15T13:10:59.270+0000] {processor.py:161} INFO - Started process (PID=411) to work on /opt/airflow/dags/shopee_dags.py
[2026-05-15T13:10:59.271+0000] {processor.py:830} INFO - Processing file /opt/airflow/dags/shopee_dags.py for tasks to queue
[2026-05-15T13:10:59.271+0000] {logging_mixin.py:188} INFO - [2026-05-15T13:10:59.271+0000] {dagbag.py:538} INFO - Filling up the DagBag from /opt/airflow/dags/shopee_dags.py
[2026-05-15T13:10:59.291+0000] {processor.py:840} INFO - DAG(s) 'shopee_scraper' retrieved from /opt/airflow/dags/shopee_dags.py
[2026-05-15T13:10:59.413+0000] {logging_mixin.py:188} INFO - [2026-05-15T13:10:59.412+0000] {dag.py:3036} INFO - Sync 1 DAGs
[2026-05-15T13:10:59.440+0000] {logging_mixin.py:188} INFO - [2026-05-15T13:10:59.439+0000] {dag.py:3823} INFO - Setting next_dagrun for shopee_scraper to 2026-05-15 00:00:00+00:00, run_after=2026-05-16 00:00:00+00:00
[2026-05-15T13:10:59.463+0000] {processor.py:183} INFO - Processing /opt/airflow/dags/shopee_dags.py took 0.200 seconds
[2026-05-15T13:11:29.642+0000] {processor.py:161} INFO - Started process (PID=416) to work on /opt/airflow/dags/shopee_dags.py
[2026-05-15T13:11:29.643+0000] {processor.py:830} INFO - Processing file /opt/airflow/dags/shopee_dags.py for tasks to queue
[2026-05-15T13:11:29.644+0000] {logging_mixin.py:188} INFO - [2026-05-15T13:11:29.644+0000] {dagbag.py:538} INFO - Filling up the DagBag from /opt/airflow/dags/shopee_dags.py
[2026-05-15T13:11:29.662+0000] {processor.py:840} INFO - DAG(s) 'shopee_scraper' retrieved from /opt/airflow/dags/shopee_dags.py
[2026-05-15T13:11:29.691+0000] {logging_mixin.py:188} INFO - [2026-05-15T13:11:29.691+0000] {dag.py:3036} INFO - Sync 1 DAGs
[2026-05-15T13:11:29.714+0000] {logging_mixin.py:188} INFO - [2026-05-15T13:11:29.714+0000] {dag.py:3823} INFO - Setting next_dagrun for shopee_scraper to 2026-05-15 00:00:00+00:00, run_after=2026-05-16 00:00:00+00:00
[2026-05-15T13:11:29.746+0000] {processor.py:183} INFO - Processing /opt/airflow/dags/shopee_dags.py took 0.108 seconds
[2026-05-15T13:11:59.947+0000] {processor.py:161} INFO - Started process (PID=421) to work on /opt/airflow/dags/shopee_dags.py
[2026-05-15T13:11:59.948+0000] {processor.py:830} INFO - Processing file /opt/airflow/dags/shopee_dags.py for tasks to queue
[2026-05-15T13:11:59.949+0000] {logging_mixin.py:188} INFO - [2026-05-15T13:11:59.948+0000] {dagbag.py:538} INFO - Filling up the DagBag from /opt/airflow/dags/shopee_dags.py
[2026-05-15T13:11:59.966+0000] {processor.py:840} INFO - DAG(s) 'shopee_scraper' retrieved from /opt/airflow/dags/shopee_dags.py
[2026-05-15T13:11:59.982+0000] {logging_mixin.py:188} INFO - [2026-05-15T13:11:59.982+0000] {dag.py:3036} INFO - Sync 1 DAGs
[2026-05-15T13:12:00.006+0000] {logging_mixin.py:188} INFO - [2026-05-15T13:12:00.006+0000] {dag.py:3823} INFO - Setting next_dagrun for shopee_scraper to 2026-05-15 00:00:00+00:00, run_after=2026-05-16 00:00:00+00:00
[2026-05-15T13:12:00.033+0000] {processor.py:183} INFO - Processing /opt/airflow/dags/shopee_dags.py took 0.089 seconds
[2026-05-15T13:12:30.286+0000] {processor.py:161} INFO - Started process (PID=426) to work on /opt/airflow/dags/shopee_dags.py
[2026-05-15T13:12:30.287+0000] {processor.py:830} INFO - Processing file /opt/airflow/dags/shopee_dags.py for tasks to queue
[2026-05-15T13:12:30.288+0000] {logging_mixin.py:188} INFO - [2026-05-15T13:12:30.287+0000] {dagbag.py:538} INFO - Filling up the DagBag from /opt/airflow/dags/shopee_dags.py
[2026-05-15T13:12:30.304+0000] {processor.py:840} INFO - DAG(s) 'shopee_scraper' retrieved from /opt/airflow/dags/shopee_dags.py
[2026-05-15T13:12:30.400+0000] {logging_mixin.py:188} INFO - [2026-05-15T13:12:30.400+0000] {dag.py:3036} INFO - Sync 1 DAGs
[2026-05-15T13:12:30.419+0000] {logging_mixin.py:188} INFO - [2026-05-15T13:12:30.418+0000] {dag.py:3823} INFO - Setting next_dagrun for shopee_scraper to 2026-05-15 00:00:00+00:00, run_after=2026-05-16 00:00:00+00:00
[2026-05-15T13:12:30.438+0000] {processor.py:183} INFO - Processing /opt/airflow/dags/shopee_dags.py took 0.154 seconds
[2026-05-15T13:13:00.577+0000] {processor.py:161} INFO - Started process (PID=431) to work on /opt/airflow/dags/shopee_dags.py
[2026-05-15T13:13:00.578+0000] {processor.py:830} INFO - Processing file /opt/airflow/dags/shopee_dags.py for tasks to queue
[2026-05-15T13:13:00.578+0000] {logging_mixin.py:188} INFO - [2026-05-15T13:13:00.578+0000] {dagbag.py:538} INFO - Filling up the DagBag from /opt/airflow/dags/shopee_dags.py
[2026-05-15T13:13:00.595+0000] {processor.py:840} INFO - DAG(s) 'shopee_scraper' retrieved from /opt/airflow/dags/shopee_dags.py
[2026-05-15T13:13:00.612+0000] {logging_mixin.py:188} INFO - [2026-05-15T13:13:00.611+0000] {dag.py:3036} INFO - Sync 1 DAGs
[2026-05-15T13:13:00.638+0000] {logging_mixin.py:188} INFO - [2026-05-15T13:13:00.638+0000] {dag.py:3823} INFO - Setting next_dagrun for shopee_scraper to 2026-05-15 00:00:00+00:00, run_after=2026-05-16 00:00:00+00:00
[2026-05-15T13:13:00.664+0000] {processor.py:183} INFO - Processing /opt/airflow/dags/shopee_dags.py took 0.090 seconds
[2026-05-15T13:13:30.878+0000] {processor.py:161} INFO - Started process (PID=436) to work on /opt/airflow/dags/shopee_dags.py
[2026-05-15T13:13:30.880+0000] {processor.py:830} INFO - Processing file /opt/airflow/dags/shopee_dags.py for tasks to queue
[2026-05-15T13:13:30.881+0000] {logging_mixin.py:188} INFO - [2026-05-15T13:13:30.880+0000] {dagbag.py:538} INFO - Filling up the DagBag from /opt/airflow/dags/shopee_dags.py
[2026-05-15T13:13:30.898+0000] {processor.py:840} INFO - DAG(s) 'shopee_scraper' retrieved from /opt/airflow/dags/shopee_dags.py
[2026-05-15T13:13:31.000+0000] {logging_mixin.py:188} INFO - [2026-05-15T13:13:31.000+0000] {dag.py:3036} INFO - Sync 1 DAGs
[2026-05-15T13:13:31.018+0000] {logging_mixin.py:188} INFO - [2026-05-15T13:13:31.018+0000] {dag.py:3823} INFO - Setting next_dagrun for shopee_scraper to 2026-05-15 00:00:00+00:00, run_after=2026-05-16 00:00:00+00:00
[2026-05-15T13:13:31.038+0000] {processor.py:183} INFO - Processing /opt/airflow/dags/shopee_dags.py took 0.163 seconds
[2026-05-15T13:14:01.138+0000] {processor.py:161} INFO - Started process (PID=441) to work on /opt/airflow/dags/shopee_dags.py
[2026-05-15T13:14:01.139+0000] {processor.py:830} INFO - Processing file /opt/airflow/dags/shopee_dags.py for tasks to queue
[2026-05-15T13:14:01.140+0000] {logging_mixin.py:188} INFO - [2026-05-15T13:14:01.140+0000] {dagbag.py:538} INFO - Filling up the DagBag from /opt/airflow/dags/shopee_dags.py
[2026-05-15T13:14:01.156+0000] {processor.py:840} INFO - DAG(s) 'shopee_scraper' retrieved from /opt/airflow/dags/shopee_dags.py
[2026-05-15T13:14:01.171+0000] {logging_mixin.py:188} INFO - [2026-05-15T13:14:01.170+0000] {dag.py:3036} INFO - Sync 1 DAGs
[2026-05-15T13:14:01.199+0000] {logging_mixin.py:188} INFO - [2026-05-15T13:14:01.199+0000] {dag.py:3823} INFO - Setting next_dagrun for shopee_scraper to 2026-05-15 00:00:00+00:00, run_after=2026-05-16 00:00:00+00:00
[2026-05-15T13:14:01.222+0000] {processor.py:183} INFO - Processing /opt/airflow/dags/shopee_dags.py took 0.087 seconds
[2026-05-15T13:14:31.383+0000] {processor.py:161} INFO - Started process (PID=446) to work on /opt/airflow/dags/shopee_dags.py
[2026-05-15T13:14:31.384+0000] {processor.py:830} INFO - Processing file /opt/airflow/dags/shopee_dags.py for tasks to queue
[2026-05-15T13:14:31.385+0000] {logging_mixin.py:188} INFO - [2026-05-15T13:14:31.385+0000] {dagbag.py:538} INFO - Filling up the DagBag from /opt/airflow/dags/shopee_dags.py
[2026-05-15T13:14:31.402+0000] {processor.py:840} INFO - DAG(s) 'shopee_scraper' retrieved from /opt/airflow/dags/shopee_dags.py
[2026-05-15T13:14:31.497+0000] {logging_mixin.py:188} INFO - [2026-05-15T13:14:31.497+0000] {dag.py:3036} INFO - Sync 1 DAGs
[2026-05-15T13:14:31.519+0000] {logging_mixin.py:188} INFO - [2026-05-15T13:14:31.518+0000] {dag.py:3823} INFO - Setting next_dagrun for shopee_scraper to 2026-05-15 00:00:00+00:00, run_after=2026-05-16 00:00:00+00:00
[2026-05-15T13:14:31.539+0000] {processor.py:183} INFO - Processing /opt/airflow/dags/shopee_dags.py took 0.159 seconds
[2026-05-15T13:15:01.680+0000] {processor.py:161} INFO - Started process (PID=451) to work on /opt/airflow/dags/shopee_dags.py
[2026-05-15T13:15:01.681+0000] {processor.py:830} INFO - Processing file /opt/airflow/dags/shopee_dags.py for tasks to queue
[2026-05-15T13:15:01.681+0000] {logging_mixin.py:188} INFO - [2026-05-15T13:15:01.681+0000] {dagbag.py:538} INFO - Filling up the DagBag from /opt/airflow/dags/shopee_dags.py
[2026-05-15T13:15:01.699+0000] {processor.py:840} INFO - DAG(s) 'shopee_scraper' retrieved from /opt/airflow/dags/shopee_dags.py
[2026-05-15T13:15:01.714+0000] {logging_mixin.py:188} INFO - [2026-05-15T13:15:01.714+0000] {dag.py:3036} INFO - Sync 1 DAGs
[2026-05-15T13:15:01.737+0000] {logging_mixin.py:188} INFO - [2026-05-15T13:15:01.737+0000] {dag.py:3823} INFO - Setting next_dagrun for shopee_scraper to 2026-05-15 00:00:00+00:00, run_after=2026-05-16 00:00:00+00:00
[2026-05-15T13:15:01.757+0000] {processor.py:183} INFO - Processing /opt/airflow/dags/shopee_dags.py took 0.081 seconds
[2026-05-15T13:15:31.980+0000] {processor.py:161} INFO - Started process (PID=456) to work on /opt/airflow/dags/shopee_dags.py
[2026-05-15T13:15:31.981+0000] {processor.py:830} INFO - Processing file /opt/airflow/dags/shopee_dags.py for tasks to queue
[2026-05-15T13:15:31.982+0000] {logging_mixin.py:188} INFO - [2026-05-15T13:15:31.982+0000] {dagbag.py:538} INFO - Filling up the DagBag from /opt/airflow/dags/shopee_dags.py
[2026-05-15T13:15:32.005+0000] {processor.py:840} INFO - DAG(s) 'shopee_scraper' retrieved from /opt/airflow/dags/shopee_dags.py
[2026-05-15T13:15:32.137+0000] {logging_mixin.py:188} INFO - [2026-05-15T13:15:32.136+0000] {dag.py:3036} INFO - Sync 1 DAGs
[2026-05-15T13:15:32.158+0000] {logging_mixin.py:188} INFO - [2026-05-15T13:15:32.158+0000] {dag.py:3823} INFO - Setting next_dagrun for shopee_scraper to 2026-05-15 00:00:00+00:00, run_after=2026-05-16 00:00:00+00:00
[2026-05-15T13:15:32.178+0000] {processor.py:183} INFO - Processing /opt/airflow/dags/shopee_dags.py took 0.202 seconds
[2026-05-15T13:16:02.211+0000] {processor.py:161} INFO - Started process (PID=461) to work on /opt/airflow/dags/shopee_dags.py
[2026-05-15T13:16:02.212+0000] {processor.py:830} INFO - Processing file /opt/airflow/dags/shopee_dags.py for tasks to queue
[2026-05-15T13:16:02.214+0000] {logging_mixin.py:188} INFO - [2026-05-15T13:16:02.213+0000] {dagbag.py:538} INFO - Filling up the DagBag from /opt/airflow/dags/shopee_dags.py
[2026-05-15T13:16:02.236+0000] {processor.py:840} INFO - DAG(s) 'shopee_scraper' retrieved from /opt/airflow/dags/shopee_dags.py
[2026-05-15T13:16:02.275+0000] {logging_mixin.py:188} INFO - [2026-05-15T13:16:02.275+0000] {dag.py:3036} INFO - Sync 1 DAGs
[2026-05-15T13:16:02.302+0000] {logging_mixin.py:188} INFO - [2026-05-15T13:16:02.302+0000] {dag.py:3823} INFO - Setting next_dagrun for shopee_scraper to 2026-05-15 00:00:00+00:00, run_after=2026-05-16 00:00:00+00:00
[2026-05-15T13:16:02.326+0000] {processor.py:183} INFO - Processing /opt/airflow/dags/shopee_dags.py took 0.119 seconds
[2026-05-15T13:16:32.453+0000] {processor.py:161} INFO - Started process (PID=466) to work on /opt/airflow/dags/shopee_dags.py
[2026-05-15T13:16:32.454+0000] {processor.py:830} INFO - Processing file /opt/airflow/dags/shopee_dags.py for tasks to queue
[2026-05-15T13:16:32.455+0000] {logging_mixin.py:188} INFO - [2026-05-15T13:16:32.454+0000] {dagbag.py:538} INFO - Filling up the DagBag from /opt/airflow/dags/shopee_dags.py
[2026-05-15T13:16:32.470+0000] {processor.py:840} INFO - DAG(s) 'shopee_scraper' retrieved from /opt/airflow/dags/shopee_dags.py
[2026-05-15T13:16:32.483+0000] {logging_mixin.py:188} INFO - [2026-05-15T13:16:32.483+0000] {dag.py:3036} INFO - Sync 1 DAGs
[2026-05-15T13:16:32.504+0000] {logging_mixin.py:188} INFO - [2026-05-15T13:16:32.504+0000] {dag.py:3823} INFO - Setting next_dagrun for shopee_scraper to 2026-05-15 00:00:00+00:00, run_after=2026-05-16 00:00:00+00:00
[2026-05-15T13:16:32.536+0000] {processor.py:183} INFO - Processing /opt/airflow/dags/shopee_dags.py took 0.086 seconds
[2026-05-15T13:17:02.732+0000] {processor.py:161} INFO - Started process (PID=471) to work on /opt/airflow/dags/shopee_dags.py
[2026-05-15T13:17:02.734+0000] {processor.py:830} INFO - Processing file /opt/airflow/dags/shopee_dags.py for tasks to queue
[2026-05-15T13:17:02.735+0000] {logging_mixin.py:188} INFO - [2026-05-15T13:17:02.735+0000] {dagbag.py:538} INFO - Filling up the DagBag from /opt/airflow/dags/shopee_dags.py
[2026-05-15T13:17:02.752+0000] {processor.py:840} INFO - DAG(s) 'shopee_scraper' retrieved from /opt/airflow/dags/shopee_dags.py
[2026-05-15T13:17:02.851+0000] {logging_mixin.py:188} INFO - [2026-05-15T13:17:02.851+0000] {dag.py:3036} INFO - Sync 1 DAGs
[2026-05-15T13:17:02.869+0000] {logging_mixin.py:188} INFO - [2026-05-15T13:17:02.869+0000] {dag.py:3823} INFO - Setting next_dagrun for shopee_scraper to 2026-05-15 00:00:00+00:00, run_after=2026-05-16 00:00:00+00:00
[2026-05-15T13:17:02.890+0000] {processor.py:183} INFO - Processing /opt/airflow/dags/shopee_dags.py took 0.163 seconds
[2026-05-15T13:17:32.986+0000] {processor.py:161} INFO - Started process (PID=476) to work on /opt/airflow/dags/shopee_dags.py
[2026-05-15T13:17:32.987+0000] {processor.py:830} INFO - Processing file /opt/airflow/dags/shopee_dags.py for tasks to queue
[2026-05-15T13:17:32.988+0000] {logging_mixin.py:188} INFO - [2026-05-15T13:17:32.988+0000] {dagbag.py:538} INFO - Filling up the DagBag from /opt/airflow/dags/shopee_dags.py
[2026-05-15T13:17:33.006+0000] {processor.py:840} INFO - DAG(s) 'shopee_scraper' retrieved from /opt/airflow/dags/shopee_dags.py
[2026-05-15T13:17:33.019+0000] {logging_mixin.py:188} INFO - [2026-05-15T13:17:33.019+0000] {dag.py:3036} INFO - Sync 1 DAGs
[2026-05-15T13:17:33.044+0000] {logging_mixin.py:188} INFO - [2026-05-15T13:17:33.044+0000] {dag.py:3823} INFO - Setting next_dagrun for shopee_scraper to 2026-05-15 00:00:00+00:00, run_after=2026-05-16 00:00:00+00:00
[2026-05-15T13:17:33.075+0000] {processor.py:183} INFO - Processing /opt/airflow/dags/shopee_dags.py took 0.092 seconds
[2026-05-15T13:18:03.385+0000] {processor.py:161} INFO - Started process (PID=481) to work on /opt/airflow/dags/shopee_dags.py
[2026-05-15T13:18:03.386+0000] {processor.py:830} INFO - Processing file /opt/airflow/dags/shopee_dags.py for tasks to queue
[2026-05-15T13:18:03.387+0000] {logging_mixin.py:188} INFO - [2026-05-15T13:18:03.387+0000] {dagbag.py:538} INFO - Filling up the DagBag from /opt/airflow/dags/shopee_dags.py
[2026-05-15T13:18:03.404+0000] {processor.py:840} INFO - DAG(s) 'shopee_scraper' retrieved from /opt/airflow/dags/shopee_dags.py
[2026-05-15T13:18:03.501+0000] {logging_mixin.py:188} INFO - [2026-05-15T13:18:03.501+0000] {dag.py:3036} INFO - Sync 1 DAGs
[2026-05-15T13:18:03.521+0000] {logging_mixin.py:188} INFO - [2026-05-15T13:18:03.520+0000] {dag.py:3823} INFO - Setting next_dagrun for shopee_scraper to 2026-05-15 00:00:00+00:00, run_after=2026-05-16 00:00:00+00:00
[2026-05-15T13:18:03.544+0000] {processor.py:183} INFO - Processing /opt/airflow/dags/shopee_dags.py took 0.162 seconds
[2026-05-15T13:18:33.667+0000] {processor.py:161} INFO - Started process (PID=486) to work on /opt/airflow/dags/shopee_dags.py
[2026-05-15T13:18:33.669+0000] {processor.py:830} INFO - Processing file /opt/airflow/dags/shopee_dags.py for tasks to queue
[2026-05-15T13:18:33.670+0000] {logging_mixin.py:188} INFO - [2026-05-15T13:18:33.670+0000] {dagbag.py:538} INFO - Filling up the DagBag from /opt/airflow/dags/shopee_dags.py
[2026-05-15T13:18:33.694+0000] {processor.py:840} INFO - DAG(s) 'shopee_scraper' retrieved from /opt/airflow/dags/shopee_dags.py
[2026-05-15T13:18:33.712+0000] {logging_mixin.py:188} INFO - [2026-05-15T13:18:33.712+0000] {dag.py:3036} INFO - Sync 1 DAGs
[2026-05-15T13:18:33.741+0000] {logging_mixin.py:188} INFO - [2026-05-15T13:18:33.741+0000] {dag.py:3823} INFO - Setting next_dagrun for shopee_scraper to 2026-05-15 00:00:00+00:00, run_after=2026-05-16 00:00:00+00:00
[2026-05-15T13:18:33.761+0000] {processor.py:183} INFO - Processing /opt/airflow/dags/shopee_dags.py took 0.099 seconds
[2026-05-15T13:19:04.050+0000] {processor.py:161} INFO - Started process (PID=491) to work on /opt/airflow/dags/shopee_dags.py
[2026-05-15T13:19:04.051+0000] {processor.py:830} INFO - Processing file /opt/airflow/dags/shopee_dags.py for tasks to queue
[2026-05-15T13:19:04.052+0000] {logging_mixin.py:188} INFO - [2026-05-15T13:19:04.052+0000] {dagbag.py:538} INFO - Filling up the DagBag from /opt/airflow/dags/shopee_dags.py
[2026-05-15T13:19:04.068+0000] {processor.py:840} INFO - DAG(s) 'shopee_scraper' retrieved from /opt/airflow/dags/shopee_dags.py
[2026-05-15T13:19:04.165+0000] {logging_mixin.py:188} INFO - [2026-05-15T13:19:04.164+0000] {dag.py:3036} INFO - Sync 1 DAGs
[2026-05-15T13:19:04.183+0000] {logging_mixin.py:188} INFO - [2026-05-15T13:19:04.183+0000] {dag.py:3823} INFO - Setting next_dagrun for shopee_scraper to 2026-05-15 00:00:00+00:00, run_after=2026-05-16 00:00:00+00:00
[2026-05-15T13:19:04.203+0000] {processor.py:183} INFO - Processing /opt/airflow/dags/shopee_dags.py took 0.155 seconds
[2026-05-15T13:19:34.240+0000] {processor.py:161} INFO - Started process (PID=496) to work on /opt/airflow/dags/shopee_dags.py
[2026-05-15T13:19:34.241+0000] {processor.py:830} INFO - Processing file /opt/airflow/dags/shopee_dags.py for tasks to queue
[2026-05-15T13:19:34.242+0000] {logging_mixin.py:188} INFO - [2026-05-15T13:19:34.242+0000] {dagbag.py:538} INFO - Filling up the DagBag from /opt/airflow/dags/shopee_dags.py
[2026-05-15T13:19:34.260+0000] {processor.py:840} INFO - DAG(s) 'shopee_scraper' retrieved from /opt/airflow/dags/shopee_dags.py
[2026-05-15T13:19:34.280+0000] {logging_mixin.py:188} INFO - [2026-05-15T13:19:34.280+0000] {dag.py:3036} INFO - Sync 1 DAGs
[2026-05-15T13:19:34.310+0000] {logging_mixin.py:188} INFO - [2026-05-15T13:19:34.310+0000] {dag.py:3823} INFO - Setting next_dagrun for shopee_scraper to 2026-05-15 00:00:00+00:00, run_after=2026-05-16 00:00:00+00:00
[2026-05-15T13:19:34.330+0000] {processor.py:183} INFO - Processing /opt/airflow/dags/shopee_dags.py took 0.093 seconds
[2026-05-15T13:20:04.487+0000] {processor.py:161} INFO - Started process (PID=501) to work on /opt/airflow/dags/shopee_dags.py
[2026-05-15T13:20:04.488+0000] {processor.py:830} INFO - Processing file /opt/airflow/dags/shopee_dags.py for tasks to queue
[2026-05-15T13:20:04.489+0000] {logging_mixin.py:188} INFO - [2026-05-15T13:20:04.489+0000] {dagbag.py:538} INFO - Filling up the DagBag from /opt/airflow/dags/shopee_dags.py
[2026-05-15T13:20:04.506+0000] {processor.py:840} INFO - DAG(s) 'shopee_scraper' retrieved from /opt/airflow/dags/shopee_dags.py
[2026-05-15T13:20:04.618+0000] {logging_mixin.py:188} INFO - [2026-05-15T13:20:04.618+0000] {dag.py:3036} INFO - Sync 1 DAGs
[2026-05-15T13:20:04.640+0000] {logging_mixin.py:188} INFO - [2026-05-15T13:20:04.640+0000] {dag.py:3823} INFO - Setting next_dagrun for shopee_scraper to 2026-05-15 00:00:00+00:00, run_after=2026-05-16 00:00:00+00:00
[2026-05-15T13:20:04.672+0000] {processor.py:183} INFO - Processing /opt/airflow/dags/shopee_dags.py took 0.188 seconds
[2026-05-15T13:20:34.786+0000] {processor.py:161} INFO - Started process (PID=506) to work on /opt/airflow/dags/shopee_dags.py
[2026-05-15T13:20:34.787+0000] {processor.py:830} INFO - Processing file /opt/airflow/dags/shopee_dags.py for tasks to queue
[2026-05-15T13:20:34.788+0000] {logging_mixin.py:188} INFO - [2026-05-15T13:20:34.787+0000] {dagbag.py:538} INFO - Filling up the DagBag from /opt/airflow/dags/shopee_dags.py
[2026-05-15T13:20:34.811+0000] {processor.py:840} INFO - DAG(s) 'shopee_scraper' retrieved from /opt/airflow/dags/shopee_dags.py
[2026-05-15T13:20:34.857+0000] {logging_mixin.py:188} INFO - [2026-05-15T13:20:34.857+0000] {dag.py:3036} INFO - Sync 1 DAGs
[2026-05-15T13:20:34.888+0000] {logging_mixin.py:188} INFO - [2026-05-15T13:20:34.888+0000] {dag.py:3823} INFO - Setting next_dagrun for shopee_scraper to 2026-05-15 00:00:00+00:00, run_after=2026-05-16 00:00:00+00:00
[2026-05-15T13:20:34.917+0000] {processor.py:183} INFO - Processing /opt/airflow/dags/shopee_dags.py took 0.135 seconds
[2026-05-15T13:21:05.124+0000] {processor.py:161} INFO - Started process (PID=511) to work on /opt/airflow/dags/shopee_dags.py
[2026-05-15T13:21:05.125+0000] {processor.py:830} INFO - Processing file /opt/airflow/dags/shopee_dags.py for tasks to queue
[2026-05-15T13:21:05.126+0000] {logging_mixin.py:188} INFO - [2026-05-15T13:21:05.126+0000] {dagbag.py:538} INFO - Filling up the DagBag from /opt/airflow/dags/shopee_dags.py
[2026-05-15T13:21:05.145+0000] {processor.py:840} INFO - DAG(s) 'shopee_scraper' retrieved from /opt/airflow/dags/shopee_dags.py
[2026-05-15T13:21:05.162+0000] {logging_mixin.py:188} INFO - [2026-05-15T13:21:05.162+0000] {dag.py:3036} INFO - Sync 1 DAGs
[2026-05-15T13:21:05.189+0000] {logging_mixin.py:188} INFO - [2026-05-15T13:21:05.189+0000] {dag.py:3823} INFO - Setting next_dagrun for shopee_scraper to 2026-05-15 00:00:00+00:00, run_after=2026-05-16 00:00:00+00:00
[2026-05-15T13:21:05.212+0000] {processor.py:183} INFO - Processing /opt/airflow/dags/shopee_dags.py took 0.091 seconds
[2026-05-15T13:21:35.329+0000] {processor.py:161} INFO - Started process (PID=516) to work on /opt/airflow/dags/shopee_dags.py
[2026-05-15T13:21:35.330+0000] {processor.py:830} INFO - Processing file /opt/airflow/dags/shopee_dags.py for tasks to queue
[2026-05-15T13:21:35.331+0000] {logging_mixin.py:188} INFO - [2026-05-15T13:21:35.330+0000] {dagbag.py:538} INFO - Filling up the DagBag from /opt/airflow/dags/shopee_dags.py
[2026-05-15T13:21:35.349+0000] {processor.py:840} INFO - DAG(s) 'shopee_scraper' retrieved from /opt/airflow/dags/shopee_dags.py
[2026-05-15T13:21:35.456+0000] {logging_mixin.py:188} INFO - [2026-05-15T13:21:35.456+0000] {dag.py:3036} INFO - Sync 1 DAGs
[2026-05-15T13:21:35.480+0000] {logging_mixin.py:188} INFO - [2026-05-15T13:21:35.480+0000] {dag.py:3823} INFO - Setting next_dagrun for shopee_scraper to 2026-05-15 00:00:00+00:00, run_after=2026-05-16 00:00:00+00:00
[2026-05-15T13:21:35.501+0000] {processor.py:183} INFO - Processing /opt/airflow/dags/shopee_dags.py took 0.177 seconds
[2026-05-15T13:22:05.721+0000] {processor.py:161} INFO - Started process (PID=521) to work on /opt/airflow/dags/shopee_dags.py
[2026-05-15T13:22:05.722+0000] {processor.py:830} INFO - Processing file /opt/airflow/dags/shopee_dags.py for tasks to queue
[2026-05-15T13:22:05.723+0000] {logging_mixin.py:188} INFO - [2026-05-15T13:22:05.723+0000] {dagbag.py:538} INFO - Filling up the DagBag from /opt/airflow/dags/shopee_dags.py
[2026-05-15T13:22:05.743+0000] {processor.py:840} INFO - DAG(s) 'shopee_scraper' retrieved from /opt/airflow/dags/shopee_dags.py
[2026-05-15T13:22:05.829+0000] {logging_mixin.py:188} INFO - [2026-05-15T13:22:05.829+0000] {dag.py:3036} INFO - Sync 1 DAGs
[2026-05-15T13:22:05.857+0000] {logging_mixin.py:188} INFO - [2026-05-15T13:22:05.856+0000] {dag.py:3823} INFO - Setting next_dagrun for shopee_scraper to 2026-05-15 00:00:00+00:00, run_after=2026-05-16 00:00:00+00:00
[2026-05-15T13:22:06.069+0000] {processor.py:183} INFO - Processing /opt/airflow/dags/shopee_dags.py took 0.352 seconds
[2026-05-15T13:22:36.301+0000] {processor.py:161} INFO - Started process (PID=526) to work on /opt/airflow/dags/shopee_dags.py
[2026-05-15T13:22:36.302+0000] {processor.py:830} INFO - Processing file /opt/airflow/dags/shopee_dags.py for tasks to queue
[2026-05-15T13:22:36.303+0000] {logging_mixin.py:188} INFO - [2026-05-15T13:22:36.303+0000] {dagbag.py:538} INFO - Filling up the DagBag from /opt/airflow/dags/shopee_dags.py
[2026-05-15T13:22:36.320+0000] {processor.py:840} INFO - DAG(s) 'shopee_scraper' retrieved from /opt/airflow/dags/shopee_dags.py
[2026-05-15T13:22:36.421+0000] {logging_mixin.py:188} INFO - [2026-05-15T13:22:36.421+0000] {dag.py:3036} INFO - Sync 1 DAGs
[2026-05-15T13:22:36.441+0000] {logging_mixin.py:188} INFO - [2026-05-15T13:22:36.441+0000] {dag.py:3823} INFO - Setting next_dagrun for shopee_scraper to 2026-05-15 00:00:00+00:00, run_after=2026-05-16 00:00:00+00:00
[2026-05-15T13:22:36.461+0000] {processor.py:183} INFO - Processing /opt/airflow/dags/shopee_dags.py took 0.167 seconds
[2026-05-15T13:23:06.531+0000] {processor.py:161} INFO - Started process (PID=531) to work on /opt/airflow/dags/shopee_dags.py
[2026-05-15T13:23:06.532+0000] {processor.py:830} INFO - Processing file /opt/airflow/dags/shopee_dags.py for tasks to queue
[2026-05-15T13:23:06.533+0000] {logging_mixin.py:188} INFO - [2026-05-15T13:23:06.533+0000] {dagbag.py:538} INFO - Filling up the DagBag from /opt/airflow/dags/shopee_dags.py
[2026-05-15T13:23:06.550+0000] {processor.py:840} INFO - DAG(s) 'shopee_scraper' retrieved from /opt/airflow/dags/shopee_dags.py
[2026-05-15T13:23:06.566+0000] {logging_mixin.py:188} INFO - [2026-05-15T13:23:06.566+0000] {dag.py:3036} INFO - Sync 1 DAGs
[2026-05-15T13:23:06.593+0000] {logging_mixin.py:188} INFO - [2026-05-15T13:23:06.593+0000] {dag.py:3823} INFO - Setting next_dagrun for shopee_scraper to 2026-05-15 00:00:00+00:00, run_after=2026-05-16 00:00:00+00:00
[2026-05-15T13:23:06.615+0000] {processor.py:183} INFO - Processing /opt/airflow/dags/shopee_dags.py took 0.087 seconds
[2026-05-15T13:23:36.733+0000] {processor.py:161} INFO - Started process (PID=536) to work on /opt/airflow/dags/shopee_dags.py
[2026-05-15T13:23:36.734+0000] {processor.py:830} INFO - Processing file /opt/airflow/dags/shopee_dags.py for tasks to queue
[2026-05-15T13:23:36.735+0000] {logging_mixin.py:188} INFO - [2026-05-15T13:23:36.735+0000] {dagbag.py:538} INFO - Filling up the DagBag from /opt/airflow/dags/shopee_dags.py
[2026-05-15T13:23:36.753+0000] {processor.py:840} INFO - DAG(s) 'shopee_scraper' retrieved from /opt/airflow/dags/shopee_dags.py
[2026-05-15T13:23:36.867+0000] {logging_mixin.py:188} INFO - [2026-05-15T13:23:36.867+0000] {dag.py:3036} INFO - Sync 1 DAGs
[2026-05-15T13:23:36.889+0000] {logging_mixin.py:188} INFO - [2026-05-15T13:23:36.889+0000] {dag.py:3823} INFO - Setting next_dagrun for shopee_scraper to 2026-05-15 00:00:00+00:00, run_after=2026-05-16 00:00:00+00:00
[2026-05-15T13:23:36.910+0000] {processor.py:183} INFO - Processing /opt/airflow/dags/shopee_dags.py took 0.180 seconds
[2026-05-15T13:24:07.092+0000] {processor.py:161} INFO - Started process (PID=541) to work on /opt/airflow/dags/shopee_dags.py
[2026-05-15T13:24:07.092+0000] {processor.py:830} INFO - Processing file /opt/airflow/dags/shopee_dags.py for tasks to queue
[2026-05-15T13:24:07.093+0000] {logging_mixin.py:188} INFO - [2026-05-15T13:24:07.093+0000] {dagbag.py:538} INFO - Filling up the DagBag from /opt/airflow/dags/shopee_dags.py
[2026-05-15T13:24:07.110+0000] {processor.py:840} INFO - DAG(s) 'shopee_scraper' retrieved from /opt/airflow/dags/shopee_dags.py
[2026-05-15T13:24:07.123+0000] {logging_mixin.py:188} INFO - [2026-05-15T13:24:07.123+0000] {dag.py:3036} INFO - Sync 1 DAGs
[2026-05-15T13:24:07.146+0000] {logging_mixin.py:188} INFO - [2026-05-15T13:24:07.146+0000] {dag.py:3823} INFO - Setting next_dagrun for shopee_scraper to 2026-05-15 00:00:00+00:00, run_after=2026-05-16 00:00:00+00:00
[2026-05-15T13:24:07.167+0000] {processor.py:183} INFO - Processing /opt/airflow/dags/shopee_dags.py took 0.079 seconds
[2026-05-15T13:24:37.352+0000] {processor.py:161} INFO - Started process (PID=546) to work on /opt/airflow/dags/shopee_dags.py
[2026-05-15T13:24:37.353+0000] {processor.py:830} INFO - Processing file /opt/airflow/dags/shopee_dags.py for tasks to queue
[2026-05-15T13:24:37.354+0000] {logging_mixin.py:188} INFO - [2026-05-15T13:24:37.354+0000] {dagbag.py:538} INFO - Filling up the DagBag from /opt/airflow/dags/shopee_dags.py
[2026-05-15T13:24:37.372+0000] {processor.py:840} INFO - DAG(s) 'shopee_scraper' retrieved from /opt/airflow/dags/shopee_dags.py
[2026-05-15T13:24:37.472+0000] {logging_mixin.py:188} INFO - [2026-05-15T13:24:37.472+0000] {dag.py:3036} INFO - Sync 1 DAGs
[2026-05-15T13:24:37.491+0000] {logging_mixin.py:188} INFO - [2026-05-15T13:24:37.491+0000] {dag.py:3823} INFO - Setting next_dagrun for shopee_scraper to 2026-05-15 00:00:00+00:00, run_after=2026-05-16 00:00:00+00:00
[2026-05-15T13:24:37.521+0000] {processor.py:183} INFO - Processing /opt/airflow/dags/shopee_dags.py took 0.173 seconds
[2026-05-15T13:25:07.599+0000] {processor.py:161} INFO - Started process (PID=551) to work on /opt/airflow/dags/shopee_dags.py
[2026-05-15T13:25:07.600+0000] {processor.py:830} INFO - Processing file /opt/airflow/dags/shopee_dags.py for tasks to queue
[2026-05-15T13:25:07.601+0000] {logging_mixin.py:188} INFO - [2026-05-15T13:25:07.601+0000] {dagbag.py:538} INFO - Filling up the DagBag from /opt/airflow/dags/shopee_dags.py
[2026-05-15T13:25:07.621+0000] {processor.py:840} INFO - DAG(s) 'shopee_scraper' retrieved from /opt/airflow/dags/shopee_dags.py
[2026-05-15T13:25:07.651+0000] {logging_mixin.py:188} INFO - [2026-05-15T13:25:07.651+0000] {dag.py:3036} INFO - Sync 1 DAGs
[2026-05-15T13:25:07.684+0000] {logging_mixin.py:188} INFO - [2026-05-15T13:25:07.683+0000] {dag.py:3823} INFO - Setting next_dagrun for shopee_scraper to 2026-05-15 00:00:00+00:00, run_after=2026-05-16 00:00:00+00:00
[2026-05-15T13:25:07.707+0000] {processor.py:183} INFO - Processing /opt/airflow/dags/shopee_dags.py took 0.113 seconds
[2026-05-15T13:25:37.814+0000] {processor.py:161} INFO - Started process (PID=556) to work on /opt/airflow/dags/shopee_dags.py
[2026-05-15T13:25:37.815+0000] {processor.py:830} INFO - Processing file /opt/airflow/dags/shopee_dags.py for tasks to queue
[2026-05-15T13:25:37.816+0000] {logging_mixin.py:188} INFO - [2026-05-15T13:25:37.816+0000] {dagbag.py:538} INFO - Filling up the DagBag from /opt/airflow/dags/shopee_dags.py
[2026-05-15T13:25:37.836+0000] {processor.py:840} INFO - DAG(s) 'shopee_scraper' retrieved from /opt/airflow/dags/shopee_dags.py
[2026-05-15T13:25:37.855+0000] {logging_mixin.py:188} INFO - [2026-05-15T13:25:37.855+0000] {dag.py:3036} INFO - Sync 1 DAGs
[2026-05-15T13:25:37.881+0000] {logging_mixin.py:188} INFO - [2026-05-15T13:25:37.880+0000] {dag.py:3823} INFO - Setting next_dagrun for shopee_scraper to 2026-05-15 00:00:00+00:00, run_after=2026-05-16 00:00:00+00:00
[2026-05-15T13:25:37.900+0000] {processor.py:183} INFO - Processing /opt/airflow/dags/shopee_dags.py took 0.090 seconds
[2026-05-15T13:26:08.140+0000] {processor.py:161} INFO - Started process (PID=561) to work on /opt/airflow/dags/shopee_dags.py
[2026-05-15T13:26:08.141+0000] {processor.py:830} INFO - Processing file /opt/airflow/dags/shopee_dags.py for tasks to queue
[2026-05-15T13:26:08.142+0000] {logging_mixin.py:188} INFO - [2026-05-15T13:26:08.141+0000] {dagbag.py:538} INFO - Filling up the DagBag from /opt/airflow/dags/shopee_dags.py
[2026-05-15T13:26:08.164+0000] {processor.py:840} INFO - DAG(s) 'shopee_scraper' retrieved from /opt/airflow/dags/shopee_dags.py
[2026-05-15T13:26:08.284+0000] {logging_mixin.py:188} INFO - [2026-05-15T13:26:08.284+0000] {dag.py:3036} INFO - Sync 1 DAGs
[2026-05-15T13:26:08.314+0000] {logging_mixin.py:188} INFO - [2026-05-15T13:26:08.313+0000] {dag.py:3823} INFO - Setting next_dagrun for shopee_scraper to 2026-05-15 00:00:00+00:00, run_after=2026-05-16 00:00:00+00:00
[2026-05-15T13:26:08.334+0000] {processor.py:183} INFO - Processing /opt/airflow/dags/shopee_dags.py took 0.198 seconds
[2026-05-15T13:26:38.542+0000] {processor.py:161} INFO - Started process (PID=566) to work on /opt/airflow/dags/shopee_dags.py
[2026-05-15T13:26:38.544+0000] {processor.py:830} INFO - Processing file /opt/airflow/dags/shopee_dags.py for tasks to queue
[2026-05-15T13:26:38.548+0000] {logging_mixin.py:188} INFO - [2026-05-15T13:26:38.547+0000] {dagbag.py:538} INFO - Filling up the DagBag from /opt/airflow/dags/shopee_dags.py
[2026-05-15T13:26:38.585+0000] {processor.py:840} INFO - DAG(s) 'shopee_scraper' retrieved from /opt/airflow/dags/shopee_dags.py
[2026-05-15T13:26:38.610+0000] {logging_mixin.py:188} INFO - [2026-05-15T13:26:38.609+0000] {dag.py:3036} INFO - Sync 1 DAGs
[2026-05-15T13:26:38.651+0000] {logging_mixin.py:188} INFO - [2026-05-15T13:26:38.650+0000] {dag.py:3823} INFO - Setting next_dagrun for shopee_scraper to 2026-05-15 00:00:00+00:00, run_after=2026-05-16 00:00:00+00:00
[2026-05-15T13:26:38.683+0000] {processor.py:183} INFO - Processing /opt/airflow/dags/shopee_dags.py took 0.147 seconds
[2026-05-15T13:27:08.794+0000] {processor.py:161} INFO - Started process (PID=571) to work on /opt/airflow/dags/shopee_dags.py
[2026-05-15T13:27:08.796+0000] {processor.py:830} INFO - Processing file /opt/airflow/dags/shopee_dags.py for tasks to queue
[2026-05-15T13:27:08.797+0000] {logging_mixin.py:188} INFO - [2026-05-15T13:27:08.797+0000] {dagbag.py:538} INFO - Filling up the DagBag from /opt/airflow/dags/shopee_dags.py
[2026-05-15T13:27:08.834+0000] {processor.py:840} INFO - DAG(s) 'shopee_scraper' retrieved from /opt/airflow/dags/shopee_dags.py
[2026-05-15T13:27:09.080+0000] {logging_mixin.py:188} INFO - [2026-05-15T13:27:09.079+0000] {dag.py:3036} INFO - Sync 1 DAGs
[2026-05-15T13:27:09.143+0000] {logging_mixin.py:188} INFO - [2026-05-15T13:27:09.142+0000] {dag.py:3823} INFO - Setting next_dagrun for shopee_scraper to 2026-05-15 00:00:00+00:00, run_after=2026-05-16 00:00:00+00:00
[2026-05-15T13:27:09.196+0000] {processor.py:183} INFO - Processing /opt/airflow/dags/shopee_dags.py took 0.407 seconds
[2026-05-15T13:27:39.433+0000] {processor.py:161} INFO - Started process (PID=576) to work on /opt/airflow/dags/shopee_dags.py
[2026-05-15T13:27:39.435+0000] {processor.py:830} INFO - Processing file /opt/airflow/dags/shopee_dags.py for tasks to queue
[2026-05-15T13:27:39.437+0000] {logging_mixin.py:188} INFO - [2026-05-15T13:27:39.436+0000] {dagbag.py:538} INFO - Filling up the DagBag from /opt/airflow/dags/shopee_dags.py
[2026-05-15T13:27:39.471+0000] {processor.py:840} INFO - DAG(s) 'shopee_scraper' retrieved from /opt/airflow/dags/shopee_dags.py
[2026-05-15T13:27:39.520+0000] {logging_mixin.py:188} INFO - [2026-05-15T13:27:39.519+0000] {dag.py:3036} INFO - Sync 1 DAGs
[2026-05-15T13:27:39.593+0000] {logging_mixin.py:188} INFO - [2026-05-15T13:27:39.593+0000] {dag.py:3823} INFO - Setting next_dagrun for shopee_scraper to 2026-05-15 00:00:00+00:00, run_after=2026-05-16 00:00:00+00:00
[2026-05-15T13:27:39.674+0000] {processor.py:183} INFO - Processing /opt/airflow/dags/shopee_dags.py took 0.249 seconds
[2026-05-15T13:28:09.896+0000] {processor.py:161} INFO - Started process (PID=581) to work on /opt/airflow/dags/shopee_dags.py
[2026-05-15T13:28:09.898+0000] {processor.py:830} INFO - Processing file /opt/airflow/dags/shopee_dags.py for tasks to queue
[2026-05-15T13:28:09.901+0000] {logging_mixin.py:188} INFO - [2026-05-15T13:28:09.900+0000] {dagbag.py:538} INFO - Filling up the DagBag from /opt/airflow/dags/shopee_dags.py
[2026-05-15T13:28:09.927+0000] {processor.py:840} INFO - DAG(s) 'shopee_scraper' retrieved from /opt/airflow/dags/shopee_dags.py
[2026-05-15T13:28:09.949+0000] {logging_mixin.py:188} INFO - [2026-05-15T13:28:09.948+0000] {dag.py:3036} INFO - Sync 1 DAGs
[2026-05-15T13:28:10.008+0000] {logging_mixin.py:188} INFO - [2026-05-15T13:28:10.007+0000] {dag.py:3823} INFO - Setting next_dagrun for shopee_scraper to 2026-05-15 00:00:00+00:00, run_after=2026-05-16 00:00:00+00:00
[2026-05-15T13:28:10.090+0000] {processor.py:183} INFO - Processing /opt/airflow/dags/shopee_dags.py took 0.198 seconds
[2026-05-15T13:28:40.276+0000] {processor.py:161} INFO - Started process (PID=586) to work on /opt/airflow/dags/shopee_dags.py
[2026-05-15T13:28:40.292+0000] {processor.py:830} INFO - Processing file /opt/airflow/dags/shopee_dags.py for tasks to queue
[2026-05-15T13:28:40.305+0000] {logging_mixin.py:188} INFO - [2026-05-15T13:28:40.302+0000] {dagbag.py:538} INFO - Filling up the DagBag from /opt/airflow/dags/shopee_dags.py
[2026-05-15T13:28:40.356+0000] {processor.py:840} INFO - DAG(s) 'shopee_scraper' retrieved from /opt/airflow/dags/shopee_dags.py
[2026-05-15T13:28:40.391+0000] {logging_mixin.py:188} INFO - [2026-05-15T13:28:40.390+0000] {dag.py:3036} INFO - Sync 1 DAGs
[2026-05-15T13:28:40.483+0000] {logging_mixin.py:188} INFO - [2026-05-15T13:28:40.483+0000] {dag.py:3823} INFO - Setting next_dagrun for shopee_scraper to 2026-05-15 00:00:00+00:00, run_after=2026-05-16 00:00:00+00:00
[2026-05-15T13:28:40.529+0000] {processor.py:183} INFO - Processing /opt/airflow/dags/shopee_dags.py took 0.257 seconds
[2026-05-15T13:29:10.760+0000] {processor.py:161} INFO - Started process (PID=591) to work on /opt/airflow/dags/shopee_dags.py
[2026-05-15T13:29:10.761+0000] {processor.py:830} INFO - Processing file /opt/airflow/dags/shopee_dags.py for tasks to queue
[2026-05-15T13:29:10.763+0000] {logging_mixin.py:188} INFO - [2026-05-15T13:29:10.762+0000] {dagbag.py:538} INFO - Filling up the DagBag from /opt/airflow/dags/shopee_dags.py
[2026-05-15T13:29:10.800+0000] {processor.py:840} INFO - DAG(s) 'shopee_scraper' retrieved from /opt/airflow/dags/shopee_dags.py
[2026-05-15T13:29:10.865+0000] {logging_mixin.py:188} INFO - [2026-05-15T13:29:10.864+0000] {dag.py:3036} INFO - Sync 1 DAGs
[2026-05-15T13:29:10.915+0000] {logging_mixin.py:188} INFO - [2026-05-15T13:29:10.915+0000] {dag.py:3823} INFO - Setting next_dagrun for shopee_scraper to 2026-05-15 00:00:00+00:00, run_after=2026-05-16 00:00:00+00:00
[2026-05-15T13:29:10.968+0000] {processor.py:183} INFO - Processing /opt/airflow/dags/shopee_dags.py took 0.212 seconds
[2026-05-15T13:29:41.228+0000] {processor.py:161} INFO - Started process (PID=596) to work on /opt/airflow/dags/shopee_dags.py
[2026-05-15T13:29:41.230+0000] {processor.py:830} INFO - Processing file /opt/airflow/dags/shopee_dags.py for tasks to queue
[2026-05-15T13:29:41.234+0000] {logging_mixin.py:188} INFO - [2026-05-15T13:29:41.232+0000] {dagbag.py:538} INFO - Filling up the DagBag from /opt/airflow/dags/shopee_dags.py
[2026-05-15T13:29:41.279+0000] {processor.py:840} INFO - DAG(s) 'shopee_scraper' retrieved from /opt/airflow/dags/shopee_dags.py
[2026-05-15T13:29:41.337+0000] {logging_mixin.py:188} INFO - [2026-05-15T13:29:41.336+0000] {dag.py:3036} INFO - Sync 1 DAGs
[2026-05-15T13:29:41.511+0000] {logging_mixin.py:188} INFO - [2026-05-15T13:29:41.511+0000] {dag.py:3823} INFO - Setting next_dagrun for shopee_scraper to 2026-05-15 00:00:00+00:00, run_after=2026-05-16 00:00:00+00:00
[2026-05-15T13:29:41.578+0000] {processor.py:183} INFO - Processing /opt/airflow/dags/shopee_dags.py took 0.369 seconds
[2026-05-15T13:30:12.013+0000] {processor.py:161} INFO - Started process (PID=601) to work on /opt/airflow/dags/shopee_dags.py
[2026-05-15T13:30:12.022+0000] {processor.py:830} INFO - Processing file /opt/airflow/dags/shopee_dags.py for tasks to queue
[2026-05-15T13:30:12.032+0000] {logging_mixin.py:188} INFO - [2026-05-15T13:30:12.030+0000] {dagbag.py:538} INFO - Filling up the DagBag from /opt/airflow/dags/shopee_dags.py
[2026-05-15T13:30:12.177+0000] {processor.py:840} INFO - DAG(s) 'shopee_scraper' retrieved from /opt/airflow/dags/shopee_dags.py
[2026-05-15T13:30:12.277+0000] {logging_mixin.py:188} INFO - [2026-05-15T13:30:12.277+0000] {dag.py:3036} INFO - Sync 1 DAGs
[2026-05-15T13:30:12.517+0000] {logging_mixin.py:188} INFO - [2026-05-15T13:30:12.517+0000] {dag.py:3823} INFO - Setting next_dagrun for shopee_scraper to 2026-05-15 00:00:00+00:00, run_after=2026-05-16 00:00:00+00:00
[2026-05-15T13:30:12.610+0000] {processor.py:183} INFO - Processing /opt/airflow/dags/shopee_dags.py took 0.678 seconds
[2026-05-15T13:30:42.840+0000] {processor.py:161} INFO - Started process (PID=606) to work on /opt/airflow/dags/shopee_dags.py
[2026-05-15T13:30:42.842+0000] {processor.py:830} INFO - Processing file /opt/airflow/dags/shopee_dags.py for tasks to queue
[2026-05-15T13:30:42.844+0000] {logging_mixin.py:188} INFO - [2026-05-15T13:30:42.843+0000] {dagbag.py:538} INFO - Filling up the DagBag from /opt/airflow/dags/shopee_dags.py
[2026-05-15T13:30:42.884+0000] {processor.py:840} INFO - DAG(s) 'shopee_scraper' retrieved from /opt/airflow/dags/shopee_dags.py
[2026-05-15T13:30:42.927+0000] {logging_mixin.py:188} INFO - [2026-05-15T13:30:42.927+0000] {dag.py:3036} INFO - Sync 1 DAGs
[2026-05-15T13:30:42.985+0000] {logging_mixin.py:188} INFO - [2026-05-15T13:30:42.985+0000] {dag.py:3823} INFO - Setting next_dagrun for shopee_scraper to 2026-05-15 00:00:00+00:00, run_after=2026-05-16 00:00:00+00:00
[2026-05-15T13:30:43.014+0000] {processor.py:183} INFO - Processing /opt/airflow/dags/shopee_dags.py took 0.180 seconds
[2026-05-15T13:31:13.224+0000] {processor.py:161} INFO - Started process (PID=611) to work on /opt/airflow/dags/shopee_dags.py
[2026-05-15T13:31:13.226+0000] {processor.py:830} INFO - Processing file /opt/airflow/dags/shopee_dags.py for tasks to queue
[2026-05-15T13:31:13.227+0000] {logging_mixin.py:188} INFO - [2026-05-15T13:31:13.227+0000] {dagbag.py:538} INFO - Filling up the DagBag from /opt/airflow/dags/shopee_dags.py
[2026-05-15T13:31:13.257+0000] {processor.py:840} INFO - DAG(s) 'shopee_scraper' retrieved from /opt/airflow/dags/shopee_dags.py
[2026-05-15T13:31:13.280+0000] {logging_mixin.py:188} INFO - [2026-05-15T13:31:13.280+0000] {dag.py:3036} INFO - Sync 1 DAGs
[2026-05-15T13:31:13.321+0000] {logging_mixin.py:188} INFO - [2026-05-15T13:31:13.320+0000] {dag.py:3823} INFO - Setting next_dagrun for shopee_scraper to 2026-05-15 00:00:00+00:00, run_after=2026-05-16 00:00:00+00:00
[2026-05-15T13:31:13.353+0000] {processor.py:183} INFO - Processing /opt/airflow/dags/shopee_dags.py took 0.134 seconds
[2026-05-15T13:31:44.025+0000] {processor.py:161} INFO - Started process (PID=616) to work on /opt/airflow/dags/shopee_dags.py
[2026-05-15T13:31:44.026+0000] {processor.py:830} INFO - Processing file /opt/airflow/dags/shopee_dags.py for tasks to queue
[2026-05-15T13:31:44.027+0000] {logging_mixin.py:188} INFO - [2026-05-15T13:31:44.026+0000] {dagbag.py:538} INFO - Filling up the DagBag from /opt/airflow/dags/shopee_dags.py
[2026-05-15T13:31:44.144+0000] {processor.py:840} INFO - DAG(s) 'shopee_scraper' retrieved from /opt/airflow/dags/shopee_dags.py
[2026-05-15T13:31:44.557+0000] {logging_mixin.py:188} INFO - [2026-05-15T13:31:44.556+0000] {dag.py:3036} INFO - Sync 1 DAGs
[2026-05-15T13:31:44.584+0000] {logging_mixin.py:188} INFO - [2026-05-15T13:31:44.584+0000] {dag.py:3823} INFO - Setting next_dagrun for shopee_scraper to 2026-05-15 00:00:00+00:00, run_after=2026-05-16 00:00:00+00:00
[2026-05-15T13:31:44.854+0000] {processor.py:183} INFO - Processing /opt/airflow/dags/shopee_dags.py took 0.832 seconds
[2026-05-15T13:32:15.238+0000] {processor.py:161} INFO - Started process (PID=621) to work on /opt/airflow/dags/shopee_dags.py
[2026-05-15T13:32:15.240+0000] {processor.py:830} INFO - Processing file /opt/airflow/dags/shopee_dags.py for tasks to queue
[2026-05-15T13:32:15.241+0000] {logging_mixin.py:188} INFO - [2026-05-15T13:32:15.241+0000] {dagbag.py:538} INFO - Filling up the DagBag from /opt/airflow/dags/shopee_dags.py
[2026-05-15T13:32:15.263+0000] {processor.py:840} INFO - DAG(s) 'shopee_scraper' retrieved from /opt/airflow/dags/shopee_dags.py
[2026-05-15T13:32:15.281+0000] {logging_mixin.py:188} INFO - [2026-05-15T13:32:15.281+0000] {dag.py:3036} INFO - Sync 1 DAGs
[2026-05-15T13:32:15.356+0000] {logging_mixin.py:188} INFO - [2026-05-15T13:32:15.355+0000] {dag.py:3823} INFO - Setting next_dagrun for shopee_scraper to 2026-05-15 00:00:00+00:00, run_after=2026-05-16 00:00:00+00:00
[2026-05-15T13:32:15.399+0000] {processor.py:183} INFO - Processing /opt/airflow/dags/shopee_dags.py took 0.164 seconds
[2026-05-15T13:32:45.589+0000] {processor.py:161} INFO - Started process (PID=626) to work on /opt/airflow/dags/shopee_dags.py
[2026-05-15T13:32:45.591+0000] {processor.py:830} INFO - Processing file /opt/airflow/dags/shopee_dags.py for tasks to queue
[2026-05-15T13:32:45.592+0000] {logging_mixin.py:188} INFO - [2026-05-15T13:32:45.591+0000] {dagbag.py:538} INFO - Filling up the DagBag from /opt/airflow/dags/shopee_dags.py
[2026-05-15T13:32:45.618+0000] {processor.py:840} INFO - DAG(s) 'shopee_scraper' retrieved from /opt/airflow/dags/shopee_dags.py
[2026-05-15T13:32:45.640+0000] {logging_mixin.py:188} INFO - [2026-05-15T13:32:45.639+0000] {dag.py:3036} INFO - Sync 1 DAGs
[2026-05-15T13:32:45.677+0000] {logging_mixin.py:188} INFO - [2026-05-15T13:32:45.677+0000] {dag.py:3823} INFO - Setting next_dagrun for shopee_scraper to 2026-05-15 00:00:00+00:00, run_after=2026-05-16 00:00:00+00:00
[2026-05-15T13:32:45.708+0000] {processor.py:183} INFO - Processing /opt/airflow/dags/shopee_dags.py took 0.122 seconds
[2026-05-15T13:33:15.772+0000] {processor.py:161} INFO - Started process (PID=631) to work on /opt/airflow/dags/shopee_dags.py
[2026-05-15T13:33:15.774+0000] {processor.py:830} INFO - Processing file /opt/airflow/dags/shopee_dags.py for tasks to queue
[2026-05-15T13:33:15.777+0000] {logging_mixin.py:188} INFO - [2026-05-15T13:33:15.776+0000] {dagbag.py:538} INFO - Filling up the DagBag from /opt/airflow/dags/shopee_dags.py
[2026-05-15T13:33:15.799+0000] {processor.py:840} INFO - DAG(s) 'shopee_scraper' retrieved from /opt/airflow/dags/shopee_dags.py
[2026-05-15T13:33:15.816+0000] {logging_mixin.py:188} INFO - [2026-05-15T13:33:15.815+0000] {dag.py:3036} INFO - Sync 1 DAGs
[2026-05-15T13:33:15.841+0000] {logging_mixin.py:188} INFO - [2026-05-15T13:33:15.841+0000] {dag.py:3823} INFO - Setting next_dagrun for shopee_scraper to 2026-05-15 00:00:00+00:00, run_after=2026-05-16 00:00:00+00:00
[2026-05-15T13:33:15.893+0000] {processor.py:183} INFO - Processing /opt/airflow/dags/shopee_dags.py took 0.125 seconds
[2026-05-15T13:33:46.134+0000] {processor.py:161} INFO - Started process (PID=636) to work on /opt/airflow/dags/shopee_dags.py
[2026-05-15T13:33:46.135+0000] {processor.py:830} INFO - Processing file /opt/airflow/dags/shopee_dags.py for tasks to queue
[2026-05-15T13:33:46.137+0000] {logging_mixin.py:188} INFO - [2026-05-15T13:33:46.136+0000] {dagbag.py:538} INFO - Filling up the DagBag from /opt/airflow/dags/shopee_dags.py
[2026-05-15T13:33:46.159+0000] {processor.py:840} INFO - DAG(s) 'shopee_scraper' retrieved from /opt/airflow/dags/shopee_dags.py
[2026-05-15T13:33:46.180+0000] {logging_mixin.py:188} INFO - [2026-05-15T13:33:46.179+0000] {dag.py:3036} INFO - Sync 1 DAGs
[2026-05-15T13:33:46.219+0000] {logging_mixin.py:188} INFO - [2026-05-15T13:33:46.219+0000] {dag.py:3823} INFO - Setting next_dagrun for shopee_scraper to 2026-05-15 00:00:00+00:00, run_after=2026-05-16 00:00:00+00:00
[2026-05-15T13:33:46.244+0000] {processor.py:183} INFO - Processing /opt/airflow/dags/shopee_dags.py took 0.113 seconds
[2026-05-15T13:34:16.357+0000] {processor.py:161} INFO - Started process (PID=641) to work on /opt/airflow/dags/shopee_dags.py
[2026-05-15T13:34:16.358+0000] {processor.py:830} INFO - Processing file /opt/airflow/dags/shopee_dags.py for tasks to queue
[2026-05-15T13:34:16.359+0000] {logging_mixin.py:188} INFO - [2026-05-15T13:34:16.359+0000] {dagbag.py:538} INFO - Filling up the DagBag from /opt/airflow/dags/shopee_dags.py
[2026-05-15T13:34:16.374+0000] {processor.py:840} INFO - DAG(s) 'shopee_scraper' retrieved from /opt/airflow/dags/shopee_dags.py
[2026-05-15T13:34:16.400+0000] {logging_mixin.py:188} INFO - [2026-05-15T13:34:16.400+0000] {dag.py:3036} INFO - Sync 1 DAGs
[2026-05-15T13:34:16.424+0000] {logging_mixin.py:188} INFO - [2026-05-15T13:34:16.424+0000] {dag.py:3823} INFO - Setting next_dagrun for shopee_scraper to 2026-05-15 00:00:00+00:00, run_after=2026-05-16 00:00:00+00:00
[2026-05-15T13:34:16.443+0000] {processor.py:183} INFO - Processing /opt/airflow/dags/shopee_dags.py took 0.089 seconds
[2026-05-15T13:34:46.702+0000] {processor.py:161} INFO - Started process (PID=646) to work on /opt/airflow/dags/shopee_dags.py
[2026-05-15T13:34:46.702+0000] {processor.py:830} INFO - Processing file /opt/airflow/dags/shopee_dags.py for tasks to queue
[2026-05-15T13:34:46.703+0000] {logging_mixin.py:188} INFO - [2026-05-15T13:34:46.703+0000] {dagbag.py:538} INFO - Filling up the DagBag from /opt/airflow/dags/shopee_dags.py
[2026-05-15T13:34:46.719+0000] {processor.py:840} INFO - DAG(s) 'shopee_scraper' retrieved from /opt/airflow/dags/shopee_dags.py
[2026-05-15T13:34:46.733+0000] {logging_mixin.py:188} INFO - [2026-05-15T13:34:46.733+0000] {dag.py:3036} INFO - Sync 1 DAGs
[2026-05-15T13:34:46.761+0000] {logging_mixin.py:188} INFO - [2026-05-15T13:34:46.761+0000] {dag.py:3823} INFO - Setting next_dagrun for shopee_scraper to 2026-05-15 00:00:00+00:00, run_after=2026-05-16 00:00:00+00:00
[2026-05-15T13:34:46.782+0000] {processor.py:183} INFO - Processing /opt/airflow/dags/shopee_dags.py took 0.083 seconds
[2026-05-15T13:35:16.917+0000] {processor.py:161} INFO - Started process (PID=651) to work on /opt/airflow/dags/shopee_dags.py
[2026-05-15T13:35:16.918+0000] {processor.py:830} INFO - Processing file /opt/airflow/dags/shopee_dags.py for tasks to queue
[2026-05-15T13:35:16.919+0000] {logging_mixin.py:188} INFO - [2026-05-15T13:35:16.919+0000] {dagbag.py:538} INFO - Filling up the DagBag from /opt/airflow/dags/shopee_dags.py
[2026-05-15T13:35:16.935+0000] {processor.py:840} INFO - DAG(s) 'shopee_scraper' retrieved from /opt/airflow/dags/shopee_dags.py
[2026-05-15T13:35:17.129+0000] {logging_mixin.py:188} INFO - [2026-05-15T13:35:17.129+0000] {dag.py:3036} INFO - Sync 1 DAGs
[2026-05-15T13:35:17.149+0000] {logging_mixin.py:188} INFO - [2026-05-15T13:35:17.149+0000] {dag.py:3823} INFO - Setting next_dagrun for shopee_scraper to 2026-05-15 00:00:00+00:00, run_after=2026-05-16 00:00:00+00:00
[2026-05-15T13:35:17.178+0000] {processor.py:183} INFO - Processing /opt/airflow/dags/shopee_dags.py took 0.264 seconds
[2026-05-15T13:35:47.401+0000] {processor.py:161} INFO - Started process (PID=656) to work on /opt/airflow/dags/shopee_dags.py
[2026-05-15T13:35:47.402+0000] {processor.py:830} INFO - Processing file /opt/airflow/dags/shopee_dags.py for tasks to queue
[2026-05-15T13:35:47.404+0000] {logging_mixin.py:188} INFO - [2026-05-15T13:35:47.403+0000] {dagbag.py:538} INFO - Filling up the DagBag from /opt/airflow/dags/shopee_dags.py
[2026-05-15T13:35:47.431+0000] {processor.py:840} INFO - DAG(s) 'shopee_scraper' retrieved from /opt/airflow/dags/shopee_dags.py
[2026-05-15T13:35:47.460+0000] {logging_mixin.py:188} INFO - [2026-05-15T13:35:47.459+0000] {dag.py:3036} INFO - Sync 1 DAGs
[2026-05-15T13:35:47.489+0000] {logging_mixin.py:188} INFO - [2026-05-15T13:35:47.489+0000] {dag.py:3823} INFO - Setting next_dagrun for shopee_scraper to 2026-05-15 00:00:00+00:00, run_after=2026-05-16 00:00:00+00:00
[2026-05-15T13:35:47.512+0000] {processor.py:183} INFO - Processing /opt/airflow/dags/shopee_dags.py took 0.116 seconds
[2026-05-15T13:36:17.600+0000] {processor.py:161} INFO - Started process (PID=661) to work on /opt/airflow/dags/shopee_dags.py
[2026-05-15T13:36:17.601+0000] {processor.py:830} INFO - Processing file /opt/airflow/dags/shopee_dags.py for tasks to queue
[2026-05-15T13:36:17.602+0000] {logging_mixin.py:188} INFO - [2026-05-15T13:36:17.602+0000] {dagbag.py:538} INFO - Filling up the DagBag from /opt/airflow/dags/shopee_dags.py
[2026-05-15T13:36:17.618+0000] {processor.py:840} INFO - DAG(s) 'shopee_scraper' retrieved from /opt/airflow/dags/shopee_dags.py
[2026-05-15T13:36:17.747+0000] {logging_mixin.py:188} INFO - [2026-05-15T13:36:17.747+0000] {dag.py:3036} INFO - Sync 1 DAGs
[2026-05-15T13:36:17.769+0000] {logging_mixin.py:188} INFO - [2026-05-15T13:36:17.768+0000] {dag.py:3823} INFO - Setting next_dagrun for shopee_scraper to 2026-05-15 00:00:00+00:00, run_after=2026-05-16 00:00:00+00:00
[2026-05-15T13:36:17.791+0000] {processor.py:183} INFO - Processing /opt/airflow/dags/shopee_dags.py took 0.194 seconds
[2026-05-15T13:36:47.939+0000] {processor.py:161} INFO - Started process (PID=666) to work on /opt/airflow/dags/shopee_dags.py
[2026-05-15T13:36:47.941+0000] {processor.py:830} INFO - Processing file /opt/airflow/dags/shopee_dags.py for tasks to queue
[2026-05-15T13:36:47.942+0000] {logging_mixin.py:188} INFO - [2026-05-15T13:36:47.942+0000] {dagbag.py:538} INFO - Filling up the DagBag from /opt/airflow/dags/shopee_dags.py
[2026-05-15T13:36:47.974+0000] {processor.py:840} INFO - DAG(s) 'shopee_scraper' retrieved from /opt/airflow/dags/shopee_dags.py
[2026-05-15T13:36:48.025+0000] {logging_mixin.py:188} INFO - [2026-05-15T13:36:48.025+0000] {dag.py:3036} INFO - Sync 1 DAGs
[2026-05-15T13:36:48.068+0000] {logging_mixin.py:188} INFO - [2026-05-15T13:36:48.068+0000] {dag.py:3823} INFO - Setting next_dagrun for shopee_scraper to 2026-05-15 00:00:00+00:00, run_after=2026-05-16 00:00:00+00:00
[2026-05-15T13:36:48.091+0000] {processor.py:183} INFO - Processing /opt/airflow/dags/shopee_dags.py took 0.156 seconds
[2026-05-15T13:37:18.300+0000] {processor.py:161} INFO - Started process (PID=671) to work on /opt/airflow/dags/shopee_dags.py
[2026-05-15T13:37:18.301+0000] {processor.py:830} INFO - Processing file /opt/airflow/dags/shopee_dags.py for tasks to queue
[2026-05-15T13:37:18.303+0000] {logging_mixin.py:188} INFO - [2026-05-15T13:37:18.302+0000] {dagbag.py:538} INFO - Filling up the DagBag from /opt/airflow/dags/shopee_dags.py
[2026-05-15T13:37:18.325+0000] {processor.py:840} INFO - DAG(s) 'shopee_scraper' retrieved from /opt/airflow/dags/shopee_dags.py
[2026-05-15T13:37:18.344+0000] {logging_mixin.py:188} INFO - [2026-05-15T13:37:18.343+0000] {dag.py:3036} INFO - Sync 1 DAGs
[2026-05-15T13:37:18.376+0000] {logging_mixin.py:188} INFO - [2026-05-15T13:37:18.376+0000] {dag.py:3823} INFO - Setting next_dagrun for shopee_scraper to 2026-05-15 00:00:00+00:00, run_after=2026-05-16 00:00:00+00:00
[2026-05-15T13:37:18.401+0000] {processor.py:183} INFO - Processing /opt/airflow/dags/shopee_dags.py took 0.107 seconds
[2026-05-15T13:37:48.622+0000] {processor.py:161} INFO - Started process (PID=676) to work on /opt/airflow/dags/shopee_dags.py
[2026-05-15T13:37:48.623+0000] {processor.py:830} INFO - Processing file /opt/airflow/dags/shopee_dags.py for tasks to queue
[2026-05-15T13:37:48.624+0000] {logging_mixin.py:188} INFO - [2026-05-15T13:37:48.624+0000] {dagbag.py:538} INFO - Filling up the DagBag from /opt/airflow/dags/shopee_dags.py
[2026-05-15T13:37:48.639+0000] {processor.py:840} INFO - DAG(s) 'shopee_scraper' retrieved from /opt/airflow/dags/shopee_dags.py
[2026-05-15T13:37:48.747+0000] {logging_mixin.py:188} INFO - [2026-05-15T13:37:48.747+0000] {dag.py:3036} INFO - Sync 1 DAGs
[2026-05-15T13:37:48.767+0000] {logging_mixin.py:188} INFO - [2026-05-15T13:37:48.767+0000] {dag.py:3823} INFO - Setting next_dagrun for shopee_scraper to 2026-05-15 00:00:00+00:00, run_after=2026-05-16 00:00:00+00:00
[2026-05-15T13:37:48.788+0000] {processor.py:183} INFO - Processing /opt/airflow/dags/shopee_dags.py took 0.169 seconds
[2026-05-15T13:38:18.900+0000] {processor.py:161} INFO - Started process (PID=681) to work on /opt/airflow/dags/shopee_dags.py
[2026-05-15T13:38:18.902+0000] {processor.py:830} INFO - Processing file /opt/airflow/dags/shopee_dags.py for tasks to queue
[2026-05-15T13:38:18.903+0000] {logging_mixin.py:188} INFO - [2026-05-15T13:38:18.903+0000] {dagbag.py:538} INFO - Filling up the DagBag from /opt/airflow/dags/shopee_dags.py
[2026-05-15T13:38:18.930+0000] {processor.py:840} INFO - DAG(s) 'shopee_scraper' retrieved from /opt/airflow/dags/shopee_dags.py
[2026-05-15T13:38:18.951+0000] {logging_mixin.py:188} INFO - [2026-05-15T13:38:18.951+0000] {dag.py:3036} INFO - Sync 1 DAGs
[2026-05-15T13:38:18.976+0000] {logging_mixin.py:188} INFO - [2026-05-15T13:38:18.976+0000] {dag.py:3823} INFO - Setting next_dagrun for shopee_scraper to 2026-05-15 00:00:00+00:00, run_after=2026-05-16 00:00:00+00:00
[2026-05-15T13:38:18.993+0000] {processor.py:183} INFO - Processing /opt/airflow/dags/shopee_dags.py took 0.098 seconds
[2026-05-15T13:38:49.233+0000] {processor.py:161} INFO - Started process (PID=686) to work on /opt/airflow/dags/shopee_dags.py
[2026-05-15T13:38:49.234+0000] {processor.py:830} INFO - Processing file /opt/airflow/dags/shopee_dags.py for tasks to queue
[2026-05-15T13:38:49.235+0000] {logging_mixin.py:188} INFO - [2026-05-15T13:38:49.234+0000] {dagbag.py:538} INFO - Filling up the DagBag from /opt/airflow/dags/shopee_dags.py
[2026-05-15T13:38:49.251+0000] {processor.py:840} INFO - DAG(s) 'shopee_scraper' retrieved from /opt/airflow/dags/shopee_dags.py
[2026-05-15T13:38:49.366+0000] {logging_mixin.py:188} INFO - [2026-05-15T13:38:49.366+0000] {dag.py:3036} INFO - Sync 1 DAGs
[2026-05-15T13:38:49.385+0000] {logging_mixin.py:188} INFO - [2026-05-15T13:38:49.385+0000] {dag.py:3823} INFO - Setting next_dagrun for shopee_scraper to 2026-05-15 00:00:00+00:00, run_after=2026-05-16 00:00:00+00:00
[2026-05-15T13:38:49.405+0000] {processor.py:183} INFO - Processing /opt/airflow/dags/shopee_dags.py took 0.174 seconds
[2026-05-15T13:39:19.459+0000] {processor.py:161} INFO - Started process (PID=691) to work on /opt/airflow/dags/shopee_dags.py
[2026-05-15T13:39:19.460+0000] {processor.py:830} INFO - Processing file /opt/airflow/dags/shopee_dags.py for tasks to queue
[2026-05-15T13:39:19.461+0000] {logging_mixin.py:188} INFO - [2026-05-15T13:39:19.461+0000] {dagbag.py:538} INFO - Filling up the DagBag from /opt/airflow/dags/shopee_dags.py
[2026-05-15T13:39:19.476+0000] {processor.py:840} INFO - DAG(s) 'shopee_scraper' retrieved from /opt/airflow/dags/shopee_dags.py
[2026-05-15T13:39:19.489+0000] {logging_mixin.py:188} INFO - [2026-05-15T13:39:19.488+0000] {dag.py:3036} INFO - Sync 1 DAGs
[2026-05-15T13:39:19.510+0000] {logging_mixin.py:188} INFO - [2026-05-15T13:39:19.510+0000] {dag.py:3823} INFO - Setting next_dagrun for shopee_scraper to 2026-05-15 00:00:00+00:00, run_after=2026-05-16 00:00:00+00:00
[2026-05-15T13:39:19.557+0000] {processor.py:183} INFO - Processing /opt/airflow/dags/shopee_dags.py took 0.100 seconds
[2026-05-15T13:39:49.700+0000] {processor.py:161} INFO - Started process (PID=696) to work on /opt/airflow/dags/shopee_dags.py
[2026-05-15T13:39:49.701+0000] {processor.py:830} INFO - Processing file /opt/airflow/dags/shopee_dags.py for tasks to queue
[2026-05-15T13:39:49.702+0000] {logging_mixin.py:188} INFO - [2026-05-15T13:39:49.702+0000] {dagbag.py:538} INFO - Filling up the DagBag from /opt/airflow/dags/shopee_dags.py
[2026-05-15T13:39:49.719+0000] {processor.py:840} INFO - DAG(s) 'shopee_scraper' retrieved from /opt/airflow/dags/shopee_dags.py
[2026-05-15T13:39:49.841+0000] {logging_mixin.py:188} INFO - [2026-05-15T13:39:49.841+0000] {dag.py:3036} INFO - Sync 1 DAGs
[2026-05-15T13:39:49.864+0000] {logging_mixin.py:188} INFO - [2026-05-15T13:39:49.864+0000] {dag.py:3823} INFO - Setting next_dagrun for shopee_scraper to 2026-05-15 00:00:00+00:00, run_after=2026-05-16 00:00:00+00:00
[2026-05-15T13:39:49.887+0000] {processor.py:183} INFO - Processing /opt/airflow/dags/shopee_dags.py took 0.191 seconds
[2026-05-15T13:40:20.020+0000] {processor.py:161} INFO - Started process (PID=701) to work on /opt/airflow/dags/shopee_dags.py
[2026-05-15T13:40:20.021+0000] {processor.py:830} INFO - Processing file /opt/airflow/dags/shopee_dags.py for tasks to queue
[2026-05-15T13:40:20.022+0000] {logging_mixin.py:188} INFO - [2026-05-15T13:40:20.022+0000] {dagbag.py:538} INFO - Filling up the DagBag from /opt/airflow/dags/shopee_dags.py
[2026-05-15T13:40:20.040+0000] {processor.py:840} INFO - DAG(s) 'shopee_scraper' retrieved from /opt/airflow/dags/shopee_dags.py
[2026-05-15T13:40:20.057+0000] {logging_mixin.py:188} INFO - [2026-05-15T13:40:20.056+0000] {dag.py:3036} INFO - Sync 1 DAGs
[2026-05-15T13:40:20.090+0000] {logging_mixin.py:188} INFO - [2026-05-15T13:40:20.090+0000] {dag.py:3823} INFO - Setting next_dagrun for shopee_scraper to 2026-05-15 00:00:00+00:00, run_after=2026-05-16 00:00:00+00:00
[2026-05-15T13:40:20.111+0000] {processor.py:183} INFO - Processing /opt/airflow/dags/shopee_dags.py took 0.095 seconds
[2026-05-15T13:40:50.330+0000] {processor.py:161} INFO - Started process (PID=706) to work on /opt/airflow/dags/shopee_dags.py
[2026-05-15T13:40:50.331+0000] {processor.py:830} INFO - Processing file /opt/airflow/dags/shopee_dags.py for tasks to queue
[2026-05-15T13:40:50.332+0000] {logging_mixin.py:188} INFO - [2026-05-15T13:40:50.332+0000] {dagbag.py:538} INFO - Filling up the DagBag from /opt/airflow/dags/shopee_dags.py
[2026-05-15T13:40:50.351+0000] {processor.py:840} INFO - DAG(s) 'shopee_scraper' retrieved from /opt/airflow/dags/shopee_dags.py
[2026-05-15T13:40:50.494+0000] {logging_mixin.py:188} INFO - [2026-05-15T13:40:50.494+0000] {dag.py:3036} INFO - Sync 1 DAGs
[2026-05-15T13:40:50.521+0000] {logging_mixin.py:188} INFO - [2026-05-15T13:40:50.520+0000] {dag.py:3823} INFO - Setting next_dagrun for shopee_scraper to 2026-05-15 00:00:00+00:00, run_after=2026-05-16 00:00:00+00:00
[2026-05-15T13:40:50.546+0000] {processor.py:183} INFO - Processing /opt/airflow/dags/shopee_dags.py took 0.222 seconds
[2026-05-15T13:41:20.607+0000] {processor.py:161} INFO - Started process (PID=711) to work on /opt/airflow/dags/shopee_dags.py
[2026-05-15T13:41:20.609+0000] {processor.py:830} INFO - Processing file /opt/airflow/dags/shopee_dags.py for tasks to queue
[2026-05-15T13:41:20.610+0000] {logging_mixin.py:188} INFO - [2026-05-15T13:41:20.609+0000] {dagbag.py:538} INFO - Filling up the DagBag from /opt/airflow/dags/shopee_dags.py
[2026-05-15T13:41:20.635+0000] {processor.py:840} INFO - DAG(s) 'shopee_scraper' retrieved from /opt/airflow/dags/shopee_dags.py
[2026-05-15T13:41:20.671+0000] {logging_mixin.py:188} INFO - [2026-05-15T13:41:20.670+0000] {dag.py:3036} INFO - Sync 1 DAGs
[2026-05-15T13:41:20.696+0000] {logging_mixin.py:188} INFO - [2026-05-15T13:41:20.696+0000] {dag.py:3823} INFO - Setting next_dagrun for shopee_scraper to 2026-05-15 00:00:00+00:00, run_after=2026-05-16 00:00:00+00:00
[2026-05-15T13:41:20.726+0000] {processor.py:183} INFO - Processing /opt/airflow/dags/shopee_dags.py took 0.123 seconds
[2026-05-15T13:41:50.810+0000] {processor.py:161} INFO - Started process (PID=716) to work on /opt/airflow/dags/shopee_dags.py
[2026-05-15T13:41:50.811+0000] {processor.py:830} INFO - Processing file /opt/airflow/dags/shopee_dags.py for tasks to queue
[2026-05-15T13:41:50.812+0000] {logging_mixin.py:188} INFO - [2026-05-15T13:41:50.812+0000] {dagbag.py:538} INFO - Filling up the DagBag from /opt/airflow/dags/shopee_dags.py
[2026-05-15T13:41:50.829+0000] {processor.py:840} INFO - DAG(s) 'shopee_scraper' retrieved from /opt/airflow/dags/shopee_dags.py
[2026-05-15T13:41:50.846+0000] {logging_mixin.py:188} INFO - [2026-05-15T13:41:50.845+0000] {dag.py:3036} INFO - Sync 1 DAGs
[2026-05-15T13:41:50.870+0000] {logging_mixin.py:188} INFO - [2026-05-15T13:41:50.870+0000] {dag.py:3823} INFO - Setting next_dagrun for shopee_scraper to 2026-05-15 00:00:00+00:00, run_after=2026-05-16 00:00:00+00:00
[2026-05-15T13:41:50.891+0000] {processor.py:183} INFO - Processing /opt/airflow/dags/shopee_dags.py took 0.085 seconds
[2026-05-15T13:42:21.062+0000] {processor.py:161} INFO - Started process (PID=721) to work on /opt/airflow/dags/shopee_dags.py
[2026-05-15T13:42:21.064+0000] {processor.py:830} INFO - Processing file /opt/airflow/dags/shopee_dags.py for tasks to queue
[2026-05-15T13:42:21.065+0000] {logging_mixin.py:188} INFO - [2026-05-15T13:42:21.065+0000] {dagbag.py:538} INFO - Filling up the DagBag from /opt/airflow/dags/shopee_dags.py
[2026-05-15T13:42:21.082+0000] {processor.py:840} INFO - DAG(s) 'shopee_scraper' retrieved from /opt/airflow/dags/shopee_dags.py
[2026-05-15T13:42:21.183+0000] {logging_mixin.py:188} INFO - [2026-05-15T13:42:21.183+0000] {dag.py:3036} INFO - Sync 1 DAGs
[2026-05-15T13:42:21.205+0000] {logging_mixin.py:188} INFO - [2026-05-15T13:42:21.204+0000] {dag.py:3823} INFO - Setting next_dagrun for shopee_scraper to 2026-05-15 00:00:00+00:00, run_after=2026-05-16 00:00:00+00:00
[2026-05-15T13:42:21.223+0000] {processor.py:183} INFO - Processing /opt/airflow/dags/shopee_dags.py took 0.164 seconds
[2026-05-15T13:42:51.351+0000] {processor.py:161} INFO - Started process (PID=726) to work on /opt/airflow/dags/shopee_dags.py
[2026-05-15T13:42:51.353+0000] {processor.py:830} INFO - Processing file /opt/airflow/dags/shopee_dags.py for tasks to queue
[2026-05-15T13:42:51.355+0000] {logging_mixin.py:188} INFO - [2026-05-15T13:42:51.354+0000] {dagbag.py:538} INFO - Filling up the DagBag from /opt/airflow/dags/shopee_dags.py
[2026-05-15T13:42:51.374+0000] {processor.py:840} INFO - DAG(s) 'shopee_scraper' retrieved from /opt/airflow/dags/shopee_dags.py
[2026-05-15T13:42:51.389+0000] {logging_mixin.py:188} INFO - [2026-05-15T13:42:51.389+0000] {dag.py:3036} INFO - Sync 1 DAGs
[2026-05-15T13:42:51.413+0000] {logging_mixin.py:188} INFO - [2026-05-15T13:42:51.413+0000] {dag.py:3823} INFO - Setting next_dagrun for shopee_scraper to 2026-05-15 00:00:00+00:00, run_after=2026-05-16 00:00:00+00:00
[2026-05-15T13:42:51.435+0000] {processor.py:183} INFO - Processing /opt/airflow/dags/shopee_dags.py took 0.087 seconds
[2026-05-15T13:43:21.696+0000] {processor.py:161} INFO - Started process (PID=731) to work on /opt/airflow/dags/shopee_dags.py
[2026-05-15T13:43:21.697+0000] {processor.py:830} INFO - Processing file /opt/airflow/dags/shopee_dags.py for tasks to queue
[2026-05-15T13:43:21.698+0000] {logging_mixin.py:188} INFO - [2026-05-15T13:43:21.697+0000] {dagbag.py:538} INFO - Filling up the DagBag from /opt/airflow/dags/shopee_dags.py
[2026-05-15T13:43:21.714+0000] {processor.py:840} INFO - DAG(s) 'shopee_scraper' retrieved from /opt/airflow/dags/shopee_dags.py
[2026-05-15T13:43:21.812+0000] {logging_mixin.py:188} INFO - [2026-05-15T13:43:21.812+0000] {dag.py:3036} INFO - Sync 1 DAGs
[2026-05-15T13:43:21.832+0000] {logging_mixin.py:188} INFO - [2026-05-15T13:43:21.832+0000] {dag.py:3823} INFO - Setting next_dagrun for shopee_scraper to 2026-05-15 00:00:00+00:00, run_after=2026-05-16 00:00:00+00:00
[2026-05-15T13:43:21.862+0000] {processor.py:183} INFO - Processing /opt/airflow/dags/shopee_dags.py took 0.170 seconds
[2026-05-15T13:43:51.923+0000] {processor.py:161} INFO - Started process (PID=736) to work on /opt/airflow/dags/shopee_dags.py
[2026-05-15T13:43:51.924+0000] {processor.py:830} INFO - Processing file /opt/airflow/dags/shopee_dags.py for tasks to queue
[2026-05-15T13:43:51.925+0000] {logging_mixin.py:188} INFO - [2026-05-15T13:43:51.925+0000] {dagbag.py:538} INFO - Filling up the DagBag from /opt/airflow/dags/shopee_dags.py
[2026-05-15T13:43:51.944+0000] {processor.py:840} INFO - DAG(s) 'shopee_scraper' retrieved from /opt/airflow/dags/shopee_dags.py
[2026-05-15T13:43:51.959+0000] {logging_mixin.py:188} INFO - [2026-05-15T13:43:51.958+0000] {dag.py:3036} INFO - Sync 1 DAGs
[2026-05-15T13:43:51.981+0000] {logging_mixin.py:188} INFO - [2026-05-15T13:43:51.981+0000] {dag.py:3823} INFO - Setting next_dagrun for shopee_scraper to 2026-05-15 00:00:00+00:00, run_after=2026-05-16 00:00:00+00:00
[2026-05-15T13:43:51.999+0000] {processor.py:183} INFO - Processing /opt/airflow/dags/shopee_dags.py took 0.080 seconds
[2026-05-15T13:44:22.155+0000] {processor.py:161} INFO - Started process (PID=741) to work on /opt/airflow/dags/shopee_dags.py
[2026-05-15T13:44:22.156+0000] {processor.py:830} INFO - Processing file /opt/airflow/dags/shopee_dags.py for tasks to queue
[2026-05-15T13:44:22.157+0000] {logging_mixin.py:188} INFO - [2026-05-15T13:44:22.157+0000] {dagbag.py:538} INFO - Filling up the DagBag from /opt/airflow/dags/shopee_dags.py
[2026-05-15T13:44:22.172+0000] {processor.py:840} INFO - DAG(s) 'shopee_scraper' retrieved from /opt/airflow/dags/shopee_dags.py
[2026-05-15T13:44:22.271+0000] {logging_mixin.py:188} INFO - [2026-05-15T13:44:22.271+0000] {dag.py:3036} INFO - Sync 1 DAGs
[2026-05-15T13:44:22.297+0000] {logging_mixin.py:188} INFO - [2026-05-15T13:44:22.297+0000] {dag.py:3823} INFO - Setting next_dagrun for shopee_scraper to 2026-05-15 00:00:00+00:00, run_after=2026-05-16 00:00:00+00:00
[2026-05-15T13:44:22.328+0000] {processor.py:183} INFO - Processing /opt/airflow/dags/shopee_dags.py took 0.176 seconds
[2026-05-15T13:44:52.408+0000] {processor.py:161} INFO - Started process (PID=746) to work on /opt/airflow/dags/shopee_dags.py
[2026-05-15T13:44:52.409+0000] {processor.py:830} INFO - Processing file /opt/airflow/dags/shopee_dags.py for tasks to queue
[2026-05-15T13:44:52.410+0000] {logging_mixin.py:188} INFO - [2026-05-15T13:44:52.409+0000] {dagbag.py:538} INFO - Filling up the DagBag from /opt/airflow/dags/shopee_dags.py
[2026-05-15T13:44:52.425+0000] {processor.py:840} INFO - DAG(s) 'shopee_scraper' retrieved from /opt/airflow/dags/shopee_dags.py
[2026-05-15T13:44:52.439+0000] {logging_mixin.py:188} INFO - [2026-05-15T13:44:52.439+0000] {dag.py:3036} INFO - Sync 1 DAGs
[2026-05-15T13:44:52.461+0000] {logging_mixin.py:188} INFO - [2026-05-15T13:44:52.461+0000] {dag.py:3823} INFO - Setting next_dagrun for shopee_scraper to 2026-05-15 00:00:00+00:00, run_after=2026-05-16 00:00:00+00:00
[2026-05-15T13:44:52.480+0000] {processor.py:183} INFO - Processing /opt/airflow/dags/shopee_dags.py took 0.076 seconds
[2026-05-15T13:45:22.622+0000] {processor.py:161} INFO - Started process (PID=751) to work on /opt/airflow/dags/shopee_dags.py
[2026-05-15T13:45:22.623+0000] {processor.py:830} INFO - Processing file /opt/airflow/dags/shopee_dags.py for tasks to queue
[2026-05-15T13:45:22.623+0000] {logging_mixin.py:188} INFO - [2026-05-15T13:45:22.623+0000] {dagbag.py:538} INFO - Filling up the DagBag from /opt/airflow/dags/shopee_dags.py
[2026-05-15T13:45:22.639+0000] {processor.py:840} INFO - DAG(s) 'shopee_scraper' retrieved from /opt/airflow/dags/shopee_dags.py
[2026-05-15T13:45:22.750+0000] {logging_mixin.py:188} INFO - [2026-05-15T13:45:22.750+0000] {dag.py:3036} INFO - Sync 1 DAGs
[2026-05-15T13:45:22.769+0000] {logging_mixin.py:188} INFO - [2026-05-15T13:45:22.768+0000] {dag.py:3823} INFO - Setting next_dagrun for shopee_scraper to 2026-05-15 00:00:00+00:00, run_after=2026-05-16 00:00:00+00:00
[2026-05-15T13:45:22.790+0000] {processor.py:183} INFO - Processing /opt/airflow/dags/shopee_dags.py took 0.171 seconds
[2026-05-15T13:45:52.906+0000] {processor.py:161} INFO - Started process (PID=756) to work on /opt/airflow/dags/shopee_dags.py
[2026-05-15T13:45:52.907+0000] {processor.py:830} INFO - Processing file /opt/airflow/dags/shopee_dags.py for tasks to queue
[2026-05-15T13:45:52.908+0000] {logging_mixin.py:188} INFO - [2026-05-15T13:45:52.907+0000] {dagbag.py:538} INFO - Filling up the DagBag from /opt/airflow/dags/shopee_dags.py
[2026-05-15T13:45:52.927+0000] {processor.py:840} INFO - DAG(s) 'shopee_scraper' retrieved from /opt/airflow/dags/shopee_dags.py
[2026-05-15T13:45:52.962+0000] {logging_mixin.py:188} INFO - [2026-05-15T13:45:52.962+0000] {dag.py:3036} INFO - Sync 1 DAGs
[2026-05-15T13:45:52.990+0000] {logging_mixin.py:188} INFO - [2026-05-15T13:45:52.990+0000] {dag.py:3823} INFO - Setting next_dagrun for shopee_scraper to 2026-05-15 00:00:00+00:00, run_after=2026-05-16 00:00:00+00:00
[2026-05-15T13:45:53.015+0000] {processor.py:183} INFO - Processing /opt/airflow/dags/shopee_dags.py took 0.113 seconds
[2026-05-15T13:46:23.222+0000] {processor.py:161} INFO - Started process (PID=761) to work on /opt/airflow/dags/shopee_dags.py
[2026-05-15T13:46:23.223+0000] {processor.py:830} INFO - Processing file /opt/airflow/dags/shopee_dags.py for tasks to queue
[2026-05-15T13:46:23.224+0000] {logging_mixin.py:188} INFO - [2026-05-15T13:46:23.224+0000] {dagbag.py:538} INFO - Filling up the DagBag from /opt/airflow/dags/shopee_dags.py
[2026-05-15T13:46:23.243+0000] {processor.py:840} INFO - DAG(s) 'shopee_scraper' retrieved from /opt/airflow/dags/shopee_dags.py
[2026-05-15T13:46:23.259+0000] {logging_mixin.py:188} INFO - [2026-05-15T13:46:23.259+0000] {dag.py:3036} INFO - Sync 1 DAGs
[2026-05-15T13:46:23.285+0000] {logging_mixin.py:188} INFO - [2026-05-15T13:46:23.285+0000] {dag.py:3823} INFO - Setting next_dagrun for shopee_scraper to 2026-05-15 00:00:00+00:00, run_after=2026-05-16 00:00:00+00:00
[2026-05-15T13:46:23.306+0000] {processor.py:183} INFO - Processing /opt/airflow/dags/shopee_dags.py took 0.088 seconds
[2026-05-15T13:46:53.501+0000] {processor.py:161} INFO - Started process (PID=766) to work on /opt/airflow/dags/shopee_dags.py
[2026-05-15T13:46:53.502+0000] {processor.py:830} INFO - Processing file /opt/airflow/dags/shopee_dags.py for tasks to queue
[2026-05-15T13:46:53.504+0000] {logging_mixin.py:188} INFO - [2026-05-15T13:46:53.503+0000] {dagbag.py:538} INFO - Filling up the DagBag from /opt/airflow/dags/shopee_dags.py
[2026-05-15T13:46:53.523+0000] {processor.py:840} INFO - DAG(s) 'shopee_scraper' retrieved from /opt/airflow/dags/shopee_dags.py
[2026-05-15T13:46:53.643+0000] {logging_mixin.py:188} INFO - [2026-05-15T13:46:53.643+0000] {dag.py:3036} INFO - Sync 1 DAGs
[2026-05-15T13:46:53.667+0000] {logging_mixin.py:188} INFO - [2026-05-15T13:46:53.667+0000] {dag.py:3823} INFO - Setting next_dagrun for shopee_scraper to 2026-05-15 00:00:00+00:00, run_after=2026-05-16 00:00:00+00:00
[2026-05-15T13:46:53.687+0000] {processor.py:183} INFO - Processing /opt/airflow/dags/shopee_dags.py took 0.189 seconds
[2026-05-15T13:47:23.807+0000] {processor.py:161} INFO - Started process (PID=771) to work on /opt/airflow/dags/shopee_dags.py
[2026-05-15T13:47:23.808+0000] {processor.py:830} INFO - Processing file /opt/airflow/dags/shopee_dags.py for tasks to queue
[2026-05-15T13:47:23.809+0000] {logging_mixin.py:188} INFO - [2026-05-15T13:47:23.808+0000] {dagbag.py:538} INFO - Filling up the DagBag from /opt/airflow/dags/shopee_dags.py
[2026-05-15T13:47:23.824+0000] {processor.py:840} INFO - DAG(s) 'shopee_scraper' retrieved from /opt/airflow/dags/shopee_dags.py
[2026-05-15T13:47:23.838+0000] {logging_mixin.py:188} INFO - [2026-05-15T13:47:23.837+0000] {dag.py:3036} INFO - Sync 1 DAGs
[2026-05-15T13:47:23.860+0000] {logging_mixin.py:188} INFO - [2026-05-15T13:47:23.860+0000] {dag.py:3823} INFO - Setting next_dagrun for shopee_scraper to 2026-05-15 00:00:00+00:00, run_after=2026-05-16 00:00:00+00:00
[2026-05-15T13:47:23.893+0000] {processor.py:183} INFO - Processing /opt/airflow/dags/shopee_dags.py took 0.091 seconds
[2026-05-15T13:47:54.192+0000] {processor.py:161} INFO - Started process (PID=776) to work on /opt/airflow/dags/shopee_dags.py
[2026-05-15T13:47:54.193+0000] {processor.py:830} INFO - Processing file /opt/airflow/dags/shopee_dags.py for tasks to queue
[2026-05-15T13:47:54.193+0000] {logging_mixin.py:188} INFO - [2026-05-15T13:47:54.193+0000] {dagbag.py:538} INFO - Filling up the DagBag from /opt/airflow/dags/shopee_dags.py
[2026-05-15T13:47:54.214+0000] {processor.py:840} INFO - DAG(s) 'shopee_scraper' retrieved from /opt/airflow/dags/shopee_dags.py
[2026-05-15T13:47:54.312+0000] {logging_mixin.py:188} INFO - [2026-05-15T13:47:54.312+0000] {dag.py:3036} INFO - Sync 1 DAGs
[2026-05-15T13:47:54.330+0000] {logging_mixin.py:188} INFO - [2026-05-15T13:47:54.329+0000] {dag.py:3823} INFO - Setting next_dagrun for shopee_scraper to 2026-05-15 00:00:00+00:00, run_after=2026-05-16 00:00:00+00:00
[2026-05-15T13:47:54.348+0000] {processor.py:183} INFO - Processing /opt/airflow/dags/shopee_dags.py took 0.159 seconds
[2026-05-15T13:48:24.416+0000] {processor.py:161} INFO - Started process (PID=781) to work on /opt/airflow/dags/shopee_dags.py
[2026-05-15T13:48:24.417+0000] {processor.py:830} INFO - Processing file /opt/airflow/dags/shopee_dags.py for tasks to queue
[2026-05-15T13:48:24.417+0000] {logging_mixin.py:188} INFO - [2026-05-15T13:48:24.417+0000] {dagbag.py:538} INFO - Filling up the DagBag from /opt/airflow/dags/shopee_dags.py
[2026-05-15T13:48:24.433+0000] {processor.py:840} INFO - DAG(s) 'shopee_scraper' retrieved from /opt/airflow/dags/shopee_dags.py
[2026-05-15T13:48:24.447+0000] {logging_mixin.py:188} INFO - [2026-05-15T13:48:24.447+0000] {dag.py:3036} INFO - Sync 1 DAGs
[2026-05-15T13:48:24.470+0000] {logging_mixin.py:188} INFO - [2026-05-15T13:48:24.470+0000] {dag.py:3823} INFO - Setting next_dagrun for shopee_scraper to 2026-05-15 00:00:00+00:00, run_after=2026-05-16 00:00:00+00:00
[2026-05-15T13:48:24.490+0000] {processor.py:183} INFO - Processing /opt/airflow/dags/shopee_dags.py took 0.077 seconds
[2026-05-15T13:48:54.683+0000] {processor.py:161} INFO - Started process (PID=786) to work on /opt/airflow/dags/shopee_dags.py
[2026-05-15T13:48:54.684+0000] {processor.py:830} INFO - Processing file /opt/airflow/dags/shopee_dags.py for tasks to queue
[2026-05-15T13:48:54.685+0000] {logging_mixin.py:188} INFO - [2026-05-15T13:48:54.684+0000] {dagbag.py:538} INFO - Filling up the DagBag from /opt/airflow/dags/shopee_dags.py
[2026-05-15T13:48:54.700+0000] {processor.py:840} INFO - DAG(s) 'shopee_scraper' retrieved from /opt/airflow/dags/shopee_dags.py
[2026-05-15T13:48:54.793+0000] {logging_mixin.py:188} INFO - [2026-05-15T13:48:54.793+0000] {dag.py:3036} INFO - Sync 1 DAGs
[2026-05-15T13:48:54.813+0000] {logging_mixin.py:188} INFO - [2026-05-15T13:48:54.813+0000] {dag.py:3823} INFO - Setting next_dagrun for shopee_scraper to 2026-05-15 00:00:00+00:00, run_after=2026-05-16 00:00:00+00:00
[2026-05-15T13:48:54.843+0000] {processor.py:183} INFO - Processing /opt/airflow/dags/shopee_dags.py took 0.162 seconds
[2026-05-15T13:49:24.889+0000] {processor.py:161} INFO - Started process (PID=791) to work on /opt/airflow/dags/shopee_dags.py
[2026-05-15T13:49:24.890+0000] {processor.py:830} INFO - Processing file /opt/airflow/dags/shopee_dags.py for tasks to queue
[2026-05-15T13:49:24.891+0000] {logging_mixin.py:188} INFO - [2026-05-15T13:49:24.890+0000] {dagbag.py:538} INFO - Filling up the DagBag from /opt/airflow/dags/shopee_dags.py
[2026-05-15T13:49:24.912+0000] {processor.py:840} INFO - DAG(s) 'shopee_scraper' retrieved from /opt/airflow/dags/shopee_dags.py
[2026-05-15T13:49:24.928+0000] {logging_mixin.py:188} INFO - [2026-05-15T13:49:24.928+0000] {dag.py:3036} INFO - Sync 1 DAGs
[2026-05-15T13:49:24.954+0000] {logging_mixin.py:188} INFO - [2026-05-15T13:49:24.954+0000] {dag.py:3823} INFO - Setting next_dagrun for shopee_scraper to 2026-05-15 00:00:00+00:00, run_after=2026-05-16 00:00:00+00:00
[2026-05-15T13:49:24.986+0000] {processor.py:183} INFO - Processing /opt/airflow/dags/shopee_dags.py took 0.102 seconds
[2026-05-15T13:49:55.166+0000] {processor.py:161} INFO - Started process (PID=796) to work on /opt/airflow/dags/shopee_dags.py
[2026-05-15T13:49:55.167+0000] {processor.py:830} INFO - Processing file /opt/airflow/dags/shopee_dags.py for tasks to queue
[2026-05-15T13:49:55.168+0000] {logging_mixin.py:188} INFO - [2026-05-15T13:49:55.168+0000] {dagbag.py:538} INFO - Filling up the DagBag from /opt/airflow/dags/shopee_dags.py
[2026-05-15T13:49:55.183+0000] {processor.py:840} INFO - DAG(s) 'shopee_scraper' retrieved from /opt/airflow/dags/shopee_dags.py
[2026-05-15T13:49:55.288+0000] {logging_mixin.py:188} INFO - [2026-05-15T13:49:55.288+0000] {dag.py:3036} INFO - Sync 1 DAGs
[2026-05-15T13:49:55.306+0000] {logging_mixin.py:188} INFO - [2026-05-15T13:49:55.306+0000] {dag.py:3823} INFO - Setting next_dagrun for shopee_scraper to 2026-05-15 00:00:00+00:00, run_after=2026-05-16 00:00:00+00:00
[2026-05-15T13:49:55.328+0000] {processor.py:183} INFO - Processing /opt/airflow/dags/shopee_dags.py took 0.164 seconds
[2026-05-15T13:50:25.485+0000] {processor.py:161} INFO - Started process (PID=801) to work on /opt/airflow/dags/shopee_dags.py
[2026-05-15T13:50:25.486+0000] {processor.py:830} INFO - Processing file /opt/airflow/dags/shopee_dags.py for tasks to queue
[2026-05-15T13:50:25.487+0000] {logging_mixin.py:188} INFO - [2026-05-15T13:50:25.487+0000] {dagbag.py:538} INFO - Filling up the DagBag from /opt/airflow/dags/shopee_dags.py
[2026-05-15T13:50:25.509+0000] {processor.py:840} INFO - DAG(s) 'shopee_scraper' retrieved from /opt/airflow/dags/shopee_dags.py
[2026-05-15T13:50:25.542+0000] {logging_mixin.py:188} INFO - [2026-05-15T13:50:25.541+0000] {dag.py:3036} INFO - Sync 1 DAGs
[2026-05-15T13:50:25.566+0000] {logging_mixin.py:188} INFO - [2026-05-15T13:50:25.565+0000] {dag.py:3823} INFO - Setting next_dagrun for shopee_scraper to 2026-05-15 00:00:00+00:00, run_after=2026-05-16 00:00:00+00:00
[2026-05-15T13:50:25.586+0000] {processor.py:183} INFO - Processing /opt/airflow/dags/shopee_dags.py took 0.105 seconds
[2026-05-15T13:50:55.835+0000] {processor.py:161} INFO - Started process (PID=806) to work on /opt/airflow/dags/shopee_dags.py
[2026-05-15T13:50:55.836+0000] {processor.py:830} INFO - Processing file /opt/airflow/dags/shopee_dags.py for tasks to queue
[2026-05-15T13:50:55.837+0000] {logging_mixin.py:188} INFO - [2026-05-15T13:50:55.836+0000] {dagbag.py:538} INFO - Filling up the DagBag from /opt/airflow/dags/shopee_dags.py
[2026-05-15T13:50:55.854+0000] {processor.py:840} INFO - DAG(s) 'shopee_scraper' retrieved from /opt/airflow/dags/shopee_dags.py
[2026-05-15T13:50:55.868+0000] {logging_mixin.py:188} INFO - [2026-05-15T13:50:55.867+0000] {dag.py:3036} INFO - Sync 1 DAGs
[2026-05-15T13:50:55.892+0000] {logging_mixin.py:188} INFO - [2026-05-15T13:50:55.891+0000] {dag.py:3823} INFO - Setting next_dagrun for shopee_scraper to 2026-05-15 00:00:00+00:00, run_after=2026-05-16 00:00:00+00:00
[2026-05-15T13:50:55.912+0000] {processor.py:183} INFO - Processing /opt/airflow/dags/shopee_dags.py took 0.081 seconds
[2026-05-15T13:51:26.110+0000] {processor.py:161} INFO - Started process (PID=811) to work on /opt/airflow/dags/shopee_dags.py
[2026-05-15T13:51:26.113+0000] {processor.py:830} INFO - Processing file /opt/airflow/dags/shopee_dags.py for tasks to queue
[2026-05-15T13:51:26.114+0000] {logging_mixin.py:188} INFO - [2026-05-15T13:51:26.114+0000] {dagbag.py:538} INFO - Filling up the DagBag from /opt/airflow/dags/shopee_dags.py
[2026-05-15T13:51:26.132+0000] {processor.py:840} INFO - DAG(s) 'shopee_scraper' retrieved from /opt/airflow/dags/shopee_dags.py
[2026-05-15T13:51:26.239+0000] {logging_mixin.py:188} INFO - [2026-05-15T13:51:26.239+0000] {dag.py:3036} INFO - Sync 1 DAGs
[2026-05-15T13:51:26.263+0000] {logging_mixin.py:188} INFO - [2026-05-15T13:51:26.262+0000] {dag.py:3823} INFO - Setting next_dagrun for shopee_scraper to 2026-05-15 00:00:00+00:00, run_after=2026-05-16 00:00:00+00:00
[2026-05-15T13:51:26.284+0000] {processor.py:183} INFO - Processing /opt/airflow/dags/shopee_dags.py took 0.179 seconds
[2026-05-15T13:51:56.340+0000] {processor.py:161} INFO - Started process (PID=816) to work on /opt/airflow/dags/shopee_dags.py
[2026-05-15T13:51:56.340+0000] {processor.py:830} INFO - Processing file /opt/airflow/dags/shopee_dags.py for tasks to queue
[2026-05-15T13:51:56.341+0000] {logging_mixin.py:188} INFO - [2026-05-15T13:51:56.341+0000] {dagbag.py:538} INFO - Filling up the DagBag from /opt/airflow/dags/shopee_dags.py
[2026-05-15T13:51:56.361+0000] {processor.py:840} INFO - DAG(s) 'shopee_scraper' retrieved from /opt/airflow/dags/shopee_dags.py
[2026-05-15T13:51:56.382+0000] {logging_mixin.py:188} INFO - [2026-05-15T13:51:56.382+0000] {dag.py:3036} INFO - Sync 1 DAGs
[2026-05-15T13:51:56.406+0000] {logging_mixin.py:188} INFO - [2026-05-15T13:51:56.406+0000] {dag.py:3823} INFO - Setting next_dagrun for shopee_scraper to 2026-05-15 00:00:00+00:00, run_after=2026-05-16 00:00:00+00:00
[2026-05-15T13:51:56.427+0000] {processor.py:183} INFO - Processing /opt/airflow/dags/shopee_dags.py took 0.090 seconds
[2026-05-15T13:52:26.583+0000] {processor.py:161} INFO - Started process (PID=821) to work on /opt/airflow/dags/shopee_dags.py
[2026-05-15T13:52:26.584+0000] {processor.py:830} INFO - Processing file /opt/airflow/dags/shopee_dags.py for tasks to queue
[2026-05-15T13:52:26.585+0000] {logging_mixin.py:188} INFO - [2026-05-15T13:52:26.584+0000] {dagbag.py:538} INFO - Filling up the DagBag from /opt/airflow/dags/shopee_dags.py
[2026-05-15T13:52:26.603+0000] {processor.py:840} INFO - DAG(s) 'shopee_scraper' retrieved from /opt/airflow/dags/shopee_dags.py
[2026-05-15T13:52:26.735+0000] {logging_mixin.py:188} INFO - [2026-05-15T13:52:26.735+0000] {dag.py:3036} INFO - Sync 1 DAGs
[2026-05-15T13:52:26.768+0000] {logging_mixin.py:188} INFO - [2026-05-15T13:52:26.768+0000] {dag.py:3823} INFO - Setting next_dagrun for shopee_scraper to 2026-05-15 00:00:00+00:00, run_after=2026-05-16 00:00:00+00:00
[2026-05-15T13:52:26.791+0000] {processor.py:183} INFO - Processing /opt/airflow/dags/shopee_dags.py took 0.211 seconds
[2026-05-15T13:52:56.997+0000] {processor.py:161} INFO - Started process (PID=826) to work on /opt/airflow/dags/shopee_dags.py
[2026-05-15T13:52:56.998+0000] {processor.py:830} INFO - Processing file /opt/airflow/dags/shopee_dags.py for tasks to queue
[2026-05-15T13:52:56.999+0000] {logging_mixin.py:188} INFO - [2026-05-15T13:52:56.999+0000] {dagbag.py:538} INFO - Filling up the DagBag from /opt/airflow/dags/shopee_dags.py
[2026-05-15T13:52:57.016+0000] {processor.py:840} INFO - DAG(s) 'shopee_scraper' retrieved from /opt/airflow/dags/shopee_dags.py
[2026-05-15T13:52:57.031+0000] {logging_mixin.py:188} INFO - [2026-05-15T13:52:57.031+0000] {dag.py:3036} INFO - Sync 1 DAGs
[2026-05-15T13:52:57.053+0000] {logging_mixin.py:188} INFO - [2026-05-15T13:52:57.053+0000] {dag.py:3823} INFO - Setting next_dagrun for shopee_scraper to 2026-05-15 00:00:00+00:00, run_after=2026-05-16 00:00:00+00:00
[2026-05-15T13:52:57.071+0000] {processor.py:183} INFO - Processing /opt/airflow/dags/shopee_dags.py took 0.077 seconds
[2026-05-15T13:53:27.175+0000] {processor.py:161} INFO - Started process (PID=831) to work on /opt/airflow/dags/shopee_dags.py
[2026-05-15T13:53:27.176+0000] {processor.py:830} INFO - Processing file /opt/airflow/dags/shopee_dags.py for tasks to queue
[2026-05-15T13:53:27.177+0000] {logging_mixin.py:188} INFO - [2026-05-15T13:53:27.177+0000] {dagbag.py:538} INFO - Filling up the DagBag from /opt/airflow/dags/shopee_dags.py
[2026-05-15T13:53:27.198+0000] {processor.py:840} INFO - DAG(s) 'shopee_scraper' retrieved from /opt/airflow/dags/shopee_dags.py
[2026-05-15T13:53:27.322+0000] {logging_mixin.py:188} INFO - [2026-05-15T13:53:27.322+0000] {dag.py:3036} INFO - Sync 1 DAGs
[2026-05-15T13:53:27.343+0000] {logging_mixin.py:188} INFO - [2026-05-15T13:53:27.343+0000] {dag.py:3823} INFO - Setting next_dagrun for shopee_scraper to 2026-05-15 00:00:00+00:00, run_after=2026-05-16 00:00:00+00:00
[2026-05-15T13:53:27.387+0000] {processor.py:183} INFO - Processing /opt/airflow/dags/shopee_dags.py took 0.216 seconds
[2026-05-15T13:53:57.466+0000] {processor.py:161} INFO - Started process (PID=836) to work on /opt/airflow/dags/shopee_dags.py
[2026-05-15T13:53:57.468+0000] {processor.py:830} INFO - Processing file /opt/airflow/dags/shopee_dags.py for tasks to queue
[2026-05-15T13:53:57.470+0000] {logging_mixin.py:188} INFO - [2026-05-15T13:53:57.469+0000] {dagbag.py:538} INFO - Filling up the DagBag from /opt/airflow/dags/shopee_dags.py
[2026-05-15T13:53:57.502+0000] {processor.py:840} INFO - DAG(s) 'shopee_scraper' retrieved from /opt/airflow/dags/shopee_dags.py
[2026-05-15T13:53:57.522+0000] {logging_mixin.py:188} INFO - [2026-05-15T13:53:57.522+0000] {dag.py:3036} INFO - Sync 1 DAGs
[2026-05-15T13:53:57.557+0000] {logging_mixin.py:188} INFO - [2026-05-15T13:53:57.557+0000] {dag.py:3823} INFO - Setting next_dagrun for shopee_scraper to 2026-05-15 00:00:00+00:00, run_after=2026-05-16 00:00:00+00:00
[2026-05-15T13:53:57.586+0000] {processor.py:183} INFO - Processing /opt/airflow/dags/shopee_dags.py took 0.124 seconds
[2026-05-15T13:54:27.748+0000] {processor.py:161} INFO - Started process (PID=841) to work on /opt/airflow/dags/shopee_dags.py
[2026-05-15T13:54:27.749+0000] {processor.py:830} INFO - Processing file /opt/airflow/dags/shopee_dags.py for tasks to queue
[2026-05-15T13:54:27.750+0000] {logging_mixin.py:188} INFO - [2026-05-15T13:54:27.750+0000] {dagbag.py:538} INFO - Filling up the DagBag from /opt/airflow/dags/shopee_dags.py
[2026-05-15T13:54:27.769+0000] {processor.py:840} INFO - DAG(s) 'shopee_scraper' retrieved from /opt/airflow/dags/shopee_dags.py
[2026-05-15T13:54:27.784+0000] {logging_mixin.py:188} INFO - [2026-05-15T13:54:27.784+0000] {dag.py:3036} INFO - Sync 1 DAGs
[2026-05-15T13:54:27.811+0000] {logging_mixin.py:188} INFO - [2026-05-15T13:54:27.810+0000] {dag.py:3823} INFO - Setting next_dagrun for shopee_scraper to 2026-05-15 00:00:00+00:00, run_after=2026-05-16 00:00:00+00:00
[2026-05-15T13:54:27.832+0000] {processor.py:183} INFO - Processing /opt/airflow/dags/shopee_dags.py took 0.087 seconds
[2026-05-15T13:54:57.963+0000] {processor.py:161} INFO - Started process (PID=846) to work on /opt/airflow/dags/shopee_dags.py
[2026-05-15T13:54:57.964+0000] {processor.py:830} INFO - Processing file /opt/airflow/dags/shopee_dags.py for tasks to queue
[2026-05-15T13:54:57.966+0000] {logging_mixin.py:188} INFO - [2026-05-15T13:54:57.965+0000] {dagbag.py:538} INFO - Filling up the DagBag from /opt/airflow/dags/shopee_dags.py
[2026-05-15T13:54:57.990+0000] {processor.py:840} INFO - DAG(s) 'shopee_scraper' retrieved from /opt/airflow/dags/shopee_dags.py
[2026-05-15T13:54:58.013+0000] {logging_mixin.py:188} INFO - [2026-05-15T13:54:58.012+0000] {dag.py:3036} INFO - Sync 1 DAGs
[2026-05-15T13:54:58.079+0000] {logging_mixin.py:188} INFO - [2026-05-15T13:54:58.079+0000] {dag.py:3823} INFO - Setting next_dagrun for shopee_scraper to 2026-05-15 00:00:00+00:00, run_after=2026-05-16 00:00:00+00:00
[2026-05-15T13:54:58.110+0000] {processor.py:183} INFO - Processing /opt/airflow/dags/shopee_dags.py took 0.152 seconds
[2026-05-15T13:55:28.247+0000] {processor.py:161} INFO - Started process (PID=851) to work on /opt/airflow/dags/shopee_dags.py
[2026-05-15T13:55:28.249+0000] {processor.py:830} INFO - Processing file /opt/airflow/dags/shopee_dags.py for tasks to queue
[2026-05-15T13:55:28.250+0000] {logging_mixin.py:188} INFO - [2026-05-15T13:55:28.250+0000] {dagbag.py:538} INFO - Filling up the DagBag from /opt/airflow/dags/shopee_dags.py
[2026-05-15T13:55:28.276+0000] {processor.py:840} INFO - DAG(s) 'shopee_scraper' retrieved from /opt/airflow/dags/shopee_dags.py
[2026-05-15T13:55:28.320+0000] {logging_mixin.py:188} INFO - [2026-05-15T13:55:28.319+0000] {dag.py:3036} INFO - Sync 1 DAGs
[2026-05-15T13:55:28.389+0000] {logging_mixin.py:188} INFO - [2026-05-15T13:55:28.388+0000] {dag.py:3823} INFO - Setting next_dagrun for shopee_scraper to 2026-05-15 00:00:00+00:00, run_after=2026-05-16 00:00:00+00:00
[2026-05-15T13:55:28.420+0000] {processor.py:183} INFO - Processing /opt/airflow/dags/shopee_dags.py took 0.177 seconds
[2026-05-15T13:55:58.573+0000] {processor.py:161} INFO - Started process (PID=856) to work on /opt/airflow/dags/shopee_dags.py
[2026-05-15T13:55:58.575+0000] {processor.py:830} INFO - Processing file /opt/airflow/dags/shopee_dags.py for tasks to queue
[2026-05-15T13:55:58.579+0000] {logging_mixin.py:188} INFO - [2026-05-15T13:55:58.578+0000] {dagbag.py:538} INFO - Filling up the DagBag from /opt/airflow/dags/shopee_dags.py
[2026-05-15T13:55:58.671+0000] {processor.py:840} INFO - DAG(s) 'shopee_scraper' retrieved from /opt/airflow/dags/shopee_dags.py
[2026-05-15T13:55:58.707+0000] {logging_mixin.py:188} INFO - [2026-05-15T13:55:58.706+0000] {dag.py:3036} INFO - Sync 1 DAGs
[2026-05-15T13:55:58.785+0000] {logging_mixin.py:188} INFO - [2026-05-15T13:55:58.784+0000] {dag.py:3823} INFO - Setting next_dagrun for shopee_scraper to 2026-05-15 00:00:00+00:00, run_after=2026-05-16 00:00:00+00:00
[2026-05-15T13:55:58.830+0000] {processor.py:183} INFO - Processing /opt/airflow/dags/shopee_dags.py took 0.272 seconds
[2026-05-15T13:56:29.155+0000] {processor.py:161} INFO - Started process (PID=861) to work on /opt/airflow/dags/shopee_dags.py
[2026-05-15T13:56:29.178+0000] {processor.py:830} INFO - Processing file /opt/airflow/dags/shopee_dags.py for tasks to queue
[2026-05-15T13:56:29.180+0000] {logging_mixin.py:188} INFO - [2026-05-15T13:56:29.180+0000] {dagbag.py:538} INFO - Filling up the DagBag from /opt/airflow/dags/shopee_dags.py
[2026-05-15T13:56:29.217+0000] {processor.py:840} INFO - DAG(s) 'shopee_scraper' retrieved from /opt/airflow/dags/shopee_dags.py
[2026-05-15T13:56:29.249+0000] {logging_mixin.py:188} INFO - [2026-05-15T13:56:29.249+0000] {dag.py:3036} INFO - Sync 1 DAGs
[2026-05-15T13:56:30.491+0000] {logging_mixin.py:188} INFO - [2026-05-15T13:56:30.491+0000] {dag.py:3823} INFO - Setting next_dagrun for shopee_scraper to 2026-05-15 00:00:00+00:00, run_after=2026-05-16 00:00:00+00:00
[2026-05-15T13:56:30.874+0000] {processor.py:183} INFO - Processing /opt/airflow/dags/shopee_dags.py took 1.814 seconds
[2026-05-15T13:57:01.136+0000] {processor.py:161} INFO - Started process (PID=866) to work on /opt/airflow/dags/shopee_dags.py
[2026-05-15T13:57:01.138+0000] {processor.py:830} INFO - Processing file /opt/airflow/dags/shopee_dags.py for tasks to queue
[2026-05-15T13:57:01.140+0000] {logging_mixin.py:188} INFO - [2026-05-15T13:57:01.139+0000] {dagbag.py:538} INFO - Filling up the DagBag from /opt/airflow/dags/shopee_dags.py
[2026-05-15T13:57:01.196+0000] {processor.py:840} INFO - DAG(s) 'shopee_scraper' retrieved from /opt/airflow/dags/shopee_dags.py
[2026-05-15T13:57:01.229+0000] {logging_mixin.py:188} INFO - [2026-05-15T13:57:01.228+0000] {dag.py:3036} INFO - Sync 1 DAGs
[2026-05-15T13:57:01.274+0000] {logging_mixin.py:188} INFO - [2026-05-15T13:57:01.274+0000] {dag.py:3823} INFO - Setting next_dagrun for shopee_scraper to 2026-05-15 00:00:00+00:00, run_after=2026-05-16 00:00:00+00:00
[2026-05-15T13:57:01.322+0000] {processor.py:183} INFO - Processing /opt/airflow/dags/shopee_dags.py took 0.191 seconds
[2026-05-15T13:57:31.469+0000] {processor.py:161} INFO - Started process (PID=871) to work on /opt/airflow/dags/shopee_dags.py
[2026-05-15T13:57:31.470+0000] {processor.py:830} INFO - Processing file /opt/airflow/dags/shopee_dags.py for tasks to queue
[2026-05-15T13:57:31.472+0000] {logging_mixin.py:188} INFO - [2026-05-15T13:57:31.472+0000] {dagbag.py:538} INFO - Filling up the DagBag from /opt/airflow/dags/shopee_dags.py
[2026-05-15T13:57:31.502+0000] {processor.py:840} INFO - DAG(s) 'shopee_scraper' retrieved from /opt/airflow/dags/shopee_dags.py
[2026-05-15T13:57:31.563+0000] {logging_mixin.py:188} INFO - [2026-05-15T13:57:31.563+0000] {dag.py:3036} INFO - Sync 1 DAGs
[2026-05-15T13:57:31.738+0000] {logging_mixin.py:188} INFO - [2026-05-15T13:57:31.738+0000] {dag.py:3823} INFO - Setting next_dagrun for shopee_scraper to 2026-05-15 00:00:00+00:00, run_after=2026-05-16 00:00:00+00:00
[2026-05-15T13:57:31.776+0000] {processor.py:183} INFO - Processing /opt/airflow/dags/shopee_dags.py took 0.312 seconds
[2026-05-15T13:58:02.008+0000] {processor.py:161} INFO - Started process (PID=876) to work on /opt/airflow/dags/shopee_dags.py
[2026-05-15T13:58:02.013+0000] {processor.py:830} INFO - Processing file /opt/airflow/dags/shopee_dags.py for tasks to queue
[2026-05-15T13:58:02.015+0000] {logging_mixin.py:188} INFO - [2026-05-15T13:58:02.014+0000] {dagbag.py:538} INFO - Filling up the DagBag from /opt/airflow/dags/shopee_dags.py
[2026-05-15T13:58:02.051+0000] {processor.py:840} INFO - DAG(s) 'shopee_scraper' retrieved from /opt/airflow/dags/shopee_dags.py
[2026-05-15T13:58:02.075+0000] {logging_mixin.py:188} INFO - [2026-05-15T13:58:02.075+0000] {dag.py:3036} INFO - Sync 1 DAGs
[2026-05-15T13:58:02.120+0000] {logging_mixin.py:188} INFO - [2026-05-15T13:58:02.119+0000] {dag.py:3823} INFO - Setting next_dagrun for shopee_scraper to 2026-05-15 00:00:00+00:00, run_after=2026-05-16 00:00:00+00:00
[2026-05-15T13:58:02.152+0000] {processor.py:183} INFO - Processing /opt/airflow/dags/shopee_dags.py took 0.149 seconds
[2026-05-15T13:58:32.333+0000] {processor.py:161} INFO - Started process (PID=881) to work on /opt/airflow/dags/shopee_dags.py
[2026-05-15T13:58:32.335+0000] {processor.py:830} INFO - Processing file /opt/airflow/dags/shopee_dags.py for tasks to queue
[2026-05-15T13:58:32.336+0000] {logging_mixin.py:188} INFO - [2026-05-15T13:58:32.336+0000] {dagbag.py:538} INFO - Filling up the DagBag from /opt/airflow/dags/shopee_dags.py
[2026-05-15T13:58:32.360+0000] {processor.py:840} INFO - DAG(s) 'shopee_scraper' retrieved from /opt/airflow/dags/shopee_dags.py
[2026-05-15T13:58:32.381+0000] {logging_mixin.py:188} INFO - [2026-05-15T13:58:32.380+0000] {dag.py:3036} INFO - Sync 1 DAGs
[2026-05-15T13:58:32.415+0000] {logging_mixin.py:188} INFO - [2026-05-15T13:58:32.415+0000] {dag.py:3823} INFO - Setting next_dagrun for shopee_scraper to 2026-05-15 00:00:00+00:00, run_after=2026-05-16 00:00:00+00:00
[2026-05-15T13:58:32.444+0000] {processor.py:183} INFO - Processing /opt/airflow/dags/shopee_dags.py took 0.114 seconds
[2026-05-15T13:59:02.505+0000] {processor.py:161} INFO - Started process (PID=886) to work on /opt/airflow/dags/shopee_dags.py
[2026-05-15T13:59:02.506+0000] {processor.py:830} INFO - Processing file /opt/airflow/dags/shopee_dags.py for tasks to queue
[2026-05-15T13:59:02.508+0000] {logging_mixin.py:188} INFO - [2026-05-15T13:59:02.508+0000] {dagbag.py:538} INFO - Filling up the DagBag from /opt/airflow/dags/shopee_dags.py
[2026-05-15T13:59:02.540+0000] {processor.py:840} INFO - DAG(s) 'shopee_scraper' retrieved from /opt/airflow/dags/shopee_dags.py
[2026-05-15T13:59:02.567+0000] {logging_mixin.py:188} INFO - [2026-05-15T13:59:02.567+0000] {dag.py:3036} INFO - Sync 1 DAGs
[2026-05-15T13:59:02.618+0000] {logging_mixin.py:188} INFO - [2026-05-15T13:59:02.618+0000] {dag.py:3823} INFO - Setting next_dagrun for shopee_scraper to 2026-05-15 00:00:00+00:00, run_after=2026-05-16 00:00:00+00:00
[2026-05-15T13:59:02.672+0000] {processor.py:183} INFO - Processing /opt/airflow/dags/shopee_dags.py took 0.172 seconds
[2026-05-15T13:59:32.838+0000] {processor.py:161} INFO - Started process (PID=891) to work on /opt/airflow/dags/shopee_dags.py
[2026-05-15T13:59:32.840+0000] {processor.py:830} INFO - Processing file /opt/airflow/dags/shopee_dags.py for tasks to queue
[2026-05-15T13:59:32.841+0000] {logging_mixin.py:188} INFO - [2026-05-15T13:59:32.840+0000] {dagbag.py:538} INFO - Filling up the DagBag from /opt/airflow/dags/shopee_dags.py
[2026-05-15T13:59:32.870+0000] {processor.py:840} INFO - DAG(s) 'shopee_scraper' retrieved from /opt/airflow/dags/shopee_dags.py
[2026-05-15T13:59:32.892+0000] {logging_mixin.py:188} INFO - [2026-05-15T13:59:32.892+0000] {dag.py:3036} INFO - Sync 1 DAGs
[2026-05-15T13:59:32.924+0000] {logging_mixin.py:188} INFO - [2026-05-15T13:59:32.924+0000] {dag.py:3823} INFO - Setting next_dagrun for shopee_scraper to 2026-05-15 00:00:00+00:00, run_after=2026-05-16 00:00:00+00:00
[2026-05-15T13:59:32.953+0000] {processor.py:183} INFO - Processing /opt/airflow/dags/shopee_dags.py took 0.119 seconds
[2026-05-15T14:00:03.755+0000] {processor.py:161} INFO - Started process (PID=896) to work on /opt/airflow/dags/shopee_dags.py
[2026-05-15T14:00:03.763+0000] {processor.py:830} INFO - Processing file /opt/airflow/dags/shopee_dags.py for tasks to queue
[2026-05-15T14:00:03.771+0000] {logging_mixin.py:188} INFO - [2026-05-15T14:00:03.767+0000] {dagbag.py:538} INFO - Filling up the DagBag from /opt/airflow/dags/shopee_dags.py
[2026-05-15T14:00:03.860+0000] {processor.py:840} INFO - DAG(s) 'shopee_scraper' retrieved from /opt/airflow/dags/shopee_dags.py
[2026-05-15T14:00:03.904+0000] {logging_mixin.py:188} INFO - [2026-05-15T14:00:03.904+0000] {dag.py:3036} INFO - Sync 1 DAGs
[2026-05-15T14:00:03.971+0000] {logging_mixin.py:188} INFO - [2026-05-15T14:00:03.971+0000] {dag.py:3823} INFO - Setting next_dagrun for shopee_scraper to 2026-05-15 00:00:00+00:00, run_after=2026-05-16 00:00:00+00:00
[2026-05-15T14:00:04.009+0000] {processor.py:183} INFO - Processing /opt/airflow/dags/shopee_dags.py took 0.275 seconds
[2026-05-15T14:00:34.322+0000] {processor.py:161} INFO - Started process (PID=901) to work on /opt/airflow/dags/shopee_dags.py
[2026-05-15T14:00:34.324+0000] {processor.py:830} INFO - Processing file /opt/airflow/dags/shopee_dags.py for tasks to queue
[2026-05-15T14:00:34.327+0000] {logging_mixin.py:188} INFO - [2026-05-15T14:00:34.326+0000] {dagbag.py:538} INFO - Filling up the DagBag from /opt/airflow/dags/shopee_dags.py
[2026-05-15T14:00:34.406+0000] {processor.py:840} INFO - DAG(s) 'shopee_scraper' retrieved from /opt/airflow/dags/shopee_dags.py
[2026-05-15T14:00:34.471+0000] {logging_mixin.py:188} INFO - [2026-05-15T14:00:34.470+0000] {dag.py:3036} INFO - Sync 1 DAGs
[2026-05-15T14:00:34.542+0000] {logging_mixin.py:188} INFO - [2026-05-15T14:00:34.541+0000] {dag.py:3823} INFO - Setting next_dagrun for shopee_scraper to 2026-05-15 00:00:00+00:00, run_after=2026-05-16 00:00:00+00:00
[2026-05-15T14:00:34.585+0000] {processor.py:183} INFO - Processing /opt/airflow/dags/shopee_dags.py took 0.294 seconds
[2026-05-15T14:01:05.426+0000] {processor.py:161} INFO - Started process (PID=906) to work on /opt/airflow/dags/shopee_dags.py
[2026-05-15T14:01:05.427+0000] {processor.py:830} INFO - Processing file /opt/airflow/dags/shopee_dags.py for tasks to queue
[2026-05-15T14:01:05.430+0000] {logging_mixin.py:188} INFO - [2026-05-15T14:01:05.429+0000] {dagbag.py:538} INFO - Filling up the DagBag from /opt/airflow/dags/shopee_dags.py
[2026-05-15T14:01:05.490+0000] {processor.py:840} INFO - DAG(s) 'shopee_scraper' retrieved from /opt/airflow/dags/shopee_dags.py
[2026-05-15T14:01:06.265+0000] {logging_mixin.py:188} INFO - [2026-05-15T14:01:06.265+0000] {dag.py:3036} INFO - Sync 1 DAGs
[2026-05-15T14:01:06.515+0000] {logging_mixin.py:188} INFO - [2026-05-15T14:01:06.514+0000] {dag.py:3823} INFO - Setting next_dagrun for shopee_scraper to 2026-05-15 00:00:00+00:00, run_after=2026-05-16 00:00:00+00:00
[2026-05-15T14:01:06.574+0000] {processor.py:183} INFO - Processing /opt/airflow/dags/shopee_dags.py took 1.155 seconds
[2026-05-15T14:01:36.898+0000] {processor.py:161} INFO - Started process (PID=911) to work on /opt/airflow/dags/shopee_dags.py
[2026-05-15T14:01:36.900+0000] {processor.py:830} INFO - Processing file /opt/airflow/dags/shopee_dags.py for tasks to queue
[2026-05-15T14:01:36.901+0000] {logging_mixin.py:188} INFO - [2026-05-15T14:01:36.901+0000] {dagbag.py:538} INFO - Filling up the DagBag from /opt/airflow/dags/shopee_dags.py
[2026-05-15T14:01:37.624+0000] {processor.py:840} INFO - DAG(s) 'shopee_scraper' retrieved from /opt/airflow/dags/shopee_dags.py
[2026-05-15T14:01:48.126+0000] {logging_mixin.py:188} INFO - [2026-05-15T14:01:48.125+0000] {dag.py:3036} INFO - Sync 1 DAGs
[2026-05-15T14:01:49.395+0000] {logging_mixin.py:188} INFO - [2026-05-15T14:01:49.394+0000] {dag.py:3823} INFO - Setting next_dagrun for shopee_scraper to 2026-05-15 00:00:00+00:00, run_after=2026-05-16 00:00:00+00:00
[2026-05-15T14:01:49.621+0000] {processor.py:183} INFO - Processing /opt/airflow/dags/shopee_dags.py took 12.801 seconds
[2026-05-15T14:02:19.888+0000] {processor.py:161} INFO - Started process (PID=916) to work on /opt/airflow/dags/shopee_dags.py
[2026-05-15T14:02:19.892+0000] {processor.py:830} INFO - Processing file /opt/airflow/dags/shopee_dags.py for tasks to queue
[2026-05-15T14:02:19.902+0000] {logging_mixin.py:188} INFO - [2026-05-15T14:02:19.895+0000] {dagbag.py:538} INFO - Filling up the DagBag from /opt/airflow/dags/shopee_dags.py
[2026-05-15T14:02:19.973+0000] {processor.py:840} INFO - DAG(s) 'shopee_scraper' retrieved from /opt/airflow/dags/shopee_dags.py
[2026-05-15T14:02:20.071+0000] {logging_mixin.py:188} INFO - [2026-05-15T14:02:20.070+0000] {dag.py:3036} INFO - Sync 1 DAGs
[2026-05-15T14:02:20.127+0000] {logging_mixin.py:188} INFO - [2026-05-15T14:02:20.127+0000] {dag.py:3823} INFO - Setting next_dagrun for shopee_scraper to 2026-05-15 00:00:00+00:00, run_after=2026-05-16 00:00:00+00:00
[2026-05-15T14:02:20.171+0000] {processor.py:183} INFO - Processing /opt/airflow/dags/shopee_dags.py took 0.306 seconds
[2026-05-15T14:02:50.380+0000] {processor.py:161} INFO - Started process (PID=921) to work on /opt/airflow/dags/shopee_dags.py
[2026-05-15T14:02:50.381+0000] {processor.py:830} INFO - Processing file /opt/airflow/dags/shopee_dags.py for tasks to queue
[2026-05-15T14:02:50.383+0000] {logging_mixin.py:188} INFO - [2026-05-15T14:02:50.382+0000] {dagbag.py:538} INFO - Filling up the DagBag from /opt/airflow/dags/shopee_dags.py
[2026-05-15T14:02:50.406+0000] {processor.py:840} INFO - DAG(s) 'shopee_scraper' retrieved from /opt/airflow/dags/shopee_dags.py
[2026-05-15T14:02:50.425+0000] {logging_mixin.py:188} INFO - [2026-05-15T14:02:50.425+0000] {dag.py:3036} INFO - Sync 1 DAGs
[2026-05-15T14:02:50.455+0000] {logging_mixin.py:188} INFO - [2026-05-15T14:02:50.455+0000] {dag.py:3823} INFO - Setting next_dagrun for shopee_scraper to 2026-05-15 00:00:00+00:00, run_after=2026-05-16 00:00:00+00:00
[2026-05-15T14:02:50.485+0000] {processor.py:183} INFO - Processing /opt/airflow/dags/shopee_dags.py took 0.109 seconds
[2026-05-15T14:03:20.569+0000] {processor.py:161} INFO - Started process (PID=926) to work on /opt/airflow/dags/shopee_dags.py
[2026-05-15T14:03:20.571+0000] {processor.py:830} INFO - Processing file /opt/airflow/dags/shopee_dags.py for tasks to queue
[2026-05-15T14:03:20.572+0000] {logging_mixin.py:188} INFO - [2026-05-15T14:03:20.572+0000] {dagbag.py:538} INFO - Filling up the DagBag from /opt/airflow/dags/shopee_dags.py
[2026-05-15T14:03:20.611+0000] {processor.py:840} INFO - DAG(s) 'shopee_scraper' retrieved from /opt/airflow/dags/shopee_dags.py
[2026-05-15T14:03:20.634+0000] {logging_mixin.py:188} INFO - [2026-05-15T14:03:20.633+0000] {dag.py:3036} INFO - Sync 1 DAGs
[2026-05-15T14:03:20.670+0000] {logging_mixin.py:188} INFO - [2026-05-15T14:03:20.670+0000] {dag.py:3823} INFO - Setting next_dagrun for shopee_scraper to 2026-05-15 00:00:00+00:00, run_after=2026-05-16 00:00:00+00:00
[2026-05-15T14:03:20.700+0000] {processor.py:183} INFO - Processing /opt/airflow/dags/shopee_dags.py took 0.136 seconds
[2026-05-15T14:03:50.888+0000] {processor.py:161} INFO - Started process (PID=931) to work on /opt/airflow/dags/shopee_dags.py
[2026-05-15T14:03:50.890+0000] {processor.py:830} INFO - Processing file /opt/airflow/dags/shopee_dags.py for tasks to queue
[2026-05-15T14:03:50.892+0000] {logging_mixin.py:188} INFO - [2026-05-15T14:03:50.891+0000] {dagbag.py:538} INFO - Filling up the DagBag from /opt/airflow/dags/shopee_dags.py
[2026-05-15T14:03:50.919+0000] {processor.py:840} INFO - DAG(s) 'shopee_scraper' retrieved from /opt/airflow/dags/shopee_dags.py
[2026-05-15T14:03:50.942+0000] {logging_mixin.py:188} INFO - [2026-05-15T14:03:50.942+0000] {dag.py:3036} INFO - Sync 1 DAGs
[2026-05-15T14:03:50.985+0000] {logging_mixin.py:188} INFO - [2026-05-15T14:03:50.985+0000] {dag.py:3823} INFO - Setting next_dagrun for shopee_scraper to 2026-05-15 00:00:00+00:00, run_after=2026-05-16 00:00:00+00:00
[2026-05-15T14:03:51.019+0000] {processor.py:183} INFO - Processing /opt/airflow/dags/shopee_dags.py took 0.137 seconds
[2026-05-15T14:04:21.118+0000] {processor.py:161} INFO - Started process (PID=936) to work on /opt/airflow/dags/shopee_dags.py
[2026-05-15T14:04:21.123+0000] {processor.py:830} INFO - Processing file /opt/airflow/dags/shopee_dags.py for tasks to queue
[2026-05-15T14:04:21.125+0000] {logging_mixin.py:188} INFO - [2026-05-15T14:04:21.125+0000] {dagbag.py:538} INFO - Filling up the DagBag from /opt/airflow/dags/shopee_dags.py
[2026-05-15T14:04:21.160+0000] {processor.py:840} INFO - DAG(s) 'shopee_scraper' retrieved from /opt/airflow/dags/shopee_dags.py
[2026-05-15T14:04:21.193+0000] {logging_mixin.py:188} INFO - [2026-05-15T14:04:21.192+0000] {dag.py:3036} INFO - Sync 1 DAGs
[2026-05-15T14:04:21.234+0000] {logging_mixin.py:188} INFO - [2026-05-15T14:04:21.234+0000] {dag.py:3823} INFO - Setting next_dagrun for shopee_scraper to 2026-05-15 00:00:00+00:00, run_after=2026-05-16 00:00:00+00:00
[2026-05-15T14:04:21.267+0000] {processor.py:183} INFO - Processing /opt/airflow/dags/shopee_dags.py took 0.166 seconds
[2026-05-15T14:04:51.395+0000] {processor.py:161} INFO - Started process (PID=941) to work on /opt/airflow/dags/shopee_dags.py
[2026-05-15T14:04:51.397+0000] {processor.py:830} INFO - Processing file /opt/airflow/dags/shopee_dags.py for tasks to queue
[2026-05-15T14:04:51.399+0000] {logging_mixin.py:188} INFO - [2026-05-15T14:04:51.398+0000] {dagbag.py:538} INFO - Filling up the DagBag from /opt/airflow/dags/shopee_dags.py
[2026-05-15T14:04:51.425+0000] {processor.py:840} INFO - DAG(s) 'shopee_scraper' retrieved from /opt/airflow/dags/shopee_dags.py
[2026-05-15T14:04:51.443+0000] {logging_mixin.py:188} INFO - [2026-05-15T14:04:51.443+0000] {dag.py:3036} INFO - Sync 1 DAGs
[2026-05-15T14:04:51.481+0000] {logging_mixin.py:188} INFO - [2026-05-15T14:04:51.480+0000] {dag.py:3823} INFO - Setting next_dagrun for shopee_scraper to 2026-05-15 00:00:00+00:00, run_after=2026-05-16 00:00:00+00:00
[2026-05-15T14:04:51.509+0000] {processor.py:183} INFO - Processing /opt/airflow/dags/shopee_dags.py took 0.120 seconds
[2026-05-15T14:05:21.644+0000] {processor.py:161} INFO - Started process (PID=946) to work on /opt/airflow/dags/shopee_dags.py
[2026-05-15T14:05:21.646+0000] {processor.py:830} INFO - Processing file /opt/airflow/dags/shopee_dags.py for tasks to queue
[2026-05-15T14:05:21.647+0000] {logging_mixin.py:188} INFO - [2026-05-15T14:05:21.647+0000] {dagbag.py:538} INFO - Filling up the DagBag from /opt/airflow/dags/shopee_dags.py
[2026-05-15T14:05:21.681+0000] {processor.py:840} INFO - DAG(s) 'shopee_scraper' retrieved from /opt/airflow/dags/shopee_dags.py
[2026-05-15T14:05:21.703+0000] {logging_mixin.py:188} INFO - [2026-05-15T14:05:21.702+0000] {dag.py:3036} INFO - Sync 1 DAGs
[2026-05-15T14:05:21.735+0000] {logging_mixin.py:188} INFO - [2026-05-15T14:05:21.735+0000] {dag.py:3823} INFO - Setting next_dagrun for shopee_scraper to 2026-05-15 00:00:00+00:00, run_after=2026-05-16 00:00:00+00:00
[2026-05-15T14:05:21.770+0000] {processor.py:183} INFO - Processing /opt/airflow/dags/shopee_dags.py took 0.130 seconds
[2026-05-15T14:05:51.893+0000] {processor.py:161} INFO - Started process (PID=951) to work on /opt/airflow/dags/shopee_dags.py
[2026-05-15T14:05:51.894+0000] {processor.py:830} INFO - Processing file /opt/airflow/dags/shopee_dags.py for tasks to queue
[2026-05-15T14:05:51.895+0000] {logging_mixin.py:188} INFO - [2026-05-15T14:05:51.895+0000] {dagbag.py:538} INFO - Filling up the DagBag from /opt/airflow/dags/shopee_dags.py
[2026-05-15T14:05:51.911+0000] {processor.py:840} INFO - DAG(s) 'shopee_scraper' retrieved from /opt/airflow/dags/shopee_dags.py
[2026-05-15T14:05:51.925+0000] {logging_mixin.py:188} INFO - [2026-05-15T14:05:51.925+0000] {dag.py:3036} INFO - Sync 1 DAGs
[2026-05-15T14:05:51.950+0000] {logging_mixin.py:188} INFO - [2026-05-15T14:05:51.949+0000] {dag.py:3823} INFO - Setting next_dagrun for shopee_scraper to 2026-05-15 00:00:00+00:00, run_after=2026-05-16 00:00:00+00:00
[2026-05-15T14:05:51.970+0000] {processor.py:183} INFO - Processing /opt/airflow/dags/shopee_dags.py took 0.080 seconds
[2026-05-15T14:06:22.142+0000] {processor.py:161} INFO - Started process (PID=956) to work on /opt/airflow/dags/shopee_dags.py
[2026-05-15T14:06:22.144+0000] {processor.py:830} INFO - Processing file /opt/airflow/dags/shopee_dags.py for tasks to queue
[2026-05-15T14:06:22.146+0000] {logging_mixin.py:188} INFO - [2026-05-15T14:06:22.145+0000] {dagbag.py:538} INFO - Filling up the DagBag from /opt/airflow/dags/shopee_dags.py
[2026-05-15T14:06:22.163+0000] {processor.py:840} INFO - DAG(s) 'shopee_scraper' retrieved from /opt/airflow/dags/shopee_dags.py
[2026-05-15T14:06:22.177+0000] {logging_mixin.py:188} INFO - [2026-05-15T14:06:22.177+0000] {dag.py:3036} INFO - Sync 1 DAGs
[2026-05-15T14:06:22.204+0000] {logging_mixin.py:188} INFO - [2026-05-15T14:06:22.203+0000] {dag.py:3823} INFO - Setting next_dagrun for shopee_scraper to 2026-05-15 00:00:00+00:00, run_after=2026-05-16 00:00:00+00:00
[2026-05-15T14:06:22.229+0000] {processor.py:183} INFO - Processing /opt/airflow/dags/shopee_dags.py took 0.091 seconds
[2026-05-15T14:06:52.366+0000] {processor.py:161} INFO - Started process (PID=961) to work on /opt/airflow/dags/shopee_dags.py
[2026-05-15T14:06:52.367+0000] {processor.py:830} INFO - Processing file /opt/airflow/dags/shopee_dags.py for tasks to queue
[2026-05-15T14:06:52.368+0000] {logging_mixin.py:188} INFO - [2026-05-15T14:06:52.368+0000] {dagbag.py:538} INFO - Filling up the DagBag from /opt/airflow/dags/shopee_dags.py
[2026-05-15T14:06:52.386+0000] {processor.py:840} INFO - DAG(s) 'shopee_scraper' retrieved from /opt/airflow/dags/shopee_dags.py
[2026-05-15T14:06:52.555+0000] {logging_mixin.py:188} INFO - [2026-05-15T14:06:52.555+0000] {dag.py:3036} INFO - Sync 1 DAGs
[2026-05-15T14:06:52.583+0000] {logging_mixin.py:188} INFO - [2026-05-15T14:06:52.583+0000] {dag.py:3823} INFO - Setting next_dagrun for shopee_scraper to 2026-05-15 00:00:00+00:00, run_after=2026-05-16 00:00:00+00:00
[2026-05-15T14:06:52.606+0000] {processor.py:183} INFO - Processing /opt/airflow/dags/shopee_dags.py took 0.245 seconds
[2026-05-15T14:07:22.785+0000] {processor.py:161} INFO - Started process (PID=966) to work on /opt/airflow/dags/shopee_dags.py
[2026-05-15T14:07:22.786+0000] {processor.py:830} INFO - Processing file /opt/airflow/dags/shopee_dags.py for tasks to queue
[2026-05-15T14:07:22.787+0000] {logging_mixin.py:188} INFO - [2026-05-15T14:07:22.787+0000] {dagbag.py:538} INFO - Filling up the DagBag from /opt/airflow/dags/shopee_dags.py
[2026-05-15T14:07:22.803+0000] {processor.py:840} INFO - DAG(s) 'shopee_scraper' retrieved from /opt/airflow/dags/shopee_dags.py
[2026-05-15T14:07:22.819+0000] {logging_mixin.py:188} INFO - [2026-05-15T14:07:22.818+0000] {dag.py:3036} INFO - Sync 1 DAGs
[2026-05-15T14:07:22.844+0000] {logging_mixin.py:188} INFO - [2026-05-15T14:07:22.843+0000] {dag.py:3823} INFO - Setting next_dagrun for shopee_scraper to 2026-05-15 00:00:00+00:00, run_after=2026-05-16 00:00:00+00:00
[2026-05-15T14:07:22.864+0000] {processor.py:183} INFO - Processing /opt/airflow/dags/shopee_dags.py took 0.082 seconds
[2026-05-15T14:07:53.036+0000] {processor.py:161} INFO - Started process (PID=971) to work on /opt/airflow/dags/shopee_dags.py
[2026-05-15T14:07:53.037+0000] {processor.py:830} INFO - Processing file /opt/airflow/dags/shopee_dags.py for tasks to queue
[2026-05-15T14:07:53.038+0000] {logging_mixin.py:188} INFO - [2026-05-15T14:07:53.038+0000] {dagbag.py:538} INFO - Filling up the DagBag from /opt/airflow/dags/shopee_dags.py
[2026-05-15T14:07:53.056+0000] {processor.py:840} INFO - DAG(s) 'shopee_scraper' retrieved from /opt/airflow/dags/shopee_dags.py
[2026-05-15T14:07:53.181+0000] {logging_mixin.py:188} INFO - [2026-05-15T14:07:53.181+0000] {dag.py:3036} INFO - Sync 1 DAGs
[2026-05-15T14:07:53.203+0000] {logging_mixin.py:188} INFO - [2026-05-15T14:07:53.203+0000] {dag.py:3823} INFO - Setting next_dagrun for shopee_scraper to 2026-05-15 00:00:00+00:00, run_after=2026-05-16 00:00:00+00:00
[2026-05-15T14:07:53.226+0000] {processor.py:183} INFO - Processing /opt/airflow/dags/shopee_dags.py took 0.193 seconds
[2026-05-15T14:08:23.337+0000] {processor.py:161} INFO - Started process (PID=976) to work on /opt/airflow/dags/shopee_dags.py
[2026-05-15T14:08:23.338+0000] {processor.py:830} INFO - Processing file /opt/airflow/dags/shopee_dags.py for tasks to queue
[2026-05-15T14:08:23.339+0000] {logging_mixin.py:188} INFO - [2026-05-15T14:08:23.339+0000] {dagbag.py:538} INFO - Filling up the DagBag from /opt/airflow/dags/shopee_dags.py
[2026-05-15T14:08:23.362+0000] {processor.py:840} INFO - DAG(s) 'shopee_scraper' retrieved from /opt/airflow/dags/shopee_dags.py
[2026-05-15T14:08:23.400+0000] {logging_mixin.py:188} INFO - [2026-05-15T14:08:23.400+0000] {dag.py:3036} INFO - Sync 1 DAGs
[2026-05-15T14:08:23.426+0000] {logging_mixin.py:188} INFO - [2026-05-15T14:08:23.426+0000] {dag.py:3823} INFO - Setting next_dagrun for shopee_scraper to 2026-05-15 00:00:00+00:00, run_after=2026-05-16 00:00:00+00:00
[2026-05-15T14:08:23.450+0000] {processor.py:183} INFO - Processing /opt/airflow/dags/shopee_dags.py took 0.117 seconds
[2026-05-15T14:08:53.641+0000] {processor.py:161} INFO - Started process (PID=981) to work on /opt/airflow/dags/shopee_dags.py
[2026-05-15T14:08:53.642+0000] {processor.py:830} INFO - Processing file /opt/airflow/dags/shopee_dags.py for tasks to queue
[2026-05-15T14:08:53.643+0000] {logging_mixin.py:188} INFO - [2026-05-15T14:08:53.642+0000] {dagbag.py:538} INFO - Filling up the DagBag from /opt/airflow/dags/shopee_dags.py
[2026-05-15T14:08:53.667+0000] {processor.py:840} INFO - DAG(s) 'shopee_scraper' retrieved from /opt/airflow/dags/shopee_dags.py
[2026-05-15T14:08:53.683+0000] {logging_mixin.py:188} INFO - [2026-05-15T14:08:53.682+0000] {dag.py:3036} INFO - Sync 1 DAGs
[2026-05-15T14:08:53.708+0000] {logging_mixin.py:188} INFO - [2026-05-15T14:08:53.708+0000] {dag.py:3823} INFO - Setting next_dagrun for shopee_scraper to 2026-05-15 00:00:00+00:00, run_after=2026-05-16 00:00:00+00:00
[2026-05-15T14:08:53.728+0000] {processor.py:183} INFO - Processing /opt/airflow/dags/shopee_dags.py took 0.090 seconds
[2026-05-15T14:09:23.867+0000] {processor.py:161} INFO - Started process (PID=986) to work on /opt/airflow/dags/shopee_dags.py
[2026-05-15T14:09:23.868+0000] {processor.py:830} INFO - Processing file /opt/airflow/dags/shopee_dags.py for tasks to queue
[2026-05-15T14:09:23.869+0000] {logging_mixin.py:188} INFO - [2026-05-15T14:09:23.869+0000] {dagbag.py:538} INFO - Filling up the DagBag from /opt/airflow/dags/shopee_dags.py
[2026-05-15T14:09:23.888+0000] {processor.py:840} INFO - DAG(s) 'shopee_scraper' retrieved from /opt/airflow/dags/shopee_dags.py
[2026-05-15T14:09:23.995+0000] {logging_mixin.py:188} INFO - [2026-05-15T14:09:23.995+0000] {dag.py:3036} INFO - Sync 1 DAGs
[2026-05-15T14:09:24.015+0000] {logging_mixin.py:188} INFO - [2026-05-15T14:09:24.015+0000] {dag.py:3823} INFO - Setting next_dagrun for shopee_scraper to 2026-05-15 00:00:00+00:00, run_after=2026-05-16 00:00:00+00:00
[2026-05-15T14:09:24.045+0000] {processor.py:183} INFO - Processing /opt/airflow/dags/shopee_dags.py took 0.181 seconds
[2026-05-15T14:09:54.143+0000] {processor.py:161} INFO - Started process (PID=991) to work on /opt/airflow/dags/shopee_dags.py
[2026-05-15T14:09:54.144+0000] {processor.py:830} INFO - Processing file /opt/airflow/dags/shopee_dags.py for tasks to queue
[2026-05-15T14:09:54.145+0000] {logging_mixin.py:188} INFO - [2026-05-15T14:09:54.145+0000] {dagbag.py:538} INFO - Filling up the DagBag from /opt/airflow/dags/shopee_dags.py
[2026-05-15T14:09:54.162+0000] {processor.py:840} INFO - DAG(s) 'shopee_scraper' retrieved from /opt/airflow/dags/shopee_dags.py
[2026-05-15T14:09:54.175+0000] {logging_mixin.py:188} INFO - [2026-05-15T14:09:54.175+0000] {dag.py:3036} INFO - Sync 1 DAGs
[2026-05-15T14:09:54.198+0000] {logging_mixin.py:188} INFO - [2026-05-15T14:09:54.197+0000] {dag.py:3823} INFO - Setting next_dagrun for shopee_scraper to 2026-05-15 00:00:00+00:00, run_after=2026-05-16 00:00:00+00:00
[2026-05-15T14:09:54.218+0000] {processor.py:183} INFO - Processing /opt/airflow/dags/shopee_dags.py took 0.078 seconds
[2026-05-15T14:10:24.362+0000] {processor.py:161} INFO - Started process (PID=996) to work on /opt/airflow/dags/shopee_dags.py
[2026-05-15T14:10:24.363+0000] {processor.py:830} INFO - Processing file /opt/airflow/dags/shopee_dags.py for tasks to queue
[2026-05-15T14:10:24.363+0000] {logging_mixin.py:188} INFO - [2026-05-15T14:10:24.363+0000] {dagbag.py:538} INFO - Filling up the DagBag from /opt/airflow/dags/shopee_dags.py
[2026-05-15T14:10:24.380+0000] {processor.py:840} INFO - DAG(s) 'shopee_scraper' retrieved from /opt/airflow/dags/shopee_dags.py
[2026-05-15T14:10:24.480+0000] {logging_mixin.py:188} INFO - [2026-05-15T14:10:24.480+0000] {dag.py:3036} INFO - Sync 1 DAGs
[2026-05-15T14:10:24.500+0000] {logging_mixin.py:188} INFO - [2026-05-15T14:10:24.499+0000] {dag.py:3823} INFO - Setting next_dagrun for shopee_scraper to 2026-05-15 00:00:00+00:00, run_after=2026-05-16 00:00:00+00:00
[2026-05-15T14:10:24.519+0000] {processor.py:183} INFO - Processing /opt/airflow/dags/shopee_dags.py took 0.160 seconds
[2026-05-15T14:10:54.679+0000] {processor.py:161} INFO - Started process (PID=1001) to work on /opt/airflow/dags/shopee_dags.py
[2026-05-15T14:10:54.680+0000] {processor.py:830} INFO - Processing file /opt/airflow/dags/shopee_dags.py for tasks to queue
[2026-05-15T14:10:54.682+0000] {logging_mixin.py:188} INFO - [2026-05-15T14:10:54.681+0000] {dagbag.py:538} INFO - Filling up the DagBag from /opt/airflow/dags/shopee_dags.py
[2026-05-15T14:10:54.698+0000] {processor.py:840} INFO - DAG(s) 'shopee_scraper' retrieved from /opt/airflow/dags/shopee_dags.py
[2026-05-15T14:10:54.713+0000] {logging_mixin.py:188} INFO - [2026-05-15T14:10:54.713+0000] {dag.py:3036} INFO - Sync 1 DAGs
[2026-05-15T14:10:54.735+0000] {logging_mixin.py:188} INFO - [2026-05-15T14:10:54.735+0000] {dag.py:3823} INFO - Setting next_dagrun for shopee_scraper to 2026-05-15 00:00:00+00:00, run_after=2026-05-16 00:00:00+00:00
[2026-05-15T14:10:54.755+0000] {processor.py:183} INFO - Processing /opt/airflow/dags/shopee_dags.py took 0.079 seconds
[2026-05-15T14:11:24.901+0000] {processor.py:161} INFO - Started process (PID=1006) to work on /opt/airflow/dags/shopee_dags.py
[2026-05-15T14:11:24.902+0000] {processor.py:830} INFO - Processing file /opt/airflow/dags/shopee_dags.py for tasks to queue
[2026-05-15T14:11:24.903+0000] {logging_mixin.py:188} INFO - [2026-05-15T14:11:24.903+0000] {dagbag.py:538} INFO - Filling up the DagBag from /opt/airflow/dags/shopee_dags.py
[2026-05-15T14:11:24.919+0000] {processor.py:840} INFO - DAG(s) 'shopee_scraper' retrieved from /opt/airflow/dags/shopee_dags.py
[2026-05-15T14:11:25.033+0000] {logging_mixin.py:188} INFO - [2026-05-15T14:11:25.033+0000] {dag.py:3036} INFO - Sync 1 DAGs
[2026-05-15T14:11:25.053+0000] {logging_mixin.py:188} INFO - [2026-05-15T14:11:25.053+0000] {dag.py:3823} INFO - Setting next_dagrun for shopee_scraper to 2026-05-15 00:00:00+00:00, run_after=2026-05-16 00:00:00+00:00
[2026-05-15T14:11:25.073+0000] {processor.py:183} INFO - Processing /opt/airflow/dags/shopee_dags.py took 0.176 seconds
[2026-05-15T14:11:55.154+0000] {processor.py:161} INFO - Started process (PID=1011) to work on /opt/airflow/dags/shopee_dags.py
[2026-05-15T14:11:55.156+0000] {processor.py:830} INFO - Processing file /opt/airflow/dags/shopee_dags.py for tasks to queue
[2026-05-15T14:11:55.157+0000] {logging_mixin.py:188} INFO - [2026-05-15T14:11:55.157+0000] {dagbag.py:538} INFO - Filling up the DagBag from /opt/airflow/dags/shopee_dags.py
[2026-05-15T14:11:55.186+0000] {processor.py:840} INFO - DAG(s) 'shopee_scraper' retrieved from /opt/airflow/dags/shopee_dags.py
[2026-05-15T14:11:55.208+0000] {logging_mixin.py:188} INFO - [2026-05-15T14:11:55.207+0000] {dag.py:3036} INFO - Sync 1 DAGs
[2026-05-15T14:11:55.238+0000] {logging_mixin.py:188} INFO - [2026-05-15T14:11:55.237+0000] {dag.py:3823} INFO - Setting next_dagrun for shopee_scraper to 2026-05-15 00:00:00+00:00, run_after=2026-05-16 00:00:00+00:00
[2026-05-15T14:11:55.258+0000] {processor.py:183} INFO - Processing /opt/airflow/dags/shopee_dags.py took 0.112 seconds
[2026-05-15T14:12:25.489+0000] {processor.py:161} INFO - Started process (PID=1016) to work on /opt/airflow/dags/shopee_dags.py
[2026-05-15T14:12:25.489+0000] {processor.py:830} INFO - Processing file /opt/airflow/dags/shopee_dags.py for tasks to queue
[2026-05-15T14:12:25.490+0000] {logging_mixin.py:188} INFO - [2026-05-15T14:12:25.490+0000] {dagbag.py:538} INFO - Filling up the DagBag from /opt/airflow/dags/shopee_dags.py
[2026-05-15T14:12:25.508+0000] {processor.py:840} INFO - DAG(s) 'shopee_scraper' retrieved from /opt/airflow/dags/shopee_dags.py
[2026-05-15T14:12:25.615+0000] {logging_mixin.py:188} INFO - [2026-05-15T14:12:25.615+0000] {dag.py:3036} INFO - Sync 1 DAGs
[2026-05-15T14:12:25.636+0000] {logging_mixin.py:188} INFO - [2026-05-15T14:12:25.636+0000] {dag.py:3823} INFO - Setting next_dagrun for shopee_scraper to 2026-05-15 00:00:00+00:00, run_after=2026-05-16 00:00:00+00:00
[2026-05-15T14:12:25.669+0000] {processor.py:183} INFO - Processing /opt/airflow/dags/shopee_dags.py took 0.183 seconds
[2026-05-15T14:12:55.713+0000] {processor.py:161} INFO - Started process (PID=1021) to work on /opt/airflow/dags/shopee_dags.py
[2026-05-15T14:12:55.714+0000] {processor.py:830} INFO - Processing file /opt/airflow/dags/shopee_dags.py for tasks to queue
[2026-05-15T14:12:55.715+0000] {logging_mixin.py:188} INFO - [2026-05-15T14:12:55.715+0000] {dagbag.py:538} INFO - Filling up the DagBag from /opt/airflow/dags/shopee_dags.py
[2026-05-15T14:12:55.738+0000] {processor.py:840} INFO - DAG(s) 'shopee_scraper' retrieved from /opt/airflow/dags/shopee_dags.py
[2026-05-15T14:12:55.782+0000] {logging_mixin.py:188} INFO - [2026-05-15T14:12:55.782+0000] {dag.py:3036} INFO - Sync 1 DAGs
[2026-05-15T14:12:55.810+0000] {logging_mixin.py:188} INFO - [2026-05-15T14:12:55.810+0000] {dag.py:3823} INFO - Setting next_dagrun for shopee_scraper to 2026-05-15 00:00:00+00:00, run_after=2026-05-16 00:00:00+00:00
[2026-05-15T14:12:55.835+0000] {processor.py:183} INFO - Processing /opt/airflow/dags/shopee_dags.py took 0.126 seconds
[2026-05-15T14:13:25.918+0000] {processor.py:161} INFO - Started process (PID=1026) to work on /opt/airflow/dags/shopee_dags.py
[2026-05-15T14:13:25.919+0000] {processor.py:830} INFO - Processing file /opt/airflow/dags/shopee_dags.py for tasks to queue
[2026-05-15T14:13:25.921+0000] {logging_mixin.py:188} INFO - [2026-05-15T14:13:25.920+0000] {dagbag.py:538} INFO - Filling up the DagBag from /opt/airflow/dags/shopee_dags.py
[2026-05-15T14:13:25.944+0000] {processor.py:840} INFO - DAG(s) 'shopee_scraper' retrieved from /opt/airflow/dags/shopee_dags.py
[2026-05-15T14:13:25.960+0000] {logging_mixin.py:188} INFO - [2026-05-15T14:13:25.960+0000] {dag.py:3036} INFO - Sync 1 DAGs
[2026-05-15T14:13:25.990+0000] {logging_mixin.py:188} INFO - [2026-05-15T14:13:25.990+0000] {dag.py:3823} INFO - Setting next_dagrun for shopee_scraper to 2026-05-15 00:00:00+00:00, run_after=2026-05-16 00:00:00+00:00
[2026-05-15T14:13:26.013+0000] {processor.py:183} INFO - Processing /opt/airflow/dags/shopee_dags.py took 0.099 seconds
[2026-05-15T14:13:56.245+0000] {processor.py:161} INFO - Started process (PID=1031) to work on /opt/airflow/dags/shopee_dags.py
[2026-05-15T14:13:56.246+0000] {processor.py:830} INFO - Processing file /opt/airflow/dags/shopee_dags.py for tasks to queue
[2026-05-15T14:13:56.248+0000] {logging_mixin.py:188} INFO - [2026-05-15T14:13:56.247+0000] {dagbag.py:538} INFO - Filling up the DagBag from /opt/airflow/dags/shopee_dags.py
[2026-05-15T14:13:56.267+0000] {processor.py:840} INFO - DAG(s) 'shopee_scraper' retrieved from /opt/airflow/dags/shopee_dags.py
[2026-05-15T14:13:56.373+0000] {logging_mixin.py:188} INFO - [2026-05-15T14:13:56.372+0000] {dag.py:3036} INFO - Sync 1 DAGs
[2026-05-15T14:13:56.393+0000] {logging_mixin.py:188} INFO - [2026-05-15T14:13:56.393+0000] {dag.py:3823} INFO - Setting next_dagrun for shopee_scraper to 2026-05-15 00:00:00+00:00, run_after=2026-05-16 00:00:00+00:00
[2026-05-15T14:13:56.424+0000] {processor.py:183} INFO - Processing /opt/airflow/dags/shopee_dags.py took 0.182 seconds
[2026-05-15T14:14:26.478+0000] {processor.py:161} INFO - Started process (PID=1036) to work on /opt/airflow/dags/shopee_dags.py
[2026-05-15T14:14:26.479+0000] {processor.py:830} INFO - Processing file /opt/airflow/dags/shopee_dags.py for tasks to queue
[2026-05-15T14:14:26.480+0000] {logging_mixin.py:188} INFO - [2026-05-15T14:14:26.480+0000] {dagbag.py:538} INFO - Filling up the DagBag from /opt/airflow/dags/shopee_dags.py
[2026-05-15T14:14:26.499+0000] {processor.py:840} INFO - DAG(s) 'shopee_scraper' retrieved from /opt/airflow/dags/shopee_dags.py
[2026-05-15T14:14:26.514+0000] {logging_mixin.py:188} INFO - [2026-05-15T14:14:26.513+0000] {dag.py:3036} INFO - Sync 1 DAGs
[2026-05-15T14:14:26.537+0000] {logging_mixin.py:188} INFO - [2026-05-15T14:14:26.537+0000] {dag.py:3823} INFO - Setting next_dagrun for shopee_scraper to 2026-05-15 00:00:00+00:00, run_after=2026-05-16 00:00:00+00:00
[2026-05-15T14:14:26.556+0000] {processor.py:183} INFO - Processing /opt/airflow/dags/shopee_dags.py took 0.081 seconds
[2026-05-15T14:14:56.681+0000] {processor.py:161} INFO - Started process (PID=1041) to work on /opt/airflow/dags/shopee_dags.py
[2026-05-15T14:14:56.682+0000] {processor.py:830} INFO - Processing file /opt/airflow/dags/shopee_dags.py for tasks to queue
[2026-05-15T14:14:56.684+0000] {logging_mixin.py:188} INFO - [2026-05-15T14:14:56.683+0000] {dagbag.py:538} INFO - Filling up the DagBag from /opt/airflow/dags/shopee_dags.py
[2026-05-15T14:14:56.703+0000] {processor.py:840} INFO - DAG(s) 'shopee_scraper' retrieved from /opt/airflow/dags/shopee_dags.py
[2026-05-15T14:14:56.841+0000] {logging_mixin.py:188} INFO - [2026-05-15T14:14:56.841+0000] {dag.py:3036} INFO - Sync 1 DAGs
[2026-05-15T14:14:56.865+0000] {logging_mixin.py:188} INFO - [2026-05-15T14:14:56.865+0000] {dag.py:3823} INFO - Setting next_dagrun for shopee_scraper to 2026-05-15 00:00:00+00:00, run_after=2026-05-16 00:00:00+00:00
[2026-05-15T14:14:56.884+0000] {processor.py:183} INFO - Processing /opt/airflow/dags/shopee_dags.py took 0.206 seconds
[2026-05-15T14:15:27.132+0000] {processor.py:161} INFO - Started process (PID=170) to work on /opt/airflow/dags/shopee_dags.py
[2026-05-15T14:15:27.139+0000] {processor.py:830} INFO - Processing file /opt/airflow/dags/shopee_dags.py for tasks to queue
[2026-05-15T14:15:27.144+0000] {logging_mixin.py:188} INFO - [2026-05-15T14:15:27.142+0000] {dagbag.py:538} INFO - Filling up the DagBag from /opt/airflow/dags/shopee_dags.py
[2026-05-15T14:15:27.413+0000] {processor.py:840} INFO - DAG(s) 'shopee_scraper' retrieved from /opt/airflow/dags/shopee_dags.py
[2026-05-15T14:15:27.525+0000] {logging_mixin.py:188} INFO - [2026-05-15T14:15:27.525+0000] {dag.py:3036} INFO - Sync 1 DAGs
[2026-05-15T14:15:27.672+0000] {logging_mixin.py:188} INFO - [2026-05-15T14:15:27.671+0000] {dag.py:3823} INFO - Setting next_dagrun for shopee_scraper to 2026-05-15 00:00:00+00:00, run_after=2026-05-16 00:00:00+00:00
[2026-05-15T14:15:28.453+0000] {processor.py:183} INFO - Processing /opt/airflow/dags/shopee_dags.py took 1.352 seconds
[2026-05-15T14:15:58.640+0000] {processor.py:161} INFO - Started process (PID=176) to work on /opt/airflow/dags/shopee_dags.py
[2026-05-15T14:15:58.641+0000] {processor.py:830} INFO - Processing file /opt/airflow/dags/shopee_dags.py for tasks to queue
[2026-05-15T14:15:58.642+0000] {logging_mixin.py:188} INFO - [2026-05-15T14:15:58.642+0000] {dagbag.py:538} INFO - Filling up the DagBag from /opt/airflow/dags/shopee_dags.py
[2026-05-15T14:15:58.667+0000] {processor.py:840} INFO - DAG(s) 'shopee_scraper' retrieved from /opt/airflow/dags/shopee_dags.py
[2026-05-15T14:15:58.686+0000] {logging_mixin.py:188} INFO - [2026-05-15T14:15:58.686+0000] {dag.py:3036} INFO - Sync 1 DAGs
[2026-05-15T14:15:58.719+0000] {logging_mixin.py:188} INFO - [2026-05-15T14:15:58.718+0000] {dag.py:3823} INFO - Setting next_dagrun for shopee_scraper to 2026-05-15 00:00:00+00:00, run_after=2026-05-16 00:00:00+00:00
[2026-05-15T14:15:58.745+0000] {processor.py:183} INFO - Processing /opt/airflow/dags/shopee_dags.py took 0.109 seconds
[2026-05-15T14:16:28.845+0000] {processor.py:161} INFO - Started process (PID=181) to work on /opt/airflow/dags/shopee_dags.py
[2026-05-15T14:16:28.849+0000] {processor.py:830} INFO - Processing file /opt/airflow/dags/shopee_dags.py for tasks to queue
[2026-05-15T14:16:28.853+0000] {logging_mixin.py:188} INFO - [2026-05-15T14:16:28.853+0000] {dagbag.py:538} INFO - Filling up the DagBag from /opt/airflow/dags/shopee_dags.py
[2026-05-15T14:16:28.883+0000] {processor.py:840} INFO - DAG(s) 'shopee_scraper' retrieved from /opt/airflow/dags/shopee_dags.py
[2026-05-15T14:16:28.908+0000] {logging_mixin.py:188} INFO - [2026-05-15T14:16:28.907+0000] {dag.py:3036} INFO - Sync 1 DAGs
[2026-05-15T14:16:28.945+0000] {logging_mixin.py:188} INFO - [2026-05-15T14:16:28.945+0000] {dag.py:3823} INFO - Setting next_dagrun for shopee_scraper to 2026-05-15 00:00:00+00:00, run_after=2026-05-16 00:00:00+00:00
[2026-05-15T14:16:28.974+0000] {processor.py:183} INFO - Processing /opt/airflow/dags/shopee_dags.py took 0.135 seconds
[2026-05-15T14:16:59.204+0000] {processor.py:161} INFO - Started process (PID=186) to work on /opt/airflow/dags/shopee_dags.py
[2026-05-15T14:16:59.205+0000] {processor.py:830} INFO - Processing file /opt/airflow/dags/shopee_dags.py for tasks to queue
[2026-05-15T14:16:59.206+0000] {logging_mixin.py:188} INFO - [2026-05-15T14:16:59.206+0000] {dagbag.py:538} INFO - Filling up the DagBag from /opt/airflow/dags/shopee_dags.py
[2026-05-15T14:16:59.228+0000] {processor.py:840} INFO - DAG(s) 'shopee_scraper' retrieved from /opt/airflow/dags/shopee_dags.py
[2026-05-15T14:16:59.247+0000] {logging_mixin.py:188} INFO - [2026-05-15T14:16:59.247+0000] {dag.py:3036} INFO - Sync 1 DAGs
[2026-05-15T14:16:59.279+0000] {logging_mixin.py:188} INFO - [2026-05-15T14:16:59.279+0000] {dag.py:3823} INFO - Setting next_dagrun for shopee_scraper to 2026-05-15 00:00:00+00:00, run_after=2026-05-16 00:00:00+00:00
[2026-05-15T14:16:59.332+0000] {processor.py:183} INFO - Processing /opt/airflow/dags/shopee_dags.py took 0.132 seconds
[2026-05-15T14:17:29.518+0000] {processor.py:161} INFO - Started process (PID=191) to work on /opt/airflow/dags/shopee_dags.py
[2026-05-15T14:17:29.519+0000] {processor.py:830} INFO - Processing file /opt/airflow/dags/shopee_dags.py for tasks to queue
[2026-05-15T14:17:29.520+0000] {logging_mixin.py:188} INFO - [2026-05-15T14:17:29.520+0000] {dagbag.py:538} INFO - Filling up the DagBag from /opt/airflow/dags/shopee_dags.py
[2026-05-15T14:17:29.543+0000] {processor.py:840} INFO - DAG(s) 'shopee_scraper' retrieved from /opt/airflow/dags/shopee_dags.py
[2026-05-15T14:17:29.570+0000] {logging_mixin.py:188} INFO - [2026-05-15T14:17:29.569+0000] {dag.py:3036} INFO - Sync 1 DAGs
[2026-05-15T14:17:29.598+0000] {logging_mixin.py:188} INFO - [2026-05-15T14:17:29.598+0000] {dag.py:3823} INFO - Setting next_dagrun for shopee_scraper to 2026-05-15 00:00:00+00:00, run_after=2026-05-16 00:00:00+00:00
[2026-05-15T14:17:29.641+0000] {processor.py:183} INFO - Processing /opt/airflow/dags/shopee_dags.py took 0.126 seconds
[2026-05-15T14:17:59.702+0000] {processor.py:161} INFO - Started process (PID=196) to work on /opt/airflow/dags/shopee_dags.py
[2026-05-15T14:17:59.703+0000] {processor.py:830} INFO - Processing file /opt/airflow/dags/shopee_dags.py for tasks to queue
[2026-05-15T14:17:59.704+0000] {logging_mixin.py:188} INFO - [2026-05-15T14:17:59.704+0000] {dagbag.py:538} INFO - Filling up the DagBag from /opt/airflow/dags/shopee_dags.py
[2026-05-15T14:17:59.727+0000] {processor.py:840} INFO - DAG(s) 'shopee_scraper' retrieved from /opt/airflow/dags/shopee_dags.py
[2026-05-15T14:17:59.745+0000] {logging_mixin.py:188} INFO - [2026-05-15T14:17:59.745+0000] {dag.py:3036} INFO - Sync 1 DAGs
[2026-05-15T14:17:59.778+0000] {logging_mixin.py:188} INFO - [2026-05-15T14:17:59.778+0000] {dag.py:3823} INFO - Setting next_dagrun for shopee_scraper to 2026-05-15 00:00:00+00:00, run_after=2026-05-16 00:00:00+00:00
[2026-05-15T14:17:59.804+0000] {processor.py:183} INFO - Processing /opt/airflow/dags/shopee_dags.py took 0.107 seconds
[2026-05-15T14:18:29.873+0000] {processor.py:161} INFO - Started process (PID=201) to work on /opt/airflow/dags/shopee_dags.py
[2026-05-15T14:18:29.874+0000] {processor.py:830} INFO - Processing file /opt/airflow/dags/shopee_dags.py for tasks to queue
[2026-05-15T14:18:29.875+0000] {logging_mixin.py:188} INFO - [2026-05-15T14:18:29.874+0000] {dagbag.py:538} INFO - Filling up the DagBag from /opt/airflow/dags/shopee_dags.py
[2026-05-15T14:18:29.891+0000] {processor.py:840} INFO - DAG(s) 'shopee_scraper' retrieved from /opt/airflow/dags/shopee_dags.py
[2026-05-15T14:18:29.906+0000] {logging_mixin.py:188} INFO - [2026-05-15T14:18:29.906+0000] {dag.py:3036} INFO - Sync 1 DAGs
[2026-05-15T14:18:29.931+0000] {logging_mixin.py:188} INFO - [2026-05-15T14:18:29.930+0000] {dag.py:3823} INFO - Setting next_dagrun for shopee_scraper to 2026-05-15 00:00:00+00:00, run_after=2026-05-16 00:00:00+00:00
[2026-05-15T14:18:29.950+0000] {processor.py:183} INFO - Processing /opt/airflow/dags/shopee_dags.py took 0.080 seconds
[2026-05-15T14:19:00.105+0000] {processor.py:161} INFO - Started process (PID=206) to work on /opt/airflow/dags/shopee_dags.py
[2026-05-15T14:19:00.106+0000] {processor.py:830} INFO - Processing file /opt/airflow/dags/shopee_dags.py for tasks to queue
[2026-05-15T14:19:00.107+0000] {logging_mixin.py:188} INFO - [2026-05-15T14:19:00.106+0000] {dagbag.py:538} INFO - Filling up the DagBag from /opt/airflow/dags/shopee_dags.py
[2026-05-15T14:19:00.124+0000] {processor.py:840} INFO - DAG(s) 'shopee_scraper' retrieved from /opt/airflow/dags/shopee_dags.py
[2026-05-15T14:19:00.140+0000] {logging_mixin.py:188} INFO - [2026-05-15T14:19:00.139+0000] {dag.py:3036} INFO - Sync 1 DAGs
[2026-05-15T14:19:00.166+0000] {logging_mixin.py:188} INFO - [2026-05-15T14:19:00.166+0000] {dag.py:3823} INFO - Setting next_dagrun for shopee_scraper to 2026-05-15 00:00:00+00:00, run_after=2026-05-16 00:00:00+00:00
[2026-05-15T14:19:00.191+0000] {processor.py:183} INFO - Processing /opt/airflow/dags/shopee_dags.py took 0.088 seconds
[2026-05-15T14:19:30.400+0000] {processor.py:161} INFO - Started process (PID=211) to work on /opt/airflow/dags/shopee_dags.py
[2026-05-15T14:19:30.401+0000] {processor.py:830} INFO - Processing file /opt/airflow/dags/shopee_dags.py for tasks to queue
[2026-05-15T14:19:30.402+0000] {logging_mixin.py:188} INFO - [2026-05-15T14:19:30.402+0000] {dagbag.py:538} INFO - Filling up the DagBag from /opt/airflow/dags/shopee_dags.py
[2026-05-15T14:19:30.427+0000] {processor.py:840} INFO - DAG(s) 'shopee_scraper' retrieved from /opt/airflow/dags/shopee_dags.py
[2026-05-15T14:19:30.449+0000] {logging_mixin.py:188} INFO - [2026-05-15T14:19:30.449+0000] {dag.py:3036} INFO - Sync 1 DAGs
[2026-05-15T14:19:30.491+0000] {logging_mixin.py:188} INFO - [2026-05-15T14:19:30.491+0000] {dag.py:3823} INFO - Setting next_dagrun for shopee_scraper to 2026-05-15 00:00:00+00:00, run_after=2026-05-16 00:00:00+00:00
[2026-05-15T14:19:30.519+0000] {processor.py:183} INFO - Processing /opt/airflow/dags/shopee_dags.py took 0.124 seconds
[2026-05-15T14:20:00.624+0000] {processor.py:161} INFO - Started process (PID=216) to work on /opt/airflow/dags/shopee_dags.py
[2026-05-15T14:20:00.626+0000] {processor.py:830} INFO - Processing file /opt/airflow/dags/shopee_dags.py for tasks to queue
[2026-05-15T14:20:00.627+0000] {logging_mixin.py:188} INFO - [2026-05-15T14:20:00.626+0000] {dagbag.py:538} INFO - Filling up the DagBag from /opt/airflow/dags/shopee_dags.py
[2026-05-15T14:20:00.645+0000] {processor.py:840} INFO - DAG(s) 'shopee_scraper' retrieved from /opt/airflow/dags/shopee_dags.py
[2026-05-15T14:20:00.952+0000] {logging_mixin.py:188} INFO - [2026-05-15T14:20:00.952+0000] {dag.py:3036} INFO - Sync 1 DAGs
[2026-05-15T14:20:00.973+0000] {logging_mixin.py:188} INFO - [2026-05-15T14:20:00.973+0000] {dag.py:3823} INFO - Setting next_dagrun for shopee_scraper to 2026-05-15 00:00:00+00:00, run_after=2026-05-16 00:00:00+00:00
[2026-05-15T14:20:00.998+0000] {processor.py:183} INFO - Processing /opt/airflow/dags/shopee_dags.py took 0.377 seconds
[2026-05-15T14:20:31.229+0000] {processor.py:161} INFO - Started process (PID=221) to work on /opt/airflow/dags/shopee_dags.py
[2026-05-15T14:20:31.230+0000] {processor.py:830} INFO - Processing file /opt/airflow/dags/shopee_dags.py for tasks to queue
[2026-05-15T14:20:31.231+0000] {logging_mixin.py:188} INFO - [2026-05-15T14:20:31.231+0000] {dagbag.py:538} INFO - Filling up the DagBag from /opt/airflow/dags/shopee_dags.py
[2026-05-15T14:20:31.255+0000] {processor.py:840} INFO - DAG(s) 'shopee_scraper' retrieved from /opt/airflow/dags/shopee_dags.py
[2026-05-15T14:20:31.303+0000] {logging_mixin.py:188} INFO - [2026-05-15T14:20:31.302+0000] {dag.py:3036} INFO - Sync 1 DAGs
[2026-05-15T14:20:31.368+0000] {logging_mixin.py:188} INFO - [2026-05-15T14:20:31.368+0000] {dag.py:3823} INFO - Setting next_dagrun for shopee_scraper to 2026-05-15 00:00:00+00:00, run_after=2026-05-16 00:00:00+00:00
[2026-05-15T14:20:31.394+0000] {processor.py:183} INFO - Processing /opt/airflow/dags/shopee_dags.py took 0.192 seconds
[2026-05-15T14:21:01.640+0000] {processor.py:161} INFO - Started process (PID=226) to work on /opt/airflow/dags/shopee_dags.py
[2026-05-15T14:21:01.643+0000] {processor.py:830} INFO - Processing file /opt/airflow/dags/shopee_dags.py for tasks to queue
[2026-05-15T14:21:01.647+0000] {logging_mixin.py:188} INFO - [2026-05-15T14:21:01.645+0000] {dagbag.py:538} INFO - Filling up the DagBag from /opt/airflow/dags/shopee_dags.py
[2026-05-15T14:21:01.690+0000] {processor.py:840} INFO - DAG(s) 'shopee_scraper' retrieved from /opt/airflow/dags/shopee_dags.py
[2026-05-15T14:21:01.726+0000] {logging_mixin.py:188} INFO - [2026-05-15T14:21:01.725+0000] {dag.py:3036} INFO - Sync 1 DAGs
[2026-05-15T14:21:01.774+0000] {logging_mixin.py:188} INFO - [2026-05-15T14:21:01.774+0000] {dag.py:3823} INFO - Setting next_dagrun for shopee_scraper to 2026-05-15 00:00:00+00:00, run_after=2026-05-16 00:00:00+00:00
[2026-05-15T14:21:01.812+0000] {processor.py:183} INFO - Processing /opt/airflow/dags/shopee_dags.py took 0.179 seconds
[2026-05-15T14:21:32.018+0000] {processor.py:161} INFO - Started process (PID=231) to work on /opt/airflow/dags/shopee_dags.py
[2026-05-15T14:21:32.019+0000] {processor.py:830} INFO - Processing file /opt/airflow/dags/shopee_dags.py for tasks to queue
[2026-05-15T14:21:32.021+0000] {logging_mixin.py:188} INFO - [2026-05-15T14:21:32.020+0000] {dagbag.py:538} INFO - Filling up the DagBag from /opt/airflow/dags/shopee_dags.py
[2026-05-15T14:21:32.043+0000] {processor.py:840} INFO - DAG(s) 'shopee_scraper' retrieved from /opt/airflow/dags/shopee_dags.py
[2026-05-15T14:21:32.061+0000] {logging_mixin.py:188} INFO - [2026-05-15T14:21:32.061+0000] {dag.py:3036} INFO - Sync 1 DAGs
[2026-05-15T14:21:32.095+0000] {logging_mixin.py:188} INFO - [2026-05-15T14:21:32.094+0000] {dag.py:3823} INFO - Setting next_dagrun for shopee_scraper to 2026-05-15 00:00:00+00:00, run_after=2026-05-16 00:00:00+00:00
[2026-05-15T14:21:32.135+0000] {processor.py:183} INFO - Processing /opt/airflow/dags/shopee_dags.py took 0.122 seconds
[2026-05-15T14:22:02.191+0000] {processor.py:161} INFO - Started process (PID=236) to work on /opt/airflow/dags/shopee_dags.py
[2026-05-15T14:22:02.192+0000] {processor.py:830} INFO - Processing file /opt/airflow/dags/shopee_dags.py for tasks to queue
[2026-05-15T14:22:02.194+0000] {logging_mixin.py:188} INFO - [2026-05-15T14:22:02.193+0000] {dagbag.py:538} INFO - Filling up the DagBag from /opt/airflow/dags/shopee_dags.py
[2026-05-15T14:22:02.222+0000] {processor.py:840} INFO - DAG(s) 'shopee_scraper' retrieved from /opt/airflow/dags/shopee_dags.py
[2026-05-15T14:22:02.249+0000] {logging_mixin.py:188} INFO - [2026-05-15T14:22:02.248+0000] {dag.py:3036} INFO - Sync 1 DAGs
[2026-05-15T14:22:02.292+0000] {logging_mixin.py:188} INFO - [2026-05-15T14:22:02.291+0000] {dag.py:3823} INFO - Setting next_dagrun for shopee_scraper to 2026-05-15 00:00:00+00:00, run_after=2026-05-16 00:00:00+00:00
[2026-05-15T14:22:02.332+0000] {processor.py:183} INFO - Processing /opt/airflow/dags/shopee_dags.py took 0.147 seconds
[2026-05-15T14:22:32.405+0000] {processor.py:161} INFO - Started process (PID=241) to work on /opt/airflow/dags/shopee_dags.py
[2026-05-15T14:22:32.406+0000] {processor.py:830} INFO - Processing file /opt/airflow/dags/shopee_dags.py for tasks to queue
[2026-05-15T14:22:32.407+0000] {logging_mixin.py:188} INFO - [2026-05-15T14:22:32.407+0000] {dagbag.py:538} INFO - Filling up the DagBag from /opt/airflow/dags/shopee_dags.py
[2026-05-15T14:22:32.424+0000] {processor.py:840} INFO - DAG(s) 'shopee_scraper' retrieved from /opt/airflow/dags/shopee_dags.py
[2026-05-15T14:22:32.437+0000] {logging_mixin.py:188} INFO - [2026-05-15T14:22:32.437+0000] {dag.py:3036} INFO - Sync 1 DAGs
[2026-05-15T14:22:32.467+0000] {logging_mixin.py:188} INFO - [2026-05-15T14:22:32.467+0000] {dag.py:3823} INFO - Setting next_dagrun for shopee_scraper to 2026-05-15 00:00:00+00:00, run_after=2026-05-16 00:00:00+00:00
[2026-05-15T14:22:32.491+0000] {processor.py:183} INFO - Processing /opt/airflow/dags/shopee_dags.py took 0.089 seconds
[2026-05-15T14:23:02.732+0000] {processor.py:161} INFO - Started process (PID=246) to work on /opt/airflow/dags/shopee_dags.py
[2026-05-15T14:23:02.733+0000] {processor.py:830} INFO - Processing file /opt/airflow/dags/shopee_dags.py for tasks to queue
[2026-05-15T14:23:02.734+0000] {logging_mixin.py:188} INFO - [2026-05-15T14:23:02.733+0000] {dagbag.py:538} INFO - Filling up the DagBag from /opt/airflow/dags/shopee_dags.py
[2026-05-15T14:23:02.749+0000] {processor.py:840} INFO - DAG(s) 'shopee_scraper' retrieved from /opt/airflow/dags/shopee_dags.py
[2026-05-15T14:23:02.763+0000] {logging_mixin.py:188} INFO - [2026-05-15T14:23:02.763+0000] {dag.py:3036} INFO - Sync 1 DAGs
[2026-05-15T14:23:02.785+0000] {logging_mixin.py:188} INFO - [2026-05-15T14:23:02.785+0000] {dag.py:3823} INFO - Setting next_dagrun for shopee_scraper to 2026-05-15 00:00:00+00:00, run_after=2026-05-16 00:00:00+00:00
[2026-05-15T14:23:02.830+0000] {processor.py:183} INFO - Processing /opt/airflow/dags/shopee_dags.py took 0.100 seconds
[2026-05-15T14:23:32.956+0000] {processor.py:161} INFO - Started process (PID=251) to work on /opt/airflow/dags/shopee_dags.py
[2026-05-15T14:23:32.956+0000] {processor.py:830} INFO - Processing file /opt/airflow/dags/shopee_dags.py for tasks to queue
[2026-05-15T14:23:32.957+0000] {logging_mixin.py:188} INFO - [2026-05-15T14:23:32.957+0000] {dagbag.py:538} INFO - Filling up the DagBag from /opt/airflow/dags/shopee_dags.py
[2026-05-15T14:23:32.978+0000] {processor.py:840} INFO - DAG(s) 'shopee_scraper' retrieved from /opt/airflow/dags/shopee_dags.py
[2026-05-15T14:23:32.993+0000] {logging_mixin.py:188} INFO - [2026-05-15T14:23:32.992+0000] {dag.py:3036} INFO - Sync 1 DAGs
[2026-05-15T14:23:33.015+0000] {logging_mixin.py:188} INFO - [2026-05-15T14:23:33.015+0000] {dag.py:3823} INFO - Setting next_dagrun for shopee_scraper to 2026-05-15 00:00:00+00:00, run_after=2026-05-16 00:00:00+00:00
[2026-05-15T14:23:33.034+0000] {processor.py:183} INFO - Processing /opt/airflow/dags/shopee_dags.py took 0.081 seconds
[2026-05-15T14:24:03.272+0000] {processor.py:161} INFO - Started process (PID=256) to work on /opt/airflow/dags/shopee_dags.py
[2026-05-15T14:24:03.273+0000] {processor.py:830} INFO - Processing file /opt/airflow/dags/shopee_dags.py for tasks to queue
[2026-05-15T14:24:03.274+0000] {logging_mixin.py:188} INFO - [2026-05-15T14:24:03.273+0000] {dagbag.py:538} INFO - Filling up the DagBag from /opt/airflow/dags/shopee_dags.py
[2026-05-15T14:24:03.290+0000] {processor.py:840} INFO - DAG(s) 'shopee_scraper' retrieved from /opt/airflow/dags/shopee_dags.py
[2026-05-15T14:24:03.412+0000] {logging_mixin.py:188} INFO - [2026-05-15T14:24:03.412+0000] {dag.py:3036} INFO - Sync 1 DAGs
[2026-05-15T14:24:03.431+0000] {logging_mixin.py:188} INFO - [2026-05-15T14:24:03.431+0000] {dag.py:3823} INFO - Setting next_dagrun for shopee_scraper to 2026-05-15 00:00:00+00:00, run_after=2026-05-16 00:00:00+00:00
[2026-05-15T14:24:03.452+0000] {processor.py:183} INFO - Processing /opt/airflow/dags/shopee_dags.py took 0.183 seconds
[2026-05-15T14:24:33.556+0000] {processor.py:161} INFO - Started process (PID=261) to work on /opt/airflow/dags/shopee_dags.py
[2026-05-15T14:24:33.557+0000] {processor.py:830} INFO - Processing file /opt/airflow/dags/shopee_dags.py for tasks to queue
[2026-05-15T14:24:33.558+0000] {logging_mixin.py:188} INFO - [2026-05-15T14:24:33.558+0000] {dagbag.py:538} INFO - Filling up the DagBag from /opt/airflow/dags/shopee_dags.py
[2026-05-15T14:24:33.574+0000] {processor.py:840} INFO - DAG(s) 'shopee_scraper' retrieved from /opt/airflow/dags/shopee_dags.py
[2026-05-15T14:24:33.589+0000] {logging_mixin.py:188} INFO - [2026-05-15T14:24:33.588+0000] {dag.py:3036} INFO - Sync 1 DAGs
[2026-05-15T14:24:33.610+0000] {logging_mixin.py:188} INFO - [2026-05-15T14:24:33.610+0000] {dag.py:3823} INFO - Setting next_dagrun for shopee_scraper to 2026-05-15 00:00:00+00:00, run_after=2026-05-16 00:00:00+00:00
[2026-05-15T14:24:33.640+0000] {processor.py:183} INFO - Processing /opt/airflow/dags/shopee_dags.py took 0.087 seconds
[2026-05-15T14:25:03.930+0000] {processor.py:161} INFO - Started process (PID=266) to work on /opt/airflow/dags/shopee_dags.py
[2026-05-15T14:25:03.930+0000] {processor.py:830} INFO - Processing file /opt/airflow/dags/shopee_dags.py for tasks to queue
[2026-05-15T14:25:03.931+0000] {logging_mixin.py:188} INFO - [2026-05-15T14:25:03.931+0000] {dagbag.py:538} INFO - Filling up the DagBag from /opt/airflow/dags/shopee_dags.py
[2026-05-15T14:25:03.947+0000] {processor.py:840} INFO - DAG(s) 'shopee_scraper' retrieved from /opt/airflow/dags/shopee_dags.py
[2026-05-15T14:25:04.043+0000] {logging_mixin.py:188} INFO - [2026-05-15T14:25:04.043+0000] {dag.py:3036} INFO - Sync 1 DAGs
[2026-05-15T14:25:04.062+0000] {logging_mixin.py:188} INFO - [2026-05-15T14:25:04.062+0000] {dag.py:3823} INFO - Setting next_dagrun for shopee_scraper to 2026-05-15 00:00:00+00:00, run_after=2026-05-16 00:00:00+00:00
[2026-05-15T14:25:04.092+0000] {processor.py:183} INFO - Processing /opt/airflow/dags/shopee_dags.py took 0.165 seconds
[2026-05-15T14:25:34.179+0000] {processor.py:161} INFO - Started process (PID=271) to work on /opt/airflow/dags/shopee_dags.py
[2026-05-15T14:25:34.180+0000] {processor.py:830} INFO - Processing file /opt/airflow/dags/shopee_dags.py for tasks to queue
[2026-05-15T14:25:34.181+0000] {logging_mixin.py:188} INFO - [2026-05-15T14:25:34.180+0000] {dagbag.py:538} INFO - Filling up the DagBag from /opt/airflow/dags/shopee_dags.py
[2026-05-15T14:25:34.197+0000] {processor.py:840} INFO - DAG(s) 'shopee_scraper' retrieved from /opt/airflow/dags/shopee_dags.py
[2026-05-15T14:25:34.211+0000] {logging_mixin.py:188} INFO - [2026-05-15T14:25:34.211+0000] {dag.py:3036} INFO - Sync 1 DAGs
[2026-05-15T14:25:34.234+0000] {logging_mixin.py:188} INFO - [2026-05-15T14:25:34.233+0000] {dag.py:3823} INFO - Setting next_dagrun for shopee_scraper to 2026-05-15 00:00:00+00:00, run_after=2026-05-16 00:00:00+00:00
[2026-05-15T14:25:34.253+0000] {processor.py:183} INFO - Processing /opt/airflow/dags/shopee_dags.py took 0.077 seconds
[2026-05-15T14:26:04.403+0000] {processor.py:161} INFO - Started process (PID=276) to work on /opt/airflow/dags/shopee_dags.py
[2026-05-15T14:26:04.404+0000] {processor.py:830} INFO - Processing file /opt/airflow/dags/shopee_dags.py for tasks to queue
[2026-05-15T14:26:04.405+0000] {logging_mixin.py:188} INFO - [2026-05-15T14:26:04.404+0000] {dagbag.py:538} INFO - Filling up the DagBag from /opt/airflow/dags/shopee_dags.py
[2026-05-15T14:26:04.421+0000] {processor.py:840} INFO - DAG(s) 'shopee_scraper' retrieved from /opt/airflow/dags/shopee_dags.py
[2026-05-15T14:26:04.531+0000] {logging_mixin.py:188} INFO - [2026-05-15T14:26:04.531+0000] {dag.py:3036} INFO - Sync 1 DAGs
[2026-05-15T14:26:04.549+0000] {logging_mixin.py:188} INFO - [2026-05-15T14:26:04.549+0000] {dag.py:3823} INFO - Setting next_dagrun for shopee_scraper to 2026-05-15 00:00:00+00:00, run_after=2026-05-16 00:00:00+00:00
[2026-05-15T14:26:04.571+0000] {processor.py:183} INFO - Processing /opt/airflow/dags/shopee_dags.py took 0.171 seconds
[2026-05-15T14:26:34.689+0000] {processor.py:161} INFO - Started process (PID=281) to work on /opt/airflow/dags/shopee_dags.py
[2026-05-15T14:26:34.691+0000] {processor.py:830} INFO - Processing file /opt/airflow/dags/shopee_dags.py for tasks to queue
[2026-05-15T14:26:34.692+0000] {logging_mixin.py:188} INFO - [2026-05-15T14:26:34.692+0000] {dagbag.py:538} INFO - Filling up the DagBag from /opt/airflow/dags/shopee_dags.py
[2026-05-15T14:26:34.724+0000] {processor.py:840} INFO - DAG(s) 'shopee_scraper' retrieved from /opt/airflow/dags/shopee_dags.py
[2026-05-15T14:26:34.767+0000] {logging_mixin.py:188} INFO - [2026-05-15T14:26:34.766+0000] {dag.py:3036} INFO - Sync 1 DAGs
[2026-05-15T14:26:34.800+0000] {logging_mixin.py:188} INFO - [2026-05-15T14:26:34.800+0000] {dag.py:3823} INFO - Setting next_dagrun for shopee_scraper to 2026-05-15 00:00:00+00:00, run_after=2026-05-16 00:00:00+00:00
[2026-05-15T14:26:34.827+0000] {processor.py:183} INFO - Processing /opt/airflow/dags/shopee_dags.py took 0.143 seconds
[2026-05-15T14:27:05.034+0000] {processor.py:161} INFO - Started process (PID=286) to work on /opt/airflow/dags/shopee_dags.py
[2026-05-15T14:27:05.035+0000] {processor.py:830} INFO - Processing file /opt/airflow/dags/shopee_dags.py for tasks to queue
[2026-05-15T14:27:05.035+0000] {logging_mixin.py:188} INFO - [2026-05-15T14:27:05.035+0000] {dagbag.py:538} INFO - Filling up the DagBag from /opt/airflow/dags/shopee_dags.py
[2026-05-15T14:27:05.052+0000] {processor.py:840} INFO - DAG(s) 'shopee_scraper' retrieved from /opt/airflow/dags/shopee_dags.py
[2026-05-15T14:27:05.066+0000] {logging_mixin.py:188} INFO - [2026-05-15T14:27:05.066+0000] {dag.py:3036} INFO - Sync 1 DAGs
[2026-05-15T14:27:05.090+0000] {logging_mixin.py:188} INFO - [2026-05-15T14:27:05.089+0000] {dag.py:3823} INFO - Setting next_dagrun for shopee_scraper to 2026-05-15 00:00:00+00:00, run_after=2026-05-16 00:00:00+00:00
[2026-05-15T14:27:05.108+0000] {processor.py:183} INFO - Processing /opt/airflow/dags/shopee_dags.py took 0.077 seconds
[2026-05-15T14:27:35.258+0000] {processor.py:161} INFO - Started process (PID=291) to work on /opt/airflow/dags/shopee_dags.py
[2026-05-15T14:27:35.259+0000] {processor.py:830} INFO - Processing file /opt/airflow/dags/shopee_dags.py for tasks to queue
[2026-05-15T14:27:35.260+0000] {logging_mixin.py:188} INFO - [2026-05-15T14:27:35.260+0000] {dagbag.py:538} INFO - Filling up the DagBag from /opt/airflow/dags/shopee_dags.py
[2026-05-15T14:27:35.277+0000] {processor.py:840} INFO - DAG(s) 'shopee_scraper' retrieved from /opt/airflow/dags/shopee_dags.py
[2026-05-15T14:27:35.378+0000] {logging_mixin.py:188} INFO - [2026-05-15T14:27:35.378+0000] {dag.py:3036} INFO - Sync 1 DAGs
[2026-05-15T14:27:35.400+0000] {logging_mixin.py:188} INFO - [2026-05-15T14:27:35.400+0000] {dag.py:3823} INFO - Setting next_dagrun for shopee_scraper to 2026-05-15 00:00:00+00:00, run_after=2026-05-16 00:00:00+00:00
[2026-05-15T14:27:35.422+0000] {processor.py:183} INFO - Processing /opt/airflow/dags/shopee_dags.py took 0.166 seconds
[2026-05-15T14:28:05.529+0000] {processor.py:161} INFO - Started process (PID=296) to work on /opt/airflow/dags/shopee_dags.py
[2026-05-15T14:28:05.530+0000] {processor.py:830} INFO - Processing file /opt/airflow/dags/shopee_dags.py for tasks to queue
[2026-05-15T14:28:05.531+0000] {logging_mixin.py:188} INFO - [2026-05-15T14:28:05.531+0000] {dagbag.py:538} INFO - Filling up the DagBag from /opt/airflow/dags/shopee_dags.py
[2026-05-15T14:28:05.548+0000] {processor.py:840} INFO - DAG(s) 'shopee_scraper' retrieved from /opt/airflow/dags/shopee_dags.py
[2026-05-15T14:28:05.563+0000] {logging_mixin.py:188} INFO - [2026-05-15T14:28:05.563+0000] {dag.py:3036} INFO - Sync 1 DAGs
[2026-05-15T14:28:05.587+0000] {logging_mixin.py:188} INFO - [2026-05-15T14:28:05.586+0000] {dag.py:3823} INFO - Setting next_dagrun for shopee_scraper to 2026-05-15 00:00:00+00:00, run_after=2026-05-16 00:00:00+00:00
[2026-05-15T14:28:05.608+0000] {processor.py:183} INFO - Processing /opt/airflow/dags/shopee_dags.py took 0.081 seconds
[2026-05-15T14:28:35.779+0000] {processor.py:161} INFO - Started process (PID=301) to work on /opt/airflow/dags/shopee_dags.py
[2026-05-15T14:28:35.780+0000] {processor.py:830} INFO - Processing file /opt/airflow/dags/shopee_dags.py for tasks to queue
[2026-05-15T14:28:35.781+0000] {logging_mixin.py:188} INFO - [2026-05-15T14:28:35.780+0000] {dagbag.py:538} INFO - Filling up the DagBag from /opt/airflow/dags/shopee_dags.py
[2026-05-15T14:28:35.800+0000] {processor.py:840} INFO - DAG(s) 'shopee_scraper' retrieved from /opt/airflow/dags/shopee_dags.py
[2026-05-15T14:28:35.909+0000] {logging_mixin.py:188} INFO - [2026-05-15T14:28:35.908+0000] {dag.py:3036} INFO - Sync 1 DAGs
[2026-05-15T14:28:35.929+0000] {logging_mixin.py:188} INFO - [2026-05-15T14:28:35.928+0000] {dag.py:3823} INFO - Setting next_dagrun for shopee_scraper to 2026-05-15 00:00:00+00:00, run_after=2026-05-16 00:00:00+00:00
[2026-05-15T14:28:35.947+0000] {processor.py:183} INFO - Processing /opt/airflow/dags/shopee_dags.py took 0.171 seconds
[2026-05-15T14:29:06.045+0000] {processor.py:161} INFO - Started process (PID=306) to work on /opt/airflow/dags/shopee_dags.py
[2026-05-15T14:29:06.045+0000] {processor.py:830} INFO - Processing file /opt/airflow/dags/shopee_dags.py for tasks to queue
[2026-05-15T14:29:06.046+0000] {logging_mixin.py:188} INFO - [2026-05-15T14:29:06.046+0000] {dagbag.py:538} INFO - Filling up the DagBag from /opt/airflow/dags/shopee_dags.py
[2026-05-15T14:29:06.062+0000] {processor.py:840} INFO - DAG(s) 'shopee_scraper' retrieved from /opt/airflow/dags/shopee_dags.py
[2026-05-15T14:29:06.078+0000] {logging_mixin.py:188} INFO - [2026-05-15T14:29:06.078+0000] {dag.py:3036} INFO - Sync 1 DAGs
[2026-05-15T14:29:06.102+0000] {logging_mixin.py:188} INFO - [2026-05-15T14:29:06.101+0000] {dag.py:3823} INFO - Setting next_dagrun for shopee_scraper to 2026-05-15 00:00:00+00:00, run_after=2026-05-16 00:00:00+00:00
[2026-05-15T14:29:06.121+0000] {processor.py:183} INFO - Processing /opt/airflow/dags/shopee_dags.py took 0.079 seconds
[2026-05-15T14:29:36.306+0000] {processor.py:161} INFO - Started process (PID=311) to work on /opt/airflow/dags/shopee_dags.py
[2026-05-15T14:29:36.307+0000] {processor.py:830} INFO - Processing file /opt/airflow/dags/shopee_dags.py for tasks to queue
[2026-05-15T14:29:36.308+0000] {logging_mixin.py:188} INFO - [2026-05-15T14:29:36.308+0000] {dagbag.py:538} INFO - Filling up the DagBag from /opt/airflow/dags/shopee_dags.py
[2026-05-15T14:29:36.325+0000] {processor.py:840} INFO - DAG(s) 'shopee_scraper' retrieved from /opt/airflow/dags/shopee_dags.py
[2026-05-15T14:29:36.425+0000] {logging_mixin.py:188} INFO - [2026-05-15T14:29:36.425+0000] {dag.py:3036} INFO - Sync 1 DAGs
[2026-05-15T14:29:36.443+0000] {logging_mixin.py:188} INFO - [2026-05-15T14:29:36.443+0000] {dag.py:3823} INFO - Setting next_dagrun for shopee_scraper to 2026-05-15 00:00:00+00:00, run_after=2026-05-16 00:00:00+00:00
[2026-05-15T14:29:36.473+0000] {processor.py:183} INFO - Processing /opt/airflow/dags/shopee_dags.py took 0.169 seconds
[2026-05-15T14:30:06.565+0000] {processor.py:161} INFO - Started process (PID=316) to work on /opt/airflow/dags/shopee_dags.py
[2026-05-15T14:30:06.565+0000] {processor.py:830} INFO - Processing file /opt/airflow/dags/shopee_dags.py for tasks to queue
[2026-05-15T14:30:06.567+0000] {logging_mixin.py:188} INFO - [2026-05-15T14:30:06.567+0000] {dagbag.py:538} INFO - Filling up the DagBag from /opt/airflow/dags/shopee_dags.py
[2026-05-15T14:30:06.582+0000] {processor.py:840} INFO - DAG(s) 'shopee_scraper' retrieved from /opt/airflow/dags/shopee_dags.py
[2026-05-15T14:30:06.596+0000] {logging_mixin.py:188} INFO - [2026-05-15T14:30:06.596+0000] {dag.py:3036} INFO - Sync 1 DAGs
[2026-05-15T14:30:06.618+0000] {logging_mixin.py:188} INFO - [2026-05-15T14:30:06.618+0000] {dag.py:3823} INFO - Setting next_dagrun for shopee_scraper to 2026-05-15 00:00:00+00:00, run_after=2026-05-16 00:00:00+00:00
[2026-05-15T14:30:06.647+0000] {processor.py:183} INFO - Processing /opt/airflow/dags/shopee_dags.py took 0.085 seconds
[2026-05-15T14:30:36.903+0000] {processor.py:161} INFO - Started process (PID=321) to work on /opt/airflow/dags/shopee_dags.py
[2026-05-15T14:30:36.904+0000] {processor.py:830} INFO - Processing file /opt/airflow/dags/shopee_dags.py for tasks to queue
[2026-05-15T14:30:36.906+0000] {logging_mixin.py:188} INFO - [2026-05-15T14:30:36.905+0000] {dagbag.py:538} INFO - Filling up the DagBag from /opt/airflow/dags/shopee_dags.py
[2026-05-15T14:30:36.925+0000] {processor.py:840} INFO - DAG(s) 'shopee_scraper' retrieved from /opt/airflow/dags/shopee_dags.py
[2026-05-15T14:30:37.022+0000] {logging_mixin.py:188} INFO - [2026-05-15T14:30:37.022+0000] {dag.py:3036} INFO - Sync 1 DAGs
[2026-05-15T14:30:37.043+0000] {logging_mixin.py:188} INFO - [2026-05-15T14:30:37.043+0000] {dag.py:3823} INFO - Setting next_dagrun for shopee_scraper to 2026-05-15 00:00:00+00:00, run_after=2026-05-16 00:00:00+00:00
[2026-05-15T14:30:37.063+0000] {processor.py:183} INFO - Processing /opt/airflow/dags/shopee_dags.py took 0.163 seconds
[2026-05-15T14:31:07.153+0000] {processor.py:161} INFO - Started process (PID=326) to work on /opt/airflow/dags/shopee_dags.py
[2026-05-15T14:31:07.155+0000] {processor.py:830} INFO - Processing file /opt/airflow/dags/shopee_dags.py for tasks to queue
[2026-05-15T14:31:07.157+0000] {logging_mixin.py:188} INFO - [2026-05-15T14:31:07.156+0000] {dagbag.py:538} INFO - Filling up the DagBag from /opt/airflow/dags/shopee_dags.py
[2026-05-15T14:31:07.180+0000] {processor.py:840} INFO - DAG(s) 'shopee_scraper' retrieved from /opt/airflow/dags/shopee_dags.py
[2026-05-15T14:31:07.215+0000] {logging_mixin.py:188} INFO - [2026-05-15T14:31:07.215+0000] {dag.py:3036} INFO - Sync 1 DAGs
[2026-05-15T14:31:07.249+0000] {logging_mixin.py:188} INFO - [2026-05-15T14:31:07.249+0000] {dag.py:3823} INFO - Setting next_dagrun for shopee_scraper to 2026-05-15 00:00:00+00:00, run_after=2026-05-16 00:00:00+00:00
[2026-05-15T14:31:07.285+0000] {processor.py:183} INFO - Processing /opt/airflow/dags/shopee_dags.py took 0.139 seconds
[2026-05-15T14:31:37.512+0000] {processor.py:161} INFO - Started process (PID=331) to work on /opt/airflow/dags/shopee_dags.py
[2026-05-15T14:31:37.512+0000] {processor.py:830} INFO - Processing file /opt/airflow/dags/shopee_dags.py for tasks to queue
[2026-05-15T14:31:37.513+0000] {logging_mixin.py:188} INFO - [2026-05-15T14:31:37.513+0000] {dagbag.py:538} INFO - Filling up the DagBag from /opt/airflow/dags/shopee_dags.py
[2026-05-15T14:31:37.529+0000] {processor.py:840} INFO - DAG(s) 'shopee_scraper' retrieved from /opt/airflow/dags/shopee_dags.py
[2026-05-15T14:31:37.542+0000] {logging_mixin.py:188} INFO - [2026-05-15T14:31:37.542+0000] {dag.py:3036} INFO - Sync 1 DAGs
[2026-05-15T14:31:37.566+0000] {logging_mixin.py:188} INFO - [2026-05-15T14:31:37.565+0000] {dag.py:3823} INFO - Setting next_dagrun for shopee_scraper to 2026-05-15 00:00:00+00:00, run_after=2026-05-16 00:00:00+00:00
[2026-05-15T14:31:37.595+0000] {processor.py:183} INFO - Processing /opt/airflow/dags/shopee_dags.py took 0.086 seconds
[2026-05-15T14:32:07.774+0000] {processor.py:161} INFO - Started process (PID=336) to work on /opt/airflow/dags/shopee_dags.py
[2026-05-15T14:32:07.775+0000] {processor.py:830} INFO - Processing file /opt/airflow/dags/shopee_dags.py for tasks to queue
[2026-05-15T14:32:07.776+0000] {logging_mixin.py:188} INFO - [2026-05-15T14:32:07.776+0000] {dagbag.py:538} INFO - Filling up the DagBag from /opt/airflow/dags/shopee_dags.py
[2026-05-15T14:32:07.796+0000] {processor.py:840} INFO - DAG(s) 'shopee_scraper' retrieved from /opt/airflow/dags/shopee_dags.py
[2026-05-15T14:32:07.894+0000] {logging_mixin.py:188} INFO - [2026-05-15T14:32:07.894+0000] {dag.py:3036} INFO - Sync 1 DAGs
[2026-05-15T14:32:07.912+0000] {logging_mixin.py:188} INFO - [2026-05-15T14:32:07.912+0000] {dag.py:3823} INFO - Setting next_dagrun for shopee_scraper to 2026-05-15 00:00:00+00:00, run_after=2026-05-16 00:00:00+00:00
[2026-05-15T14:32:07.942+0000] {processor.py:183} INFO - Processing /opt/airflow/dags/shopee_dags.py took 0.170 seconds
[2026-05-15T14:32:38.102+0000] {processor.py:161} INFO - Started process (PID=341) to work on /opt/airflow/dags/shopee_dags.py
[2026-05-15T14:32:38.103+0000] {processor.py:830} INFO - Processing file /opt/airflow/dags/shopee_dags.py for tasks to queue
[2026-05-15T14:32:38.104+0000] {logging_mixin.py:188} INFO - [2026-05-15T14:32:38.104+0000] {dagbag.py:538} INFO - Filling up the DagBag from /opt/airflow/dags/shopee_dags.py
[2026-05-15T14:32:38.120+0000] {processor.py:840} INFO - DAG(s) 'shopee_scraper' retrieved from /opt/airflow/dags/shopee_dags.py
[2026-05-15T14:32:38.136+0000] {logging_mixin.py:188} INFO - [2026-05-15T14:32:38.135+0000] {dag.py:3036} INFO - Sync 1 DAGs
[2026-05-15T14:32:38.157+0000] {logging_mixin.py:188} INFO - [2026-05-15T14:32:38.157+0000] {dag.py:3823} INFO - Setting next_dagrun for shopee_scraper to 2026-05-15 00:00:00+00:00, run_after=2026-05-16 00:00:00+00:00
[2026-05-15T14:32:38.175+0000] {processor.py:183} INFO - Processing /opt/airflow/dags/shopee_dags.py took 0.076 seconds
[2026-05-15T14:33:08.398+0000] {processor.py:161} INFO - Started process (PID=346) to work on /opt/airflow/dags/shopee_dags.py
[2026-05-15T14:33:08.399+0000] {processor.py:830} INFO - Processing file /opt/airflow/dags/shopee_dags.py for tasks to queue
[2026-05-15T14:33:08.401+0000] {logging_mixin.py:188} INFO - [2026-05-15T14:33:08.400+0000] {dagbag.py:538} INFO - Filling up the DagBag from /opt/airflow/dags/shopee_dags.py
[2026-05-15T14:33:08.426+0000] {processor.py:840} INFO - DAG(s) 'shopee_scraper' retrieved from /opt/airflow/dags/shopee_dags.py
[2026-05-15T14:33:09.270+0000] {logging_mixin.py:188} INFO - [2026-05-15T14:33:09.269+0000] {dag.py:3036} INFO - Sync 1 DAGs
[2026-05-15T14:33:09.448+0000] {logging_mixin.py:188} INFO - [2026-05-15T14:33:09.446+0000] {dag.py:3823} INFO - Setting next_dagrun for shopee_scraper to 2026-05-15 00:00:00+00:00, run_after=2026-05-16 00:00:00+00:00
[2026-05-15T14:33:09.601+0000] {processor.py:183} INFO - Processing /opt/airflow/dags/shopee_dags.py took 1.206 seconds
