[2026-05-28T01:21:14.796+0000] {processor.py:161} INFO - Started process (PID=173) to work on /opt/airflow/dags/shopee_dag.py
[2026-05-28T01:21:14.830+0000] {processor.py:830} INFO - Processing file /opt/airflow/dags/shopee_dag.py for tasks to queue
[2026-05-28T01:21:14.896+0000] {logging_mixin.py:188} INFO - [2026-05-28T01:21:14.887+0000] {dagbag.py:545} INFO - Filling up the DagBag from /opt/airflow/dags/shopee_dag.py
[2026-05-28T01:21:17.642+0000] {processor.py:840} INFO - DAG(s) 'shopee_pipeline' retrieved from /opt/airflow/dags/shopee_dag.py
[2026-05-28T01:21:18.551+0000] {logging_mixin.py:188} INFO - [2026-05-28T01:21:18.543+0000] {dag.py:3096} INFO - Sync 1 DAGs
[2026-05-28T01:21:19.036+0000] {logging_mixin.py:188} INFO - [2026-05-28T01:21:19.035+0000] {dag.py:3954} INFO - Setting next_dagrun for shopee_pipeline to 2026-05-28 01:00:00+00:00, run_after=2026-05-29 01:00:00+00:00
[2026-05-28T01:21:19.310+0000] {processor.py:183} INFO - Processing /opt/airflow/dags/shopee_dag.py took 4.747 seconds
[2026-05-28T01:21:50.138+0000] {processor.py:161} INFO - Started process (PID=296) to work on /opt/airflow/dags/shopee_dag.py
[2026-05-28T01:21:50.140+0000] {processor.py:830} INFO - Processing file /opt/airflow/dags/shopee_dag.py for tasks to queue
[2026-05-28T01:21:50.144+0000] {logging_mixin.py:188} INFO - [2026-05-28T01:21:50.143+0000] {dagbag.py:545} INFO - Filling up the DagBag from /opt/airflow/dags/shopee_dag.py
[2026-05-28T01:21:52.826+0000] {processor.py:840} INFO - DAG(s) 'shopee_pipeline' retrieved from /opt/airflow/dags/shopee_dag.py
[2026-05-28T01:21:52.879+0000] {logging_mixin.py:188} INFO - [2026-05-28T01:21:52.878+0000] {dag.py:3096} INFO - Sync 1 DAGs
[2026-05-28T01:21:53.008+0000] {logging_mixin.py:188} INFO - [2026-05-28T01:21:53.007+0000] {dag.py:3954} INFO - Setting next_dagrun for shopee_pipeline to 2026-05-28 01:00:00+00:00, run_after=2026-05-29 01:00:00+00:00
[2026-05-28T01:21:53.068+0000] {processor.py:183} INFO - Processing /opt/airflow/dags/shopee_dag.py took 2.941 seconds
[2026-05-28T01:22:29.528+0000] {processor.py:161} INFO - Started process (PID=395) to work on /opt/airflow/dags/shopee_dag.py
[2026-05-28T01:22:29.532+0000] {processor.py:830} INFO - Processing file /opt/airflow/dags/shopee_dag.py for tasks to queue
[2026-05-28T01:22:29.537+0000] {logging_mixin.py:188} INFO - [2026-05-28T01:22:29.537+0000] {dagbag.py:545} INFO - Filling up the DagBag from /opt/airflow/dags/shopee_dag.py
[2026-05-28T01:22:29.998+0000] {processor.py:840} INFO - DAG(s) 'shopee_pipeline' retrieved from /opt/airflow/dags/shopee_dag.py
[2026-05-28T01:22:32.163+0000] {logging_mixin.py:188} INFO - [2026-05-28T01:22:32.163+0000] {dag.py:3096} INFO - Sync 1 DAGs
[2026-05-28T01:22:32.573+0000] {logging_mixin.py:188} INFO - [2026-05-28T01:22:32.572+0000] {dag.py:3954} INFO - Setting next_dagrun for shopee_pipeline to 2026-05-28 01:00:00+00:00, run_after=2026-05-29 01:00:00+00:00
[2026-05-28T01:22:32.972+0000] {processor.py:183} INFO - Processing /opt/airflow/dags/shopee_dag.py took 3.466 seconds
[2026-05-28T01:23:03.319+0000] {processor.py:161} INFO - Started process (PID=416) to work on /opt/airflow/dags/shopee_dag.py
[2026-05-28T01:23:03.322+0000] {processor.py:830} INFO - Processing file /opt/airflow/dags/shopee_dag.py for tasks to queue
[2026-05-28T01:23:03.327+0000] {logging_mixin.py:188} INFO - [2026-05-28T01:23:03.326+0000] {dagbag.py:545} INFO - Filling up the DagBag from /opt/airflow/dags/shopee_dag.py
[2026-05-28T01:23:03.854+0000] {processor.py:840} INFO - DAG(s) 'shopee_pipeline' retrieved from /opt/airflow/dags/shopee_dag.py
[2026-05-28T01:23:04.006+0000] {logging_mixin.py:188} INFO - [2026-05-28T01:23:04.005+0000] {dag.py:3096} INFO - Sync 1 DAGs
[2026-05-28T01:23:04.081+0000] {logging_mixin.py:188} INFO - [2026-05-28T01:23:04.080+0000] {dag.py:3954} INFO - Setting next_dagrun for shopee_pipeline to 2026-05-28 01:00:00+00:00, run_after=2026-05-29 01:00:00+00:00
[2026-05-28T01:23:04.178+0000] {processor.py:183} INFO - Processing /opt/airflow/dags/shopee_dag.py took 0.877 seconds
[2026-05-28T01:23:34.547+0000] {processor.py:161} INFO - Started process (PID=525) to work on /opt/airflow/dags/shopee_dag.py
[2026-05-28T01:23:34.549+0000] {processor.py:830} INFO - Processing file /opt/airflow/dags/shopee_dag.py for tasks to queue
[2026-05-28T01:23:34.554+0000] {logging_mixin.py:188} INFO - [2026-05-28T01:23:34.553+0000] {dagbag.py:545} INFO - Filling up the DagBag from /opt/airflow/dags/shopee_dag.py
[2026-05-28T01:23:34.770+0000] {processor.py:840} INFO - DAG(s) 'shopee_pipeline' retrieved from /opt/airflow/dags/shopee_dag.py
[2026-05-28T01:23:34.828+0000] {logging_mixin.py:188} INFO - [2026-05-28T01:23:34.827+0000] {dag.py:3096} INFO - Sync 1 DAGs
[2026-05-28T01:23:34.870+0000] {logging_mixin.py:188} INFO - [2026-05-28T01:23:34.869+0000] {dag.py:3954} INFO - Setting next_dagrun for shopee_pipeline to 2026-05-28 01:00:00+00:00, run_after=2026-05-29 01:00:00+00:00
[2026-05-28T01:23:34.905+0000] {processor.py:183} INFO - Processing /opt/airflow/dags/shopee_dag.py took 0.371 seconds
[2026-05-28T01:24:05.316+0000] {processor.py:161} INFO - Started process (PID=617) to work on /opt/airflow/dags/shopee_dag.py
[2026-05-28T01:24:05.318+0000] {processor.py:830} INFO - Processing file /opt/airflow/dags/shopee_dag.py for tasks to queue
[2026-05-28T01:24:05.321+0000] {logging_mixin.py:188} INFO - [2026-05-28T01:24:05.321+0000] {dagbag.py:545} INFO - Filling up the DagBag from /opt/airflow/dags/shopee_dag.py
[2026-05-28T01:24:05.569+0000] {processor.py:840} INFO - DAG(s) 'shopee_pipeline' retrieved from /opt/airflow/dags/shopee_dag.py
[2026-05-28T01:24:05.649+0000] {logging_mixin.py:188} INFO - [2026-05-28T01:24:05.647+0000] {dag.py:3096} INFO - Sync 1 DAGs
[2026-05-28T01:24:05.704+0000] {logging_mixin.py:188} INFO - [2026-05-28T01:24:05.704+0000] {dag.py:3954} INFO - Setting next_dagrun for shopee_pipeline to 2026-05-28 01:00:00+00:00, run_after=2026-05-29 01:00:00+00:00
[2026-05-28T01:24:05.768+0000] {processor.py:183} INFO - Processing /opt/airflow/dags/shopee_dag.py took 0.465 seconds
[2026-05-28T01:24:36.613+0000] {processor.py:161} INFO - Started process (PID=655) to work on /opt/airflow/dags/shopee_dag.py
[2026-05-28T01:24:36.616+0000] {processor.py:830} INFO - Processing file /opt/airflow/dags/shopee_dag.py for tasks to queue
[2026-05-28T01:24:36.621+0000] {logging_mixin.py:188} INFO - [2026-05-28T01:24:36.620+0000] {dagbag.py:545} INFO - Filling up the DagBag from /opt/airflow/dags/shopee_dag.py
[2026-05-28T01:24:37.074+0000] {processor.py:840} INFO - DAG(s) 'shopee_pipeline' retrieved from /opt/airflow/dags/shopee_dag.py
[2026-05-28T01:24:37.215+0000] {logging_mixin.py:188} INFO - [2026-05-28T01:24:37.214+0000] {dag.py:3096} INFO - Sync 1 DAGs
[2026-05-28T01:24:37.422+0000] {logging_mixin.py:188} INFO - [2026-05-28T01:24:37.418+0000] {dag.py:3954} INFO - Setting next_dagrun for shopee_pipeline to 2026-05-28 01:00:00+00:00, run_after=2026-05-29 01:00:00+00:00
[2026-05-28T01:24:37.606+0000] {processor.py:183} INFO - Processing /opt/airflow/dags/shopee_dag.py took 1.011 seconds
[2026-05-28T01:25:10.948+0000] {processor.py:161} INFO - Started process (PID=750) to work on /opt/airflow/dags/shopee_dag.py
[2026-05-28T01:25:10.969+0000] {processor.py:830} INFO - Processing file /opt/airflow/dags/shopee_dag.py for tasks to queue
[2026-05-28T01:25:10.976+0000] {logging_mixin.py:188} INFO - [2026-05-28T01:25:10.975+0000] {dagbag.py:545} INFO - Filling up the DagBag from /opt/airflow/dags/shopee_dag.py
[2026-05-28T01:25:12.312+0000] {processor.py:840} INFO - DAG(s) 'shopee_pipeline' retrieved from /opt/airflow/dags/shopee_dag.py
[2026-05-28T01:25:13.279+0000] {logging_mixin.py:188} INFO - [2026-05-28T01:25:13.275+0000] {dag.py:3096} INFO - Sync 1 DAGs
[2026-05-28T01:25:14.469+0000] {logging_mixin.py:188} INFO - [2026-05-28T01:25:14.459+0000] {dag.py:3954} INFO - Setting next_dagrun for shopee_pipeline to 2026-05-28 01:00:00+00:00, run_after=2026-05-29 01:00:00+00:00
[2026-05-28T01:25:15.013+0000] {processor.py:183} INFO - Processing /opt/airflow/dags/shopee_dag.py took 4.096 seconds
[2026-05-28T01:25:45.266+0000] {processor.py:161} INFO - Started process (PID=767) to work on /opt/airflow/dags/shopee_dag.py
[2026-05-28T01:25:45.269+0000] {processor.py:830} INFO - Processing file /opt/airflow/dags/shopee_dag.py for tasks to queue
[2026-05-28T01:25:45.273+0000] {logging_mixin.py:188} INFO - [2026-05-28T01:25:45.272+0000] {dagbag.py:545} INFO - Filling up the DagBag from /opt/airflow/dags/shopee_dag.py
[2026-05-28T01:25:45.468+0000] {processor.py:840} INFO - DAG(s) 'shopee_pipeline' retrieved from /opt/airflow/dags/shopee_dag.py
[2026-05-28T01:25:45.544+0000] {logging_mixin.py:188} INFO - [2026-05-28T01:25:45.543+0000] {dag.py:3096} INFO - Sync 1 DAGs
[2026-05-28T01:25:45.611+0000] {logging_mixin.py:188} INFO - [2026-05-28T01:25:45.610+0000] {dag.py:3954} INFO - Setting next_dagrun for shopee_pipeline to 2026-05-28 01:00:00+00:00, run_after=2026-05-29 01:00:00+00:00
[2026-05-28T01:25:45.653+0000] {processor.py:183} INFO - Processing /opt/airflow/dags/shopee_dag.py took 0.400 seconds
[2026-05-28T01:26:16.292+0000] {processor.py:161} INFO - Started process (PID=855) to work on /opt/airflow/dags/shopee_dag.py
[2026-05-28T01:26:16.293+0000] {processor.py:830} INFO - Processing file /opt/airflow/dags/shopee_dag.py for tasks to queue
[2026-05-28T01:26:16.296+0000] {logging_mixin.py:188} INFO - [2026-05-28T01:26:16.295+0000] {dagbag.py:545} INFO - Filling up the DagBag from /opt/airflow/dags/shopee_dag.py
[2026-05-28T01:26:16.455+0000] {processor.py:840} INFO - DAG(s) 'shopee_pipeline' retrieved from /opt/airflow/dags/shopee_dag.py
[2026-05-28T01:26:16.506+0000] {logging_mixin.py:188} INFO - [2026-05-28T01:26:16.506+0000] {dag.py:3096} INFO - Sync 1 DAGs
[2026-05-28T01:26:16.549+0000] {logging_mixin.py:188} INFO - [2026-05-28T01:26:16.549+0000] {dag.py:3954} INFO - Setting next_dagrun for shopee_pipeline to 2026-05-28 01:00:00+00:00, run_after=2026-05-29 01:00:00+00:00
[2026-05-28T01:26:16.702+0000] {processor.py:183} INFO - Processing /opt/airflow/dags/shopee_dag.py took 0.419 seconds
[2026-05-28T01:26:47.286+0000] {processor.py:161} INFO - Started process (PID=869) to work on /opt/airflow/dags/shopee_dag.py
[2026-05-28T01:26:47.287+0000] {processor.py:830} INFO - Processing file /opt/airflow/dags/shopee_dag.py for tasks to queue
[2026-05-28T01:26:47.290+0000] {logging_mixin.py:188} INFO - [2026-05-28T01:26:47.290+0000] {dagbag.py:545} INFO - Filling up the DagBag from /opt/airflow/dags/shopee_dag.py
[2026-05-28T01:26:47.490+0000] {processor.py:840} INFO - DAG(s) 'shopee_pipeline' retrieved from /opt/airflow/dags/shopee_dag.py
[2026-05-28T01:26:47.553+0000] {logging_mixin.py:188} INFO - [2026-05-28T01:26:47.553+0000] {dag.py:3096} INFO - Sync 1 DAGs
[2026-05-28T01:26:47.596+0000] {logging_mixin.py:188} INFO - [2026-05-28T01:26:47.595+0000] {dag.py:3954} INFO - Setting next_dagrun for shopee_pipeline to 2026-05-28 01:00:00+00:00, run_after=2026-05-29 01:00:00+00:00
[2026-05-28T01:26:47.645+0000] {processor.py:183} INFO - Processing /opt/airflow/dags/shopee_dag.py took 0.369 seconds
[2026-05-28T01:27:18.650+0000] {processor.py:161} INFO - Started process (PID=959) to work on /opt/airflow/dags/shopee_dag.py
[2026-05-28T01:27:18.668+0000] {processor.py:830} INFO - Processing file /opt/airflow/dags/shopee_dag.py for tasks to queue
[2026-05-28T01:27:18.730+0000] {logging_mixin.py:188} INFO - [2026-05-28T01:27:18.725+0000] {dagbag.py:545} INFO - Filling up the DagBag from /opt/airflow/dags/shopee_dag.py
[2026-05-28T01:27:21.253+0000] {processor.py:840} INFO - DAG(s) 'shopee_pipeline' retrieved from /opt/airflow/dags/shopee_dag.py
[2026-05-28T01:27:21.460+0000] {logging_mixin.py:188} INFO - [2026-05-28T01:27:21.459+0000] {dag.py:3096} INFO - Sync 1 DAGs
[2026-05-28T01:27:21.551+0000] {logging_mixin.py:188} INFO - [2026-05-28T01:27:21.550+0000] {dag.py:3954} INFO - Setting next_dagrun for shopee_pipeline to 2026-05-28 01:00:00+00:00, run_after=2026-05-29 01:00:00+00:00
[2026-05-28T01:27:21.651+0000] {processor.py:183} INFO - Processing /opt/airflow/dags/shopee_dag.py took 3.465 seconds
[2026-05-28T01:27:52.129+0000] {processor.py:161} INFO - Started process (PID=974) to work on /opt/airflow/dags/shopee_dag.py
[2026-05-28T01:27:52.132+0000] {processor.py:830} INFO - Processing file /opt/airflow/dags/shopee_dag.py for tasks to queue
[2026-05-28T01:27:52.140+0000] {logging_mixin.py:188} INFO - [2026-05-28T01:27:52.138+0000] {dagbag.py:545} INFO - Filling up the DagBag from /opt/airflow/dags/shopee_dag.py
[2026-05-28T01:27:52.424+0000] {processor.py:840} INFO - DAG(s) 'shopee_pipeline' retrieved from /opt/airflow/dags/shopee_dag.py
[2026-05-28T01:27:52.520+0000] {logging_mixin.py:188} INFO - [2026-05-28T01:27:52.519+0000] {dag.py:3096} INFO - Sync 1 DAGs
[2026-05-28T01:27:52.600+0000] {logging_mixin.py:188} INFO - [2026-05-28T01:27:52.599+0000] {dag.py:3954} INFO - Setting next_dagrun for shopee_pipeline to 2026-05-28 01:00:00+00:00, run_after=2026-05-29 01:00:00+00:00
[2026-05-28T01:27:52.659+0000] {processor.py:183} INFO - Processing /opt/airflow/dags/shopee_dag.py took 0.547 seconds
[2026-05-28T01:28:23.180+0000] {processor.py:161} INFO - Started process (PID=1076) to work on /opt/airflow/dags/shopee_dag.py
[2026-05-28T01:28:23.182+0000] {processor.py:830} INFO - Processing file /opt/airflow/dags/shopee_dag.py for tasks to queue
[2026-05-28T01:28:23.185+0000] {logging_mixin.py:188} INFO - [2026-05-28T01:28:23.185+0000] {dagbag.py:545} INFO - Filling up the DagBag from /opt/airflow/dags/shopee_dag.py
[2026-05-28T01:28:23.349+0000] {processor.py:840} INFO - DAG(s) 'shopee_pipeline' retrieved from /opt/airflow/dags/shopee_dag.py
[2026-05-28T01:28:23.409+0000] {logging_mixin.py:188} INFO - [2026-05-28T01:28:23.408+0000] {dag.py:3096} INFO - Sync 1 DAGs
[2026-05-28T01:28:23.451+0000] {logging_mixin.py:188} INFO - [2026-05-28T01:28:23.450+0000] {dag.py:3954} INFO - Setting next_dagrun for shopee_pipeline to 2026-05-28 01:00:00+00:00, run_after=2026-05-29 01:00:00+00:00
[2026-05-28T01:28:23.480+0000] {processor.py:183} INFO - Processing /opt/airflow/dags/shopee_dag.py took 0.310 seconds
[2026-05-28T01:28:53.597+0000] {processor.py:161} INFO - Started process (PID=1088) to work on /opt/airflow/dags/shopee_dag.py
[2026-05-28T01:28:53.599+0000] {processor.py:830} INFO - Processing file /opt/airflow/dags/shopee_dag.py for tasks to queue
[2026-05-28T01:28:53.604+0000] {logging_mixin.py:188} INFO - [2026-05-28T01:28:53.603+0000] {dagbag.py:545} INFO - Filling up the DagBag from /opt/airflow/dags/shopee_dag.py
[2026-05-28T01:28:53.858+0000] {processor.py:840} INFO - DAG(s) 'shopee_pipeline' retrieved from /opt/airflow/dags/shopee_dag.py
[2026-05-28T01:28:53.935+0000] {logging_mixin.py:188} INFO - [2026-05-28T01:28:53.934+0000] {dag.py:3096} INFO - Sync 1 DAGs
[2026-05-28T01:28:53.989+0000] {logging_mixin.py:188} INFO - [2026-05-28T01:28:53.989+0000] {dag.py:3954} INFO - Setting next_dagrun for shopee_pipeline to 2026-05-28 01:00:00+00:00, run_after=2026-05-29 01:00:00+00:00
[2026-05-28T01:28:54.038+0000] {processor.py:183} INFO - Processing /opt/airflow/dags/shopee_dag.py took 0.459 seconds
[2026-05-28T01:29:24.960+0000] {processor.py:161} INFO - Started process (PID=1212) to work on /opt/airflow/dags/shopee_dag.py
[2026-05-28T01:29:24.962+0000] {processor.py:830} INFO - Processing file /opt/airflow/dags/shopee_dag.py for tasks to queue
[2026-05-28T01:29:24.965+0000] {logging_mixin.py:188} INFO - [2026-05-28T01:29:24.965+0000] {dagbag.py:545} INFO - Filling up the DagBag from /opt/airflow/dags/shopee_dag.py
[2026-05-28T01:29:25.209+0000] {processor.py:840} INFO - DAG(s) 'shopee_pipeline' retrieved from /opt/airflow/dags/shopee_dag.py
[2026-05-28T01:29:25.356+0000] {logging_mixin.py:188} INFO - [2026-05-28T01:29:25.356+0000] {dag.py:3096} INFO - Sync 1 DAGs
[2026-05-28T01:29:25.422+0000] {logging_mixin.py:188} INFO - [2026-05-28T01:29:25.421+0000] {dag.py:3954} INFO - Setting next_dagrun for shopee_pipeline to 2026-05-28 01:00:00+00:00, run_after=2026-05-29 01:00:00+00:00
[2026-05-28T01:29:25.472+0000] {processor.py:183} INFO - Processing /opt/airflow/dags/shopee_dag.py took 0.526 seconds
[2026-05-28T01:29:55.974+0000] {processor.py:161} INFO - Started process (PID=1328) to work on /opt/airflow/dags/shopee_dag.py
[2026-05-28T01:29:55.995+0000] {processor.py:830} INFO - Processing file /opt/airflow/dags/shopee_dag.py for tasks to queue
[2026-05-28T01:29:56.035+0000] {logging_mixin.py:188} INFO - [2026-05-28T01:29:56.034+0000] {dagbag.py:545} INFO - Filling up the DagBag from /opt/airflow/dags/shopee_dag.py
[2026-05-28T01:29:57.249+0000] {processor.py:840} INFO - DAG(s) 'shopee_pipeline' retrieved from /opt/airflow/dags/shopee_dag.py
[2026-05-28T01:29:57.340+0000] {logging_mixin.py:188} INFO - [2026-05-28T01:29:57.339+0000] {dag.py:3096} INFO - Sync 1 DAGs
[2026-05-28T01:29:57.404+0000] {logging_mixin.py:188} INFO - [2026-05-28T01:29:57.403+0000] {dag.py:3954} INFO - Setting next_dagrun for shopee_pipeline to 2026-05-28 01:00:00+00:00, run_after=2026-05-29 01:00:00+00:00
[2026-05-28T01:29:57.452+0000] {processor.py:183} INFO - Processing /opt/airflow/dags/shopee_dag.py took 1.517 seconds
[2026-05-28T01:30:27.577+0000] {processor.py:161} INFO - Started process (PID=1343) to work on /opt/airflow/dags/shopee_dag.py
[2026-05-28T01:30:27.581+0000] {processor.py:830} INFO - Processing file /opt/airflow/dags/shopee_dag.py for tasks to queue
[2026-05-28T01:30:27.587+0000] {logging_mixin.py:188} INFO - [2026-05-28T01:30:27.586+0000] {dagbag.py:545} INFO - Filling up the DagBag from /opt/airflow/dags/shopee_dag.py
[2026-05-28T01:30:27.727+0000] {processor.py:840} INFO - DAG(s) 'shopee_pipeline' retrieved from /opt/airflow/dags/shopee_dag.py
[2026-05-28T01:30:27.776+0000] {logging_mixin.py:188} INFO - [2026-05-28T01:30:27.776+0000] {dag.py:3096} INFO - Sync 1 DAGs
[2026-05-28T01:30:27.843+0000] {logging_mixin.py:188} INFO - [2026-05-28T01:30:27.843+0000] {dag.py:3954} INFO - Setting next_dagrun for shopee_pipeline to 2026-05-28 01:00:00+00:00, run_after=2026-05-29 01:00:00+00:00
[2026-05-28T01:30:27.868+0000] {processor.py:183} INFO - Processing /opt/airflow/dags/shopee_dag.py took 0.297 seconds
[2026-05-28T01:30:58.127+0000] {processor.py:161} INFO - Started process (PID=1466) to work on /opt/airflow/dags/shopee_dag.py
[2026-05-28T01:30:58.128+0000] {processor.py:830} INFO - Processing file /opt/airflow/dags/shopee_dag.py for tasks to queue
[2026-05-28T01:30:58.130+0000] {logging_mixin.py:188} INFO - [2026-05-28T01:30:58.129+0000] {dagbag.py:545} INFO - Filling up the DagBag from /opt/airflow/dags/shopee_dag.py
[2026-05-28T01:30:58.271+0000] {processor.py:840} INFO - DAG(s) 'shopee_pipeline' retrieved from /opt/airflow/dags/shopee_dag.py
[2026-05-28T01:30:58.326+0000] {logging_mixin.py:188} INFO - [2026-05-28T01:30:58.325+0000] {dag.py:3096} INFO - Sync 1 DAGs
[2026-05-28T01:30:58.367+0000] {logging_mixin.py:188} INFO - [2026-05-28T01:30:58.366+0000] {dag.py:3954} INFO - Setting next_dagrun for shopee_pipeline to 2026-05-28 01:00:00+00:00, run_after=2026-05-29 01:00:00+00:00
[2026-05-28T01:30:58.400+0000] {processor.py:183} INFO - Processing /opt/airflow/dags/shopee_dag.py took 0.280 seconds
[2026-05-28T01:31:28.810+0000] {processor.py:161} INFO - Started process (PID=1587) to work on /opt/airflow/dags/shopee_dag.py
[2026-05-28T01:31:28.813+0000] {processor.py:830} INFO - Processing file /opt/airflow/dags/shopee_dag.py for tasks to queue
[2026-05-28T01:31:28.823+0000] {logging_mixin.py:188} INFO - [2026-05-28T01:31:28.822+0000] {dagbag.py:545} INFO - Filling up the DagBag from /opt/airflow/dags/shopee_dag.py
[2026-05-28T01:31:29.272+0000] {processor.py:840} INFO - DAG(s) 'shopee_pipeline' retrieved from /opt/airflow/dags/shopee_dag.py
[2026-05-28T01:31:29.492+0000] {logging_mixin.py:188} INFO - [2026-05-28T01:31:29.492+0000] {dag.py:3096} INFO - Sync 1 DAGs
[2026-05-28T01:31:29.588+0000] {logging_mixin.py:188} INFO - [2026-05-28T01:31:29.588+0000] {dag.py:3954} INFO - Setting next_dagrun for shopee_pipeline to 2026-05-28 01:00:00+00:00, run_after=2026-05-29 01:00:00+00:00
[2026-05-28T01:31:29.668+0000] {processor.py:183} INFO - Processing /opt/airflow/dags/shopee_dag.py took 0.882 seconds
[2026-05-28T01:31:59.995+0000] {processor.py:161} INFO - Started process (PID=1605) to work on /opt/airflow/dags/shopee_dag.py
[2026-05-28T01:31:59.999+0000] {processor.py:830} INFO - Processing file /opt/airflow/dags/shopee_dag.py for tasks to queue
[2026-05-28T01:32:00.010+0000] {logging_mixin.py:188} INFO - [2026-05-28T01:32:00.009+0000] {dagbag.py:545} INFO - Filling up the DagBag from /opt/airflow/dags/shopee_dag.py
[2026-05-28T01:32:00.349+0000] {processor.py:840} INFO - DAG(s) 'shopee_pipeline' retrieved from /opt/airflow/dags/shopee_dag.py
[2026-05-28T01:32:00.440+0000] {logging_mixin.py:188} INFO - [2026-05-28T01:32:00.439+0000] {dag.py:3096} INFO - Sync 1 DAGs
[2026-05-28T01:32:00.514+0000] {logging_mixin.py:188} INFO - [2026-05-28T01:32:00.512+0000] {dag.py:3954} INFO - Setting next_dagrun for shopee_pipeline to 2026-05-28 01:00:00+00:00, run_after=2026-05-29 01:00:00+00:00
[2026-05-28T01:32:00.608+0000] {processor.py:183} INFO - Processing /opt/airflow/dags/shopee_dag.py took 0.637 seconds
[2026-05-28T01:32:30.787+0000] {processor.py:161} INFO - Started process (PID=1728) to work on /opt/airflow/dags/shopee_dag.py
[2026-05-28T01:32:30.790+0000] {processor.py:830} INFO - Processing file /opt/airflow/dags/shopee_dag.py for tasks to queue
[2026-05-28T01:32:30.797+0000] {logging_mixin.py:188} INFO - [2026-05-28T01:32:30.796+0000] {dagbag.py:545} INFO - Filling up the DagBag from /opt/airflow/dags/shopee_dag.py
[2026-05-28T01:32:31.078+0000] {processor.py:840} INFO - DAG(s) 'shopee_pipeline' retrieved from /opt/airflow/dags/shopee_dag.py
[2026-05-28T01:32:31.154+0000] {logging_mixin.py:188} INFO - [2026-05-28T01:32:31.153+0000] {dag.py:3096} INFO - Sync 1 DAGs
[2026-05-28T01:32:31.220+0000] {logging_mixin.py:188} INFO - [2026-05-28T01:32:31.220+0000] {dag.py:3954} INFO - Setting next_dagrun for shopee_pipeline to 2026-05-28 01:00:00+00:00, run_after=2026-05-29 01:00:00+00:00
[2026-05-28T01:32:31.281+0000] {processor.py:183} INFO - Processing /opt/airflow/dags/shopee_dag.py took 0.516 seconds
[2026-05-28T01:33:01.711+0000] {processor.py:161} INFO - Started process (PID=1829) to work on /opt/airflow/dags/shopee_dag.py
[2026-05-28T01:33:01.713+0000] {processor.py:830} INFO - Processing file /opt/airflow/dags/shopee_dag.py for tasks to queue
[2026-05-28T01:33:01.717+0000] {logging_mixin.py:188} INFO - [2026-05-28T01:33:01.717+0000] {dagbag.py:545} INFO - Filling up the DagBag from /opt/airflow/dags/shopee_dag.py
[2026-05-28T01:33:01.980+0000] {processor.py:840} INFO - DAG(s) 'shopee_pipeline' retrieved from /opt/airflow/dags/shopee_dag.py
[2026-05-28T01:33:02.085+0000] {logging_mixin.py:188} INFO - [2026-05-28T01:33:02.084+0000] {dag.py:3096} INFO - Sync 1 DAGs
[2026-05-28T01:33:02.184+0000] {logging_mixin.py:188} INFO - [2026-05-28T01:33:02.182+0000] {dag.py:3954} INFO - Setting next_dagrun for shopee_pipeline to 2026-05-28 01:00:00+00:00, run_after=2026-05-29 01:00:00+00:00
[2026-05-28T01:33:02.342+0000] {processor.py:183} INFO - Processing /opt/airflow/dags/shopee_dag.py took 0.644 seconds
[2026-05-28T01:33:32.878+0000] {processor.py:161} INFO - Started process (PID=1860) to work on /opt/airflow/dags/shopee_dag.py
[2026-05-28T01:33:32.880+0000] {processor.py:830} INFO - Processing file /opt/airflow/dags/shopee_dag.py for tasks to queue
[2026-05-28T01:33:32.883+0000] {logging_mixin.py:188} INFO - [2026-05-28T01:33:32.883+0000] {dagbag.py:545} INFO - Filling up the DagBag from /opt/airflow/dags/shopee_dag.py
[2026-05-28T01:33:33.057+0000] {processor.py:840} INFO - DAG(s) 'shopee_pipeline' retrieved from /opt/airflow/dags/shopee_dag.py
[2026-05-28T01:33:33.110+0000] {logging_mixin.py:188} INFO - [2026-05-28T01:33:33.110+0000] {dag.py:3096} INFO - Sync 1 DAGs
[2026-05-28T01:33:33.143+0000] {logging_mixin.py:188} INFO - [2026-05-28T01:33:33.143+0000] {dag.py:3954} INFO - Setting next_dagrun for shopee_pipeline to 2026-05-28 01:00:00+00:00, run_after=2026-05-29 01:00:00+00:00
[2026-05-28T01:33:33.173+0000] {processor.py:183} INFO - Processing /opt/airflow/dags/shopee_dag.py took 0.305 seconds
[2026-05-28T01:34:03.289+0000] {processor.py:161} INFO - Started process (PID=1981) to work on /opt/airflow/dags/shopee_dag.py
[2026-05-28T01:34:03.291+0000] {processor.py:830} INFO - Processing file /opt/airflow/dags/shopee_dag.py for tasks to queue
[2026-05-28T01:34:03.298+0000] {logging_mixin.py:188} INFO - [2026-05-28T01:34:03.295+0000] {dagbag.py:545} INFO - Filling up the DagBag from /opt/airflow/dags/shopee_dag.py
[2026-05-28T01:34:03.669+0000] {processor.py:840} INFO - DAG(s) 'shopee_pipeline' retrieved from /opt/airflow/dags/shopee_dag.py
[2026-05-28T01:34:03.762+0000] {logging_mixin.py:188} INFO - [2026-05-28T01:34:03.761+0000] {dag.py:3096} INFO - Sync 1 DAGs
[2026-05-28T01:34:03.837+0000] {logging_mixin.py:188} INFO - [2026-05-28T01:34:03.837+0000] {dag.py:3954} INFO - Setting next_dagrun for shopee_pipeline to 2026-05-28 01:00:00+00:00, run_after=2026-05-29 01:00:00+00:00
[2026-05-28T01:34:03.907+0000] {processor.py:183} INFO - Processing /opt/airflow/dags/shopee_dag.py took 0.638 seconds
[2026-05-28T01:34:34.173+0000] {processor.py:161} INFO - Started process (PID=2106) to work on /opt/airflow/dags/shopee_dag.py
[2026-05-28T01:34:34.174+0000] {processor.py:830} INFO - Processing file /opt/airflow/dags/shopee_dag.py for tasks to queue
[2026-05-28T01:34:34.177+0000] {logging_mixin.py:188} INFO - [2026-05-28T01:34:34.176+0000] {dagbag.py:545} INFO - Filling up the DagBag from /opt/airflow/dags/shopee_dag.py
[2026-05-28T01:34:34.538+0000] {processor.py:840} INFO - DAG(s) 'shopee_pipeline' retrieved from /opt/airflow/dags/shopee_dag.py
[2026-05-28T01:34:34.621+0000] {logging_mixin.py:188} INFO - [2026-05-28T01:34:34.620+0000] {dag.py:3096} INFO - Sync 1 DAGs
[2026-05-28T01:34:34.689+0000] {logging_mixin.py:188} INFO - [2026-05-28T01:34:34.689+0000] {dag.py:3954} INFO - Setting next_dagrun for shopee_pipeline to 2026-05-28 01:00:00+00:00, run_after=2026-05-29 01:00:00+00:00
[2026-05-28T01:34:35.071+0000] {processor.py:183} INFO - Processing /opt/airflow/dags/shopee_dag.py took 0.906 seconds
[2026-05-28T01:35:05.516+0000] {processor.py:161} INFO - Started process (PID=2224) to work on /opt/airflow/dags/shopee_dag.py
[2026-05-28T01:35:05.519+0000] {processor.py:830} INFO - Processing file /opt/airflow/dags/shopee_dag.py for tasks to queue
[2026-05-28T01:35:05.527+0000] {logging_mixin.py:188} INFO - [2026-05-28T01:35:05.526+0000] {dagbag.py:545} INFO - Filling up the DagBag from /opt/airflow/dags/shopee_dag.py
[2026-05-28T01:35:05.836+0000] {processor.py:840} INFO - DAG(s) 'shopee_pipeline' retrieved from /opt/airflow/dags/shopee_dag.py
[2026-05-28T01:35:05.924+0000] {logging_mixin.py:188} INFO - [2026-05-28T01:35:05.923+0000] {dag.py:3096} INFO - Sync 1 DAGs
[2026-05-28T01:35:05.989+0000] {logging_mixin.py:188} INFO - [2026-05-28T01:35:05.988+0000] {dag.py:3954} INFO - Setting next_dagrun for shopee_pipeline to 2026-05-28 01:00:00+00:00, run_after=2026-05-29 01:00:00+00:00
[2026-05-28T01:35:06.043+0000] {processor.py:183} INFO - Processing /opt/airflow/dags/shopee_dag.py took 0.548 seconds
[2026-05-28T01:35:36.401+0000] {processor.py:161} INFO - Started process (PID=2238) to work on /opt/airflow/dags/shopee_dag.py
[2026-05-28T01:35:36.402+0000] {processor.py:830} INFO - Processing file /opt/airflow/dags/shopee_dag.py for tasks to queue
[2026-05-28T01:35:36.404+0000] {logging_mixin.py:188} INFO - [2026-05-28T01:35:36.404+0000] {dagbag.py:545} INFO - Filling up the DagBag from /opt/airflow/dags/shopee_dag.py
[2026-05-28T01:35:36.526+0000] {processor.py:840} INFO - DAG(s) 'shopee_pipeline' retrieved from /opt/airflow/dags/shopee_dag.py
[2026-05-28T01:35:36.565+0000] {logging_mixin.py:188} INFO - [2026-05-28T01:35:36.564+0000] {dag.py:3096} INFO - Sync 1 DAGs
[2026-05-28T01:35:36.593+0000] {logging_mixin.py:188} INFO - [2026-05-28T01:35:36.592+0000] {dag.py:3954} INFO - Setting next_dagrun for shopee_pipeline to 2026-05-28 01:00:00+00:00, run_after=2026-05-29 01:00:00+00:00
[2026-05-28T01:35:36.617+0000] {processor.py:183} INFO - Processing /opt/airflow/dags/shopee_dag.py took 0.222 seconds
[2026-05-28T01:36:06.931+0000] {processor.py:161} INFO - Started process (PID=2360) to work on /opt/airflow/dags/shopee_dag.py
[2026-05-28T01:36:06.933+0000] {processor.py:830} INFO - Processing file /opt/airflow/dags/shopee_dag.py for tasks to queue
[2026-05-28T01:36:06.935+0000] {logging_mixin.py:188} INFO - [2026-05-28T01:36:06.934+0000] {dagbag.py:545} INFO - Filling up the DagBag from /opt/airflow/dags/shopee_dag.py
[2026-05-28T01:36:07.100+0000] {processor.py:840} INFO - DAG(s) 'shopee_pipeline' retrieved from /opt/airflow/dags/shopee_dag.py
[2026-05-28T01:36:07.147+0000] {logging_mixin.py:188} INFO - [2026-05-28T01:36:07.147+0000] {dag.py:3096} INFO - Sync 1 DAGs
[2026-05-28T01:36:07.183+0000] {logging_mixin.py:188} INFO - [2026-05-28T01:36:07.183+0000] {dag.py:3954} INFO - Setting next_dagrun for shopee_pipeline to 2026-05-28 01:00:00+00:00, run_after=2026-05-29 01:00:00+00:00
[2026-05-28T01:36:07.236+0000] {processor.py:183} INFO - Processing /opt/airflow/dags/shopee_dag.py took 0.313 seconds
[2026-05-28T01:36:37.652+0000] {processor.py:161} INFO - Started process (PID=2466) to work on /opt/airflow/dags/shopee_dag.py
[2026-05-28T01:36:37.653+0000] {processor.py:830} INFO - Processing file /opt/airflow/dags/shopee_dag.py for tasks to queue
[2026-05-28T01:36:37.655+0000] {logging_mixin.py:188} INFO - [2026-05-28T01:36:37.655+0000] {dagbag.py:545} INFO - Filling up the DagBag from /opt/airflow/dags/shopee_dag.py
[2026-05-28T01:36:37.770+0000] {processor.py:840} INFO - DAG(s) 'shopee_pipeline' retrieved from /opt/airflow/dags/shopee_dag.py
[2026-05-28T01:36:37.807+0000] {logging_mixin.py:188} INFO - [2026-05-28T01:36:37.807+0000] {dag.py:3096} INFO - Sync 1 DAGs
[2026-05-28T01:36:37.835+0000] {logging_mixin.py:188} INFO - [2026-05-28T01:36:37.834+0000] {dag.py:3954} INFO - Setting next_dagrun for shopee_pipeline to 2026-05-28 01:00:00+00:00, run_after=2026-05-29 01:00:00+00:00
[2026-05-28T01:36:37.859+0000] {processor.py:183} INFO - Processing /opt/airflow/dags/shopee_dag.py took 0.215 seconds
[2026-05-28T01:37:08.314+0000] {processor.py:161} INFO - Started process (PID=2585) to work on /opt/airflow/dags/shopee_dag.py
[2026-05-28T01:37:08.317+0000] {processor.py:830} INFO - Processing file /opt/airflow/dags/shopee_dag.py for tasks to queue
[2026-05-28T01:37:08.321+0000] {logging_mixin.py:188} INFO - [2026-05-28T01:37:08.320+0000] {dagbag.py:545} INFO - Filling up the DagBag from /opt/airflow/dags/shopee_dag.py
[2026-05-28T01:37:08.580+0000] {processor.py:840} INFO - DAG(s) 'shopee_pipeline' retrieved from /opt/airflow/dags/shopee_dag.py
[2026-05-28T01:37:08.675+0000] {logging_mixin.py:188} INFO - [2026-05-28T01:37:08.674+0000] {dag.py:3096} INFO - Sync 1 DAGs
[2026-05-28T01:37:08.744+0000] {logging_mixin.py:188} INFO - [2026-05-28T01:37:08.743+0000] {dag.py:3954} INFO - Setting next_dagrun for shopee_pipeline to 2026-05-28 01:00:00+00:00, run_after=2026-05-29 01:00:00+00:00
[2026-05-28T01:37:08.790+0000] {processor.py:183} INFO - Processing /opt/airflow/dags/shopee_dag.py took 0.499 seconds
[2026-05-28T01:37:38.909+0000] {processor.py:161} INFO - Started process (PID=2601) to work on /opt/airflow/dags/shopee_dag.py
[2026-05-28T01:37:38.910+0000] {processor.py:830} INFO - Processing file /opt/airflow/dags/shopee_dag.py for tasks to queue
[2026-05-28T01:37:38.912+0000] {logging_mixin.py:188} INFO - [2026-05-28T01:37:38.912+0000] {dagbag.py:545} INFO - Filling up the DagBag from /opt/airflow/dags/shopee_dag.py
[2026-05-28T01:37:39.029+0000] {processor.py:840} INFO - DAG(s) 'shopee_pipeline' retrieved from /opt/airflow/dags/shopee_dag.py
[2026-05-28T01:37:39.064+0000] {logging_mixin.py:188} INFO - [2026-05-28T01:37:39.064+0000] {dag.py:3096} INFO - Sync 1 DAGs
[2026-05-28T01:37:39.091+0000] {logging_mixin.py:188} INFO - [2026-05-28T01:37:39.091+0000] {dag.py:3954} INFO - Setting next_dagrun for shopee_pipeline to 2026-05-28 01:00:00+00:00, run_after=2026-05-29 01:00:00+00:00
[2026-05-28T01:37:39.113+0000] {processor.py:183} INFO - Processing /opt/airflow/dags/shopee_dag.py took 0.211 seconds
[2026-05-28T01:38:09.477+0000] {processor.py:161} INFO - Started process (PID=2732) to work on /opt/airflow/dags/shopee_dag.py
[2026-05-28T01:38:09.481+0000] {processor.py:830} INFO - Processing file /opt/airflow/dags/shopee_dag.py for tasks to queue
[2026-05-28T01:38:09.491+0000] {logging_mixin.py:188} INFO - [2026-05-28T01:38:09.490+0000] {dagbag.py:545} INFO - Filling up the DagBag from /opt/airflow/dags/shopee_dag.py
[2026-05-28T01:38:09.840+0000] {processor.py:840} INFO - DAG(s) 'shopee_pipeline' retrieved from /opt/airflow/dags/shopee_dag.py
[2026-05-28T01:38:09.947+0000] {logging_mixin.py:188} INFO - [2026-05-28T01:38:09.946+0000] {dag.py:3096} INFO - Sync 1 DAGs
[2026-05-28T01:38:10.026+0000] {logging_mixin.py:188} INFO - [2026-05-28T01:38:10.025+0000] {dag.py:3954} INFO - Setting next_dagrun for shopee_pipeline to 2026-05-28 01:00:00+00:00, run_after=2026-05-29 01:00:00+00:00
[2026-05-28T01:38:10.077+0000] {processor.py:183} INFO - Processing /opt/airflow/dags/shopee_dag.py took 0.623 seconds
[2026-05-28T01:38:40.647+0000] {processor.py:161} INFO - Started process (PID=2745) to work on /opt/airflow/dags/shopee_dag.py
[2026-05-28T01:38:40.649+0000] {processor.py:830} INFO - Processing file /opt/airflow/dags/shopee_dag.py for tasks to queue
[2026-05-28T01:38:40.652+0000] {logging_mixin.py:188} INFO - [2026-05-28T01:38:40.652+0000] {dagbag.py:545} INFO - Filling up the DagBag from /opt/airflow/dags/shopee_dag.py
[2026-05-28T01:38:40.850+0000] {processor.py:840} INFO - DAG(s) 'shopee_pipeline' retrieved from /opt/airflow/dags/shopee_dag.py
[2026-05-28T01:38:40.915+0000] {logging_mixin.py:188} INFO - [2026-05-28T01:38:40.915+0000] {dag.py:3096} INFO - Sync 1 DAGs
[2026-05-28T01:38:40.959+0000] {logging_mixin.py:188} INFO - [2026-05-28T01:38:40.959+0000] {dag.py:3954} INFO - Setting next_dagrun for shopee_pipeline to 2026-05-28 01:00:00+00:00, run_after=2026-05-29 01:00:00+00:00
[2026-05-28T01:38:40.992+0000] {processor.py:183} INFO - Processing /opt/airflow/dags/shopee_dag.py took 0.361 seconds
[2026-05-28T01:39:11.296+0000] {processor.py:161} INFO - Started process (PID=2866) to work on /opt/airflow/dags/shopee_dag.py
[2026-05-28T01:39:11.297+0000] {processor.py:830} INFO - Processing file /opt/airflow/dags/shopee_dag.py for tasks to queue
[2026-05-28T01:39:11.299+0000] {logging_mixin.py:188} INFO - [2026-05-28T01:39:11.299+0000] {dagbag.py:545} INFO - Filling up the DagBag from /opt/airflow/dags/shopee_dag.py
[2026-05-28T01:39:11.459+0000] {processor.py:840} INFO - DAG(s) 'shopee_pipeline' retrieved from /opt/airflow/dags/shopee_dag.py
[2026-05-28T01:39:11.505+0000] {logging_mixin.py:188} INFO - [2026-05-28T01:39:11.504+0000] {dag.py:3096} INFO - Sync 1 DAGs
[2026-05-28T01:39:11.537+0000] {logging_mixin.py:188} INFO - [2026-05-28T01:39:11.537+0000] {dag.py:3954} INFO - Setting next_dagrun for shopee_pipeline to 2026-05-28 01:00:00+00:00, run_after=2026-05-29 01:00:00+00:00
[2026-05-28T01:39:11.564+0000] {processor.py:183} INFO - Processing /opt/airflow/dags/shopee_dag.py took 0.276 seconds
[2026-05-28T01:39:41.889+0000] {processor.py:161} INFO - Started process (PID=2989) to work on /opt/airflow/dags/shopee_dag.py
[2026-05-28T01:39:41.890+0000] {processor.py:830} INFO - Processing file /opt/airflow/dags/shopee_dag.py for tasks to queue
[2026-05-28T01:39:41.893+0000] {logging_mixin.py:188} INFO - [2026-05-28T01:39:41.892+0000] {dagbag.py:545} INFO - Filling up the DagBag from /opt/airflow/dags/shopee_dag.py
[2026-05-28T01:39:42.024+0000] {processor.py:840} INFO - DAG(s) 'shopee_pipeline' retrieved from /opt/airflow/dags/shopee_dag.py
[2026-05-28T01:39:42.066+0000] {logging_mixin.py:188} INFO - [2026-05-28T01:39:42.066+0000] {dag.py:3096} INFO - Sync 1 DAGs
[2026-05-28T01:39:42.104+0000] {logging_mixin.py:188} INFO - [2026-05-28T01:39:42.103+0000] {dag.py:3954} INFO - Setting next_dagrun for shopee_pipeline to 2026-05-28 01:00:00+00:00, run_after=2026-05-29 01:00:00+00:00
[2026-05-28T01:39:42.137+0000] {processor.py:183} INFO - Processing /opt/airflow/dags/shopee_dag.py took 0.255 seconds
[2026-05-28T01:40:12.412+0000] {processor.py:161} INFO - Started process (PID=3083) to work on /opt/airflow/dags/shopee_dag.py
[2026-05-28T01:40:12.413+0000] {processor.py:830} INFO - Processing file /opt/airflow/dags/shopee_dag.py for tasks to queue
[2026-05-28T01:40:12.415+0000] {logging_mixin.py:188} INFO - [2026-05-28T01:40:12.414+0000] {dagbag.py:545} INFO - Filling up the DagBag from /opt/airflow/dags/shopee_dag.py
[2026-05-28T01:40:12.550+0000] {processor.py:840} INFO - DAG(s) 'shopee_pipeline' retrieved from /opt/airflow/dags/shopee_dag.py
[2026-05-28T01:40:12.617+0000] {logging_mixin.py:188} INFO - [2026-05-28T01:40:12.616+0000] {dag.py:3096} INFO - Sync 1 DAGs
[2026-05-28T01:40:12.646+0000] {logging_mixin.py:188} INFO - [2026-05-28T01:40:12.646+0000] {dag.py:3954} INFO - Setting next_dagrun for shopee_pipeline to 2026-05-28 01:00:00+00:00, run_after=2026-05-29 01:00:00+00:00
[2026-05-28T01:40:12.749+0000] {processor.py:183} INFO - Processing /opt/airflow/dags/shopee_dag.py took 0.344 seconds
[2026-05-28T01:40:43.250+0000] {processor.py:161} INFO - Started process (PID=3124) to work on /opt/airflow/dags/shopee_dag.py
[2026-05-28T01:40:43.251+0000] {processor.py:830} INFO - Processing file /opt/airflow/dags/shopee_dag.py for tasks to queue
[2026-05-28T01:40:43.253+0000] {logging_mixin.py:188} INFO - [2026-05-28T01:40:43.253+0000] {dagbag.py:545} INFO - Filling up the DagBag from /opt/airflow/dags/shopee_dag.py
[2026-05-28T01:40:43.374+0000] {processor.py:840} INFO - DAG(s) 'shopee_pipeline' retrieved from /opt/airflow/dags/shopee_dag.py
[2026-05-28T01:40:43.412+0000] {logging_mixin.py:188} INFO - [2026-05-28T01:40:43.411+0000] {dag.py:3096} INFO - Sync 1 DAGs
[2026-05-28T01:40:43.439+0000] {logging_mixin.py:188} INFO - [2026-05-28T01:40:43.439+0000] {dag.py:3954} INFO - Setting next_dagrun for shopee_pipeline to 2026-05-28 01:00:00+00:00, run_after=2026-05-29 01:00:00+00:00
[2026-05-28T01:40:43.462+0000] {processor.py:183} INFO - Processing /opt/airflow/dags/shopee_dag.py took 0.219 seconds
[2026-05-28T01:41:13.795+0000] {processor.py:161} INFO - Started process (PID=3244) to work on /opt/airflow/dags/shopee_dag.py
[2026-05-28T01:41:13.797+0000] {processor.py:830} INFO - Processing file /opt/airflow/dags/shopee_dag.py for tasks to queue
[2026-05-28T01:41:13.799+0000] {logging_mixin.py:188} INFO - [2026-05-28T01:41:13.798+0000] {dagbag.py:545} INFO - Filling up the DagBag from /opt/airflow/dags/shopee_dag.py
[2026-05-28T01:41:13.941+0000] {processor.py:840} INFO - DAG(s) 'shopee_pipeline' retrieved from /opt/airflow/dags/shopee_dag.py
[2026-05-28T01:41:13.984+0000] {logging_mixin.py:188} INFO - [2026-05-28T01:41:13.984+0000] {dag.py:3096} INFO - Sync 1 DAGs
[2026-05-28T01:41:14.018+0000] {logging_mixin.py:188} INFO - [2026-05-28T01:41:14.017+0000] {dag.py:3954} INFO - Setting next_dagrun for shopee_pipeline to 2026-05-28 01:00:00+00:00, run_after=2026-05-29 01:00:00+00:00
[2026-05-28T01:41:14.046+0000] {processor.py:183} INFO - Processing /opt/airflow/dags/shopee_dag.py took 0.258 seconds
[2026-05-28T01:41:44.534+0000] {processor.py:161} INFO - Started process (PID=3366) to work on /opt/airflow/dags/shopee_dag.py
[2026-05-28T01:41:44.536+0000] {processor.py:830} INFO - Processing file /opt/airflow/dags/shopee_dag.py for tasks to queue
[2026-05-28T01:41:44.538+0000] {logging_mixin.py:188} INFO - [2026-05-28T01:41:44.537+0000] {dagbag.py:545} INFO - Filling up the DagBag from /opt/airflow/dags/shopee_dag.py
[2026-05-28T01:41:44.675+0000] {processor.py:840} INFO - DAG(s) 'shopee_pipeline' retrieved from /opt/airflow/dags/shopee_dag.py
[2026-05-28T01:41:44.720+0000] {logging_mixin.py:188} INFO - [2026-05-28T01:41:44.720+0000] {dag.py:3096} INFO - Sync 1 DAGs
[2026-05-28T01:41:44.756+0000] {logging_mixin.py:188} INFO - [2026-05-28T01:41:44.755+0000] {dag.py:3954} INFO - Setting next_dagrun for shopee_pipeline to 2026-05-28 01:00:00+00:00, run_after=2026-05-29 01:00:00+00:00
[2026-05-28T01:41:44.784+0000] {processor.py:183} INFO - Processing /opt/airflow/dags/shopee_dag.py took 0.257 seconds
[2026-05-28T01:42:15.119+0000] {processor.py:161} INFO - Started process (PID=3459) to work on /opt/airflow/dags/shopee_dag.py
[2026-05-28T01:42:15.121+0000] {processor.py:830} INFO - Processing file /opt/airflow/dags/shopee_dag.py for tasks to queue
[2026-05-28T01:42:15.125+0000] {logging_mixin.py:188} INFO - [2026-05-28T01:42:15.124+0000] {dagbag.py:545} INFO - Filling up the DagBag from /opt/airflow/dags/shopee_dag.py
[2026-05-28T01:42:15.293+0000] {processor.py:840} INFO - DAG(s) 'shopee_pipeline' retrieved from /opt/airflow/dags/shopee_dag.py
[2026-05-28T01:42:15.336+0000] {logging_mixin.py:188} INFO - [2026-05-28T01:42:15.335+0000] {dag.py:3096} INFO - Sync 1 DAGs
[2026-05-28T01:42:15.372+0000] {logging_mixin.py:188} INFO - [2026-05-28T01:42:15.372+0000] {dag.py:3954} INFO - Setting next_dagrun for shopee_pipeline to 2026-05-28 01:00:00+00:00, run_after=2026-05-29 01:00:00+00:00
[2026-05-28T01:42:15.399+0000] {processor.py:183} INFO - Processing /opt/airflow/dags/shopee_dag.py took 0.294 seconds
[2026-05-28T01:42:45.693+0000] {processor.py:161} INFO - Started process (PID=3500) to work on /opt/airflow/dags/shopee_dag.py
[2026-05-28T01:42:45.694+0000] {processor.py:830} INFO - Processing file /opt/airflow/dags/shopee_dag.py for tasks to queue
[2026-05-28T01:42:45.696+0000] {logging_mixin.py:188} INFO - [2026-05-28T01:42:45.695+0000] {dagbag.py:545} INFO - Filling up the DagBag from /opt/airflow/dags/shopee_dag.py
[2026-05-28T01:42:45.813+0000] {processor.py:840} INFO - DAG(s) 'shopee_pipeline' retrieved from /opt/airflow/dags/shopee_dag.py
[2026-05-28T01:42:45.853+0000] {logging_mixin.py:188} INFO - [2026-05-28T01:42:45.853+0000] {dag.py:3096} INFO - Sync 1 DAGs
[2026-05-28T01:42:45.887+0000] {logging_mixin.py:188} INFO - [2026-05-28T01:42:45.887+0000] {dag.py:3954} INFO - Setting next_dagrun for shopee_pipeline to 2026-05-28 01:00:00+00:00, run_after=2026-05-29 01:00:00+00:00
[2026-05-28T01:42:45.920+0000] {processor.py:183} INFO - Processing /opt/airflow/dags/shopee_dag.py took 0.233 seconds
[2026-05-28T01:43:16.456+0000] {processor.py:161} INFO - Started process (PID=3621) to work on /opt/airflow/dags/shopee_dag.py
[2026-05-28T01:43:16.458+0000] {processor.py:830} INFO - Processing file /opt/airflow/dags/shopee_dag.py for tasks to queue
[2026-05-28T01:43:16.460+0000] {logging_mixin.py:188} INFO - [2026-05-28T01:43:16.460+0000] {dagbag.py:545} INFO - Filling up the DagBag from /opt/airflow/dags/shopee_dag.py
[2026-05-28T01:43:16.603+0000] {processor.py:840} INFO - DAG(s) 'shopee_pipeline' retrieved from /opt/airflow/dags/shopee_dag.py
[2026-05-28T01:43:16.652+0000] {logging_mixin.py:188} INFO - [2026-05-28T01:43:16.652+0000] {dag.py:3096} INFO - Sync 1 DAGs
[2026-05-28T01:43:16.694+0000] {logging_mixin.py:188} INFO - [2026-05-28T01:43:16.694+0000] {dag.py:3954} INFO - Setting next_dagrun for shopee_pipeline to 2026-05-28 01:00:00+00:00, run_after=2026-05-29 01:00:00+00:00
[2026-05-28T01:43:16.726+0000] {processor.py:183} INFO - Processing /opt/airflow/dags/shopee_dag.py took 0.277 seconds
[2026-05-28T01:43:47.064+0000] {processor.py:161} INFO - Started process (PID=3724) to work on /opt/airflow/dags/shopee_dag.py
[2026-05-28T01:43:47.067+0000] {processor.py:830} INFO - Processing file /opt/airflow/dags/shopee_dag.py for tasks to queue
[2026-05-28T01:43:47.072+0000] {logging_mixin.py:188} INFO - [2026-05-28T01:43:47.071+0000] {dagbag.py:545} INFO - Filling up the DagBag from /opt/airflow/dags/shopee_dag.py
[2026-05-28T01:43:47.316+0000] {processor.py:840} INFO - DAG(s) 'shopee_pipeline' retrieved from /opt/airflow/dags/shopee_dag.py
[2026-05-28T01:43:47.402+0000] {logging_mixin.py:188} INFO - [2026-05-28T01:43:47.401+0000] {dag.py:3096} INFO - Sync 1 DAGs
[2026-05-28T01:43:47.454+0000] {logging_mixin.py:188} INFO - [2026-05-28T01:43:47.453+0000] {dag.py:3954} INFO - Setting next_dagrun for shopee_pipeline to 2026-05-28 01:00:00+00:00, run_after=2026-05-29 01:00:00+00:00
[2026-05-28T01:43:47.497+0000] {processor.py:183} INFO - Processing /opt/airflow/dags/shopee_dag.py took 0.448 seconds
[2026-05-28T01:44:18.268+0000] {processor.py:161} INFO - Started process (PID=3756) to work on /opt/airflow/dags/shopee_dag.py
[2026-05-28T01:44:18.270+0000] {processor.py:830} INFO - Processing file /opt/airflow/dags/shopee_dag.py for tasks to queue
[2026-05-28T01:44:18.273+0000] {logging_mixin.py:188} INFO - [2026-05-28T01:44:18.272+0000] {dagbag.py:545} INFO - Filling up the DagBag from /opt/airflow/dags/shopee_dag.py
[2026-05-28T01:44:18.500+0000] {processor.py:840} INFO - DAG(s) 'shopee_pipeline' retrieved from /opt/airflow/dags/shopee_dag.py
[2026-05-28T01:44:18.572+0000] {logging_mixin.py:188} INFO - [2026-05-28T01:44:18.570+0000] {dag.py:3096} INFO - Sync 1 DAGs
[2026-05-28T01:44:18.642+0000] {logging_mixin.py:188} INFO - [2026-05-28T01:44:18.641+0000] {dag.py:3954} INFO - Setting next_dagrun for shopee_pipeline to 2026-05-28 01:00:00+00:00, run_after=2026-05-29 01:00:00+00:00
[2026-05-28T01:44:18.685+0000] {processor.py:183} INFO - Processing /opt/airflow/dags/shopee_dag.py took 0.427 seconds
[2026-05-28T01:44:48.868+0000] {processor.py:161} INFO - Started process (PID=3876) to work on /opt/airflow/dags/shopee_dag.py
[2026-05-28T01:44:48.869+0000] {processor.py:830} INFO - Processing file /opt/airflow/dags/shopee_dag.py for tasks to queue
[2026-05-28T01:44:48.871+0000] {logging_mixin.py:188} INFO - [2026-05-28T01:44:48.871+0000] {dagbag.py:545} INFO - Filling up the DagBag from /opt/airflow/dags/shopee_dag.py
[2026-05-28T01:44:48.997+0000] {processor.py:840} INFO - DAG(s) 'shopee_pipeline' retrieved from /opt/airflow/dags/shopee_dag.py
[2026-05-28T01:44:49.036+0000] {logging_mixin.py:188} INFO - [2026-05-28T01:44:49.036+0000] {dag.py:3096} INFO - Sync 1 DAGs
[2026-05-28T01:44:49.066+0000] {logging_mixin.py:188} INFO - [2026-05-28T01:44:49.066+0000] {dag.py:3954} INFO - Setting next_dagrun for shopee_pipeline to 2026-05-28 01:00:00+00:00, run_after=2026-05-29 01:00:00+00:00
[2026-05-28T01:44:49.094+0000] {processor.py:183} INFO - Processing /opt/airflow/dags/shopee_dag.py took 0.233 seconds
[2026-05-28T01:45:19.431+0000] {processor.py:161} INFO - Started process (PID=3998) to work on /opt/airflow/dags/shopee_dag.py
[2026-05-28T01:45:19.433+0000] {processor.py:830} INFO - Processing file /opt/airflow/dags/shopee_dag.py for tasks to queue
[2026-05-28T01:45:19.437+0000] {logging_mixin.py:188} INFO - [2026-05-28T01:45:19.436+0000] {dagbag.py:545} INFO - Filling up the DagBag from /opt/airflow/dags/shopee_dag.py
[2026-05-28T01:45:19.679+0000] {processor.py:840} INFO - DAG(s) 'shopee_pipeline' retrieved from /opt/airflow/dags/shopee_dag.py
[2026-05-28T01:45:19.795+0000] {logging_mixin.py:188} INFO - [2026-05-28T01:45:19.794+0000] {dag.py:3096} INFO - Sync 1 DAGs
[2026-05-28T01:45:19.869+0000] {logging_mixin.py:188} INFO - [2026-05-28T01:45:19.868+0000] {dag.py:3954} INFO - Setting next_dagrun for shopee_pipeline to 2026-05-28 01:00:00+00:00, run_after=2026-05-29 01:00:00+00:00
[2026-05-28T01:45:19.915+0000] {processor.py:183} INFO - Processing /opt/airflow/dags/shopee_dag.py took 0.494 seconds
[2026-05-28T01:45:50.239+0000] {processor.py:161} INFO - Started process (PID=4087) to work on /opt/airflow/dags/shopee_dag.py
[2026-05-28T01:45:50.241+0000] {processor.py:830} INFO - Processing file /opt/airflow/dags/shopee_dag.py for tasks to queue
[2026-05-28T01:45:50.243+0000] {logging_mixin.py:188} INFO - [2026-05-28T01:45:50.243+0000] {dagbag.py:545} INFO - Filling up the DagBag from /opt/airflow/dags/shopee_dag.py
[2026-05-28T01:45:50.381+0000] {processor.py:840} INFO - DAG(s) 'shopee_pipeline' retrieved from /opt/airflow/dags/shopee_dag.py
[2026-05-28T01:45:50.426+0000] {logging_mixin.py:188} INFO - [2026-05-28T01:45:50.426+0000] {dag.py:3096} INFO - Sync 1 DAGs
[2026-05-28T01:45:50.458+0000] {logging_mixin.py:188} INFO - [2026-05-28T01:45:50.457+0000] {dag.py:3954} INFO - Setting next_dagrun for shopee_pipeline to 2026-05-28 01:00:00+00:00, run_after=2026-05-29 01:00:00+00:00
[2026-05-28T01:45:50.483+0000] {processor.py:183} INFO - Processing /opt/airflow/dags/shopee_dag.py took 0.252 seconds
[2026-05-28T01:46:21.067+0000] {processor.py:161} INFO - Started process (PID=4128) to work on /opt/airflow/dags/shopee_dag.py
[2026-05-28T01:46:21.068+0000] {processor.py:830} INFO - Processing file /opt/airflow/dags/shopee_dag.py for tasks to queue
[2026-05-28T01:46:21.070+0000] {logging_mixin.py:188} INFO - [2026-05-28T01:46:21.070+0000] {dagbag.py:545} INFO - Filling up the DagBag from /opt/airflow/dags/shopee_dag.py
[2026-05-28T01:46:21.199+0000] {processor.py:840} INFO - DAG(s) 'shopee_pipeline' retrieved from /opt/airflow/dags/shopee_dag.py
[2026-05-28T01:46:21.237+0000] {logging_mixin.py:188} INFO - [2026-05-28T01:46:21.237+0000] {dag.py:3096} INFO - Sync 1 DAGs
[2026-05-28T01:46:21.266+0000] {logging_mixin.py:188} INFO - [2026-05-28T01:46:21.266+0000] {dag.py:3954} INFO - Setting next_dagrun for shopee_pipeline to 2026-05-28 01:00:00+00:00, run_after=2026-05-29 01:00:00+00:00
[2026-05-28T01:46:21.292+0000] {processor.py:183} INFO - Processing /opt/airflow/dags/shopee_dag.py took 0.231 seconds
[2026-05-28T01:46:51.833+0000] {processor.py:161} INFO - Started process (PID=4249) to work on /opt/airflow/dags/shopee_dag.py
[2026-05-28T01:46:51.835+0000] {processor.py:830} INFO - Processing file /opt/airflow/dags/shopee_dag.py for tasks to queue
[2026-05-28T01:46:51.838+0000] {logging_mixin.py:188} INFO - [2026-05-28T01:46:51.837+0000] {dagbag.py:545} INFO - Filling up the DagBag from /opt/airflow/dags/shopee_dag.py
[2026-05-28T01:46:51.987+0000] {processor.py:840} INFO - DAG(s) 'shopee_pipeline' retrieved from /opt/airflow/dags/shopee_dag.py
[2026-05-28T01:46:52.029+0000] {logging_mixin.py:188} INFO - [2026-05-28T01:46:52.029+0000] {dag.py:3096} INFO - Sync 1 DAGs
[2026-05-28T01:46:52.064+0000] {logging_mixin.py:188} INFO - [2026-05-28T01:46:52.063+0000] {dag.py:3954} INFO - Setting next_dagrun for shopee_pipeline to 2026-05-28 01:00:00+00:00, run_after=2026-05-29 01:00:00+00:00
[2026-05-28T01:46:52.089+0000] {processor.py:183} INFO - Processing /opt/airflow/dags/shopee_dag.py took 0.268 seconds
[2026-05-28T01:47:22.845+0000] {processor.py:161} INFO - Started process (PID=4367) to work on /opt/airflow/dags/shopee_dag.py
[2026-05-28T01:47:22.847+0000] {processor.py:830} INFO - Processing file /opt/airflow/dags/shopee_dag.py for tasks to queue
[2026-05-28T01:47:22.850+0000] {logging_mixin.py:188} INFO - [2026-05-28T01:47:22.849+0000] {dagbag.py:545} INFO - Filling up the DagBag from /opt/airflow/dags/shopee_dag.py
[2026-05-28T01:47:23.064+0000] {processor.py:840} INFO - DAG(s) 'shopee_pipeline' retrieved from /opt/airflow/dags/shopee_dag.py
[2026-05-28T01:47:23.117+0000] {logging_mixin.py:188} INFO - [2026-05-28T01:47:23.117+0000] {dag.py:3096} INFO - Sync 1 DAGs
[2026-05-28T01:47:23.165+0000] {logging_mixin.py:188} INFO - [2026-05-28T01:47:23.164+0000] {dag.py:3954} INFO - Setting next_dagrun for shopee_pipeline to 2026-05-28 01:00:00+00:00, run_after=2026-05-29 01:00:00+00:00
[2026-05-28T01:47:23.204+0000] {processor.py:183} INFO - Processing /opt/airflow/dags/shopee_dag.py took 0.371 seconds
[2026-05-28T01:47:53.574+0000] {processor.py:161} INFO - Started process (PID=4384) to work on /opt/airflow/dags/shopee_dag.py
[2026-05-28T01:47:53.575+0000] {processor.py:830} INFO - Processing file /opt/airflow/dags/shopee_dag.py for tasks to queue
[2026-05-28T01:47:53.578+0000] {logging_mixin.py:188} INFO - [2026-05-28T01:47:53.578+0000] {dagbag.py:545} INFO - Filling up the DagBag from /opt/airflow/dags/shopee_dag.py
[2026-05-28T01:47:53.716+0000] {processor.py:840} INFO - DAG(s) 'shopee_pipeline' retrieved from /opt/airflow/dags/shopee_dag.py
[2026-05-28T01:47:53.769+0000] {logging_mixin.py:188} INFO - [2026-05-28T01:47:53.769+0000] {dag.py:3096} INFO - Sync 1 DAGs
[2026-05-28T01:47:53.801+0000] {logging_mixin.py:188} INFO - [2026-05-28T01:47:53.801+0000] {dag.py:3954} INFO - Setting next_dagrun for shopee_pipeline to 2026-05-28 01:00:00+00:00, run_after=2026-05-29 01:00:00+00:00
[2026-05-28T01:47:53.837+0000] {processor.py:183} INFO - Processing /opt/airflow/dags/shopee_dag.py took 0.273 seconds
[2026-05-28T01:48:24.183+0000] {processor.py:161} INFO - Started process (PID=4503) to work on /opt/airflow/dags/shopee_dag.py
[2026-05-28T01:48:24.185+0000] {processor.py:830} INFO - Processing file /opt/airflow/dags/shopee_dag.py for tasks to queue
[2026-05-28T01:48:24.188+0000] {logging_mixin.py:188} INFO - [2026-05-28T01:48:24.187+0000] {dagbag.py:545} INFO - Filling up the DagBag from /opt/airflow/dags/shopee_dag.py
[2026-05-28T01:48:24.348+0000] {processor.py:840} INFO - DAG(s) 'shopee_pipeline' retrieved from /opt/airflow/dags/shopee_dag.py
[2026-05-28T01:48:24.395+0000] {logging_mixin.py:188} INFO - [2026-05-28T01:48:24.394+0000] {dag.py:3096} INFO - Sync 1 DAGs
[2026-05-28T01:48:24.431+0000] {logging_mixin.py:188} INFO - [2026-05-28T01:48:24.431+0000] {dag.py:3954} INFO - Setting next_dagrun for shopee_pipeline to 2026-05-28 01:00:00+00:00, run_after=2026-05-29 01:00:00+00:00
[2026-05-28T01:48:24.469+0000] {processor.py:183} INFO - Processing /opt/airflow/dags/shopee_dag.py took 0.298 seconds
[2026-05-28T01:48:54.912+0000] {processor.py:161} INFO - Started process (PID=4626) to work on /opt/airflow/dags/shopee_dag.py
[2026-05-28T01:48:54.913+0000] {processor.py:830} INFO - Processing file /opt/airflow/dags/shopee_dag.py for tasks to queue
[2026-05-28T01:48:54.916+0000] {logging_mixin.py:188} INFO - [2026-05-28T01:48:54.915+0000] {dagbag.py:545} INFO - Filling up the DagBag from /opt/airflow/dags/shopee_dag.py
[2026-05-28T01:48:55.065+0000] {processor.py:840} INFO - DAG(s) 'shopee_pipeline' retrieved from /opt/airflow/dags/shopee_dag.py
[2026-05-28T01:48:55.117+0000] {logging_mixin.py:188} INFO - [2026-05-28T01:48:55.116+0000] {dag.py:3096} INFO - Sync 1 DAGs
[2026-05-28T01:48:55.160+0000] {logging_mixin.py:188} INFO - [2026-05-28T01:48:55.159+0000] {dag.py:3954} INFO - Setting next_dagrun for shopee_pipeline to 2026-05-28 01:00:00+00:00, run_after=2026-05-29 01:00:00+00:00
[2026-05-28T01:48:55.195+0000] {processor.py:183} INFO - Processing /opt/airflow/dags/shopee_dag.py took 0.292 seconds
[2026-05-28T01:49:25.495+0000] {processor.py:161} INFO - Started process (PID=4755) to work on /opt/airflow/dags/shopee_dag.py
[2026-05-28T01:49:25.497+0000] {processor.py:830} INFO - Processing file /opt/airflow/dags/shopee_dag.py for tasks to queue
[2026-05-28T01:49:25.503+0000] {logging_mixin.py:188} INFO - [2026-05-28T01:49:25.502+0000] {dagbag.py:545} INFO - Filling up the DagBag from /opt/airflow/dags/shopee_dag.py
[2026-05-28T01:49:25.683+0000] {processor.py:840} INFO - DAG(s) 'shopee_pipeline' retrieved from /opt/airflow/dags/shopee_dag.py
[2026-05-28T01:49:25.730+0000] {logging_mixin.py:188} INFO - [2026-05-28T01:49:25.730+0000] {dag.py:3096} INFO - Sync 1 DAGs
[2026-05-28T01:49:25.766+0000] {logging_mixin.py:188} INFO - [2026-05-28T01:49:25.765+0000] {dag.py:3954} INFO - Setting next_dagrun for shopee_pipeline to 2026-05-28 01:00:00+00:00, run_after=2026-05-29 01:00:00+00:00
[2026-05-28T01:49:25.796+0000] {processor.py:183} INFO - Processing /opt/airflow/dags/shopee_dag.py took 0.311 seconds
[2026-05-28T01:49:56.106+0000] {processor.py:161} INFO - Started process (PID=4843) to work on /opt/airflow/dags/shopee_dag.py
[2026-05-28T01:49:56.108+0000] {processor.py:830} INFO - Processing file /opt/airflow/dags/shopee_dag.py for tasks to queue
[2026-05-28T01:49:56.110+0000] {logging_mixin.py:188} INFO - [2026-05-28T01:49:56.110+0000] {dagbag.py:545} INFO - Filling up the DagBag from /opt/airflow/dags/shopee_dag.py
[2026-05-28T01:49:56.278+0000] {processor.py:840} INFO - DAG(s) 'shopee_pipeline' retrieved from /opt/airflow/dags/shopee_dag.py
[2026-05-28T01:49:56.325+0000] {logging_mixin.py:188} INFO - [2026-05-28T01:49:56.324+0000] {dag.py:3096} INFO - Sync 1 DAGs
[2026-05-28T01:49:56.361+0000] {logging_mixin.py:188} INFO - [2026-05-28T01:49:56.361+0000] {dag.py:3954} INFO - Setting next_dagrun for shopee_pipeline to 2026-05-28 01:00:00+00:00, run_after=2026-05-29 01:00:00+00:00
[2026-05-28T01:49:56.392+0000] {processor.py:183} INFO - Processing /opt/airflow/dags/shopee_dag.py took 0.295 seconds
[2026-05-28T01:50:26.678+0000] {processor.py:161} INFO - Started process (PID=4884) to work on /opt/airflow/dags/shopee_dag.py
[2026-05-28T01:50:26.679+0000] {processor.py:830} INFO - Processing file /opt/airflow/dags/shopee_dag.py for tasks to queue
[2026-05-28T01:50:26.681+0000] {logging_mixin.py:188} INFO - [2026-05-28T01:50:26.681+0000] {dagbag.py:545} INFO - Filling up the DagBag from /opt/airflow/dags/shopee_dag.py
[2026-05-28T01:50:26.860+0000] {processor.py:840} INFO - DAG(s) 'shopee_pipeline' retrieved from /opt/airflow/dags/shopee_dag.py
[2026-05-28T01:50:26.901+0000] {logging_mixin.py:188} INFO - [2026-05-28T01:50:26.901+0000] {dag.py:3096} INFO - Sync 1 DAGs
[2026-05-28T01:50:26.929+0000] {logging_mixin.py:188} INFO - [2026-05-28T01:50:26.928+0000] {dag.py:3954} INFO - Setting next_dagrun for shopee_pipeline to 2026-05-28 01:00:00+00:00, run_after=2026-05-29 01:00:00+00:00
[2026-05-28T01:50:26.952+0000] {processor.py:183} INFO - Processing /opt/airflow/dags/shopee_dag.py took 0.282 seconds
[2026-05-28T01:50:57.056+0000] {processor.py:161} INFO - Started process (PID=5007) to work on /opt/airflow/dags/shopee_dag.py
[2026-05-28T01:50:57.057+0000] {processor.py:830} INFO - Processing file /opt/airflow/dags/shopee_dag.py for tasks to queue
[2026-05-28T01:50:57.060+0000] {logging_mixin.py:188} INFO - [2026-05-28T01:50:57.060+0000] {dagbag.py:545} INFO - Filling up the DagBag from /opt/airflow/dags/shopee_dag.py
[2026-05-28T01:50:57.186+0000] {processor.py:840} INFO - DAG(s) 'shopee_pipeline' retrieved from /opt/airflow/dags/shopee_dag.py
[2026-05-28T01:50:57.228+0000] {logging_mixin.py:188} INFO - [2026-05-28T01:50:57.228+0000] {dag.py:3096} INFO - Sync 1 DAGs
[2026-05-28T01:50:57.258+0000] {logging_mixin.py:188} INFO - [2026-05-28T01:50:57.258+0000] {dag.py:3954} INFO - Setting next_dagrun for shopee_pipeline to 2026-05-28 01:00:00+00:00, run_after=2026-05-29 01:00:00+00:00
[2026-05-28T01:50:57.284+0000] {processor.py:183} INFO - Processing /opt/airflow/dags/shopee_dag.py took 0.237 seconds
[2026-05-28T01:51:27.701+0000] {processor.py:161} INFO - Started process (PID=5098) to work on /opt/airflow/dags/shopee_dag.py
[2026-05-28T01:51:27.702+0000] {processor.py:830} INFO - Processing file /opt/airflow/dags/shopee_dag.py for tasks to queue
[2026-05-28T01:51:27.704+0000] {logging_mixin.py:188} INFO - [2026-05-28T01:51:27.704+0000] {dagbag.py:545} INFO - Filling up the DagBag from /opt/airflow/dags/shopee_dag.py
[2026-05-28T01:51:27.840+0000] {processor.py:840} INFO - DAG(s) 'shopee_pipeline' retrieved from /opt/airflow/dags/shopee_dag.py
[2026-05-28T01:51:27.884+0000] {logging_mixin.py:188} INFO - [2026-05-28T01:51:27.883+0000] {dag.py:3096} INFO - Sync 1 DAGs
[2026-05-28T01:51:28.513+0000] {logging_mixin.py:188} INFO - [2026-05-28T01:51:28.512+0000] {dag.py:3954} INFO - Setting next_dagrun for shopee_pipeline to 2026-05-28 01:00:00+00:00, run_after=2026-05-29 01:00:00+00:00
[2026-05-28T01:51:28.537+0000] {processor.py:183} INFO - Processing /opt/airflow/dags/shopee_dag.py took 0.843 seconds
[2026-05-28T01:51:58.848+0000] {processor.py:161} INFO - Started process (PID=5151) to work on /opt/airflow/dags/shopee_dag.py
[2026-05-28T01:51:58.849+0000] {processor.py:830} INFO - Processing file /opt/airflow/dags/shopee_dag.py for tasks to queue
[2026-05-28T01:51:58.851+0000] {logging_mixin.py:188} INFO - [2026-05-28T01:51:58.850+0000] {dagbag.py:545} INFO - Filling up the DagBag from /opt/airflow/dags/shopee_dag.py
[2026-05-28T01:51:58.976+0000] {processor.py:840} INFO - DAG(s) 'shopee_pipeline' retrieved from /opt/airflow/dags/shopee_dag.py
[2026-05-28T01:51:59.015+0000] {logging_mixin.py:188} INFO - [2026-05-28T01:51:59.014+0000] {dag.py:3096} INFO - Sync 1 DAGs
[2026-05-28T01:51:59.043+0000] {logging_mixin.py:188} INFO - [2026-05-28T01:51:59.042+0000] {dag.py:3954} INFO - Setting next_dagrun for shopee_pipeline to 2026-05-28 01:00:00+00:00, run_after=2026-05-29 01:00:00+00:00
[2026-05-28T01:51:59.067+0000] {processor.py:183} INFO - Processing /opt/airflow/dags/shopee_dag.py took 0.226 seconds
[2026-05-28T01:52:29.409+0000] {processor.py:161} INFO - Started process (PID=5251) to work on /opt/airflow/dags/shopee_dag.py
[2026-05-28T01:52:29.413+0000] {processor.py:830} INFO - Processing file /opt/airflow/dags/shopee_dag.py for tasks to queue
[2026-05-28T01:52:29.420+0000] {logging_mixin.py:188} INFO - [2026-05-28T01:52:29.419+0000] {dagbag.py:545} INFO - Filling up the DagBag from /opt/airflow/dags/shopee_dag.py
[2026-05-28T01:52:29.632+0000] {processor.py:840} INFO - DAG(s) 'shopee_pipeline' retrieved from /opt/airflow/dags/shopee_dag.py
[2026-05-28T01:52:29.691+0000] {logging_mixin.py:188} INFO - [2026-05-28T01:52:29.690+0000] {dag.py:3096} INFO - Sync 1 DAGs
[2026-05-28T01:52:29.927+0000] {logging_mixin.py:188} INFO - [2026-05-28T01:52:29.926+0000] {dag.py:3954} INFO - Setting next_dagrun for shopee_pipeline to 2026-05-28 01:00:00+00:00, run_after=2026-05-29 01:00:00+00:00
[2026-05-28T01:52:29.967+0000] {processor.py:183} INFO - Processing /opt/airflow/dags/shopee_dag.py took 0.576 seconds
[2026-05-28T01:53:00.400+0000] {processor.py:161} INFO - Started process (PID=5280) to work on /opt/airflow/dags/shopee_dag.py
[2026-05-28T01:53:00.401+0000] {processor.py:830} INFO - Processing file /opt/airflow/dags/shopee_dag.py for tasks to queue
[2026-05-28T01:53:00.403+0000] {logging_mixin.py:188} INFO - [2026-05-28T01:53:00.402+0000] {dagbag.py:545} INFO - Filling up the DagBag from /opt/airflow/dags/shopee_dag.py
[2026-05-28T01:53:00.524+0000] {processor.py:840} INFO - DAG(s) 'shopee_pipeline' retrieved from /opt/airflow/dags/shopee_dag.py
[2026-05-28T01:53:00.569+0000] {logging_mixin.py:188} INFO - [2026-05-28T01:53:00.569+0000] {dag.py:3096} INFO - Sync 1 DAGs
[2026-05-28T01:53:00.609+0000] {logging_mixin.py:188} INFO - [2026-05-28T01:53:00.608+0000] {dag.py:3954} INFO - Setting next_dagrun for shopee_pipeline to 2026-05-28 01:00:00+00:00, run_after=2026-05-29 01:00:00+00:00
[2026-05-28T01:53:00.651+0000] {processor.py:183} INFO - Processing /opt/airflow/dags/shopee_dag.py took 0.258 seconds
[2026-05-28T01:53:30.827+0000] {processor.py:161} INFO - Started process (PID=5403) to work on /opt/airflow/dags/shopee_dag.py
[2026-05-28T01:53:30.828+0000] {processor.py:830} INFO - Processing file /opt/airflow/dags/shopee_dag.py for tasks to queue
[2026-05-28T01:53:30.830+0000] {logging_mixin.py:188} INFO - [2026-05-28T01:53:30.830+0000] {dagbag.py:545} INFO - Filling up the DagBag from /opt/airflow/dags/shopee_dag.py
[2026-05-28T01:53:30.967+0000] {processor.py:840} INFO - DAG(s) 'shopee_pipeline' retrieved from /opt/airflow/dags/shopee_dag.py
[2026-05-28T01:53:31.012+0000] {logging_mixin.py:188} INFO - [2026-05-28T01:53:31.012+0000] {dag.py:3096} INFO - Sync 1 DAGs
[2026-05-28T01:53:31.183+0000] {logging_mixin.py:188} INFO - [2026-05-28T01:53:31.182+0000] {dag.py:3954} INFO - Setting next_dagrun for shopee_pipeline to 2026-05-28 01:00:00+00:00, run_after=2026-05-29 01:00:00+00:00
[2026-05-28T01:53:31.209+0000] {processor.py:183} INFO - Processing /opt/airflow/dags/shopee_dag.py took 0.388 seconds
[2026-05-28T01:54:01.529+0000] {processor.py:161} INFO - Started process (PID=5522) to work on /opt/airflow/dags/shopee_dag.py
[2026-05-28T01:54:01.531+0000] {processor.py:830} INFO - Processing file /opt/airflow/dags/shopee_dag.py for tasks to queue
[2026-05-28T01:54:01.535+0000] {logging_mixin.py:188} INFO - [2026-05-28T01:54:01.534+0000] {dagbag.py:545} INFO - Filling up the DagBag from /opt/airflow/dags/shopee_dag.py
[2026-05-28T01:54:01.743+0000] {processor.py:840} INFO - DAG(s) 'shopee_pipeline' retrieved from /opt/airflow/dags/shopee_dag.py
[2026-05-28T01:54:01.822+0000] {logging_mixin.py:188} INFO - [2026-05-28T01:54:01.821+0000] {dag.py:3096} INFO - Sync 1 DAGs
[2026-05-28T01:54:02.284+0000] {logging_mixin.py:188} INFO - [2026-05-28T01:54:02.282+0000] {dag.py:3954} INFO - Setting next_dagrun for shopee_pipeline to 2026-05-28 01:00:00+00:00, run_after=2026-05-29 01:00:00+00:00
[2026-05-28T01:54:02.344+0000] {processor.py:183} INFO - Processing /opt/airflow/dags/shopee_dag.py took 0.829 seconds
[2026-05-28T01:54:33.065+0000] {processor.py:161} INFO - Started process (PID=5538) to work on /opt/airflow/dags/shopee_dag.py
[2026-05-28T01:54:33.066+0000] {processor.py:830} INFO - Processing file /opt/airflow/dags/shopee_dag.py for tasks to queue
[2026-05-28T01:54:33.068+0000] {logging_mixin.py:188} INFO - [2026-05-28T01:54:33.068+0000] {dagbag.py:545} INFO - Filling up the DagBag from /opt/airflow/dags/shopee_dag.py
[2026-05-28T01:54:33.210+0000] {processor.py:840} INFO - DAG(s) 'shopee_pipeline' retrieved from /opt/airflow/dags/shopee_dag.py
[2026-05-28T01:54:33.258+0000] {logging_mixin.py:188} INFO - [2026-05-28T01:54:33.258+0000] {dag.py:3096} INFO - Sync 1 DAGs
[2026-05-28T01:54:33.294+0000] {logging_mixin.py:188} INFO - [2026-05-28T01:54:33.294+0000] {dag.py:3954} INFO - Setting next_dagrun for shopee_pipeline to 2026-05-28 01:00:00+00:00, run_after=2026-05-29 01:00:00+00:00
[2026-05-28T01:54:33.325+0000] {processor.py:183} INFO - Processing /opt/airflow/dags/shopee_dag.py took 0.268 seconds
[2026-05-28T01:55:03.656+0000] {processor.py:161} INFO - Started process (PID=5657) to work on /opt/airflow/dags/shopee_dag.py
[2026-05-28T01:55:03.657+0000] {processor.py:830} INFO - Processing file /opt/airflow/dags/shopee_dag.py for tasks to queue
[2026-05-28T01:55:03.661+0000] {logging_mixin.py:188} INFO - [2026-05-28T01:55:03.660+0000] {dagbag.py:545} INFO - Filling up the DagBag from /opt/airflow/dags/shopee_dag.py
[2026-05-28T01:55:03.851+0000] {processor.py:840} INFO - DAG(s) 'shopee_pipeline' retrieved from /opt/airflow/dags/shopee_dag.py
[2026-05-28T01:55:03.909+0000] {logging_mixin.py:188} INFO - [2026-05-28T01:55:03.909+0000] {dag.py:3096} INFO - Sync 1 DAGs
[2026-05-28T01:55:04.146+0000] {logging_mixin.py:188} INFO - [2026-05-28T01:55:04.145+0000] {dag.py:3954} INFO - Setting next_dagrun for shopee_pipeline to 2026-05-28 01:00:00+00:00, run_after=2026-05-29 01:00:00+00:00
[2026-05-28T01:55:04.183+0000] {processor.py:183} INFO - Processing /opt/airflow/dags/shopee_dag.py took 0.538 seconds
[2026-05-28T01:55:34.780+0000] {processor.py:161} INFO - Started process (PID=5780) to work on /opt/airflow/dags/shopee_dag.py
[2026-05-28T01:55:34.781+0000] {processor.py:830} INFO - Processing file /opt/airflow/dags/shopee_dag.py for tasks to queue
[2026-05-28T01:55:34.783+0000] {logging_mixin.py:188} INFO - [2026-05-28T01:55:34.783+0000] {dagbag.py:545} INFO - Filling up the DagBag from /opt/airflow/dags/shopee_dag.py
[2026-05-28T01:55:35.071+0000] {processor.py:840} INFO - DAG(s) 'shopee_pipeline' retrieved from /opt/airflow/dags/shopee_dag.py
[2026-05-28T01:55:35.102+0000] {logging_mixin.py:188} INFO - [2026-05-28T01:55:35.102+0000] {dag.py:3096} INFO - Sync 1 DAGs
[2026-05-28T01:55:35.125+0000] {logging_mixin.py:188} INFO - [2026-05-28T01:55:35.124+0000] {dag.py:3954} INFO - Setting next_dagrun for shopee_pipeline to 2026-05-28 01:00:00+00:00, run_after=2026-05-29 01:00:00+00:00
[2026-05-28T01:55:35.146+0000] {processor.py:183} INFO - Processing /opt/airflow/dags/shopee_dag.py took 0.374 seconds
[2026-05-28T01:56:05.457+0000] {processor.py:161} INFO - Started process (PID=5874) to work on /opt/airflow/dags/shopee_dag.py
[2026-05-28T01:56:05.460+0000] {processor.py:830} INFO - Processing file /opt/airflow/dags/shopee_dag.py for tasks to queue
[2026-05-28T01:56:05.467+0000] {logging_mixin.py:188} INFO - [2026-05-28T01:56:05.466+0000] {dagbag.py:545} INFO - Filling up the DagBag from /opt/airflow/dags/shopee_dag.py
[2026-05-28T01:56:05.704+0000] {processor.py:840} INFO - DAG(s) 'shopee_pipeline' retrieved from /opt/airflow/dags/shopee_dag.py
[2026-05-28T01:56:05.940+0000] {logging_mixin.py:188} INFO - [2026-05-28T01:56:05.940+0000] {dag.py:3096} INFO - Sync 1 DAGs
[2026-05-28T01:56:05.979+0000] {logging_mixin.py:188} INFO - [2026-05-28T01:56:05.979+0000] {dag.py:3954} INFO - Setting next_dagrun for shopee_pipeline to 2026-05-28 01:00:00+00:00, run_after=2026-05-29 01:00:00+00:00
[2026-05-28T01:56:06.012+0000] {processor.py:183} INFO - Processing /opt/airflow/dags/shopee_dag.py took 0.572 seconds
[2026-05-28T01:56:36.314+0000] {processor.py:161} INFO - Started process (PID=5910) to work on /opt/airflow/dags/shopee_dag.py
[2026-05-28T01:56:36.315+0000] {processor.py:830} INFO - Processing file /opt/airflow/dags/shopee_dag.py for tasks to queue
[2026-05-28T01:56:36.318+0000] {logging_mixin.py:188} INFO - [2026-05-28T01:56:36.317+0000] {dagbag.py:545} INFO - Filling up the DagBag from /opt/airflow/dags/shopee_dag.py
[2026-05-28T01:56:36.606+0000] {processor.py:840} INFO - DAG(s) 'shopee_pipeline' retrieved from /opt/airflow/dags/shopee_dag.py
[2026-05-28T01:56:36.640+0000] {logging_mixin.py:188} INFO - [2026-05-28T01:56:36.640+0000] {dag.py:3096} INFO - Sync 1 DAGs
[2026-05-28T01:56:36.667+0000] {logging_mixin.py:188} INFO - [2026-05-28T01:56:36.667+0000] {dag.py:3954} INFO - Setting next_dagrun for shopee_pipeline to 2026-05-28 01:00:00+00:00, run_after=2026-05-29 01:00:00+00:00
[2026-05-28T01:56:36.694+0000] {processor.py:183} INFO - Processing /opt/airflow/dags/shopee_dag.py took 0.389 seconds
[2026-05-28T01:57:07.224+0000] {processor.py:161} INFO - Started process (PID=6032) to work on /opt/airflow/dags/shopee_dag.py
[2026-05-28T01:57:07.225+0000] {processor.py:830} INFO - Processing file /opt/airflow/dags/shopee_dag.py for tasks to queue
[2026-05-28T01:57:07.228+0000] {logging_mixin.py:188} INFO - [2026-05-28T01:57:07.227+0000] {dagbag.py:545} INFO - Filling up the DagBag from /opt/airflow/dags/shopee_dag.py
[2026-05-28T01:57:07.378+0000] {processor.py:840} INFO - DAG(s) 'shopee_pipeline' retrieved from /opt/airflow/dags/shopee_dag.py
[2026-05-28T01:57:07.589+0000] {logging_mixin.py:188} INFO - [2026-05-28T01:57:07.588+0000] {dag.py:3096} INFO - Sync 1 DAGs
[2026-05-28T01:57:07.624+0000] {logging_mixin.py:188} INFO - [2026-05-28T01:57:07.624+0000] {dag.py:3954} INFO - Setting next_dagrun for shopee_pipeline to 2026-05-28 01:00:00+00:00, run_after=2026-05-29 01:00:00+00:00
[2026-05-28T01:57:07.654+0000] {processor.py:183} INFO - Processing /opt/airflow/dags/shopee_dag.py took 0.436 seconds
[2026-05-28T01:57:37.967+0000] {processor.py:161} INFO - Started process (PID=6154) to work on /opt/airflow/dags/shopee_dag.py
[2026-05-28T01:57:37.968+0000] {processor.py:830} INFO - Processing file /opt/airflow/dags/shopee_dag.py for tasks to queue
[2026-05-28T01:57:37.970+0000] {logging_mixin.py:188} INFO - [2026-05-28T01:57:37.969+0000] {dagbag.py:545} INFO - Filling up the DagBag from /opt/airflow/dags/shopee_dag.py
[2026-05-28T01:57:38.088+0000] {processor.py:840} INFO - DAG(s) 'shopee_pipeline' retrieved from /opt/airflow/dags/shopee_dag.py
[2026-05-28T01:57:38.125+0000] {logging_mixin.py:188} INFO - [2026-05-28T01:57:38.125+0000] {dag.py:3096} INFO - Sync 1 DAGs
[2026-05-28T01:57:38.302+0000] {logging_mixin.py:188} INFO - [2026-05-28T01:57:38.301+0000] {dag.py:3954} INFO - Setting next_dagrun for shopee_pipeline to 2026-05-28 01:00:00+00:00, run_after=2026-05-29 01:00:00+00:00
[2026-05-28T01:57:38.327+0000] {processor.py:183} INFO - Processing /opt/airflow/dags/shopee_dag.py took 0.367 seconds
[2026-05-28T01:58:08.661+0000] {processor.py:161} INFO - Started process (PID=6245) to work on /opt/airflow/dags/shopee_dag.py
[2026-05-28T01:58:08.663+0000] {processor.py:830} INFO - Processing file /opt/airflow/dags/shopee_dag.py for tasks to queue
[2026-05-28T01:58:08.668+0000] {logging_mixin.py:188} INFO - [2026-05-28T01:58:08.667+0000] {dagbag.py:545} INFO - Filling up the DagBag from /opt/airflow/dags/shopee_dag.py
[2026-05-28T01:58:08.971+0000] {processor.py:840} INFO - DAG(s) 'shopee_pipeline' retrieved from /opt/airflow/dags/shopee_dag.py
[2026-05-28T01:58:09.002+0000] {logging_mixin.py:188} INFO - [2026-05-28T01:58:09.002+0000] {dag.py:3096} INFO - Sync 1 DAGs
[2026-05-28T01:58:09.029+0000] {logging_mixin.py:188} INFO - [2026-05-28T01:58:09.029+0000] {dag.py:3954} INFO - Setting next_dagrun for shopee_pipeline to 2026-05-28 01:00:00+00:00, run_after=2026-05-29 01:00:00+00:00
[2026-05-28T01:58:09.054+0000] {processor.py:183} INFO - Processing /opt/airflow/dags/shopee_dag.py took 0.405 seconds
[2026-05-28T01:58:39.619+0000] {processor.py:161} INFO - Started process (PID=6288) to work on /opt/airflow/dags/shopee_dag.py
[2026-05-28T01:58:39.620+0000] {processor.py:830} INFO - Processing file /opt/airflow/dags/shopee_dag.py for tasks to queue
[2026-05-28T01:58:39.622+0000] {logging_mixin.py:188} INFO - [2026-05-28T01:58:39.622+0000] {dagbag.py:545} INFO - Filling up the DagBag from /opt/airflow/dags/shopee_dag.py
[2026-05-28T01:58:39.900+0000] {processor.py:840} INFO - DAG(s) 'shopee_pipeline' retrieved from /opt/airflow/dags/shopee_dag.py
[2026-05-28T01:58:39.938+0000] {logging_mixin.py:188} INFO - [2026-05-28T01:58:39.937+0000] {dag.py:3096} INFO - Sync 1 DAGs
[2026-05-28T01:58:39.967+0000] {logging_mixin.py:188} INFO - [2026-05-28T01:58:39.967+0000] {dag.py:3954} INFO - Setting next_dagrun for shopee_pipeline to 2026-05-28 01:00:00+00:00, run_after=2026-05-29 01:00:00+00:00
[2026-05-28T01:58:39.993+0000] {processor.py:183} INFO - Processing /opt/airflow/dags/shopee_dag.py took 0.380 seconds
[2026-05-28T01:59:10.334+0000] {processor.py:161} INFO - Started process (PID=6408) to work on /opt/airflow/dags/shopee_dag.py
[2026-05-28T01:59:10.336+0000] {processor.py:830} INFO - Processing file /opt/airflow/dags/shopee_dag.py for tasks to queue
[2026-05-28T01:59:10.339+0000] {logging_mixin.py:188} INFO - [2026-05-28T01:59:10.339+0000] {dagbag.py:545} INFO - Filling up the DagBag from /opt/airflow/dags/shopee_dag.py
[2026-05-28T01:59:10.664+0000] {processor.py:840} INFO - DAG(s) 'shopee_pipeline' retrieved from /opt/airflow/dags/shopee_dag.py
[2026-05-28T01:59:10.713+0000] {logging_mixin.py:188} INFO - [2026-05-28T01:59:10.712+0000] {dag.py:3096} INFO - Sync 1 DAGs
[2026-05-28T01:59:10.742+0000] {logging_mixin.py:188} INFO - [2026-05-28T01:59:10.741+0000] {dag.py:3954} INFO - Setting next_dagrun for shopee_pipeline to 2026-05-28 01:00:00+00:00, run_after=2026-05-29 01:00:00+00:00
[2026-05-28T01:59:10.765+0000] {processor.py:183} INFO - Processing /opt/airflow/dags/shopee_dag.py took 0.442 seconds
[2026-05-28T01:59:41.102+0000] {processor.py:161} INFO - Started process (PID=6532) to work on /opt/airflow/dags/shopee_dag.py
[2026-05-28T01:59:41.104+0000] {processor.py:830} INFO - Processing file /opt/airflow/dags/shopee_dag.py for tasks to queue
[2026-05-28T01:59:41.106+0000] {logging_mixin.py:188} INFO - [2026-05-28T01:59:41.106+0000] {dagbag.py:545} INFO - Filling up the DagBag from /opt/airflow/dags/shopee_dag.py
[2026-05-28T01:59:41.529+0000] {processor.py:840} INFO - DAG(s) 'shopee_pipeline' retrieved from /opt/airflow/dags/shopee_dag.py
[2026-05-28T01:59:41.582+0000] {logging_mixin.py:188} INFO - [2026-05-28T01:59:41.581+0000] {dag.py:3096} INFO - Sync 1 DAGs
[2026-05-28T01:59:41.632+0000] {logging_mixin.py:188} INFO - [2026-05-28T01:59:41.631+0000] {dag.py:3954} INFO - Setting next_dagrun for shopee_pipeline to 2026-05-28 01:00:00+00:00, run_after=2026-05-29 01:00:00+00:00
[2026-05-28T01:59:41.676+0000] {processor.py:183} INFO - Processing /opt/airflow/dags/shopee_dag.py took 0.583 seconds
[2026-05-28T02:00:12.228+0000] {processor.py:161} INFO - Started process (PID=6554) to work on /opt/airflow/dags/shopee_dag.py
[2026-05-28T02:00:12.229+0000] {processor.py:830} INFO - Processing file /opt/airflow/dags/shopee_dag.py for tasks to queue
[2026-05-28T02:00:12.232+0000] {logging_mixin.py:188} INFO - [2026-05-28T02:00:12.231+0000] {dagbag.py:545} INFO - Filling up the DagBag from /opt/airflow/dags/shopee_dag.py
[2026-05-28T02:00:12.503+0000] {processor.py:840} INFO - DAG(s) 'shopee_pipeline' retrieved from /opt/airflow/dags/shopee_dag.py
[2026-05-28T02:00:12.542+0000] {logging_mixin.py:188} INFO - [2026-05-28T02:00:12.542+0000] {dag.py:3096} INFO - Sync 1 DAGs
[2026-05-28T02:00:12.572+0000] {logging_mixin.py:188} INFO - [2026-05-28T02:00:12.572+0000] {dag.py:3954} INFO - Setting next_dagrun for shopee_pipeline to 2026-05-28 01:00:00+00:00, run_after=2026-05-29 01:00:00+00:00
[2026-05-28T02:00:12.596+0000] {processor.py:183} INFO - Processing /opt/airflow/dags/shopee_dag.py took 0.376 seconds
[2026-05-28T02:00:42.918+0000] {processor.py:161} INFO - Started process (PID=6675) to work on /opt/airflow/dags/shopee_dag.py
[2026-05-28T02:00:42.920+0000] {processor.py:830} INFO - Processing file /opt/airflow/dags/shopee_dag.py for tasks to queue
[2026-05-28T02:00:42.924+0000] {logging_mixin.py:188} INFO - [2026-05-28T02:00:42.923+0000] {dagbag.py:545} INFO - Filling up the DagBag from /opt/airflow/dags/shopee_dag.py
[2026-05-28T02:00:43.315+0000] {processor.py:840} INFO - DAG(s) 'shopee_pipeline' retrieved from /opt/airflow/dags/shopee_dag.py
[2026-05-28T02:00:43.362+0000] {logging_mixin.py:188} INFO - [2026-05-28T02:00:43.361+0000] {dag.py:3096} INFO - Sync 1 DAGs
[2026-05-28T02:00:43.400+0000] {logging_mixin.py:188} INFO - [2026-05-28T02:00:43.399+0000] {dag.py:3954} INFO - Setting next_dagrun for shopee_pipeline to 2026-05-28 01:00:00+00:00, run_after=2026-05-29 01:00:00+00:00
[2026-05-28T02:00:43.435+0000] {processor.py:183} INFO - Processing /opt/airflow/dags/shopee_dag.py took 0.528 seconds
[2026-05-28T02:01:13.766+0000] {processor.py:161} INFO - Started process (PID=6763) to work on /opt/airflow/dags/shopee_dag.py
[2026-05-28T02:01:13.767+0000] {processor.py:830} INFO - Processing file /opt/airflow/dags/shopee_dag.py for tasks to queue
[2026-05-28T02:01:13.770+0000] {logging_mixin.py:188} INFO - [2026-05-28T02:01:13.769+0000] {dagbag.py:545} INFO - Filling up the DagBag from /opt/airflow/dags/shopee_dag.py
[2026-05-28T02:01:14.051+0000] {processor.py:840} INFO - DAG(s) 'shopee_pipeline' retrieved from /opt/airflow/dags/shopee_dag.py
[2026-05-28T02:01:14.085+0000] {logging_mixin.py:188} INFO - [2026-05-28T02:01:14.085+0000] {dag.py:3096} INFO - Sync 1 DAGs
[2026-05-28T02:01:14.112+0000] {logging_mixin.py:188} INFO - [2026-05-28T02:01:14.111+0000] {dag.py:3954} INFO - Setting next_dagrun for shopee_pipeline to 2026-05-28 01:00:00+00:00, run_after=2026-05-29 01:00:00+00:00
[2026-05-28T02:01:14.135+0000] {processor.py:183} INFO - Processing /opt/airflow/dags/shopee_dag.py took 0.380 seconds
[2026-05-28T02:01:44.502+0000] {processor.py:161} INFO - Started process (PID=6805) to work on /opt/airflow/dags/shopee_dag.py
[2026-05-28T02:01:44.503+0000] {processor.py:830} INFO - Processing file /opt/airflow/dags/shopee_dag.py for tasks to queue
[2026-05-28T02:01:44.505+0000] {logging_mixin.py:188} INFO - [2026-05-28T02:01:44.504+0000] {dagbag.py:545} INFO - Filling up the DagBag from /opt/airflow/dags/shopee_dag.py
[2026-05-28T02:01:44.778+0000] {processor.py:840} INFO - DAG(s) 'shopee_pipeline' retrieved from /opt/airflow/dags/shopee_dag.py
[2026-05-28T02:01:44.821+0000] {logging_mixin.py:188} INFO - [2026-05-28T02:01:44.821+0000] {dag.py:3096} INFO - Sync 1 DAGs
[2026-05-28T02:01:44.856+0000] {logging_mixin.py:188} INFO - [2026-05-28T02:01:44.856+0000] {dag.py:3954} INFO - Setting next_dagrun for shopee_pipeline to 2026-05-28 01:00:00+00:00, run_after=2026-05-29 01:00:00+00:00
[2026-05-28T02:01:44.884+0000] {processor.py:183} INFO - Processing /opt/airflow/dags/shopee_dag.py took 0.389 seconds
[2026-05-28T02:02:15.257+0000] {processor.py:161} INFO - Started process (PID=6938) to work on /opt/airflow/dags/shopee_dag.py
[2026-05-28T02:02:15.259+0000] {processor.py:830} INFO - Processing file /opt/airflow/dags/shopee_dag.py for tasks to queue
[2026-05-28T02:02:15.262+0000] {logging_mixin.py:188} INFO - [2026-05-28T02:02:15.262+0000] {dagbag.py:545} INFO - Filling up the DagBag from /opt/airflow/dags/shopee_dag.py
[2026-05-28T02:02:15.566+0000] {processor.py:840} INFO - DAG(s) 'shopee_pipeline' retrieved from /opt/airflow/dags/shopee_dag.py
[2026-05-28T02:02:15.612+0000] {logging_mixin.py:188} INFO - [2026-05-28T02:02:15.611+0000] {dag.py:3096} INFO - Sync 1 DAGs
[2026-05-28T02:02:15.642+0000] {logging_mixin.py:188} INFO - [2026-05-28T02:02:15.641+0000] {dag.py:3954} INFO - Setting next_dagrun for shopee_pipeline to 2026-05-28 01:00:00+00:00, run_after=2026-05-29 01:00:00+00:00
[2026-05-28T02:02:15.670+0000] {processor.py:183} INFO - Processing /opt/airflow/dags/shopee_dag.py took 0.422 seconds
[2026-05-28T02:02:46.029+0000] {processor.py:161} INFO - Started process (PID=7042) to work on /opt/airflow/dags/shopee_dag.py
[2026-05-28T02:02:46.031+0000] {processor.py:830} INFO - Processing file /opt/airflow/dags/shopee_dag.py for tasks to queue
[2026-05-28T02:02:46.035+0000] {logging_mixin.py:188} INFO - [2026-05-28T02:02:46.034+0000] {dagbag.py:545} INFO - Filling up the DagBag from /opt/airflow/dags/shopee_dag.py
[2026-05-28T02:02:46.408+0000] {processor.py:840} INFO - DAG(s) 'shopee_pipeline' retrieved from /opt/airflow/dags/shopee_dag.py
[2026-05-28T02:02:46.470+0000] {logging_mixin.py:188} INFO - [2026-05-28T02:02:46.470+0000] {dag.py:3096} INFO - Sync 1 DAGs
[2026-05-28T02:02:46.517+0000] {logging_mixin.py:188} INFO - [2026-05-28T02:02:46.517+0000] {dag.py:3954} INFO - Setting next_dagrun for shopee_pipeline to 2026-05-28 01:00:00+00:00, run_after=2026-05-29 01:00:00+00:00
[2026-05-28T02:02:46.560+0000] {processor.py:183} INFO - Processing /opt/airflow/dags/shopee_dag.py took 0.544 seconds
[2026-05-28T02:03:16.857+0000] {processor.py:161} INFO - Started process (PID=7082) to work on /opt/airflow/dags/shopee_dag.py
[2026-05-28T02:03:16.858+0000] {processor.py:830} INFO - Processing file /opt/airflow/dags/shopee_dag.py for tasks to queue
[2026-05-28T02:03:16.860+0000] {logging_mixin.py:188} INFO - [2026-05-28T02:03:16.860+0000] {dagbag.py:545} INFO - Filling up the DagBag from /opt/airflow/dags/shopee_dag.py
[2026-05-28T02:03:17.196+0000] {processor.py:840} INFO - DAG(s) 'shopee_pipeline' retrieved from /opt/airflow/dags/shopee_dag.py
[2026-05-28T02:03:17.230+0000] {logging_mixin.py:188} INFO - [2026-05-28T02:03:17.230+0000] {dag.py:3096} INFO - Sync 1 DAGs
[2026-05-28T02:03:17.257+0000] {logging_mixin.py:188} INFO - [2026-05-28T02:03:17.256+0000] {dag.py:3954} INFO - Setting next_dagrun for shopee_pipeline to 2026-05-28 01:00:00+00:00, run_after=2026-05-29 01:00:00+00:00
[2026-05-28T02:03:17.281+0000] {processor.py:183} INFO - Processing /opt/airflow/dags/shopee_dag.py took 0.431 seconds
[2026-05-28T02:03:48.064+0000] {processor.py:161} INFO - Started process (PID=7204) to work on /opt/airflow/dags/shopee_dag.py
[2026-05-28T02:03:48.066+0000] {processor.py:830} INFO - Processing file /opt/airflow/dags/shopee_dag.py for tasks to queue
[2026-05-28T02:03:48.069+0000] {logging_mixin.py:188} INFO - [2026-05-28T02:03:48.069+0000] {dagbag.py:545} INFO - Filling up the DagBag from /opt/airflow/dags/shopee_dag.py
[2026-05-28T02:03:48.386+0000] {processor.py:840} INFO - DAG(s) 'shopee_pipeline' retrieved from /opt/airflow/dags/shopee_dag.py
[2026-05-28T02:03:48.421+0000] {logging_mixin.py:188} INFO - [2026-05-28T02:03:48.421+0000] {dag.py:3096} INFO - Sync 1 DAGs
[2026-05-28T02:03:48.449+0000] {logging_mixin.py:188} INFO - [2026-05-28T02:03:48.448+0000] {dag.py:3954} INFO - Setting next_dagrun for shopee_pipeline to 2026-05-28 01:00:00+00:00, run_after=2026-05-29 01:00:00+00:00
[2026-05-28T02:03:48.472+0000] {processor.py:183} INFO - Processing /opt/airflow/dags/shopee_dag.py took 0.419 seconds
[2026-05-28T02:04:18.782+0000] {processor.py:161} INFO - Started process (PID=7294) to work on /opt/airflow/dags/shopee_dag.py
[2026-05-28T02:04:18.784+0000] {processor.py:830} INFO - Processing file /opt/airflow/dags/shopee_dag.py for tasks to queue
[2026-05-28T02:04:18.787+0000] {logging_mixin.py:188} INFO - [2026-05-28T02:04:18.786+0000] {dagbag.py:545} INFO - Filling up the DagBag from /opt/airflow/dags/shopee_dag.py
[2026-05-28T02:04:19.068+0000] {processor.py:840} INFO - DAG(s) 'shopee_pipeline' retrieved from /opt/airflow/dags/shopee_dag.py
[2026-05-28T02:04:19.122+0000] {logging_mixin.py:188} INFO - [2026-05-28T02:04:19.121+0000] {dag.py:3096} INFO - Sync 1 DAGs
[2026-05-28T02:04:19.164+0000] {logging_mixin.py:188} INFO - [2026-05-28T02:04:19.163+0000] {dag.py:3954} INFO - Setting next_dagrun for shopee_pipeline to 2026-05-28 01:00:00+00:00, run_after=2026-05-29 01:00:00+00:00
[2026-05-28T02:04:19.204+0000] {processor.py:183} INFO - Processing /opt/airflow/dags/shopee_dag.py took 0.433 seconds
[2026-05-28T02:04:49.730+0000] {processor.py:161} INFO - Started process (PID=7336) to work on /opt/airflow/dags/shopee_dag.py
[2026-05-28T02:04:49.731+0000] {processor.py:830} INFO - Processing file /opt/airflow/dags/shopee_dag.py for tasks to queue
[2026-05-28T02:04:49.733+0000] {logging_mixin.py:188} INFO - [2026-05-28T02:04:49.733+0000] {dagbag.py:545} INFO - Filling up the DagBag from /opt/airflow/dags/shopee_dag.py
[2026-05-28T02:04:49.962+0000] {processor.py:840} INFO - DAG(s) 'shopee_pipeline' retrieved from /opt/airflow/dags/shopee_dag.py
[2026-05-28T02:04:49.997+0000] {logging_mixin.py:188} INFO - [2026-05-28T02:04:49.996+0000] {dag.py:3096} INFO - Sync 1 DAGs
[2026-05-28T02:04:50.021+0000] {logging_mixin.py:188} INFO - [2026-05-28T02:04:50.020+0000] {dag.py:3954} INFO - Setting next_dagrun for shopee_pipeline to 2026-05-28 01:00:00+00:00, run_after=2026-05-29 01:00:00+00:00
[2026-05-28T02:04:50.063+0000] {processor.py:183} INFO - Processing /opt/airflow/dags/shopee_dag.py took 0.339 seconds
[2026-05-28T02:05:20.355+0000] {processor.py:161} INFO - Started process (PID=7468) to work on /opt/airflow/dags/shopee_dag.py
[2026-05-28T02:05:20.357+0000] {processor.py:830} INFO - Processing file /opt/airflow/dags/shopee_dag.py for tasks to queue
[2026-05-28T02:05:20.361+0000] {logging_mixin.py:188} INFO - [2026-05-28T02:05:20.360+0000] {dagbag.py:545} INFO - Filling up the DagBag from /opt/airflow/dags/shopee_dag.py
[2026-05-28T02:05:20.531+0000] {processor.py:840} INFO - DAG(s) 'shopee_pipeline' retrieved from /opt/airflow/dags/shopee_dag.py
[2026-05-28T02:05:20.583+0000] {logging_mixin.py:188} INFO - [2026-05-28T02:05:20.582+0000] {dag.py:3096} INFO - Sync 1 DAGs
[2026-05-28T02:05:20.629+0000] {logging_mixin.py:188} INFO - [2026-05-28T02:05:20.629+0000] {dag.py:3954} INFO - Setting next_dagrun for shopee_pipeline to 2026-05-28 01:00:00+00:00, run_after=2026-05-29 01:00:00+00:00
[2026-05-28T02:05:20.686+0000] {processor.py:183} INFO - Processing /opt/airflow/dags/shopee_dag.py took 0.343 seconds
[2026-05-28T02:05:51.076+0000] {processor.py:161} INFO - Started process (PID=7592) to work on /opt/airflow/dags/shopee_dag.py
[2026-05-28T02:05:51.077+0000] {processor.py:830} INFO - Processing file /opt/airflow/dags/shopee_dag.py for tasks to queue
[2026-05-28T02:05:51.079+0000] {logging_mixin.py:188} INFO - [2026-05-28T02:05:51.079+0000] {dagbag.py:545} INFO - Filling up the DagBag from /opt/airflow/dags/shopee_dag.py
[2026-05-28T02:05:51.214+0000] {processor.py:840} INFO - DAG(s) 'shopee_pipeline' retrieved from /opt/airflow/dags/shopee_dag.py
[2026-05-28T02:05:51.254+0000] {logging_mixin.py:188} INFO - [2026-05-28T02:05:51.254+0000] {dag.py:3096} INFO - Sync 1 DAGs
[2026-05-28T02:05:51.291+0000] {logging_mixin.py:188} INFO - [2026-05-28T02:05:51.291+0000] {dag.py:3954} INFO - Setting next_dagrun for shopee_pipeline to 2026-05-28 01:00:00+00:00, run_after=2026-05-29 01:00:00+00:00
[2026-05-28T02:05:51.333+0000] {processor.py:183} INFO - Processing /opt/airflow/dags/shopee_dag.py took 0.267 seconds
[2026-05-28T02:06:21.760+0000] {processor.py:161} INFO - Started process (PID=7684) to work on /opt/airflow/dags/shopee_dag.py
[2026-05-28T02:06:21.762+0000] {processor.py:830} INFO - Processing file /opt/airflow/dags/shopee_dag.py for tasks to queue
[2026-05-28T02:06:21.764+0000] {logging_mixin.py:188} INFO - [2026-05-28T02:06:21.763+0000] {dagbag.py:545} INFO - Filling up the DagBag from /opt/airflow/dags/shopee_dag.py
[2026-05-28T02:06:21.887+0000] {processor.py:840} INFO - DAG(s) 'shopee_pipeline' retrieved from /opt/airflow/dags/shopee_dag.py
[2026-05-28T02:06:21.929+0000] {logging_mixin.py:188} INFO - [2026-05-28T02:06:21.929+0000] {dag.py:3096} INFO - Sync 1 DAGs
[2026-05-28T02:06:21.968+0000] {logging_mixin.py:188} INFO - [2026-05-28T02:06:21.968+0000] {dag.py:3954} INFO - Setting next_dagrun for shopee_pipeline to 2026-05-28 01:00:00+00:00, run_after=2026-05-29 01:00:00+00:00
[2026-05-28T02:06:22.008+0000] {processor.py:183} INFO - Processing /opt/airflow/dags/shopee_dag.py took 0.258 seconds
[2026-05-28T02:06:52.351+0000] {processor.py:161} INFO - Started process (PID=7724) to work on /opt/airflow/dags/shopee_dag.py
[2026-05-28T02:06:52.352+0000] {processor.py:830} INFO - Processing file /opt/airflow/dags/shopee_dag.py for tasks to queue
[2026-05-28T02:06:52.354+0000] {logging_mixin.py:188} INFO - [2026-05-28T02:06:52.354+0000] {dagbag.py:545} INFO - Filling up the DagBag from /opt/airflow/dags/shopee_dag.py
[2026-05-28T02:06:52.467+0000] {processor.py:840} INFO - DAG(s) 'shopee_pipeline' retrieved from /opt/airflow/dags/shopee_dag.py
[2026-05-28T02:06:52.503+0000] {logging_mixin.py:188} INFO - [2026-05-28T02:06:52.503+0000] {dag.py:3096} INFO - Sync 1 DAGs
[2026-05-28T02:06:52.528+0000] {logging_mixin.py:188} INFO - [2026-05-28T02:06:52.528+0000] {dag.py:3954} INFO - Setting next_dagrun for shopee_pipeline to 2026-05-28 01:00:00+00:00, run_after=2026-05-29 01:00:00+00:00
[2026-05-28T02:06:52.550+0000] {processor.py:183} INFO - Processing /opt/airflow/dags/shopee_dag.py took 0.205 seconds
[2026-05-28T02:07:22.901+0000] {processor.py:161} INFO - Started process (PID=7846) to work on /opt/airflow/dags/shopee_dag.py
[2026-05-28T02:07:22.902+0000] {processor.py:830} INFO - Processing file /opt/airflow/dags/shopee_dag.py for tasks to queue
[2026-05-28T02:07:22.904+0000] {logging_mixin.py:188} INFO - [2026-05-28T02:07:22.904+0000] {dagbag.py:545} INFO - Filling up the DagBag from /opt/airflow/dags/shopee_dag.py
[2026-05-28T02:07:23.027+0000] {processor.py:840} INFO - DAG(s) 'shopee_pipeline' retrieved from /opt/airflow/dags/shopee_dag.py
[2026-05-28T02:07:23.064+0000] {logging_mixin.py:188} INFO - [2026-05-28T02:07:23.064+0000] {dag.py:3096} INFO - Sync 1 DAGs
[2026-05-28T02:07:23.091+0000] {logging_mixin.py:188} INFO - [2026-05-28T02:07:23.091+0000] {dag.py:3954} INFO - Setting next_dagrun for shopee_pipeline to 2026-05-28 01:00:00+00:00, run_after=2026-05-29 01:00:00+00:00
[2026-05-28T02:07:23.125+0000] {processor.py:183} INFO - Processing /opt/airflow/dags/shopee_dag.py took 0.231 seconds
[2026-05-28T02:07:53.452+0000] {processor.py:161} INFO - Started process (PID=7963) to work on /opt/airflow/dags/shopee_dag.py
[2026-05-28T02:07:53.454+0000] {processor.py:830} INFO - Processing file /opt/airflow/dags/shopee_dag.py for tasks to queue
[2026-05-28T02:07:53.458+0000] {logging_mixin.py:188} INFO - [2026-05-28T02:07:53.458+0000] {dagbag.py:545} INFO - Filling up the DagBag from /opt/airflow/dags/shopee_dag.py
[2026-05-28T02:07:53.640+0000] {processor.py:840} INFO - DAG(s) 'shopee_pipeline' retrieved from /opt/airflow/dags/shopee_dag.py
[2026-05-28T02:07:53.696+0000] {logging_mixin.py:188} INFO - [2026-05-28T02:07:53.695+0000] {dag.py:3096} INFO - Sync 1 DAGs
[2026-05-28T02:07:53.743+0000] {logging_mixin.py:188} INFO - [2026-05-28T02:07:53.743+0000] {dag.py:3954} INFO - Setting next_dagrun for shopee_pipeline to 2026-05-28 01:00:00+00:00, run_after=2026-05-29 01:00:00+00:00
[2026-05-28T02:07:53.786+0000] {processor.py:183} INFO - Processing /opt/airflow/dags/shopee_dag.py took 0.345 seconds
[2026-05-28T02:08:23.976+0000] {processor.py:161} INFO - Started process (PID=7979) to work on /opt/airflow/dags/shopee_dag.py
[2026-05-28T02:08:23.977+0000] {processor.py:830} INFO - Processing file /opt/airflow/dags/shopee_dag.py for tasks to queue
[2026-05-28T02:08:23.979+0000] {logging_mixin.py:188} INFO - [2026-05-28T02:08:23.979+0000] {dagbag.py:545} INFO - Filling up the DagBag from /opt/airflow/dags/shopee_dag.py
[2026-05-28T02:08:24.094+0000] {processor.py:840} INFO - DAG(s) 'shopee_pipeline' retrieved from /opt/airflow/dags/shopee_dag.py
[2026-05-28T02:08:24.129+0000] {logging_mixin.py:188} INFO - [2026-05-28T02:08:24.129+0000] {dag.py:3096} INFO - Sync 1 DAGs
[2026-05-28T02:08:24.158+0000] {logging_mixin.py:188} INFO - [2026-05-28T02:08:24.157+0000] {dag.py:3954} INFO - Setting next_dagrun for shopee_pipeline to 2026-05-28 01:00:00+00:00, run_after=2026-05-29 01:00:00+00:00
[2026-05-28T02:08:24.179+0000] {processor.py:183} INFO - Processing /opt/airflow/dags/shopee_dag.py took 0.211 seconds
[2026-05-28T02:08:54.497+0000] {processor.py:161} INFO - Started process (PID=8102) to work on /opt/airflow/dags/shopee_dag.py
[2026-05-28T02:08:54.498+0000] {processor.py:830} INFO - Processing file /opt/airflow/dags/shopee_dag.py for tasks to queue
[2026-05-28T02:08:54.501+0000] {logging_mixin.py:188} INFO - [2026-05-28T02:08:54.500+0000] {dagbag.py:545} INFO - Filling up the DagBag from /opt/airflow/dags/shopee_dag.py
[2026-05-28T02:08:54.644+0000] {processor.py:840} INFO - DAG(s) 'shopee_pipeline' retrieved from /opt/airflow/dags/shopee_dag.py
[2026-05-28T02:08:54.685+0000] {logging_mixin.py:188} INFO - [2026-05-28T02:08:54.684+0000] {dag.py:3096} INFO - Sync 1 DAGs
[2026-05-28T02:08:54.715+0000] {logging_mixin.py:188} INFO - [2026-05-28T02:08:54.715+0000] {dag.py:3954} INFO - Setting next_dagrun for shopee_pipeline to 2026-05-28 01:00:00+00:00, run_after=2026-05-29 01:00:00+00:00
[2026-05-28T02:08:54.739+0000] {processor.py:183} INFO - Processing /opt/airflow/dags/shopee_dag.py took 0.251 seconds
[2026-05-28T02:09:25.106+0000] {processor.py:161} INFO - Started process (PID=8225) to work on /opt/airflow/dags/shopee_dag.py
[2026-05-28T02:09:25.107+0000] {processor.py:830} INFO - Processing file /opt/airflow/dags/shopee_dag.py for tasks to queue
[2026-05-28T02:09:25.108+0000] {logging_mixin.py:188} INFO - [2026-05-28T02:09:25.108+0000] {dagbag.py:545} INFO - Filling up the DagBag from /opt/airflow/dags/shopee_dag.py
[2026-05-28T02:09:25.220+0000] {processor.py:840} INFO - DAG(s) 'shopee_pipeline' retrieved from /opt/airflow/dags/shopee_dag.py
[2026-05-28T02:09:25.256+0000] {logging_mixin.py:188} INFO - [2026-05-28T02:09:25.256+0000] {dag.py:3096} INFO - Sync 1 DAGs
[2026-05-28T02:09:25.282+0000] {logging_mixin.py:188} INFO - [2026-05-28T02:09:25.282+0000] {dag.py:3954} INFO - Setting next_dagrun for shopee_pipeline to 2026-05-28 01:00:00+00:00, run_after=2026-05-29 01:00:00+00:00
[2026-05-28T02:09:25.310+0000] {processor.py:183} INFO - Processing /opt/airflow/dags/shopee_dag.py took 0.211 seconds
[2026-05-28T02:09:55.630+0000] {processor.py:161} INFO - Started process (PID=8322) to work on /opt/airflow/dags/shopee_dag.py
[2026-05-28T02:09:55.632+0000] {processor.py:830} INFO - Processing file /opt/airflow/dags/shopee_dag.py for tasks to queue
[2026-05-28T02:09:55.636+0000] {logging_mixin.py:188} INFO - [2026-05-28T02:09:55.636+0000] {dagbag.py:545} INFO - Filling up the DagBag from /opt/airflow/dags/shopee_dag.py
[2026-05-28T02:09:55.829+0000] {processor.py:840} INFO - DAG(s) 'shopee_pipeline' retrieved from /opt/airflow/dags/shopee_dag.py
[2026-05-28T02:09:55.890+0000] {logging_mixin.py:188} INFO - [2026-05-28T02:09:55.890+0000] {dag.py:3096} INFO - Sync 1 DAGs
[2026-05-28T02:09:55.938+0000] {logging_mixin.py:188} INFO - [2026-05-28T02:09:55.937+0000] {dag.py:3954} INFO - Setting next_dagrun for shopee_pipeline to 2026-05-28 01:00:00+00:00, run_after=2026-05-29 01:00:00+00:00
[2026-05-28T02:09:55.974+0000] {processor.py:183} INFO - Processing /opt/airflow/dags/shopee_dag.py took 0.358 seconds
[2026-05-28T02:10:26.064+0000] {processor.py:161} INFO - Started process (PID=8356) to work on /opt/airflow/dags/shopee_dag.py
[2026-05-28T02:10:26.065+0000] {processor.py:830} INFO - Processing file /opt/airflow/dags/shopee_dag.py for tasks to queue
[2026-05-28T02:10:26.067+0000] {logging_mixin.py:188} INFO - [2026-05-28T02:10:26.067+0000] {dagbag.py:545} INFO - Filling up the DagBag from /opt/airflow/dags/shopee_dag.py
[2026-05-28T02:10:26.205+0000] {processor.py:840} INFO - DAG(s) 'shopee_pipeline' retrieved from /opt/airflow/dags/shopee_dag.py
[2026-05-28T02:10:26.244+0000] {logging_mixin.py:188} INFO - [2026-05-28T02:10:26.244+0000] {dag.py:3096} INFO - Sync 1 DAGs
[2026-05-28T02:10:26.271+0000] {logging_mixin.py:188} INFO - [2026-05-28T02:10:26.271+0000] {dag.py:3954} INFO - Setting next_dagrun for shopee_pipeline to 2026-05-28 01:00:00+00:00, run_after=2026-05-29 01:00:00+00:00
[2026-05-28T02:10:26.297+0000] {processor.py:183} INFO - Processing /opt/airflow/dags/shopee_dag.py took 0.241 seconds
[2026-05-28T02:10:56.489+0000] {processor.py:161} INFO - Started process (PID=8479) to work on /opt/airflow/dags/shopee_dag.py
[2026-05-28T02:10:56.490+0000] {processor.py:830} INFO - Processing file /opt/airflow/dags/shopee_dag.py for tasks to queue
[2026-05-28T02:10:56.493+0000] {logging_mixin.py:188} INFO - [2026-05-28T02:10:56.492+0000] {dagbag.py:545} INFO - Filling up the DagBag from /opt/airflow/dags/shopee_dag.py
[2026-05-28T02:10:56.615+0000] {processor.py:840} INFO - DAG(s) 'shopee_pipeline' retrieved from /opt/airflow/dags/shopee_dag.py
[2026-05-28T02:10:56.652+0000] {logging_mixin.py:188} INFO - [2026-05-28T02:10:56.651+0000] {dag.py:3096} INFO - Sync 1 DAGs
[2026-05-28T02:10:56.678+0000] {logging_mixin.py:188} INFO - [2026-05-28T02:10:56.678+0000] {dag.py:3954} INFO - Setting next_dagrun for shopee_pipeline to 2026-05-28 01:00:00+00:00, run_after=2026-05-29 01:00:00+00:00
[2026-05-28T02:10:56.701+0000] {processor.py:183} INFO - Processing /opt/airflow/dags/shopee_dag.py took 0.221 seconds
[2026-05-28T02:11:27.156+0000] {processor.py:161} INFO - Started process (PID=8602) to work on /opt/airflow/dags/shopee_dag.py
[2026-05-28T02:11:27.157+0000] {processor.py:830} INFO - Processing file /opt/airflow/dags/shopee_dag.py for tasks to queue
[2026-05-28T02:11:27.159+0000] {logging_mixin.py:188} INFO - [2026-05-28T02:11:27.158+0000] {dagbag.py:545} INFO - Filling up the DagBag from /opt/airflow/dags/shopee_dag.py
[2026-05-28T02:11:27.265+0000] {processor.py:840} INFO - DAG(s) 'shopee_pipeline' retrieved from /opt/airflow/dags/shopee_dag.py
[2026-05-28T02:11:27.299+0000] {logging_mixin.py:188} INFO - [2026-05-28T02:11:27.298+0000] {dag.py:3096} INFO - Sync 1 DAGs
[2026-05-28T02:11:27.329+0000] {logging_mixin.py:188} INFO - [2026-05-28T02:11:27.329+0000] {dag.py:3954} INFO - Setting next_dagrun for shopee_pipeline to 2026-05-28 01:00:00+00:00, run_after=2026-05-29 01:00:00+00:00
[2026-05-28T02:11:27.355+0000] {processor.py:183} INFO - Processing /opt/airflow/dags/shopee_dag.py took 0.206 seconds
[2026-05-28T02:11:57.694+0000] {processor.py:161} INFO - Started process (PID=8691) to work on /opt/airflow/dags/shopee_dag.py
[2026-05-28T02:11:57.696+0000] {processor.py:830} INFO - Processing file /opt/airflow/dags/shopee_dag.py for tasks to queue
[2026-05-28T02:11:57.699+0000] {logging_mixin.py:188} INFO - [2026-05-28T02:11:57.698+0000] {dagbag.py:545} INFO - Filling up the DagBag from /opt/airflow/dags/shopee_dag.py
[2026-05-28T02:11:57.917+0000] {processor.py:840} INFO - DAG(s) 'shopee_pipeline' retrieved from /opt/airflow/dags/shopee_dag.py
[2026-05-28T02:11:57.970+0000] {logging_mixin.py:188} INFO - [2026-05-28T02:11:57.970+0000] {dag.py:3096} INFO - Sync 1 DAGs
[2026-05-28T02:11:58.014+0000] {logging_mixin.py:188} INFO - [2026-05-28T02:11:58.013+0000] {dag.py:3954} INFO - Setting next_dagrun for shopee_pipeline to 2026-05-28 01:00:00+00:00, run_after=2026-05-29 01:00:00+00:00
[2026-05-28T02:11:58.052+0000] {processor.py:183} INFO - Processing /opt/airflow/dags/shopee_dag.py took 0.370 seconds
[2026-05-28T02:12:28.250+0000] {processor.py:161} INFO - Started process (PID=8747) to work on /opt/airflow/dags/shopee_dag.py
[2026-05-28T02:12:28.251+0000] {processor.py:830} INFO - Processing file /opt/airflow/dags/shopee_dag.py for tasks to queue
[2026-05-28T02:12:28.252+0000] {logging_mixin.py:188} INFO - [2026-05-28T02:12:28.252+0000] {dagbag.py:545} INFO - Filling up the DagBag from /opt/airflow/dags/shopee_dag.py
[2026-05-28T02:12:28.371+0000] {processor.py:840} INFO - DAG(s) 'shopee_pipeline' retrieved from /opt/airflow/dags/shopee_dag.py
[2026-05-28T02:12:28.408+0000] {logging_mixin.py:188} INFO - [2026-05-28T02:12:28.407+0000] {dag.py:3096} INFO - Sync 1 DAGs
[2026-05-28T02:12:28.432+0000] {logging_mixin.py:188} INFO - [2026-05-28T02:12:28.432+0000] {dag.py:3954} INFO - Setting next_dagrun for shopee_pipeline to 2026-05-28 01:00:00+00:00, run_after=2026-05-29 01:00:00+00:00
[2026-05-28T02:12:28.455+0000] {processor.py:183} INFO - Processing /opt/airflow/dags/shopee_dag.py took 0.211 seconds
[2026-05-28T02:12:58.797+0000] {processor.py:161} INFO - Started process (PID=8839) to work on /opt/airflow/dags/shopee_dag.py
[2026-05-28T02:12:58.799+0000] {processor.py:830} INFO - Processing file /opt/airflow/dags/shopee_dag.py for tasks to queue
[2026-05-28T02:12:58.802+0000] {logging_mixin.py:188} INFO - [2026-05-28T02:12:58.802+0000] {dagbag.py:545} INFO - Filling up the DagBag from /opt/airflow/dags/shopee_dag.py
[2026-05-28T02:12:58.986+0000] {processor.py:840} INFO - DAG(s) 'shopee_pipeline' retrieved from /opt/airflow/dags/shopee_dag.py
[2026-05-28T02:12:59.046+0000] {logging_mixin.py:188} INFO - [2026-05-28T02:12:59.046+0000] {dag.py:3096} INFO - Sync 1 DAGs
[2026-05-28T02:12:59.092+0000] {logging_mixin.py:188} INFO - [2026-05-28T02:12:59.091+0000] {dag.py:3954} INFO - Setting next_dagrun for shopee_pipeline to 2026-05-28 01:00:00+00:00, run_after=2026-05-29 01:00:00+00:00
[2026-05-28T02:12:59.128+0000] {processor.py:183} INFO - Processing /opt/airflow/dags/shopee_dag.py took 0.342 seconds
[2026-05-28T02:13:29.335+0000] {processor.py:161} INFO - Started process (PID=8893) to work on /opt/airflow/dags/shopee_dag.py
[2026-05-28T02:13:29.337+0000] {processor.py:830} INFO - Processing file /opt/airflow/dags/shopee_dag.py for tasks to queue
[2026-05-28T02:13:29.339+0000] {logging_mixin.py:188} INFO - [2026-05-28T02:13:29.339+0000] {dagbag.py:545} INFO - Filling up the DagBag from /opt/airflow/dags/shopee_dag.py
[2026-05-28T02:13:29.458+0000] {processor.py:840} INFO - DAG(s) 'shopee_pipeline' retrieved from /opt/airflow/dags/shopee_dag.py
[2026-05-28T02:13:29.497+0000] {logging_mixin.py:188} INFO - [2026-05-28T02:13:29.497+0000] {dag.py:3096} INFO - Sync 1 DAGs
[2026-05-28T02:13:29.525+0000] {logging_mixin.py:188} INFO - [2026-05-28T02:13:29.525+0000] {dag.py:3954} INFO - Setting next_dagrun for shopee_pipeline to 2026-05-28 01:00:00+00:00, run_after=2026-05-29 01:00:00+00:00
[2026-05-28T02:13:29.549+0000] {processor.py:183} INFO - Processing /opt/airflow/dags/shopee_dag.py took 0.221 seconds
[2026-05-28T02:13:59.932+0000] {processor.py:161} INFO - Started process (PID=8984) to work on /opt/airflow/dags/shopee_dag.py
[2026-05-28T02:13:59.934+0000] {processor.py:830} INFO - Processing file /opt/airflow/dags/shopee_dag.py for tasks to queue
[2026-05-28T02:13:59.938+0000] {logging_mixin.py:188} INFO - [2026-05-28T02:13:59.938+0000] {dagbag.py:545} INFO - Filling up the DagBag from /opt/airflow/dags/shopee_dag.py
[2026-05-28T02:14:00.122+0000] {processor.py:840} INFO - DAG(s) 'shopee_pipeline' retrieved from /opt/airflow/dags/shopee_dag.py
[2026-05-28T02:14:00.175+0000] {logging_mixin.py:188} INFO - [2026-05-28T02:14:00.175+0000] {dag.py:3096} INFO - Sync 1 DAGs
[2026-05-28T02:14:00.228+0000] {logging_mixin.py:188} INFO - [2026-05-28T02:14:00.227+0000] {dag.py:3954} INFO - Setting next_dagrun for shopee_pipeline to 2026-05-28 01:00:00+00:00, run_after=2026-05-29 01:00:00+00:00
[2026-05-28T02:14:00.262+0000] {processor.py:183} INFO - Processing /opt/airflow/dags/shopee_dag.py took 0.344 seconds
[2026-05-28T02:14:31.043+0000] {processor.py:161} INFO - Started process (PID=9025) to work on /opt/airflow/dags/shopee_dag.py
[2026-05-28T02:14:31.044+0000] {processor.py:830} INFO - Processing file /opt/airflow/dags/shopee_dag.py for tasks to queue
[2026-05-28T02:14:31.046+0000] {logging_mixin.py:188} INFO - [2026-05-28T02:14:31.046+0000] {dagbag.py:545} INFO - Filling up the DagBag from /opt/airflow/dags/shopee_dag.py
[2026-05-28T02:14:31.191+0000] {processor.py:840} INFO - DAG(s) 'shopee_pipeline' retrieved from /opt/airflow/dags/shopee_dag.py
[2026-05-28T02:14:31.238+0000] {logging_mixin.py:188} INFO - [2026-05-28T02:14:31.238+0000] {dag.py:3096} INFO - Sync 1 DAGs
[2026-05-28T02:14:31.269+0000] {logging_mixin.py:188} INFO - [2026-05-28T02:14:31.269+0000] {dag.py:3954} INFO - Setting next_dagrun for shopee_pipeline to 2026-05-28 01:00:00+00:00, run_after=2026-05-29 01:00:00+00:00
[2026-05-28T02:14:31.299+0000] {processor.py:183} INFO - Processing /opt/airflow/dags/shopee_dag.py took 0.264 seconds
[2026-05-28T02:15:01.572+0000] {processor.py:161} INFO - Started process (PID=9131) to work on /opt/airflow/dags/shopee_dag.py
[2026-05-28T02:15:01.573+0000] {processor.py:830} INFO - Processing file /opt/airflow/dags/shopee_dag.py for tasks to queue
[2026-05-28T02:15:01.574+0000] {logging_mixin.py:188} INFO - [2026-05-28T02:15:01.574+0000] {dagbag.py:545} INFO - Filling up the DagBag from /opt/airflow/dags/shopee_dag.py
[2026-05-28T02:15:01.691+0000] {processor.py:840} INFO - DAG(s) 'shopee_pipeline' retrieved from /opt/airflow/dags/shopee_dag.py
[2026-05-28T02:15:01.738+0000] {logging_mixin.py:188} INFO - [2026-05-28T02:15:01.738+0000] {dag.py:3096} INFO - Sync 1 DAGs
[2026-05-28T02:15:01.771+0000] {logging_mixin.py:188} INFO - [2026-05-28T02:15:01.771+0000] {dag.py:3954} INFO - Setting next_dagrun for shopee_pipeline to 2026-05-28 01:00:00+00:00, run_after=2026-05-29 01:00:00+00:00
[2026-05-28T02:15:01.818+0000] {processor.py:183} INFO - Processing /opt/airflow/dags/shopee_dag.py took 0.252 seconds
[2026-05-28T02:15:31.896+0000] {processor.py:161} INFO - Started process (PID=9251) to work on /opt/airflow/dags/shopee_dag.py
[2026-05-28T02:15:31.899+0000] {processor.py:830} INFO - Processing file /opt/airflow/dags/shopee_dag.py for tasks to queue
[2026-05-28T02:15:31.904+0000] {logging_mixin.py:188} INFO - [2026-05-28T02:15:31.903+0000] {dagbag.py:545} INFO - Filling up the DagBag from /opt/airflow/dags/shopee_dag.py
[2026-05-28T02:15:32.144+0000] {processor.py:840} INFO - DAG(s) 'shopee_pipeline' retrieved from /opt/airflow/dags/shopee_dag.py
[2026-05-28T02:15:32.207+0000] {logging_mixin.py:188} INFO - [2026-05-28T02:15:32.207+0000] {dag.py:3096} INFO - Sync 1 DAGs
[2026-05-28T02:15:32.269+0000] {logging_mixin.py:188} INFO - [2026-05-28T02:15:32.268+0000] {dag.py:3954} INFO - Setting next_dagrun for shopee_pipeline to 2026-05-28 01:00:00+00:00, run_after=2026-05-29 01:00:00+00:00
[2026-05-28T02:15:32.320+0000] {processor.py:183} INFO - Processing /opt/airflow/dags/shopee_dag.py took 0.443 seconds
[2026-05-28T02:16:02.561+0000] {processor.py:161} INFO - Started process (PID=9264) to work on /opt/airflow/dags/shopee_dag.py
[2026-05-28T02:16:02.562+0000] {processor.py:830} INFO - Processing file /opt/airflow/dags/shopee_dag.py for tasks to queue
[2026-05-28T02:16:02.564+0000] {logging_mixin.py:188} INFO - [2026-05-28T02:16:02.564+0000] {dagbag.py:545} INFO - Filling up the DagBag from /opt/airflow/dags/shopee_dag.py
[2026-05-28T02:16:02.692+0000] {processor.py:840} INFO - DAG(s) 'shopee_pipeline' retrieved from /opt/airflow/dags/shopee_dag.py
[2026-05-28T02:16:02.735+0000] {logging_mixin.py:188} INFO - [2026-05-28T02:16:02.735+0000] {dag.py:3096} INFO - Sync 1 DAGs
[2026-05-28T02:16:02.779+0000] {logging_mixin.py:188} INFO - [2026-05-28T02:16:02.779+0000] {dag.py:3954} INFO - Setting next_dagrun for shopee_pipeline to 2026-05-28 01:00:00+00:00, run_after=2026-05-29 01:00:00+00:00
[2026-05-28T02:16:02.810+0000] {processor.py:183} INFO - Processing /opt/airflow/dags/shopee_dag.py took 0.255 seconds
[2026-05-28T02:16:33.145+0000] {processor.py:161} INFO - Started process (PID=9392) to work on /opt/airflow/dags/shopee_dag.py
[2026-05-28T02:16:33.147+0000] {processor.py:830} INFO - Processing file /opt/airflow/dags/shopee_dag.py for tasks to queue
[2026-05-28T02:16:33.149+0000] {logging_mixin.py:188} INFO - [2026-05-28T02:16:33.149+0000] {dagbag.py:545} INFO - Filling up the DagBag from /opt/airflow/dags/shopee_dag.py
[2026-05-28T02:16:33.293+0000] {processor.py:840} INFO - DAG(s) 'shopee_pipeline' retrieved from /opt/airflow/dags/shopee_dag.py
[2026-05-28T02:16:33.332+0000] {logging_mixin.py:188} INFO - [2026-05-28T02:16:33.331+0000] {dag.py:3096} INFO - Sync 1 DAGs
[2026-05-28T02:16:33.368+0000] {logging_mixin.py:188} INFO - [2026-05-28T02:16:33.368+0000] {dag.py:3954} INFO - Setting next_dagrun for shopee_pipeline to 2026-05-28 01:00:00+00:00, run_after=2026-05-29 01:00:00+00:00
[2026-05-28T02:16:33.398+0000] {processor.py:183} INFO - Processing /opt/airflow/dags/shopee_dag.py took 0.261 seconds
[2026-05-28T02:17:03.710+0000] {processor.py:161} INFO - Started process (PID=9405) to work on /opt/airflow/dags/shopee_dag.py
[2026-05-28T02:17:03.712+0000] {processor.py:830} INFO - Processing file /opt/airflow/dags/shopee_dag.py for tasks to queue
[2026-05-28T02:17:03.714+0000] {logging_mixin.py:188} INFO - [2026-05-28T02:17:03.713+0000] {dagbag.py:545} INFO - Filling up the DagBag from /opt/airflow/dags/shopee_dag.py
[2026-05-28T02:17:03.838+0000] {processor.py:840} INFO - DAG(s) 'shopee_pipeline' retrieved from /opt/airflow/dags/shopee_dag.py
[2026-05-28T02:17:03.875+0000] {logging_mixin.py:188} INFO - [2026-05-28T02:17:03.874+0000] {dag.py:3096} INFO - Sync 1 DAGs
[2026-05-28T02:17:03.899+0000] {logging_mixin.py:188} INFO - [2026-05-28T02:17:03.899+0000] {dag.py:3954} INFO - Setting next_dagrun for shopee_pipeline to 2026-05-28 01:00:00+00:00, run_after=2026-05-29 01:00:00+00:00
[2026-05-28T02:17:03.921+0000] {processor.py:183} INFO - Processing /opt/airflow/dags/shopee_dag.py took 0.217 seconds
[2026-05-28T02:17:34.247+0000] {processor.py:161} INFO - Started process (PID=9528) to work on /opt/airflow/dags/shopee_dag.py
[2026-05-28T02:17:34.248+0000] {processor.py:830} INFO - Processing file /opt/airflow/dags/shopee_dag.py for tasks to queue
[2026-05-28T02:17:34.251+0000] {logging_mixin.py:188} INFO - [2026-05-28T02:17:34.250+0000] {dagbag.py:545} INFO - Filling up the DagBag from /opt/airflow/dags/shopee_dag.py
[2026-05-28T02:17:34.382+0000] {processor.py:840} INFO - DAG(s) 'shopee_pipeline' retrieved from /opt/airflow/dags/shopee_dag.py
[2026-05-28T02:17:34.418+0000] {logging_mixin.py:188} INFO - [2026-05-28T02:17:34.418+0000] {dag.py:3096} INFO - Sync 1 DAGs
[2026-05-28T02:17:34.449+0000] {logging_mixin.py:188} INFO - [2026-05-28T02:17:34.448+0000] {dag.py:3954} INFO - Setting next_dagrun for shopee_pipeline to 2026-05-28 01:00:00+00:00, run_after=2026-05-29 01:00:00+00:00
[2026-05-28T02:17:34.477+0000] {processor.py:183} INFO - Processing /opt/airflow/dags/shopee_dag.py took 0.239 seconds
[2026-05-28T02:18:04.925+0000] {processor.py:161} INFO - Started process (PID=9648) to work on /opt/airflow/dags/shopee_dag.py
[2026-05-28T02:18:04.926+0000] {processor.py:830} INFO - Processing file /opt/airflow/dags/shopee_dag.py for tasks to queue
[2026-05-28T02:18:04.928+0000] {logging_mixin.py:188} INFO - [2026-05-28T02:18:04.927+0000] {dagbag.py:545} INFO - Filling up the DagBag from /opt/airflow/dags/shopee_dag.py
[2026-05-28T02:18:05.041+0000] {processor.py:840} INFO - DAG(s) 'shopee_pipeline' retrieved from /opt/airflow/dags/shopee_dag.py
[2026-05-28T02:18:05.084+0000] {logging_mixin.py:188} INFO - [2026-05-28T02:18:05.084+0000] {dag.py:3096} INFO - Sync 1 DAGs
[2026-05-28T02:18:05.120+0000] {logging_mixin.py:188} INFO - [2026-05-28T02:18:05.119+0000] {dag.py:3954} INFO - Setting next_dagrun for shopee_pipeline to 2026-05-28 01:00:00+00:00, run_after=2026-05-29 01:00:00+00:00
[2026-05-28T02:18:05.160+0000] {processor.py:183} INFO - Processing /opt/airflow/dags/shopee_dag.py took 0.241 seconds
[2026-05-28T02:18:35.531+0000] {processor.py:161} INFO - Started process (PID=9728) to work on /opt/airflow/dags/shopee_dag.py
[2026-05-28T02:18:35.533+0000] {processor.py:830} INFO - Processing file /opt/airflow/dags/shopee_dag.py for tasks to queue
[2026-05-28T02:18:35.536+0000] {logging_mixin.py:188} INFO - [2026-05-28T02:18:35.536+0000] {dagbag.py:545} INFO - Filling up the DagBag from /opt/airflow/dags/shopee_dag.py
[2026-05-28T02:18:35.727+0000] {processor.py:840} INFO - DAG(s) 'shopee_pipeline' retrieved from /opt/airflow/dags/shopee_dag.py
[2026-05-28T02:18:35.779+0000] {logging_mixin.py:188} INFO - [2026-05-28T02:18:35.779+0000] {dag.py:3096} INFO - Sync 1 DAGs
[2026-05-28T02:18:35.820+0000] {logging_mixin.py:188} INFO - [2026-05-28T02:18:35.820+0000] {dag.py:3954} INFO - Setting next_dagrun for shopee_pipeline to 2026-05-28 01:00:00+00:00, run_after=2026-05-29 01:00:00+00:00
[2026-05-28T02:18:35.881+0000] {processor.py:183} INFO - Processing /opt/airflow/dags/shopee_dag.py took 0.367 seconds
[2026-05-28T02:19:06.085+0000] {processor.py:161} INFO - Started process (PID=9781) to work on /opt/airflow/dags/shopee_dag.py
[2026-05-28T02:19:06.087+0000] {processor.py:830} INFO - Processing file /opt/airflow/dags/shopee_dag.py for tasks to queue
[2026-05-28T02:19:06.089+0000] {logging_mixin.py:188} INFO - [2026-05-28T02:19:06.089+0000] {dagbag.py:545} INFO - Filling up the DagBag from /opt/airflow/dags/shopee_dag.py
[2026-05-28T02:19:06.210+0000] {processor.py:840} INFO - DAG(s) 'shopee_pipeline' retrieved from /opt/airflow/dags/shopee_dag.py
[2026-05-28T02:19:06.245+0000] {logging_mixin.py:188} INFO - [2026-05-28T02:19:06.245+0000] {dag.py:3096} INFO - Sync 1 DAGs
[2026-05-28T02:19:06.271+0000] {logging_mixin.py:188} INFO - [2026-05-28T02:19:06.270+0000] {dag.py:3954} INFO - Setting next_dagrun for shopee_pipeline to 2026-05-28 01:00:00+00:00, run_after=2026-05-29 01:00:00+00:00
[2026-05-28T02:19:06.291+0000] {processor.py:183} INFO - Processing /opt/airflow/dags/shopee_dag.py took 0.215 seconds
[2026-05-28T02:19:36.643+0000] {processor.py:161} INFO - Started process (PID=9879) to work on /opt/airflow/dags/shopee_dag.py
[2026-05-28T02:19:36.645+0000] {processor.py:830} INFO - Processing file /opt/airflow/dags/shopee_dag.py for tasks to queue
[2026-05-28T02:19:36.649+0000] {logging_mixin.py:188} INFO - [2026-05-28T02:19:36.648+0000] {dagbag.py:545} INFO - Filling up the DagBag from /opt/airflow/dags/shopee_dag.py
[2026-05-28T02:19:36.800+0000] {processor.py:840} INFO - DAG(s) 'shopee_pipeline' retrieved from /opt/airflow/dags/shopee_dag.py
[2026-05-28T02:19:36.844+0000] {logging_mixin.py:188} INFO - [2026-05-28T02:19:36.844+0000] {dag.py:3096} INFO - Sync 1 DAGs
[2026-05-28T02:19:36.881+0000] {logging_mixin.py:188} INFO - [2026-05-28T02:19:36.881+0000] {dag.py:3954} INFO - Setting next_dagrun for shopee_pipeline to 2026-05-28 01:00:00+00:00, run_after=2026-05-29 01:00:00+00:00
[2026-05-28T02:19:36.926+0000] {processor.py:183} INFO - Processing /opt/airflow/dags/shopee_dag.py took 0.295 seconds
[2026-05-28T02:20:07.204+0000] {processor.py:161} INFO - Started process (PID=9914) to work on /opt/airflow/dags/shopee_dag.py
[2026-05-28T02:20:07.206+0000] {processor.py:830} INFO - Processing file /opt/airflow/dags/shopee_dag.py for tasks to queue
[2026-05-28T02:20:07.208+0000] {logging_mixin.py:188} INFO - [2026-05-28T02:20:07.207+0000] {dagbag.py:545} INFO - Filling up the DagBag from /opt/airflow/dags/shopee_dag.py
[2026-05-28T02:20:07.321+0000] {processor.py:840} INFO - DAG(s) 'shopee_pipeline' retrieved from /opt/airflow/dags/shopee_dag.py
[2026-05-28T02:20:07.363+0000] {logging_mixin.py:188} INFO - [2026-05-28T02:20:07.363+0000] {dag.py:3096} INFO - Sync 1 DAGs
[2026-05-28T02:20:07.390+0000] {logging_mixin.py:188} INFO - [2026-05-28T02:20:07.390+0000] {dag.py:3954} INFO - Setting next_dagrun for shopee_pipeline to 2026-05-28 01:00:00+00:00, run_after=2026-05-29 01:00:00+00:00
[2026-05-28T02:20:07.422+0000] {processor.py:183} INFO - Processing /opt/airflow/dags/shopee_dag.py took 0.225 seconds
[2026-05-28T02:20:37.761+0000] {processor.py:161} INFO - Started process (PID=10019) to work on /opt/airflow/dags/shopee_dag.py
[2026-05-28T02:20:37.764+0000] {processor.py:830} INFO - Processing file /opt/airflow/dags/shopee_dag.py for tasks to queue
[2026-05-28T02:20:37.769+0000] {logging_mixin.py:188} INFO - [2026-05-28T02:20:37.768+0000] {dagbag.py:545} INFO - Filling up the DagBag from /opt/airflow/dags/shopee_dag.py
[2026-05-28T02:20:38.036+0000] {processor.py:840} INFO - DAG(s) 'shopee_pipeline' retrieved from /opt/airflow/dags/shopee_dag.py
[2026-05-28T02:20:38.106+0000] {logging_mixin.py:188} INFO - [2026-05-28T02:20:38.106+0000] {dag.py:3096} INFO - Sync 1 DAGs
[2026-05-28T02:20:38.164+0000] {logging_mixin.py:188} INFO - [2026-05-28T02:20:38.163+0000] {dag.py:3954} INFO - Setting next_dagrun for shopee_pipeline to 2026-05-28 01:00:00+00:00, run_after=2026-05-29 01:00:00+00:00
[2026-05-28T02:20:38.205+0000] {processor.py:183} INFO - Processing /opt/airflow/dags/shopee_dag.py took 0.460 seconds
[2026-05-28T02:21:08.539+0000] {processor.py:161} INFO - Started process (PID=10055) to work on /opt/airflow/dags/shopee_dag.py
[2026-05-28T02:21:08.540+0000] {processor.py:830} INFO - Processing file /opt/airflow/dags/shopee_dag.py for tasks to queue
[2026-05-28T02:21:08.543+0000] {logging_mixin.py:188} INFO - [2026-05-28T02:21:08.542+0000] {dagbag.py:545} INFO - Filling up the DagBag from /opt/airflow/dags/shopee_dag.py
[2026-05-28T02:21:08.679+0000] {processor.py:840} INFO - DAG(s) 'shopee_pipeline' retrieved from /opt/airflow/dags/shopee_dag.py
[2026-05-28T02:21:08.726+0000] {logging_mixin.py:188} INFO - [2026-05-28T02:21:08.725+0000] {dag.py:3096} INFO - Sync 1 DAGs
[2026-05-28T02:21:08.760+0000] {logging_mixin.py:188} INFO - [2026-05-28T02:21:08.760+0000] {dag.py:3954} INFO - Setting next_dagrun for shopee_pipeline to 2026-05-28 01:00:00+00:00, run_after=2026-05-29 01:00:00+00:00
[2026-05-28T02:21:08.784+0000] {processor.py:183} INFO - Processing /opt/airflow/dags/shopee_dag.py took 0.254 seconds
[2026-05-28T02:21:39.172+0000] {processor.py:161} INFO - Started process (PID=10153) to work on /opt/airflow/dags/shopee_dag.py
[2026-05-28T02:21:39.174+0000] {processor.py:830} INFO - Processing file /opt/airflow/dags/shopee_dag.py for tasks to queue
[2026-05-28T02:21:39.178+0000] {logging_mixin.py:188} INFO - [2026-05-28T02:21:39.178+0000] {dagbag.py:545} INFO - Filling up the DagBag from /opt/airflow/dags/shopee_dag.py
[2026-05-28T02:21:39.335+0000] {processor.py:840} INFO - DAG(s) 'shopee_pipeline' retrieved from /opt/airflow/dags/shopee_dag.py
[2026-05-28T02:21:39.381+0000] {logging_mixin.py:188} INFO - [2026-05-28T02:21:39.381+0000] {dag.py:3096} INFO - Sync 1 DAGs
[2026-05-28T02:21:39.421+0000] {logging_mixin.py:188} INFO - [2026-05-28T02:21:39.421+0000] {dag.py:3954} INFO - Setting next_dagrun for shopee_pipeline to 2026-05-28 01:00:00+00:00, run_after=2026-05-29 01:00:00+00:00
[2026-05-28T02:21:39.453+0000] {processor.py:183} INFO - Processing /opt/airflow/dags/shopee_dag.py took 0.295 seconds
[2026-05-28T02:22:09.786+0000] {processor.py:161} INFO - Started process (PID=10189) to work on /opt/airflow/dags/shopee_dag.py
[2026-05-28T02:22:09.787+0000] {processor.py:830} INFO - Processing file /opt/airflow/dags/shopee_dag.py for tasks to queue
[2026-05-28T02:22:09.788+0000] {logging_mixin.py:188} INFO - [2026-05-28T02:22:09.788+0000] {dagbag.py:545} INFO - Filling up the DagBag from /opt/airflow/dags/shopee_dag.py
[2026-05-28T02:22:09.924+0000] {processor.py:840} INFO - DAG(s) 'shopee_pipeline' retrieved from /opt/airflow/dags/shopee_dag.py
[2026-05-28T02:22:09.984+0000] {logging_mixin.py:188} INFO - [2026-05-28T02:22:09.983+0000] {dag.py:3096} INFO - Sync 1 DAGs
[2026-05-28T02:22:10.030+0000] {logging_mixin.py:188} INFO - [2026-05-28T02:22:10.030+0000] {dag.py:3954} INFO - Setting next_dagrun for shopee_pipeline to 2026-05-28 01:00:00+00:00, run_after=2026-05-29 01:00:00+00:00
[2026-05-28T02:22:10.073+0000] {processor.py:183} INFO - Processing /opt/airflow/dags/shopee_dag.py took 0.295 seconds
[2026-05-28T02:22:40.445+0000] {processor.py:161} INFO - Started process (PID=10308) to work on /opt/airflow/dags/shopee_dag.py
[2026-05-28T02:22:40.447+0000] {processor.py:830} INFO - Processing file /opt/airflow/dags/shopee_dag.py for tasks to queue
[2026-05-28T02:22:40.451+0000] {logging_mixin.py:188} INFO - [2026-05-28T02:22:40.450+0000] {dagbag.py:545} INFO - Filling up the DagBag from /opt/airflow/dags/shopee_dag.py
[2026-05-28T02:22:40.842+0000] {processor.py:840} INFO - DAG(s) 'shopee_pipeline' retrieved from /opt/airflow/dags/shopee_dag.py
[2026-05-28T02:22:40.972+0000] {logging_mixin.py:188} INFO - [2026-05-28T02:22:40.971+0000] {dag.py:3096} INFO - Sync 1 DAGs
[2026-05-28T02:22:41.162+0000] {logging_mixin.py:188} INFO - [2026-05-28T02:22:41.162+0000] {dag.py:3954} INFO - Setting next_dagrun for shopee_pipeline to 2026-05-28 01:00:00+00:00, run_after=2026-05-29 01:00:00+00:00
[2026-05-28T02:22:41.205+0000] {processor.py:183} INFO - Processing /opt/airflow/dags/shopee_dag.py took 0.777 seconds
[2026-05-28T02:23:11.609+0000] {processor.py:161} INFO - Started process (PID=10332) to work on /opt/airflow/dags/shopee_dag.py
[2026-05-28T02:23:11.611+0000] {processor.py:830} INFO - Processing file /opt/airflow/dags/shopee_dag.py for tasks to queue
[2026-05-28T02:23:11.614+0000] {logging_mixin.py:188} INFO - [2026-05-28T02:23:11.614+0000] {dagbag.py:545} INFO - Filling up the DagBag from /opt/airflow/dags/shopee_dag.py
[2026-05-28T02:23:11.788+0000] {processor.py:840} INFO - DAG(s) 'shopee_pipeline' retrieved from /opt/airflow/dags/shopee_dag.py
[2026-05-28T02:23:11.834+0000] {logging_mixin.py:188} INFO - [2026-05-28T02:23:11.834+0000] {dag.py:3096} INFO - Sync 1 DAGs
[2026-05-28T02:23:11.872+0000] {logging_mixin.py:188} INFO - [2026-05-28T02:23:11.871+0000] {dag.py:3954} INFO - Setting next_dagrun for shopee_pipeline to 2026-05-28 01:00:00+00:00, run_after=2026-05-29 01:00:00+00:00
[2026-05-28T02:23:11.931+0000] {processor.py:183} INFO - Processing /opt/airflow/dags/shopee_dag.py took 0.334 seconds
[2026-05-28T02:23:42.096+0000] {processor.py:161} INFO - Started process (PID=10452) to work on /opt/airflow/dags/shopee_dag.py
[2026-05-28T02:23:42.098+0000] {processor.py:830} INFO - Processing file /opt/airflow/dags/shopee_dag.py for tasks to queue
[2026-05-28T02:23:42.102+0000] {logging_mixin.py:188} INFO - [2026-05-28T02:23:42.101+0000] {dagbag.py:545} INFO - Filling up the DagBag from /opt/airflow/dags/shopee_dag.py
[2026-05-28T02:23:42.266+0000] {processor.py:840} INFO - DAG(s) 'shopee_pipeline' retrieved from /opt/airflow/dags/shopee_dag.py
[2026-05-28T02:23:42.311+0000] {logging_mixin.py:188} INFO - [2026-05-28T02:23:42.311+0000] {dag.py:3096} INFO - Sync 1 DAGs
[2026-05-28T02:23:42.355+0000] {logging_mixin.py:188} INFO - [2026-05-28T02:23:42.354+0000] {dag.py:3954} INFO - Setting next_dagrun for shopee_pipeline to 2026-05-28 01:00:00+00:00, run_after=2026-05-29 01:00:00+00:00
[2026-05-28T02:23:42.386+0000] {processor.py:183} INFO - Processing /opt/airflow/dags/shopee_dag.py took 0.306 seconds
[2026-05-28T02:24:12.876+0000] {processor.py:161} INFO - Started process (PID=10473) to work on /opt/airflow/dags/shopee_dag.py
[2026-05-28T02:24:12.882+0000] {processor.py:830} INFO - Processing file /opt/airflow/dags/shopee_dag.py for tasks to queue
[2026-05-28T02:24:12.891+0000] {logging_mixin.py:188} INFO - [2026-05-28T02:24:12.890+0000] {dagbag.py:545} INFO - Filling up the DagBag from /opt/airflow/dags/shopee_dag.py
[2026-05-28T02:24:13.437+0000] {processor.py:840} INFO - DAG(s) 'shopee_pipeline' retrieved from /opt/airflow/dags/shopee_dag.py
[2026-05-28T02:24:13.657+0000] {logging_mixin.py:188} INFO - [2026-05-28T02:24:13.657+0000] {dag.py:3096} INFO - Sync 1 DAGs
[2026-05-28T02:24:13.792+0000] {logging_mixin.py:188} INFO - [2026-05-28T02:24:13.791+0000] {dag.py:3954} INFO - Setting next_dagrun for shopee_pipeline to 2026-05-28 01:00:00+00:00, run_after=2026-05-29 01:00:00+00:00
[2026-05-28T02:24:13.865+0000] {processor.py:183} INFO - Processing /opt/airflow/dags/shopee_dag.py took 1.038 seconds
[2026-05-28T02:24:44.477+0000] {processor.py:161} INFO - Started process (PID=10581) to work on /opt/airflow/dags/shopee_dag.py
[2026-05-28T02:24:44.479+0000] {processor.py:830} INFO - Processing file /opt/airflow/dags/shopee_dag.py for tasks to queue
[2026-05-28T02:24:44.482+0000] {logging_mixin.py:188} INFO - [2026-05-28T02:24:44.482+0000] {dagbag.py:545} INFO - Filling up the DagBag from /opt/airflow/dags/shopee_dag.py
[2026-05-28T02:24:44.649+0000] {processor.py:840} INFO - DAG(s) 'shopee_pipeline' retrieved from /opt/airflow/dags/shopee_dag.py
[2026-05-28T02:24:44.702+0000] {logging_mixin.py:188} INFO - [2026-05-28T02:24:44.701+0000] {dag.py:3096} INFO - Sync 1 DAGs
[2026-05-28T02:24:44.741+0000] {logging_mixin.py:188} INFO - [2026-05-28T02:24:44.741+0000] {dag.py:3954} INFO - Setting next_dagrun for shopee_pipeline to 2026-05-28 01:00:00+00:00, run_after=2026-05-29 01:00:00+00:00
[2026-05-28T02:24:44.777+0000] {processor.py:183} INFO - Processing /opt/airflow/dags/shopee_dag.py took 0.311 seconds
[2026-05-28T02:25:15.185+0000] {processor.py:161} INFO - Started process (PID=10697) to work on /opt/airflow/dags/shopee_dag.py
[2026-05-28T02:25:15.189+0000] {processor.py:830} INFO - Processing file /opt/airflow/dags/shopee_dag.py for tasks to queue
[2026-05-28T02:25:15.199+0000] {logging_mixin.py:188} INFO - [2026-05-28T02:25:15.198+0000] {dagbag.py:545} INFO - Filling up the DagBag from /opt/airflow/dags/shopee_dag.py
[2026-05-28T02:25:15.804+0000] {processor.py:840} INFO - DAG(s) 'shopee_pipeline' retrieved from /opt/airflow/dags/shopee_dag.py
[2026-05-28T02:25:16.110+0000] {logging_mixin.py:188} INFO - [2026-05-28T02:25:16.110+0000] {dag.py:3096} INFO - Sync 1 DAGs
[2026-05-28T02:25:16.251+0000] {logging_mixin.py:188} INFO - [2026-05-28T02:25:16.250+0000] {dag.py:3954} INFO - Setting next_dagrun for shopee_pipeline to 2026-05-28 01:00:00+00:00, run_after=2026-05-29 01:00:00+00:00
[2026-05-28T02:25:16.330+0000] {processor.py:183} INFO - Processing /opt/airflow/dags/shopee_dag.py took 1.163 seconds
[2026-05-28T02:25:47.075+0000] {processor.py:161} INFO - Started process (PID=10711) to work on /opt/airflow/dags/shopee_dag.py
[2026-05-28T02:25:47.110+0000] {processor.py:830} INFO - Processing file /opt/airflow/dags/shopee_dag.py for tasks to queue
[2026-05-28T02:25:47.169+0000] {logging_mixin.py:188} INFO - [2026-05-28T02:25:47.163+0000] {dagbag.py:545} INFO - Filling up the DagBag from /opt/airflow/dags/shopee_dag.py
[2026-05-28T02:25:48.279+0000] {processor.py:840} INFO - DAG(s) 'shopee_pipeline' retrieved from /opt/airflow/dags/shopee_dag.py
[2026-05-28T02:25:48.650+0000] {logging_mixin.py:188} INFO - [2026-05-28T02:25:48.649+0000] {dag.py:3096} INFO - Sync 1 DAGs
[2026-05-28T02:25:48.851+0000] {logging_mixin.py:188} INFO - [2026-05-28T02:25:48.850+0000] {dag.py:3954} INFO - Setting next_dagrun for shopee_pipeline to 2026-05-28 01:00:00+00:00, run_after=2026-05-29 01:00:00+00:00
[2026-05-28T02:25:48.931+0000] {processor.py:183} INFO - Processing /opt/airflow/dags/shopee_dag.py took 1.948 seconds
[2026-05-28T02:26:19.663+0000] {processor.py:161} INFO - Started process (PID=10838) to work on /opt/airflow/dags/shopee_dag.py
[2026-05-28T02:26:19.666+0000] {processor.py:830} INFO - Processing file /opt/airflow/dags/shopee_dag.py for tasks to queue
[2026-05-28T02:26:19.670+0000] {logging_mixin.py:188} INFO - [2026-05-28T02:26:19.670+0000] {dagbag.py:545} INFO - Filling up the DagBag from /opt/airflow/dags/shopee_dag.py
[2026-05-28T02:26:19.877+0000] {processor.py:840} INFO - DAG(s) 'shopee_pipeline' retrieved from /opt/airflow/dags/shopee_dag.py
[2026-05-28T02:26:19.938+0000] {logging_mixin.py:188} INFO - [2026-05-28T02:26:19.938+0000] {dag.py:3096} INFO - Sync 1 DAGs
[2026-05-28T02:26:19.980+0000] {logging_mixin.py:188} INFO - [2026-05-28T02:26:19.979+0000] {dag.py:3954} INFO - Setting next_dagrun for shopee_pipeline to 2026-05-28 01:00:00+00:00, run_after=2026-05-29 01:00:00+00:00
[2026-05-28T02:26:20.010+0000] {processor.py:183} INFO - Processing /opt/airflow/dags/shopee_dag.py took 0.359 seconds
[2026-05-28T02:26:50.418+0000] {processor.py:161} INFO - Started process (PID=10906) to work on /opt/airflow/dags/shopee_dag.py
[2026-05-28T02:26:50.421+0000] {processor.py:830} INFO - Processing file /opt/airflow/dags/shopee_dag.py for tasks to queue
[2026-05-28T02:26:50.427+0000] {logging_mixin.py:188} INFO - [2026-05-28T02:26:50.427+0000] {dagbag.py:545} INFO - Filling up the DagBag from /opt/airflow/dags/shopee_dag.py
[2026-05-28T02:26:50.763+0000] {processor.py:840} INFO - DAG(s) 'shopee_pipeline' retrieved from /opt/airflow/dags/shopee_dag.py
[2026-05-28T02:26:50.859+0000] {logging_mixin.py:188} INFO - [2026-05-28T02:26:50.857+0000] {dag.py:3096} INFO - Sync 1 DAGs
[2026-05-28T02:26:50.924+0000] {logging_mixin.py:188} INFO - [2026-05-28T02:26:50.923+0000] {dag.py:3954} INFO - Setting next_dagrun for shopee_pipeline to 2026-05-28 01:00:00+00:00, run_after=2026-05-29 01:00:00+00:00
[2026-05-28T02:26:50.966+0000] {processor.py:183} INFO - Processing /opt/airflow/dags/shopee_dag.py took 0.565 seconds
[2026-05-28T02:27:21.426+0000] {processor.py:161} INFO - Started process (PID=10964) to work on /opt/airflow/dags/shopee_dag.py
[2026-05-28T02:27:21.428+0000] {processor.py:830} INFO - Processing file /opt/airflow/dags/shopee_dag.py for tasks to queue
[2026-05-28T02:27:21.433+0000] {logging_mixin.py:188} INFO - [2026-05-28T02:27:21.432+0000] {dagbag.py:545} INFO - Filling up the DagBag from /opt/airflow/dags/shopee_dag.py
[2026-05-28T02:27:21.674+0000] {processor.py:840} INFO - DAG(s) 'shopee_pipeline' retrieved from /opt/airflow/dags/shopee_dag.py
[2026-05-28T02:27:21.757+0000] {logging_mixin.py:188} INFO - [2026-05-28T02:27:21.756+0000] {dag.py:3096} INFO - Sync 1 DAGs
[2026-05-28T02:27:21.823+0000] {logging_mixin.py:188} INFO - [2026-05-28T02:27:21.822+0000] {dag.py:3954} INFO - Setting next_dagrun for shopee_pipeline to 2026-05-28 01:00:00+00:00, run_after=2026-05-29 01:00:00+00:00
[2026-05-28T02:27:21.904+0000] {processor.py:183} INFO - Processing /opt/airflow/dags/shopee_dag.py took 0.493 seconds
[2026-05-28T02:27:52.756+0000] {processor.py:161} INFO - Started process (PID=11048) to work on /opt/airflow/dags/shopee_dag.py
[2026-05-28T02:27:52.760+0000] {processor.py:830} INFO - Processing file /opt/airflow/dags/shopee_dag.py for tasks to queue
[2026-05-28T02:27:52.766+0000] {logging_mixin.py:188} INFO - [2026-05-28T02:27:52.765+0000] {dagbag.py:545} INFO - Filling up the DagBag from /opt/airflow/dags/shopee_dag.py
[2026-05-28T02:27:53.114+0000] {processor.py:840} INFO - DAG(s) 'shopee_pipeline' retrieved from /opt/airflow/dags/shopee_dag.py
[2026-05-28T02:27:53.212+0000] {logging_mixin.py:188} INFO - [2026-05-28T02:27:53.211+0000] {dag.py:3096} INFO - Sync 1 DAGs
[2026-05-28T02:27:53.284+0000] {logging_mixin.py:188} INFO - [2026-05-28T02:27:53.283+0000] {dag.py:3954} INFO - Setting next_dagrun for shopee_pipeline to 2026-05-28 01:00:00+00:00, run_after=2026-05-29 01:00:00+00:00
[2026-05-28T02:27:53.345+0000] {processor.py:183} INFO - Processing /opt/airflow/dags/shopee_dag.py took 0.613 seconds
[2026-05-28T02:28:23.914+0000] {processor.py:161} INFO - Started process (PID=11079) to work on /opt/airflow/dags/shopee_dag.py
[2026-05-28T02:28:23.917+0000] {processor.py:830} INFO - Processing file /opt/airflow/dags/shopee_dag.py for tasks to queue
[2026-05-28T02:28:23.920+0000] {logging_mixin.py:188} INFO - [2026-05-28T02:28:23.920+0000] {dagbag.py:545} INFO - Filling up the DagBag from /opt/airflow/dags/shopee_dag.py
[2026-05-28T02:28:24.283+0000] {processor.py:840} INFO - DAG(s) 'shopee_pipeline' retrieved from /opt/airflow/dags/shopee_dag.py
[2026-05-28T02:28:24.446+0000] {logging_mixin.py:188} INFO - [2026-05-28T02:28:24.445+0000] {dag.py:3096} INFO - Sync 1 DAGs
[2026-05-28T02:28:24.568+0000] {logging_mixin.py:188} INFO - [2026-05-28T02:28:24.565+0000] {dag.py:3954} INFO - Setting next_dagrun for shopee_pipeline to 2026-05-28 01:00:00+00:00, run_after=2026-05-29 01:00:00+00:00
[2026-05-28T02:28:24.679+0000] {processor.py:183} INFO - Processing /opt/airflow/dags/shopee_dag.py took 0.775 seconds
[2026-05-28T02:28:55.223+0000] {processor.py:161} INFO - Started process (PID=11178) to work on /opt/airflow/dags/shopee_dag.py
[2026-05-28T02:28:55.227+0000] {processor.py:830} INFO - Processing file /opt/airflow/dags/shopee_dag.py for tasks to queue
[2026-05-28T02:28:55.235+0000] {logging_mixin.py:188} INFO - [2026-05-28T02:28:55.233+0000] {dagbag.py:545} INFO - Filling up the DagBag from /opt/airflow/dags/shopee_dag.py
[2026-05-28T02:28:55.671+0000] {processor.py:840} INFO - DAG(s) 'shopee_pipeline' retrieved from /opt/airflow/dags/shopee_dag.py
[2026-05-28T02:28:55.793+0000] {logging_mixin.py:188} INFO - [2026-05-28T02:28:55.793+0000] {dag.py:3096} INFO - Sync 1 DAGs
[2026-05-28T02:28:55.881+0000] {logging_mixin.py:188} INFO - [2026-05-28T02:28:55.881+0000] {dag.py:3954} INFO - Setting next_dagrun for shopee_pipeline to 2026-05-28 01:00:00+00:00, run_after=2026-05-29 01:00:00+00:00
[2026-05-28T02:28:55.967+0000] {processor.py:183} INFO - Processing /opt/airflow/dags/shopee_dag.py took 0.769 seconds
[2026-05-28T02:29:26.396+0000] {processor.py:161} INFO - Started process (PID=11193) to work on /opt/airflow/dags/shopee_dag.py
[2026-05-28T02:29:26.398+0000] {processor.py:830} INFO - Processing file /opt/airflow/dags/shopee_dag.py for tasks to queue
[2026-05-28T02:29:26.401+0000] {logging_mixin.py:188} INFO - [2026-05-28T02:29:26.400+0000] {dagbag.py:545} INFO - Filling up the DagBag from /opt/airflow/dags/shopee_dag.py
[2026-05-28T02:29:26.583+0000] {processor.py:840} INFO - DAG(s) 'shopee_pipeline' retrieved from /opt/airflow/dags/shopee_dag.py
[2026-05-28T02:29:26.659+0000] {logging_mixin.py:188} INFO - [2026-05-28T02:29:26.659+0000] {dag.py:3096} INFO - Sync 1 DAGs
[2026-05-28T02:29:26.705+0000] {logging_mixin.py:188} INFO - [2026-05-28T02:29:26.705+0000] {dag.py:3954} INFO - Setting next_dagrun for shopee_pipeline to 2026-05-28 01:00:00+00:00, run_after=2026-05-29 01:00:00+00:00
[2026-05-28T02:29:26.746+0000] {processor.py:183} INFO - Processing /opt/airflow/dags/shopee_dag.py took 0.360 seconds
[2026-05-28T02:29:57.596+0000] {processor.py:161} INFO - Started process (PID=11313) to work on /opt/airflow/dags/shopee_dag.py
[2026-05-28T02:29:57.599+0000] {processor.py:830} INFO - Processing file /opt/airflow/dags/shopee_dag.py for tasks to queue
[2026-05-28T02:29:57.602+0000] {logging_mixin.py:188} INFO - [2026-05-28T02:29:57.601+0000] {dagbag.py:545} INFO - Filling up the DagBag from /opt/airflow/dags/shopee_dag.py
[2026-05-28T02:29:57.793+0000] {processor.py:840} INFO - DAG(s) 'shopee_pipeline' retrieved from /opt/airflow/dags/shopee_dag.py
[2026-05-28T02:29:57.845+0000] {logging_mixin.py:188} INFO - [2026-05-28T02:29:57.844+0000] {dag.py:3096} INFO - Sync 1 DAGs
[2026-05-28T02:29:57.890+0000] {logging_mixin.py:188} INFO - [2026-05-28T02:29:57.889+0000] {dag.py:3954} INFO - Setting next_dagrun for shopee_pipeline to 2026-05-28 01:00:00+00:00, run_after=2026-05-29 01:00:00+00:00
[2026-05-28T02:29:57.951+0000] {processor.py:183} INFO - Processing /opt/airflow/dags/shopee_dag.py took 0.365 seconds
[2026-05-28T02:30:28.365+0000] {processor.py:161} INFO - Started process (PID=11416) to work on /opt/airflow/dags/shopee_dag.py
[2026-05-28T02:30:28.368+0000] {processor.py:830} INFO - Processing file /opt/airflow/dags/shopee_dag.py for tasks to queue
[2026-05-28T02:30:28.375+0000] {logging_mixin.py:188} INFO - [2026-05-28T02:30:28.374+0000] {dagbag.py:545} INFO - Filling up the DagBag from /opt/airflow/dags/shopee_dag.py
[2026-05-28T02:30:28.590+0000] {processor.py:840} INFO - DAG(s) 'shopee_pipeline' retrieved from /opt/airflow/dags/shopee_dag.py
[2026-05-28T02:30:28.647+0000] {logging_mixin.py:188} INFO - [2026-05-28T02:30:28.647+0000] {dag.py:3096} INFO - Sync 1 DAGs
[2026-05-28T02:30:28.687+0000] {logging_mixin.py:188} INFO - [2026-05-28T02:30:28.686+0000] {dag.py:3954} INFO - Setting next_dagrun for shopee_pipeline to 2026-05-28 01:00:00+00:00, run_after=2026-05-29 01:00:00+00:00
[2026-05-28T02:30:28.724+0000] {processor.py:183} INFO - Processing /opt/airflow/dags/shopee_dag.py took 0.377 seconds
[2026-05-28T02:30:59.199+0000] {processor.py:161} INFO - Started process (PID=11437) to work on /opt/airflow/dags/shopee_dag.py
[2026-05-28T02:30:59.202+0000] {processor.py:830} INFO - Processing file /opt/airflow/dags/shopee_dag.py for tasks to queue
[2026-05-28T02:30:59.210+0000] {logging_mixin.py:188} INFO - [2026-05-28T02:30:59.207+0000] {dagbag.py:545} INFO - Filling up the DagBag from /opt/airflow/dags/shopee_dag.py
[2026-05-28T02:30:59.690+0000] {processor.py:840} INFO - DAG(s) 'shopee_pipeline' retrieved from /opt/airflow/dags/shopee_dag.py
[2026-05-28T02:30:59.787+0000] {logging_mixin.py:188} INFO - [2026-05-28T02:30:59.786+0000] {dag.py:3096} INFO - Sync 1 DAGs
[2026-05-28T02:30:59.860+0000] {logging_mixin.py:188} INFO - [2026-05-28T02:30:59.859+0000] {dag.py:3954} INFO - Setting next_dagrun for shopee_pipeline to 2026-05-28 01:00:00+00:00, run_after=2026-05-29 01:00:00+00:00
[2026-05-28T02:30:59.917+0000] {processor.py:183} INFO - Processing /opt/airflow/dags/shopee_dag.py took 0.741 seconds
[2026-05-28T02:31:30.822+0000] {processor.py:161} INFO - Started process (PID=11550) to work on /opt/airflow/dags/shopee_dag.py
[2026-05-28T02:31:30.824+0000] {processor.py:830} INFO - Processing file /opt/airflow/dags/shopee_dag.py for tasks to queue
[2026-05-28T02:31:30.828+0000] {logging_mixin.py:188} INFO - [2026-05-28T02:31:30.828+0000] {dagbag.py:545} INFO - Filling up the DagBag from /opt/airflow/dags/shopee_dag.py
[2026-05-28T02:31:31.093+0000] {processor.py:840} INFO - DAG(s) 'shopee_pipeline' retrieved from /opt/airflow/dags/shopee_dag.py
[2026-05-28T02:31:31.195+0000] {logging_mixin.py:188} INFO - [2026-05-28T02:31:31.194+0000] {dag.py:3096} INFO - Sync 1 DAGs
[2026-05-28T02:31:31.291+0000] {logging_mixin.py:188} INFO - [2026-05-28T02:31:31.291+0000] {dag.py:3954} INFO - Setting next_dagrun for shopee_pipeline to 2026-05-28 01:00:00+00:00, run_after=2026-05-29 01:00:00+00:00
[2026-05-28T02:31:31.356+0000] {processor.py:183} INFO - Processing /opt/airflow/dags/shopee_dag.py took 0.558 seconds
[2026-05-28T02:32:01.587+0000] {processor.py:161} INFO - Started process (PID=11626) to work on /opt/airflow/dags/shopee_dag.py
[2026-05-28T02:32:01.593+0000] {processor.py:830} INFO - Processing file /opt/airflow/dags/shopee_dag.py for tasks to queue
[2026-05-28T02:32:01.605+0000] {logging_mixin.py:188} INFO - [2026-05-28T02:32:01.603+0000] {dagbag.py:545} INFO - Filling up the DagBag from /opt/airflow/dags/shopee_dag.py
[2026-05-28T02:32:02.290+0000] {processor.py:840} INFO - DAG(s) 'shopee_pipeline' retrieved from /opt/airflow/dags/shopee_dag.py
[2026-05-28T02:32:02.589+0000] {logging_mixin.py:188} INFO - [2026-05-28T02:32:02.587+0000] {dag.py:3096} INFO - Sync 1 DAGs
[2026-05-28T02:32:02.753+0000] {logging_mixin.py:188} INFO - [2026-05-28T02:32:02.751+0000] {dag.py:3954} INFO - Setting next_dagrun for shopee_pipeline to 2026-05-28 01:00:00+00:00, run_after=2026-05-29 01:00:00+00:00
[2026-05-28T02:32:02.847+0000] {processor.py:183} INFO - Processing /opt/airflow/dags/shopee_dag.py took 1.296 seconds
[2026-05-28T02:32:33.479+0000] {processor.py:161} INFO - Started process (PID=11681) to work on /opt/airflow/dags/shopee_dag.py
[2026-05-28T02:32:33.482+0000] {processor.py:830} INFO - Processing file /opt/airflow/dags/shopee_dag.py for tasks to queue
[2026-05-28T02:32:33.485+0000] {logging_mixin.py:188} INFO - [2026-05-28T02:32:33.485+0000] {dagbag.py:545} INFO - Filling up the DagBag from /opt/airflow/dags/shopee_dag.py
[2026-05-28T02:32:33.696+0000] {processor.py:840} INFO - DAG(s) 'shopee_pipeline' retrieved from /opt/airflow/dags/shopee_dag.py
[2026-05-28T02:32:33.760+0000] {logging_mixin.py:188} INFO - [2026-05-28T02:32:33.760+0000] {dag.py:3096} INFO - Sync 1 DAGs
[2026-05-28T02:32:33.813+0000] {logging_mixin.py:188} INFO - [2026-05-28T02:32:33.812+0000] {dag.py:3954} INFO - Setting next_dagrun for shopee_pipeline to 2026-05-28 01:00:00+00:00, run_after=2026-05-29 01:00:00+00:00
[2026-05-28T02:32:33.858+0000] {processor.py:183} INFO - Processing /opt/airflow/dags/shopee_dag.py took 0.390 seconds
[2026-05-28T02:33:04.661+0000] {processor.py:161} INFO - Started process (PID=11771) to work on /opt/airflow/dags/shopee_dag.py
[2026-05-28T02:33:04.664+0000] {processor.py:830} INFO - Processing file /opt/airflow/dags/shopee_dag.py for tasks to queue
[2026-05-28T02:33:04.668+0000] {logging_mixin.py:188} INFO - [2026-05-28T02:33:04.667+0000] {dagbag.py:545} INFO - Filling up the DagBag from /opt/airflow/dags/shopee_dag.py
[2026-05-28T02:33:05.004+0000] {processor.py:840} INFO - DAG(s) 'shopee_pipeline' retrieved from /opt/airflow/dags/shopee_dag.py
[2026-05-28T02:33:05.124+0000] {logging_mixin.py:188} INFO - [2026-05-28T02:33:05.123+0000] {dag.py:3096} INFO - Sync 1 DAGs
[2026-05-28T02:33:05.216+0000] {logging_mixin.py:188} INFO - [2026-05-28T02:33:05.215+0000] {dag.py:3954} INFO - Setting next_dagrun for shopee_pipeline to 2026-05-28 01:00:00+00:00, run_after=2026-05-29 01:00:00+00:00
[2026-05-28T02:33:05.319+0000] {processor.py:183} INFO - Processing /opt/airflow/dags/shopee_dag.py took 0.678 seconds
[2026-05-28T02:33:35.724+0000] {processor.py:161} INFO - Started process (PID=11811) to work on /opt/airflow/dags/shopee_dag.py
[2026-05-28T02:33:35.726+0000] {processor.py:830} INFO - Processing file /opt/airflow/dags/shopee_dag.py for tasks to queue
[2026-05-28T02:33:35.731+0000] {logging_mixin.py:188} INFO - [2026-05-28T02:33:35.730+0000] {dagbag.py:545} INFO - Filling up the DagBag from /opt/airflow/dags/shopee_dag.py
[2026-05-28T02:33:36.203+0000] {processor.py:840} INFO - DAG(s) 'shopee_pipeline' retrieved from /opt/airflow/dags/shopee_dag.py
[2026-05-28T02:33:36.323+0000] {logging_mixin.py:188} INFO - [2026-05-28T02:33:36.322+0000] {dag.py:3096} INFO - Sync 1 DAGs
[2026-05-28T02:33:36.430+0000] {logging_mixin.py:188} INFO - [2026-05-28T02:33:36.429+0000] {dag.py:3954} INFO - Setting next_dagrun for shopee_pipeline to 2026-05-28 01:00:00+00:00, run_after=2026-05-29 01:00:00+00:00
[2026-05-28T02:33:36.518+0000] {processor.py:183} INFO - Processing /opt/airflow/dags/shopee_dag.py took 0.814 seconds
[2026-05-28T02:34:06.898+0000] {processor.py:161} INFO - Started process (PID=11916) to work on /opt/airflow/dags/shopee_dag.py
[2026-05-28T02:34:06.900+0000] {processor.py:830} INFO - Processing file /opt/airflow/dags/shopee_dag.py for tasks to queue
[2026-05-28T02:34:06.904+0000] {logging_mixin.py:188} INFO - [2026-05-28T02:34:06.904+0000] {dagbag.py:545} INFO - Filling up the DagBag from /opt/airflow/dags/shopee_dag.py
[2026-05-28T02:34:07.140+0000] {processor.py:840} INFO - DAG(s) 'shopee_pipeline' retrieved from /opt/airflow/dags/shopee_dag.py
[2026-05-28T02:34:07.216+0000] {logging_mixin.py:188} INFO - [2026-05-28T02:34:07.215+0000] {dag.py:3096} INFO - Sync 1 DAGs
[2026-05-28T02:34:07.276+0000] {logging_mixin.py:188} INFO - [2026-05-28T02:34:07.275+0000] {dag.py:3954} INFO - Setting next_dagrun for shopee_pipeline to 2026-05-28 01:00:00+00:00, run_after=2026-05-29 01:00:00+00:00
[2026-05-28T02:34:07.329+0000] {processor.py:183} INFO - Processing /opt/airflow/dags/shopee_dag.py took 0.443 seconds
[2026-05-28T02:34:37.833+0000] {processor.py:161} INFO - Started process (PID=12003) to work on /opt/airflow/dags/shopee_dag.py
[2026-05-28T02:34:37.836+0000] {processor.py:830} INFO - Processing file /opt/airflow/dags/shopee_dag.py for tasks to queue
[2026-05-28T02:34:37.843+0000] {logging_mixin.py:188} INFO - [2026-05-28T02:34:37.841+0000] {dagbag.py:545} INFO - Filling up the DagBag from /opt/airflow/dags/shopee_dag.py
[2026-05-28T02:34:38.089+0000] {processor.py:840} INFO - DAG(s) 'shopee_pipeline' retrieved from /opt/airflow/dags/shopee_dag.py
[2026-05-28T02:34:38.196+0000] {logging_mixin.py:188} INFO - [2026-05-28T02:34:38.195+0000] {dag.py:3096} INFO - Sync 1 DAGs
[2026-05-28T02:34:38.266+0000] {logging_mixin.py:188} INFO - [2026-05-28T02:34:38.265+0000] {dag.py:3954} INFO - Setting next_dagrun for shopee_pipeline to 2026-05-28 01:00:00+00:00, run_after=2026-05-29 01:00:00+00:00
[2026-05-28T02:34:38.318+0000] {processor.py:183} INFO - Processing /opt/airflow/dags/shopee_dag.py took 0.507 seconds
[2026-05-28T02:35:08.873+0000] {processor.py:161} INFO - Started process (PID=12048) to work on /opt/airflow/dags/shopee_dag.py
[2026-05-28T02:35:08.876+0000] {processor.py:830} INFO - Processing file /opt/airflow/dags/shopee_dag.py for tasks to queue
[2026-05-28T02:35:08.881+0000] {logging_mixin.py:188} INFO - [2026-05-28T02:35:08.880+0000] {dagbag.py:545} INFO - Filling up the DagBag from /opt/airflow/dags/shopee_dag.py
[2026-05-28T02:35:09.273+0000] {processor.py:840} INFO - DAG(s) 'shopee_pipeline' retrieved from /opt/airflow/dags/shopee_dag.py
[2026-05-28T02:35:09.381+0000] {logging_mixin.py:188} INFO - [2026-05-28T02:35:09.380+0000] {dag.py:3096} INFO - Sync 1 DAGs
[2026-05-28T02:35:09.469+0000] {logging_mixin.py:188} INFO - [2026-05-28T02:35:09.469+0000] {dag.py:3954} INFO - Setting next_dagrun for shopee_pipeline to 2026-05-28 01:00:00+00:00, run_after=2026-05-29 01:00:00+00:00
[2026-05-28T02:35:09.525+0000] {processor.py:183} INFO - Processing /opt/airflow/dags/shopee_dag.py took 0.684 seconds
[2026-05-28T02:35:40.068+0000] {processor.py:161} INFO - Started process (PID=12164) to work on /opt/airflow/dags/shopee_dag.py
[2026-05-28T02:35:40.071+0000] {processor.py:830} INFO - Processing file /opt/airflow/dags/shopee_dag.py for tasks to queue
[2026-05-28T02:35:40.086+0000] {logging_mixin.py:188} INFO - [2026-05-28T02:35:40.085+0000] {dagbag.py:545} INFO - Filling up the DagBag from /opt/airflow/dags/shopee_dag.py
[2026-05-28T02:35:40.470+0000] {processor.py:840} INFO - DAG(s) 'shopee_pipeline' retrieved from /opt/airflow/dags/shopee_dag.py
[2026-05-28T02:35:40.578+0000] {logging_mixin.py:188} INFO - [2026-05-28T02:35:40.577+0000] {dag.py:3096} INFO - Sync 1 DAGs
[2026-05-28T02:35:40.659+0000] {logging_mixin.py:188} INFO - [2026-05-28T02:35:40.658+0000] {dag.py:3954} INFO - Setting next_dagrun for shopee_pipeline to 2026-05-28 01:00:00+00:00, run_after=2026-05-29 01:00:00+00:00
[2026-05-28T02:35:40.720+0000] {processor.py:183} INFO - Processing /opt/airflow/dags/shopee_dag.py took 0.683 seconds
[2026-05-28T02:36:11.102+0000] {processor.py:161} INFO - Started process (PID=12188) to work on /opt/airflow/dags/shopee_dag.py
[2026-05-28T02:36:11.104+0000] {processor.py:830} INFO - Processing file /opt/airflow/dags/shopee_dag.py for tasks to queue
[2026-05-28T02:36:11.107+0000] {logging_mixin.py:188} INFO - [2026-05-28T02:36:11.107+0000] {dagbag.py:545} INFO - Filling up the DagBag from /opt/airflow/dags/shopee_dag.py
[2026-05-28T02:36:11.394+0000] {processor.py:840} INFO - DAG(s) 'shopee_pipeline' retrieved from /opt/airflow/dags/shopee_dag.py
[2026-05-28T02:36:11.486+0000] {logging_mixin.py:188} INFO - [2026-05-28T02:36:11.486+0000] {dag.py:3096} INFO - Sync 1 DAGs
[2026-05-28T02:36:11.561+0000] {logging_mixin.py:188} INFO - [2026-05-28T02:36:11.560+0000] {dag.py:3954} INFO - Setting next_dagrun for shopee_pipeline to 2026-05-28 01:00:00+00:00, run_after=2026-05-29 01:00:00+00:00
[2026-05-28T02:36:11.620+0000] {processor.py:183} INFO - Processing /opt/airflow/dags/shopee_dag.py took 0.535 seconds
[2026-05-28T02:36:42.115+0000] {processor.py:161} INFO - Started process (PID=12310) to work on /opt/airflow/dags/shopee_dag.py
[2026-05-28T02:36:42.116+0000] {processor.py:830} INFO - Processing file /opt/airflow/dags/shopee_dag.py for tasks to queue
[2026-05-28T02:36:42.119+0000] {logging_mixin.py:188} INFO - [2026-05-28T02:36:42.118+0000] {dagbag.py:545} INFO - Filling up the DagBag from /opt/airflow/dags/shopee_dag.py
[2026-05-28T02:36:42.340+0000] {processor.py:840} INFO - DAG(s) 'shopee_pipeline' retrieved from /opt/airflow/dags/shopee_dag.py
[2026-05-28T02:36:42.417+0000] {logging_mixin.py:188} INFO - [2026-05-28T02:36:42.416+0000] {dag.py:3096} INFO - Sync 1 DAGs
[2026-05-28T02:36:42.460+0000] {logging_mixin.py:188} INFO - [2026-05-28T02:36:42.460+0000] {dag.py:3954} INFO - Setting next_dagrun for shopee_pipeline to 2026-05-28 01:00:00+00:00, run_after=2026-05-29 01:00:00+00:00
[2026-05-28T02:36:42.507+0000] {processor.py:183} INFO - Processing /opt/airflow/dags/shopee_dag.py took 0.404 seconds
[2026-05-28T02:37:13.080+0000] {processor.py:161} INFO - Started process (PID=12399) to work on /opt/airflow/dags/shopee_dag.py
[2026-05-28T02:37:13.083+0000] {processor.py:830} INFO - Processing file /opt/airflow/dags/shopee_dag.py for tasks to queue
[2026-05-28T02:37:13.091+0000] {logging_mixin.py:188} INFO - [2026-05-28T02:37:13.089+0000] {dagbag.py:545} INFO - Filling up the DagBag from /opt/airflow/dags/shopee_dag.py
[2026-05-28T02:37:13.986+0000] {processor.py:840} INFO - DAG(s) 'shopee_pipeline' retrieved from /opt/airflow/dags/shopee_dag.py
[2026-05-28T02:37:14.213+0000] {logging_mixin.py:188} INFO - [2026-05-28T02:37:14.211+0000] {dag.py:3096} INFO - Sync 1 DAGs
[2026-05-28T02:37:14.364+0000] {logging_mixin.py:188} INFO - [2026-05-28T02:37:14.364+0000] {dag.py:3954} INFO - Setting next_dagrun for shopee_pipeline to 2026-05-28 01:00:00+00:00, run_after=2026-05-29 01:00:00+00:00
[2026-05-28T02:37:14.453+0000] {processor.py:183} INFO - Processing /opt/airflow/dags/shopee_dag.py took 1.409 seconds
[2026-05-28T02:37:45.119+0000] {processor.py:161} INFO - Started process (PID=12425) to work on /opt/airflow/dags/shopee_dag.py
[2026-05-28T02:37:45.122+0000] {processor.py:830} INFO - Processing file /opt/airflow/dags/shopee_dag.py for tasks to queue
[2026-05-28T02:37:45.127+0000] {logging_mixin.py:188} INFO - [2026-05-28T02:37:45.126+0000] {dagbag.py:545} INFO - Filling up the DagBag from /opt/airflow/dags/shopee_dag.py
[2026-05-28T02:37:45.357+0000] {processor.py:840} INFO - DAG(s) 'shopee_pipeline' retrieved from /opt/airflow/dags/shopee_dag.py
[2026-05-28T02:37:45.437+0000] {logging_mixin.py:188} INFO - [2026-05-28T02:37:45.436+0000] {dag.py:3096} INFO - Sync 1 DAGs
[2026-05-28T02:37:45.490+0000] {logging_mixin.py:188} INFO - [2026-05-28T02:37:45.489+0000] {dag.py:3954} INFO - Setting next_dagrun for shopee_pipeline to 2026-05-28 01:00:00+00:00, run_after=2026-05-29 01:00:00+00:00
[2026-05-28T02:37:45.537+0000] {processor.py:183} INFO - Processing /opt/airflow/dags/shopee_dag.py took 0.433 seconds
[2026-05-28T02:38:16.137+0000] {processor.py:161} INFO - Started process (PID=12528) to work on /opt/airflow/dags/shopee_dag.py
[2026-05-28T02:38:16.139+0000] {processor.py:830} INFO - Processing file /opt/airflow/dags/shopee_dag.py for tasks to queue
[2026-05-28T02:38:16.143+0000] {logging_mixin.py:188} INFO - [2026-05-28T02:38:16.142+0000] {dagbag.py:545} INFO - Filling up the DagBag from /opt/airflow/dags/shopee_dag.py
[2026-05-28T02:38:16.385+0000] {processor.py:840} INFO - DAG(s) 'shopee_pipeline' retrieved from /opt/airflow/dags/shopee_dag.py
[2026-05-28T02:38:16.462+0000] {logging_mixin.py:188} INFO - [2026-05-28T02:38:16.461+0000] {dag.py:3096} INFO - Sync 1 DAGs
[2026-05-28T02:38:16.524+0000] {logging_mixin.py:188} INFO - [2026-05-28T02:38:16.523+0000] {dag.py:3954} INFO - Setting next_dagrun for shopee_pipeline to 2026-05-28 01:00:00+00:00, run_after=2026-05-29 01:00:00+00:00
[2026-05-28T02:38:16.589+0000] {processor.py:183} INFO - Processing /opt/airflow/dags/shopee_dag.py took 0.468 seconds
[2026-05-28T02:38:47.030+0000] {processor.py:161} INFO - Started process (PID=12616) to work on /opt/airflow/dags/shopee_dag.py
[2026-05-28T02:38:47.033+0000] {processor.py:830} INFO - Processing file /opt/airflow/dags/shopee_dag.py for tasks to queue
[2026-05-28T02:38:47.037+0000] {logging_mixin.py:188} INFO - [2026-05-28T02:38:47.036+0000] {dagbag.py:545} INFO - Filling up the DagBag from /opt/airflow/dags/shopee_dag.py
[2026-05-28T02:38:47.332+0000] {processor.py:840} INFO - DAG(s) 'shopee_pipeline' retrieved from /opt/airflow/dags/shopee_dag.py
[2026-05-28T02:38:47.431+0000] {logging_mixin.py:188} INFO - [2026-05-28T02:38:47.430+0000] {dag.py:3096} INFO - Sync 1 DAGs
[2026-05-28T02:38:47.513+0000] {logging_mixin.py:188} INFO - [2026-05-28T02:38:47.513+0000] {dag.py:3954} INFO - Setting next_dagrun for shopee_pipeline to 2026-05-28 01:00:00+00:00, run_after=2026-05-29 01:00:00+00:00
[2026-05-28T02:38:47.591+0000] {processor.py:183} INFO - Processing /opt/airflow/dags/shopee_dag.py took 0.580 seconds
[2026-05-28T02:39:18.410+0000] {processor.py:161} INFO - Started process (PID=12641) to work on /opt/airflow/dags/shopee_dag.py
[2026-05-28T02:39:18.411+0000] {processor.py:830} INFO - Processing file /opt/airflow/dags/shopee_dag.py for tasks to queue
[2026-05-28T02:39:18.414+0000] {logging_mixin.py:188} INFO - [2026-05-28T02:39:18.413+0000] {dagbag.py:545} INFO - Filling up the DagBag from /opt/airflow/dags/shopee_dag.py
[2026-05-28T02:39:18.628+0000] {processor.py:840} INFO - DAG(s) 'shopee_pipeline' retrieved from /opt/airflow/dags/shopee_dag.py
[2026-05-28T02:39:18.701+0000] {logging_mixin.py:188} INFO - [2026-05-28T02:39:18.701+0000] {dag.py:3096} INFO - Sync 1 DAGs
[2026-05-28T02:39:18.759+0000] {logging_mixin.py:188} INFO - [2026-05-28T02:39:18.758+0000] {dag.py:3954} INFO - Setting next_dagrun for shopee_pipeline to 2026-05-28 01:00:00+00:00, run_after=2026-05-29 01:00:00+00:00
[2026-05-28T02:39:18.823+0000] {processor.py:183} INFO - Processing /opt/airflow/dags/shopee_dag.py took 0.423 seconds
[2026-05-28T02:39:49.485+0000] {processor.py:161} INFO - Started process (PID=12746) to work on /opt/airflow/dags/shopee_dag.py
[2026-05-28T02:39:49.489+0000] {processor.py:830} INFO - Processing file /opt/airflow/dags/shopee_dag.py for tasks to queue
[2026-05-28T02:39:49.497+0000] {logging_mixin.py:188} INFO - [2026-05-28T02:39:49.495+0000] {dagbag.py:545} INFO - Filling up the DagBag from /opt/airflow/dags/shopee_dag.py
[2026-05-28T02:39:50.117+0000] {processor.py:840} INFO - DAG(s) 'shopee_pipeline' retrieved from /opt/airflow/dags/shopee_dag.py
[2026-05-28T02:39:50.246+0000] {logging_mixin.py:188} INFO - [2026-05-28T02:39:50.245+0000] {dag.py:3096} INFO - Sync 1 DAGs
[2026-05-28T02:39:50.385+0000] {logging_mixin.py:188} INFO - [2026-05-28T02:39:50.384+0000] {dag.py:3954} INFO - Setting next_dagrun for shopee_pipeline to 2026-05-28 01:00:00+00:00, run_after=2026-05-29 01:00:00+00:00
[2026-05-28T02:39:50.535+0000] {processor.py:183} INFO - Processing /opt/airflow/dags/shopee_dag.py took 1.078 seconds
[2026-05-28T02:40:21.425+0000] {processor.py:161} INFO - Started process (PID=12773) to work on /opt/airflow/dags/shopee_dag.py
[2026-05-28T02:40:21.430+0000] {processor.py:830} INFO - Processing file /opt/airflow/dags/shopee_dag.py for tasks to queue
[2026-05-28T02:40:21.438+0000] {logging_mixin.py:188} INFO - [2026-05-28T02:40:21.437+0000] {dagbag.py:545} INFO - Filling up the DagBag from /opt/airflow/dags/shopee_dag.py
[2026-05-28T02:40:21.842+0000] {processor.py:840} INFO - DAG(s) 'shopee_pipeline' retrieved from /opt/airflow/dags/shopee_dag.py
[2026-05-28T02:40:21.942+0000] {logging_mixin.py:188} INFO - [2026-05-28T02:40:21.941+0000] {dag.py:3096} INFO - Sync 1 DAGs
[2026-05-28T02:40:22.028+0000] {logging_mixin.py:188} INFO - [2026-05-28T02:40:22.027+0000] {dag.py:3954} INFO - Setting next_dagrun for shopee_pipeline to 2026-05-28 01:00:00+00:00, run_after=2026-05-29 01:00:00+00:00
[2026-05-28T02:40:22.104+0000] {processor.py:183} INFO - Processing /opt/airflow/dags/shopee_dag.py took 0.704 seconds
[2026-05-28T02:40:52.999+0000] {processor.py:161} INFO - Started process (PID=12860) to work on /opt/airflow/dags/shopee_dag.py
[2026-05-28T02:40:53.002+0000] {processor.py:830} INFO - Processing file /opt/airflow/dags/shopee_dag.py for tasks to queue
[2026-05-28T02:40:53.007+0000] {logging_mixin.py:188} INFO - [2026-05-28T02:40:53.006+0000] {dagbag.py:545} INFO - Filling up the DagBag from /opt/airflow/dags/shopee_dag.py
[2026-05-28T02:40:53.528+0000] {processor.py:840} INFO - DAG(s) 'shopee_pipeline' retrieved from /opt/airflow/dags/shopee_dag.py
[2026-05-28T02:40:53.686+0000] {logging_mixin.py:188} INFO - [2026-05-28T02:40:53.685+0000] {dag.py:3096} INFO - Sync 1 DAGs
[2026-05-28T02:40:53.792+0000] {logging_mixin.py:188} INFO - [2026-05-28T02:40:53.790+0000] {dag.py:3954} INFO - Setting next_dagrun for shopee_pipeline to 2026-05-28 01:00:00+00:00, run_after=2026-05-29 01:00:00+00:00
[2026-05-28T02:40:53.901+0000] {processor.py:183} INFO - Processing /opt/airflow/dags/shopee_dag.py took 0.918 seconds
[2026-05-28T02:41:24.060+0000] {processor.py:161} INFO - Started process (PID=12872) to work on /opt/airflow/dags/shopee_dag.py
[2026-05-28T02:41:24.064+0000] {processor.py:830} INFO - Processing file /opt/airflow/dags/shopee_dag.py for tasks to queue
[2026-05-28T02:41:24.069+0000] {logging_mixin.py:188} INFO - [2026-05-28T02:41:24.069+0000] {dagbag.py:545} INFO - Filling up the DagBag from /opt/airflow/dags/shopee_dag.py
[2026-05-28T02:41:24.369+0000] {processor.py:840} INFO - DAG(s) 'shopee_pipeline' retrieved from /opt/airflow/dags/shopee_dag.py
[2026-05-28T02:41:24.453+0000] {logging_mixin.py:188} INFO - [2026-05-28T02:41:24.452+0000] {dag.py:3096} INFO - Sync 1 DAGs
[2026-05-28T02:41:24.513+0000] {logging_mixin.py:188} INFO - [2026-05-28T02:41:24.511+0000] {dag.py:3954} INFO - Setting next_dagrun for shopee_pipeline to 2026-05-28 01:00:00+00:00, run_after=2026-05-29 01:00:00+00:00
[2026-05-28T02:41:24.573+0000] {processor.py:183} INFO - Processing /opt/airflow/dags/shopee_dag.py took 0.532 seconds
[2026-05-28T02:41:54.658+0000] {processor.py:161} INFO - Started process (PID=12992) to work on /opt/airflow/dags/shopee_dag.py
[2026-05-28T02:41:54.660+0000] {processor.py:830} INFO - Processing file /opt/airflow/dags/shopee_dag.py for tasks to queue
[2026-05-28T02:41:54.663+0000] {logging_mixin.py:188} INFO - [2026-05-28T02:41:54.662+0000] {dagbag.py:545} INFO - Filling up the DagBag from /opt/airflow/dags/shopee_dag.py
[2026-05-28T02:41:54.937+0000] {processor.py:840} INFO - DAG(s) 'shopee_pipeline' retrieved from /opt/airflow/dags/shopee_dag.py
[2026-05-28T02:41:55.013+0000] {logging_mixin.py:188} INFO - [2026-05-28T02:41:55.012+0000] {dag.py:3096} INFO - Sync 1 DAGs
[2026-05-28T02:41:55.068+0000] {logging_mixin.py:188} INFO - [2026-05-28T02:41:55.067+0000] {dag.py:3954} INFO - Setting next_dagrun for shopee_pipeline to 2026-05-28 01:00:00+00:00, run_after=2026-05-29 01:00:00+00:00
[2026-05-28T02:41:55.112+0000] {processor.py:183} INFO - Processing /opt/airflow/dags/shopee_dag.py took 0.471 seconds
[2026-05-28T02:42:25.722+0000] {processor.py:161} INFO - Started process (PID=13095) to work on /opt/airflow/dags/shopee_dag.py
[2026-05-28T02:42:25.726+0000] {processor.py:830} INFO - Processing file /opt/airflow/dags/shopee_dag.py for tasks to queue
[2026-05-28T02:42:25.742+0000] {logging_mixin.py:188} INFO - [2026-05-28T02:42:25.740+0000] {dagbag.py:545} INFO - Filling up the DagBag from /opt/airflow/dags/shopee_dag.py
[2026-05-28T02:42:26.357+0000] {processor.py:840} INFO - DAG(s) 'shopee_pipeline' retrieved from /opt/airflow/dags/shopee_dag.py
[2026-05-28T02:42:26.541+0000] {logging_mixin.py:188} INFO - [2026-05-28T02:42:26.537+0000] {dag.py:3096} INFO - Sync 1 DAGs
[2026-05-28T02:42:26.699+0000] {logging_mixin.py:188} INFO - [2026-05-28T02:42:26.697+0000] {dag.py:3954} INFO - Setting next_dagrun for shopee_pipeline to 2026-05-28 01:00:00+00:00, run_after=2026-05-29 01:00:00+00:00
[2026-05-28T02:42:26.829+0000] {processor.py:183} INFO - Processing /opt/airflow/dags/shopee_dag.py took 1.148 seconds
[2026-05-28T02:42:57.533+0000] {processor.py:161} INFO - Started process (PID=13125) to work on /opt/airflow/dags/shopee_dag.py
[2026-05-28T02:42:57.536+0000] {processor.py:830} INFO - Processing file /opt/airflow/dags/shopee_dag.py for tasks to queue
[2026-05-28T02:42:57.542+0000] {logging_mixin.py:188} INFO - [2026-05-28T02:42:57.541+0000] {dagbag.py:545} INFO - Filling up the DagBag from /opt/airflow/dags/shopee_dag.py
[2026-05-28T02:42:57.967+0000] {processor.py:840} INFO - DAG(s) 'shopee_pipeline' retrieved from /opt/airflow/dags/shopee_dag.py
[2026-05-28T02:42:58.070+0000] {logging_mixin.py:188} INFO - [2026-05-28T02:42:58.069+0000] {dag.py:3096} INFO - Sync 1 DAGs
[2026-05-28T02:42:58.160+0000] {logging_mixin.py:188} INFO - [2026-05-28T02:42:58.159+0000] {dag.py:3954} INFO - Setting next_dagrun for shopee_pipeline to 2026-05-28 01:00:00+00:00, run_after=2026-05-29 01:00:00+00:00
[2026-05-28T02:42:58.250+0000] {processor.py:183} INFO - Processing /opt/airflow/dags/shopee_dag.py took 0.740 seconds
[2026-05-28T02:43:29.166+0000] {processor.py:161} INFO - Started process (PID=13238) to work on /opt/airflow/dags/shopee_dag.py
[2026-05-28T02:43:29.171+0000] {processor.py:830} INFO - Processing file /opt/airflow/dags/shopee_dag.py for tasks to queue
[2026-05-28T02:43:29.182+0000] {logging_mixin.py:188} INFO - [2026-05-28T02:43:29.180+0000] {dagbag.py:545} INFO - Filling up the DagBag from /opt/airflow/dags/shopee_dag.py
[2026-05-28T02:43:29.664+0000] {processor.py:840} INFO - DAG(s) 'shopee_pipeline' retrieved from /opt/airflow/dags/shopee_dag.py
[2026-05-28T02:43:29.765+0000] {logging_mixin.py:188} INFO - [2026-05-28T02:43:29.765+0000] {dag.py:3096} INFO - Sync 1 DAGs
[2026-05-28T02:43:29.878+0000] {logging_mixin.py:188} INFO - [2026-05-28T02:43:29.872+0000] {dag.py:3954} INFO - Setting next_dagrun for shopee_pipeline to 2026-05-28 01:00:00+00:00, run_after=2026-05-29 01:00:00+00:00
[2026-05-28T02:43:29.946+0000] {processor.py:183} INFO - Processing /opt/airflow/dags/shopee_dag.py took 0.810 seconds
[2026-05-28T02:44:00.340+0000] {processor.py:161} INFO - Started process (PID=13255) to work on /opt/airflow/dags/shopee_dag.py
[2026-05-28T02:44:00.344+0000] {processor.py:830} INFO - Processing file /opt/airflow/dags/shopee_dag.py for tasks to queue
[2026-05-28T02:44:00.352+0000] {logging_mixin.py:188} INFO - [2026-05-28T02:44:00.351+0000] {dagbag.py:545} INFO - Filling up the DagBag from /opt/airflow/dags/shopee_dag.py
[2026-05-28T02:44:00.844+0000] {processor.py:840} INFO - DAG(s) 'shopee_pipeline' retrieved from /opt/airflow/dags/shopee_dag.py
[2026-05-28T02:44:00.959+0000] {logging_mixin.py:188} INFO - [2026-05-28T02:44:00.958+0000] {dag.py:3096} INFO - Sync 1 DAGs
[2026-05-28T02:44:01.082+0000] {logging_mixin.py:188} INFO - [2026-05-28T02:44:01.080+0000] {dag.py:3954} INFO - Setting next_dagrun for shopee_pipeline to 2026-05-28 01:00:00+00:00, run_after=2026-05-29 01:00:00+00:00
[2026-05-28T02:44:01.174+0000] {processor.py:183} INFO - Processing /opt/airflow/dags/shopee_dag.py took 0.863 seconds
[2026-05-28T02:44:31.579+0000] {processor.py:161} INFO - Started process (PID=13371) to work on /opt/airflow/dags/shopee_dag.py
[2026-05-28T02:44:31.581+0000] {processor.py:830} INFO - Processing file /opt/airflow/dags/shopee_dag.py for tasks to queue
[2026-05-28T02:44:31.584+0000] {logging_mixin.py:188} INFO - [2026-05-28T02:44:31.583+0000] {dagbag.py:545} INFO - Filling up the DagBag from /opt/airflow/dags/shopee_dag.py
[2026-05-28T02:44:31.864+0000] {processor.py:840} INFO - DAG(s) 'shopee_pipeline' retrieved from /opt/airflow/dags/shopee_dag.py
[2026-05-28T02:44:31.989+0000] {logging_mixin.py:188} INFO - [2026-05-28T02:44:31.988+0000] {dag.py:3096} INFO - Sync 1 DAGs
[2026-05-28T02:44:32.082+0000] {logging_mixin.py:188} INFO - [2026-05-28T02:44:32.081+0000] {dag.py:3954} INFO - Setting next_dagrun for shopee_pipeline to 2026-05-28 01:00:00+00:00, run_after=2026-05-29 01:00:00+00:00
[2026-05-28T02:44:32.165+0000] {processor.py:183} INFO - Processing /opt/airflow/dags/shopee_dag.py took 0.598 seconds
[2026-05-28T02:45:02.805+0000] {processor.py:161} INFO - Started process (PID=13491) to work on /opt/airflow/dags/shopee_dag.py
[2026-05-28T02:45:02.808+0000] {processor.py:830} INFO - Processing file /opt/airflow/dags/shopee_dag.py for tasks to queue
[2026-05-28T02:45:02.814+0000] {logging_mixin.py:188} INFO - [2026-05-28T02:45:02.813+0000] {dagbag.py:545} INFO - Filling up the DagBag from /opt/airflow/dags/shopee_dag.py
[2026-05-28T02:45:03.093+0000] {processor.py:840} INFO - DAG(s) 'shopee_pipeline' retrieved from /opt/airflow/dags/shopee_dag.py
[2026-05-28T02:45:03.217+0000] {logging_mixin.py:188} INFO - [2026-05-28T02:45:03.216+0000] {dag.py:3096} INFO - Sync 1 DAGs
[2026-05-28T02:45:03.292+0000] {logging_mixin.py:188} INFO - [2026-05-28T02:45:03.291+0000] {dag.py:3954} INFO - Setting next_dagrun for shopee_pipeline to 2026-05-28 01:00:00+00:00, run_after=2026-05-29 01:00:00+00:00
[2026-05-28T02:45:03.369+0000] {processor.py:183} INFO - Processing /opt/airflow/dags/shopee_dag.py took 0.587 seconds
[2026-05-28T02:45:33.928+0000] {processor.py:161} INFO - Started process (PID=13575) to work on /opt/airflow/dags/shopee_dag.py
[2026-05-28T02:45:33.932+0000] {processor.py:830} INFO - Processing file /opt/airflow/dags/shopee_dag.py for tasks to queue
[2026-05-28T02:45:33.937+0000] {logging_mixin.py:188} INFO - [2026-05-28T02:45:33.936+0000] {dagbag.py:545} INFO - Filling up the DagBag from /opt/airflow/dags/shopee_dag.py
[2026-05-28T02:45:34.224+0000] {processor.py:840} INFO - DAG(s) 'shopee_pipeline' retrieved from /opt/airflow/dags/shopee_dag.py
[2026-05-28T02:45:34.308+0000] {logging_mixin.py:188} INFO - [2026-05-28T02:45:34.307+0000] {dag.py:3096} INFO - Sync 1 DAGs
[2026-05-28T02:45:34.380+0000] {logging_mixin.py:188} INFO - [2026-05-28T02:45:34.378+0000] {dag.py:3954} INFO - Setting next_dagrun for shopee_pipeline to 2026-05-28 01:00:00+00:00, run_after=2026-05-29 01:00:00+00:00
[2026-05-28T02:45:34.442+0000] {processor.py:183} INFO - Processing /opt/airflow/dags/shopee_dag.py took 0.531 seconds
[2026-05-28T02:46:05.071+0000] {processor.py:161} INFO - Started process (PID=13592) to work on /opt/airflow/dags/shopee_dag.py
[2026-05-28T02:46:05.072+0000] {processor.py:830} INFO - Processing file /opt/airflow/dags/shopee_dag.py for tasks to queue
[2026-05-28T02:46:05.075+0000] {logging_mixin.py:188} INFO - [2026-05-28T02:46:05.075+0000] {dagbag.py:545} INFO - Filling up the DagBag from /opt/airflow/dags/shopee_dag.py
[2026-05-28T02:46:05.277+0000] {processor.py:840} INFO - DAG(s) 'shopee_pipeline' retrieved from /opt/airflow/dags/shopee_dag.py
[2026-05-28T02:46:05.350+0000] {logging_mixin.py:188} INFO - [2026-05-28T02:46:05.350+0000] {dag.py:3096} INFO - Sync 1 DAGs
[2026-05-28T02:46:05.410+0000] {logging_mixin.py:188} INFO - [2026-05-28T02:46:05.410+0000] {dag.py:3954} INFO - Setting next_dagrun for shopee_pipeline to 2026-05-28 01:00:00+00:00, run_after=2026-05-29 01:00:00+00:00
[2026-05-28T02:46:05.467+0000] {processor.py:183} INFO - Processing /opt/airflow/dags/shopee_dag.py took 0.406 seconds
[2026-05-28T02:46:35.753+0000] {processor.py:161} INFO - Started process (PID=13680) to work on /opt/airflow/dags/shopee_dag.py
[2026-05-28T02:46:35.756+0000] {processor.py:830} INFO - Processing file /opt/airflow/dags/shopee_dag.py for tasks to queue
[2026-05-28T02:46:35.761+0000] {logging_mixin.py:188} INFO - [2026-05-28T02:46:35.760+0000] {dagbag.py:545} INFO - Filling up the DagBag from /opt/airflow/dags/shopee_dag.py
[2026-05-28T02:46:36.053+0000] {processor.py:840} INFO - DAG(s) 'shopee_pipeline' retrieved from /opt/airflow/dags/shopee_dag.py
[2026-05-28T02:46:36.136+0000] {logging_mixin.py:188} INFO - [2026-05-28T02:46:36.136+0000] {dag.py:3096} INFO - Sync 1 DAGs
[2026-05-28T02:46:36.223+0000] {logging_mixin.py:188} INFO - [2026-05-28T02:46:36.222+0000] {dag.py:3954} INFO - Setting next_dagrun for shopee_pipeline to 2026-05-28 01:00:00+00:00, run_after=2026-05-29 01:00:00+00:00
[2026-05-28T02:46:36.277+0000] {processor.py:183} INFO - Processing /opt/airflow/dags/shopee_dag.py took 0.547 seconds
[2026-05-28T02:47:06.795+0000] {processor.py:161} INFO - Started process (PID=13704) to work on /opt/airflow/dags/shopee_dag.py
[2026-05-28T02:47:06.798+0000] {processor.py:830} INFO - Processing file /opt/airflow/dags/shopee_dag.py for tasks to queue
[2026-05-28T02:47:06.802+0000] {logging_mixin.py:188} INFO - [2026-05-28T02:47:06.801+0000] {dagbag.py:545} INFO - Filling up the DagBag from /opt/airflow/dags/shopee_dag.py
[2026-05-28T02:47:07.135+0000] {processor.py:840} INFO - DAG(s) 'shopee_pipeline' retrieved from /opt/airflow/dags/shopee_dag.py
[2026-05-28T02:47:07.247+0000] {logging_mixin.py:188} INFO - [2026-05-28T02:47:07.246+0000] {dag.py:3096} INFO - Sync 1 DAGs
[2026-05-28T02:47:07.338+0000] {logging_mixin.py:188} INFO - [2026-05-28T02:47:07.336+0000] {dag.py:3954} INFO - Setting next_dagrun for shopee_pipeline to 2026-05-28 01:00:00+00:00, run_after=2026-05-29 01:00:00+00:00
[2026-05-28T02:47:07.419+0000] {processor.py:183} INFO - Processing /opt/airflow/dags/shopee_dag.py took 0.641 seconds
[2026-05-28T02:47:38.389+0000] {processor.py:161} INFO - Started process (PID=13782) to work on /opt/airflow/dags/shopee_dag.py
[2026-05-28T02:47:38.392+0000] {processor.py:830} INFO - Processing file /opt/airflow/dags/shopee_dag.py for tasks to queue
[2026-05-28T02:47:38.397+0000] {logging_mixin.py:188} INFO - [2026-05-28T02:47:38.396+0000] {dagbag.py:545} INFO - Filling up the DagBag from /opt/airflow/dags/shopee_dag.py
[2026-05-28T02:47:38.719+0000] {processor.py:840} INFO - DAG(s) 'shopee_pipeline' retrieved from /opt/airflow/dags/shopee_dag.py
[2026-05-28T02:47:38.804+0000] {logging_mixin.py:188} INFO - [2026-05-28T02:47:38.803+0000] {dag.py:3096} INFO - Sync 1 DAGs
[2026-05-28T02:47:39.068+0000] {logging_mixin.py:188} INFO - [2026-05-28T02:47:39.068+0000] {dag.py:3954} INFO - Setting next_dagrun for shopee_pipeline to 2026-05-28 01:00:00+00:00, run_after=2026-05-29 01:00:00+00:00
[2026-05-28T02:47:39.114+0000] {processor.py:183} INFO - Processing /opt/airflow/dags/shopee_dag.py took 0.743 seconds
[2026-05-28T02:48:09.494+0000] {processor.py:161} INFO - Started process (PID=13834) to work on /opt/airflow/dags/shopee_dag.py
[2026-05-28T02:48:09.495+0000] {processor.py:830} INFO - Processing file /opt/airflow/dags/shopee_dag.py for tasks to queue
[2026-05-28T02:48:09.497+0000] {logging_mixin.py:188} INFO - [2026-05-28T02:48:09.497+0000] {dagbag.py:545} INFO - Filling up the DagBag from /opt/airflow/dags/shopee_dag.py
[2026-05-28T02:48:09.687+0000] {processor.py:840} INFO - DAG(s) 'shopee_pipeline' retrieved from /opt/airflow/dags/shopee_dag.py
[2026-05-28T02:48:09.769+0000] {logging_mixin.py:188} INFO - [2026-05-28T02:48:09.768+0000] {dag.py:3096} INFO - Sync 1 DAGs
[2026-05-28T02:48:09.827+0000] {logging_mixin.py:188} INFO - [2026-05-28T02:48:09.827+0000] {dag.py:3954} INFO - Setting next_dagrun for shopee_pipeline to 2026-05-28 01:00:00+00:00, run_after=2026-05-29 01:00:00+00:00
[2026-05-28T02:48:09.893+0000] {processor.py:183} INFO - Processing /opt/airflow/dags/shopee_dag.py took 0.420 seconds
[2026-05-28T02:48:40.343+0000] {processor.py:161} INFO - Started process (PID=13952) to work on /opt/airflow/dags/shopee_dag.py
[2026-05-28T02:48:40.344+0000] {processor.py:830} INFO - Processing file /opt/airflow/dags/shopee_dag.py for tasks to queue
[2026-05-28T02:48:40.346+0000] {logging_mixin.py:188} INFO - [2026-05-28T02:48:40.346+0000] {dagbag.py:545} INFO - Filling up the DagBag from /opt/airflow/dags/shopee_dag.py
[2026-05-28T02:48:40.536+0000] {processor.py:840} INFO - DAG(s) 'shopee_pipeline' retrieved from /opt/airflow/dags/shopee_dag.py
[2026-05-28T02:48:40.612+0000] {logging_mixin.py:188} INFO - [2026-05-28T02:48:40.611+0000] {dag.py:3096} INFO - Sync 1 DAGs
[2026-05-28T02:48:40.888+0000] {logging_mixin.py:188} INFO - [2026-05-28T02:48:40.887+0000] {dag.py:3954} INFO - Setting next_dagrun for shopee_pipeline to 2026-05-28 01:00:00+00:00, run_after=2026-05-29 01:00:00+00:00
[2026-05-28T02:48:40.930+0000] {processor.py:183} INFO - Processing /opt/airflow/dags/shopee_dag.py took 0.595 seconds
[2026-05-28T02:49:11.370+0000] {processor.py:161} INFO - Started process (PID=14039) to work on /opt/airflow/dags/shopee_dag.py
[2026-05-28T02:49:11.372+0000] {processor.py:830} INFO - Processing file /opt/airflow/dags/shopee_dag.py for tasks to queue
[2026-05-28T02:49:11.376+0000] {logging_mixin.py:188} INFO - [2026-05-28T02:49:11.376+0000] {dagbag.py:545} INFO - Filling up the DagBag from /opt/airflow/dags/shopee_dag.py
[2026-05-28T02:49:11.697+0000] {processor.py:840} INFO - DAG(s) 'shopee_pipeline' retrieved from /opt/airflow/dags/shopee_dag.py
[2026-05-28T02:49:11.782+0000] {logging_mixin.py:188} INFO - [2026-05-28T02:49:11.782+0000] {dag.py:3096} INFO - Sync 1 DAGs
[2026-05-28T02:49:11.862+0000] {logging_mixin.py:188} INFO - [2026-05-28T02:49:11.860+0000] {dag.py:3954} INFO - Setting next_dagrun for shopee_pipeline to 2026-05-28 01:00:00+00:00, run_after=2026-05-29 01:00:00+00:00
[2026-05-28T02:49:11.929+0000] {processor.py:183} INFO - Processing /opt/airflow/dags/shopee_dag.py took 0.583 seconds
[2026-05-28T02:49:42.266+0000] {processor.py:161} INFO - Started process (PID=14065) to work on /opt/airflow/dags/shopee_dag.py
[2026-05-28T02:49:42.268+0000] {processor.py:830} INFO - Processing file /opt/airflow/dags/shopee_dag.py for tasks to queue
[2026-05-28T02:49:42.272+0000] {logging_mixin.py:188} INFO - [2026-05-28T02:49:42.271+0000] {dagbag.py:545} INFO - Filling up the DagBag from /opt/airflow/dags/shopee_dag.py
[2026-05-28T02:49:42.460+0000] {processor.py:840} INFO - DAG(s) 'shopee_pipeline' retrieved from /opt/airflow/dags/shopee_dag.py
[2026-05-28T02:49:42.521+0000] {logging_mixin.py:188} INFO - [2026-05-28T02:49:42.520+0000] {dag.py:3096} INFO - Sync 1 DAGs
[2026-05-28T02:49:42.771+0000] {logging_mixin.py:188} INFO - [2026-05-28T02:49:42.770+0000] {dag.py:3954} INFO - Setting next_dagrun for shopee_pipeline to 2026-05-28 01:00:00+00:00, run_after=2026-05-29 01:00:00+00:00
[2026-05-28T02:49:42.813+0000] {processor.py:183} INFO - Processing /opt/airflow/dags/shopee_dag.py took 0.560 seconds
[2026-05-28T02:50:13.172+0000] {processor.py:161} INFO - Started process (PID=14170) to work on /opt/airflow/dags/shopee_dag.py
[2026-05-28T02:50:13.176+0000] {processor.py:830} INFO - Processing file /opt/airflow/dags/shopee_dag.py for tasks to queue
[2026-05-28T02:50:13.183+0000] {logging_mixin.py:188} INFO - [2026-05-28T02:50:13.182+0000] {dagbag.py:545} INFO - Filling up the DagBag from /opt/airflow/dags/shopee_dag.py
[2026-05-28T02:50:13.953+0000] {processor.py:840} INFO - DAG(s) 'shopee_pipeline' retrieved from /opt/airflow/dags/shopee_dag.py
[2026-05-28T02:50:14.039+0000] {logging_mixin.py:188} INFO - [2026-05-28T02:50:14.038+0000] {dag.py:3096} INFO - Sync 1 DAGs
[2026-05-28T02:50:14.099+0000] {logging_mixin.py:188} INFO - [2026-05-28T02:50:14.098+0000] {dag.py:3954} INFO - Setting next_dagrun for shopee_pipeline to 2026-05-28 01:00:00+00:00, run_after=2026-05-29 01:00:00+00:00
[2026-05-28T02:50:14.152+0000] {processor.py:183} INFO - Processing /opt/airflow/dags/shopee_dag.py took 1.006 seconds
[2026-05-28T02:50:44.573+0000] {processor.py:161} INFO - Started process (PID=14266) to work on /opt/airflow/dags/shopee_dag.py
[2026-05-28T02:50:44.576+0000] {processor.py:830} INFO - Processing file /opt/airflow/dags/shopee_dag.py for tasks to queue
[2026-05-28T02:50:44.580+0000] {logging_mixin.py:188} INFO - [2026-05-28T02:50:44.579+0000] {dagbag.py:545} INFO - Filling up the DagBag from /opt/airflow/dags/shopee_dag.py
[2026-05-28T02:50:44.945+0000] {processor.py:840} INFO - DAG(s) 'shopee_pipeline' retrieved from /opt/airflow/dags/shopee_dag.py
[2026-05-28T02:50:45.389+0000] {logging_mixin.py:188} INFO - [2026-05-28T02:50:45.388+0000] {dag.py:3096} INFO - Sync 1 DAGs
[2026-05-28T02:50:45.471+0000] {logging_mixin.py:188} INFO - [2026-05-28T02:50:45.469+0000] {dag.py:3954} INFO - Setting next_dagrun for shopee_pipeline to 2026-05-28 01:00:00+00:00, run_after=2026-05-29 01:00:00+00:00
[2026-05-28T02:50:45.553+0000] {processor.py:183} INFO - Processing /opt/airflow/dags/shopee_dag.py took 0.999 seconds
[2026-05-28T02:51:15.737+0000] {processor.py:161} INFO - Started process (PID=14299) to work on /opt/airflow/dags/shopee_dag.py
[2026-05-28T02:51:15.741+0000] {processor.py:830} INFO - Processing file /opt/airflow/dags/shopee_dag.py for tasks to queue
[2026-05-28T02:51:15.747+0000] {logging_mixin.py:188} INFO - [2026-05-28T02:51:15.746+0000] {dagbag.py:545} INFO - Filling up the DagBag from /opt/airflow/dags/shopee_dag.py
[2026-05-28T02:51:16.965+0000] {processor.py:840} INFO - DAG(s) 'shopee_pipeline' retrieved from /opt/airflow/dags/shopee_dag.py
[2026-05-28T02:51:17.067+0000] {logging_mixin.py:188} INFO - [2026-05-28T02:51:17.066+0000] {dag.py:3096} INFO - Sync 1 DAGs
[2026-05-28T02:51:17.141+0000] {logging_mixin.py:188} INFO - [2026-05-28T02:51:17.140+0000] {dag.py:3954} INFO - Setting next_dagrun for shopee_pipeline to 2026-05-28 01:00:00+00:00, run_after=2026-05-29 01:00:00+00:00
[2026-05-28T02:51:17.218+0000] {processor.py:183} INFO - Processing /opt/airflow/dags/shopee_dag.py took 1.506 seconds
[2026-05-28T02:51:47.492+0000] {processor.py:161} INFO - Started process (PID=14396) to work on /opt/airflow/dags/shopee_dag.py
[2026-05-28T02:51:47.496+0000] {processor.py:830} INFO - Processing file /opt/airflow/dags/shopee_dag.py for tasks to queue
[2026-05-28T02:51:47.502+0000] {logging_mixin.py:188} INFO - [2026-05-28T02:51:47.500+0000] {dagbag.py:545} INFO - Filling up the DagBag from /opt/airflow/dags/shopee_dag.py
[2026-05-28T02:51:47.920+0000] {processor.py:840} INFO - DAG(s) 'shopee_pipeline' retrieved from /opt/airflow/dags/shopee_dag.py
[2026-05-28T02:51:47.971+0000] {logging_mixin.py:188} INFO - [2026-05-28T02:51:47.970+0000] {dag.py:3096} INFO - Sync 1 DAGs
[2026-05-28T02:51:48.011+0000] {logging_mixin.py:188} INFO - [2026-05-28T02:51:48.010+0000] {dag.py:3954} INFO - Setting next_dagrun for shopee_pipeline to 2026-05-28 01:00:00+00:00, run_after=2026-05-29 01:00:00+00:00
[2026-05-28T02:51:48.055+0000] {processor.py:183} INFO - Processing /opt/airflow/dags/shopee_dag.py took 0.580 seconds
[2026-05-28T02:52:18.431+0000] {processor.py:161} INFO - Started process (PID=14408) to work on /opt/airflow/dags/shopee_dag.py
[2026-05-28T02:52:18.434+0000] {processor.py:830} INFO - Processing file /opt/airflow/dags/shopee_dag.py for tasks to queue
[2026-05-28T02:52:18.437+0000] {logging_mixin.py:188} INFO - [2026-05-28T02:52:18.437+0000] {dagbag.py:545} INFO - Filling up the DagBag from /opt/airflow/dags/shopee_dag.py
[2026-05-28T02:52:18.892+0000] {processor.py:840} INFO - DAG(s) 'shopee_pipeline' retrieved from /opt/airflow/dags/shopee_dag.py
[2026-05-28T02:52:18.954+0000] {logging_mixin.py:188} INFO - [2026-05-28T02:52:18.954+0000] {dag.py:3096} INFO - Sync 1 DAGs
[2026-05-28T02:52:18.995+0000] {logging_mixin.py:188} INFO - [2026-05-28T02:52:18.995+0000] {dag.py:3954} INFO - Setting next_dagrun for shopee_pipeline to 2026-05-28 01:00:00+00:00, run_after=2026-05-29 01:00:00+00:00
[2026-05-28T02:52:19.064+0000] {processor.py:183} INFO - Processing /opt/airflow/dags/shopee_dag.py took 0.645 seconds
[2026-05-28T02:52:49.139+0000] {processor.py:161} INFO - Started process (PID=14526) to work on /opt/airflow/dags/shopee_dag.py
[2026-05-28T02:52:49.141+0000] {processor.py:830} INFO - Processing file /opt/airflow/dags/shopee_dag.py for tasks to queue
[2026-05-28T02:52:49.147+0000] {logging_mixin.py:188} INFO - [2026-05-28T02:52:49.146+0000] {dagbag.py:545} INFO - Filling up the DagBag from /opt/airflow/dags/shopee_dag.py
[2026-05-28T02:52:49.568+0000] {processor.py:840} INFO - DAG(s) 'shopee_pipeline' retrieved from /opt/airflow/dags/shopee_dag.py
[2026-05-28T02:52:49.639+0000] {logging_mixin.py:188} INFO - [2026-05-28T02:52:49.639+0000] {dag.py:3096} INFO - Sync 1 DAGs
[2026-05-28T02:52:49.697+0000] {logging_mixin.py:188} INFO - [2026-05-28T02:52:49.696+0000] {dag.py:3954} INFO - Setting next_dagrun for shopee_pipeline to 2026-05-28 01:00:00+00:00, run_after=2026-05-29 01:00:00+00:00
[2026-05-28T02:52:49.774+0000] {processor.py:183} INFO - Processing /opt/airflow/dags/shopee_dag.py took 0.650 seconds
[2026-05-28T02:53:19.951+0000] {processor.py:161} INFO - Started process (PID=14645) to work on /opt/airflow/dags/shopee_dag.py
[2026-05-28T02:53:19.953+0000] {processor.py:830} INFO - Processing file /opt/airflow/dags/shopee_dag.py for tasks to queue
[2026-05-28T02:53:19.956+0000] {logging_mixin.py:188} INFO - [2026-05-28T02:53:19.956+0000] {dagbag.py:545} INFO - Filling up the DagBag from /opt/airflow/dags/shopee_dag.py
[2026-05-28T02:53:20.178+0000] {processor.py:840} INFO - DAG(s) 'shopee_pipeline' retrieved from /opt/airflow/dags/shopee_dag.py
[2026-05-28T02:53:20.511+0000] {logging_mixin.py:188} INFO - [2026-05-28T02:53:20.511+0000] {dag.py:3096} INFO - Sync 1 DAGs
[2026-05-28T02:53:20.558+0000] {logging_mixin.py:188} INFO - [2026-05-28T02:53:20.557+0000] {dag.py:3954} INFO - Setting next_dagrun for shopee_pipeline to 2026-05-28 01:00:00+00:00, run_after=2026-05-29 01:00:00+00:00
[2026-05-28T02:53:20.607+0000] {processor.py:183} INFO - Processing /opt/airflow/dags/shopee_dag.py took 0.670 seconds
[2026-05-28T04:20:40.629+0000] {processor.py:161} INFO - Started process (PID=14653) to work on /opt/airflow/dags/shopee_dag.py
[2026-05-28T04:20:40.645+0000] {processor.py:830} INFO - Processing file /opt/airflow/dags/shopee_dag.py for tasks to queue
[2026-05-28T04:20:40.650+0000] {logging_mixin.py:188} INFO - [2026-05-28T04:20:40.649+0000] {dagbag.py:545} INFO - Filling up the DagBag from /opt/airflow/dags/shopee_dag.py
[2026-05-28T04:20:42.693+0000] {processor.py:840} INFO - DAG(s) 'shopee_pipeline' retrieved from /opt/airflow/dags/shopee_dag.py
[2026-05-28T04:20:42.882+0000] {logging_mixin.py:188} INFO - [2026-05-28T04:20:42.881+0000] {dag.py:3096} INFO - Sync 1 DAGs
[2026-05-28T04:20:43.013+0000] {logging_mixin.py:188} INFO - [2026-05-28T04:20:43.012+0000] {dag.py:3954} INFO - Setting next_dagrun for shopee_pipeline to 2026-05-28 01:00:00+00:00, run_after=2026-05-29 01:00:00+00:00
[2026-05-28T04:20:43.247+0000] {processor.py:183} INFO - Processing /opt/airflow/dags/shopee_dag.py took 2.645 seconds
[2026-05-28T04:21:13.872+0000] {processor.py:161} INFO - Started process (PID=14784) to work on /opt/airflow/dags/shopee_dag.py
[2026-05-28T04:21:13.873+0000] {processor.py:830} INFO - Processing file /opt/airflow/dags/shopee_dag.py for tasks to queue
[2026-05-28T04:21:13.875+0000] {logging_mixin.py:188} INFO - [2026-05-28T04:21:13.875+0000] {dagbag.py:545} INFO - Filling up the DagBag from /opt/airflow/dags/shopee_dag.py
[2026-05-28T04:21:14.171+0000] {processor.py:840} INFO - DAG(s) 'shopee_pipeline' retrieved from /opt/airflow/dags/shopee_dag.py
[2026-05-28T04:21:14.238+0000] {logging_mixin.py:188} INFO - [2026-05-28T04:21:14.238+0000] {dag.py:3096} INFO - Sync 1 DAGs
[2026-05-28T04:21:14.269+0000] {logging_mixin.py:188} INFO - [2026-05-28T04:21:14.268+0000] {dag.py:3954} INFO - Setting next_dagrun for shopee_pipeline to 2026-05-28 01:00:00+00:00, run_after=2026-05-29 01:00:00+00:00
[2026-05-28T04:21:14.300+0000] {processor.py:183} INFO - Processing /opt/airflow/dags/shopee_dag.py took 0.439 seconds
[2026-05-28T04:21:44.616+0000] {processor.py:161} INFO - Started process (PID=14872) to work on /opt/airflow/dags/shopee_dag.py
[2026-05-28T04:21:44.617+0000] {processor.py:830} INFO - Processing file /opt/airflow/dags/shopee_dag.py for tasks to queue
[2026-05-28T04:21:44.619+0000] {logging_mixin.py:188} INFO - [2026-05-28T04:21:44.619+0000] {dagbag.py:545} INFO - Filling up the DagBag from /opt/airflow/dags/shopee_dag.py
[2026-05-28T04:21:44.810+0000] {processor.py:840} INFO - DAG(s) 'shopee_pipeline' retrieved from /opt/airflow/dags/shopee_dag.py
[2026-05-28T04:21:44.837+0000] {logging_mixin.py:188} INFO - [2026-05-28T04:21:44.837+0000] {dag.py:3096} INFO - Sync 1 DAGs
[2026-05-28T04:21:44.858+0000] {logging_mixin.py:188} INFO - [2026-05-28T04:21:44.858+0000] {dag.py:3954} INFO - Setting next_dagrun for shopee_pipeline to 2026-05-28 01:00:00+00:00, run_after=2026-05-29 01:00:00+00:00
[2026-05-28T04:21:44.879+0000] {processor.py:183} INFO - Processing /opt/airflow/dags/shopee_dag.py took 0.269 seconds
[2026-05-28T04:22:15.407+0000] {processor.py:161} INFO - Started process (PID=14912) to work on /opt/airflow/dags/shopee_dag.py
[2026-05-28T04:22:15.412+0000] {processor.py:830} INFO - Processing file /opt/airflow/dags/shopee_dag.py for tasks to queue
[2026-05-28T04:22:15.420+0000] {logging_mixin.py:188} INFO - [2026-05-28T04:22:15.418+0000] {dagbag.py:545} INFO - Filling up the DagBag from /opt/airflow/dags/shopee_dag.py
[2026-05-28T04:22:15.850+0000] {processor.py:840} INFO - DAG(s) 'shopee_pipeline' retrieved from /opt/airflow/dags/shopee_dag.py
[2026-05-28T04:22:15.875+0000] {logging_mixin.py:188} INFO - [2026-05-28T04:22:15.875+0000] {dag.py:3096} INFO - Sync 1 DAGs
[2026-05-28T04:22:15.892+0000] {logging_mixin.py:188} INFO - [2026-05-28T04:22:15.892+0000] {dag.py:3954} INFO - Setting next_dagrun for shopee_pipeline to 2026-05-28 01:00:00+00:00, run_after=2026-05-29 01:00:00+00:00
[2026-05-28T04:22:15.923+0000] {processor.py:183} INFO - Processing /opt/airflow/dags/shopee_dag.py took 0.547 seconds
[2026-05-28T04:22:46.284+0000] {processor.py:161} INFO - Started process (PID=15037) to work on /opt/airflow/dags/shopee_dag.py
[2026-05-28T04:22:46.289+0000] {processor.py:830} INFO - Processing file /opt/airflow/dags/shopee_dag.py for tasks to queue
[2026-05-28T04:22:46.297+0000] {logging_mixin.py:188} INFO - [2026-05-28T04:22:46.296+0000] {dagbag.py:545} INFO - Filling up the DagBag from /opt/airflow/dags/shopee_dag.py
[2026-05-28T04:22:46.970+0000] {processor.py:840} INFO - DAG(s) 'shopee_pipeline' retrieved from /opt/airflow/dags/shopee_dag.py
[2026-05-28T04:22:46.995+0000] {logging_mixin.py:188} INFO - [2026-05-28T04:22:46.995+0000] {dag.py:3096} INFO - Sync 1 DAGs
[2026-05-28T04:22:47.017+0000] {logging_mixin.py:188} INFO - [2026-05-28T04:22:47.017+0000] {dag.py:3954} INFO - Setting next_dagrun for shopee_pipeline to 2026-05-28 01:00:00+00:00, run_after=2026-05-29 01:00:00+00:00
[2026-05-28T04:22:47.036+0000] {processor.py:183} INFO - Processing /opt/airflow/dags/shopee_dag.py took 0.783 seconds
[2026-05-28T04:23:17.779+0000] {processor.py:161} INFO - Started process (PID=15161) to work on /opt/airflow/dags/shopee_dag.py
[2026-05-28T04:23:17.780+0000] {processor.py:830} INFO - Processing file /opt/airflow/dags/shopee_dag.py for tasks to queue
[2026-05-28T04:23:17.782+0000] {logging_mixin.py:188} INFO - [2026-05-28T04:23:17.782+0000] {dagbag.py:545} INFO - Filling up the DagBag from /opt/airflow/dags/shopee_dag.py
[2026-05-28T04:23:17.992+0000] {processor.py:840} INFO - DAG(s) 'shopee_pipeline' retrieved from /opt/airflow/dags/shopee_dag.py
[2026-05-28T04:23:18.017+0000] {logging_mixin.py:188} INFO - [2026-05-28T04:23:18.016+0000] {dag.py:3096} INFO - Sync 1 DAGs
[2026-05-28T04:23:18.036+0000] {logging_mixin.py:188} INFO - [2026-05-28T04:23:18.036+0000] {dag.py:3954} INFO - Setting next_dagrun for shopee_pipeline to 2026-05-28 01:00:00+00:00, run_after=2026-05-29 01:00:00+00:00
[2026-05-28T04:23:18.060+0000] {processor.py:183} INFO - Processing /opt/airflow/dags/shopee_dag.py took 0.288 seconds
[2026-05-28T04:23:48.609+0000] {processor.py:161} INFO - Started process (PID=15262) to work on /opt/airflow/dags/shopee_dag.py
[2026-05-28T04:23:48.610+0000] {processor.py:830} INFO - Processing file /opt/airflow/dags/shopee_dag.py for tasks to queue
[2026-05-28T04:23:48.611+0000] {logging_mixin.py:188} INFO - [2026-05-28T04:23:48.611+0000] {dagbag.py:545} INFO - Filling up the DagBag from /opt/airflow/dags/shopee_dag.py
[2026-05-28T04:23:48.870+0000] {processor.py:840} INFO - DAG(s) 'shopee_pipeline' retrieved from /opt/airflow/dags/shopee_dag.py
[2026-05-28T04:23:48.899+0000] {logging_mixin.py:188} INFO - [2026-05-28T04:23:48.899+0000] {dag.py:3096} INFO - Sync 1 DAGs
[2026-05-28T04:23:48.918+0000] {logging_mixin.py:188} INFO - [2026-05-28T04:23:48.918+0000] {dag.py:3954} INFO - Setting next_dagrun for shopee_pipeline to 2026-05-28 01:00:00+00:00, run_after=2026-05-29 01:00:00+00:00
[2026-05-28T04:23:48.937+0000] {processor.py:183} INFO - Processing /opt/airflow/dags/shopee_dag.py took 0.334 seconds
[2026-05-28T04:24:19.481+0000] {processor.py:161} INFO - Started process (PID=15290) to work on /opt/airflow/dags/shopee_dag.py
[2026-05-28T04:24:19.486+0000] {processor.py:830} INFO - Processing file /opt/airflow/dags/shopee_dag.py for tasks to queue
[2026-05-28T04:24:19.496+0000] {logging_mixin.py:188} INFO - [2026-05-28T04:24:19.494+0000] {dagbag.py:545} INFO - Filling up the DagBag from /opt/airflow/dags/shopee_dag.py
[2026-05-28T04:24:19.852+0000] {processor.py:840} INFO - DAG(s) 'shopee_pipeline' retrieved from /opt/airflow/dags/shopee_dag.py
[2026-05-28T04:24:19.876+0000] {logging_mixin.py:188} INFO - [2026-05-28T04:24:19.876+0000] {dag.py:3096} INFO - Sync 1 DAGs
[2026-05-28T04:24:19.893+0000] {logging_mixin.py:188} INFO - [2026-05-28T04:24:19.893+0000] {dag.py:3954} INFO - Setting next_dagrun for shopee_pipeline to 2026-05-28 01:00:00+00:00, run_after=2026-05-29 01:00:00+00:00
[2026-05-28T04:24:19.922+0000] {processor.py:183} INFO - Processing /opt/airflow/dags/shopee_dag.py took 0.477 seconds
[2026-05-28T04:24:50.110+0000] {processor.py:161} INFO - Started process (PID=15408) to work on /opt/airflow/dags/shopee_dag.py
[2026-05-28T04:24:50.114+0000] {processor.py:830} INFO - Processing file /opt/airflow/dags/shopee_dag.py for tasks to queue
[2026-05-28T04:24:50.123+0000] {logging_mixin.py:188} INFO - [2026-05-28T04:24:50.121+0000] {dagbag.py:545} INFO - Filling up the DagBag from /opt/airflow/dags/shopee_dag.py
[2026-05-28T04:24:50.504+0000] {processor.py:840} INFO - DAG(s) 'shopee_pipeline' retrieved from /opt/airflow/dags/shopee_dag.py
[2026-05-28T04:24:50.534+0000] {logging_mixin.py:188} INFO - [2026-05-28T04:24:50.534+0000] {dag.py:3096} INFO - Sync 1 DAGs
[2026-05-28T04:24:50.557+0000] {logging_mixin.py:188} INFO - [2026-05-28T04:24:50.556+0000] {dag.py:3954} INFO - Setting next_dagrun for shopee_pipeline to 2026-05-28 01:00:00+00:00, run_after=2026-05-29 01:00:00+00:00
[2026-05-28T04:24:50.593+0000] {processor.py:183} INFO - Processing /opt/airflow/dags/shopee_dag.py took 0.514 seconds
[2026-05-28T04:25:20.959+0000] {processor.py:161} INFO - Started process (PID=15534) to work on /opt/airflow/dags/shopee_dag.py
[2026-05-28T04:25:20.965+0000] {processor.py:830} INFO - Processing file /opt/airflow/dags/shopee_dag.py for tasks to queue
[2026-05-28T04:25:20.974+0000] {logging_mixin.py:188} INFO - [2026-05-28T04:25:20.972+0000] {dagbag.py:545} INFO - Filling up the DagBag from /opt/airflow/dags/shopee_dag.py
[2026-05-28T04:25:21.297+0000] {processor.py:840} INFO - DAG(s) 'shopee_pipeline' retrieved from /opt/airflow/dags/shopee_dag.py
[2026-05-28T04:25:21.328+0000] {logging_mixin.py:188} INFO - [2026-05-28T04:25:21.328+0000] {dag.py:3096} INFO - Sync 1 DAGs
[2026-05-28T04:25:21.366+0000] {logging_mixin.py:188} INFO - [2026-05-28T04:25:21.365+0000] {dag.py:3954} INFO - Setting next_dagrun for shopee_pipeline to 2026-05-28 01:00:00+00:00, run_after=2026-05-29 01:00:00+00:00
[2026-05-28T04:25:21.391+0000] {processor.py:183} INFO - Processing /opt/airflow/dags/shopee_dag.py took 0.466 seconds
[2026-05-28T04:25:52.481+0000] {processor.py:161} INFO - Started process (PID=15621) to work on /opt/airflow/dags/shopee_dag.py
[2026-05-28T04:25:52.485+0000] {processor.py:830} INFO - Processing file /opt/airflow/dags/shopee_dag.py for tasks to queue
[2026-05-28T04:25:52.493+0000] {logging_mixin.py:188} INFO - [2026-05-28T04:25:52.491+0000] {dagbag.py:545} INFO - Filling up the DagBag from /opt/airflow/dags/shopee_dag.py
[2026-05-28T04:25:52.913+0000] {processor.py:840} INFO - DAG(s) 'shopee_pipeline' retrieved from /opt/airflow/dags/shopee_dag.py
[2026-05-28T04:25:52.965+0000] {logging_mixin.py:188} INFO - [2026-05-28T04:25:52.964+0000] {dag.py:3096} INFO - Sync 1 DAGs
[2026-05-28T04:25:53.075+0000] {logging_mixin.py:188} INFO - [2026-05-28T04:25:53.074+0000] {dag.py:3954} INFO - Setting next_dagrun for shopee_pipeline to 2026-05-28 01:00:00+00:00, run_after=2026-05-29 01:00:00+00:00
[2026-05-28T04:25:53.163+0000] {processor.py:183} INFO - Processing /opt/airflow/dags/shopee_dag.py took 0.712 seconds
[2026-05-28T04:26:23.474+0000] {processor.py:161} INFO - Started process (PID=15665) to work on /opt/airflow/dags/shopee_dag.py
[2026-05-28T04:26:23.479+0000] {processor.py:830} INFO - Processing file /opt/airflow/dags/shopee_dag.py for tasks to queue
[2026-05-28T04:26:23.487+0000] {logging_mixin.py:188} INFO - [2026-05-28T04:26:23.485+0000] {dagbag.py:545} INFO - Filling up the DagBag from /opt/airflow/dags/shopee_dag.py
[2026-05-28T04:26:23.816+0000] {processor.py:840} INFO - DAG(s) 'shopee_pipeline' retrieved from /opt/airflow/dags/shopee_dag.py
[2026-05-28T04:26:23.852+0000] {logging_mixin.py:188} INFO - [2026-05-28T04:26:23.852+0000] {dag.py:3096} INFO - Sync 1 DAGs
[2026-05-28T04:26:23.903+0000] {logging_mixin.py:188} INFO - [2026-05-28T04:26:23.902+0000] {dag.py:3954} INFO - Setting next_dagrun for shopee_pipeline to 2026-05-28 01:00:00+00:00, run_after=2026-05-29 01:00:00+00:00
[2026-05-28T04:26:23.984+0000] {processor.py:183} INFO - Processing /opt/airflow/dags/shopee_dag.py took 0.544 seconds
[2026-05-28T04:26:54.243+0000] {processor.py:161} INFO - Started process (PID=15779) to work on /opt/airflow/dags/shopee_dag.py
[2026-05-28T04:26:54.245+0000] {processor.py:830} INFO - Processing file /opt/airflow/dags/shopee_dag.py for tasks to queue
[2026-05-28T04:26:54.249+0000] {logging_mixin.py:188} INFO - [2026-05-28T04:26:54.248+0000] {dagbag.py:545} INFO - Filling up the DagBag from /opt/airflow/dags/shopee_dag.py
[2026-05-28T04:26:54.398+0000] {processor.py:840} INFO - DAG(s) 'shopee_pipeline' retrieved from /opt/airflow/dags/shopee_dag.py
[2026-05-28T04:26:54.442+0000] {logging_mixin.py:188} INFO - [2026-05-28T04:26:54.441+0000] {dag.py:3096} INFO - Sync 1 DAGs
[2026-05-28T04:26:54.485+0000] {logging_mixin.py:188} INFO - [2026-05-28T04:26:54.485+0000] {dag.py:3954} INFO - Setting next_dagrun for shopee_pipeline to 2026-05-28 01:00:00+00:00, run_after=2026-05-29 01:00:00+00:00
[2026-05-28T04:26:54.522+0000] {processor.py:183} INFO - Processing /opt/airflow/dags/shopee_dag.py took 0.290 seconds
[2026-05-28T04:27:25.172+0000] {processor.py:161} INFO - Started process (PID=15799) to work on /opt/airflow/dags/shopee_dag.py
[2026-05-28T04:27:25.177+0000] {processor.py:830} INFO - Processing file /opt/airflow/dags/shopee_dag.py for tasks to queue
[2026-05-28T04:27:25.185+0000] {logging_mixin.py:188} INFO - [2026-05-28T04:27:25.184+0000] {dagbag.py:545} INFO - Filling up the DagBag from /opt/airflow/dags/shopee_dag.py
[2026-05-28T04:27:25.622+0000] {processor.py:840} INFO - DAG(s) 'shopee_pipeline' retrieved from /opt/airflow/dags/shopee_dag.py
[2026-05-28T04:27:25.651+0000] {logging_mixin.py:188} INFO - [2026-05-28T04:27:25.651+0000] {dag.py:3096} INFO - Sync 1 DAGs
[2026-05-28T04:27:25.670+0000] {logging_mixin.py:188} INFO - [2026-05-28T04:27:25.670+0000] {dag.py:3954} INFO - Setting next_dagrun for shopee_pipeline to 2026-05-28 01:00:00+00:00, run_after=2026-05-29 01:00:00+00:00
[2026-05-28T04:27:25.703+0000] {processor.py:183} INFO - Processing /opt/airflow/dags/shopee_dag.py took 0.561 seconds
[2026-05-28T04:27:56.026+0000] {processor.py:161} INFO - Started process (PID=15920) to work on /opt/airflow/dags/shopee_dag.py
[2026-05-28T04:27:56.031+0000] {processor.py:830} INFO - Processing file /opt/airflow/dags/shopee_dag.py for tasks to queue
[2026-05-28T04:27:56.040+0000] {logging_mixin.py:188} INFO - [2026-05-28T04:27:56.038+0000] {dagbag.py:545} INFO - Filling up the DagBag from /opt/airflow/dags/shopee_dag.py
[2026-05-28T04:27:56.462+0000] {processor.py:840} INFO - DAG(s) 'shopee_pipeline' retrieved from /opt/airflow/dags/shopee_dag.py
[2026-05-28T04:27:56.570+0000] {logging_mixin.py:188} INFO - [2026-05-28T04:27:56.569+0000] {dag.py:3096} INFO - Sync 1 DAGs
[2026-05-28T04:27:56.677+0000] {logging_mixin.py:188} INFO - [2026-05-28T04:27:56.676+0000] {dag.py:3954} INFO - Setting next_dagrun for shopee_pipeline to 2026-05-28 01:00:00+00:00, run_after=2026-05-29 01:00:00+00:00
[2026-05-28T04:27:56.767+0000] {processor.py:183} INFO - Processing /opt/airflow/dags/shopee_dag.py took 0.773 seconds
[2026-05-28T04:28:27.409+0000] {processor.py:161} INFO - Started process (PID=16037) to work on /opt/airflow/dags/shopee_dag.py
[2026-05-28T04:28:27.410+0000] {processor.py:830} INFO - Processing file /opt/airflow/dags/shopee_dag.py for tasks to queue
[2026-05-28T04:28:27.412+0000] {logging_mixin.py:188} INFO - [2026-05-28T04:28:27.411+0000] {dagbag.py:545} INFO - Filling up the DagBag from /opt/airflow/dags/shopee_dag.py
[2026-05-28T04:28:27.507+0000] {processor.py:840} INFO - DAG(s) 'shopee_pipeline' retrieved from /opt/airflow/dags/shopee_dag.py
[2026-05-28T04:28:27.554+0000] {logging_mixin.py:188} INFO - [2026-05-28T04:28:27.554+0000] {dag.py:3096} INFO - Sync 1 DAGs
[2026-05-28T04:28:27.597+0000] {logging_mixin.py:188} INFO - [2026-05-28T04:28:27.596+0000] {dag.py:3954} INFO - Setting next_dagrun for shopee_pipeline to 2026-05-28 01:00:00+00:00, run_after=2026-05-29 01:00:00+00:00
[2026-05-28T04:28:27.643+0000] {processor.py:183} INFO - Processing /opt/airflow/dags/shopee_dag.py took 0.240 seconds
[2026-05-28T04:28:57.877+0000] {processor.py:161} INFO - Started process (PID=16052) to work on /opt/airflow/dags/shopee_dag.py
[2026-05-28T04:28:57.881+0000] {processor.py:830} INFO - Processing file /opt/airflow/dags/shopee_dag.py for tasks to queue
[2026-05-28T04:28:57.889+0000] {logging_mixin.py:188} INFO - [2026-05-28T04:28:57.888+0000] {dagbag.py:545} INFO - Filling up the DagBag from /opt/airflow/dags/shopee_dag.py
[2026-05-28T04:28:58.210+0000] {processor.py:840} INFO - DAG(s) 'shopee_pipeline' retrieved from /opt/airflow/dags/shopee_dag.py
[2026-05-28T04:28:58.237+0000] {logging_mixin.py:188} INFO - [2026-05-28T04:28:58.237+0000] {dag.py:3096} INFO - Sync 1 DAGs
[2026-05-28T04:28:58.257+0000] {logging_mixin.py:188} INFO - [2026-05-28T04:28:58.257+0000] {dag.py:3954} INFO - Setting next_dagrun for shopee_pipeline to 2026-05-28 01:00:00+00:00, run_after=2026-05-29 01:00:00+00:00
[2026-05-28T04:28:58.290+0000] {processor.py:183} INFO - Processing /opt/airflow/dags/shopee_dag.py took 0.441 seconds
[2026-05-28T04:29:28.915+0000] {processor.py:161} INFO - Started process (PID=16156) to work on /opt/airflow/dags/shopee_dag.py
[2026-05-28T04:29:28.916+0000] {processor.py:830} INFO - Processing file /opt/airflow/dags/shopee_dag.py for tasks to queue
[2026-05-28T04:29:28.918+0000] {logging_mixin.py:188} INFO - [2026-05-28T04:29:28.918+0000] {dagbag.py:545} INFO - Filling up the DagBag from /opt/airflow/dags/shopee_dag.py
[2026-05-28T04:29:29.010+0000] {processor.py:840} INFO - DAG(s) 'shopee_pipeline' retrieved from /opt/airflow/dags/shopee_dag.py
[2026-05-28T04:29:29.051+0000] {logging_mixin.py:188} INFO - [2026-05-28T04:29:29.050+0000] {dag.py:3096} INFO - Sync 1 DAGs
[2026-05-28T04:29:29.093+0000] {logging_mixin.py:188} INFO - [2026-05-28T04:29:29.092+0000] {dag.py:3954} INFO - Setting next_dagrun for shopee_pipeline to 2026-05-28 01:00:00+00:00, run_after=2026-05-29 01:00:00+00:00
[2026-05-28T04:29:29.132+0000] {processor.py:183} INFO - Processing /opt/airflow/dags/shopee_dag.py took 0.222 seconds
[2026-05-28T04:29:59.464+0000] {processor.py:161} INFO - Started process (PID=16185) to work on /opt/airflow/dags/shopee_dag.py
[2026-05-28T04:29:59.469+0000] {processor.py:830} INFO - Processing file /opt/airflow/dags/shopee_dag.py for tasks to queue
[2026-05-28T04:29:59.477+0000] {logging_mixin.py:188} INFO - [2026-05-28T04:29:59.475+0000] {dagbag.py:545} INFO - Filling up the DagBag from /opt/airflow/dags/shopee_dag.py
[2026-05-28T04:29:59.961+0000] {processor.py:840} INFO - DAG(s) 'shopee_pipeline' retrieved from /opt/airflow/dags/shopee_dag.py
[2026-05-28T04:30:00.021+0000] {logging_mixin.py:188} INFO - [2026-05-28T04:30:00.021+0000] {dag.py:3096} INFO - Sync 1 DAGs
[2026-05-28T04:30:00.052+0000] {logging_mixin.py:188} INFO - [2026-05-28T04:30:00.052+0000] {dag.py:3954} INFO - Setting next_dagrun for shopee_pipeline to 2026-05-28 01:00:00+00:00, run_after=2026-05-29 01:00:00+00:00
[2026-05-28T04:30:00.073+0000] {processor.py:183} INFO - Processing /opt/airflow/dags/shopee_dag.py took 0.640 seconds
[2026-05-28T04:30:30.562+0000] {processor.py:161} INFO - Started process (PID=16309) to work on /opt/airflow/dags/shopee_dag.py
[2026-05-28T04:30:30.568+0000] {processor.py:830} INFO - Processing file /opt/airflow/dags/shopee_dag.py for tasks to queue
[2026-05-28T04:30:30.576+0000] {logging_mixin.py:188} INFO - [2026-05-28T04:30:30.575+0000] {dagbag.py:545} INFO - Filling up the DagBag from /opt/airflow/dags/shopee_dag.py
[2026-05-28T04:30:30.764+0000] {processor.py:840} INFO - DAG(s) 'shopee_pipeline' retrieved from /opt/airflow/dags/shopee_dag.py
[2026-05-28T04:30:30.798+0000] {logging_mixin.py:188} INFO - [2026-05-28T04:30:30.797+0000] {dag.py:3096} INFO - Sync 1 DAGs
[2026-05-28T04:30:30.827+0000] {logging_mixin.py:188} INFO - [2026-05-28T04:30:30.827+0000] {dag.py:3954} INFO - Setting next_dagrun for shopee_pipeline to 2026-05-28 01:00:00+00:00, run_after=2026-05-29 01:00:00+00:00
[2026-05-28T04:30:30.865+0000] {processor.py:183} INFO - Processing /opt/airflow/dags/shopee_dag.py took 0.341 seconds
[2026-05-28T04:31:01.067+0000] {processor.py:161} INFO - Started process (PID=16434) to work on /opt/airflow/dags/shopee_dag.py
[2026-05-28T04:31:01.071+0000] {processor.py:830} INFO - Processing file /opt/airflow/dags/shopee_dag.py for tasks to queue
[2026-05-28T04:31:01.081+0000] {logging_mixin.py:188} INFO - [2026-05-28T04:31:01.079+0000] {dagbag.py:545} INFO - Filling up the DagBag from /opt/airflow/dags/shopee_dag.py
[2026-05-28T04:31:01.214+0000] {processor.py:840} INFO - DAG(s) 'shopee_pipeline' retrieved from /opt/airflow/dags/shopee_dag.py
[2026-05-28T04:31:01.244+0000] {logging_mixin.py:188} INFO - [2026-05-28T04:31:01.244+0000] {dag.py:3096} INFO - Sync 1 DAGs
[2026-05-28T04:31:01.268+0000] {logging_mixin.py:188} INFO - [2026-05-28T04:31:01.268+0000] {dag.py:3954} INFO - Setting next_dagrun for shopee_pipeline to 2026-05-28 01:00:00+00:00, run_after=2026-05-29 01:00:00+00:00
[2026-05-28T04:31:01.300+0000] {processor.py:183} INFO - Processing /opt/airflow/dags/shopee_dag.py took 0.263 seconds
[2026-05-28T04:31:32.025+0000] {processor.py:161} INFO - Started process (PID=16520) to work on /opt/airflow/dags/shopee_dag.py
[2026-05-28T04:31:32.030+0000] {processor.py:830} INFO - Processing file /opt/airflow/dags/shopee_dag.py for tasks to queue
[2026-05-28T04:31:32.039+0000] {logging_mixin.py:188} INFO - [2026-05-28T04:31:32.038+0000] {dagbag.py:545} INFO - Filling up the DagBag from /opt/airflow/dags/shopee_dag.py
[2026-05-28T04:31:32.303+0000] {processor.py:840} INFO - DAG(s) 'shopee_pipeline' retrieved from /opt/airflow/dags/shopee_dag.py
[2026-05-28T04:31:32.338+0000] {logging_mixin.py:188} INFO - [2026-05-28T04:31:32.338+0000] {dag.py:3096} INFO - Sync 1 DAGs
[2026-05-28T04:31:32.363+0000] {logging_mixin.py:188} INFO - [2026-05-28T04:31:32.363+0000] {dag.py:3954} INFO - Setting next_dagrun for shopee_pipeline to 2026-05-28 01:00:00+00:00, run_after=2026-05-29 01:00:00+00:00
[2026-05-28T04:31:32.385+0000] {processor.py:183} INFO - Processing /opt/airflow/dags/shopee_dag.py took 0.391 seconds
[2026-05-28T04:32:02.982+0000] {processor.py:161} INFO - Started process (PID=16563) to work on /opt/airflow/dags/shopee_dag.py
[2026-05-28T04:32:02.982+0000] {processor.py:830} INFO - Processing file /opt/airflow/dags/shopee_dag.py for tasks to queue
[2026-05-28T04:32:02.984+0000] {logging_mixin.py:188} INFO - [2026-05-28T04:32:02.984+0000] {dagbag.py:545} INFO - Filling up the DagBag from /opt/airflow/dags/shopee_dag.py
[2026-05-28T04:32:03.079+0000] {processor.py:840} INFO - DAG(s) 'shopee_pipeline' retrieved from /opt/airflow/dags/shopee_dag.py
[2026-05-28T04:32:03.107+0000] {logging_mixin.py:188} INFO - [2026-05-28T04:32:03.106+0000] {dag.py:3096} INFO - Sync 1 DAGs
[2026-05-28T04:32:03.128+0000] {logging_mixin.py:188} INFO - [2026-05-28T04:32:03.128+0000] {dag.py:3954} INFO - Setting next_dagrun for shopee_pipeline to 2026-05-28 01:00:00+00:00, run_after=2026-05-29 01:00:00+00:00
[2026-05-28T04:32:03.161+0000] {processor.py:183} INFO - Processing /opt/airflow/dags/shopee_dag.py took 0.185 seconds
[2026-05-28T04:32:33.462+0000] {processor.py:161} INFO - Started process (PID=16683) to work on /opt/airflow/dags/shopee_dag.py
[2026-05-28T04:32:33.467+0000] {processor.py:830} INFO - Processing file /opt/airflow/dags/shopee_dag.py for tasks to queue
[2026-05-28T04:32:33.475+0000] {logging_mixin.py:188} INFO - [2026-05-28T04:32:33.474+0000] {dagbag.py:545} INFO - Filling up the DagBag from /opt/airflow/dags/shopee_dag.py
[2026-05-28T04:32:33.738+0000] {processor.py:840} INFO - DAG(s) 'shopee_pipeline' retrieved from /opt/airflow/dags/shopee_dag.py
[2026-05-28T04:32:33.769+0000] {logging_mixin.py:188} INFO - [2026-05-28T04:32:33.769+0000] {dag.py:3096} INFO - Sync 1 DAGs
[2026-05-28T04:32:33.800+0000] {logging_mixin.py:188} INFO - [2026-05-28T04:32:33.799+0000] {dag.py:3954} INFO - Setting next_dagrun for shopee_pipeline to 2026-05-28 01:00:00+00:00, run_after=2026-05-29 01:00:00+00:00
[2026-05-28T04:32:33.822+0000] {processor.py:183} INFO - Processing /opt/airflow/dags/shopee_dag.py took 0.394 seconds
[2026-05-28T04:33:04.415+0000] {processor.py:161} INFO - Started process (PID=16807) to work on /opt/airflow/dags/shopee_dag.py
[2026-05-28T04:33:04.421+0000] {processor.py:830} INFO - Processing file /opt/airflow/dags/shopee_dag.py for tasks to queue
[2026-05-28T04:33:04.432+0000] {logging_mixin.py:188} INFO - [2026-05-28T04:33:04.430+0000] {dagbag.py:545} INFO - Filling up the DagBag from /opt/airflow/dags/shopee_dag.py
[2026-05-28T04:33:04.659+0000] {processor.py:840} INFO - DAG(s) 'shopee_pipeline' retrieved from /opt/airflow/dags/shopee_dag.py
[2026-05-28T04:33:04.687+0000] {logging_mixin.py:188} INFO - [2026-05-28T04:33:04.687+0000] {dag.py:3096} INFO - Sync 1 DAGs
[2026-05-28T04:33:04.708+0000] {logging_mixin.py:188} INFO - [2026-05-28T04:33:04.708+0000] {dag.py:3954} INFO - Setting next_dagrun for shopee_pipeline to 2026-05-28 01:00:00+00:00, run_after=2026-05-29 01:00:00+00:00
[2026-05-28T04:33:04.751+0000] {processor.py:183} INFO - Processing /opt/airflow/dags/shopee_dag.py took 0.387 seconds
[2026-05-28T04:33:35.417+0000] {processor.py:161} INFO - Started process (PID=16902) to work on /opt/airflow/dags/shopee_dag.py
[2026-05-28T04:33:35.419+0000] {processor.py:830} INFO - Processing file /opt/airflow/dags/shopee_dag.py for tasks to queue
[2026-05-28T04:33:35.422+0000] {logging_mixin.py:188} INFO - [2026-05-28T04:33:35.422+0000] {dagbag.py:545} INFO - Filling up the DagBag from /opt/airflow/dags/shopee_dag.py
[2026-05-28T04:33:35.522+0000] {processor.py:840} INFO - DAG(s) 'shopee_pipeline' retrieved from /opt/airflow/dags/shopee_dag.py
[2026-05-28T04:33:35.549+0000] {logging_mixin.py:188} INFO - [2026-05-28T04:33:35.549+0000] {dag.py:3096} INFO - Sync 1 DAGs
[2026-05-28T04:33:35.571+0000] {logging_mixin.py:188} INFO - [2026-05-28T04:33:35.571+0000] {dag.py:3954} INFO - Setting next_dagrun for shopee_pipeline to 2026-05-28 01:00:00+00:00, run_after=2026-05-29 01:00:00+00:00
[2026-05-28T04:33:35.607+0000] {processor.py:183} INFO - Processing /opt/airflow/dags/shopee_dag.py took 0.202 seconds
[2026-05-28T04:34:05.796+0000] {processor.py:161} INFO - Started process (PID=16943) to work on /opt/airflow/dags/shopee_dag.py
[2026-05-28T04:34:05.801+0000] {processor.py:830} INFO - Processing file /opt/airflow/dags/shopee_dag.py for tasks to queue
[2026-05-28T04:34:05.809+0000] {logging_mixin.py:188} INFO - [2026-05-28T04:34:05.808+0000] {dagbag.py:545} INFO - Filling up the DagBag from /opt/airflow/dags/shopee_dag.py
[2026-05-28T04:34:06.179+0000] {processor.py:840} INFO - DAG(s) 'shopee_pipeline' retrieved from /opt/airflow/dags/shopee_dag.py
[2026-05-28T04:34:06.213+0000] {logging_mixin.py:188} INFO - [2026-05-28T04:34:06.213+0000] {dag.py:3096} INFO - Sync 1 DAGs
[2026-05-28T04:34:06.234+0000] {logging_mixin.py:188} INFO - [2026-05-28T04:34:06.234+0000] {dag.py:3954} INFO - Setting next_dagrun for shopee_pipeline to 2026-05-28 01:00:00+00:00, run_after=2026-05-29 01:00:00+00:00
[2026-05-28T04:34:06.255+0000] {processor.py:183} INFO - Processing /opt/airflow/dags/shopee_dag.py took 0.488 seconds
[2026-05-28T04:34:36.972+0000] {processor.py:161} INFO - Started process (PID=17028) to work on /opt/airflow/dags/shopee_dag.py
[2026-05-28T04:34:36.973+0000] {processor.py:830} INFO - Processing file /opt/airflow/dags/shopee_dag.py for tasks to queue
[2026-05-28T04:34:36.975+0000] {logging_mixin.py:188} INFO - [2026-05-28T04:34:36.975+0000] {dagbag.py:545} INFO - Filling up the DagBag from /opt/airflow/dags/shopee_dag.py
[2026-05-28T04:34:37.083+0000] {processor.py:840} INFO - DAG(s) 'shopee_pipeline' retrieved from /opt/airflow/dags/shopee_dag.py
[2026-05-28T04:34:37.113+0000] {logging_mixin.py:188} INFO - [2026-05-28T04:34:37.113+0000] {dag.py:3096} INFO - Sync 1 DAGs
[2026-05-28T04:34:37.138+0000] {logging_mixin.py:188} INFO - [2026-05-28T04:34:37.138+0000] {dag.py:3954} INFO - Setting next_dagrun for shopee_pipeline to 2026-05-28 01:00:00+00:00, run_after=2026-05-29 01:00:00+00:00
[2026-05-28T04:34:37.171+0000] {processor.py:183} INFO - Processing /opt/airflow/dags/shopee_dag.py took 0.205 seconds
[2026-05-28T04:35:07.531+0000] {processor.py:161} INFO - Started process (PID=17084) to work on /opt/airflow/dags/shopee_dag.py
[2026-05-28T04:35:07.537+0000] {processor.py:830} INFO - Processing file /opt/airflow/dags/shopee_dag.py for tasks to queue
[2026-05-28T04:35:07.545+0000] {logging_mixin.py:188} INFO - [2026-05-28T04:35:07.543+0000] {dagbag.py:545} INFO - Filling up the DagBag from /opt/airflow/dags/shopee_dag.py
[2026-05-28T04:35:07.855+0000] {processor.py:840} INFO - DAG(s) 'shopee_pipeline' retrieved from /opt/airflow/dags/shopee_dag.py
[2026-05-28T04:35:07.885+0000] {logging_mixin.py:188} INFO - [2026-05-28T04:35:07.884+0000] {dag.py:3096} INFO - Sync 1 DAGs
[2026-05-28T04:35:07.906+0000] {logging_mixin.py:188} INFO - [2026-05-28T04:35:07.905+0000] {dag.py:3954} INFO - Setting next_dagrun for shopee_pipeline to 2026-05-28 01:00:00+00:00, run_after=2026-05-29 01:00:00+00:00
[2026-05-28T04:35:07.936+0000] {processor.py:183} INFO - Processing /opt/airflow/dags/shopee_dag.py took 0.445 seconds
[2026-05-28T04:35:38.594+0000] {processor.py:161} INFO - Started process (PID=17198) to work on /opt/airflow/dags/shopee_dag.py
[2026-05-28T04:35:38.596+0000] {processor.py:830} INFO - Processing file /opt/airflow/dags/shopee_dag.py for tasks to queue
[2026-05-28T04:35:38.598+0000] {logging_mixin.py:188} INFO - [2026-05-28T04:35:38.598+0000] {dagbag.py:545} INFO - Filling up the DagBag from /opt/airflow/dags/shopee_dag.py
[2026-05-28T04:35:38.711+0000] {processor.py:840} INFO - DAG(s) 'shopee_pipeline' retrieved from /opt/airflow/dags/shopee_dag.py
[2026-05-28T04:35:38.747+0000] {logging_mixin.py:188} INFO - [2026-05-28T04:35:38.746+0000] {dag.py:3096} INFO - Sync 1 DAGs
[2026-05-28T04:35:38.776+0000] {logging_mixin.py:188} INFO - [2026-05-28T04:35:38.776+0000] {dag.py:3954} INFO - Setting next_dagrun for shopee_pipeline to 2026-05-28 01:00:00+00:00, run_after=2026-05-29 01:00:00+00:00
[2026-05-28T04:35:38.808+0000] {processor.py:183} INFO - Processing /opt/airflow/dags/shopee_dag.py took 0.221 seconds
[2026-05-28T04:36:09.502+0000] {processor.py:161} INFO - Started process (PID=17217) to work on /opt/airflow/dags/shopee_dag.py
[2026-05-28T04:36:09.504+0000] {processor.py:830} INFO - Processing file /opt/airflow/dags/shopee_dag.py for tasks to queue
[2026-05-28T04:36:09.506+0000] {logging_mixin.py:188} INFO - [2026-05-28T04:36:09.505+0000] {dagbag.py:545} INFO - Filling up the DagBag from /opt/airflow/dags/shopee_dag.py
[2026-05-28T04:36:09.619+0000] {processor.py:840} INFO - DAG(s) 'shopee_pipeline' retrieved from /opt/airflow/dags/shopee_dag.py
[2026-05-28T04:36:09.662+0000] {logging_mixin.py:188} INFO - [2026-05-28T04:36:09.661+0000] {dag.py:3096} INFO - Sync 1 DAGs
[2026-05-28T04:36:09.690+0000] {logging_mixin.py:188} INFO - [2026-05-28T04:36:09.690+0000] {dag.py:3954} INFO - Setting next_dagrun for shopee_pipeline to 2026-05-28 01:00:00+00:00, run_after=2026-05-29 01:00:00+00:00
[2026-05-28T04:36:09.716+0000] {processor.py:183} INFO - Processing /opt/airflow/dags/shopee_dag.py took 0.223 seconds
[2026-05-28T04:36:40.368+0000] {processor.py:161} INFO - Started process (PID=17344) to work on /opt/airflow/dags/shopee_dag.py
[2026-05-28T04:36:40.373+0000] {processor.py:830} INFO - Processing file /opt/airflow/dags/shopee_dag.py for tasks to queue
[2026-05-28T04:36:40.381+0000] {logging_mixin.py:188} INFO - [2026-05-28T04:36:40.380+0000] {dagbag.py:545} INFO - Filling up the DagBag from /opt/airflow/dags/shopee_dag.py
[2026-05-28T04:36:40.495+0000] {processor.py:840} INFO - DAG(s) 'shopee_pipeline' retrieved from /opt/airflow/dags/shopee_dag.py
[2026-05-28T04:36:40.533+0000] {logging_mixin.py:188} INFO - [2026-05-28T04:36:40.533+0000] {dag.py:3096} INFO - Sync 1 DAGs
[2026-05-28T04:36:40.563+0000] {logging_mixin.py:188} INFO - [2026-05-28T04:36:40.563+0000] {dag.py:3954} INFO - Setting next_dagrun for shopee_pipeline to 2026-05-28 01:00:00+00:00, run_after=2026-05-29 01:00:00+00:00
[2026-05-28T04:36:40.606+0000] {processor.py:183} INFO - Processing /opt/airflow/dags/shopee_dag.py took 0.271 seconds
[2026-05-28T04:37:10.891+0000] {processor.py:161} INFO - Started process (PID=17357) to work on /opt/airflow/dags/shopee_dag.py
[2026-05-28T04:37:10.892+0000] {processor.py:830} INFO - Processing file /opt/airflow/dags/shopee_dag.py for tasks to queue
[2026-05-28T04:37:10.895+0000] {logging_mixin.py:188} INFO - [2026-05-28T04:37:10.894+0000] {dagbag.py:545} INFO - Filling up the DagBag from /opt/airflow/dags/shopee_dag.py
[2026-05-28T04:37:10.988+0000] {processor.py:840} INFO - DAG(s) 'shopee_pipeline' retrieved from /opt/airflow/dags/shopee_dag.py
[2026-05-28T04:37:11.015+0000] {logging_mixin.py:188} INFO - [2026-05-28T04:37:11.015+0000] {dag.py:3096} INFO - Sync 1 DAGs
[2026-05-28T04:37:11.036+0000] {logging_mixin.py:188} INFO - [2026-05-28T04:37:11.036+0000] {dag.py:3954} INFO - Setting next_dagrun for shopee_pipeline to 2026-05-28 01:00:00+00:00, run_after=2026-05-29 01:00:00+00:00
[2026-05-28T04:37:11.058+0000] {processor.py:183} INFO - Processing /opt/airflow/dags/shopee_dag.py took 0.174 seconds
[2026-05-28T04:37:41.708+0000] {processor.py:161} INFO - Started process (PID=17476) to work on /opt/airflow/dags/shopee_dag.py
[2026-05-28T04:37:41.712+0000] {processor.py:830} INFO - Processing file /opt/airflow/dags/shopee_dag.py for tasks to queue
[2026-05-28T04:37:41.721+0000] {logging_mixin.py:188} INFO - [2026-05-28T04:37:41.719+0000] {dagbag.py:545} INFO - Filling up the DagBag from /opt/airflow/dags/shopee_dag.py
[2026-05-28T04:37:41.983+0000] {processor.py:840} INFO - DAG(s) 'shopee_pipeline' retrieved from /opt/airflow/dags/shopee_dag.py
[2026-05-28T04:37:42.011+0000] {logging_mixin.py:188} INFO - [2026-05-28T04:37:42.011+0000] {dag.py:3096} INFO - Sync 1 DAGs
[2026-05-28T04:37:42.038+0000] {logging_mixin.py:188} INFO - [2026-05-28T04:37:42.037+0000] {dag.py:3954} INFO - Setting next_dagrun for shopee_pipeline to 2026-05-28 01:00:00+00:00, run_after=2026-05-29 01:00:00+00:00
[2026-05-28T04:37:42.071+0000] {processor.py:183} INFO - Processing /opt/airflow/dags/shopee_dag.py took 0.395 seconds
[2026-05-28T04:38:12.778+0000] {processor.py:161} INFO - Started process (PID=17604) to work on /opt/airflow/dags/shopee_dag.py
[2026-05-28T04:38:12.783+0000] {processor.py:830} INFO - Processing file /opt/airflow/dags/shopee_dag.py for tasks to queue
[2026-05-28T04:38:12.791+0000] {logging_mixin.py:188} INFO - [2026-05-28T04:38:12.790+0000] {dagbag.py:545} INFO - Filling up the DagBag from /opt/airflow/dags/shopee_dag.py
[2026-05-28T04:38:13.094+0000] {processor.py:840} INFO - DAG(s) 'shopee_pipeline' retrieved from /opt/airflow/dags/shopee_dag.py
[2026-05-28T04:38:13.128+0000] {logging_mixin.py:188} INFO - [2026-05-28T04:38:13.128+0000] {dag.py:3096} INFO - Sync 1 DAGs
[2026-05-28T04:38:13.150+0000] {logging_mixin.py:188} INFO - [2026-05-28T04:38:13.150+0000] {dag.py:3954} INFO - Setting next_dagrun for shopee_pipeline to 2026-05-28 01:00:00+00:00, run_after=2026-05-29 01:00:00+00:00
[2026-05-28T04:38:13.174+0000] {processor.py:183} INFO - Processing /opt/airflow/dags/shopee_dag.py took 0.431 seconds
[2026-05-28T04:38:43.630+0000] {processor.py:161} INFO - Started process (PID=17730) to work on /opt/airflow/dags/shopee_dag.py
[2026-05-28T04:38:43.631+0000] {processor.py:830} INFO - Processing file /opt/airflow/dags/shopee_dag.py for tasks to queue
[2026-05-28T04:38:43.633+0000] {logging_mixin.py:188} INFO - [2026-05-28T04:38:43.632+0000] {dagbag.py:545} INFO - Filling up the DagBag from /opt/airflow/dags/shopee_dag.py
[2026-05-28T04:38:43.720+0000] {processor.py:840} INFO - DAG(s) 'shopee_pipeline' retrieved from /opt/airflow/dags/shopee_dag.py
[2026-05-28T04:38:43.749+0000] {logging_mixin.py:188} INFO - [2026-05-28T04:38:43.749+0000] {dag.py:3096} INFO - Sync 1 DAGs
[2026-05-28T04:38:43.775+0000] {logging_mixin.py:188} INFO - [2026-05-28T04:38:43.774+0000] {dag.py:3954} INFO - Setting next_dagrun for shopee_pipeline to 2026-05-28 01:00:00+00:00, run_after=2026-05-29 01:00:00+00:00
[2026-05-28T04:38:43.809+0000] {processor.py:183} INFO - Processing /opt/airflow/dags/shopee_dag.py took 0.185 seconds
[2026-05-28T04:39:14.567+0000] {processor.py:161} INFO - Started process (PID=17743) to work on /opt/airflow/dags/shopee_dag.py
[2026-05-28T04:39:14.571+0000] {processor.py:830} INFO - Processing file /opt/airflow/dags/shopee_dag.py for tasks to queue
[2026-05-28T04:39:14.579+0000] {logging_mixin.py:188} INFO - [2026-05-28T04:39:14.578+0000] {dagbag.py:545} INFO - Filling up the DagBag from /opt/airflow/dags/shopee_dag.py
[2026-05-28T04:39:14.908+0000] {processor.py:840} INFO - DAG(s) 'shopee_pipeline' retrieved from /opt/airflow/dags/shopee_dag.py
[2026-05-28T04:39:14.941+0000] {logging_mixin.py:188} INFO - [2026-05-28T04:39:14.941+0000] {dag.py:3096} INFO - Sync 1 DAGs
[2026-05-28T04:39:14.974+0000] {logging_mixin.py:188} INFO - [2026-05-28T04:39:14.974+0000] {dag.py:3954} INFO - Setting next_dagrun for shopee_pipeline to 2026-05-28 01:00:00+00:00, run_after=2026-05-29 01:00:00+00:00
[2026-05-28T04:39:15.013+0000] {processor.py:183} INFO - Processing /opt/airflow/dags/shopee_dag.py took 0.480 seconds
[2026-05-28T04:39:45.702+0000] {processor.py:161} INFO - Started process (PID=17869) to work on /opt/airflow/dags/shopee_dag.py
[2026-05-28T04:39:45.707+0000] {processor.py:830} INFO - Processing file /opt/airflow/dags/shopee_dag.py for tasks to queue
[2026-05-28T04:39:45.715+0000] {logging_mixin.py:188} INFO - [2026-05-28T04:39:45.714+0000] {dagbag.py:545} INFO - Filling up the DagBag from /opt/airflow/dags/shopee_dag.py
[2026-05-28T04:39:46.032+0000] {processor.py:840} INFO - DAG(s) 'shopee_pipeline' retrieved from /opt/airflow/dags/shopee_dag.py
[2026-05-28T04:39:46.066+0000] {logging_mixin.py:188} INFO - [2026-05-28T04:39:46.065+0000] {dag.py:3096} INFO - Sync 1 DAGs
[2026-05-28T04:39:46.087+0000] {logging_mixin.py:188} INFO - [2026-05-28T04:39:46.086+0000] {dag.py:3954} INFO - Setting next_dagrun for shopee_pipeline to 2026-05-28 01:00:00+00:00, run_after=2026-05-29 01:00:00+00:00
[2026-05-28T04:39:46.120+0000] {processor.py:183} INFO - Processing /opt/airflow/dags/shopee_dag.py took 0.448 seconds
[2026-05-28T04:40:16.785+0000] {processor.py:161} INFO - Started process (PID=17990) to work on /opt/airflow/dags/shopee_dag.py
[2026-05-28T04:40:16.790+0000] {processor.py:830} INFO - Processing file /opt/airflow/dags/shopee_dag.py for tasks to queue
[2026-05-28T04:40:16.799+0000] {logging_mixin.py:188} INFO - [2026-05-28T04:40:16.798+0000] {dagbag.py:545} INFO - Filling up the DagBag from /opt/airflow/dags/shopee_dag.py
[2026-05-28T04:40:17.094+0000] {processor.py:840} INFO - DAG(s) 'shopee_pipeline' retrieved from /opt/airflow/dags/shopee_dag.py
[2026-05-28T04:40:17.126+0000] {logging_mixin.py:188} INFO - [2026-05-28T04:40:17.125+0000] {dag.py:3096} INFO - Sync 1 DAGs
[2026-05-28T04:40:17.152+0000] {logging_mixin.py:188} INFO - [2026-05-28T04:40:17.152+0000] {dag.py:3954} INFO - Setting next_dagrun for shopee_pipeline to 2026-05-28 01:00:00+00:00, run_after=2026-05-29 01:00:00+00:00
[2026-05-28T04:40:17.175+0000] {processor.py:183} INFO - Processing /opt/airflow/dags/shopee_dag.py took 0.433 seconds
[2026-05-28T04:40:47.616+0000] {processor.py:161} INFO - Started process (PID=18112) to work on /opt/airflow/dags/shopee_dag.py
[2026-05-28T04:40:47.622+0000] {processor.py:830} INFO - Processing file /opt/airflow/dags/shopee_dag.py for tasks to queue
[2026-05-28T04:40:47.631+0000] {logging_mixin.py:188} INFO - [2026-05-28T04:40:47.629+0000] {dagbag.py:545} INFO - Filling up the DagBag from /opt/airflow/dags/shopee_dag.py
[2026-05-28T04:40:47.960+0000] {processor.py:840} INFO - DAG(s) 'shopee_pipeline' retrieved from /opt/airflow/dags/shopee_dag.py
[2026-05-28T04:40:47.988+0000] {logging_mixin.py:188} INFO - [2026-05-28T04:40:47.988+0000] {dag.py:3096} INFO - Sync 1 DAGs
[2026-05-28T04:40:48.011+0000] {logging_mixin.py:188} INFO - [2026-05-28T04:40:48.010+0000] {dag.py:3954} INFO - Setting next_dagrun for shopee_pipeline to 2026-05-28 01:00:00+00:00, run_after=2026-05-29 01:00:00+00:00
[2026-05-28T04:40:48.042+0000] {processor.py:183} INFO - Processing /opt/airflow/dags/shopee_dag.py took 0.456 seconds
[2026-05-28T04:41:18.722+0000] {processor.py:161} INFO - Started process (PID=18216) to work on /opt/airflow/dags/shopee_dag.py
[2026-05-28T04:41:18.724+0000] {processor.py:830} INFO - Processing file /opt/airflow/dags/shopee_dag.py for tasks to queue
[2026-05-28T04:41:18.726+0000] {logging_mixin.py:188} INFO - [2026-05-28T04:41:18.726+0000] {dagbag.py:545} INFO - Filling up the DagBag from /opt/airflow/dags/shopee_dag.py
[2026-05-28T04:41:18.822+0000] {processor.py:840} INFO - DAG(s) 'shopee_pipeline' retrieved from /opt/airflow/dags/shopee_dag.py
[2026-05-28T04:41:18.860+0000] {logging_mixin.py:188} INFO - [2026-05-28T04:41:18.860+0000] {dag.py:3096} INFO - Sync 1 DAGs
[2026-05-28T04:41:18.891+0000] {logging_mixin.py:188} INFO - [2026-05-28T04:41:18.890+0000] {dag.py:3954} INFO - Setting next_dagrun for shopee_pipeline to 2026-05-28 01:00:00+00:00, run_after=2026-05-29 01:00:00+00:00
[2026-05-28T04:41:18.935+0000] {processor.py:183} INFO - Processing /opt/airflow/dags/shopee_dag.py took 0.222 seconds
[2026-05-28T04:41:49.225+0000] {processor.py:161} INFO - Started process (PID=18250) to work on /opt/airflow/dags/shopee_dag.py
[2026-05-28T04:41:49.231+0000] {processor.py:830} INFO - Processing file /opt/airflow/dags/shopee_dag.py for tasks to queue
[2026-05-28T04:41:49.242+0000] {logging_mixin.py:188} INFO - [2026-05-28T04:41:49.240+0000] {dagbag.py:545} INFO - Filling up the DagBag from /opt/airflow/dags/shopee_dag.py
[2026-05-28T04:41:49.638+0000] {processor.py:840} INFO - DAG(s) 'shopee_pipeline' retrieved from /opt/airflow/dags/shopee_dag.py
[2026-05-28T04:41:49.726+0000] {logging_mixin.py:188} INFO - [2026-05-28T04:41:49.725+0000] {dag.py:3096} INFO - Sync 1 DAGs
[2026-05-28T04:41:49.797+0000] {logging_mixin.py:188} INFO - [2026-05-28T04:41:49.797+0000] {dag.py:3954} INFO - Setting next_dagrun for shopee_pipeline to 2026-05-28 01:00:00+00:00, run_after=2026-05-29 01:00:00+00:00
[2026-05-28T04:41:49.877+0000] {processor.py:183} INFO - Processing /opt/airflow/dags/shopee_dag.py took 0.686 seconds
[2026-05-28T04:42:20.556+0000] {processor.py:161} INFO - Started process (PID=18357) to work on /opt/airflow/dags/shopee_dag.py
[2026-05-28T04:42:20.559+0000] {processor.py:830} INFO - Processing file /opt/airflow/dags/shopee_dag.py for tasks to queue
[2026-05-28T04:42:20.564+0000] {logging_mixin.py:188} INFO - [2026-05-28T04:42:20.563+0000] {dagbag.py:545} INFO - Filling up the DagBag from /opt/airflow/dags/shopee_dag.py
[2026-05-28T04:42:20.837+0000] {processor.py:840} INFO - DAG(s) 'shopee_pipeline' retrieved from /opt/airflow/dags/shopee_dag.py
[2026-05-28T04:42:20.888+0000] {logging_mixin.py:188} INFO - [2026-05-28T04:42:20.887+0000] {dag.py:3096} INFO - Sync 1 DAGs
[2026-05-28T04:42:20.950+0000] {logging_mixin.py:188} INFO - [2026-05-28T04:42:20.949+0000] {dag.py:3954} INFO - Setting next_dagrun for shopee_pipeline to 2026-05-28 01:00:00+00:00, run_after=2026-05-29 01:00:00+00:00
[2026-05-28T04:42:21.014+0000] {processor.py:183} INFO - Processing /opt/airflow/dags/shopee_dag.py took 0.475 seconds
[2026-05-28T04:42:51.744+0000] {processor.py:161} INFO - Started process (PID=18382) to work on /opt/airflow/dags/shopee_dag.py
[2026-05-28T04:42:51.749+0000] {processor.py:830} INFO - Processing file /opt/airflow/dags/shopee_dag.py for tasks to queue
[2026-05-28T04:42:51.757+0000] {logging_mixin.py:188} INFO - [2026-05-28T04:42:51.755+0000] {dagbag.py:545} INFO - Filling up the DagBag from /opt/airflow/dags/shopee_dag.py
[2026-05-28T04:42:52.116+0000] {processor.py:840} INFO - DAG(s) 'shopee_pipeline' retrieved from /opt/airflow/dags/shopee_dag.py
[2026-05-28T04:42:52.194+0000] {logging_mixin.py:188} INFO - [2026-05-28T04:42:52.194+0000] {dag.py:3096} INFO - Sync 1 DAGs
[2026-05-28T04:42:52.241+0000] {logging_mixin.py:188} INFO - [2026-05-28T04:42:52.241+0000] {dag.py:3954} INFO - Setting next_dagrun for shopee_pipeline to 2026-05-28 01:00:00+00:00, run_after=2026-05-29 01:00:00+00:00
[2026-05-28T04:42:52.290+0000] {processor.py:183} INFO - Processing /opt/airflow/dags/shopee_dag.py took 0.580 seconds
[2026-05-28T04:43:22.943+0000] {processor.py:161} INFO - Started process (PID=18506) to work on /opt/airflow/dags/shopee_dag.py
[2026-05-28T04:43:22.948+0000] {processor.py:830} INFO - Processing file /opt/airflow/dags/shopee_dag.py for tasks to queue
[2026-05-28T04:43:22.956+0000] {logging_mixin.py:188} INFO - [2026-05-28T04:43:22.954+0000] {dagbag.py:545} INFO - Filling up the DagBag from /opt/airflow/dags/shopee_dag.py
[2026-05-28T04:43:23.218+0000] {processor.py:840} INFO - DAG(s) 'shopee_pipeline' retrieved from /opt/airflow/dags/shopee_dag.py
[2026-05-28T04:43:23.294+0000] {logging_mixin.py:188} INFO - [2026-05-28T04:43:23.293+0000] {dag.py:3096} INFO - Sync 1 DAGs
[2026-05-28T04:43:23.346+0000] {logging_mixin.py:188} INFO - [2026-05-28T04:43:23.345+0000] {dag.py:3954} INFO - Setting next_dagrun for shopee_pipeline to 2026-05-28 01:00:00+00:00, run_after=2026-05-29 01:00:00+00:00
[2026-05-28T04:43:23.397+0000] {processor.py:183} INFO - Processing /opt/airflow/dags/shopee_dag.py took 0.484 seconds
[2026-05-28T04:43:54.109+0000] {processor.py:161} INFO - Started process (PID=18628) to work on /opt/airflow/dags/shopee_dag.py
[2026-05-28T04:43:54.114+0000] {processor.py:830} INFO - Processing file /opt/airflow/dags/shopee_dag.py for tasks to queue
[2026-05-28T04:43:54.122+0000] {logging_mixin.py:188} INFO - [2026-05-28T04:43:54.121+0000] {dagbag.py:545} INFO - Filling up the DagBag from /opt/airflow/dags/shopee_dag.py
[2026-05-28T04:43:54.519+0000] {processor.py:840} INFO - DAG(s) 'shopee_pipeline' retrieved from /opt/airflow/dags/shopee_dag.py
[2026-05-28T04:43:54.565+0000] {logging_mixin.py:188} INFO - [2026-05-28T04:43:54.564+0000] {dag.py:3096} INFO - Sync 1 DAGs
[2026-05-28T04:43:54.602+0000] {logging_mixin.py:188} INFO - [2026-05-28T04:43:54.601+0000] {dag.py:3954} INFO - Setting next_dagrun for shopee_pipeline to 2026-05-28 01:00:00+00:00, run_after=2026-05-29 01:00:00+00:00
[2026-05-28T04:43:54.635+0000] {processor.py:183} INFO - Processing /opt/airflow/dags/shopee_dag.py took 0.564 seconds
[2026-05-28T04:44:25.180+0000] {processor.py:161} INFO - Started process (PID=18718) to work on /opt/airflow/dags/shopee_dag.py
[2026-05-28T04:44:25.182+0000] {processor.py:830} INFO - Processing file /opt/airflow/dags/shopee_dag.py for tasks to queue
[2026-05-28T04:44:25.186+0000] {logging_mixin.py:188} INFO - [2026-05-28T04:44:25.185+0000] {dagbag.py:545} INFO - Filling up the DagBag from /opt/airflow/dags/shopee_dag.py
[2026-05-28T04:44:25.424+0000] {processor.py:840} INFO - DAG(s) 'shopee_pipeline' retrieved from /opt/airflow/dags/shopee_dag.py
[2026-05-28T04:44:25.496+0000] {logging_mixin.py:188} INFO - [2026-05-28T04:44:25.496+0000] {dag.py:3096} INFO - Sync 1 DAGs
[2026-05-28T04:44:25.552+0000] {logging_mixin.py:188} INFO - [2026-05-28T04:44:25.552+0000] {dag.py:3954} INFO - Setting next_dagrun for shopee_pipeline to 2026-05-28 01:00:00+00:00, run_after=2026-05-29 01:00:00+00:00
[2026-05-28T04:44:25.593+0000] {processor.py:183} INFO - Processing /opt/airflow/dags/shopee_dag.py took 0.431 seconds
[2026-05-28T04:44:56.157+0000] {processor.py:161} INFO - Started process (PID=18761) to work on /opt/airflow/dags/shopee_dag.py
[2026-05-28T04:44:56.159+0000] {processor.py:830} INFO - Processing file /opt/airflow/dags/shopee_dag.py for tasks to queue
[2026-05-28T04:44:56.162+0000] {logging_mixin.py:188} INFO - [2026-05-28T04:44:56.161+0000] {dagbag.py:545} INFO - Filling up the DagBag from /opt/airflow/dags/shopee_dag.py
[2026-05-28T04:44:56.397+0000] {processor.py:840} INFO - DAG(s) 'shopee_pipeline' retrieved from /opt/airflow/dags/shopee_dag.py
[2026-05-28T04:44:56.469+0000] {logging_mixin.py:188} INFO - [2026-05-28T04:44:56.469+0000] {dag.py:3096} INFO - Sync 1 DAGs
[2026-05-28T04:44:56.507+0000] {logging_mixin.py:188} INFO - [2026-05-28T04:44:56.506+0000] {dag.py:3954} INFO - Setting next_dagrun for shopee_pipeline to 2026-05-28 01:00:00+00:00, run_after=2026-05-29 01:00:00+00:00
[2026-05-28T04:44:56.549+0000] {processor.py:183} INFO - Processing /opt/airflow/dags/shopee_dag.py took 0.405 seconds
[2026-05-28T04:45:26.888+0000] {processor.py:161} INFO - Started process (PID=18884) to work on /opt/airflow/dags/shopee_dag.py
[2026-05-28T04:45:26.893+0000] {processor.py:830} INFO - Processing file /opt/airflow/dags/shopee_dag.py for tasks to queue
[2026-05-28T04:45:26.901+0000] {logging_mixin.py:188} INFO - [2026-05-28T04:45:26.899+0000] {dagbag.py:545} INFO - Filling up the DagBag from /opt/airflow/dags/shopee_dag.py
[2026-05-28T04:45:27.229+0000] {processor.py:840} INFO - DAG(s) 'shopee_pipeline' retrieved from /opt/airflow/dags/shopee_dag.py
[2026-05-28T04:45:27.290+0000] {logging_mixin.py:188} INFO - [2026-05-28T04:45:27.290+0000] {dag.py:3096} INFO - Sync 1 DAGs
[2026-05-28T04:45:27.342+0000] {logging_mixin.py:188} INFO - [2026-05-28T04:45:27.341+0000] {dag.py:3954} INFO - Setting next_dagrun for shopee_pipeline to 2026-05-28 01:00:00+00:00, run_after=2026-05-29 01:00:00+00:00
[2026-05-28T04:45:27.398+0000] {processor.py:183} INFO - Processing /opt/airflow/dags/shopee_dag.py took 0.540 seconds
[2026-05-28T04:45:57.967+0000] {processor.py:161} INFO - Started process (PID=18988) to work on /opt/airflow/dags/shopee_dag.py
[2026-05-28T04:45:57.970+0000] {processor.py:830} INFO - Processing file /opt/airflow/dags/shopee_dag.py for tasks to queue
[2026-05-28T04:45:57.974+0000] {logging_mixin.py:188} INFO - [2026-05-28T04:45:57.973+0000] {dagbag.py:545} INFO - Filling up the DagBag from /opt/airflow/dags/shopee_dag.py
[2026-05-28T04:45:58.287+0000] {processor.py:840} INFO - DAG(s) 'shopee_pipeline' retrieved from /opt/airflow/dags/shopee_dag.py
[2026-05-28T04:45:58.399+0000] {logging_mixin.py:188} INFO - [2026-05-28T04:45:58.398+0000] {dag.py:3096} INFO - Sync 1 DAGs
[2026-05-28T04:45:58.497+0000] {logging_mixin.py:188} INFO - [2026-05-28T04:45:58.496+0000] {dag.py:3954} INFO - Setting next_dagrun for shopee_pipeline to 2026-05-28 01:00:00+00:00, run_after=2026-05-29 01:00:00+00:00
[2026-05-28T04:45:58.577+0000] {processor.py:183} INFO - Processing /opt/airflow/dags/shopee_dag.py took 0.628 seconds
[2026-05-28T04:46:28.804+0000] {processor.py:161} INFO - Started process (PID=19001) to work on /opt/airflow/dags/shopee_dag.py
[2026-05-28T04:46:28.807+0000] {processor.py:830} INFO - Processing file /opt/airflow/dags/shopee_dag.py for tasks to queue
[2026-05-28T04:46:28.813+0000] {logging_mixin.py:188} INFO - [2026-05-28T04:46:28.812+0000] {dagbag.py:545} INFO - Filling up the DagBag from /opt/airflow/dags/shopee_dag.py
[2026-05-28T04:46:29.084+0000] {processor.py:840} INFO - DAG(s) 'shopee_pipeline' retrieved from /opt/airflow/dags/shopee_dag.py
[2026-05-28T04:46:29.157+0000] {logging_mixin.py:188} INFO - [2026-05-28T04:46:29.156+0000] {dag.py:3096} INFO - Sync 1 DAGs
[2026-05-28T04:46:29.220+0000] {logging_mixin.py:188} INFO - [2026-05-28T04:46:29.220+0000] {dag.py:3954} INFO - Setting next_dagrun for shopee_pipeline to 2026-05-28 01:00:00+00:00, run_after=2026-05-29 01:00:00+00:00
[2026-05-28T04:46:29.253+0000] {processor.py:183} INFO - Processing /opt/airflow/dags/shopee_dag.py took 0.470 seconds
[2026-05-28T04:47:00.074+0000] {processor.py:161} INFO - Started process (PID=19122) to work on /opt/airflow/dags/shopee_dag.py
[2026-05-28T04:47:00.076+0000] {processor.py:830} INFO - Processing file /opt/airflow/dags/shopee_dag.py for tasks to queue
[2026-05-28T04:47:00.078+0000] {logging_mixin.py:188} INFO - [2026-05-28T04:47:00.077+0000] {dagbag.py:545} INFO - Filling up the DagBag from /opt/airflow/dags/shopee_dag.py
[2026-05-28T04:47:00.213+0000] {processor.py:840} INFO - DAG(s) 'shopee_pipeline' retrieved from /opt/airflow/dags/shopee_dag.py
[2026-05-28T04:47:00.261+0000] {logging_mixin.py:188} INFO - [2026-05-28T04:47:00.261+0000] {dag.py:3096} INFO - Sync 1 DAGs
[2026-05-28T04:47:00.302+0000] {logging_mixin.py:188} INFO - [2026-05-28T04:47:00.302+0000] {dag.py:3954} INFO - Setting next_dagrun for shopee_pipeline to 2026-05-28 01:00:00+00:00, run_after=2026-05-29 01:00:00+00:00
[2026-05-28T04:47:00.344+0000] {processor.py:183} INFO - Processing /opt/airflow/dags/shopee_dag.py took 0.277 seconds
[2026-05-28T04:47:30.945+0000] {processor.py:161} INFO - Started process (PID=19243) to work on /opt/airflow/dags/shopee_dag.py
[2026-05-28T04:47:30.947+0000] {processor.py:830} INFO - Processing file /opt/airflow/dags/shopee_dag.py for tasks to queue
[2026-05-28T04:47:30.951+0000] {logging_mixin.py:188} INFO - [2026-05-28T04:47:30.950+0000] {dagbag.py:545} INFO - Filling up the DagBag from /opt/airflow/dags/shopee_dag.py
[2026-05-28T04:47:31.277+0000] {processor.py:840} INFO - DAG(s) 'shopee_pipeline' retrieved from /opt/airflow/dags/shopee_dag.py
[2026-05-28T04:47:31.343+0000] {logging_mixin.py:188} INFO - [2026-05-28T04:47:31.342+0000] {dag.py:3096} INFO - Sync 1 DAGs
[2026-05-28T04:47:31.406+0000] {logging_mixin.py:188} INFO - [2026-05-28T04:47:31.406+0000] {dag.py:3954} INFO - Setting next_dagrun for shopee_pipeline to 2026-05-28 01:00:00+00:00, run_after=2026-05-29 01:00:00+00:00
[2026-05-28T04:47:31.475+0000] {processor.py:183} INFO - Processing /opt/airflow/dags/shopee_dag.py took 0.541 seconds
[2026-05-28T04:48:02.328+0000] {processor.py:161} INFO - Started process (PID=19256) to work on /opt/airflow/dags/shopee_dag.py
[2026-05-28T04:48:02.330+0000] {processor.py:830} INFO - Processing file /opt/airflow/dags/shopee_dag.py for tasks to queue
[2026-05-28T04:48:02.333+0000] {logging_mixin.py:188} INFO - [2026-05-28T04:48:02.332+0000] {dagbag.py:545} INFO - Filling up the DagBag from /opt/airflow/dags/shopee_dag.py
[2026-05-28T04:48:02.512+0000] {processor.py:840} INFO - DAG(s) 'shopee_pipeline' retrieved from /opt/airflow/dags/shopee_dag.py
[2026-05-28T04:48:02.560+0000] {logging_mixin.py:188} INFO - [2026-05-28T04:48:02.559+0000] {dag.py:3096} INFO - Sync 1 DAGs
[2026-05-28T04:48:02.600+0000] {logging_mixin.py:188} INFO - [2026-05-28T04:48:02.599+0000] {dag.py:3954} INFO - Setting next_dagrun for shopee_pipeline to 2026-05-28 01:00:00+00:00, run_after=2026-05-29 01:00:00+00:00
[2026-05-28T04:48:02.647+0000] {processor.py:183} INFO - Processing /opt/airflow/dags/shopee_dag.py took 0.328 seconds
[2026-05-28T04:48:33.413+0000] {processor.py:161} INFO - Started process (PID=19378) to work on /opt/airflow/dags/shopee_dag.py
[2026-05-28T04:48:33.419+0000] {processor.py:830} INFO - Processing file /opt/airflow/dags/shopee_dag.py for tasks to queue
[2026-05-28T04:48:33.427+0000] {logging_mixin.py:188} INFO - [2026-05-28T04:48:33.426+0000] {dagbag.py:545} INFO - Filling up the DagBag from /opt/airflow/dags/shopee_dag.py
[2026-05-28T04:48:33.902+0000] {processor.py:840} INFO - DAG(s) 'shopee_pipeline' retrieved from /opt/airflow/dags/shopee_dag.py
[2026-05-28T04:48:34.005+0000] {logging_mixin.py:188} INFO - [2026-05-28T04:48:34.004+0000] {dag.py:3096} INFO - Sync 1 DAGs
[2026-05-28T04:48:34.123+0000] {logging_mixin.py:188} INFO - [2026-05-28T04:48:34.121+0000] {dag.py:3954} INFO - Setting next_dagrun for shopee_pipeline to 2026-05-28 01:00:00+00:00, run_after=2026-05-29 01:00:00+00:00
[2026-05-28T04:48:34.190+0000] {processor.py:183} INFO - Processing /opt/airflow/dags/shopee_dag.py took 0.808 seconds
[2026-05-28T04:49:04.466+0000] {processor.py:161} INFO - Started process (PID=19485) to work on /opt/airflow/dags/shopee_dag.py
[2026-05-28T04:49:04.471+0000] {processor.py:830} INFO - Processing file /opt/airflow/dags/shopee_dag.py for tasks to queue
[2026-05-28T04:49:04.480+0000] {logging_mixin.py:188} INFO - [2026-05-28T04:49:04.479+0000] {dagbag.py:545} INFO - Filling up the DagBag from /opt/airflow/dags/shopee_dag.py
[2026-05-28T04:49:04.873+0000] {processor.py:840} INFO - DAG(s) 'shopee_pipeline' retrieved from /opt/airflow/dags/shopee_dag.py
[2026-05-28T04:49:04.936+0000] {logging_mixin.py:188} INFO - [2026-05-28T04:49:04.935+0000] {dag.py:3096} INFO - Sync 1 DAGs
[2026-05-28T04:49:04.988+0000] {logging_mixin.py:188} INFO - [2026-05-28T04:49:04.988+0000] {dag.py:3954} INFO - Setting next_dagrun for shopee_pipeline to 2026-05-28 01:00:00+00:00, run_after=2026-05-29 01:00:00+00:00
[2026-05-28T04:49:05.044+0000] {processor.py:183} INFO - Processing /opt/airflow/dags/shopee_dag.py took 0.610 seconds
[2026-05-28T04:49:36.077+0000] {processor.py:161} INFO - Started process (PID=19600) to work on /opt/airflow/dags/shopee_dag.py
[2026-05-28T04:49:36.081+0000] {processor.py:830} INFO - Processing file /opt/airflow/dags/shopee_dag.py for tasks to queue
[2026-05-28T04:49:36.088+0000] {logging_mixin.py:188} INFO - [2026-05-28T04:49:36.086+0000] {dagbag.py:545} INFO - Filling up the DagBag from /opt/airflow/dags/shopee_dag.py
[2026-05-28T04:49:36.437+0000] {processor.py:840} INFO - DAG(s) 'shopee_pipeline' retrieved from /opt/airflow/dags/shopee_dag.py
[2026-05-28T04:49:36.539+0000] {logging_mixin.py:188} INFO - [2026-05-28T04:49:36.538+0000] {dag.py:3096} INFO - Sync 1 DAGs
[2026-05-28T04:49:36.642+0000] {logging_mixin.py:188} INFO - [2026-05-28T04:49:36.642+0000] {dag.py:3954} INFO - Setting next_dagrun for shopee_pipeline to 2026-05-28 01:00:00+00:00, run_after=2026-05-29 01:00:00+00:00
[2026-05-28T04:49:36.727+0000] {processor.py:183} INFO - Processing /opt/airflow/dags/shopee_dag.py took 0.669 seconds
[2026-05-28T04:50:06.894+0000] {processor.py:161} INFO - Started process (PID=19616) to work on /opt/airflow/dags/shopee_dag.py
[2026-05-28T04:50:06.897+0000] {processor.py:830} INFO - Processing file /opt/airflow/dags/shopee_dag.py for tasks to queue
[2026-05-28T04:50:06.901+0000] {logging_mixin.py:188} INFO - [2026-05-28T04:50:06.900+0000] {dagbag.py:545} INFO - Filling up the DagBag from /opt/airflow/dags/shopee_dag.py
[2026-05-28T04:50:07.118+0000] {processor.py:840} INFO - DAG(s) 'shopee_pipeline' retrieved from /opt/airflow/dags/shopee_dag.py
[2026-05-28T04:50:07.182+0000] {logging_mixin.py:188} INFO - [2026-05-28T04:50:07.181+0000] {dag.py:3096} INFO - Sync 1 DAGs
[2026-05-28T04:50:07.238+0000] {logging_mixin.py:188} INFO - [2026-05-28T04:50:07.238+0000] {dag.py:3954} INFO - Setting next_dagrun for shopee_pipeline to 2026-05-28 01:00:00+00:00, run_after=2026-05-29 01:00:00+00:00
[2026-05-28T04:50:07.286+0000] {processor.py:183} INFO - Processing /opt/airflow/dags/shopee_dag.py took 0.404 seconds
[2026-05-28T04:50:37.550+0000] {processor.py:161} INFO - Started process (PID=19739) to work on /opt/airflow/dags/shopee_dag.py
[2026-05-28T04:50:37.555+0000] {processor.py:830} INFO - Processing file /opt/airflow/dags/shopee_dag.py for tasks to queue
[2026-05-28T04:50:37.564+0000] {logging_mixin.py:188} INFO - [2026-05-28T04:50:37.562+0000] {dagbag.py:545} INFO - Filling up the DagBag from /opt/airflow/dags/shopee_dag.py
[2026-05-28T04:50:37.953+0000] {processor.py:840} INFO - DAG(s) 'shopee_pipeline' retrieved from /opt/airflow/dags/shopee_dag.py
[2026-05-28T04:50:38.045+0000] {logging_mixin.py:188} INFO - [2026-05-28T04:50:38.044+0000] {dag.py:3096} INFO - Sync 1 DAGs
[2026-05-28T04:50:38.108+0000] {logging_mixin.py:188} INFO - [2026-05-28T04:50:38.108+0000] {dag.py:3954} INFO - Setting next_dagrun for shopee_pipeline to 2026-05-28 01:00:00+00:00, run_after=2026-05-29 01:00:00+00:00
[2026-05-28T04:50:38.157+0000] {processor.py:183} INFO - Processing /opt/airflow/dags/shopee_dag.py took 0.641 seconds
[2026-05-28T04:51:09.188+0000] {processor.py:161} INFO - Started process (PID=19861) to work on /opt/airflow/dags/shopee_dag.py
[2026-05-28T04:51:09.193+0000] {processor.py:830} INFO - Processing file /opt/airflow/dags/shopee_dag.py for tasks to queue
[2026-05-28T04:51:09.202+0000] {logging_mixin.py:188} INFO - [2026-05-28T04:51:09.200+0000] {dagbag.py:545} INFO - Filling up the DagBag from /opt/airflow/dags/shopee_dag.py
[2026-05-28T04:51:09.642+0000] {processor.py:840} INFO - DAG(s) 'shopee_pipeline' retrieved from /opt/airflow/dags/shopee_dag.py
[2026-05-28T04:51:09.734+0000] {logging_mixin.py:188} INFO - [2026-05-28T04:51:09.734+0000] {dag.py:3096} INFO - Sync 1 DAGs
[2026-05-28T04:51:09.796+0000] {logging_mixin.py:188} INFO - [2026-05-28T04:51:09.795+0000] {dag.py:3954} INFO - Setting next_dagrun for shopee_pipeline to 2026-05-28 01:00:00+00:00, run_after=2026-05-29 01:00:00+00:00
[2026-05-28T04:51:09.850+0000] {processor.py:183} INFO - Processing /opt/airflow/dags/shopee_dag.py took 0.700 seconds
[2026-05-28T04:51:40.540+0000] {processor.py:161} INFO - Started process (PID=19949) to work on /opt/airflow/dags/shopee_dag.py
[2026-05-28T04:51:40.544+0000] {processor.py:830} INFO - Processing file /opt/airflow/dags/shopee_dag.py for tasks to queue
[2026-05-28T04:51:40.553+0000] {logging_mixin.py:188} INFO - [2026-05-28T04:51:40.551+0000] {dagbag.py:545} INFO - Filling up the DagBag from /opt/airflow/dags/shopee_dag.py
[2026-05-28T04:51:40.772+0000] {processor.py:840} INFO - DAG(s) 'shopee_pipeline' retrieved from /opt/airflow/dags/shopee_dag.py
[2026-05-28T04:51:40.847+0000] {logging_mixin.py:188} INFO - [2026-05-28T04:51:40.846+0000] {dag.py:3096} INFO - Sync 1 DAGs
[2026-05-28T04:51:40.967+0000] {logging_mixin.py:188} INFO - [2026-05-28T04:51:40.966+0000] {dag.py:3954} INFO - Setting next_dagrun for shopee_pipeline to 2026-05-28 01:00:00+00:00, run_after=2026-05-29 01:00:00+00:00
[2026-05-28T04:51:41.059+0000] {processor.py:183} INFO - Processing /opt/airflow/dags/shopee_dag.py took 0.548 seconds
[2026-05-28T04:52:11.576+0000] {processor.py:161} INFO - Started process (PID=19969) to work on /opt/airflow/dags/shopee_dag.py
[2026-05-28T04:52:11.581+0000] {processor.py:830} INFO - Processing file /opt/airflow/dags/shopee_dag.py for tasks to queue
[2026-05-28T04:52:11.590+0000] {logging_mixin.py:188} INFO - [2026-05-28T04:52:11.589+0000] {dagbag.py:545} INFO - Filling up the DagBag from /opt/airflow/dags/shopee_dag.py
[2026-05-28T04:52:11.987+0000] {processor.py:840} INFO - DAG(s) 'shopee_pipeline' retrieved from /opt/airflow/dags/shopee_dag.py
[2026-05-28T04:52:12.022+0000] {logging_mixin.py:188} INFO - [2026-05-28T04:52:12.022+0000] {dag.py:3096} INFO - Sync 1 DAGs
[2026-05-28T04:52:12.051+0000] {logging_mixin.py:188} INFO - [2026-05-28T04:52:12.051+0000] {dag.py:3954} INFO - Setting next_dagrun for shopee_pipeline to 2026-05-28 01:00:00+00:00, run_after=2026-05-29 01:00:00+00:00
[2026-05-28T04:52:12.112+0000] {processor.py:183} INFO - Processing /opt/airflow/dags/shopee_dag.py took 0.572 seconds
[2026-05-28T04:52:42.415+0000] {processor.py:161} INFO - Started process (PID=20061) to work on /opt/airflow/dags/shopee_dag.py
[2026-05-28T04:52:42.417+0000] {processor.py:830} INFO - Processing file /opt/airflow/dags/shopee_dag.py for tasks to queue
[2026-05-28T04:52:42.421+0000] {logging_mixin.py:188} INFO - [2026-05-28T04:52:42.420+0000] {dagbag.py:545} INFO - Filling up the DagBag from /opt/airflow/dags/shopee_dag.py
[2026-05-28T04:52:42.626+0000] {processor.py:840} INFO - DAG(s) 'shopee_pipeline' retrieved from /opt/airflow/dags/shopee_dag.py
[2026-05-28T04:52:42.686+0000] {logging_mixin.py:188} INFO - [2026-05-28T04:52:42.686+0000] {dag.py:3096} INFO - Sync 1 DAGs
[2026-05-28T04:52:42.718+0000] {logging_mixin.py:188} INFO - [2026-05-28T04:52:42.718+0000] {dag.py:3954} INFO - Setting next_dagrun for shopee_pipeline to 2026-05-28 01:00:00+00:00, run_after=2026-05-29 01:00:00+00:00
[2026-05-28T04:52:42.762+0000] {processor.py:183} INFO - Processing /opt/airflow/dags/shopee_dag.py took 0.359 seconds
[2026-05-28T04:53:13.454+0000] {processor.py:161} INFO - Started process (PID=20102) to work on /opt/airflow/dags/shopee_dag.py
[2026-05-28T04:53:13.456+0000] {processor.py:830} INFO - Processing file /opt/airflow/dags/shopee_dag.py for tasks to queue
[2026-05-28T04:53:13.459+0000] {logging_mixin.py:188} INFO - [2026-05-28T04:53:13.459+0000] {dagbag.py:545} INFO - Filling up the DagBag from /opt/airflow/dags/shopee_dag.py
[2026-05-28T04:53:13.603+0000] {processor.py:840} INFO - DAG(s) 'shopee_pipeline' retrieved from /opt/airflow/dags/shopee_dag.py
[2026-05-28T04:53:13.652+0000] {logging_mixin.py:188} INFO - [2026-05-28T04:53:13.652+0000] {dag.py:3096} INFO - Sync 1 DAGs
[2026-05-28T04:53:13.694+0000] {logging_mixin.py:188} INFO - [2026-05-28T04:53:13.693+0000] {dag.py:3954} INFO - Setting next_dagrun for shopee_pipeline to 2026-05-28 01:00:00+00:00, run_after=2026-05-29 01:00:00+00:00
[2026-05-28T04:53:13.749+0000] {processor.py:183} INFO - Processing /opt/airflow/dags/shopee_dag.py took 0.317 seconds
[2026-05-28T04:53:44.113+0000] {processor.py:161} INFO - Started process (PID=20224) to work on /opt/airflow/dags/shopee_dag.py
[2026-05-28T04:53:44.122+0000] {processor.py:830} INFO - Processing file /opt/airflow/dags/shopee_dag.py for tasks to queue
[2026-05-28T04:53:44.134+0000] {logging_mixin.py:188} INFO - [2026-05-28T04:53:44.132+0000] {dagbag.py:545} INFO - Filling up the DagBag from /opt/airflow/dags/shopee_dag.py
[2026-05-28T04:53:44.413+0000] {processor.py:840} INFO - DAG(s) 'shopee_pipeline' retrieved from /opt/airflow/dags/shopee_dag.py
[2026-05-28T04:53:44.476+0000] {logging_mixin.py:188} INFO - [2026-05-28T04:53:44.475+0000] {dag.py:3096} INFO - Sync 1 DAGs
[2026-05-28T04:53:44.563+0000] {logging_mixin.py:188} INFO - [2026-05-28T04:53:44.563+0000] {dag.py:3954} INFO - Setting next_dagrun for shopee_pipeline to 2026-05-28 01:00:00+00:00, run_after=2026-05-29 01:00:00+00:00
[2026-05-28T04:53:44.621+0000] {processor.py:183} INFO - Processing /opt/airflow/dags/shopee_dag.py took 0.551 seconds
[2026-05-28T04:54:14.894+0000] {processor.py:161} INFO - Started process (PID=20311) to work on /opt/airflow/dags/shopee_dag.py
[2026-05-28T04:54:14.900+0000] {processor.py:830} INFO - Processing file /opt/airflow/dags/shopee_dag.py for tasks to queue
[2026-05-28T04:54:14.909+0000] {logging_mixin.py:188} INFO - [2026-05-28T04:54:14.908+0000] {dagbag.py:545} INFO - Filling up the DagBag from /opt/airflow/dags/shopee_dag.py
[2026-05-28T04:54:15.347+0000] {processor.py:840} INFO - DAG(s) 'shopee_pipeline' retrieved from /opt/airflow/dags/shopee_dag.py
[2026-05-28T04:54:15.484+0000] {logging_mixin.py:188} INFO - [2026-05-28T04:54:15.483+0000] {dag.py:3096} INFO - Sync 1 DAGs
[2026-05-28T04:54:15.602+0000] {logging_mixin.py:188} INFO - [2026-05-28T04:54:15.601+0000] {dag.py:3954} INFO - Setting next_dagrun for shopee_pipeline to 2026-05-28 01:00:00+00:00, run_after=2026-05-29 01:00:00+00:00
[2026-05-28T04:54:15.723+0000] {processor.py:183} INFO - Processing /opt/airflow/dags/shopee_dag.py took 0.863 seconds
[2026-05-28T04:54:46.001+0000] {processor.py:161} INFO - Started process (PID=20356) to work on /opt/airflow/dags/shopee_dag.py
[2026-05-28T04:54:46.006+0000] {processor.py:830} INFO - Processing file /opt/airflow/dags/shopee_dag.py for tasks to queue
[2026-05-28T04:54:46.016+0000] {logging_mixin.py:188} INFO - [2026-05-28T04:54:46.014+0000] {dagbag.py:545} INFO - Filling up the DagBag from /opt/airflow/dags/shopee_dag.py
[2026-05-28T04:54:46.437+0000] {processor.py:840} INFO - DAG(s) 'shopee_pipeline' retrieved from /opt/airflow/dags/shopee_dag.py
[2026-05-28T04:54:46.474+0000] {logging_mixin.py:188} INFO - [2026-05-28T04:54:46.474+0000] {dag.py:3096} INFO - Sync 1 DAGs
[2026-05-28T04:54:46.505+0000] {logging_mixin.py:188} INFO - [2026-05-28T04:54:46.505+0000] {dag.py:3954} INFO - Setting next_dagrun for shopee_pipeline to 2026-05-28 01:00:00+00:00, run_after=2026-05-29 01:00:00+00:00
[2026-05-28T04:54:46.544+0000] {processor.py:183} INFO - Processing /opt/airflow/dags/shopee_dag.py took 0.578 seconds
[2026-05-28T04:55:17.420+0000] {processor.py:161} INFO - Started process (PID=20490) to work on /opt/airflow/dags/shopee_dag.py
[2026-05-28T04:55:17.425+0000] {processor.py:830} INFO - Processing file /opt/airflow/dags/shopee_dag.py for tasks to queue
[2026-05-28T04:55:17.433+0000] {logging_mixin.py:188} INFO - [2026-05-28T04:55:17.432+0000] {dagbag.py:545} INFO - Filling up the DagBag from /opt/airflow/dags/shopee_dag.py
[2026-05-28T04:55:17.618+0000] {processor.py:840} INFO - DAG(s) 'shopee_pipeline' retrieved from /opt/airflow/dags/shopee_dag.py
[2026-05-28T04:55:17.666+0000] {logging_mixin.py:188} INFO - [2026-05-28T04:55:17.665+0000] {dag.py:3096} INFO - Sync 1 DAGs
[2026-05-28T04:55:17.699+0000] {logging_mixin.py:188} INFO - [2026-05-28T04:55:17.699+0000] {dag.py:3954} INFO - Setting next_dagrun for shopee_pipeline to 2026-05-28 01:00:00+00:00, run_after=2026-05-29 01:00:00+00:00
[2026-05-28T04:55:17.737+0000] {processor.py:183} INFO - Processing /opt/airflow/dags/shopee_dag.py took 0.349 seconds
[2026-05-28T04:55:48.580+0000] {processor.py:161} INFO - Started process (PID=20586) to work on /opt/airflow/dags/shopee_dag.py
[2026-05-28T04:55:48.583+0000] {processor.py:830} INFO - Processing file /opt/airflow/dags/shopee_dag.py for tasks to queue
[2026-05-28T04:55:48.588+0000] {logging_mixin.py:188} INFO - [2026-05-28T04:55:48.587+0000] {dagbag.py:545} INFO - Filling up the DagBag from /opt/airflow/dags/shopee_dag.py
[2026-05-28T04:55:48.815+0000] {processor.py:840} INFO - DAG(s) 'shopee_pipeline' retrieved from /opt/airflow/dags/shopee_dag.py
[2026-05-28T04:55:48.883+0000] {logging_mixin.py:188} INFO - [2026-05-28T04:55:48.882+0000] {dag.py:3096} INFO - Sync 1 DAGs
[2026-05-28T04:55:48.966+0000] {logging_mixin.py:188} INFO - [2026-05-28T04:55:48.965+0000] {dag.py:3954} INFO - Setting next_dagrun for shopee_pipeline to 2026-05-28 01:00:00+00:00, run_after=2026-05-29 01:00:00+00:00
[2026-05-28T04:55:49.031+0000] {processor.py:183} INFO - Processing /opt/airflow/dags/shopee_dag.py took 0.469 seconds
[2026-05-28T04:56:19.961+0000] {processor.py:161} INFO - Started process (PID=20621) to work on /opt/airflow/dags/shopee_dag.py
[2026-05-28T04:56:19.963+0000] {processor.py:830} INFO - Processing file /opt/airflow/dags/shopee_dag.py for tasks to queue
[2026-05-28T04:56:19.966+0000] {logging_mixin.py:188} INFO - [2026-05-28T04:56:19.965+0000] {dagbag.py:545} INFO - Filling up the DagBag from /opt/airflow/dags/shopee_dag.py
[2026-05-28T04:56:20.131+0000] {processor.py:840} INFO - DAG(s) 'shopee_pipeline' retrieved from /opt/airflow/dags/shopee_dag.py
[2026-05-28T04:56:20.182+0000] {logging_mixin.py:188} INFO - [2026-05-28T04:56:20.182+0000] {dag.py:3096} INFO - Sync 1 DAGs
[2026-05-28T04:56:20.222+0000] {logging_mixin.py:188} INFO - [2026-05-28T04:56:20.222+0000] {dag.py:3954} INFO - Setting next_dagrun for shopee_pipeline to 2026-05-28 01:00:00+00:00, run_after=2026-05-29 01:00:00+00:00
[2026-05-28T04:56:20.257+0000] {processor.py:183} INFO - Processing /opt/airflow/dags/shopee_dag.py took 0.306 seconds
[2026-05-28T04:56:50.491+0000] {processor.py:161} INFO - Started process (PID=20745) to work on /opt/airflow/dags/shopee_dag.py
[2026-05-28T04:56:50.496+0000] {processor.py:830} INFO - Processing file /opt/airflow/dags/shopee_dag.py for tasks to queue
[2026-05-28T04:56:50.504+0000] {logging_mixin.py:188} INFO - [2026-05-28T04:56:50.503+0000] {dagbag.py:545} INFO - Filling up the DagBag from /opt/airflow/dags/shopee_dag.py
[2026-05-28T04:56:50.896+0000] {processor.py:840} INFO - DAG(s) 'shopee_pipeline' retrieved from /opt/airflow/dags/shopee_dag.py
[2026-05-28T04:56:50.955+0000] {logging_mixin.py:188} INFO - [2026-05-28T04:56:50.954+0000] {dag.py:3096} INFO - Sync 1 DAGs
[2026-05-28T04:56:51.036+0000] {logging_mixin.py:188} INFO - [2026-05-28T04:56:51.035+0000] {dag.py:3954} INFO - Setting next_dagrun for shopee_pipeline to 2026-05-28 01:00:00+00:00, run_after=2026-05-29 01:00:00+00:00
[2026-05-28T04:56:51.133+0000] {processor.py:183} INFO - Processing /opt/airflow/dags/shopee_dag.py took 0.674 seconds
[2026-05-28T04:57:21.549+0000] {processor.py:161} INFO - Started process (PID=20867) to work on /opt/airflow/dags/shopee_dag.py
[2026-05-28T04:57:21.554+0000] {processor.py:830} INFO - Processing file /opt/airflow/dags/shopee_dag.py for tasks to queue
[2026-05-28T04:57:21.562+0000] {logging_mixin.py:188} INFO - [2026-05-28T04:57:21.561+0000] {dagbag.py:545} INFO - Filling up the DagBag from /opt/airflow/dags/shopee_dag.py
[2026-05-28T04:57:21.978+0000] {processor.py:840} INFO - DAG(s) 'shopee_pipeline' retrieved from /opt/airflow/dags/shopee_dag.py
[2026-05-28T04:57:22.074+0000] {logging_mixin.py:188} INFO - [2026-05-28T04:57:22.073+0000] {dag.py:3096} INFO - Sync 1 DAGs
[2026-05-28T04:57:22.152+0000] {logging_mixin.py:188} INFO - [2026-05-28T04:57:22.151+0000] {dag.py:3954} INFO - Setting next_dagrun for shopee_pipeline to 2026-05-28 01:00:00+00:00, run_after=2026-05-29 01:00:00+00:00
[2026-05-28T04:57:22.215+0000] {processor.py:183} INFO - Processing /opt/airflow/dags/shopee_dag.py took 0.697 seconds
[2026-05-28T04:57:52.899+0000] {processor.py:161} INFO - Started process (PID=20970) to work on /opt/airflow/dags/shopee_dag.py
[2026-05-28T04:57:52.902+0000] {processor.py:830} INFO - Processing file /opt/airflow/dags/shopee_dag.py for tasks to queue
[2026-05-28T04:57:52.906+0000] {logging_mixin.py:188} INFO - [2026-05-28T04:57:52.905+0000] {dagbag.py:545} INFO - Filling up the DagBag from /opt/airflow/dags/shopee_dag.py
[2026-05-28T04:57:53.189+0000] {processor.py:840} INFO - DAG(s) 'shopee_pipeline' retrieved from /opt/airflow/dags/shopee_dag.py
[2026-05-28T04:57:53.279+0000] {logging_mixin.py:188} INFO - [2026-05-28T04:57:53.278+0000] {dag.py:3096} INFO - Sync 1 DAGs
[2026-05-28T04:57:53.330+0000] {logging_mixin.py:188} INFO - [2026-05-28T04:57:53.330+0000] {dag.py:3954} INFO - Setting next_dagrun for shopee_pipeline to 2026-05-28 01:00:00+00:00, run_after=2026-05-29 01:00:00+00:00
[2026-05-28T04:57:53.385+0000] {processor.py:183} INFO - Processing /opt/airflow/dags/shopee_dag.py took 0.504 seconds
[2026-05-28T04:58:24.272+0000] {processor.py:161} INFO - Started process (PID=20999) to work on /opt/airflow/dags/shopee_dag.py
[2026-05-28T04:58:24.277+0000] {processor.py:830} INFO - Processing file /opt/airflow/dags/shopee_dag.py for tasks to queue
[2026-05-28T04:58:24.285+0000] {logging_mixin.py:188} INFO - [2026-05-28T04:58:24.284+0000] {dagbag.py:545} INFO - Filling up the DagBag from /opt/airflow/dags/shopee_dag.py
[2026-05-28T04:58:24.693+0000] {processor.py:840} INFO - DAG(s) 'shopee_pipeline' retrieved from /opt/airflow/dags/shopee_dag.py
[2026-05-28T04:58:24.738+0000] {logging_mixin.py:188} INFO - [2026-05-28T04:58:24.738+0000] {dag.py:3096} INFO - Sync 1 DAGs
[2026-05-28T04:58:24.773+0000] {logging_mixin.py:188} INFO - [2026-05-28T04:58:24.773+0000] {dag.py:3954} INFO - Setting next_dagrun for shopee_pipeline to 2026-05-28 01:00:00+00:00, run_after=2026-05-29 01:00:00+00:00
[2026-05-28T04:58:24.802+0000] {processor.py:183} INFO - Processing /opt/airflow/dags/shopee_dag.py took 0.561 seconds
[2026-05-28T04:58:54.984+0000] {processor.py:161} INFO - Started process (PID=21121) to work on /opt/airflow/dags/shopee_dag.py
[2026-05-28T04:58:55.005+0000] {processor.py:830} INFO - Processing file /opt/airflow/dags/shopee_dag.py for tasks to queue
[2026-05-28T04:58:55.014+0000] {logging_mixin.py:188} INFO - [2026-05-28T04:58:55.012+0000] {dagbag.py:545} INFO - Filling up the DagBag from /opt/airflow/dags/shopee_dag.py
[2026-05-28T04:58:55.311+0000] {processor.py:840} INFO - DAG(s) 'shopee_pipeline' retrieved from /opt/airflow/dags/shopee_dag.py
[2026-05-28T04:58:55.350+0000] {logging_mixin.py:188} INFO - [2026-05-28T04:58:55.350+0000] {dag.py:3096} INFO - Sync 1 DAGs
[2026-05-28T04:58:55.384+0000] {logging_mixin.py:188} INFO - [2026-05-28T04:58:55.384+0000] {dag.py:3954} INFO - Setting next_dagrun for shopee_pipeline to 2026-05-28 01:00:00+00:00, run_after=2026-05-29 01:00:00+00:00
[2026-05-28T04:58:55.431+0000] {processor.py:183} INFO - Processing /opt/airflow/dags/shopee_dag.py took 0.478 seconds
[2026-05-28T04:59:25.607+0000] {processor.py:161} INFO - Started process (PID=21239) to work on /opt/airflow/dags/shopee_dag.py
[2026-05-28T04:59:25.609+0000] {processor.py:830} INFO - Processing file /opt/airflow/dags/shopee_dag.py for tasks to queue
[2026-05-28T04:59:25.615+0000] {logging_mixin.py:188} INFO - [2026-05-28T04:59:25.613+0000] {dagbag.py:545} INFO - Filling up the DagBag from /opt/airflow/dags/shopee_dag.py
[2026-05-28T04:59:25.976+0000] {processor.py:840} INFO - DAG(s) 'shopee_pipeline' retrieved from /opt/airflow/dags/shopee_dag.py
[2026-05-28T04:59:26.063+0000] {logging_mixin.py:188} INFO - [2026-05-28T04:59:26.062+0000] {dag.py:3096} INFO - Sync 1 DAGs
[2026-05-28T04:59:26.132+0000] {logging_mixin.py:188} INFO - [2026-05-28T04:59:26.132+0000] {dag.py:3954} INFO - Setting next_dagrun for shopee_pipeline to 2026-05-28 01:00:00+00:00, run_after=2026-05-29 01:00:00+00:00
[2026-05-28T04:59:26.196+0000] {processor.py:183} INFO - Processing /opt/airflow/dags/shopee_dag.py took 0.612 seconds
[2026-05-28T04:59:57.242+0000] {processor.py:161} INFO - Started process (PID=21257) to work on /opt/airflow/dags/shopee_dag.py
[2026-05-28T04:59:57.243+0000] {processor.py:830} INFO - Processing file /opt/airflow/dags/shopee_dag.py for tasks to queue
[2026-05-28T04:59:57.245+0000] {logging_mixin.py:188} INFO - [2026-05-28T04:59:57.244+0000] {dagbag.py:545} INFO - Filling up the DagBag from /opt/airflow/dags/shopee_dag.py
[2026-05-28T04:59:57.358+0000] {processor.py:840} INFO - DAG(s) 'shopee_pipeline' retrieved from /opt/airflow/dags/shopee_dag.py
[2026-05-28T04:59:57.399+0000] {logging_mixin.py:188} INFO - [2026-05-28T04:59:57.398+0000] {dag.py:3096} INFO - Sync 1 DAGs
[2026-05-28T04:59:57.431+0000] {logging_mixin.py:188} INFO - [2026-05-28T04:59:57.431+0000] {dag.py:3954} INFO - Setting next_dagrun for shopee_pipeline to 2026-05-28 01:00:00+00:00, run_after=2026-05-29 01:00:00+00:00
[2026-05-28T04:59:57.456+0000] {processor.py:183} INFO - Processing /opt/airflow/dags/shopee_dag.py took 0.220 seconds
[2026-05-28T05:00:27.535+0000] {processor.py:161} INFO - Started process (PID=21387) to work on /opt/airflow/dags/shopee_dag.py
[2026-05-28T05:00:27.537+0000] {processor.py:830} INFO - Processing file /opt/airflow/dags/shopee_dag.py for tasks to queue
[2026-05-28T05:00:27.539+0000] {logging_mixin.py:188} INFO - [2026-05-28T05:00:27.538+0000] {dagbag.py:545} INFO - Filling up the DagBag from /opt/airflow/dags/shopee_dag.py
[2026-05-28T05:00:27.664+0000] {processor.py:840} INFO - DAG(s) 'shopee_pipeline' retrieved from /opt/airflow/dags/shopee_dag.py
[2026-05-28T05:00:27.706+0000] {logging_mixin.py:188} INFO - [2026-05-28T05:00:27.706+0000] {dag.py:3096} INFO - Sync 1 DAGs
[2026-05-28T05:00:27.736+0000] {logging_mixin.py:188} INFO - [2026-05-28T05:00:27.735+0000] {dag.py:3954} INFO - Setting next_dagrun for shopee_pipeline to 2026-05-28 01:00:00+00:00, run_after=2026-05-29 01:00:00+00:00
[2026-05-28T05:00:27.762+0000] {processor.py:183} INFO - Processing /opt/airflow/dags/shopee_dag.py took 0.235 seconds
[2026-05-28T05:00:58.084+0000] {processor.py:161} INFO - Started process (PID=21510) to work on /opt/airflow/dags/shopee_dag.py
[2026-05-28T05:00:58.085+0000] {processor.py:830} INFO - Processing file /opt/airflow/dags/shopee_dag.py for tasks to queue
[2026-05-28T05:00:58.087+0000] {logging_mixin.py:188} INFO - [2026-05-28T05:00:58.086+0000] {dagbag.py:545} INFO - Filling up the DagBag from /opt/airflow/dags/shopee_dag.py
[2026-05-28T05:00:58.178+0000] {processor.py:840} INFO - DAG(s) 'shopee_pipeline' retrieved from /opt/airflow/dags/shopee_dag.py
[2026-05-28T05:00:58.206+0000] {logging_mixin.py:188} INFO - [2026-05-28T05:00:58.205+0000] {dag.py:3096} INFO - Sync 1 DAGs
[2026-05-28T05:00:58.228+0000] {logging_mixin.py:188} INFO - [2026-05-28T05:00:58.228+0000] {dag.py:3954} INFO - Setting next_dagrun for shopee_pipeline to 2026-05-28 01:00:00+00:00, run_after=2026-05-29 01:00:00+00:00
[2026-05-28T05:00:58.269+0000] {processor.py:183} INFO - Processing /opt/airflow/dags/shopee_dag.py took 0.191 seconds
[2026-05-28T05:01:28.571+0000] {processor.py:161} INFO - Started process (PID=21598) to work on /opt/airflow/dags/shopee_dag.py
[2026-05-28T05:01:28.572+0000] {processor.py:830} INFO - Processing file /opt/airflow/dags/shopee_dag.py for tasks to queue
[2026-05-28T05:01:28.574+0000] {logging_mixin.py:188} INFO - [2026-05-28T05:01:28.574+0000] {dagbag.py:545} INFO - Filling up the DagBag from /opt/airflow/dags/shopee_dag.py
[2026-05-28T05:01:28.671+0000] {processor.py:840} INFO - DAG(s) 'shopee_pipeline' retrieved from /opt/airflow/dags/shopee_dag.py
[2026-05-28T05:01:28.698+0000] {logging_mixin.py:188} INFO - [2026-05-28T05:01:28.698+0000] {dag.py:3096} INFO - Sync 1 DAGs
[2026-05-28T05:01:28.721+0000] {logging_mixin.py:188} INFO - [2026-05-28T05:01:28.721+0000] {dag.py:3954} INFO - Setting next_dagrun for shopee_pipeline to 2026-05-28 01:00:00+00:00, run_after=2026-05-29 01:00:00+00:00
[2026-05-28T05:01:28.742+0000] {processor.py:183} INFO - Processing /opt/airflow/dags/shopee_dag.py took 0.177 seconds
[2026-05-28T05:01:59.198+0000] {processor.py:161} INFO - Started process (PID=21648) to work on /opt/airflow/dags/shopee_dag.py
[2026-05-28T05:01:59.199+0000] {processor.py:830} INFO - Processing file /opt/airflow/dags/shopee_dag.py for tasks to queue
[2026-05-28T05:01:59.201+0000] {logging_mixin.py:188} INFO - [2026-05-28T05:01:59.200+0000] {dagbag.py:545} INFO - Filling up the DagBag from /opt/airflow/dags/shopee_dag.py
[2026-05-28T05:01:59.314+0000] {processor.py:840} INFO - DAG(s) 'shopee_pipeline' retrieved from /opt/airflow/dags/shopee_dag.py
[2026-05-28T05:01:59.349+0000] {logging_mixin.py:188} INFO - [2026-05-28T05:01:59.349+0000] {dag.py:3096} INFO - Sync 1 DAGs
[2026-05-28T05:01:59.373+0000] {logging_mixin.py:188} INFO - [2026-05-28T05:01:59.373+0000] {dag.py:3954} INFO - Setting next_dagrun for shopee_pipeline to 2026-05-28 01:00:00+00:00, run_after=2026-05-29 01:00:00+00:00
[2026-05-28T05:01:59.394+0000] {processor.py:183} INFO - Processing /opt/airflow/dags/shopee_dag.py took 0.202 seconds
[2026-05-28T05:02:29.667+0000] {processor.py:161} INFO - Started process (PID=21735) to work on /opt/airflow/dags/shopee_dag.py
[2026-05-28T05:02:29.668+0000] {processor.py:830} INFO - Processing file /opt/airflow/dags/shopee_dag.py for tasks to queue
[2026-05-28T05:02:29.670+0000] {logging_mixin.py:188} INFO - [2026-05-28T05:02:29.669+0000] {dagbag.py:545} INFO - Filling up the DagBag from /opt/airflow/dags/shopee_dag.py
[2026-05-28T05:02:29.772+0000] {processor.py:840} INFO - DAG(s) 'shopee_pipeline' retrieved from /opt/airflow/dags/shopee_dag.py
[2026-05-28T05:02:29.807+0000] {logging_mixin.py:188} INFO - [2026-05-28T05:02:29.807+0000] {dag.py:3096} INFO - Sync 1 DAGs
[2026-05-28T05:02:29.836+0000] {logging_mixin.py:188} INFO - [2026-05-28T05:02:29.835+0000] {dag.py:3954} INFO - Setting next_dagrun for shopee_pipeline to 2026-05-28 01:00:00+00:00, run_after=2026-05-29 01:00:00+00:00
[2026-05-28T05:02:29.864+0000] {processor.py:183} INFO - Processing /opt/airflow/dags/shopee_dag.py took 0.203 seconds
[2026-05-28T05:03:00.376+0000] {processor.py:161} INFO - Started process (PID=21781) to work on /opt/airflow/dags/shopee_dag.py
[2026-05-28T05:03:00.378+0000] {processor.py:830} INFO - Processing file /opt/airflow/dags/shopee_dag.py for tasks to queue
[2026-05-28T05:03:00.380+0000] {logging_mixin.py:188} INFO - [2026-05-28T05:03:00.380+0000] {dagbag.py:545} INFO - Filling up the DagBag from /opt/airflow/dags/shopee_dag.py
[2026-05-28T05:03:00.512+0000] {processor.py:840} INFO - DAG(s) 'shopee_pipeline' retrieved from /opt/airflow/dags/shopee_dag.py
[2026-05-28T05:03:00.554+0000] {logging_mixin.py:188} INFO - [2026-05-28T05:03:00.554+0000] {dag.py:3096} INFO - Sync 1 DAGs
[2026-05-28T05:03:00.588+0000] {logging_mixin.py:188} INFO - [2026-05-28T05:03:00.588+0000] {dag.py:3954} INFO - Setting next_dagrun for shopee_pipeline to 2026-05-28 01:00:00+00:00, run_after=2026-05-29 01:00:00+00:00
[2026-05-28T05:03:00.619+0000] {processor.py:183} INFO - Processing /opt/airflow/dags/shopee_dag.py took 0.250 seconds
[2026-05-28T05:03:30.677+0000] {processor.py:161} INFO - Started process (PID=21903) to work on /opt/airflow/dags/shopee_dag.py
[2026-05-28T05:03:30.679+0000] {processor.py:830} INFO - Processing file /opt/airflow/dags/shopee_dag.py for tasks to queue
[2026-05-28T05:03:30.680+0000] {logging_mixin.py:188} INFO - [2026-05-28T05:03:30.680+0000] {dagbag.py:545} INFO - Filling up the DagBag from /opt/airflow/dags/shopee_dag.py
[2026-05-28T05:03:30.774+0000] {processor.py:840} INFO - DAG(s) 'shopee_pipeline' retrieved from /opt/airflow/dags/shopee_dag.py
[2026-05-28T05:03:30.803+0000] {logging_mixin.py:188} INFO - [2026-05-28T05:03:30.803+0000] {dag.py:3096} INFO - Sync 1 DAGs
[2026-05-28T05:03:30.826+0000] {logging_mixin.py:188} INFO - [2026-05-28T05:03:30.825+0000] {dag.py:3954} INFO - Setting next_dagrun for shopee_pipeline to 2026-05-28 01:00:00+00:00, run_after=2026-05-29 01:00:00+00:00
[2026-05-28T05:03:30.856+0000] {processor.py:183} INFO - Processing /opt/airflow/dags/shopee_dag.py took 0.186 seconds
[2026-05-28T05:04:01.214+0000] {processor.py:161} INFO - Started process (PID=22019) to work on /opt/airflow/dags/shopee_dag.py
[2026-05-28T05:04:01.215+0000] {processor.py:830} INFO - Processing file /opt/airflow/dags/shopee_dag.py for tasks to queue
[2026-05-28T05:04:01.217+0000] {logging_mixin.py:188} INFO - [2026-05-28T05:04:01.217+0000] {dagbag.py:545} INFO - Filling up the DagBag from /opt/airflow/dags/shopee_dag.py
[2026-05-28T05:04:01.336+0000] {processor.py:840} INFO - DAG(s) 'shopee_pipeline' retrieved from /opt/airflow/dags/shopee_dag.py
[2026-05-28T05:04:01.377+0000] {logging_mixin.py:188} INFO - [2026-05-28T05:04:01.376+0000] {dag.py:3096} INFO - Sync 1 DAGs
[2026-05-28T05:04:01.525+0000] {logging_mixin.py:188} INFO - [2026-05-28T05:04:01.525+0000] {dag.py:3954} INFO - Setting next_dagrun for shopee_pipeline to 2026-05-28 01:00:00+00:00, run_after=2026-05-29 01:00:00+00:00
[2026-05-28T05:04:01.552+0000] {processor.py:183} INFO - Processing /opt/airflow/dags/shopee_dag.py took 0.344 seconds
[2026-05-28T05:04:31.830+0000] {processor.py:161} INFO - Started process (PID=22039) to work on /opt/airflow/dags/shopee_dag.py
[2026-05-28T05:04:31.831+0000] {processor.py:830} INFO - Processing file /opt/airflow/dags/shopee_dag.py for tasks to queue
[2026-05-28T05:04:31.833+0000] {logging_mixin.py:188} INFO - [2026-05-28T05:04:31.832+0000] {dagbag.py:545} INFO - Filling up the DagBag from /opt/airflow/dags/shopee_dag.py
[2026-05-28T05:04:31.932+0000] {processor.py:840} INFO - DAG(s) 'shopee_pipeline' retrieved from /opt/airflow/dags/shopee_dag.py
[2026-05-28T05:04:31.962+0000] {logging_mixin.py:188} INFO - [2026-05-28T05:04:31.962+0000] {dag.py:3096} INFO - Sync 1 DAGs
[2026-05-28T05:04:31.982+0000] {logging_mixin.py:188} INFO - [2026-05-28T05:04:31.982+0000] {dag.py:3954} INFO - Setting next_dagrun for shopee_pipeline to 2026-05-28 01:00:00+00:00, run_after=2026-05-29 01:00:00+00:00
[2026-05-28T05:04:32.006+0000] {processor.py:183} INFO - Processing /opt/airflow/dags/shopee_dag.py took 0.182 seconds
[2026-05-28T05:05:02.667+0000] {processor.py:161} INFO - Started process (PID=22159) to work on /opt/airflow/dags/shopee_dag.py
[2026-05-28T05:05:02.669+0000] {processor.py:830} INFO - Processing file /opt/airflow/dags/shopee_dag.py for tasks to queue
[2026-05-28T05:05:02.670+0000] {logging_mixin.py:188} INFO - [2026-05-28T05:05:02.670+0000] {dagbag.py:545} INFO - Filling up the DagBag from /opt/airflow/dags/shopee_dag.py
[2026-05-28T05:05:02.769+0000] {processor.py:840} INFO - DAG(s) 'shopee_pipeline' retrieved from /opt/airflow/dags/shopee_dag.py
[2026-05-28T05:05:02.801+0000] {logging_mixin.py:188} INFO - [2026-05-28T05:05:02.801+0000] {dag.py:3096} INFO - Sync 1 DAGs
[2026-05-28T05:05:02.945+0000] {logging_mixin.py:188} INFO - [2026-05-28T05:05:02.945+0000] {dag.py:3954} INFO - Setting next_dagrun for shopee_pipeline to 2026-05-28 01:00:00+00:00, run_after=2026-05-29 01:00:00+00:00
[2026-05-28T05:05:02.988+0000] {processor.py:183} INFO - Processing /opt/airflow/dags/shopee_dag.py took 0.329 seconds
[2026-05-28T05:05:33.290+0000] {processor.py:161} INFO - Started process (PID=22286) to work on /opt/airflow/dags/shopee_dag.py
[2026-05-28T05:05:33.291+0000] {processor.py:830} INFO - Processing file /opt/airflow/dags/shopee_dag.py for tasks to queue
[2026-05-28T05:05:33.293+0000] {logging_mixin.py:188} INFO - [2026-05-28T05:05:33.292+0000] {dagbag.py:545} INFO - Filling up the DagBag from /opt/airflow/dags/shopee_dag.py
[2026-05-28T05:05:33.394+0000] {processor.py:840} INFO - DAG(s) 'shopee_pipeline' retrieved from /opt/airflow/dags/shopee_dag.py
[2026-05-28T05:05:33.425+0000] {logging_mixin.py:188} INFO - [2026-05-28T05:05:33.425+0000] {dag.py:3096} INFO - Sync 1 DAGs
[2026-05-28T05:05:33.449+0000] {logging_mixin.py:188} INFO - [2026-05-28T05:05:33.448+0000] {dag.py:3954} INFO - Setting next_dagrun for shopee_pipeline to 2026-05-28 01:00:00+00:00, run_after=2026-05-29 01:00:00+00:00
[2026-05-28T05:05:33.568+0000] {processor.py:183} INFO - Processing /opt/airflow/dags/shopee_dag.py took 0.286 seconds
[2026-05-28T05:06:04.029+0000] {processor.py:161} INFO - Started process (PID=22376) to work on /opt/airflow/dags/shopee_dag.py
[2026-05-28T05:06:04.030+0000] {processor.py:830} INFO - Processing file /opt/airflow/dags/shopee_dag.py for tasks to queue
[2026-05-28T05:06:04.032+0000] {logging_mixin.py:188} INFO - [2026-05-28T05:06:04.032+0000] {dagbag.py:545} INFO - Filling up the DagBag from /opt/airflow/dags/shopee_dag.py
[2026-05-28T05:06:04.126+0000] {processor.py:840} INFO - DAG(s) 'shopee_pipeline' retrieved from /opt/airflow/dags/shopee_dag.py
[2026-05-28T05:06:04.264+0000] {logging_mixin.py:188} INFO - [2026-05-28T05:06:04.264+0000] {dag.py:3096} INFO - Sync 1 DAGs
[2026-05-28T05:06:04.290+0000] {logging_mixin.py:188} INFO - [2026-05-28T05:06:04.289+0000] {dag.py:3954} INFO - Setting next_dagrun for shopee_pipeline to 2026-05-28 01:00:00+00:00, run_after=2026-05-29 01:00:00+00:00
[2026-05-28T05:06:04.312+0000] {processor.py:183} INFO - Processing /opt/airflow/dags/shopee_dag.py took 0.292 seconds
[2026-05-28T05:06:34.651+0000] {processor.py:161} INFO - Started process (PID=22420) to work on /opt/airflow/dags/shopee_dag.py
[2026-05-28T05:06:34.653+0000] {processor.py:830} INFO - Processing file /opt/airflow/dags/shopee_dag.py for tasks to queue
[2026-05-28T05:06:34.655+0000] {logging_mixin.py:188} INFO - [2026-05-28T05:06:34.655+0000] {dagbag.py:545} INFO - Filling up the DagBag from /opt/airflow/dags/shopee_dag.py
[2026-05-28T05:06:34.787+0000] {processor.py:840} INFO - DAG(s) 'shopee_pipeline' retrieved from /opt/airflow/dags/shopee_dag.py
[2026-05-28T05:06:34.823+0000] {logging_mixin.py:188} INFO - [2026-05-28T05:06:34.823+0000] {dag.py:3096} INFO - Sync 1 DAGs
[2026-05-28T05:06:34.969+0000] {logging_mixin.py:188} INFO - [2026-05-28T05:06:34.969+0000] {dag.py:3954} INFO - Setting next_dagrun for shopee_pipeline to 2026-05-28 01:00:00+00:00, run_after=2026-05-29 01:00:00+00:00
[2026-05-28T05:06:34.995+0000] {processor.py:183} INFO - Processing /opt/airflow/dags/shopee_dag.py took 0.351 seconds
[2026-05-28T05:07:05.578+0000] {processor.py:161} INFO - Started process (PID=22542) to work on /opt/airflow/dags/shopee_dag.py
[2026-05-28T05:07:05.579+0000] {processor.py:830} INFO - Processing file /opt/airflow/dags/shopee_dag.py for tasks to queue
[2026-05-28T05:07:05.581+0000] {logging_mixin.py:188} INFO - [2026-05-28T05:07:05.581+0000] {dagbag.py:545} INFO - Filling up the DagBag from /opt/airflow/dags/shopee_dag.py
[2026-05-28T05:07:05.804+0000] {processor.py:840} INFO - DAG(s) 'shopee_pipeline' retrieved from /opt/airflow/dags/shopee_dag.py
[2026-05-28T05:07:05.832+0000] {logging_mixin.py:188} INFO - [2026-05-28T05:07:05.831+0000] {dag.py:3096} INFO - Sync 1 DAGs
[2026-05-28T05:07:05.858+0000] {logging_mixin.py:188} INFO - [2026-05-28T05:07:05.858+0000] {dag.py:3954} INFO - Setting next_dagrun for shopee_pipeline to 2026-05-28 01:00:00+00:00, run_after=2026-05-29 01:00:00+00:00
[2026-05-28T05:07:05.889+0000] {processor.py:183} INFO - Processing /opt/airflow/dags/shopee_dag.py took 0.319 seconds
[2026-05-28T05:07:35.999+0000] {processor.py:161} INFO - Started process (PID=22676) to work on /opt/airflow/dags/shopee_dag.py
[2026-05-28T05:07:36.000+0000] {processor.py:830} INFO - Processing file /opt/airflow/dags/shopee_dag.py for tasks to queue
[2026-05-28T05:07:36.002+0000] {logging_mixin.py:188} INFO - [2026-05-28T05:07:36.002+0000] {dagbag.py:545} INFO - Filling up the DagBag from /opt/airflow/dags/shopee_dag.py
[2026-05-28T05:07:36.105+0000] {processor.py:840} INFO - DAG(s) 'shopee_pipeline' retrieved from /opt/airflow/dags/shopee_dag.py
[2026-05-28T05:07:36.244+0000] {logging_mixin.py:188} INFO - [2026-05-28T05:07:36.244+0000] {dag.py:3096} INFO - Sync 1 DAGs
[2026-05-28T05:07:36.268+0000] {logging_mixin.py:188} INFO - [2026-05-28T05:07:36.268+0000] {dag.py:3954} INFO - Setting next_dagrun for shopee_pipeline to 2026-05-28 01:00:00+00:00, run_after=2026-05-29 01:00:00+00:00
[2026-05-28T05:07:36.300+0000] {processor.py:183} INFO - Processing /opt/airflow/dags/shopee_dag.py took 0.309 seconds
[2026-05-28T05:08:06.621+0000] {processor.py:161} INFO - Started process (PID=22763) to work on /opt/airflow/dags/shopee_dag.py
[2026-05-28T05:08:06.622+0000] {processor.py:830} INFO - Processing file /opt/airflow/dags/shopee_dag.py for tasks to queue
[2026-05-28T05:08:06.624+0000] {logging_mixin.py:188} INFO - [2026-05-28T05:08:06.624+0000] {dagbag.py:545} INFO - Filling up the DagBag from /opt/airflow/dags/shopee_dag.py
[2026-05-28T05:08:06.894+0000] {processor.py:840} INFO - DAG(s) 'shopee_pipeline' retrieved from /opt/airflow/dags/shopee_dag.py
[2026-05-28T05:08:06.930+0000] {logging_mixin.py:188} INFO - [2026-05-28T05:08:06.930+0000] {dag.py:3096} INFO - Sync 1 DAGs
[2026-05-28T05:08:06.958+0000] {logging_mixin.py:188} INFO - [2026-05-28T05:08:06.958+0000] {dag.py:3954} INFO - Setting next_dagrun for shopee_pipeline to 2026-05-28 01:00:00+00:00, run_after=2026-05-29 01:00:00+00:00
[2026-05-28T05:08:06.984+0000] {processor.py:183} INFO - Processing /opt/airflow/dags/shopee_dag.py took 0.372 seconds
[2026-05-28T05:08:37.306+0000] {processor.py:161} INFO - Started process (PID=22807) to work on /opt/airflow/dags/shopee_dag.py
[2026-05-28T05:08:37.307+0000] {processor.py:830} INFO - Processing file /opt/airflow/dags/shopee_dag.py for tasks to queue
[2026-05-28T05:08:37.308+0000] {logging_mixin.py:188} INFO - [2026-05-28T05:08:37.308+0000] {dagbag.py:545} INFO - Filling up the DagBag from /opt/airflow/dags/shopee_dag.py
[2026-05-28T05:08:37.404+0000] {processor.py:840} INFO - DAG(s) 'shopee_pipeline' retrieved from /opt/airflow/dags/shopee_dag.py
[2026-05-28T05:08:37.527+0000] {logging_mixin.py:188} INFO - [2026-05-28T05:08:37.527+0000] {dag.py:3096} INFO - Sync 1 DAGs
[2026-05-28T05:08:37.548+0000] {logging_mixin.py:188} INFO - [2026-05-28T05:08:37.548+0000] {dag.py:3954} INFO - Setting next_dagrun for shopee_pipeline to 2026-05-28 01:00:00+00:00, run_after=2026-05-29 01:00:00+00:00
[2026-05-28T05:08:37.581+0000] {processor.py:183} INFO - Processing /opt/airflow/dags/shopee_dag.py took 0.281 seconds
[2026-05-28T05:09:08.154+0000] {processor.py:161} INFO - Started process (PID=22930) to work on /opt/airflow/dags/shopee_dag.py
[2026-05-28T05:09:08.155+0000] {processor.py:830} INFO - Processing file /opt/airflow/dags/shopee_dag.py for tasks to queue
[2026-05-28T05:09:08.157+0000] {logging_mixin.py:188} INFO - [2026-05-28T05:09:08.157+0000] {dagbag.py:545} INFO - Filling up the DagBag from /opt/airflow/dags/shopee_dag.py
[2026-05-28T05:09:08.380+0000] {processor.py:840} INFO - DAG(s) 'shopee_pipeline' retrieved from /opt/airflow/dags/shopee_dag.py
[2026-05-28T05:09:08.409+0000] {logging_mixin.py:188} INFO - [2026-05-28T05:09:08.409+0000] {dag.py:3096} INFO - Sync 1 DAGs
[2026-05-28T05:09:08.432+0000] {logging_mixin.py:188} INFO - [2026-05-28T05:09:08.432+0000] {dag.py:3954} INFO - Setting next_dagrun for shopee_pipeline to 2026-05-28 01:00:00+00:00, run_after=2026-05-29 01:00:00+00:00
[2026-05-28T05:09:08.463+0000] {processor.py:183} INFO - Processing /opt/airflow/dags/shopee_dag.py took 0.318 seconds
[2026-05-28T05:09:38.830+0000] {processor.py:161} INFO - Started process (PID=23034) to work on /opt/airflow/dags/shopee_dag.py
[2026-05-28T05:09:38.837+0000] {processor.py:830} INFO - Processing file /opt/airflow/dags/shopee_dag.py for tasks to queue
[2026-05-28T05:09:38.842+0000] {logging_mixin.py:188} INFO - [2026-05-28T05:09:38.841+0000] {dagbag.py:545} INFO - Filling up the DagBag from /opt/airflow/dags/shopee_dag.py
[2026-05-28T05:09:39.168+0000] {processor.py:840} INFO - DAG(s) 'shopee_pipeline' retrieved from /opt/airflow/dags/shopee_dag.py
[2026-05-28T05:09:39.245+0000] {logging_mixin.py:188} INFO - [2026-05-28T05:09:39.245+0000] {dag.py:3096} INFO - Sync 1 DAGs
[2026-05-28T05:09:39.327+0000] {logging_mixin.py:188} INFO - [2026-05-28T05:09:39.327+0000] {dag.py:3954} INFO - Setting next_dagrun for shopee_pipeline to 2026-05-28 01:00:00+00:00, run_after=2026-05-29 01:00:00+00:00
[2026-05-28T05:09:39.419+0000] {processor.py:183} INFO - Processing /opt/airflow/dags/shopee_dag.py took 0.601 seconds
[2026-05-28T05:10:10.215+0000] {processor.py:161} INFO - Started process (PID=23066) to work on /opt/airflow/dags/shopee_dag.py
[2026-05-28T05:10:10.215+0000] {processor.py:830} INFO - Processing file /opt/airflow/dags/shopee_dag.py for tasks to queue
[2026-05-28T05:10:10.217+0000] {logging_mixin.py:188} INFO - [2026-05-28T05:10:10.217+0000] {dagbag.py:545} INFO - Filling up the DagBag from /opt/airflow/dags/shopee_dag.py
[2026-05-28T05:10:10.441+0000] {processor.py:840} INFO - DAG(s) 'shopee_pipeline' retrieved from /opt/airflow/dags/shopee_dag.py
[2026-05-28T05:10:10.475+0000] {logging_mixin.py:188} INFO - [2026-05-28T05:10:10.475+0000] {dag.py:3096} INFO - Sync 1 DAGs
[2026-05-28T05:10:10.501+0000] {logging_mixin.py:188} INFO - [2026-05-28T05:10:10.500+0000] {dag.py:3954} INFO - Setting next_dagrun for shopee_pipeline to 2026-05-28 01:00:00+00:00, run_after=2026-05-29 01:00:00+00:00
[2026-05-28T05:10:10.524+0000] {processor.py:183} INFO - Processing /opt/airflow/dags/shopee_dag.py took 0.317 seconds
[2026-05-28T05:10:41.311+0000] {processor.py:161} INFO - Started process (PID=23208) to work on /opt/airflow/dags/shopee_dag.py
[2026-05-28T05:10:41.313+0000] {processor.py:830} INFO - Processing file /opt/airflow/dags/shopee_dag.py for tasks to queue
[2026-05-28T05:10:41.315+0000] {logging_mixin.py:188} INFO - [2026-05-28T05:10:41.315+0000] {dagbag.py:545} INFO - Filling up the DagBag from /opt/airflow/dags/shopee_dag.py
[2026-05-28T05:10:41.567+0000] {processor.py:840} INFO - DAG(s) 'shopee_pipeline' retrieved from /opt/airflow/dags/shopee_dag.py
[2026-05-28T05:10:41.599+0000] {logging_mixin.py:188} INFO - [2026-05-28T05:10:41.598+0000] {dag.py:3096} INFO - Sync 1 DAGs
[2026-05-28T05:10:41.622+0000] {logging_mixin.py:188} INFO - [2026-05-28T05:10:41.622+0000] {dag.py:3954} INFO - Setting next_dagrun for shopee_pipeline to 2026-05-28 01:00:00+00:00, run_after=2026-05-29 01:00:00+00:00
[2026-05-28T05:10:41.645+0000] {processor.py:183} INFO - Processing /opt/airflow/dags/shopee_dag.py took 0.344 seconds
[2026-05-28T05:11:12.012+0000] {processor.py:161} INFO - Started process (PID=23294) to work on /opt/airflow/dags/shopee_dag.py
[2026-05-28T05:11:12.013+0000] {processor.py:830} INFO - Processing file /opt/airflow/dags/shopee_dag.py for tasks to queue
[2026-05-28T05:11:12.015+0000] {logging_mixin.py:188} INFO - [2026-05-28T05:11:12.014+0000] {dagbag.py:545} INFO - Filling up the DagBag from /opt/airflow/dags/shopee_dag.py
[2026-05-28T05:11:12.221+0000] {processor.py:840} INFO - DAG(s) 'shopee_pipeline' retrieved from /opt/airflow/dags/shopee_dag.py
[2026-05-28T05:11:12.246+0000] {logging_mixin.py:188} INFO - [2026-05-28T05:11:12.246+0000] {dag.py:3096} INFO - Sync 1 DAGs
[2026-05-28T05:11:12.268+0000] {logging_mixin.py:188} INFO - [2026-05-28T05:11:12.267+0000] {dag.py:3954} INFO - Setting next_dagrun for shopee_pipeline to 2026-05-28 01:00:00+00:00, run_after=2026-05-29 01:00:00+00:00
[2026-05-28T05:11:12.290+0000] {processor.py:183} INFO - Processing /opt/airflow/dags/shopee_dag.py took 0.286 seconds
[2026-05-28T05:11:42.619+0000] {processor.py:161} INFO - Started process (PID=23345) to work on /opt/airflow/dags/shopee_dag.py
[2026-05-28T05:11:42.620+0000] {processor.py:830} INFO - Processing file /opt/airflow/dags/shopee_dag.py for tasks to queue
[2026-05-28T05:11:42.622+0000] {logging_mixin.py:188} INFO - [2026-05-28T05:11:42.621+0000] {dagbag.py:545} INFO - Filling up the DagBag from /opt/airflow/dags/shopee_dag.py
[2026-05-28T05:11:42.825+0000] {processor.py:840} INFO - DAG(s) 'shopee_pipeline' retrieved from /opt/airflow/dags/shopee_dag.py
[2026-05-28T05:11:42.853+0000] {logging_mixin.py:188} INFO - [2026-05-28T05:11:42.852+0000] {dag.py:3096} INFO - Sync 1 DAGs
[2026-05-28T05:11:42.886+0000] {logging_mixin.py:188} INFO - [2026-05-28T05:11:42.885+0000] {dag.py:3954} INFO - Setting next_dagrun for shopee_pipeline to 2026-05-28 01:00:00+00:00, run_after=2026-05-29 01:00:00+00:00
[2026-05-28T05:11:42.906+0000] {processor.py:183} INFO - Processing /opt/airflow/dags/shopee_dag.py took 0.292 seconds
[2026-05-28T05:12:13.243+0000] {processor.py:161} INFO - Started process (PID=23446) to work on /opt/airflow/dags/shopee_dag.py
[2026-05-28T05:12:13.244+0000] {processor.py:830} INFO - Processing file /opt/airflow/dags/shopee_dag.py for tasks to queue
[2026-05-28T05:12:13.246+0000] {logging_mixin.py:188} INFO - [2026-05-28T05:12:13.246+0000] {dagbag.py:545} INFO - Filling up the DagBag from /opt/airflow/dags/shopee_dag.py
[2026-05-28T05:12:13.447+0000] {processor.py:840} INFO - DAG(s) 'shopee_pipeline' retrieved from /opt/airflow/dags/shopee_dag.py
[2026-05-28T05:12:13.482+0000] {logging_mixin.py:188} INFO - [2026-05-28T05:12:13.482+0000] {dag.py:3096} INFO - Sync 1 DAGs
[2026-05-28T05:12:13.508+0000] {logging_mixin.py:188} INFO - [2026-05-28T05:12:13.508+0000] {dag.py:3954} INFO - Setting next_dagrun for shopee_pipeline to 2026-05-28 01:00:00+00:00, run_after=2026-05-29 01:00:00+00:00
[2026-05-28T05:12:13.538+0000] {processor.py:183} INFO - Processing /opt/airflow/dags/shopee_dag.py took 0.301 seconds
[2026-05-28T05:12:44.168+0000] {processor.py:161} INFO - Started process (PID=23481) to work on /opt/airflow/dags/shopee_dag.py
[2026-05-28T05:12:44.169+0000] {processor.py:830} INFO - Processing file /opt/airflow/dags/shopee_dag.py for tasks to queue
[2026-05-28T05:12:44.172+0000] {logging_mixin.py:188} INFO - [2026-05-28T05:12:44.171+0000] {dagbag.py:545} INFO - Filling up the DagBag from /opt/airflow/dags/shopee_dag.py
[2026-05-28T05:12:44.405+0000] {processor.py:840} INFO - DAG(s) 'shopee_pipeline' retrieved from /opt/airflow/dags/shopee_dag.py
[2026-05-28T05:12:44.438+0000] {logging_mixin.py:188} INFO - [2026-05-28T05:12:44.437+0000] {dag.py:3096} INFO - Sync 1 DAGs
[2026-05-28T05:12:44.463+0000] {logging_mixin.py:188} INFO - [2026-05-28T05:12:44.462+0000] {dag.py:3954} INFO - Setting next_dagrun for shopee_pipeline to 2026-05-28 01:00:00+00:00, run_after=2026-05-29 01:00:00+00:00
[2026-05-28T05:12:44.499+0000] {processor.py:183} INFO - Processing /opt/airflow/dags/shopee_dag.py took 0.339 seconds
[2026-05-28T05:13:14.810+0000] {processor.py:161} INFO - Started process (PID=23599) to work on /opt/airflow/dags/shopee_dag.py
[2026-05-28T05:13:14.811+0000] {processor.py:830} INFO - Processing file /opt/airflow/dags/shopee_dag.py for tasks to queue
[2026-05-28T05:13:14.813+0000] {logging_mixin.py:188} INFO - [2026-05-28T05:13:14.813+0000] {dagbag.py:545} INFO - Filling up the DagBag from /opt/airflow/dags/shopee_dag.py
[2026-05-28T05:13:15.039+0000] {processor.py:840} INFO - DAG(s) 'shopee_pipeline' retrieved from /opt/airflow/dags/shopee_dag.py
[2026-05-28T05:13:15.071+0000] {logging_mixin.py:188} INFO - [2026-05-28T05:13:15.071+0000] {dag.py:3096} INFO - Sync 1 DAGs
[2026-05-28T05:13:15.097+0000] {logging_mixin.py:188} INFO - [2026-05-28T05:13:15.097+0000] {dag.py:3954} INFO - Setting next_dagrun for shopee_pipeline to 2026-05-28 01:00:00+00:00, run_after=2026-05-29 01:00:00+00:00
[2026-05-28T05:13:15.131+0000] {processor.py:183} INFO - Processing /opt/airflow/dags/shopee_dag.py took 0.328 seconds
[2026-05-28T05:13:45.306+0000] {processor.py:161} INFO - Started process (PID=23720) to work on /opt/airflow/dags/shopee_dag.py
[2026-05-28T05:13:45.307+0000] {processor.py:830} INFO - Processing file /opt/airflow/dags/shopee_dag.py for tasks to queue
[2026-05-28T05:13:45.309+0000] {logging_mixin.py:188} INFO - [2026-05-28T05:13:45.308+0000] {dagbag.py:545} INFO - Filling up the DagBag from /opt/airflow/dags/shopee_dag.py
[2026-05-28T05:13:45.527+0000] {processor.py:840} INFO - DAG(s) 'shopee_pipeline' retrieved from /opt/airflow/dags/shopee_dag.py
[2026-05-28T05:13:45.558+0000] {logging_mixin.py:188} INFO - [2026-05-28T05:13:45.558+0000] {dag.py:3096} INFO - Sync 1 DAGs
[2026-05-28T05:13:45.583+0000] {logging_mixin.py:188} INFO - [2026-05-28T05:13:45.583+0000] {dag.py:3954} INFO - Setting next_dagrun for shopee_pipeline to 2026-05-28 01:00:00+00:00, run_after=2026-05-29 01:00:00+00:00
[2026-05-28T05:13:45.605+0000] {processor.py:183} INFO - Processing /opt/airflow/dags/shopee_dag.py took 0.305 seconds
[2026-05-28T05:14:15.940+0000] {processor.py:161} INFO - Started process (PID=23807) to work on /opt/airflow/dags/shopee_dag.py
[2026-05-28T05:14:15.942+0000] {processor.py:830} INFO - Processing file /opt/airflow/dags/shopee_dag.py for tasks to queue
[2026-05-28T05:14:15.944+0000] {logging_mixin.py:188} INFO - [2026-05-28T05:14:15.944+0000] {dagbag.py:545} INFO - Filling up the DagBag from /opt/airflow/dags/shopee_dag.py
[2026-05-28T05:14:16.205+0000] {processor.py:840} INFO - DAG(s) 'shopee_pipeline' retrieved from /opt/airflow/dags/shopee_dag.py
[2026-05-28T05:14:16.235+0000] {logging_mixin.py:188} INFO - [2026-05-28T05:14:16.235+0000] {dag.py:3096} INFO - Sync 1 DAGs
[2026-05-28T05:14:16.256+0000] {logging_mixin.py:188} INFO - [2026-05-28T05:14:16.256+0000] {dag.py:3954} INFO - Setting next_dagrun for shopee_pipeline to 2026-05-28 01:00:00+00:00, run_after=2026-05-29 01:00:00+00:00
[2026-05-28T05:14:16.274+0000] {processor.py:183} INFO - Processing /opt/airflow/dags/shopee_dag.py took 0.344 seconds
[2026-05-28T05:14:46.599+0000] {processor.py:161} INFO - Started process (PID=23857) to work on /opt/airflow/dags/shopee_dag.py
[2026-05-28T05:14:46.600+0000] {processor.py:830} INFO - Processing file /opt/airflow/dags/shopee_dag.py for tasks to queue
[2026-05-28T05:14:46.602+0000] {logging_mixin.py:188} INFO - [2026-05-28T05:14:46.602+0000] {dagbag.py:545} INFO - Filling up the DagBag from /opt/airflow/dags/shopee_dag.py
[2026-05-28T05:14:46.820+0000] {processor.py:840} INFO - DAG(s) 'shopee_pipeline' retrieved from /opt/airflow/dags/shopee_dag.py
[2026-05-28T05:14:46.848+0000] {logging_mixin.py:188} INFO - [2026-05-28T05:14:46.848+0000] {dag.py:3096} INFO - Sync 1 DAGs
[2026-05-28T05:14:46.870+0000] {logging_mixin.py:188} INFO - [2026-05-28T05:14:46.870+0000] {dag.py:3954} INFO - Setting next_dagrun for shopee_pipeline to 2026-05-28 01:00:00+00:00, run_after=2026-05-29 01:00:00+00:00
[2026-05-28T05:14:46.889+0000] {processor.py:183} INFO - Processing /opt/airflow/dags/shopee_dag.py took 0.298 seconds
[2026-05-28T05:15:17.415+0000] {processor.py:161} INFO - Started process (PID=23984) to work on /opt/airflow/dags/shopee_dag.py
[2026-05-28T05:15:17.416+0000] {processor.py:830} INFO - Processing file /opt/airflow/dags/shopee_dag.py for tasks to queue
[2026-05-28T05:15:17.419+0000] {logging_mixin.py:188} INFO - [2026-05-28T05:15:17.418+0000] {dagbag.py:545} INFO - Filling up the DagBag from /opt/airflow/dags/shopee_dag.py
[2026-05-28T05:15:17.639+0000] {processor.py:840} INFO - DAG(s) 'shopee_pipeline' retrieved from /opt/airflow/dags/shopee_dag.py
[2026-05-28T05:15:17.670+0000] {logging_mixin.py:188} INFO - [2026-05-28T05:15:17.670+0000] {dag.py:3096} INFO - Sync 1 DAGs
[2026-05-28T05:15:17.695+0000] {logging_mixin.py:188} INFO - [2026-05-28T05:15:17.694+0000] {dag.py:3954} INFO - Setting next_dagrun for shopee_pipeline to 2026-05-28 01:00:00+00:00, run_after=2026-05-29 01:00:00+00:00
[2026-05-28T05:15:17.728+0000] {processor.py:183} INFO - Processing /opt/airflow/dags/shopee_dag.py took 0.320 seconds
[2026-05-28T05:15:48.189+0000] {processor.py:161} INFO - Started process (PID=24107) to work on /opt/airflow/dags/shopee_dag.py
[2026-05-28T05:15:48.190+0000] {processor.py:830} INFO - Processing file /opt/airflow/dags/shopee_dag.py for tasks to queue
[2026-05-28T05:15:48.192+0000] {logging_mixin.py:188} INFO - [2026-05-28T05:15:48.192+0000] {dagbag.py:545} INFO - Filling up the DagBag from /opt/airflow/dags/shopee_dag.py
[2026-05-28T05:15:48.486+0000] {processor.py:840} INFO - DAG(s) 'shopee_pipeline' retrieved from /opt/airflow/dags/shopee_dag.py
[2026-05-28T05:15:48.544+0000] {logging_mixin.py:188} INFO - [2026-05-28T05:15:48.543+0000] {dag.py:3096} INFO - Sync 1 DAGs
[2026-05-28T05:15:48.595+0000] {logging_mixin.py:188} INFO - [2026-05-28T05:15:48.595+0000] {dag.py:3954} INFO - Setting next_dagrun for shopee_pipeline to 2026-05-28 01:00:00+00:00, run_after=2026-05-29 01:00:00+00:00
[2026-05-28T05:15:48.624+0000] {processor.py:183} INFO - Processing /opt/airflow/dags/shopee_dag.py took 0.444 seconds
[2026-05-28T05:16:19.149+0000] {processor.py:161} INFO - Started process (PID=24196) to work on /opt/airflow/dags/shopee_dag.py
[2026-05-28T05:16:19.150+0000] {processor.py:830} INFO - Processing file /opt/airflow/dags/shopee_dag.py for tasks to queue
[2026-05-28T05:16:19.152+0000] {logging_mixin.py:188} INFO - [2026-05-28T05:16:19.151+0000] {dagbag.py:545} INFO - Filling up the DagBag from /opt/airflow/dags/shopee_dag.py
[2026-05-28T05:16:19.264+0000] {processor.py:840} INFO - DAG(s) 'shopee_pipeline' retrieved from /opt/airflow/dags/shopee_dag.py
[2026-05-28T05:16:19.310+0000] {logging_mixin.py:188} INFO - [2026-05-28T05:16:19.309+0000] {dag.py:3096} INFO - Sync 1 DAGs
[2026-05-28T05:16:19.334+0000] {logging_mixin.py:188} INFO - [2026-05-28T05:16:19.334+0000] {dag.py:3954} INFO - Setting next_dagrun for shopee_pipeline to 2026-05-28 01:00:00+00:00, run_after=2026-05-29 01:00:00+00:00
[2026-05-28T05:16:19.356+0000] {processor.py:183} INFO - Processing /opt/airflow/dags/shopee_dag.py took 0.213 seconds
[2026-05-28T05:16:49.877+0000] {processor.py:161} INFO - Started process (PID=24219) to work on /opt/airflow/dags/shopee_dag.py
[2026-05-28T05:16:49.878+0000] {processor.py:830} INFO - Processing file /opt/airflow/dags/shopee_dag.py for tasks to queue
[2026-05-28T05:16:49.880+0000] {logging_mixin.py:188} INFO - [2026-05-28T05:16:49.879+0000] {dagbag.py:545} INFO - Filling up the DagBag from /opt/airflow/dags/shopee_dag.py
[2026-05-28T05:16:49.978+0000] {processor.py:840} INFO - DAG(s) 'shopee_pipeline' retrieved from /opt/airflow/dags/shopee_dag.py
[2026-05-28T05:16:50.015+0000] {logging_mixin.py:188} INFO - [2026-05-28T05:16:50.015+0000] {dag.py:3096} INFO - Sync 1 DAGs
[2026-05-28T05:16:50.049+0000] {logging_mixin.py:188} INFO - [2026-05-28T05:16:50.049+0000] {dag.py:3954} INFO - Setting next_dagrun for shopee_pipeline to 2026-05-28 01:00:00+00:00, run_after=2026-05-29 01:00:00+00:00
[2026-05-28T05:16:50.076+0000] {processor.py:183} INFO - Processing /opt/airflow/dags/shopee_dag.py took 0.205 seconds
[2026-05-28T05:17:20.414+0000] {processor.py:161} INFO - Started process (PID=24308) to work on /opt/airflow/dags/shopee_dag.py
[2026-05-28T05:17:20.415+0000] {processor.py:830} INFO - Processing file /opt/airflow/dags/shopee_dag.py for tasks to queue
[2026-05-28T05:17:20.417+0000] {logging_mixin.py:188} INFO - [2026-05-28T05:17:20.417+0000] {dagbag.py:545} INFO - Filling up the DagBag from /opt/airflow/dags/shopee_dag.py
[2026-05-28T05:17:20.556+0000] {processor.py:840} INFO - DAG(s) 'shopee_pipeline' retrieved from /opt/airflow/dags/shopee_dag.py
[2026-05-28T05:17:20.597+0000] {logging_mixin.py:188} INFO - [2026-05-28T05:17:20.597+0000] {dag.py:3096} INFO - Sync 1 DAGs
[2026-05-28T05:17:20.630+0000] {logging_mixin.py:188} INFO - [2026-05-28T05:17:20.630+0000] {dag.py:3954} INFO - Setting next_dagrun for shopee_pipeline to 2026-05-28 01:00:00+00:00, run_after=2026-05-29 01:00:00+00:00
[2026-05-28T05:17:20.665+0000] {processor.py:183} INFO - Processing /opt/airflow/dags/shopee_dag.py took 0.260 seconds
[2026-05-28T05:17:51.300+0000] {processor.py:161} INFO - Started process (PID=24355) to work on /opt/airflow/dags/shopee_dag.py
[2026-05-28T05:17:51.301+0000] {processor.py:830} INFO - Processing file /opt/airflow/dags/shopee_dag.py for tasks to queue
[2026-05-28T05:17:51.303+0000] {logging_mixin.py:188} INFO - [2026-05-28T05:17:51.303+0000] {dagbag.py:545} INFO - Filling up the DagBag from /opt/airflow/dags/shopee_dag.py
[2026-05-28T05:17:51.431+0000] {processor.py:840} INFO - DAG(s) 'shopee_pipeline' retrieved from /opt/airflow/dags/shopee_dag.py
[2026-05-28T05:17:51.467+0000] {logging_mixin.py:188} INFO - [2026-05-28T05:17:51.467+0000] {dag.py:3096} INFO - Sync 1 DAGs
[2026-05-28T05:17:51.495+0000] {logging_mixin.py:188} INFO - [2026-05-28T05:17:51.495+0000] {dag.py:3954} INFO - Setting next_dagrun for shopee_pipeline to 2026-05-28 01:00:00+00:00, run_after=2026-05-29 01:00:00+00:00
[2026-05-28T05:17:51.529+0000] {processor.py:183} INFO - Processing /opt/airflow/dags/shopee_dag.py took 0.238 seconds
[2026-05-28T05:18:21.875+0000] {processor.py:161} INFO - Started process (PID=24485) to work on /opt/airflow/dags/shopee_dag.py
[2026-05-28T05:18:21.876+0000] {processor.py:830} INFO - Processing file /opt/airflow/dags/shopee_dag.py for tasks to queue
[2026-05-28T05:18:21.878+0000] {logging_mixin.py:188} INFO - [2026-05-28T05:18:21.878+0000] {dagbag.py:545} INFO - Filling up the DagBag from /opt/airflow/dags/shopee_dag.py
[2026-05-28T05:18:21.987+0000] {processor.py:840} INFO - DAG(s) 'shopee_pipeline' retrieved from /opt/airflow/dags/shopee_dag.py
[2026-05-28T05:18:22.024+0000] {logging_mixin.py:188} INFO - [2026-05-28T05:18:22.024+0000] {dag.py:3096} INFO - Sync 1 DAGs
[2026-05-28T05:18:22.049+0000] {logging_mixin.py:188} INFO - [2026-05-28T05:18:22.049+0000] {dag.py:3954} INFO - Setting next_dagrun for shopee_pipeline to 2026-05-28 01:00:00+00:00, run_after=2026-05-29 01:00:00+00:00
[2026-05-28T05:18:22.072+0000] {processor.py:183} INFO - Processing /opt/airflow/dags/shopee_dag.py took 0.203 seconds
[2026-05-28T05:18:52.392+0000] {processor.py:161} INFO - Started process (PID=24608) to work on /opt/airflow/dags/shopee_dag.py
[2026-05-28T05:18:52.396+0000] {processor.py:830} INFO - Processing file /opt/airflow/dags/shopee_dag.py for tasks to queue
[2026-05-28T05:18:52.399+0000] {logging_mixin.py:188} INFO - [2026-05-28T05:18:52.398+0000] {dagbag.py:545} INFO - Filling up the DagBag from /opt/airflow/dags/shopee_dag.py
[2026-05-28T05:18:52.533+0000] {processor.py:840} INFO - DAG(s) 'shopee_pipeline' retrieved from /opt/airflow/dags/shopee_dag.py
[2026-05-28T05:18:52.577+0000] {logging_mixin.py:188} INFO - [2026-05-28T05:18:52.576+0000] {dag.py:3096} INFO - Sync 1 DAGs
[2026-05-28T05:18:52.614+0000] {logging_mixin.py:188} INFO - [2026-05-28T05:18:52.614+0000] {dag.py:3954} INFO - Setting next_dagrun for shopee_pipeline to 2026-05-28 01:00:00+00:00, run_after=2026-05-29 01:00:00+00:00
[2026-05-28T05:18:52.645+0000] {processor.py:183} INFO - Processing /opt/airflow/dags/shopee_dag.py took 0.261 seconds
[2026-05-28T05:19:22.931+0000] {processor.py:161} INFO - Started process (PID=24703) to work on /opt/airflow/dags/shopee_dag.py
[2026-05-28T05:19:22.932+0000] {processor.py:830} INFO - Processing file /opt/airflow/dags/shopee_dag.py for tasks to queue
[2026-05-28T05:19:22.934+0000] {logging_mixin.py:188} INFO - [2026-05-28T05:19:22.934+0000] {dagbag.py:545} INFO - Filling up the DagBag from /opt/airflow/dags/shopee_dag.py
[2026-05-28T05:19:23.044+0000] {processor.py:840} INFO - DAG(s) 'shopee_pipeline' retrieved from /opt/airflow/dags/shopee_dag.py
[2026-05-28T05:19:23.079+0000] {logging_mixin.py:188} INFO - [2026-05-28T05:19:23.079+0000] {dag.py:3096} INFO - Sync 1 DAGs
[2026-05-28T05:19:23.112+0000] {logging_mixin.py:188} INFO - [2026-05-28T05:19:23.112+0000] {dag.py:3954} INFO - Setting next_dagrun for shopee_pipeline to 2026-05-28 01:00:00+00:00, run_after=2026-05-29 01:00:00+00:00
[2026-05-28T05:19:23.153+0000] {processor.py:183} INFO - Processing /opt/airflow/dags/shopee_dag.py took 0.230 seconds
[2026-05-28T05:19:53.486+0000] {processor.py:161} INFO - Started process (PID=24742) to work on /opt/airflow/dags/shopee_dag.py
[2026-05-28T05:19:53.488+0000] {processor.py:830} INFO - Processing file /opt/airflow/dags/shopee_dag.py for tasks to queue
[2026-05-28T05:19:53.491+0000] {logging_mixin.py:188} INFO - [2026-05-28T05:19:53.491+0000] {dagbag.py:545} INFO - Filling up the DagBag from /opt/airflow/dags/shopee_dag.py
[2026-05-28T05:19:53.633+0000] {processor.py:840} INFO - DAG(s) 'shopee_pipeline' retrieved from /opt/airflow/dags/shopee_dag.py
[2026-05-28T05:19:53.680+0000] {logging_mixin.py:188} INFO - [2026-05-28T05:19:53.680+0000] {dag.py:3096} INFO - Sync 1 DAGs
[2026-05-28T05:19:53.711+0000] {logging_mixin.py:188} INFO - [2026-05-28T05:19:53.710+0000] {dag.py:3954} INFO - Setting next_dagrun for shopee_pipeline to 2026-05-28 01:00:00+00:00, run_after=2026-05-29 01:00:00+00:00
[2026-05-28T05:19:53.745+0000] {processor.py:183} INFO - Processing /opt/airflow/dags/shopee_dag.py took 0.270 seconds
[2026-05-28T05:20:24.066+0000] {processor.py:161} INFO - Started process (PID=24862) to work on /opt/airflow/dags/shopee_dag.py
[2026-05-28T05:20:24.068+0000] {processor.py:830} INFO - Processing file /opt/airflow/dags/shopee_dag.py for tasks to queue
[2026-05-28T05:20:24.070+0000] {logging_mixin.py:188} INFO - [2026-05-28T05:20:24.069+0000] {dagbag.py:545} INFO - Filling up the DagBag from /opt/airflow/dags/shopee_dag.py
[2026-05-28T05:20:24.189+0000] {processor.py:840} INFO - DAG(s) 'shopee_pipeline' retrieved from /opt/airflow/dags/shopee_dag.py
[2026-05-28T05:20:24.228+0000] {logging_mixin.py:188} INFO - [2026-05-28T05:20:24.227+0000] {dag.py:3096} INFO - Sync 1 DAGs
[2026-05-28T05:20:24.260+0000] {logging_mixin.py:188} INFO - [2026-05-28T05:20:24.260+0000] {dag.py:3954} INFO - Setting next_dagrun for shopee_pipeline to 2026-05-28 01:00:00+00:00, run_after=2026-05-29 01:00:00+00:00
[2026-05-28T05:20:24.288+0000] {processor.py:183} INFO - Processing /opt/airflow/dags/shopee_dag.py took 0.228 seconds
[2026-05-28T05:20:54.760+0000] {processor.py:161} INFO - Started process (PID=24987) to work on /opt/airflow/dags/shopee_dag.py
[2026-05-28T05:20:54.761+0000] {processor.py:830} INFO - Processing file /opt/airflow/dags/shopee_dag.py for tasks to queue
[2026-05-28T05:20:54.763+0000] {logging_mixin.py:188} INFO - [2026-05-28T05:20:54.762+0000] {dagbag.py:545} INFO - Filling up the DagBag from /opt/airflow/dags/shopee_dag.py
[2026-05-28T05:20:54.869+0000] {processor.py:840} INFO - DAG(s) 'shopee_pipeline' retrieved from /opt/airflow/dags/shopee_dag.py
[2026-05-28T05:20:54.907+0000] {logging_mixin.py:188} INFO - [2026-05-28T05:20:54.907+0000] {dag.py:3096} INFO - Sync 1 DAGs
[2026-05-28T05:20:54.934+0000] {logging_mixin.py:188} INFO - [2026-05-28T05:20:54.934+0000] {dag.py:3954} INFO - Setting next_dagrun for shopee_pipeline to 2026-05-28 01:00:00+00:00, run_after=2026-05-29 01:00:00+00:00
[2026-05-28T05:20:54.968+0000] {processor.py:183} INFO - Processing /opt/airflow/dags/shopee_dag.py took 0.216 seconds
[2026-05-28T05:21:25.297+0000] {processor.py:161} INFO - Started process (PID=25104) to work on /opt/airflow/dags/shopee_dag.py
[2026-05-28T05:21:25.299+0000] {processor.py:830} INFO - Processing file /opt/airflow/dags/shopee_dag.py for tasks to queue
[2026-05-28T05:21:25.302+0000] {logging_mixin.py:188} INFO - [2026-05-28T05:21:25.302+0000] {dagbag.py:545} INFO - Filling up the DagBag from /opt/airflow/dags/shopee_dag.py
[2026-05-28T05:21:25.497+0000] {processor.py:840} INFO - DAG(s) 'shopee_pipeline' retrieved from /opt/airflow/dags/shopee_dag.py
[2026-05-28T05:21:25.550+0000] {logging_mixin.py:188} INFO - [2026-05-28T05:21:25.549+0000] {dag.py:3096} INFO - Sync 1 DAGs
[2026-05-28T05:21:25.589+0000] {logging_mixin.py:188} INFO - [2026-05-28T05:21:25.589+0000] {dag.py:3954} INFO - Setting next_dagrun for shopee_pipeline to 2026-05-28 01:00:00+00:00, run_after=2026-05-29 01:00:00+00:00
[2026-05-28T05:21:25.618+0000] {processor.py:183} INFO - Processing /opt/airflow/dags/shopee_dag.py took 0.332 seconds
[2026-05-28T05:21:56.212+0000] {processor.py:161} INFO - Started process (PID=25123) to work on /opt/airflow/dags/shopee_dag.py
[2026-05-28T05:21:56.213+0000] {processor.py:830} INFO - Processing file /opt/airflow/dags/shopee_dag.py for tasks to queue
[2026-05-28T05:21:56.216+0000] {logging_mixin.py:188} INFO - [2026-05-28T05:21:56.215+0000] {dagbag.py:545} INFO - Filling up the DagBag from /opt/airflow/dags/shopee_dag.py
[2026-05-28T05:21:56.355+0000] {processor.py:840} INFO - DAG(s) 'shopee_pipeline' retrieved from /opt/airflow/dags/shopee_dag.py
[2026-05-28T05:21:56.400+0000] {logging_mixin.py:188} INFO - [2026-05-28T05:21:56.400+0000] {dag.py:3096} INFO - Sync 1 DAGs
[2026-05-28T05:21:56.432+0000] {logging_mixin.py:188} INFO - [2026-05-28T05:21:56.432+0000] {dag.py:3954} INFO - Setting next_dagrun for shopee_pipeline to 2026-05-28 01:00:00+00:00, run_after=2026-05-29 01:00:00+00:00
[2026-05-28T05:21:56.462+0000] {processor.py:183} INFO - Processing /opt/airflow/dags/shopee_dag.py took 0.258 seconds
[2026-05-28T05:22:26.737+0000] {processor.py:161} INFO - Started process (PID=25249) to work on /opt/airflow/dags/shopee_dag.py
[2026-05-28T05:22:26.738+0000] {processor.py:830} INFO - Processing file /opt/airflow/dags/shopee_dag.py for tasks to queue
[2026-05-28T05:22:26.740+0000] {logging_mixin.py:188} INFO - [2026-05-28T05:22:26.740+0000] {dagbag.py:545} INFO - Filling up the DagBag from /opt/airflow/dags/shopee_dag.py
[2026-05-28T05:22:26.839+0000] {processor.py:840} INFO - DAG(s) 'shopee_pipeline' retrieved from /opt/airflow/dags/shopee_dag.py
[2026-05-28T05:22:26.879+0000] {logging_mixin.py:188} INFO - [2026-05-28T05:22:26.879+0000] {dag.py:3096} INFO - Sync 1 DAGs
[2026-05-28T05:22:26.910+0000] {logging_mixin.py:188} INFO - [2026-05-28T05:22:26.910+0000] {dag.py:3954} INFO - Setting next_dagrun for shopee_pipeline to 2026-05-28 01:00:00+00:00, run_after=2026-05-29 01:00:00+00:00
[2026-05-28T05:22:26.945+0000] {processor.py:183} INFO - Processing /opt/airflow/dags/shopee_dag.py took 0.214 seconds
[2026-05-28T05:22:57.293+0000] {processor.py:161} INFO - Started process (PID=25376) to work on /opt/airflow/dags/shopee_dag.py
[2026-05-28T05:22:57.294+0000] {processor.py:830} INFO - Processing file /opt/airflow/dags/shopee_dag.py for tasks to queue
[2026-05-28T05:22:57.296+0000] {logging_mixin.py:188} INFO - [2026-05-28T05:22:57.296+0000] {dagbag.py:545} INFO - Filling up the DagBag from /opt/airflow/dags/shopee_dag.py
[2026-05-28T05:22:57.405+0000] {processor.py:840} INFO - DAG(s) 'shopee_pipeline' retrieved from /opt/airflow/dags/shopee_dag.py
[2026-05-28T05:22:57.445+0000] {logging_mixin.py:188} INFO - [2026-05-28T05:22:57.445+0000] {dag.py:3096} INFO - Sync 1 DAGs
[2026-05-28T05:22:57.479+0000] {logging_mixin.py:188} INFO - [2026-05-28T05:22:57.479+0000] {dag.py:3954} INFO - Setting next_dagrun for shopee_pipeline to 2026-05-28 01:00:00+00:00, run_after=2026-05-29 01:00:00+00:00
[2026-05-28T05:22:57.513+0000] {processor.py:183} INFO - Processing /opt/airflow/dags/shopee_dag.py took 0.226 seconds
[2026-05-28T05:23:27.915+0000] {processor.py:161} INFO - Started process (PID=25491) to work on /opt/airflow/dags/shopee_dag.py
[2026-05-28T05:23:27.917+0000] {processor.py:830} INFO - Processing file /opt/airflow/dags/shopee_dag.py for tasks to queue
[2026-05-28T05:23:27.921+0000] {logging_mixin.py:188} INFO - [2026-05-28T05:23:27.921+0000] {dagbag.py:545} INFO - Filling up the DagBag from /opt/airflow/dags/shopee_dag.py
[2026-05-28T05:23:28.078+0000] {processor.py:840} INFO - DAG(s) 'shopee_pipeline' retrieved from /opt/airflow/dags/shopee_dag.py
[2026-05-28T05:23:28.125+0000] {logging_mixin.py:188} INFO - [2026-05-28T05:23:28.124+0000] {dag.py:3096} INFO - Sync 1 DAGs
[2026-05-28T05:23:28.158+0000] {logging_mixin.py:188} INFO - [2026-05-28T05:23:28.157+0000] {dag.py:3954} INFO - Setting next_dagrun for shopee_pipeline to 2026-05-28 01:00:00+00:00, run_after=2026-05-29 01:00:00+00:00
[2026-05-28T05:23:28.188+0000] {processor.py:183} INFO - Processing /opt/airflow/dags/shopee_dag.py took 0.283 seconds
[2026-05-28T05:23:58.467+0000] {processor.py:161} INFO - Started process (PID=25510) to work on /opt/airflow/dags/shopee_dag.py
[2026-05-28T05:23:58.468+0000] {processor.py:830} INFO - Processing file /opt/airflow/dags/shopee_dag.py for tasks to queue
[2026-05-28T05:23:58.470+0000] {logging_mixin.py:188} INFO - [2026-05-28T05:23:58.469+0000] {dagbag.py:545} INFO - Filling up the DagBag from /opt/airflow/dags/shopee_dag.py
[2026-05-28T05:23:58.586+0000] {processor.py:840} INFO - DAG(s) 'shopee_pipeline' retrieved from /opt/airflow/dags/shopee_dag.py
[2026-05-28T05:23:58.623+0000] {logging_mixin.py:188} INFO - [2026-05-28T05:23:58.623+0000] {dag.py:3096} INFO - Sync 1 DAGs
[2026-05-28T05:23:58.647+0000] {logging_mixin.py:188} INFO - [2026-05-28T05:23:58.647+0000] {dag.py:3954} INFO - Setting next_dagrun for shopee_pipeline to 2026-05-28 01:00:00+00:00, run_after=2026-05-29 01:00:00+00:00
[2026-05-28T05:23:58.680+0000] {processor.py:183} INFO - Processing /opt/airflow/dags/shopee_dag.py took 0.220 seconds
[2026-05-28T05:24:29.249+0000] {processor.py:161} INFO - Started process (PID=25631) to work on /opt/airflow/dags/shopee_dag.py
[2026-05-28T05:24:29.250+0000] {processor.py:830} INFO - Processing file /opt/airflow/dags/shopee_dag.py for tasks to queue
[2026-05-28T05:24:29.252+0000] {logging_mixin.py:188} INFO - [2026-05-28T05:24:29.252+0000] {dagbag.py:545} INFO - Filling up the DagBag from /opt/airflow/dags/shopee_dag.py
[2026-05-28T05:24:29.375+0000] {processor.py:840} INFO - DAG(s) 'shopee_pipeline' retrieved from /opt/airflow/dags/shopee_dag.py
[2026-05-28T05:24:29.419+0000] {logging_mixin.py:188} INFO - [2026-05-28T05:24:29.418+0000] {dag.py:3096} INFO - Sync 1 DAGs
[2026-05-28T05:24:29.463+0000] {logging_mixin.py:188} INFO - [2026-05-28T05:24:29.463+0000] {dag.py:3954} INFO - Setting next_dagrun for shopee_pipeline to 2026-05-28 01:00:00+00:00, run_after=2026-05-29 01:00:00+00:00
[2026-05-28T05:24:29.502+0000] {processor.py:183} INFO - Processing /opt/airflow/dags/shopee_dag.py took 0.262 seconds
[2026-05-28T05:24:59.823+0000] {processor.py:161} INFO - Started process (PID=25756) to work on /opt/airflow/dags/shopee_dag.py
[2026-05-28T05:24:59.824+0000] {processor.py:830} INFO - Processing file /opt/airflow/dags/shopee_dag.py for tasks to queue
[2026-05-28T05:24:59.826+0000] {logging_mixin.py:188} INFO - [2026-05-28T05:24:59.826+0000] {dagbag.py:545} INFO - Filling up the DagBag from /opt/airflow/dags/shopee_dag.py
[2026-05-28T05:24:59.927+0000] {processor.py:840} INFO - DAG(s) 'shopee_pipeline' retrieved from /opt/airflow/dags/shopee_dag.py
[2026-05-28T05:24:59.963+0000] {logging_mixin.py:188} INFO - [2026-05-28T05:24:59.963+0000] {dag.py:3096} INFO - Sync 1 DAGs
[2026-05-28T05:24:59.992+0000] {logging_mixin.py:188} INFO - [2026-05-28T05:24:59.992+0000] {dag.py:3954} INFO - Setting next_dagrun for shopee_pipeline to 2026-05-28 01:00:00+00:00, run_after=2026-05-29 01:00:00+00:00
[2026-05-28T05:25:00.020+0000] {processor.py:183} INFO - Processing /opt/airflow/dags/shopee_dag.py took 0.203 seconds
[2026-05-28T05:25:30.398+0000] {processor.py:161} INFO - Started process (PID=25872) to work on /opt/airflow/dags/shopee_dag.py
[2026-05-28T05:25:30.400+0000] {processor.py:830} INFO - Processing file /opt/airflow/dags/shopee_dag.py for tasks to queue
[2026-05-28T05:25:30.405+0000] {logging_mixin.py:188} INFO - [2026-05-28T05:25:30.404+0000] {dagbag.py:545} INFO - Filling up the DagBag from /opt/airflow/dags/shopee_dag.py
[2026-05-28T05:25:30.593+0000] {processor.py:840} INFO - DAG(s) 'shopee_pipeline' retrieved from /opt/airflow/dags/shopee_dag.py
[2026-05-28T05:25:30.653+0000] {logging_mixin.py:188} INFO - [2026-05-28T05:25:30.653+0000] {dag.py:3096} INFO - Sync 1 DAGs
[2026-05-28T05:25:30.707+0000] {logging_mixin.py:188} INFO - [2026-05-28T05:25:30.706+0000] {dag.py:3954} INFO - Setting next_dagrun for shopee_pipeline to 2026-05-28 01:00:00+00:00, run_after=2026-05-29 01:00:00+00:00
[2026-05-28T05:25:30.746+0000] {processor.py:183} INFO - Processing /opt/airflow/dags/shopee_dag.py took 0.362 seconds
[2026-05-28T05:26:01.490+0000] {processor.py:161} INFO - Started process (PID=25886) to work on /opt/airflow/dags/shopee_dag.py
[2026-05-28T05:26:01.491+0000] {processor.py:830} INFO - Processing file /opt/airflow/dags/shopee_dag.py for tasks to queue
[2026-05-28T05:26:01.493+0000] {logging_mixin.py:188} INFO - [2026-05-28T05:26:01.492+0000] {dagbag.py:545} INFO - Filling up the DagBag from /opt/airflow/dags/shopee_dag.py
[2026-05-28T05:26:01.593+0000] {processor.py:840} INFO - DAG(s) 'shopee_pipeline' retrieved from /opt/airflow/dags/shopee_dag.py
[2026-05-28T05:26:01.630+0000] {logging_mixin.py:188} INFO - [2026-05-28T05:26:01.629+0000] {dag.py:3096} INFO - Sync 1 DAGs
[2026-05-28T05:26:01.659+0000] {logging_mixin.py:188} INFO - [2026-05-28T05:26:01.659+0000] {dag.py:3954} INFO - Setting next_dagrun for shopee_pipeline to 2026-05-28 01:00:00+00:00, run_after=2026-05-29 01:00:00+00:00
[2026-05-28T05:26:01.694+0000] {processor.py:183} INFO - Processing /opt/airflow/dags/shopee_dag.py took 0.210 seconds
[2026-05-28T05:26:31.749+0000] {processor.py:161} INFO - Started process (PID=26013) to work on /opt/airflow/dags/shopee_dag.py
[2026-05-28T05:26:31.751+0000] {processor.py:830} INFO - Processing file /opt/airflow/dags/shopee_dag.py for tasks to queue
[2026-05-28T05:26:31.753+0000] {logging_mixin.py:188} INFO - [2026-05-28T05:26:31.752+0000] {dagbag.py:545} INFO - Filling up the DagBag from /opt/airflow/dags/shopee_dag.py
[2026-05-28T05:26:31.871+0000] {processor.py:840} INFO - DAG(s) 'shopee_pipeline' retrieved from /opt/airflow/dags/shopee_dag.py
[2026-05-28T05:26:31.908+0000] {logging_mixin.py:188} INFO - [2026-05-28T05:26:31.908+0000] {dag.py:3096} INFO - Sync 1 DAGs
[2026-05-28T05:26:31.934+0000] {logging_mixin.py:188} INFO - [2026-05-28T05:26:31.934+0000] {dag.py:3954} INFO - Setting next_dagrun for shopee_pipeline to 2026-05-28 01:00:00+00:00, run_after=2026-05-29 01:00:00+00:00
[2026-05-28T05:26:31.958+0000] {processor.py:183} INFO - Processing /opt/airflow/dags/shopee_dag.py took 0.215 seconds
[2026-05-28T05:27:02.296+0000] {processor.py:161} INFO - Started process (PID=26131) to work on /opt/airflow/dags/shopee_dag.py
[2026-05-28T05:27:02.298+0000] {processor.py:830} INFO - Processing file /opt/airflow/dags/shopee_dag.py for tasks to queue
[2026-05-28T05:27:02.300+0000] {logging_mixin.py:188} INFO - [2026-05-28T05:27:02.300+0000] {dagbag.py:545} INFO - Filling up the DagBag from /opt/airflow/dags/shopee_dag.py
[2026-05-28T05:27:02.432+0000] {processor.py:840} INFO - DAG(s) 'shopee_pipeline' retrieved from /opt/airflow/dags/shopee_dag.py
[2026-05-28T05:27:02.482+0000] {logging_mixin.py:188} INFO - [2026-05-28T05:27:02.481+0000] {dag.py:3096} INFO - Sync 1 DAGs
[2026-05-28T05:27:02.518+0000] {logging_mixin.py:188} INFO - [2026-05-28T05:27:02.518+0000] {dag.py:3954} INFO - Setting next_dagrun for shopee_pipeline to 2026-05-28 01:00:00+00:00, run_after=2026-05-29 01:00:00+00:00
[2026-05-28T05:27:02.542+0000] {processor.py:183} INFO - Processing /opt/airflow/dags/shopee_dag.py took 0.256 seconds
[2026-05-28T05:27:32.860+0000] {processor.py:161} INFO - Started process (PID=26220) to work on /opt/airflow/dags/shopee_dag.py
[2026-05-28T05:27:32.861+0000] {processor.py:830} INFO - Processing file /opt/airflow/dags/shopee_dag.py for tasks to queue
[2026-05-28T05:27:32.863+0000] {logging_mixin.py:188} INFO - [2026-05-28T05:27:32.863+0000] {dagbag.py:545} INFO - Filling up the DagBag from /opt/airflow/dags/shopee_dag.py
[2026-05-28T05:27:32.979+0000] {processor.py:840} INFO - DAG(s) 'shopee_pipeline' retrieved from /opt/airflow/dags/shopee_dag.py
[2026-05-28T05:27:33.016+0000] {logging_mixin.py:188} INFO - [2026-05-28T05:27:33.016+0000] {dag.py:3096} INFO - Sync 1 DAGs
[2026-05-28T05:27:33.049+0000] {logging_mixin.py:188} INFO - [2026-05-28T05:27:33.049+0000] {dag.py:3954} INFO - Setting next_dagrun for shopee_pipeline to 2026-05-28 01:00:00+00:00, run_after=2026-05-29 01:00:00+00:00
[2026-05-28T05:27:33.069+0000] {processor.py:183} INFO - Processing /opt/airflow/dags/shopee_dag.py took 0.214 seconds
[2026-05-28T05:28:03.640+0000] {processor.py:161} INFO - Started process (PID=26268) to work on /opt/airflow/dags/shopee_dag.py
[2026-05-28T05:28:03.641+0000] {processor.py:830} INFO - Processing file /opt/airflow/dags/shopee_dag.py for tasks to queue
[2026-05-28T05:28:03.645+0000] {logging_mixin.py:188} INFO - [2026-05-28T05:28:03.644+0000] {dagbag.py:545} INFO - Filling up the DagBag from /opt/airflow/dags/shopee_dag.py
[2026-05-28T05:28:03.789+0000] {processor.py:840} INFO - DAG(s) 'shopee_pipeline' retrieved from /opt/airflow/dags/shopee_dag.py
[2026-05-28T05:28:03.835+0000] {logging_mixin.py:188} INFO - [2026-05-28T05:28:03.835+0000] {dag.py:3096} INFO - Sync 1 DAGs
[2026-05-28T05:28:03.870+0000] {logging_mixin.py:188} INFO - [2026-05-28T05:28:03.869+0000] {dag.py:3954} INFO - Setting next_dagrun for shopee_pipeline to 2026-05-28 01:00:00+00:00, run_after=2026-05-29 01:00:00+00:00
[2026-05-28T05:28:03.903+0000] {processor.py:183} INFO - Processing /opt/airflow/dags/shopee_dag.py took 0.275 seconds
[2026-05-28T05:28:34.082+0000] {processor.py:161} INFO - Started process (PID=26388) to work on /opt/airflow/dags/shopee_dag.py
[2026-05-28T05:28:34.083+0000] {processor.py:830} INFO - Processing file /opt/airflow/dags/shopee_dag.py for tasks to queue
[2026-05-28T05:28:34.085+0000] {logging_mixin.py:188} INFO - [2026-05-28T05:28:34.085+0000] {dagbag.py:545} INFO - Filling up the DagBag from /opt/airflow/dags/shopee_dag.py
[2026-05-28T05:28:34.194+0000] {processor.py:840} INFO - DAG(s) 'shopee_pipeline' retrieved from /opt/airflow/dags/shopee_dag.py
[2026-05-28T05:28:34.232+0000] {logging_mixin.py:188} INFO - [2026-05-28T05:28:34.232+0000] {dag.py:3096} INFO - Sync 1 DAGs
[2026-05-28T05:28:34.261+0000] {logging_mixin.py:188} INFO - [2026-05-28T05:28:34.261+0000] {dag.py:3954} INFO - Setting next_dagrun for shopee_pipeline to 2026-05-28 01:00:00+00:00, run_after=2026-05-29 01:00:00+00:00
[2026-05-28T05:28:34.286+0000] {processor.py:183} INFO - Processing /opt/airflow/dags/shopee_dag.py took 0.210 seconds
[2026-05-28T05:29:04.620+0000] {processor.py:161} INFO - Started process (PID=26401) to work on /opt/airflow/dags/shopee_dag.py
[2026-05-28T05:29:04.621+0000] {processor.py:830} INFO - Processing file /opt/airflow/dags/shopee_dag.py for tasks to queue
[2026-05-28T05:29:04.624+0000] {logging_mixin.py:188} INFO - [2026-05-28T05:29:04.623+0000] {dagbag.py:545} INFO - Filling up the DagBag from /opt/airflow/dags/shopee_dag.py
[2026-05-28T05:29:04.758+0000] {processor.py:840} INFO - DAG(s) 'shopee_pipeline' retrieved from /opt/airflow/dags/shopee_dag.py
[2026-05-28T05:29:04.798+0000] {logging_mixin.py:188} INFO - [2026-05-28T05:29:04.798+0000] {dag.py:3096} INFO - Sync 1 DAGs
[2026-05-28T05:29:04.831+0000] {logging_mixin.py:188} INFO - [2026-05-28T05:29:04.830+0000] {dag.py:3954} INFO - Setting next_dagrun for shopee_pipeline to 2026-05-28 01:00:00+00:00, run_after=2026-05-29 01:00:00+00:00
[2026-05-28T05:29:04.871+0000] {processor.py:183} INFO - Processing /opt/airflow/dags/shopee_dag.py took 0.258 seconds
[2026-05-28T05:29:35.082+0000] {processor.py:161} INFO - Started process (PID=26518) to work on /opt/airflow/dags/shopee_dag.py
[2026-05-28T05:29:35.084+0000] {processor.py:830} INFO - Processing file /opt/airflow/dags/shopee_dag.py for tasks to queue
[2026-05-28T05:29:35.087+0000] {logging_mixin.py:188} INFO - [2026-05-28T05:29:35.087+0000] {dagbag.py:545} INFO - Filling up the DagBag from /opt/airflow/dags/shopee_dag.py
[2026-05-28T05:29:35.248+0000] {processor.py:840} INFO - DAG(s) 'shopee_pipeline' retrieved from /opt/airflow/dags/shopee_dag.py
[2026-05-28T05:29:35.304+0000] {logging_mixin.py:188} INFO - [2026-05-28T05:29:35.303+0000] {dag.py:3096} INFO - Sync 1 DAGs
[2026-05-28T05:29:35.354+0000] {logging_mixin.py:188} INFO - [2026-05-28T05:29:35.354+0000] {dag.py:3954} INFO - Setting next_dagrun for shopee_pipeline to 2026-05-28 01:00:00+00:00, run_after=2026-05-29 01:00:00+00:00
[2026-05-28T05:29:35.386+0000] {processor.py:183} INFO - Processing /opt/airflow/dags/shopee_dag.py took 0.314 seconds
[2026-05-28T05:30:05.718+0000] {processor.py:161} INFO - Started process (PID=26641) to work on /opt/airflow/dags/shopee_dag.py
[2026-05-28T05:30:05.719+0000] {processor.py:830} INFO - Processing file /opt/airflow/dags/shopee_dag.py for tasks to queue
[2026-05-28T05:30:05.721+0000] {logging_mixin.py:188} INFO - [2026-05-28T05:30:05.721+0000] {dagbag.py:545} INFO - Filling up the DagBag from /opt/airflow/dags/shopee_dag.py
[2026-05-28T05:30:05.840+0000] {processor.py:840} INFO - DAG(s) 'shopee_pipeline' retrieved from /opt/airflow/dags/shopee_dag.py
[2026-05-28T05:30:05.876+0000] {logging_mixin.py:188} INFO - [2026-05-28T05:30:05.876+0000] {dag.py:3096} INFO - Sync 1 DAGs
[2026-05-28T05:30:05.901+0000] {logging_mixin.py:188} INFO - [2026-05-28T05:30:05.901+0000] {dag.py:3954} INFO - Setting next_dagrun for shopee_pipeline to 2026-05-28 01:00:00+00:00, run_after=2026-05-29 01:00:00+00:00
[2026-05-28T05:30:05.925+0000] {processor.py:183} INFO - Processing /opt/airflow/dags/shopee_dag.py took 0.213 seconds
[2026-05-28T05:30:36.449+0000] {processor.py:161} INFO - Started process (PID=26654) to work on /opt/airflow/dags/shopee_dag.py
[2026-05-28T05:30:36.450+0000] {processor.py:830} INFO - Processing file /opt/airflow/dags/shopee_dag.py for tasks to queue
[2026-05-28T05:30:36.452+0000] {logging_mixin.py:188} INFO - [2026-05-28T05:30:36.452+0000] {dagbag.py:545} INFO - Filling up the DagBag from /opt/airflow/dags/shopee_dag.py
[2026-05-28T05:30:36.585+0000] {processor.py:840} INFO - DAG(s) 'shopee_pipeline' retrieved from /opt/airflow/dags/shopee_dag.py
[2026-05-28T05:30:36.640+0000] {logging_mixin.py:188} INFO - [2026-05-28T05:30:36.639+0000] {dag.py:3096} INFO - Sync 1 DAGs
[2026-05-28T05:30:36.710+0000] {logging_mixin.py:188} INFO - [2026-05-28T05:30:36.709+0000] {dag.py:3954} INFO - Setting next_dagrun for shopee_pipeline to 2026-05-28 01:00:00+00:00, run_after=2026-05-29 01:00:00+00:00
[2026-05-28T05:30:36.749+0000] {processor.py:183} INFO - Processing /opt/airflow/dags/shopee_dag.py took 0.309 seconds
[2026-05-28T05:31:07.079+0000] {processor.py:161} INFO - Started process (PID=26777) to work on /opt/airflow/dags/shopee_dag.py
[2026-05-28T05:31:07.080+0000] {processor.py:830} INFO - Processing file /opt/airflow/dags/shopee_dag.py for tasks to queue
[2026-05-28T05:31:07.082+0000] {logging_mixin.py:188} INFO - [2026-05-28T05:31:07.082+0000] {dagbag.py:545} INFO - Filling up the DagBag from /opt/airflow/dags/shopee_dag.py
[2026-05-28T05:31:07.205+0000] {processor.py:840} INFO - DAG(s) 'shopee_pipeline' retrieved from /opt/airflow/dags/shopee_dag.py
[2026-05-28T05:31:07.252+0000] {logging_mixin.py:188} INFO - [2026-05-28T05:31:07.252+0000] {dag.py:3096} INFO - Sync 1 DAGs
[2026-05-28T05:31:07.290+0000] {logging_mixin.py:188} INFO - [2026-05-28T05:31:07.289+0000] {dag.py:3954} INFO - Setting next_dagrun for shopee_pipeline to 2026-05-28 01:00:00+00:00, run_after=2026-05-29 01:00:00+00:00
[2026-05-28T05:31:07.316+0000] {processor.py:183} INFO - Processing /opt/airflow/dags/shopee_dag.py took 0.246 seconds
[2026-05-28T05:31:37.390+0000] {processor.py:161} INFO - Started process (PID=26903) to work on /opt/airflow/dags/shopee_dag.py
[2026-05-28T05:31:37.392+0000] {processor.py:830} INFO - Processing file /opt/airflow/dags/shopee_dag.py for tasks to queue
[2026-05-28T05:31:37.395+0000] {logging_mixin.py:188} INFO - [2026-05-28T05:31:37.394+0000] {dagbag.py:545} INFO - Filling up the DagBag from /opt/airflow/dags/shopee_dag.py
[2026-05-28T05:31:37.535+0000] {processor.py:840} INFO - DAG(s) 'shopee_pipeline' retrieved from /opt/airflow/dags/shopee_dag.py
[2026-05-28T05:31:37.583+0000] {logging_mixin.py:188} INFO - [2026-05-28T05:31:37.583+0000] {dag.py:3096} INFO - Sync 1 DAGs
[2026-05-28T05:31:37.615+0000] {logging_mixin.py:188} INFO - [2026-05-28T05:31:37.615+0000] {dag.py:3954} INFO - Setting next_dagrun for shopee_pipeline to 2026-05-28 01:00:00+00:00, run_after=2026-05-29 01:00:00+00:00
[2026-05-28T05:31:37.645+0000] {processor.py:183} INFO - Processing /opt/airflow/dags/shopee_dag.py took 0.265 seconds
[2026-05-28T05:32:08.012+0000] {processor.py:161} INFO - Started process (PID=26990) to work on /opt/airflow/dags/shopee_dag.py
[2026-05-28T05:32:08.014+0000] {processor.py:830} INFO - Processing file /opt/airflow/dags/shopee_dag.py for tasks to queue
[2026-05-28T05:32:08.017+0000] {logging_mixin.py:188} INFO - [2026-05-28T05:32:08.017+0000] {dagbag.py:545} INFO - Filling up the DagBag from /opt/airflow/dags/shopee_dag.py
[2026-05-28T05:32:08.185+0000] {processor.py:840} INFO - DAG(s) 'shopee_pipeline' retrieved from /opt/airflow/dags/shopee_dag.py
[2026-05-28T05:32:08.240+0000] {logging_mixin.py:188} INFO - [2026-05-28T05:32:08.239+0000] {dag.py:3096} INFO - Sync 1 DAGs
[2026-05-28T05:32:08.282+0000] {logging_mixin.py:188} INFO - [2026-05-28T05:32:08.282+0000] {dag.py:3954} INFO - Setting next_dagrun for shopee_pipeline to 2026-05-28 01:00:00+00:00, run_after=2026-05-29 01:00:00+00:00
[2026-05-28T05:32:08.337+0000] {processor.py:183} INFO - Processing /opt/airflow/dags/shopee_dag.py took 0.342 seconds
[2026-05-28T05:32:38.692+0000] {processor.py:161} INFO - Started process (PID=27039) to work on /opt/airflow/dags/shopee_dag.py
[2026-05-28T05:32:38.694+0000] {processor.py:830} INFO - Processing file /opt/airflow/dags/shopee_dag.py for tasks to queue
[2026-05-28T05:32:38.698+0000] {logging_mixin.py:188} INFO - [2026-05-28T05:32:38.697+0000] {dagbag.py:545} INFO - Filling up the DagBag from /opt/airflow/dags/shopee_dag.py
[2026-05-28T05:32:38.814+0000] {processor.py:840} INFO - DAG(s) 'shopee_pipeline' retrieved from /opt/airflow/dags/shopee_dag.py
[2026-05-28T05:32:38.849+0000] {logging_mixin.py:188} INFO - [2026-05-28T05:32:38.848+0000] {dag.py:3096} INFO - Sync 1 DAGs
[2026-05-28T05:32:38.876+0000] {logging_mixin.py:188} INFO - [2026-05-28T05:32:38.876+0000] {dag.py:3954} INFO - Setting next_dagrun for shopee_pipeline to 2026-05-28 01:00:00+00:00, run_after=2026-05-29 01:00:00+00:00
[2026-05-28T05:32:38.901+0000] {processor.py:183} INFO - Processing /opt/airflow/dags/shopee_dag.py took 0.217 seconds
[2026-05-28T05:33:09.276+0000] {processor.py:161} INFO - Started process (PID=27130) to work on /opt/airflow/dags/shopee_dag.py
[2026-05-28T05:33:09.278+0000] {processor.py:830} INFO - Processing file /opt/airflow/dags/shopee_dag.py for tasks to queue
[2026-05-28T05:33:09.282+0000] {logging_mixin.py:188} INFO - [2026-05-28T05:33:09.280+0000] {dagbag.py:545} INFO - Filling up the DagBag from /opt/airflow/dags/shopee_dag.py
[2026-05-28T05:33:09.398+0000] {processor.py:840} INFO - DAG(s) 'shopee_pipeline' retrieved from /opt/airflow/dags/shopee_dag.py
[2026-05-28T05:33:09.436+0000] {logging_mixin.py:188} INFO - [2026-05-28T05:33:09.435+0000] {dag.py:3096} INFO - Sync 1 DAGs
[2026-05-28T05:33:09.459+0000] {logging_mixin.py:188} INFO - [2026-05-28T05:33:09.459+0000] {dag.py:3954} INFO - Setting next_dagrun for shopee_pipeline to 2026-05-28 01:00:00+00:00, run_after=2026-05-29 01:00:00+00:00
[2026-05-28T05:33:09.492+0000] {processor.py:183} INFO - Processing /opt/airflow/dags/shopee_dag.py took 0.230 seconds
[2026-05-28T05:33:40.094+0000] {processor.py:161} INFO - Started process (PID=27171) to work on /opt/airflow/dags/shopee_dag.py
[2026-05-28T05:33:40.095+0000] {processor.py:830} INFO - Processing file /opt/airflow/dags/shopee_dag.py for tasks to queue
[2026-05-28T05:33:40.097+0000] {logging_mixin.py:188} INFO - [2026-05-28T05:33:40.097+0000] {dagbag.py:545} INFO - Filling up the DagBag from /opt/airflow/dags/shopee_dag.py
[2026-05-28T05:33:40.221+0000] {processor.py:840} INFO - DAG(s) 'shopee_pipeline' retrieved from /opt/airflow/dags/shopee_dag.py
[2026-05-28T05:33:40.264+0000] {logging_mixin.py:188} INFO - [2026-05-28T05:33:40.264+0000] {dag.py:3096} INFO - Sync 1 DAGs
[2026-05-28T05:33:40.293+0000] {logging_mixin.py:188} INFO - [2026-05-28T05:33:40.293+0000] {dag.py:3954} INFO - Setting next_dagrun for shopee_pipeline to 2026-05-28 01:00:00+00:00, run_after=2026-05-29 01:00:00+00:00
[2026-05-28T05:33:40.317+0000] {processor.py:183} INFO - Processing /opt/airflow/dags/shopee_dag.py took 0.230 seconds
[2026-05-28T05:34:10.672+0000] {processor.py:161} INFO - Started process (PID=27295) to work on /opt/airflow/dags/shopee_dag.py
[2026-05-28T05:34:10.674+0000] {processor.py:830} INFO - Processing file /opt/airflow/dags/shopee_dag.py for tasks to queue
[2026-05-28T05:34:10.675+0000] {logging_mixin.py:188} INFO - [2026-05-28T05:34:10.675+0000] {dagbag.py:545} INFO - Filling up the DagBag from /opt/airflow/dags/shopee_dag.py
[2026-05-28T05:34:10.790+0000] {processor.py:840} INFO - DAG(s) 'shopee_pipeline' retrieved from /opt/airflow/dags/shopee_dag.py
[2026-05-28T05:34:10.832+0000] {logging_mixin.py:188} INFO - [2026-05-28T05:34:10.831+0000] {dag.py:3096} INFO - Sync 1 DAGs
[2026-05-28T05:34:10.868+0000] {logging_mixin.py:188} INFO - [2026-05-28T05:34:10.867+0000] {dag.py:3954} INFO - Setting next_dagrun for shopee_pipeline to 2026-05-28 01:00:00+00:00, run_after=2026-05-29 01:00:00+00:00
[2026-05-28T05:34:10.904+0000] {processor.py:183} INFO - Processing /opt/airflow/dags/shopee_dag.py took 0.240 seconds
[2026-05-28T05:34:41.018+0000] {processor.py:161} INFO - Started process (PID=27414) to work on /opt/airflow/dags/shopee_dag.py
[2026-05-28T05:34:41.019+0000] {processor.py:830} INFO - Processing file /opt/airflow/dags/shopee_dag.py for tasks to queue
[2026-05-28T05:34:41.022+0000] {logging_mixin.py:188} INFO - [2026-05-28T05:34:41.021+0000] {dagbag.py:545} INFO - Filling up the DagBag from /opt/airflow/dags/shopee_dag.py
[2026-05-28T05:34:41.164+0000] {processor.py:840} INFO - DAG(s) 'shopee_pipeline' retrieved from /opt/airflow/dags/shopee_dag.py
[2026-05-28T05:34:41.217+0000] {logging_mixin.py:188} INFO - [2026-05-28T05:34:41.216+0000] {dag.py:3096} INFO - Sync 1 DAGs
[2026-05-28T05:34:41.253+0000] {logging_mixin.py:188} INFO - [2026-05-28T05:34:41.252+0000] {dag.py:3954} INFO - Setting next_dagrun for shopee_pipeline to 2026-05-28 01:00:00+00:00, run_after=2026-05-29 01:00:00+00:00
[2026-05-28T05:34:41.294+0000] {processor.py:183} INFO - Processing /opt/airflow/dags/shopee_dag.py took 0.284 seconds
[2026-05-28T05:35:11.643+0000] {processor.py:161} INFO - Started process (PID=27513) to work on /opt/airflow/dags/shopee_dag.py
[2026-05-28T05:35:11.645+0000] {processor.py:830} INFO - Processing file /opt/airflow/dags/shopee_dag.py for tasks to queue
[2026-05-28T05:35:11.648+0000] {logging_mixin.py:188} INFO - [2026-05-28T05:35:11.648+0000] {dagbag.py:545} INFO - Filling up the DagBag from /opt/airflow/dags/shopee_dag.py
[2026-05-28T05:35:11.838+0000] {processor.py:840} INFO - DAG(s) 'shopee_pipeline' retrieved from /opt/airflow/dags/shopee_dag.py
[2026-05-28T05:35:11.892+0000] {logging_mixin.py:188} INFO - [2026-05-28T05:35:11.891+0000] {dag.py:3096} INFO - Sync 1 DAGs
[2026-05-28T05:35:11.934+0000] {logging_mixin.py:188} INFO - [2026-05-28T05:35:11.934+0000] {dag.py:3954} INFO - Setting next_dagrun for shopee_pipeline to 2026-05-28 01:00:00+00:00, run_after=2026-05-29 01:00:00+00:00
[2026-05-28T05:35:11.976+0000] {processor.py:183} INFO - Processing /opt/airflow/dags/shopee_dag.py took 0.343 seconds
[2026-05-28T05:35:42.095+0000] {processor.py:161} INFO - Started process (PID=27548) to work on /opt/airflow/dags/shopee_dag.py
[2026-05-28T05:35:42.096+0000] {processor.py:830} INFO - Processing file /opt/airflow/dags/shopee_dag.py for tasks to queue
[2026-05-28T05:35:42.098+0000] {logging_mixin.py:188} INFO - [2026-05-28T05:35:42.097+0000] {dagbag.py:545} INFO - Filling up the DagBag from /opt/airflow/dags/shopee_dag.py
[2026-05-28T05:35:42.210+0000] {processor.py:840} INFO - DAG(s) 'shopee_pipeline' retrieved from /opt/airflow/dags/shopee_dag.py
[2026-05-28T05:35:42.245+0000] {logging_mixin.py:188} INFO - [2026-05-28T05:35:42.245+0000] {dag.py:3096} INFO - Sync 1 DAGs
[2026-05-28T05:35:42.271+0000] {logging_mixin.py:188} INFO - [2026-05-28T05:35:42.271+0000] {dag.py:3954} INFO - Setting next_dagrun for shopee_pipeline to 2026-05-28 01:00:00+00:00, run_after=2026-05-29 01:00:00+00:00
[2026-05-28T05:35:42.295+0000] {processor.py:183} INFO - Processing /opt/airflow/dags/shopee_dag.py took 0.207 seconds
[2026-05-28T05:36:12.568+0000] {processor.py:161} INFO - Started process (PID=27667) to work on /opt/airflow/dags/shopee_dag.py
[2026-05-28T05:36:12.569+0000] {processor.py:830} INFO - Processing file /opt/airflow/dags/shopee_dag.py for tasks to queue
[2026-05-28T05:36:12.571+0000] {logging_mixin.py:188} INFO - [2026-05-28T05:36:12.570+0000] {dagbag.py:545} INFO - Filling up the DagBag from /opt/airflow/dags/shopee_dag.py
[2026-05-28T05:36:12.678+0000] {processor.py:840} INFO - DAG(s) 'shopee_pipeline' retrieved from /opt/airflow/dags/shopee_dag.py
[2026-05-28T05:36:12.713+0000] {logging_mixin.py:188} INFO - [2026-05-28T05:36:12.713+0000] {dag.py:3096} INFO - Sync 1 DAGs
[2026-05-28T05:36:12.739+0000] {logging_mixin.py:188} INFO - [2026-05-28T05:36:12.738+0000] {dag.py:3954} INFO - Setting next_dagrun for shopee_pipeline to 2026-05-28 01:00:00+00:00, run_after=2026-05-29 01:00:00+00:00
[2026-05-28T05:36:12.771+0000] {processor.py:183} INFO - Processing /opt/airflow/dags/shopee_dag.py took 0.209 seconds
[2026-05-28T05:36:43.045+0000] {processor.py:161} INFO - Started process (PID=27790) to work on /opt/airflow/dags/shopee_dag.py
[2026-05-28T05:36:43.047+0000] {processor.py:830} INFO - Processing file /opt/airflow/dags/shopee_dag.py for tasks to queue
[2026-05-28T05:36:43.049+0000] {logging_mixin.py:188} INFO - [2026-05-28T05:36:43.048+0000] {dagbag.py:545} INFO - Filling up the DagBag from /opt/airflow/dags/shopee_dag.py
[2026-05-28T05:36:43.152+0000] {processor.py:840} INFO - DAG(s) 'shopee_pipeline' retrieved from /opt/airflow/dags/shopee_dag.py
[2026-05-28T05:36:43.193+0000] {logging_mixin.py:188} INFO - [2026-05-28T05:36:43.192+0000] {dag.py:3096} INFO - Sync 1 DAGs
[2026-05-28T05:36:43.220+0000] {logging_mixin.py:188} INFO - [2026-05-28T05:36:43.219+0000] {dag.py:3954} INFO - Setting next_dagrun for shopee_pipeline to 2026-05-28 01:00:00+00:00, run_after=2026-05-29 01:00:00+00:00
[2026-05-28T05:36:43.243+0000] {processor.py:183} INFO - Processing /opt/airflow/dags/shopee_dag.py took 0.203 seconds
[2026-05-28T05:37:13.620+0000] {processor.py:161} INFO - Started process (PID=27888) to work on /opt/airflow/dags/shopee_dag.py
[2026-05-28T05:37:13.622+0000] {processor.py:830} INFO - Processing file /opt/airflow/dags/shopee_dag.py for tasks to queue
[2026-05-28T05:37:13.626+0000] {logging_mixin.py:188} INFO - [2026-05-28T05:37:13.625+0000] {dagbag.py:545} INFO - Filling up the DagBag from /opt/airflow/dags/shopee_dag.py
[2026-05-28T05:37:13.816+0000] {processor.py:840} INFO - DAG(s) 'shopee_pipeline' retrieved from /opt/airflow/dags/shopee_dag.py
[2026-05-28T05:37:13.881+0000] {logging_mixin.py:188} INFO - [2026-05-28T05:37:13.881+0000] {dag.py:3096} INFO - Sync 1 DAGs
[2026-05-28T05:37:13.940+0000] {logging_mixin.py:188} INFO - [2026-05-28T05:37:13.939+0000] {dag.py:3954} INFO - Setting next_dagrun for shopee_pipeline to 2026-05-28 01:00:00+00:00, run_after=2026-05-29 01:00:00+00:00
[2026-05-28T05:37:13.992+0000] {processor.py:183} INFO - Processing /opt/airflow/dags/shopee_dag.py took 0.384 seconds
[2026-05-28T05:37:44.105+0000] {processor.py:161} INFO - Started process (PID=27917) to work on /opt/airflow/dags/shopee_dag.py
[2026-05-28T05:37:44.106+0000] {processor.py:830} INFO - Processing file /opt/airflow/dags/shopee_dag.py for tasks to queue
[2026-05-28T05:37:44.108+0000] {logging_mixin.py:188} INFO - [2026-05-28T05:37:44.107+0000] {dagbag.py:545} INFO - Filling up the DagBag from /opt/airflow/dags/shopee_dag.py
[2026-05-28T05:37:44.211+0000] {processor.py:840} INFO - DAG(s) 'shopee_pipeline' retrieved from /opt/airflow/dags/shopee_dag.py
[2026-05-28T05:37:44.242+0000] {logging_mixin.py:188} INFO - [2026-05-28T05:37:44.242+0000] {dag.py:3096} INFO - Sync 1 DAGs
[2026-05-28T05:37:44.268+0000] {logging_mixin.py:188} INFO - [2026-05-28T05:37:44.268+0000] {dag.py:3954} INFO - Setting next_dagrun for shopee_pipeline to 2026-05-28 01:00:00+00:00, run_after=2026-05-29 01:00:00+00:00
[2026-05-28T05:37:44.300+0000] {processor.py:183} INFO - Processing /opt/airflow/dags/shopee_dag.py took 0.202 seconds
[2026-05-28T05:38:14.587+0000] {processor.py:161} INFO - Started process (PID=28037) to work on /opt/airflow/dags/shopee_dag.py
[2026-05-28T05:38:14.588+0000] {processor.py:830} INFO - Processing file /opt/airflow/dags/shopee_dag.py for tasks to queue
[2026-05-28T05:38:14.590+0000] {logging_mixin.py:188} INFO - [2026-05-28T05:38:14.590+0000] {dagbag.py:545} INFO - Filling up the DagBag from /opt/airflow/dags/shopee_dag.py
[2026-05-28T05:38:14.708+0000] {processor.py:840} INFO - DAG(s) 'shopee_pipeline' retrieved from /opt/airflow/dags/shopee_dag.py
[2026-05-28T05:38:14.746+0000] {logging_mixin.py:188} INFO - [2026-05-28T05:38:14.746+0000] {dag.py:3096} INFO - Sync 1 DAGs
[2026-05-28T05:38:14.779+0000] {logging_mixin.py:188} INFO - [2026-05-28T05:38:14.779+0000] {dag.py:3954} INFO - Setting next_dagrun for shopee_pipeline to 2026-05-28 01:00:00+00:00, run_after=2026-05-29 01:00:00+00:00
[2026-05-28T05:38:14.807+0000] {processor.py:183} INFO - Processing /opt/airflow/dags/shopee_dag.py took 0.227 seconds
[2026-05-28T05:38:44.896+0000] {processor.py:161} INFO - Started process (PID=28156) to work on /opt/airflow/dags/shopee_dag.py
[2026-05-28T05:38:44.897+0000] {processor.py:830} INFO - Processing file /opt/airflow/dags/shopee_dag.py for tasks to queue
[2026-05-28T05:38:44.899+0000] {logging_mixin.py:188} INFO - [2026-05-28T05:38:44.899+0000] {dagbag.py:545} INFO - Filling up the DagBag from /opt/airflow/dags/shopee_dag.py
[2026-05-28T05:38:45.018+0000] {processor.py:840} INFO - DAG(s) 'shopee_pipeline' retrieved from /opt/airflow/dags/shopee_dag.py
[2026-05-28T05:38:45.065+0000] {logging_mixin.py:188} INFO - [2026-05-28T05:38:45.065+0000] {dag.py:3096} INFO - Sync 1 DAGs
[2026-05-28T05:38:45.093+0000] {logging_mixin.py:188} INFO - [2026-05-28T05:38:45.093+0000] {dag.py:3954} INFO - Setting next_dagrun for shopee_pipeline to 2026-05-28 01:00:00+00:00, run_after=2026-05-29 01:00:00+00:00
[2026-05-28T05:38:45.116+0000] {processor.py:183} INFO - Processing /opt/airflow/dags/shopee_dag.py took 0.226 seconds
[2026-05-28T05:39:15.512+0000] {processor.py:161} INFO - Started process (PID=28254) to work on /opt/airflow/dags/shopee_dag.py
[2026-05-28T05:39:15.514+0000] {processor.py:830} INFO - Processing file /opt/airflow/dags/shopee_dag.py for tasks to queue
[2026-05-28T05:39:15.517+0000] {logging_mixin.py:188} INFO - [2026-05-28T05:39:15.516+0000] {dagbag.py:545} INFO - Filling up the DagBag from /opt/airflow/dags/shopee_dag.py
[2026-05-28T05:39:15.703+0000] {processor.py:840} INFO - DAG(s) 'shopee_pipeline' retrieved from /opt/airflow/dags/shopee_dag.py
[2026-05-28T05:39:15.761+0000] {logging_mixin.py:188} INFO - [2026-05-28T05:39:15.761+0000] {dag.py:3096} INFO - Sync 1 DAGs
[2026-05-28T05:39:15.812+0000] {logging_mixin.py:188} INFO - [2026-05-28T05:39:15.812+0000] {dag.py:3954} INFO - Setting next_dagrun for shopee_pipeline to 2026-05-28 01:00:00+00:00, run_after=2026-05-29 01:00:00+00:00
[2026-05-28T05:39:15.849+0000] {processor.py:183} INFO - Processing /opt/airflow/dags/shopee_dag.py took 0.348 seconds
[2026-05-28T05:39:46.088+0000] {processor.py:161} INFO - Started process (PID=28285) to work on /opt/airflow/dags/shopee_dag.py
[2026-05-28T05:39:46.089+0000] {processor.py:830} INFO - Processing file /opt/airflow/dags/shopee_dag.py for tasks to queue
[2026-05-28T05:39:46.091+0000] {logging_mixin.py:188} INFO - [2026-05-28T05:39:46.090+0000] {dagbag.py:545} INFO - Filling up the DagBag from /opt/airflow/dags/shopee_dag.py
[2026-05-28T05:39:46.192+0000] {processor.py:840} INFO - DAG(s) 'shopee_pipeline' retrieved from /opt/airflow/dags/shopee_dag.py
[2026-05-28T05:39:46.223+0000] {logging_mixin.py:188} INFO - [2026-05-28T05:39:46.223+0000] {dag.py:3096} INFO - Sync 1 DAGs
[2026-05-28T05:39:46.248+0000] {logging_mixin.py:188} INFO - [2026-05-28T05:39:46.247+0000] {dag.py:3954} INFO - Setting next_dagrun for shopee_pipeline to 2026-05-28 01:00:00+00:00, run_after=2026-05-29 01:00:00+00:00
[2026-05-28T05:39:46.280+0000] {processor.py:183} INFO - Processing /opt/airflow/dags/shopee_dag.py took 0.199 seconds
[2026-05-28T05:40:16.726+0000] {processor.py:161} INFO - Started process (PID=28403) to work on /opt/airflow/dags/shopee_dag.py
[2026-05-28T05:40:16.727+0000] {processor.py:830} INFO - Processing file /opt/airflow/dags/shopee_dag.py for tasks to queue
[2026-05-28T05:40:16.730+0000] {logging_mixin.py:188} INFO - [2026-05-28T05:40:16.729+0000] {dagbag.py:545} INFO - Filling up the DagBag from /opt/airflow/dags/shopee_dag.py
[2026-05-28T05:40:16.838+0000] {processor.py:840} INFO - DAG(s) 'shopee_pipeline' retrieved from /opt/airflow/dags/shopee_dag.py
[2026-05-28T05:40:16.873+0000] {logging_mixin.py:188} INFO - [2026-05-28T05:40:16.873+0000] {dag.py:3096} INFO - Sync 1 DAGs
[2026-05-28T05:40:16.902+0000] {logging_mixin.py:188} INFO - [2026-05-28T05:40:16.901+0000] {dag.py:3954} INFO - Setting next_dagrun for shopee_pipeline to 2026-05-28 01:00:00+00:00, run_after=2026-05-29 01:00:00+00:00
[2026-05-28T05:40:16.926+0000] {processor.py:183} INFO - Processing /opt/airflow/dags/shopee_dag.py took 0.208 seconds
[2026-05-28T05:40:47.310+0000] {processor.py:161} INFO - Started process (PID=28506) to work on /opt/airflow/dags/shopee_dag.py
[2026-05-28T05:40:47.311+0000] {processor.py:830} INFO - Processing file /opt/airflow/dags/shopee_dag.py for tasks to queue
[2026-05-28T05:40:47.313+0000] {logging_mixin.py:188} INFO - [2026-05-28T05:40:47.313+0000] {dagbag.py:545} INFO - Filling up the DagBag from /opt/airflow/dags/shopee_dag.py
[2026-05-28T05:40:47.431+0000] {processor.py:840} INFO - DAG(s) 'shopee_pipeline' retrieved from /opt/airflow/dags/shopee_dag.py
[2026-05-28T05:40:47.467+0000] {logging_mixin.py:188} INFO - [2026-05-28T05:40:47.467+0000] {dag.py:3096} INFO - Sync 1 DAGs
[2026-05-28T05:40:47.495+0000] {logging_mixin.py:188} INFO - [2026-05-28T05:40:47.495+0000] {dag.py:3954} INFO - Setting next_dagrun for shopee_pipeline to 2026-05-28 01:00:00+00:00, run_after=2026-05-29 01:00:00+00:00
[2026-05-28T05:40:47.520+0000] {processor.py:183} INFO - Processing /opt/airflow/dags/shopee_dag.py took 0.216 seconds
[2026-05-28T05:41:17.624+0000] {processor.py:161} INFO - Started process (PID=28602) to work on /opt/airflow/dags/shopee_dag.py
[2026-05-28T05:41:17.626+0000] {processor.py:830} INFO - Processing file /opt/airflow/dags/shopee_dag.py for tasks to queue
[2026-05-28T05:41:17.628+0000] {logging_mixin.py:188} INFO - [2026-05-28T05:41:17.628+0000] {dagbag.py:545} INFO - Filling up the DagBag from /opt/airflow/dags/shopee_dag.py
[2026-05-28T05:41:17.765+0000] {processor.py:840} INFO - DAG(s) 'shopee_pipeline' retrieved from /opt/airflow/dags/shopee_dag.py
[2026-05-28T05:41:17.814+0000] {logging_mixin.py:188} INFO - [2026-05-28T05:41:17.814+0000] {dag.py:3096} INFO - Sync 1 DAGs
[2026-05-28T05:41:17.853+0000] {logging_mixin.py:188} INFO - [2026-05-28T05:41:17.853+0000] {dag.py:3954} INFO - Setting next_dagrun for shopee_pipeline to 2026-05-28 01:00:00+00:00, run_after=2026-05-29 01:00:00+00:00
[2026-05-28T05:41:17.900+0000] {processor.py:183} INFO - Processing /opt/airflow/dags/shopee_dag.py took 0.283 seconds
[2026-05-28T05:41:48.229+0000] {processor.py:161} INFO - Started process (PID=28637) to work on /opt/airflow/dags/shopee_dag.py
[2026-05-28T05:41:48.230+0000] {processor.py:830} INFO - Processing file /opt/airflow/dags/shopee_dag.py for tasks to queue
[2026-05-28T05:41:48.232+0000] {logging_mixin.py:188} INFO - [2026-05-28T05:41:48.232+0000] {dagbag.py:545} INFO - Filling up the DagBag from /opt/airflow/dags/shopee_dag.py
[2026-05-28T05:41:48.340+0000] {processor.py:840} INFO - DAG(s) 'shopee_pipeline' retrieved from /opt/airflow/dags/shopee_dag.py
[2026-05-28T05:41:48.376+0000] {logging_mixin.py:188} INFO - [2026-05-28T05:41:48.376+0000] {dag.py:3096} INFO - Sync 1 DAGs
[2026-05-28T05:41:48.411+0000] {logging_mixin.py:188} INFO - [2026-05-28T05:41:48.411+0000] {dag.py:3954} INFO - Setting next_dagrun for shopee_pipeline to 2026-05-28 01:00:00+00:00, run_after=2026-05-29 01:00:00+00:00
[2026-05-28T05:41:48.431+0000] {processor.py:183} INFO - Processing /opt/airflow/dags/shopee_dag.py took 0.208 seconds
[2026-05-28T05:42:18.584+0000] {processor.py:161} INFO - Started process (PID=28742) to work on /opt/airflow/dags/shopee_dag.py
[2026-05-28T05:42:18.586+0000] {processor.py:830} INFO - Processing file /opt/airflow/dags/shopee_dag.py for tasks to queue
[2026-05-28T05:42:18.587+0000] {logging_mixin.py:188} INFO - [2026-05-28T05:42:18.587+0000] {dagbag.py:545} INFO - Filling up the DagBag from /opt/airflow/dags/shopee_dag.py
[2026-05-28T05:42:18.726+0000] {processor.py:840} INFO - DAG(s) 'shopee_pipeline' retrieved from /opt/airflow/dags/shopee_dag.py
[2026-05-28T05:42:18.761+0000] {logging_mixin.py:188} INFO - [2026-05-28T05:42:18.761+0000] {dag.py:3096} INFO - Sync 1 DAGs
[2026-05-28T05:42:18.788+0000] {logging_mixin.py:188} INFO - [2026-05-28T05:42:18.788+0000] {dag.py:3954} INFO - Setting next_dagrun for shopee_pipeline to 2026-05-28 01:00:00+00:00, run_after=2026-05-29 01:00:00+00:00
[2026-05-28T05:42:18.811+0000] {processor.py:183} INFO - Processing /opt/airflow/dags/shopee_dag.py took 0.237 seconds
[2026-05-28T05:42:49.066+0000] {processor.py:161} INFO - Started process (PID=28863) to work on /opt/airflow/dags/shopee_dag.py
[2026-05-28T05:42:49.067+0000] {processor.py:830} INFO - Processing file /opt/airflow/dags/shopee_dag.py for tasks to queue
[2026-05-28T05:42:49.069+0000] {logging_mixin.py:188} INFO - [2026-05-28T05:42:49.069+0000] {dagbag.py:545} INFO - Filling up the DagBag from /opt/airflow/dags/shopee_dag.py
[2026-05-28T05:42:49.179+0000] {processor.py:840} INFO - DAG(s) 'shopee_pipeline' retrieved from /opt/airflow/dags/shopee_dag.py
[2026-05-28T05:42:49.217+0000] {logging_mixin.py:188} INFO - [2026-05-28T05:42:49.217+0000] {dag.py:3096} INFO - Sync 1 DAGs
[2026-05-28T05:42:49.247+0000] {logging_mixin.py:188} INFO - [2026-05-28T05:42:49.246+0000] {dag.py:3954} INFO - Setting next_dagrun for shopee_pipeline to 2026-05-28 01:00:00+00:00, run_after=2026-05-29 01:00:00+00:00
[2026-05-28T05:42:49.283+0000] {processor.py:183} INFO - Processing /opt/airflow/dags/shopee_dag.py took 0.224 seconds
[2026-05-28T05:43:19.423+0000] {processor.py:161} INFO - Started process (PID=28950) to work on /opt/airflow/dags/shopee_dag.py
[2026-05-28T05:43:19.424+0000] {processor.py:830} INFO - Processing file /opt/airflow/dags/shopee_dag.py for tasks to queue
[2026-05-28T05:43:19.426+0000] {logging_mixin.py:188} INFO - [2026-05-28T05:43:19.426+0000] {dagbag.py:545} INFO - Filling up the DagBag from /opt/airflow/dags/shopee_dag.py
[2026-05-28T05:43:19.536+0000] {processor.py:840} INFO - DAG(s) 'shopee_pipeline' retrieved from /opt/airflow/dags/shopee_dag.py
[2026-05-28T05:43:19.573+0000] {logging_mixin.py:188} INFO - [2026-05-28T05:43:19.572+0000] {dag.py:3096} INFO - Sync 1 DAGs
[2026-05-28T05:43:19.599+0000] {logging_mixin.py:188} INFO - [2026-05-28T05:43:19.599+0000] {dag.py:3954} INFO - Setting next_dagrun for shopee_pipeline to 2026-05-28 01:00:00+00:00, run_after=2026-05-29 01:00:00+00:00
[2026-05-28T05:43:19.631+0000] {processor.py:183} INFO - Processing /opt/airflow/dags/shopee_dag.py took 0.213 seconds
[2026-05-28T05:43:50.060+0000] {processor.py:161} INFO - Started process (PID=28992) to work on /opt/airflow/dags/shopee_dag.py
[2026-05-28T05:43:50.062+0000] {processor.py:830} INFO - Processing file /opt/airflow/dags/shopee_dag.py for tasks to queue
[2026-05-28T05:43:50.066+0000] {logging_mixin.py:188} INFO - [2026-05-28T05:43:50.065+0000] {dagbag.py:545} INFO - Filling up the DagBag from /opt/airflow/dags/shopee_dag.py
[2026-05-28T05:43:50.237+0000] {processor.py:840} INFO - DAG(s) 'shopee_pipeline' retrieved from /opt/airflow/dags/shopee_dag.py
[2026-05-28T05:43:50.285+0000] {logging_mixin.py:188} INFO - [2026-05-28T05:43:50.285+0000] {dag.py:3096} INFO - Sync 1 DAGs
[2026-05-28T05:43:50.321+0000] {logging_mixin.py:188} INFO - [2026-05-28T05:43:50.321+0000] {dag.py:3954} INFO - Setting next_dagrun for shopee_pipeline to 2026-05-28 01:00:00+00:00, run_after=2026-05-29 01:00:00+00:00
[2026-05-28T05:43:50.365+0000] {processor.py:183} INFO - Processing /opt/airflow/dags/shopee_dag.py took 0.316 seconds
[2026-05-28T05:44:20.579+0000] {processor.py:161} INFO - Started process (PID=29114) to work on /opt/airflow/dags/shopee_dag.py
[2026-05-28T05:44:20.580+0000] {processor.py:830} INFO - Processing file /opt/airflow/dags/shopee_dag.py for tasks to queue
[2026-05-28T05:44:20.582+0000] {logging_mixin.py:188} INFO - [2026-05-28T05:44:20.582+0000] {dagbag.py:545} INFO - Filling up the DagBag from /opt/airflow/dags/shopee_dag.py
[2026-05-28T05:44:20.685+0000] {processor.py:840} INFO - DAG(s) 'shopee_pipeline' retrieved from /opt/airflow/dags/shopee_dag.py
[2026-05-28T05:44:20.722+0000] {logging_mixin.py:188} INFO - [2026-05-28T05:44:20.721+0000] {dag.py:3096} INFO - Sync 1 DAGs
[2026-05-28T05:44:20.745+0000] {logging_mixin.py:188} INFO - [2026-05-28T05:44:20.744+0000] {dag.py:3954} INFO - Setting next_dagrun for shopee_pipeline to 2026-05-28 01:00:00+00:00, run_after=2026-05-29 01:00:00+00:00
[2026-05-28T05:44:20.766+0000] {processor.py:183} INFO - Processing /opt/airflow/dags/shopee_dag.py took 0.193 seconds
[2026-05-28T05:44:51.242+0000] {processor.py:161} INFO - Started process (PID=29233) to work on /opt/airflow/dags/shopee_dag.py
[2026-05-28T05:44:51.243+0000] {processor.py:830} INFO - Processing file /opt/airflow/dags/shopee_dag.py for tasks to queue
[2026-05-28T05:44:51.244+0000] {logging_mixin.py:188} INFO - [2026-05-28T05:44:51.244+0000] {dagbag.py:545} INFO - Filling up the DagBag from /opt/airflow/dags/shopee_dag.py
[2026-05-28T05:44:51.351+0000] {processor.py:840} INFO - DAG(s) 'shopee_pipeline' retrieved from /opt/airflow/dags/shopee_dag.py
[2026-05-28T05:44:51.385+0000] {logging_mixin.py:188} INFO - [2026-05-28T05:44:51.385+0000] {dag.py:3096} INFO - Sync 1 DAGs
[2026-05-28T05:44:51.411+0000] {logging_mixin.py:188} INFO - [2026-05-28T05:44:51.411+0000] {dag.py:3954} INFO - Setting next_dagrun for shopee_pipeline to 2026-05-28 01:00:00+00:00, run_after=2026-05-29 01:00:00+00:00
[2026-05-28T05:44:51.443+0000] {processor.py:183} INFO - Processing /opt/airflow/dags/shopee_dag.py took 0.207 seconds
[2026-05-28T05:45:21.829+0000] {processor.py:161} INFO - Started process (PID=29321) to work on /opt/airflow/dags/shopee_dag.py
[2026-05-28T05:45:21.830+0000] {processor.py:830} INFO - Processing file /opt/airflow/dags/shopee_dag.py for tasks to queue
[2026-05-28T05:45:21.832+0000] {logging_mixin.py:188} INFO - [2026-05-28T05:45:21.832+0000] {dagbag.py:545} INFO - Filling up the DagBag from /opt/airflow/dags/shopee_dag.py
[2026-05-28T05:45:21.956+0000] {processor.py:840} INFO - DAG(s) 'shopee_pipeline' retrieved from /opt/airflow/dags/shopee_dag.py
[2026-05-28T05:45:21.993+0000] {logging_mixin.py:188} INFO - [2026-05-28T05:45:21.992+0000] {dag.py:3096} INFO - Sync 1 DAGs
[2026-05-28T05:45:22.019+0000] {logging_mixin.py:188} INFO - [2026-05-28T05:45:22.019+0000] {dag.py:3954} INFO - Setting next_dagrun for shopee_pipeline to 2026-05-28 01:00:00+00:00, run_after=2026-05-29 01:00:00+00:00
[2026-05-28T05:45:22.041+0000] {processor.py:183} INFO - Processing /opt/airflow/dags/shopee_dag.py took 0.222 seconds
[2026-05-28T05:45:52.490+0000] {processor.py:161} INFO - Started process (PID=29386) to work on /opt/airflow/dags/shopee_dag.py
[2026-05-28T05:45:52.492+0000] {processor.py:830} INFO - Processing file /opt/airflow/dags/shopee_dag.py for tasks to queue
[2026-05-28T05:45:52.494+0000] {logging_mixin.py:188} INFO - [2026-05-28T05:45:52.493+0000] {dagbag.py:545} INFO - Filling up the DagBag from /opt/airflow/dags/shopee_dag.py
[2026-05-28T05:45:52.609+0000] {processor.py:840} INFO - DAG(s) 'shopee_pipeline' retrieved from /opt/airflow/dags/shopee_dag.py
[2026-05-28T05:45:52.641+0000] {logging_mixin.py:188} INFO - [2026-05-28T05:45:52.641+0000] {dag.py:3096} INFO - Sync 1 DAGs
[2026-05-28T05:45:52.666+0000] {logging_mixin.py:188} INFO - [2026-05-28T05:45:52.666+0000] {dag.py:3954} INFO - Setting next_dagrun for shopee_pipeline to 2026-05-28 01:00:00+00:00, run_after=2026-05-29 01:00:00+00:00
[2026-05-28T05:45:52.689+0000] {processor.py:183} INFO - Processing /opt/airflow/dags/shopee_dag.py took 0.205 seconds
[2026-05-28T05:46:22.858+0000] {processor.py:161} INFO - Started process (PID=29473) to work on /opt/airflow/dags/shopee_dag.py
[2026-05-28T05:46:22.860+0000] {processor.py:830} INFO - Processing file /opt/airflow/dags/shopee_dag.py for tasks to queue
[2026-05-28T05:46:22.862+0000] {logging_mixin.py:188} INFO - [2026-05-28T05:46:22.862+0000] {dagbag.py:545} INFO - Filling up the DagBag from /opt/airflow/dags/shopee_dag.py
[2026-05-28T05:46:23.012+0000] {processor.py:840} INFO - DAG(s) 'shopee_pipeline' retrieved from /opt/airflow/dags/shopee_dag.py
[2026-05-28T05:46:23.065+0000] {logging_mixin.py:188} INFO - [2026-05-28T05:46:23.065+0000] {dag.py:3096} INFO - Sync 1 DAGs
[2026-05-28T05:46:23.106+0000] {logging_mixin.py:188} INFO - [2026-05-28T05:46:23.105+0000] {dag.py:3954} INFO - Setting next_dagrun for shopee_pipeline to 2026-05-28 01:00:00+00:00, run_after=2026-05-29 01:00:00+00:00
[2026-05-28T05:46:23.152+0000] {processor.py:183} INFO - Processing /opt/airflow/dags/shopee_dag.py took 0.303 seconds
[2026-05-28T05:46:53.220+0000] {processor.py:161} INFO - Started process (PID=29519) to work on /opt/airflow/dags/shopee_dag.py
[2026-05-28T05:46:53.221+0000] {processor.py:830} INFO - Processing file /opt/airflow/dags/shopee_dag.py for tasks to queue
[2026-05-28T05:46:53.223+0000] {logging_mixin.py:188} INFO - [2026-05-28T05:46:53.223+0000] {dagbag.py:545} INFO - Filling up the DagBag from /opt/airflow/dags/shopee_dag.py
[2026-05-28T05:46:53.348+0000] {processor.py:840} INFO - DAG(s) 'shopee_pipeline' retrieved from /opt/airflow/dags/shopee_dag.py
[2026-05-28T05:46:53.393+0000] {logging_mixin.py:188} INFO - [2026-05-28T05:46:53.392+0000] {dag.py:3096} INFO - Sync 1 DAGs
[2026-05-28T05:46:53.422+0000] {logging_mixin.py:188} INFO - [2026-05-28T05:46:53.422+0000] {dag.py:3954} INFO - Setting next_dagrun for shopee_pipeline to 2026-05-28 01:00:00+00:00, run_after=2026-05-29 01:00:00+00:00
[2026-05-28T05:46:53.446+0000] {processor.py:183} INFO - Processing /opt/airflow/dags/shopee_dag.py took 0.234 seconds
[2026-05-28T05:47:23.784+0000] {processor.py:161} INFO - Started process (PID=29611) to work on /opt/airflow/dags/shopee_dag.py
[2026-05-28T05:47:23.785+0000] {processor.py:830} INFO - Processing file /opt/airflow/dags/shopee_dag.py for tasks to queue
[2026-05-28T05:47:23.788+0000] {logging_mixin.py:188} INFO - [2026-05-28T05:47:23.788+0000] {dagbag.py:545} INFO - Filling up the DagBag from /opt/airflow/dags/shopee_dag.py
[2026-05-28T05:47:23.942+0000] {processor.py:840} INFO - DAG(s) 'shopee_pipeline' retrieved from /opt/airflow/dags/shopee_dag.py
[2026-05-28T05:47:23.983+0000] {logging_mixin.py:188} INFO - [2026-05-28T05:47:23.982+0000] {dag.py:3096} INFO - Sync 1 DAGs
[2026-05-28T05:47:24.007+0000] {logging_mixin.py:188} INFO - [2026-05-28T05:47:24.006+0000] {dag.py:3954} INFO - Setting next_dagrun for shopee_pipeline to 2026-05-28 01:00:00+00:00, run_after=2026-05-29 01:00:00+00:00
[2026-05-28T05:47:24.030+0000] {processor.py:183} INFO - Processing /opt/airflow/dags/shopee_dag.py took 0.259 seconds
[2026-05-28T05:47:54.402+0000] {processor.py:161} INFO - Started process (PID=29648) to work on /opt/airflow/dags/shopee_dag.py
[2026-05-28T05:47:54.403+0000] {processor.py:830} INFO - Processing file /opt/airflow/dags/shopee_dag.py for tasks to queue
[2026-05-28T05:47:54.406+0000] {logging_mixin.py:188} INFO - [2026-05-28T05:47:54.405+0000] {dagbag.py:545} INFO - Filling up the DagBag from /opt/airflow/dags/shopee_dag.py
[2026-05-28T05:47:54.535+0000] {processor.py:840} INFO - DAG(s) 'shopee_pipeline' retrieved from /opt/airflow/dags/shopee_dag.py
[2026-05-28T05:47:54.571+0000] {logging_mixin.py:188} INFO - [2026-05-28T05:47:54.571+0000] {dag.py:3096} INFO - Sync 1 DAGs
[2026-05-28T05:47:54.602+0000] {logging_mixin.py:188} INFO - [2026-05-28T05:47:54.601+0000] {dag.py:3954} INFO - Setting next_dagrun for shopee_pipeline to 2026-05-28 01:00:00+00:00, run_after=2026-05-29 01:00:00+00:00
[2026-05-28T05:47:54.624+0000] {processor.py:183} INFO - Processing /opt/airflow/dags/shopee_dag.py took 0.229 seconds
[2026-05-28T05:48:24.966+0000] {processor.py:161} INFO - Started process (PID=29766) to work on /opt/airflow/dags/shopee_dag.py
[2026-05-28T05:48:24.968+0000] {processor.py:830} INFO - Processing file /opt/airflow/dags/shopee_dag.py for tasks to queue
[2026-05-28T05:48:24.969+0000] {logging_mixin.py:188} INFO - [2026-05-28T05:48:24.969+0000] {dagbag.py:545} INFO - Filling up the DagBag from /opt/airflow/dags/shopee_dag.py
[2026-05-28T05:48:25.082+0000] {processor.py:840} INFO - DAG(s) 'shopee_pipeline' retrieved from /opt/airflow/dags/shopee_dag.py
[2026-05-28T05:48:25.118+0000] {logging_mixin.py:188} INFO - [2026-05-28T05:48:25.118+0000] {dag.py:3096} INFO - Sync 1 DAGs
[2026-05-28T05:48:25.148+0000] {logging_mixin.py:188} INFO - [2026-05-28T05:48:25.148+0000] {dag.py:3954} INFO - Setting next_dagrun for shopee_pipeline to 2026-05-28 01:00:00+00:00, run_after=2026-05-29 01:00:00+00:00
[2026-05-28T05:48:25.184+0000] {processor.py:183} INFO - Processing /opt/airflow/dags/shopee_dag.py took 0.226 seconds
[2026-05-28T05:48:55.462+0000] {processor.py:161} INFO - Started process (PID=29886) to work on /opt/airflow/dags/shopee_dag.py
[2026-05-28T05:48:55.463+0000] {processor.py:830} INFO - Processing file /opt/airflow/dags/shopee_dag.py for tasks to queue
[2026-05-28T05:48:55.465+0000] {logging_mixin.py:188} INFO - [2026-05-28T05:48:55.465+0000] {dagbag.py:545} INFO - Filling up the DagBag from /opt/airflow/dags/shopee_dag.py
[2026-05-28T05:48:55.584+0000] {processor.py:840} INFO - DAG(s) 'shopee_pipeline' retrieved from /opt/airflow/dags/shopee_dag.py
[2026-05-28T05:48:55.616+0000] {logging_mixin.py:188} INFO - [2026-05-28T05:48:55.616+0000] {dag.py:3096} INFO - Sync 1 DAGs
[2026-05-28T05:48:55.644+0000] {logging_mixin.py:188} INFO - [2026-05-28T05:48:55.644+0000] {dag.py:3954} INFO - Setting next_dagrun for shopee_pipeline to 2026-05-28 01:00:00+00:00, run_after=2026-05-29 01:00:00+00:00
[2026-05-28T05:48:55.676+0000] {processor.py:183} INFO - Processing /opt/airflow/dags/shopee_dag.py took 0.222 seconds
[2026-05-28T05:49:25.863+0000] {processor.py:161} INFO - Started process (PID=29985) to work on /opt/airflow/dags/shopee_dag.py
[2026-05-28T05:49:25.866+0000] {processor.py:830} INFO - Processing file /opt/airflow/dags/shopee_dag.py for tasks to queue
[2026-05-28T05:49:25.871+0000] {logging_mixin.py:188} INFO - [2026-05-28T05:49:25.870+0000] {dagbag.py:545} INFO - Filling up the DagBag from /opt/airflow/dags/shopee_dag.py
[2026-05-28T05:49:26.071+0000] {processor.py:840} INFO - DAG(s) 'shopee_pipeline' retrieved from /opt/airflow/dags/shopee_dag.py
[2026-05-28T05:49:26.139+0000] {logging_mixin.py:188} INFO - [2026-05-28T05:49:26.138+0000] {dag.py:3096} INFO - Sync 1 DAGs
[2026-05-28T05:49:26.187+0000] {logging_mixin.py:188} INFO - [2026-05-28T05:49:26.187+0000] {dag.py:3954} INFO - Setting next_dagrun for shopee_pipeline to 2026-05-28 01:00:00+00:00, run_after=2026-05-29 01:00:00+00:00
[2026-05-28T05:49:26.232+0000] {processor.py:183} INFO - Processing /opt/airflow/dags/shopee_dag.py took 0.384 seconds
[2026-05-28T05:49:56.465+0000] {processor.py:161} INFO - Started process (PID=29999) to work on /opt/airflow/dags/shopee_dag.py
[2026-05-28T05:49:56.467+0000] {processor.py:830} INFO - Processing file /opt/airflow/dags/shopee_dag.py for tasks to queue
[2026-05-28T05:49:56.470+0000] {logging_mixin.py:188} INFO - [2026-05-28T05:49:56.469+0000] {dagbag.py:545} INFO - Filling up the DagBag from /opt/airflow/dags/shopee_dag.py
[2026-05-28T05:49:56.603+0000] {processor.py:840} INFO - DAG(s) 'shopee_pipeline' retrieved from /opt/airflow/dags/shopee_dag.py
[2026-05-28T05:49:56.642+0000] {logging_mixin.py:188} INFO - [2026-05-28T05:49:56.642+0000] {dag.py:3096} INFO - Sync 1 DAGs
[2026-05-28T05:49:56.670+0000] {logging_mixin.py:188} INFO - [2026-05-28T05:49:56.670+0000] {dag.py:3954} INFO - Setting next_dagrun for shopee_pipeline to 2026-05-28 01:00:00+00:00, run_after=2026-05-29 01:00:00+00:00
[2026-05-28T05:49:56.695+0000] {processor.py:183} INFO - Processing /opt/airflow/dags/shopee_dag.py took 0.236 seconds
[2026-05-28T05:50:26.789+0000] {processor.py:161} INFO - Started process (PID=30130) to work on /opt/airflow/dags/shopee_dag.py
[2026-05-28T05:50:26.790+0000] {processor.py:830} INFO - Processing file /opt/airflow/dags/shopee_dag.py for tasks to queue
[2026-05-28T05:50:26.793+0000] {logging_mixin.py:188} INFO - [2026-05-28T05:50:26.793+0000] {dagbag.py:545} INFO - Filling up the DagBag from /opt/airflow/dags/shopee_dag.py
[2026-05-28T05:50:26.993+0000] {processor.py:840} INFO - DAG(s) 'shopee_pipeline' retrieved from /opt/airflow/dags/shopee_dag.py
[2026-05-28T05:50:27.048+0000] {logging_mixin.py:188} INFO - [2026-05-28T05:50:27.047+0000] {dag.py:3096} INFO - Sync 1 DAGs
[2026-05-28T05:50:27.095+0000] {logging_mixin.py:188} INFO - [2026-05-28T05:50:27.095+0000] {dag.py:3954} INFO - Setting next_dagrun for shopee_pipeline to 2026-05-28 01:00:00+00:00, run_after=2026-05-29 01:00:00+00:00
[2026-05-28T05:50:27.131+0000] {processor.py:183} INFO - Processing /opt/airflow/dags/shopee_dag.py took 0.353 seconds
[2026-05-28T05:50:57.596+0000] {processor.py:161} INFO - Started process (PID=30145) to work on /opt/airflow/dags/shopee_dag.py
[2026-05-28T05:50:57.598+0000] {processor.py:830} INFO - Processing file /opt/airflow/dags/shopee_dag.py for tasks to queue
[2026-05-28T05:50:57.600+0000] {logging_mixin.py:188} INFO - [2026-05-28T05:50:57.599+0000] {dagbag.py:545} INFO - Filling up the DagBag from /opt/airflow/dags/shopee_dag.py
[2026-05-28T05:50:57.700+0000] {processor.py:840} INFO - DAG(s) 'shopee_pipeline' retrieved from /opt/airflow/dags/shopee_dag.py
[2026-05-28T05:50:57.732+0000] {logging_mixin.py:188} INFO - [2026-05-28T05:50:57.731+0000] {dag.py:3096} INFO - Sync 1 DAGs
[2026-05-28T05:50:57.756+0000] {logging_mixin.py:188} INFO - [2026-05-28T05:50:57.756+0000] {dag.py:3954} INFO - Setting next_dagrun for shopee_pipeline to 2026-05-28 01:00:00+00:00, run_after=2026-05-29 01:00:00+00:00
[2026-05-28T05:50:57.778+0000] {processor.py:183} INFO - Processing /opt/airflow/dags/shopee_dag.py took 0.190 seconds
[2026-05-28T05:51:27.936+0000] {processor.py:161} INFO - Started process (PID=30277) to work on /opt/airflow/dags/shopee_dag.py
[2026-05-28T05:51:27.938+0000] {processor.py:830} INFO - Processing file /opt/airflow/dags/shopee_dag.py for tasks to queue
[2026-05-28T05:51:27.940+0000] {logging_mixin.py:188} INFO - [2026-05-28T05:51:27.940+0000] {dagbag.py:545} INFO - Filling up the DagBag from /opt/airflow/dags/shopee_dag.py
[2026-05-28T05:51:28.061+0000] {processor.py:840} INFO - DAG(s) 'shopee_pipeline' retrieved from /opt/airflow/dags/shopee_dag.py
[2026-05-28T05:51:28.100+0000] {logging_mixin.py:188} INFO - [2026-05-28T05:51:28.099+0000] {dag.py:3096} INFO - Sync 1 DAGs
[2026-05-28T05:51:28.125+0000] {logging_mixin.py:188} INFO - [2026-05-28T05:51:28.125+0000] {dag.py:3954} INFO - Setting next_dagrun for shopee_pipeline to 2026-05-28 01:00:00+00:00, run_after=2026-05-29 01:00:00+00:00
[2026-05-28T05:51:28.146+0000] {processor.py:183} INFO - Processing /opt/airflow/dags/shopee_dag.py took 0.218 seconds
[2026-05-28T05:51:58.555+0000] {processor.py:161} INFO - Started process (PID=30290) to work on /opt/airflow/dags/shopee_dag.py
[2026-05-28T05:51:58.556+0000] {processor.py:830} INFO - Processing file /opt/airflow/dags/shopee_dag.py for tasks to queue
[2026-05-28T05:51:58.558+0000] {logging_mixin.py:188} INFO - [2026-05-28T05:51:58.557+0000] {dagbag.py:545} INFO - Filling up the DagBag from /opt/airflow/dags/shopee_dag.py
[2026-05-28T05:51:58.680+0000] {processor.py:840} INFO - DAG(s) 'shopee_pipeline' retrieved from /opt/airflow/dags/shopee_dag.py
[2026-05-28T05:51:58.721+0000] {logging_mixin.py:188} INFO - [2026-05-28T05:51:58.720+0000] {dag.py:3096} INFO - Sync 1 DAGs
[2026-05-28T05:51:58.753+0000] {logging_mixin.py:188} INFO - [2026-05-28T05:51:58.753+0000] {dag.py:3954} INFO - Setting next_dagrun for shopee_pipeline to 2026-05-28 01:00:00+00:00, run_after=2026-05-29 01:00:00+00:00
[2026-05-28T05:51:58.783+0000] {processor.py:183} INFO - Processing /opt/airflow/dags/shopee_dag.py took 0.234 seconds
[2026-05-28T05:52:29.149+0000] {processor.py:161} INFO - Started process (PID=30411) to work on /opt/airflow/dags/shopee_dag.py
[2026-05-28T05:52:29.150+0000] {processor.py:830} INFO - Processing file /opt/airflow/dags/shopee_dag.py for tasks to queue
[2026-05-28T05:52:29.152+0000] {logging_mixin.py:188} INFO - [2026-05-28T05:52:29.152+0000] {dagbag.py:545} INFO - Filling up the DagBag from /opt/airflow/dags/shopee_dag.py
[2026-05-28T05:52:29.284+0000] {processor.py:840} INFO - DAG(s) 'shopee_pipeline' retrieved from /opt/airflow/dags/shopee_dag.py
[2026-05-28T05:52:29.324+0000] {logging_mixin.py:188} INFO - [2026-05-28T05:52:29.324+0000] {dag.py:3096} INFO - Sync 1 DAGs
[2026-05-28T05:52:29.350+0000] {logging_mixin.py:188} INFO - [2026-05-28T05:52:29.350+0000] {dag.py:3954} INFO - Setting next_dagrun for shopee_pipeline to 2026-05-28 01:00:00+00:00, run_after=2026-05-29 01:00:00+00:00
[2026-05-28T05:52:29.382+0000] {processor.py:183} INFO - Processing /opt/airflow/dags/shopee_dag.py took 0.239 seconds
[2026-05-28T05:52:59.490+0000] {processor.py:161} INFO - Started process (PID=30424) to work on /opt/airflow/dags/shopee_dag.py
[2026-05-28T05:52:59.491+0000] {processor.py:830} INFO - Processing file /opt/airflow/dags/shopee_dag.py for tasks to queue
[2026-05-28T05:52:59.494+0000] {logging_mixin.py:188} INFO - [2026-05-28T05:52:59.494+0000] {dagbag.py:545} INFO - Filling up the DagBag from /opt/airflow/dags/shopee_dag.py
[2026-05-28T05:52:59.675+0000] {processor.py:840} INFO - DAG(s) 'shopee_pipeline' retrieved from /opt/airflow/dags/shopee_dag.py
[2026-05-28T05:52:59.728+0000] {logging_mixin.py:188} INFO - [2026-05-28T05:52:59.727+0000] {dag.py:3096} INFO - Sync 1 DAGs
[2026-05-28T05:52:59.768+0000] {logging_mixin.py:188} INFO - [2026-05-28T05:52:59.768+0000] {dag.py:3954} INFO - Setting next_dagrun for shopee_pipeline to 2026-05-28 01:00:00+00:00, run_after=2026-05-29 01:00:00+00:00
[2026-05-28T05:52:59.812+0000] {processor.py:183} INFO - Processing /opt/airflow/dags/shopee_dag.py took 0.332 seconds
[2026-05-28T05:53:30.148+0000] {processor.py:161} INFO - Started process (PID=30541) to work on /opt/airflow/dags/shopee_dag.py
[2026-05-28T05:53:30.149+0000] {processor.py:830} INFO - Processing file /opt/airflow/dags/shopee_dag.py for tasks to queue
[2026-05-28T05:53:30.152+0000] {logging_mixin.py:188} INFO - [2026-05-28T05:53:30.151+0000] {dagbag.py:545} INFO - Filling up the DagBag from /opt/airflow/dags/shopee_dag.py
[2026-05-28T05:53:30.265+0000] {processor.py:840} INFO - DAG(s) 'shopee_pipeline' retrieved from /opt/airflow/dags/shopee_dag.py
[2026-05-28T05:53:30.300+0000] {logging_mixin.py:188} INFO - [2026-05-28T05:53:30.299+0000] {dag.py:3096} INFO - Sync 1 DAGs
[2026-05-28T05:53:30.324+0000] {logging_mixin.py:188} INFO - [2026-05-28T05:53:30.324+0000] {dag.py:3954} INFO - Setting next_dagrun for shopee_pipeline to 2026-05-28 01:00:00+00:00, run_after=2026-05-29 01:00:00+00:00
[2026-05-28T05:53:30.470+0000] {processor.py:183} INFO - Processing /opt/airflow/dags/shopee_dag.py took 0.331 seconds
[2026-05-28T05:54:00.634+0000] {processor.py:161} INFO - Started process (PID=30662) to work on /opt/airflow/dags/shopee_dag.py
[2026-05-28T05:54:00.635+0000] {processor.py:830} INFO - Processing file /opt/airflow/dags/shopee_dag.py for tasks to queue
[2026-05-28T05:54:00.637+0000] {logging_mixin.py:188} INFO - [2026-05-28T05:54:00.637+0000] {dagbag.py:545} INFO - Filling up the DagBag from /opt/airflow/dags/shopee_dag.py
[2026-05-28T05:54:00.745+0000] {processor.py:840} INFO - DAG(s) 'shopee_pipeline' retrieved from /opt/airflow/dags/shopee_dag.py
[2026-05-28T05:54:00.788+0000] {logging_mixin.py:188} INFO - [2026-05-28T05:54:00.788+0000] {dag.py:3096} INFO - Sync 1 DAGs
[2026-05-28T05:54:00.813+0000] {logging_mixin.py:188} INFO - [2026-05-28T05:54:00.813+0000] {dag.py:3954} INFO - Setting next_dagrun for shopee_pipeline to 2026-05-28 01:00:00+00:00, run_after=2026-05-29 01:00:00+00:00
[2026-05-28T05:54:00.844+0000] {processor.py:183} INFO - Processing /opt/airflow/dags/shopee_dag.py took 0.216 seconds
[2026-05-28T05:54:31.276+0000] {processor.py:161} INFO - Started process (PID=30749) to work on /opt/airflow/dags/shopee_dag.py
[2026-05-28T05:54:31.277+0000] {processor.py:830} INFO - Processing file /opt/airflow/dags/shopee_dag.py for tasks to queue
[2026-05-28T05:54:31.279+0000] {logging_mixin.py:188} INFO - [2026-05-28T05:54:31.279+0000] {dagbag.py:545} INFO - Filling up the DagBag from /opt/airflow/dags/shopee_dag.py
[2026-05-28T05:54:31.387+0000] {processor.py:840} INFO - DAG(s) 'shopee_pipeline' retrieved from /opt/airflow/dags/shopee_dag.py
[2026-05-28T05:54:31.421+0000] {logging_mixin.py:188} INFO - [2026-05-28T05:54:31.421+0000] {dag.py:3096} INFO - Sync 1 DAGs
[2026-05-28T05:54:31.448+0000] {logging_mixin.py:188} INFO - [2026-05-28T05:54:31.448+0000] {dag.py:3954} INFO - Setting next_dagrun for shopee_pipeline to 2026-05-28 01:00:00+00:00, run_after=2026-05-29 01:00:00+00:00
[2026-05-28T05:54:31.477+0000] {processor.py:183} INFO - Processing /opt/airflow/dags/shopee_dag.py took 0.207 seconds
[2026-05-28T05:55:01.775+0000] {processor.py:161} INFO - Started process (PID=30794) to work on /opt/airflow/dags/shopee_dag.py
[2026-05-28T05:55:01.776+0000] {processor.py:830} INFO - Processing file /opt/airflow/dags/shopee_dag.py for tasks to queue
[2026-05-28T05:55:01.778+0000] {logging_mixin.py:188} INFO - [2026-05-28T05:55:01.778+0000] {dagbag.py:545} INFO - Filling up the DagBag from /opt/airflow/dags/shopee_dag.py
[2026-05-28T05:55:01.907+0000] {processor.py:840} INFO - DAG(s) 'shopee_pipeline' retrieved from /opt/airflow/dags/shopee_dag.py
[2026-05-28T05:55:01.945+0000] {logging_mixin.py:188} INFO - [2026-05-28T05:55:01.945+0000] {dag.py:3096} INFO - Sync 1 DAGs
[2026-05-28T05:55:01.971+0000] {logging_mixin.py:188} INFO - [2026-05-28T05:55:01.971+0000] {dag.py:3954} INFO - Setting next_dagrun for shopee_pipeline to 2026-05-28 01:00:00+00:00, run_after=2026-05-29 01:00:00+00:00
[2026-05-28T05:55:02.005+0000] {processor.py:183} INFO - Processing /opt/airflow/dags/shopee_dag.py took 0.236 seconds
[2026-05-28T05:55:32.367+0000] {processor.py:161} INFO - Started process (PID=30884) to work on /opt/airflow/dags/shopee_dag.py
[2026-05-28T05:55:32.372+0000] {processor.py:830} INFO - Processing file /opt/airflow/dags/shopee_dag.py for tasks to queue
[2026-05-28T05:55:32.376+0000] {logging_mixin.py:188} INFO - [2026-05-28T05:55:32.375+0000] {dagbag.py:545} INFO - Filling up the DagBag from /opt/airflow/dags/shopee_dag.py
[2026-05-28T05:55:32.544+0000] {processor.py:840} INFO - DAG(s) 'shopee_pipeline' retrieved from /opt/airflow/dags/shopee_dag.py
[2026-05-28T05:55:32.593+0000] {logging_mixin.py:188} INFO - [2026-05-28T05:55:32.593+0000] {dag.py:3096} INFO - Sync 1 DAGs
[2026-05-28T05:55:32.632+0000] {logging_mixin.py:188} INFO - [2026-05-28T05:55:32.631+0000] {dag.py:3954} INFO - Setting next_dagrun for shopee_pipeline to 2026-05-28 01:00:00+00:00, run_after=2026-05-29 01:00:00+00:00
[2026-05-28T05:55:32.673+0000] {processor.py:183} INFO - Processing /opt/airflow/dags/shopee_dag.py took 0.319 seconds
[2026-05-28T05:56:02.833+0000] {processor.py:161} INFO - Started process (PID=30928) to work on /opt/airflow/dags/shopee_dag.py
[2026-05-28T05:56:02.835+0000] {processor.py:830} INFO - Processing file /opt/airflow/dags/shopee_dag.py for tasks to queue
[2026-05-28T05:56:02.837+0000] {logging_mixin.py:188} INFO - [2026-05-28T05:56:02.836+0000] {dagbag.py:545} INFO - Filling up the DagBag from /opt/airflow/dags/shopee_dag.py
[2026-05-28T05:56:02.946+0000] {processor.py:840} INFO - DAG(s) 'shopee_pipeline' retrieved from /opt/airflow/dags/shopee_dag.py
[2026-05-28T05:56:02.978+0000] {logging_mixin.py:188} INFO - [2026-05-28T05:56:02.978+0000] {dag.py:3096} INFO - Sync 1 DAGs
[2026-05-28T05:56:03.001+0000] {logging_mixin.py:188} INFO - [2026-05-28T05:56:03.001+0000] {dag.py:3954} INFO - Setting next_dagrun for shopee_pipeline to 2026-05-28 01:00:00+00:00, run_after=2026-05-29 01:00:00+00:00
[2026-05-28T05:56:03.035+0000] {processor.py:183} INFO - Processing /opt/airflow/dags/shopee_dag.py took 0.209 seconds
[2026-05-28T05:56:33.330+0000] {processor.py:161} INFO - Started process (PID=31016) to work on /opt/airflow/dags/shopee_dag.py
[2026-05-28T05:56:33.331+0000] {processor.py:830} INFO - Processing file /opt/airflow/dags/shopee_dag.py for tasks to queue
[2026-05-28T05:56:33.333+0000] {logging_mixin.py:188} INFO - [2026-05-28T05:56:33.333+0000] {dagbag.py:545} INFO - Filling up the DagBag from /opt/airflow/dags/shopee_dag.py
[2026-05-28T05:56:33.440+0000] {processor.py:840} INFO - DAG(s) 'shopee_pipeline' retrieved from /opt/airflow/dags/shopee_dag.py
[2026-05-28T05:56:33.478+0000] {logging_mixin.py:188} INFO - [2026-05-28T05:56:33.477+0000] {dag.py:3096} INFO - Sync 1 DAGs
[2026-05-28T05:56:33.506+0000] {logging_mixin.py:188} INFO - [2026-05-28T05:56:33.505+0000] {dag.py:3954} INFO - Setting next_dagrun for shopee_pipeline to 2026-05-28 01:00:00+00:00, run_after=2026-05-29 01:00:00+00:00
[2026-05-28T05:56:33.528+0000] {processor.py:183} INFO - Processing /opt/airflow/dags/shopee_dag.py took 0.204 seconds
[2026-05-28T05:57:03.924+0000] {processor.py:161} INFO - Started process (PID=31042) to work on /opt/airflow/dags/shopee_dag.py
[2026-05-28T05:57:03.925+0000] {processor.py:830} INFO - Processing file /opt/airflow/dags/shopee_dag.py for tasks to queue
[2026-05-28T05:57:03.927+0000] {logging_mixin.py:188} INFO - [2026-05-28T05:57:03.927+0000] {dagbag.py:545} INFO - Filling up the DagBag from /opt/airflow/dags/shopee_dag.py
[2026-05-28T05:57:04.043+0000] {processor.py:840} INFO - DAG(s) 'shopee_pipeline' retrieved from /opt/airflow/dags/shopee_dag.py
[2026-05-28T05:57:04.080+0000] {logging_mixin.py:188} INFO - [2026-05-28T05:57:04.079+0000] {dag.py:3096} INFO - Sync 1 DAGs
[2026-05-28T05:57:04.115+0000] {logging_mixin.py:188} INFO - [2026-05-28T05:57:04.115+0000] {dag.py:3954} INFO - Setting next_dagrun for shopee_pipeline to 2026-05-28 01:00:00+00:00, run_after=2026-05-29 01:00:00+00:00
[2026-05-28T05:57:04.146+0000] {processor.py:183} INFO - Processing /opt/airflow/dags/shopee_dag.py took 0.230 seconds
[2026-05-28T05:57:34.479+0000] {processor.py:161} INFO - Started process (PID=31171) to work on /opt/airflow/dags/shopee_dag.py
[2026-05-28T05:57:34.480+0000] {processor.py:830} INFO - Processing file /opt/airflow/dags/shopee_dag.py for tasks to queue
[2026-05-28T05:57:34.482+0000] {logging_mixin.py:188} INFO - [2026-05-28T05:57:34.482+0000] {dagbag.py:545} INFO - Filling up the DagBag from /opt/airflow/dags/shopee_dag.py
[2026-05-28T05:57:34.606+0000] {processor.py:840} INFO - DAG(s) 'shopee_pipeline' retrieved from /opt/airflow/dags/shopee_dag.py
[2026-05-28T05:57:34.643+0000] {logging_mixin.py:188} INFO - [2026-05-28T05:57:34.643+0000] {dag.py:3096} INFO - Sync 1 DAGs
[2026-05-28T05:57:34.669+0000] {logging_mixin.py:188} INFO - [2026-05-28T05:57:34.669+0000] {dag.py:3954} INFO - Setting next_dagrun for shopee_pipeline to 2026-05-28 01:00:00+00:00, run_after=2026-05-29 01:00:00+00:00
[2026-05-28T05:57:34.692+0000] {processor.py:183} INFO - Processing /opt/airflow/dags/shopee_dag.py took 0.221 seconds
[2026-05-28T05:58:05.224+0000] {processor.py:161} INFO - Started process (PID=31184) to work on /opt/airflow/dags/shopee_dag.py
[2026-05-28T05:58:05.225+0000] {processor.py:830} INFO - Processing file /opt/airflow/dags/shopee_dag.py for tasks to queue
[2026-05-28T05:58:05.226+0000] {logging_mixin.py:188} INFO - [2026-05-28T05:58:05.226+0000] {dagbag.py:545} INFO - Filling up the DagBag from /opt/airflow/dags/shopee_dag.py
[2026-05-28T05:58:05.351+0000] {processor.py:840} INFO - DAG(s) 'shopee_pipeline' retrieved from /opt/airflow/dags/shopee_dag.py
[2026-05-28T05:58:05.388+0000] {logging_mixin.py:188} INFO - [2026-05-28T05:58:05.388+0000] {dag.py:3096} INFO - Sync 1 DAGs
[2026-05-28T05:58:05.414+0000] {logging_mixin.py:188} INFO - [2026-05-28T05:58:05.413+0000] {dag.py:3954} INFO - Setting next_dagrun for shopee_pipeline to 2026-05-28 01:00:00+00:00, run_after=2026-05-29 01:00:00+00:00
[2026-05-28T05:58:05.578+0000] {processor.py:183} INFO - Processing /opt/airflow/dags/shopee_dag.py took 0.360 seconds
[2026-05-28T05:58:35.872+0000] {processor.py:161} INFO - Started process (PID=31303) to work on /opt/airflow/dags/shopee_dag.py
[2026-05-28T05:58:35.874+0000] {processor.py:830} INFO - Processing file /opt/airflow/dags/shopee_dag.py for tasks to queue
[2026-05-28T05:58:35.878+0000] {logging_mixin.py:188} INFO - [2026-05-28T05:58:35.877+0000] {dagbag.py:545} INFO - Filling up the DagBag from /opt/airflow/dags/shopee_dag.py
[2026-05-28T05:58:36.070+0000] {processor.py:840} INFO - DAG(s) 'shopee_pipeline' retrieved from /opt/airflow/dags/shopee_dag.py
[2026-05-28T05:58:36.117+0000] {logging_mixin.py:188} INFO - [2026-05-28T05:58:36.117+0000] {dag.py:3096} INFO - Sync 1 DAGs
[2026-05-28T05:58:36.158+0000] {logging_mixin.py:188} INFO - [2026-05-28T05:58:36.158+0000] {dag.py:3954} INFO - Setting next_dagrun for shopee_pipeline to 2026-05-28 01:00:00+00:00, run_after=2026-05-29 01:00:00+00:00
[2026-05-28T05:58:36.201+0000] {processor.py:183} INFO - Processing /opt/airflow/dags/shopee_dag.py took 0.341 seconds
[2026-05-28T05:59:06.777+0000] {processor.py:161} INFO - Started process (PID=31327) to work on /opt/airflow/dags/shopee_dag.py
[2026-05-28T05:59:06.778+0000] {processor.py:830} INFO - Processing file /opt/airflow/dags/shopee_dag.py for tasks to queue
[2026-05-28T05:59:06.780+0000] {logging_mixin.py:188} INFO - [2026-05-28T05:59:06.779+0000] {dagbag.py:545} INFO - Filling up the DagBag from /opt/airflow/dags/shopee_dag.py
[2026-05-28T05:59:06.878+0000] {processor.py:840} INFO - DAG(s) 'shopee_pipeline' retrieved from /opt/airflow/dags/shopee_dag.py
[2026-05-28T05:59:06.911+0000] {logging_mixin.py:188} INFO - [2026-05-28T05:59:06.911+0000] {dag.py:3096} INFO - Sync 1 DAGs
[2026-05-28T05:59:07.053+0000] {logging_mixin.py:188} INFO - [2026-05-28T05:59:07.053+0000] {dag.py:3954} INFO - Setting next_dagrun for shopee_pipeline to 2026-05-28 01:00:00+00:00, run_after=2026-05-29 01:00:00+00:00
[2026-05-28T05:59:07.075+0000] {processor.py:183} INFO - Processing /opt/airflow/dags/shopee_dag.py took 0.304 seconds
[2026-05-28T05:59:37.585+0000] {processor.py:161} INFO - Started process (PID=31444) to work on /opt/airflow/dags/shopee_dag.py
[2026-05-28T05:59:37.586+0000] {processor.py:830} INFO - Processing file /opt/airflow/dags/shopee_dag.py for tasks to queue
[2026-05-28T05:59:37.589+0000] {logging_mixin.py:188} INFO - [2026-05-28T05:59:37.589+0000] {dagbag.py:545} INFO - Filling up the DagBag from /opt/airflow/dags/shopee_dag.py
[2026-05-28T05:59:37.739+0000] {processor.py:840} INFO - DAG(s) 'shopee_pipeline' retrieved from /opt/airflow/dags/shopee_dag.py
[2026-05-28T05:59:37.788+0000] {logging_mixin.py:188} INFO - [2026-05-28T05:59:37.788+0000] {dag.py:3096} INFO - Sync 1 DAGs
[2026-05-28T05:59:37.829+0000] {logging_mixin.py:188} INFO - [2026-05-28T05:59:37.829+0000] {dag.py:3954} INFO - Setting next_dagrun for shopee_pipeline to 2026-05-28 01:00:00+00:00, run_after=2026-05-29 01:00:00+00:00
[2026-05-28T05:59:38.002+0000] {processor.py:183} INFO - Processing /opt/airflow/dags/shopee_dag.py took 0.426 seconds
[2026-05-28T06:00:08.272+0000] {processor.py:161} INFO - Started process (PID=31545) to work on /opt/airflow/dags/shopee_dag.py
[2026-05-28T06:00:08.273+0000] {processor.py:830} INFO - Processing file /opt/airflow/dags/shopee_dag.py for tasks to queue
[2026-05-28T06:00:08.275+0000] {logging_mixin.py:188} INFO - [2026-05-28T06:00:08.275+0000] {dagbag.py:545} INFO - Filling up the DagBag from /opt/airflow/dags/shopee_dag.py
[2026-05-28T06:00:08.375+0000] {processor.py:840} INFO - DAG(s) 'shopee_pipeline' retrieved from /opt/airflow/dags/shopee_dag.py
[2026-05-28T06:00:08.500+0000] {logging_mixin.py:188} INFO - [2026-05-28T06:00:08.499+0000] {dag.py:3096} INFO - Sync 1 DAGs
[2026-05-28T06:00:08.520+0000] {logging_mixin.py:188} INFO - [2026-05-28T06:00:08.520+0000] {dag.py:3954} INFO - Setting next_dagrun for shopee_pipeline to 2026-05-28 01:00:00+00:00, run_after=2026-05-29 01:00:00+00:00
[2026-05-28T06:00:08.541+0000] {processor.py:183} INFO - Processing /opt/airflow/dags/shopee_dag.py took 0.274 seconds
[2026-05-28T06:00:38.891+0000] {processor.py:161} INFO - Started process (PID=31629) to work on /opt/airflow/dags/shopee_dag.py
[2026-05-28T06:00:38.892+0000] {processor.py:830} INFO - Processing file /opt/airflow/dags/shopee_dag.py for tasks to queue
[2026-05-28T06:00:38.894+0000] {logging_mixin.py:188} INFO - [2026-05-28T06:00:38.894+0000] {dagbag.py:545} INFO - Filling up the DagBag from /opt/airflow/dags/shopee_dag.py
[2026-05-28T06:00:39.024+0000] {processor.py:840} INFO - DAG(s) 'shopee_pipeline' retrieved from /opt/airflow/dags/shopee_dag.py
[2026-05-28T06:00:39.064+0000] {logging_mixin.py:188} INFO - [2026-05-28T06:00:39.064+0000] {dag.py:3096} INFO - Sync 1 DAGs
[2026-05-28T06:00:39.222+0000] {logging_mixin.py:188} INFO - [2026-05-28T06:00:39.222+0000] {dag.py:3954} INFO - Setting next_dagrun for shopee_pipeline to 2026-05-28 01:00:00+00:00, run_after=2026-05-29 01:00:00+00:00
[2026-05-28T06:00:39.254+0000] {processor.py:183} INFO - Processing /opt/airflow/dags/shopee_dag.py took 0.374 seconds
[2026-05-28T06:01:09.803+0000] {processor.py:161} INFO - Started process (PID=31680) to work on /opt/airflow/dags/shopee_dag.py
[2026-05-28T06:01:09.804+0000] {processor.py:830} INFO - Processing file /opt/airflow/dags/shopee_dag.py for tasks to queue
[2026-05-28T06:01:09.806+0000] {logging_mixin.py:188} INFO - [2026-05-28T06:01:09.806+0000] {dagbag.py:545} INFO - Filling up the DagBag from /opt/airflow/dags/shopee_dag.py
[2026-05-28T06:01:10.011+0000] {processor.py:840} INFO - DAG(s) 'shopee_pipeline' retrieved from /opt/airflow/dags/shopee_dag.py
[2026-05-28T06:01:10.040+0000] {logging_mixin.py:188} INFO - [2026-05-28T06:01:10.040+0000] {dag.py:3096} INFO - Sync 1 DAGs
[2026-05-28T06:01:10.063+0000] {logging_mixin.py:188} INFO - [2026-05-28T06:01:10.063+0000] {dag.py:3954} INFO - Setting next_dagrun for shopee_pipeline to 2026-05-28 01:00:00+00:00, run_after=2026-05-29 01:00:00+00:00
[2026-05-28T06:01:10.084+0000] {processor.py:183} INFO - Processing /opt/airflow/dags/shopee_dag.py took 0.288 seconds
[2026-05-28T06:01:40.437+0000] {processor.py:161} INFO - Started process (PID=31768) to work on /opt/airflow/dags/shopee_dag.py
[2026-05-28T06:01:40.439+0000] {processor.py:830} INFO - Processing file /opt/airflow/dags/shopee_dag.py for tasks to queue
[2026-05-28T06:01:40.441+0000] {logging_mixin.py:188} INFO - [2026-05-28T06:01:40.440+0000] {dagbag.py:545} INFO - Filling up the DagBag from /opt/airflow/dags/shopee_dag.py
[2026-05-28T06:01:40.560+0000] {processor.py:840} INFO - DAG(s) 'shopee_pipeline' retrieved from /opt/airflow/dags/shopee_dag.py
[2026-05-28T06:01:40.606+0000] {logging_mixin.py:188} INFO - [2026-05-28T06:01:40.605+0000] {dag.py:3096} INFO - Sync 1 DAGs
[2026-05-28T06:01:40.784+0000] {logging_mixin.py:188} INFO - [2026-05-28T06:01:40.784+0000] {dag.py:3954} INFO - Setting next_dagrun for shopee_pipeline to 2026-05-28 01:00:00+00:00, run_after=2026-05-29 01:00:00+00:00
[2026-05-28T06:01:40.819+0000] {processor.py:183} INFO - Processing /opt/airflow/dags/shopee_dag.py took 0.388 seconds
[2026-05-28T06:02:11.153+0000] {processor.py:161} INFO - Started process (PID=31792) to work on /opt/airflow/dags/shopee_dag.py
[2026-05-28T06:02:11.154+0000] {processor.py:830} INFO - Processing file /opt/airflow/dags/shopee_dag.py for tasks to queue
[2026-05-28T06:02:11.156+0000] {logging_mixin.py:188} INFO - [2026-05-28T06:02:11.156+0000] {dagbag.py:545} INFO - Filling up the DagBag from /opt/airflow/dags/shopee_dag.py
[2026-05-28T06:02:11.407+0000] {processor.py:840} INFO - DAG(s) 'shopee_pipeline' retrieved from /opt/airflow/dags/shopee_dag.py
[2026-05-28T06:02:11.439+0000] {logging_mixin.py:188} INFO - [2026-05-28T06:02:11.438+0000] {dag.py:3096} INFO - Sync 1 DAGs
[2026-05-28T06:02:11.463+0000] {logging_mixin.py:188} INFO - [2026-05-28T06:02:11.462+0000] {dag.py:3954} INFO - Setting next_dagrun for shopee_pipeline to 2026-05-28 01:00:00+00:00, run_after=2026-05-29 01:00:00+00:00
[2026-05-28T06:02:11.483+0000] {processor.py:183} INFO - Processing /opt/airflow/dags/shopee_dag.py took 0.335 seconds
[2026-05-28T06:02:41.855+0000] {processor.py:161} INFO - Started process (PID=31915) to work on /opt/airflow/dags/shopee_dag.py
[2026-05-28T06:02:41.856+0000] {processor.py:830} INFO - Processing file /opt/airflow/dags/shopee_dag.py for tasks to queue
[2026-05-28T06:02:41.858+0000] {logging_mixin.py:188} INFO - [2026-05-28T06:02:41.857+0000] {dagbag.py:545} INFO - Filling up the DagBag from /opt/airflow/dags/shopee_dag.py
[2026-05-28T06:02:41.960+0000] {processor.py:840} INFO - DAG(s) 'shopee_pipeline' retrieved from /opt/airflow/dags/shopee_dag.py
[2026-05-28T06:02:42.108+0000] {logging_mixin.py:188} INFO - [2026-05-28T06:02:42.108+0000] {dag.py:3096} INFO - Sync 1 DAGs
[2026-05-28T06:02:42.136+0000] {logging_mixin.py:188} INFO - [2026-05-28T06:02:42.136+0000] {dag.py:3954} INFO - Setting next_dagrun for shopee_pipeline to 2026-05-28 01:00:00+00:00, run_after=2026-05-29 01:00:00+00:00
[2026-05-28T06:02:42.163+0000] {processor.py:183} INFO - Processing /opt/airflow/dags/shopee_dag.py took 0.314 seconds
[2026-05-28T06:03:12.634+0000] {processor.py:161} INFO - Started process (PID=31938) to work on /opt/airflow/dags/shopee_dag.py
[2026-05-28T06:03:12.636+0000] {processor.py:830} INFO - Processing file /opt/airflow/dags/shopee_dag.py for tasks to queue
[2026-05-28T06:03:12.637+0000] {logging_mixin.py:188} INFO - [2026-05-28T06:03:12.637+0000] {dagbag.py:545} INFO - Filling up the DagBag from /opt/airflow/dags/shopee_dag.py
[2026-05-28T06:03:12.891+0000] {processor.py:840} INFO - DAG(s) 'shopee_pipeline' retrieved from /opt/airflow/dags/shopee_dag.py
[2026-05-28T06:03:12.923+0000] {logging_mixin.py:188} INFO - [2026-05-28T06:03:12.923+0000] {dag.py:3096} INFO - Sync 1 DAGs
[2026-05-28T06:03:12.947+0000] {logging_mixin.py:188} INFO - [2026-05-28T06:03:12.947+0000] {dag.py:3954} INFO - Setting next_dagrun for shopee_pipeline to 2026-05-28 01:00:00+00:00, run_after=2026-05-29 01:00:00+00:00
[2026-05-28T06:03:12.970+0000] {processor.py:183} INFO - Processing /opt/airflow/dags/shopee_dag.py took 0.342 seconds
[2026-05-28T06:03:43.314+0000] {processor.py:161} INFO - Started process (PID=32057) to work on /opt/airflow/dags/shopee_dag.py
[2026-05-28T06:03:43.317+0000] {processor.py:830} INFO - Processing file /opt/airflow/dags/shopee_dag.py for tasks to queue
[2026-05-28T06:03:43.320+0000] {logging_mixin.py:188} INFO - [2026-05-28T06:03:43.319+0000] {dagbag.py:545} INFO - Filling up the DagBag from /opt/airflow/dags/shopee_dag.py
[2026-05-28T06:03:43.531+0000] {processor.py:840} INFO - DAG(s) 'shopee_pipeline' retrieved from /opt/airflow/dags/shopee_dag.py
[2026-05-28T06:03:43.808+0000] {logging_mixin.py:188} INFO - [2026-05-28T06:03:43.808+0000] {dag.py:3096} INFO - Sync 1 DAGs
[2026-05-28T06:03:43.900+0000] {logging_mixin.py:188} INFO - [2026-05-28T06:03:43.900+0000] {dag.py:3954} INFO - Setting next_dagrun for shopee_pipeline to 2026-05-28 01:00:00+00:00, run_after=2026-05-29 01:00:00+00:00
[2026-05-28T06:03:43.991+0000] {processor.py:183} INFO - Processing /opt/airflow/dags/shopee_dag.py took 0.690 seconds
[2026-05-28T06:04:14.427+0000] {processor.py:161} INFO - Started process (PID=32083) to work on /opt/airflow/dags/shopee_dag.py
[2026-05-28T06:04:14.428+0000] {processor.py:830} INFO - Processing file /opt/airflow/dags/shopee_dag.py for tasks to queue
[2026-05-28T06:04:14.429+0000] {logging_mixin.py:188} INFO - [2026-05-28T06:04:14.429+0000] {dagbag.py:545} INFO - Filling up the DagBag from /opt/airflow/dags/shopee_dag.py
[2026-05-28T06:04:14.634+0000] {processor.py:840} INFO - DAG(s) 'shopee_pipeline' retrieved from /opt/airflow/dags/shopee_dag.py
[2026-05-28T06:04:14.660+0000] {logging_mixin.py:188} INFO - [2026-05-28T06:04:14.659+0000] {dag.py:3096} INFO - Sync 1 DAGs
[2026-05-28T06:04:14.681+0000] {logging_mixin.py:188} INFO - [2026-05-28T06:04:14.681+0000] {dag.py:3954} INFO - Setting next_dagrun for shopee_pipeline to 2026-05-28 01:00:00+00:00, run_after=2026-05-29 01:00:00+00:00
[2026-05-28T06:04:14.712+0000] {processor.py:183} INFO - Processing /opt/airflow/dags/shopee_dag.py took 0.291 seconds
[2026-05-28T06:04:45.118+0000] {processor.py:161} INFO - Started process (PID=32202) to work on /opt/airflow/dags/shopee_dag.py
[2026-05-28T06:04:45.119+0000] {processor.py:830} INFO - Processing file /opt/airflow/dags/shopee_dag.py for tasks to queue
[2026-05-28T06:04:45.121+0000] {logging_mixin.py:188} INFO - [2026-05-28T06:04:45.121+0000] {dagbag.py:545} INFO - Filling up the DagBag from /opt/airflow/dags/shopee_dag.py
[2026-05-28T06:04:45.324+0000] {processor.py:840} INFO - DAG(s) 'shopee_pipeline' retrieved from /opt/airflow/dags/shopee_dag.py
[2026-05-28T06:04:45.350+0000] {logging_mixin.py:188} INFO - [2026-05-28T06:04:45.350+0000] {dag.py:3096} INFO - Sync 1 DAGs
[2026-05-28T06:04:45.369+0000] {logging_mixin.py:188} INFO - [2026-05-28T06:04:45.369+0000] {dag.py:3954} INFO - Setting next_dagrun for shopee_pipeline to 2026-05-28 01:00:00+00:00, run_after=2026-05-29 01:00:00+00:00
[2026-05-28T06:04:45.399+0000] {processor.py:183} INFO - Processing /opt/airflow/dags/shopee_dag.py took 0.287 seconds
[2026-05-28T06:05:15.786+0000] {processor.py:161} INFO - Started process (PID=32215) to work on /opt/airflow/dags/shopee_dag.py
[2026-05-28T06:05:15.787+0000] {processor.py:830} INFO - Processing file /opt/airflow/dags/shopee_dag.py for tasks to queue
[2026-05-28T06:05:15.789+0000] {logging_mixin.py:188} INFO - [2026-05-28T06:05:15.788+0000] {dagbag.py:545} INFO - Filling up the DagBag from /opt/airflow/dags/shopee_dag.py
[2026-05-28T06:05:15.985+0000] {processor.py:840} INFO - DAG(s) 'shopee_pipeline' retrieved from /opt/airflow/dags/shopee_dag.py
[2026-05-28T06:05:16.012+0000] {logging_mixin.py:188} INFO - [2026-05-28T06:05:16.012+0000] {dag.py:3096} INFO - Sync 1 DAGs
[2026-05-28T06:05:16.033+0000] {logging_mixin.py:188} INFO - [2026-05-28T06:05:16.033+0000] {dag.py:3954} INFO - Setting next_dagrun for shopee_pipeline to 2026-05-28 01:00:00+00:00, run_after=2026-05-29 01:00:00+00:00
[2026-05-28T06:05:16.054+0000] {processor.py:183} INFO - Processing /opt/airflow/dags/shopee_dag.py took 0.274 seconds
[2026-05-28T06:05:46.446+0000] {processor.py:161} INFO - Started process (PID=32334) to work on /opt/airflow/dags/shopee_dag.py
[2026-05-28T06:05:46.447+0000] {processor.py:830} INFO - Processing file /opt/airflow/dags/shopee_dag.py for tasks to queue
[2026-05-28T06:05:46.449+0000] {logging_mixin.py:188} INFO - [2026-05-28T06:05:46.449+0000] {dagbag.py:545} INFO - Filling up the DagBag from /opt/airflow/dags/shopee_dag.py
[2026-05-28T06:05:46.689+0000] {processor.py:840} INFO - DAG(s) 'shopee_pipeline' retrieved from /opt/airflow/dags/shopee_dag.py
[2026-05-28T06:05:46.719+0000] {logging_mixin.py:188} INFO - [2026-05-28T06:05:46.719+0000] {dag.py:3096} INFO - Sync 1 DAGs
[2026-05-28T06:05:46.741+0000] {logging_mixin.py:188} INFO - [2026-05-28T06:05:46.740+0000] {dag.py:3954} INFO - Setting next_dagrun for shopee_pipeline to 2026-05-28 01:00:00+00:00, run_after=2026-05-29 01:00:00+00:00
[2026-05-28T06:05:46.775+0000] {processor.py:183} INFO - Processing /opt/airflow/dags/shopee_dag.py took 0.339 seconds
[2026-05-28T06:06:17.109+0000] {processor.py:161} INFO - Started process (PID=32347) to work on /opt/airflow/dags/shopee_dag.py
[2026-05-28T06:06:17.112+0000] {processor.py:830} INFO - Processing file /opt/airflow/dags/shopee_dag.py for tasks to queue
[2026-05-28T06:06:17.115+0000] {logging_mixin.py:188} INFO - [2026-05-28T06:06:17.114+0000] {dagbag.py:545} INFO - Filling up the DagBag from /opt/airflow/dags/shopee_dag.py
[2026-05-28T06:06:17.349+0000] {processor.py:840} INFO - DAG(s) 'shopee_pipeline' retrieved from /opt/airflow/dags/shopee_dag.py
[2026-05-28T06:06:17.389+0000] {logging_mixin.py:188} INFO - [2026-05-28T06:06:17.389+0000] {dag.py:3096} INFO - Sync 1 DAGs
[2026-05-28T06:06:17.419+0000] {logging_mixin.py:188} INFO - [2026-05-28T06:06:17.419+0000] {dag.py:3954} INFO - Setting next_dagrun for shopee_pipeline to 2026-05-28 01:00:00+00:00, run_after=2026-05-29 01:00:00+00:00
[2026-05-28T06:06:17.459+0000] {processor.py:183} INFO - Processing /opt/airflow/dags/shopee_dag.py took 0.358 seconds
[2026-05-28T06:06:47.647+0000] {processor.py:161} INFO - Started process (PID=32467) to work on /opt/airflow/dags/shopee_dag.py
[2026-05-28T06:06:47.648+0000] {processor.py:830} INFO - Processing file /opt/airflow/dags/shopee_dag.py for tasks to queue
[2026-05-28T06:06:47.650+0000] {logging_mixin.py:188} INFO - [2026-05-28T06:06:47.650+0000] {dagbag.py:545} INFO - Filling up the DagBag from /opt/airflow/dags/shopee_dag.py
[2026-05-28T06:06:47.857+0000] {processor.py:840} INFO - DAG(s) 'shopee_pipeline' retrieved from /opt/airflow/dags/shopee_dag.py
[2026-05-28T06:06:47.886+0000] {logging_mixin.py:188} INFO - [2026-05-28T06:06:47.886+0000] {dag.py:3096} INFO - Sync 1 DAGs
[2026-05-28T06:06:47.909+0000] {logging_mixin.py:188} INFO - [2026-05-28T06:06:47.908+0000] {dag.py:3954} INFO - Setting next_dagrun for shopee_pipeline to 2026-05-28 01:00:00+00:00, run_after=2026-05-29 01:00:00+00:00
[2026-05-28T06:06:47.930+0000] {processor.py:183} INFO - Processing /opt/airflow/dags/shopee_dag.py took 0.289 seconds
[2026-05-28T06:07:18.220+0000] {processor.py:161} INFO - Started process (PID=32570) to work on /opt/airflow/dags/shopee_dag.py
[2026-05-28T06:07:18.221+0000] {processor.py:830} INFO - Processing file /opt/airflow/dags/shopee_dag.py for tasks to queue
[2026-05-28T06:07:18.223+0000] {logging_mixin.py:188} INFO - [2026-05-28T06:07:18.222+0000] {dagbag.py:545} INFO - Filling up the DagBag from /opt/airflow/dags/shopee_dag.py
[2026-05-28T06:07:18.435+0000] {processor.py:840} INFO - DAG(s) 'shopee_pipeline' retrieved from /opt/airflow/dags/shopee_dag.py
[2026-05-28T06:07:18.462+0000] {logging_mixin.py:188} INFO - [2026-05-28T06:07:18.461+0000] {dag.py:3096} INFO - Sync 1 DAGs
[2026-05-28T06:07:18.482+0000] {logging_mixin.py:188} INFO - [2026-05-28T06:07:18.482+0000] {dag.py:3954} INFO - Setting next_dagrun for shopee_pipeline to 2026-05-28 01:00:00+00:00, run_after=2026-05-29 01:00:00+00:00
[2026-05-28T06:07:18.514+0000] {processor.py:183} INFO - Processing /opt/airflow/dags/shopee_dag.py took 0.300 seconds
[2026-05-28T06:07:48.873+0000] {processor.py:161} INFO - Started process (PID=32678) to work on /opt/airflow/dags/shopee_dag.py
[2026-05-28T06:07:48.876+0000] {processor.py:830} INFO - Processing file /opt/airflow/dags/shopee_dag.py for tasks to queue
[2026-05-28T06:07:48.879+0000] {logging_mixin.py:188} INFO - [2026-05-28T06:07:48.879+0000] {dagbag.py:545} INFO - Filling up the DagBag from /opt/airflow/dags/shopee_dag.py
[2026-05-28T06:07:49.250+0000] {processor.py:840} INFO - DAG(s) 'shopee_pipeline' retrieved from /opt/airflow/dags/shopee_dag.py
[2026-05-28T06:07:49.296+0000] {logging_mixin.py:188} INFO - [2026-05-28T06:07:49.295+0000] {dag.py:3096} INFO - Sync 1 DAGs
[2026-05-28T06:07:49.335+0000] {logging_mixin.py:188} INFO - [2026-05-28T06:07:49.335+0000] {dag.py:3954} INFO - Setting next_dagrun for shopee_pipeline to 2026-05-28 01:00:00+00:00, run_after=2026-05-29 01:00:00+00:00
[2026-05-28T06:07:49.387+0000] {processor.py:183} INFO - Processing /opt/airflow/dags/shopee_dag.py took 0.524 seconds
[2026-05-28T06:08:19.513+0000] {processor.py:161} INFO - Started process (PID=32711) to work on /opt/airflow/dags/shopee_dag.py
[2026-05-28T06:08:19.516+0000] {processor.py:830} INFO - Processing file /opt/airflow/dags/shopee_dag.py for tasks to queue
[2026-05-28T06:08:19.518+0000] {logging_mixin.py:188} INFO - [2026-05-28T06:08:19.518+0000] {dagbag.py:545} INFO - Filling up the DagBag from /opt/airflow/dags/shopee_dag.py
[2026-05-28T06:08:19.862+0000] {processor.py:840} INFO - DAG(s) 'shopee_pipeline' retrieved from /opt/airflow/dags/shopee_dag.py
[2026-05-28T06:08:19.890+0000] {logging_mixin.py:188} INFO - [2026-05-28T06:08:19.890+0000] {dag.py:3096} INFO - Sync 1 DAGs
[2026-05-28T06:08:19.916+0000] {logging_mixin.py:188} INFO - [2026-05-28T06:08:19.916+0000] {dag.py:3954} INFO - Setting next_dagrun for shopee_pipeline to 2026-05-28 01:00:00+00:00, run_after=2026-05-29 01:00:00+00:00
[2026-05-28T06:08:19.939+0000] {processor.py:183} INFO - Processing /opt/airflow/dags/shopee_dag.py took 0.433 seconds
[2026-05-28T06:08:50.188+0000] {processor.py:161} INFO - Started process (PID=32826) to work on /opt/airflow/dags/shopee_dag.py
[2026-05-28T06:08:50.189+0000] {processor.py:830} INFO - Processing file /opt/airflow/dags/shopee_dag.py for tasks to queue
[2026-05-28T06:08:50.192+0000] {logging_mixin.py:188} INFO - [2026-05-28T06:08:50.192+0000] {dagbag.py:545} INFO - Filling up the DagBag from /opt/airflow/dags/shopee_dag.py
[2026-05-28T06:08:50.532+0000] {processor.py:840} INFO - DAG(s) 'shopee_pipeline' retrieved from /opt/airflow/dags/shopee_dag.py
[2026-05-28T06:08:50.597+0000] {logging_mixin.py:188} INFO - [2026-05-28T06:08:50.596+0000] {dag.py:3096} INFO - Sync 1 DAGs
[2026-05-28T06:08:50.632+0000] {logging_mixin.py:188} INFO - [2026-05-28T06:08:50.631+0000] {dag.py:3954} INFO - Setting next_dagrun for shopee_pipeline to 2026-05-28 01:00:00+00:00, run_after=2026-05-29 01:00:00+00:00
[2026-05-28T06:08:50.671+0000] {processor.py:183} INFO - Processing /opt/airflow/dags/shopee_dag.py took 0.493 seconds
[2026-05-28T06:09:20.789+0000] {processor.py:161} INFO - Started process (PID=32842) to work on /opt/airflow/dags/shopee_dag.py
[2026-05-28T06:09:20.791+0000] {processor.py:830} INFO - Processing file /opt/airflow/dags/shopee_dag.py for tasks to queue
[2026-05-28T06:09:20.793+0000] {logging_mixin.py:188} INFO - [2026-05-28T06:09:20.793+0000] {dagbag.py:545} INFO - Filling up the DagBag from /opt/airflow/dags/shopee_dag.py
[2026-05-28T06:09:21.029+0000] {processor.py:840} INFO - DAG(s) 'shopee_pipeline' retrieved from /opt/airflow/dags/shopee_dag.py
[2026-05-28T06:09:21.071+0000] {logging_mixin.py:188} INFO - [2026-05-28T06:09:21.070+0000] {dag.py:3096} INFO - Sync 1 DAGs
[2026-05-28T06:09:21.095+0000] {logging_mixin.py:188} INFO - [2026-05-28T06:09:21.095+0000] {dag.py:3954} INFO - Setting next_dagrun for shopee_pipeline to 2026-05-28 01:00:00+00:00, run_after=2026-05-29 01:00:00+00:00
[2026-05-28T06:09:21.129+0000] {processor.py:183} INFO - Processing /opt/airflow/dags/shopee_dag.py took 0.348 seconds
[2026-05-28T06:09:51.303+0000] {processor.py:161} INFO - Started process (PID=32945) to work on /opt/airflow/dags/shopee_dag.py
[2026-05-28T06:09:51.304+0000] {processor.py:830} INFO - Processing file /opt/airflow/dags/shopee_dag.py for tasks to queue
[2026-05-28T06:09:51.307+0000] {logging_mixin.py:188} INFO - [2026-05-28T06:09:51.306+0000] {dagbag.py:545} INFO - Filling up the DagBag from /opt/airflow/dags/shopee_dag.py
[2026-05-28T06:09:51.534+0000] {processor.py:840} INFO - DAG(s) 'shopee_pipeline' retrieved from /opt/airflow/dags/shopee_dag.py
[2026-05-28T06:09:51.565+0000] {logging_mixin.py:188} INFO - [2026-05-28T06:09:51.565+0000] {dag.py:3096} INFO - Sync 1 DAGs
[2026-05-28T06:09:51.588+0000] {logging_mixin.py:188} INFO - [2026-05-28T06:09:51.587+0000] {dag.py:3954} INFO - Setting next_dagrun for shopee_pipeline to 2026-05-28 01:00:00+00:00, run_after=2026-05-29 01:00:00+00:00
[2026-05-28T06:09:51.619+0000] {processor.py:183} INFO - Processing /opt/airflow/dags/shopee_dag.py took 0.323 seconds
[2026-05-28T06:10:21.888+0000] {processor.py:161} INFO - Started process (PID=33063) to work on /opt/airflow/dags/shopee_dag.py
[2026-05-28T06:10:21.890+0000] {processor.py:830} INFO - Processing file /opt/airflow/dags/shopee_dag.py for tasks to queue
[2026-05-28T06:10:21.893+0000] {logging_mixin.py:188} INFO - [2026-05-28T06:10:21.892+0000] {dagbag.py:545} INFO - Filling up the DagBag from /opt/airflow/dags/shopee_dag.py
[2026-05-28T06:10:22.209+0000] {processor.py:840} INFO - DAG(s) 'shopee_pipeline' retrieved from /opt/airflow/dags/shopee_dag.py
[2026-05-28T06:10:22.247+0000] {logging_mixin.py:188} INFO - [2026-05-28T06:10:22.247+0000] {dag.py:3096} INFO - Sync 1 DAGs
[2026-05-28T06:10:22.276+0000] {logging_mixin.py:188} INFO - [2026-05-28T06:10:22.276+0000] {dag.py:3954} INFO - Setting next_dagrun for shopee_pipeline to 2026-05-28 01:00:00+00:00, run_after=2026-05-29 01:00:00+00:00
[2026-05-28T06:10:22.316+0000] {processor.py:183} INFO - Processing /opt/airflow/dags/shopee_dag.py took 0.439 seconds
[2026-05-28T06:10:52.670+0000] {processor.py:161} INFO - Started process (PID=33147) to work on /opt/airflow/dags/shopee_dag.py
[2026-05-28T06:10:52.672+0000] {processor.py:830} INFO - Processing file /opt/airflow/dags/shopee_dag.py for tasks to queue
[2026-05-28T06:10:52.675+0000] {logging_mixin.py:188} INFO - [2026-05-28T06:10:52.674+0000] {dagbag.py:545} INFO - Filling up the DagBag from /opt/airflow/dags/shopee_dag.py
[2026-05-28T06:10:52.937+0000] {processor.py:840} INFO - DAG(s) 'shopee_pipeline' retrieved from /opt/airflow/dags/shopee_dag.py
[2026-05-28T06:10:52.973+0000] {logging_mixin.py:188} INFO - [2026-05-28T06:10:52.973+0000] {dag.py:3096} INFO - Sync 1 DAGs
[2026-05-28T06:10:52.998+0000] {logging_mixin.py:188} INFO - [2026-05-28T06:10:52.998+0000] {dag.py:3954} INFO - Setting next_dagrun for shopee_pipeline to 2026-05-28 01:00:00+00:00, run_after=2026-05-29 01:00:00+00:00
[2026-05-28T06:10:53.030+0000] {processor.py:183} INFO - Processing /opt/airflow/dags/shopee_dag.py took 0.370 seconds
[2026-05-28T06:11:23.226+0000] {processor.py:161} INFO - Started process (PID=33196) to work on /opt/airflow/dags/shopee_dag.py
[2026-05-28T06:11:23.227+0000] {processor.py:830} INFO - Processing file /opt/airflow/dags/shopee_dag.py for tasks to queue
[2026-05-28T06:11:23.229+0000] {logging_mixin.py:188} INFO - [2026-05-28T06:11:23.229+0000] {dagbag.py:545} INFO - Filling up the DagBag from /opt/airflow/dags/shopee_dag.py
[2026-05-28T06:11:23.438+0000] {processor.py:840} INFO - DAG(s) 'shopee_pipeline' retrieved from /opt/airflow/dags/shopee_dag.py
[2026-05-28T06:11:23.466+0000] {logging_mixin.py:188} INFO - [2026-05-28T06:11:23.466+0000] {dag.py:3096} INFO - Sync 1 DAGs
[2026-05-28T06:11:23.487+0000] {logging_mixin.py:188} INFO - [2026-05-28T06:11:23.487+0000] {dag.py:3954} INFO - Setting next_dagrun for shopee_pipeline to 2026-05-28 01:00:00+00:00, run_after=2026-05-29 01:00:00+00:00
[2026-05-28T06:11:23.509+0000] {processor.py:183} INFO - Processing /opt/airflow/dags/shopee_dag.py took 0.290 seconds
[2026-05-28T06:11:53.927+0000] {processor.py:161} INFO - Started process (PID=33297) to work on /opt/airflow/dags/shopee_dag.py
[2026-05-28T06:11:53.929+0000] {processor.py:830} INFO - Processing file /opt/airflow/dags/shopee_dag.py for tasks to queue
[2026-05-28T06:11:53.933+0000] {logging_mixin.py:188} INFO - [2026-05-28T06:11:53.932+0000] {dagbag.py:545} INFO - Filling up the DagBag from /opt/airflow/dags/shopee_dag.py
[2026-05-28T06:11:54.274+0000] {processor.py:840} INFO - DAG(s) 'shopee_pipeline' retrieved from /opt/airflow/dags/shopee_dag.py
[2026-05-28T06:11:54.327+0000] {logging_mixin.py:188} INFO - [2026-05-28T06:11:54.327+0000] {dag.py:3096} INFO - Sync 1 DAGs
[2026-05-28T06:11:54.361+0000] {logging_mixin.py:188} INFO - [2026-05-28T06:11:54.361+0000] {dag.py:3954} INFO - Setting next_dagrun for shopee_pipeline to 2026-05-28 01:00:00+00:00, run_after=2026-05-29 01:00:00+00:00
[2026-05-28T06:11:54.397+0000] {processor.py:183} INFO - Processing /opt/airflow/dags/shopee_dag.py took 0.482 seconds
[2026-05-28T06:12:24.603+0000] {processor.py:161} INFO - Started process (PID=33310) to work on /opt/airflow/dags/shopee_dag.py
[2026-05-28T06:12:24.605+0000] {processor.py:830} INFO - Processing file /opt/airflow/dags/shopee_dag.py for tasks to queue
[2026-05-28T06:12:24.607+0000] {logging_mixin.py:188} INFO - [2026-05-28T06:12:24.606+0000] {dagbag.py:545} INFO - Filling up the DagBag from /opt/airflow/dags/shopee_dag.py
[2026-05-28T06:12:24.810+0000] {processor.py:840} INFO - DAG(s) 'shopee_pipeline' retrieved from /opt/airflow/dags/shopee_dag.py
[2026-05-28T06:12:24.836+0000] {logging_mixin.py:188} INFO - [2026-05-28T06:12:24.835+0000] {dag.py:3096} INFO - Sync 1 DAGs
[2026-05-28T06:12:24.857+0000] {logging_mixin.py:188} INFO - [2026-05-28T06:12:24.856+0000] {dag.py:3954} INFO - Setting next_dagrun for shopee_pipeline to 2026-05-28 01:00:00+00:00, run_after=2026-05-29 01:00:00+00:00
[2026-05-28T06:12:24.877+0000] {processor.py:183} INFO - Processing /opt/airflow/dags/shopee_dag.py took 0.281 seconds
[2026-05-28T06:12:55.218+0000] {processor.py:161} INFO - Started process (PID=33440) to work on /opt/airflow/dags/shopee_dag.py
[2026-05-28T06:12:55.220+0000] {processor.py:830} INFO - Processing file /opt/airflow/dags/shopee_dag.py for tasks to queue
[2026-05-28T06:12:55.223+0000] {logging_mixin.py:188} INFO - [2026-05-28T06:12:55.222+0000] {dagbag.py:545} INFO - Filling up the DagBag from /opt/airflow/dags/shopee_dag.py
[2026-05-28T06:12:55.414+0000] {processor.py:840} INFO - DAG(s) 'shopee_pipeline' retrieved from /opt/airflow/dags/shopee_dag.py
[2026-05-28T06:12:55.477+0000] {logging_mixin.py:188} INFO - [2026-05-28T06:12:55.477+0000] {dag.py:3096} INFO - Sync 1 DAGs
[2026-05-28T06:12:55.535+0000] {logging_mixin.py:188} INFO - [2026-05-28T06:12:55.534+0000] {dag.py:3954} INFO - Setting next_dagrun for shopee_pipeline to 2026-05-28 01:00:00+00:00, run_after=2026-05-29 01:00:00+00:00
[2026-05-28T06:12:55.577+0000] {processor.py:183} INFO - Processing /opt/airflow/dags/shopee_dag.py took 0.369 seconds
[2026-05-28T06:13:26.022+0000] {processor.py:161} INFO - Started process (PID=33457) to work on /opt/airflow/dags/shopee_dag.py
[2026-05-28T06:13:26.024+0000] {processor.py:830} INFO - Processing file /opt/airflow/dags/shopee_dag.py for tasks to queue
[2026-05-28T06:13:26.026+0000] {logging_mixin.py:188} INFO - [2026-05-28T06:13:26.025+0000] {dagbag.py:545} INFO - Filling up the DagBag from /opt/airflow/dags/shopee_dag.py
[2026-05-28T06:13:26.149+0000] {processor.py:840} INFO - DAG(s) 'shopee_pipeline' retrieved from /opt/airflow/dags/shopee_dag.py
[2026-05-28T06:13:26.197+0000] {logging_mixin.py:188} INFO - [2026-05-28T06:13:26.197+0000] {dag.py:3096} INFO - Sync 1 DAGs
[2026-05-28T06:13:26.232+0000] {logging_mixin.py:188} INFO - [2026-05-28T06:13:26.232+0000] {dag.py:3954} INFO - Setting next_dagrun for shopee_pipeline to 2026-05-28 01:00:00+00:00, run_after=2026-05-29 01:00:00+00:00
[2026-05-28T06:13:26.274+0000] {processor.py:183} INFO - Processing /opt/airflow/dags/shopee_dag.py took 0.260 seconds
[2026-05-28T06:13:56.639+0000] {processor.py:161} INFO - Started process (PID=33574) to work on /opt/airflow/dags/shopee_dag.py
[2026-05-28T06:13:56.640+0000] {processor.py:830} INFO - Processing file /opt/airflow/dags/shopee_dag.py for tasks to queue
[2026-05-28T06:13:56.643+0000] {logging_mixin.py:188} INFO - [2026-05-28T06:13:56.642+0000] {dagbag.py:545} INFO - Filling up the DagBag from /opt/airflow/dags/shopee_dag.py
[2026-05-28T06:13:56.755+0000] {processor.py:840} INFO - DAG(s) 'shopee_pipeline' retrieved from /opt/airflow/dags/shopee_dag.py
[2026-05-28T06:13:56.790+0000] {logging_mixin.py:188} INFO - [2026-05-28T06:13:56.790+0000] {dag.py:3096} INFO - Sync 1 DAGs
[2026-05-28T06:13:56.818+0000] {logging_mixin.py:188} INFO - [2026-05-28T06:13:56.818+0000] {dag.py:3954} INFO - Setting next_dagrun for shopee_pipeline to 2026-05-28 01:00:00+00:00, run_after=2026-05-29 01:00:00+00:00
[2026-05-28T06:13:56.843+0000] {processor.py:183} INFO - Processing /opt/airflow/dags/shopee_dag.py took 0.210 seconds
[2026-05-28T06:14:27.243+0000] {processor.py:161} INFO - Started process (PID=33693) to work on /opt/airflow/dags/shopee_dag.py
[2026-05-28T06:14:27.245+0000] {processor.py:830} INFO - Processing file /opt/airflow/dags/shopee_dag.py for tasks to queue
[2026-05-28T06:14:27.248+0000] {logging_mixin.py:188} INFO - [2026-05-28T06:14:27.247+0000] {dagbag.py:545} INFO - Filling up the DagBag from /opt/airflow/dags/shopee_dag.py
[2026-05-28T06:14:27.423+0000] {processor.py:840} INFO - DAG(s) 'shopee_pipeline' retrieved from /opt/airflow/dags/shopee_dag.py
[2026-05-28T06:14:27.466+0000] {logging_mixin.py:188} INFO - [2026-05-28T06:14:27.465+0000] {dag.py:3096} INFO - Sync 1 DAGs
[2026-05-28T06:14:27.500+0000] {logging_mixin.py:188} INFO - [2026-05-28T06:14:27.500+0000] {dag.py:3954} INFO - Setting next_dagrun for shopee_pipeline to 2026-05-28 01:00:00+00:00, run_after=2026-05-29 01:00:00+00:00
[2026-05-28T06:14:27.531+0000] {processor.py:183} INFO - Processing /opt/airflow/dags/shopee_dag.py took 0.296 seconds
[2026-05-28T06:14:57.886+0000] {processor.py:161} INFO - Started process (PID=33812) to work on /opt/airflow/dags/shopee_dag.py
[2026-05-28T06:14:57.887+0000] {processor.py:830} INFO - Processing file /opt/airflow/dags/shopee_dag.py for tasks to queue
[2026-05-28T06:14:57.888+0000] {logging_mixin.py:188} INFO - [2026-05-28T06:14:57.888+0000] {dagbag.py:545} INFO - Filling up the DagBag from /opt/airflow/dags/shopee_dag.py
[2026-05-28T06:14:58.008+0000] {processor.py:840} INFO - DAG(s) 'shopee_pipeline' retrieved from /opt/airflow/dags/shopee_dag.py
[2026-05-28T06:14:58.053+0000] {logging_mixin.py:188} INFO - [2026-05-28T06:14:58.053+0000] {dag.py:3096} INFO - Sync 1 DAGs
[2026-05-28T06:14:58.087+0000] {logging_mixin.py:188} INFO - [2026-05-28T06:14:58.087+0000] {dag.py:3954} INFO - Setting next_dagrun for shopee_pipeline to 2026-05-28 01:00:00+00:00, run_after=2026-05-29 01:00:00+00:00
[2026-05-28T06:14:58.111+0000] {processor.py:183} INFO - Processing /opt/airflow/dags/shopee_dag.py took 0.231 seconds
[2026-05-28T06:15:28.251+0000] {processor.py:161} INFO - Started process (PID=33896) to work on /opt/airflow/dags/shopee_dag.py
[2026-05-28T06:15:28.255+0000] {processor.py:830} INFO - Processing file /opt/airflow/dags/shopee_dag.py for tasks to queue
[2026-05-28T06:15:28.260+0000] {logging_mixin.py:188} INFO - [2026-05-28T06:15:28.259+0000] {dagbag.py:545} INFO - Filling up the DagBag from /opt/airflow/dags/shopee_dag.py
[2026-05-28T06:15:28.424+0000] {processor.py:840} INFO - DAG(s) 'shopee_pipeline' retrieved from /opt/airflow/dags/shopee_dag.py
[2026-05-28T06:15:28.459+0000] {logging_mixin.py:188} INFO - [2026-05-28T06:15:28.459+0000] {dag.py:3096} INFO - Sync 1 DAGs
[2026-05-28T06:15:28.488+0000] {logging_mixin.py:188} INFO - [2026-05-28T06:15:28.488+0000] {dag.py:3954} INFO - Setting next_dagrun for shopee_pipeline to 2026-05-28 01:00:00+00:00, run_after=2026-05-29 01:00:00+00:00
[2026-05-28T06:15:28.521+0000] {processor.py:183} INFO - Processing /opt/airflow/dags/shopee_dag.py took 0.296 seconds
[2026-05-28T06:15:58.912+0000] {processor.py:161} INFO - Started process (PID=33962) to work on /opt/airflow/dags/shopee_dag.py
[2026-05-28T06:15:58.914+0000] {processor.py:830} INFO - Processing file /opt/airflow/dags/shopee_dag.py for tasks to queue
[2026-05-28T06:15:58.917+0000] {logging_mixin.py:188} INFO - [2026-05-28T06:15:58.916+0000] {dagbag.py:545} INFO - Filling up the DagBag from /opt/airflow/dags/shopee_dag.py
[2026-05-28T06:15:59.032+0000] {processor.py:840} INFO - DAG(s) 'shopee_pipeline' retrieved from /opt/airflow/dags/shopee_dag.py
[2026-05-28T06:15:59.071+0000] {logging_mixin.py:188} INFO - [2026-05-28T06:15:59.071+0000] {dag.py:3096} INFO - Sync 1 DAGs
[2026-05-28T06:15:59.100+0000] {logging_mixin.py:188} INFO - [2026-05-28T06:15:59.099+0000] {dag.py:3954} INFO - Setting next_dagrun for shopee_pipeline to 2026-05-28 01:00:00+00:00, run_after=2026-05-29 01:00:00+00:00
[2026-05-28T06:15:59.125+0000] {processor.py:183} INFO - Processing /opt/airflow/dags/shopee_dag.py took 0.218 seconds
[2026-05-28T06:16:29.268+0000] {processor.py:161} INFO - Started process (PID=34047) to work on /opt/airflow/dags/shopee_dag.py
[2026-05-28T06:16:29.270+0000] {processor.py:830} INFO - Processing file /opt/airflow/dags/shopee_dag.py for tasks to queue
[2026-05-28T06:16:29.273+0000] {logging_mixin.py:188} INFO - [2026-05-28T06:16:29.273+0000] {dagbag.py:545} INFO - Filling up the DagBag from /opt/airflow/dags/shopee_dag.py
[2026-05-28T06:16:29.419+0000] {processor.py:840} INFO - DAG(s) 'shopee_pipeline' retrieved from /opt/airflow/dags/shopee_dag.py
[2026-05-28T06:16:29.465+0000] {logging_mixin.py:188} INFO - [2026-05-28T06:16:29.465+0000] {dag.py:3096} INFO - Sync 1 DAGs
[2026-05-28T06:16:29.500+0000] {logging_mixin.py:188} INFO - [2026-05-28T06:16:29.500+0000] {dag.py:3954} INFO - Setting next_dagrun for shopee_pipeline to 2026-05-28 01:00:00+00:00, run_after=2026-05-29 01:00:00+00:00
[2026-05-28T06:16:29.526+0000] {processor.py:183} INFO - Processing /opt/airflow/dags/shopee_dag.py took 0.268 seconds
[2026-05-28T06:16:59.809+0000] {processor.py:161} INFO - Started process (PID=34092) to work on /opt/airflow/dags/shopee_dag.py
[2026-05-28T06:16:59.810+0000] {processor.py:830} INFO - Processing file /opt/airflow/dags/shopee_dag.py for tasks to queue
[2026-05-28T06:16:59.812+0000] {logging_mixin.py:188} INFO - [2026-05-28T06:16:59.812+0000] {dagbag.py:545} INFO - Filling up the DagBag from /opt/airflow/dags/shopee_dag.py
[2026-05-28T06:16:59.952+0000] {processor.py:840} INFO - DAG(s) 'shopee_pipeline' retrieved from /opt/airflow/dags/shopee_dag.py
[2026-05-28T06:16:59.991+0000] {logging_mixin.py:188} INFO - [2026-05-28T06:16:59.990+0000] {dag.py:3096} INFO - Sync 1 DAGs
[2026-05-28T06:17:00.032+0000] {logging_mixin.py:188} INFO - [2026-05-28T06:17:00.032+0000] {dag.py:3954} INFO - Setting next_dagrun for shopee_pipeline to 2026-05-28 01:00:00+00:00, run_after=2026-05-29 01:00:00+00:00
[2026-05-28T06:17:00.060+0000] {processor.py:183} INFO - Processing /opt/airflow/dags/shopee_dag.py took 0.259 seconds
[2026-05-28T06:17:30.328+0000] {processor.py:161} INFO - Started process (PID=34210) to work on /opt/airflow/dags/shopee_dag.py
[2026-05-28T06:17:30.329+0000] {processor.py:830} INFO - Processing file /opt/airflow/dags/shopee_dag.py for tasks to queue
[2026-05-28T06:17:30.331+0000] {logging_mixin.py:188} INFO - [2026-05-28T06:17:30.330+0000] {dagbag.py:545} INFO - Filling up the DagBag from /opt/airflow/dags/shopee_dag.py
[2026-05-28T06:17:30.431+0000] {processor.py:840} INFO - DAG(s) 'shopee_pipeline' retrieved from /opt/airflow/dags/shopee_dag.py
[2026-05-28T06:17:30.464+0000] {logging_mixin.py:188} INFO - [2026-05-28T06:17:30.463+0000] {dag.py:3096} INFO - Sync 1 DAGs
[2026-05-28T06:17:30.489+0000] {logging_mixin.py:188} INFO - [2026-05-28T06:17:30.488+0000] {dag.py:3954} INFO - Setting next_dagrun for shopee_pipeline to 2026-05-28 01:00:00+00:00, run_after=2026-05-29 01:00:00+00:00
[2026-05-28T06:17:30.520+0000] {processor.py:183} INFO - Processing /opt/airflow/dags/shopee_dag.py took 0.199 seconds
[2026-05-28T06:18:00.667+0000] {processor.py:161} INFO - Started process (PID=34329) to work on /opt/airflow/dags/shopee_dag.py
[2026-05-28T06:18:00.669+0000] {processor.py:830} INFO - Processing file /opt/airflow/dags/shopee_dag.py for tasks to queue
[2026-05-28T06:18:00.671+0000] {logging_mixin.py:188} INFO - [2026-05-28T06:18:00.671+0000] {dagbag.py:545} INFO - Filling up the DagBag from /opt/airflow/dags/shopee_dag.py
[2026-05-28T06:18:00.795+0000] {processor.py:840} INFO - DAG(s) 'shopee_pipeline' retrieved from /opt/airflow/dags/shopee_dag.py
[2026-05-28T06:18:00.838+0000] {logging_mixin.py:188} INFO - [2026-05-28T06:18:00.837+0000] {dag.py:3096} INFO - Sync 1 DAGs
[2026-05-28T06:18:00.866+0000] {logging_mixin.py:188} INFO - [2026-05-28T06:18:00.866+0000] {dag.py:3954} INFO - Setting next_dagrun for shopee_pipeline to 2026-05-28 01:00:00+00:00, run_after=2026-05-29 01:00:00+00:00
[2026-05-28T06:18:00.891+0000] {processor.py:183} INFO - Processing /opt/airflow/dags/shopee_dag.py took 0.232 seconds
[2026-05-28T06:18:31.205+0000] {processor.py:161} INFO - Started process (PID=34342) to work on /opt/airflow/dags/shopee_dag.py
[2026-05-28T06:18:31.206+0000] {processor.py:830} INFO - Processing file /opt/airflow/dags/shopee_dag.py for tasks to queue
[2026-05-28T06:18:31.208+0000] {logging_mixin.py:188} INFO - [2026-05-28T06:18:31.208+0000] {dagbag.py:545} INFO - Filling up the DagBag from /opt/airflow/dags/shopee_dag.py
[2026-05-28T06:18:31.347+0000] {processor.py:840} INFO - DAG(s) 'shopee_pipeline' retrieved from /opt/airflow/dags/shopee_dag.py
[2026-05-28T06:18:31.390+0000] {logging_mixin.py:188} INFO - [2026-05-28T06:18:31.389+0000] {dag.py:3096} INFO - Sync 1 DAGs
[2026-05-28T06:18:31.434+0000] {logging_mixin.py:188} INFO - [2026-05-28T06:18:31.434+0000] {dag.py:3954} INFO - Setting next_dagrun for shopee_pipeline to 2026-05-28 01:00:00+00:00, run_after=2026-05-29 01:00:00+00:00
[2026-05-28T06:18:31.467+0000] {processor.py:183} INFO - Processing /opt/airflow/dags/shopee_dag.py took 0.271 seconds
[2026-05-28T06:19:02.048+0000] {processor.py:161} INFO - Started process (PID=34469) to work on /opt/airflow/dags/shopee_dag.py
[2026-05-28T06:19:02.050+0000] {processor.py:830} INFO - Processing file /opt/airflow/dags/shopee_dag.py for tasks to queue
[2026-05-28T06:19:02.052+0000] {logging_mixin.py:188} INFO - [2026-05-28T06:19:02.051+0000] {dagbag.py:545} INFO - Filling up the DagBag from /opt/airflow/dags/shopee_dag.py
[2026-05-28T06:19:02.161+0000] {processor.py:840} INFO - DAG(s) 'shopee_pipeline' retrieved from /opt/airflow/dags/shopee_dag.py
[2026-05-28T06:19:02.195+0000] {logging_mixin.py:188} INFO - [2026-05-28T06:19:02.195+0000] {dag.py:3096} INFO - Sync 1 DAGs
[2026-05-28T06:19:02.220+0000] {logging_mixin.py:188} INFO - [2026-05-28T06:19:02.220+0000] {dag.py:3954} INFO - Setting next_dagrun for shopee_pipeline to 2026-05-28 01:00:00+00:00, run_after=2026-05-29 01:00:00+00:00
[2026-05-28T06:19:02.243+0000] {processor.py:183} INFO - Processing /opt/airflow/dags/shopee_dag.py took 0.201 seconds
[2026-05-28T06:19:32.368+0000] {processor.py:161} INFO - Started process (PID=34552) to work on /opt/airflow/dags/shopee_dag.py
[2026-05-28T06:19:32.370+0000] {processor.py:830} INFO - Processing file /opt/airflow/dags/shopee_dag.py for tasks to queue
[2026-05-28T06:19:32.372+0000] {logging_mixin.py:188} INFO - [2026-05-28T06:19:32.372+0000] {dagbag.py:545} INFO - Filling up the DagBag from /opt/airflow/dags/shopee_dag.py
[2026-05-28T06:19:32.522+0000] {processor.py:840} INFO - DAG(s) 'shopee_pipeline' retrieved from /opt/airflow/dags/shopee_dag.py
[2026-05-28T06:19:32.563+0000] {logging_mixin.py:188} INFO - [2026-05-28T06:19:32.563+0000] {dag.py:3096} INFO - Sync 1 DAGs
[2026-05-28T06:19:32.592+0000] {logging_mixin.py:188} INFO - [2026-05-28T06:19:32.592+0000] {dag.py:3954} INFO - Setting next_dagrun for shopee_pipeline to 2026-05-28 01:00:00+00:00, run_after=2026-05-29 01:00:00+00:00
[2026-05-28T06:19:32.633+0000] {processor.py:183} INFO - Processing /opt/airflow/dags/shopee_dag.py took 0.275 seconds
[2026-05-28T06:20:02.730+0000] {processor.py:161} INFO - Started process (PID=34609) to work on /opt/airflow/dags/shopee_dag.py
[2026-05-28T06:20:02.731+0000] {processor.py:830} INFO - Processing file /opt/airflow/dags/shopee_dag.py for tasks to queue
[2026-05-28T06:20:02.733+0000] {logging_mixin.py:188} INFO - [2026-05-28T06:20:02.733+0000] {dagbag.py:545} INFO - Filling up the DagBag from /opt/airflow/dags/shopee_dag.py
[2026-05-28T06:20:02.850+0000] {processor.py:840} INFO - DAG(s) 'shopee_pipeline' retrieved from /opt/airflow/dags/shopee_dag.py
[2026-05-28T06:20:02.888+0000] {logging_mixin.py:188} INFO - [2026-05-28T06:20:02.888+0000] {dag.py:3096} INFO - Sync 1 DAGs
[2026-05-28T06:20:02.922+0000] {logging_mixin.py:188} INFO - [2026-05-28T06:20:02.922+0000] {dag.py:3954} INFO - Setting next_dagrun for shopee_pipeline to 2026-05-28 01:00:00+00:00, run_after=2026-05-29 01:00:00+00:00
[2026-05-28T06:20:02.962+0000] {processor.py:183} INFO - Processing /opt/airflow/dags/shopee_dag.py took 0.239 seconds
[2026-05-28T06:20:33.341+0000] {processor.py:161} INFO - Started process (PID=34693) to work on /opt/airflow/dags/shopee_dag.py
[2026-05-28T06:20:33.342+0000] {processor.py:830} INFO - Processing file /opt/airflow/dags/shopee_dag.py for tasks to queue
[2026-05-28T06:20:33.345+0000] {logging_mixin.py:188} INFO - [2026-05-28T06:20:33.344+0000] {dagbag.py:545} INFO - Filling up the DagBag from /opt/airflow/dags/shopee_dag.py
[2026-05-28T06:20:33.470+0000] {processor.py:840} INFO - DAG(s) 'shopee_pipeline' retrieved from /opt/airflow/dags/shopee_dag.py
[2026-05-28T06:20:33.508+0000] {logging_mixin.py:188} INFO - [2026-05-28T06:20:33.507+0000] {dag.py:3096} INFO - Sync 1 DAGs
[2026-05-28T06:20:33.537+0000] {logging_mixin.py:188} INFO - [2026-05-28T06:20:33.537+0000] {dag.py:3954} INFO - Setting next_dagrun for shopee_pipeline to 2026-05-28 01:00:00+00:00, run_after=2026-05-29 01:00:00+00:00
[2026-05-28T06:20:33.560+0000] {processor.py:183} INFO - Processing /opt/airflow/dags/shopee_dag.py took 0.230 seconds
[2026-05-28T06:21:04.026+0000] {processor.py:161} INFO - Started process (PID=34738) to work on /opt/airflow/dags/shopee_dag.py
[2026-05-28T06:21:04.027+0000] {processor.py:830} INFO - Processing file /opt/airflow/dags/shopee_dag.py for tasks to queue
[2026-05-28T06:21:04.028+0000] {logging_mixin.py:188} INFO - [2026-05-28T06:21:04.028+0000] {dagbag.py:545} INFO - Filling up the DagBag from /opt/airflow/dags/shopee_dag.py
[2026-05-28T06:21:04.126+0000] {processor.py:840} INFO - DAG(s) 'shopee_pipeline' retrieved from /opt/airflow/dags/shopee_dag.py
[2026-05-28T06:21:04.158+0000] {logging_mixin.py:188} INFO - [2026-05-28T06:21:04.157+0000] {dag.py:3096} INFO - Sync 1 DAGs
[2026-05-28T06:21:04.182+0000] {logging_mixin.py:188} INFO - [2026-05-28T06:21:04.182+0000] {dag.py:3954} INFO - Setting next_dagrun for shopee_pipeline to 2026-05-28 01:00:00+00:00, run_after=2026-05-29 01:00:00+00:00
[2026-05-28T06:21:04.203+0000] {processor.py:183} INFO - Processing /opt/airflow/dags/shopee_dag.py took 0.183 seconds
[2026-05-28T06:21:34.373+0000] {processor.py:161} INFO - Started process (PID=34858) to work on /opt/airflow/dags/shopee_dag.py
[2026-05-28T06:21:34.374+0000] {processor.py:830} INFO - Processing file /opt/airflow/dags/shopee_dag.py for tasks to queue
[2026-05-28T06:21:34.376+0000] {logging_mixin.py:188} INFO - [2026-05-28T06:21:34.376+0000] {dagbag.py:545} INFO - Filling up the DagBag from /opt/airflow/dags/shopee_dag.py
[2026-05-28T06:21:34.493+0000] {processor.py:840} INFO - DAG(s) 'shopee_pipeline' retrieved from /opt/airflow/dags/shopee_dag.py
[2026-05-28T06:21:34.529+0000] {logging_mixin.py:188} INFO - [2026-05-28T06:21:34.528+0000] {dag.py:3096} INFO - Sync 1 DAGs
[2026-05-28T06:21:34.553+0000] {logging_mixin.py:188} INFO - [2026-05-28T06:21:34.553+0000] {dag.py:3954} INFO - Setting next_dagrun for shopee_pipeline to 2026-05-28 01:00:00+00:00, run_after=2026-05-29 01:00:00+00:00
[2026-05-28T06:21:34.577+0000] {processor.py:183} INFO - Processing /opt/airflow/dags/shopee_dag.py took 0.211 seconds
[2026-05-28T06:22:04.800+0000] {processor.py:161} INFO - Started process (PID=34977) to work on /opt/airflow/dags/shopee_dag.py
[2026-05-28T06:22:04.801+0000] {processor.py:830} INFO - Processing file /opt/airflow/dags/shopee_dag.py for tasks to queue
[2026-05-28T06:22:04.803+0000] {logging_mixin.py:188} INFO - [2026-05-28T06:22:04.803+0000] {dagbag.py:545} INFO - Filling up the DagBag from /opt/airflow/dags/shopee_dag.py
[2026-05-28T06:22:04.923+0000] {processor.py:840} INFO - DAG(s) 'shopee_pipeline' retrieved from /opt/airflow/dags/shopee_dag.py
[2026-05-28T06:22:04.966+0000] {logging_mixin.py:188} INFO - [2026-05-28T06:22:04.966+0000] {dag.py:3096} INFO - Sync 1 DAGs
[2026-05-28T06:22:04.999+0000] {logging_mixin.py:188} INFO - [2026-05-28T06:22:04.999+0000] {dag.py:3954} INFO - Setting next_dagrun for shopee_pipeline to 2026-05-28 01:00:00+00:00, run_after=2026-05-29 01:00:00+00:00
[2026-05-28T06:22:05.028+0000] {processor.py:183} INFO - Processing /opt/airflow/dags/shopee_dag.py took 0.234 seconds
[2026-05-28T06:22:35.410+0000] {processor.py:161} INFO - Started process (PID=35066) to work on /opt/airflow/dags/shopee_dag.py
[2026-05-28T06:22:35.411+0000] {processor.py:830} INFO - Processing file /opt/airflow/dags/shopee_dag.py for tasks to queue
[2026-05-28T06:22:35.414+0000] {logging_mixin.py:188} INFO - [2026-05-28T06:22:35.414+0000] {dagbag.py:545} INFO - Filling up the DagBag from /opt/airflow/dags/shopee_dag.py
[2026-05-28T06:22:35.557+0000] {processor.py:840} INFO - DAG(s) 'shopee_pipeline' retrieved from /opt/airflow/dags/shopee_dag.py
[2026-05-28T06:22:35.593+0000] {logging_mixin.py:188} INFO - [2026-05-28T06:22:35.593+0000] {dag.py:3096} INFO - Sync 1 DAGs
[2026-05-28T06:22:35.625+0000] {logging_mixin.py:188} INFO - [2026-05-28T06:22:35.625+0000] {dag.py:3954} INFO - Setting next_dagrun for shopee_pipeline to 2026-05-28 01:00:00+00:00, run_after=2026-05-29 01:00:00+00:00
[2026-05-28T06:22:35.660+0000] {processor.py:183} INFO - Processing /opt/airflow/dags/shopee_dag.py took 0.259 seconds
[2026-05-28T06:23:05.748+0000] {processor.py:161} INFO - Started process (PID=35108) to work on /opt/airflow/dags/shopee_dag.py
[2026-05-28T06:23:05.749+0000] {processor.py:830} INFO - Processing file /opt/airflow/dags/shopee_dag.py for tasks to queue
[2026-05-28T06:23:05.751+0000] {logging_mixin.py:188} INFO - [2026-05-28T06:23:05.751+0000] {dagbag.py:545} INFO - Filling up the DagBag from /opt/airflow/dags/shopee_dag.py
[2026-05-28T06:23:05.854+0000] {processor.py:840} INFO - DAG(s) 'shopee_pipeline' retrieved from /opt/airflow/dags/shopee_dag.py
[2026-05-28T06:23:05.888+0000] {logging_mixin.py:188} INFO - [2026-05-28T06:23:05.888+0000] {dag.py:3096} INFO - Sync 1 DAGs
[2026-05-28T06:23:05.913+0000] {logging_mixin.py:188} INFO - [2026-05-28T06:23:05.912+0000] {dag.py:3954} INFO - Setting next_dagrun for shopee_pipeline to 2026-05-28 01:00:00+00:00, run_after=2026-05-29 01:00:00+00:00
[2026-05-28T06:23:05.948+0000] {processor.py:183} INFO - Processing /opt/airflow/dags/shopee_dag.py took 0.205 seconds
[2026-05-28T06:23:36.105+0000] {processor.py:161} INFO - Started process (PID=35211) to work on /opt/airflow/dags/shopee_dag.py
[2026-05-28T06:23:36.106+0000] {processor.py:830} INFO - Processing file /opt/airflow/dags/shopee_dag.py for tasks to queue
[2026-05-28T06:23:36.107+0000] {logging_mixin.py:188} INFO - [2026-05-28T06:23:36.107+0000] {dagbag.py:545} INFO - Filling up the DagBag from /opt/airflow/dags/shopee_dag.py
[2026-05-28T06:23:36.212+0000] {processor.py:840} INFO - DAG(s) 'shopee_pipeline' retrieved from /opt/airflow/dags/shopee_dag.py
[2026-05-28T06:23:36.243+0000] {logging_mixin.py:188} INFO - [2026-05-28T06:23:36.243+0000] {dag.py:3096} INFO - Sync 1 DAGs
[2026-05-28T06:23:36.265+0000] {logging_mixin.py:188} INFO - [2026-05-28T06:23:36.265+0000] {dag.py:3954} INFO - Setting next_dagrun for shopee_pipeline to 2026-05-28 01:00:00+00:00, run_after=2026-05-29 01:00:00+00:00
[2026-05-28T06:23:36.293+0000] {processor.py:183} INFO - Processing /opt/airflow/dags/shopee_dag.py took 0.194 seconds
[2026-05-28T06:24:06.360+0000] {processor.py:161} INFO - Started process (PID=35331) to work on /opt/airflow/dags/shopee_dag.py
[2026-05-28T06:24:06.362+0000] {processor.py:830} INFO - Processing file /opt/airflow/dags/shopee_dag.py for tasks to queue
[2026-05-28T06:24:06.363+0000] {logging_mixin.py:188} INFO - [2026-05-28T06:24:06.363+0000] {dagbag.py:545} INFO - Filling up the DagBag from /opt/airflow/dags/shopee_dag.py
[2026-05-28T06:24:06.487+0000] {processor.py:840} INFO - DAG(s) 'shopee_pipeline' retrieved from /opt/airflow/dags/shopee_dag.py
[2026-05-28T06:24:06.525+0000] {logging_mixin.py:188} INFO - [2026-05-28T06:24:06.524+0000] {dag.py:3096} INFO - Sync 1 DAGs
[2026-05-28T06:24:06.558+0000] {logging_mixin.py:188} INFO - [2026-05-28T06:24:06.557+0000] {dag.py:3954} INFO - Setting next_dagrun for shopee_pipeline to 2026-05-28 01:00:00+00:00, run_after=2026-05-29 01:00:00+00:00
[2026-05-28T06:24:06.587+0000] {processor.py:183} INFO - Processing /opt/airflow/dags/shopee_dag.py took 0.232 seconds
[2026-05-28T06:24:36.938+0000] {processor.py:161} INFO - Started process (PID=35419) to work on /opt/airflow/dags/shopee_dag.py
[2026-05-28T06:24:36.939+0000] {processor.py:830} INFO - Processing file /opt/airflow/dags/shopee_dag.py for tasks to queue
[2026-05-28T06:24:36.941+0000] {logging_mixin.py:188} INFO - [2026-05-28T06:24:36.941+0000] {dagbag.py:545} INFO - Filling up the DagBag from /opt/airflow/dags/shopee_dag.py
[2026-05-28T06:24:37.073+0000] {processor.py:840} INFO - DAG(s) 'shopee_pipeline' retrieved from /opt/airflow/dags/shopee_dag.py
[2026-05-28T06:24:37.149+0000] {logging_mixin.py:188} INFO - [2026-05-28T06:24:37.148+0000] {dag.py:3096} INFO - Sync 1 DAGs
[2026-05-28T06:24:37.204+0000] {logging_mixin.py:188} INFO - [2026-05-28T06:24:37.203+0000] {dag.py:3954} INFO - Setting next_dagrun for shopee_pipeline to 2026-05-28 01:00:00+00:00, run_after=2026-05-29 01:00:00+00:00
[2026-05-28T06:24:37.248+0000] {processor.py:183} INFO - Processing /opt/airflow/dags/shopee_dag.py took 0.319 seconds
[2026-05-28T06:25:07.708+0000] {processor.py:161} INFO - Started process (PID=35474) to work on /opt/airflow/dags/shopee_dag.py
[2026-05-28T06:25:07.710+0000] {processor.py:830} INFO - Processing file /opt/airflow/dags/shopee_dag.py for tasks to queue
[2026-05-28T06:25:07.713+0000] {logging_mixin.py:188} INFO - [2026-05-28T06:25:07.712+0000] {dagbag.py:545} INFO - Filling up the DagBag from /opt/airflow/dags/shopee_dag.py
[2026-05-28T06:25:07.830+0000] {processor.py:840} INFO - DAG(s) 'shopee_pipeline' retrieved from /opt/airflow/dags/shopee_dag.py
[2026-05-28T06:25:07.872+0000] {logging_mixin.py:188} INFO - [2026-05-28T06:25:07.872+0000] {dag.py:3096} INFO - Sync 1 DAGs
[2026-05-28T06:25:07.900+0000] {logging_mixin.py:188} INFO - [2026-05-28T06:25:07.900+0000] {dag.py:3954} INFO - Setting next_dagrun for shopee_pipeline to 2026-05-28 01:00:00+00:00, run_after=2026-05-29 01:00:00+00:00
[2026-05-28T06:25:07.922+0000] {processor.py:183} INFO - Processing /opt/airflow/dags/shopee_dag.py took 0.225 seconds
[2026-05-28T06:25:38.037+0000] {processor.py:161} INFO - Started process (PID=35562) to work on /opt/airflow/dags/shopee_dag.py
[2026-05-28T06:25:38.040+0000] {processor.py:830} INFO - Processing file /opt/airflow/dags/shopee_dag.py for tasks to queue
[2026-05-28T06:25:38.043+0000] {logging_mixin.py:188} INFO - [2026-05-28T06:25:38.043+0000] {dagbag.py:545} INFO - Filling up the DagBag from /opt/airflow/dags/shopee_dag.py
[2026-05-28T06:25:38.221+0000] {processor.py:840} INFO - DAG(s) 'shopee_pipeline' retrieved from /opt/airflow/dags/shopee_dag.py
[2026-05-28T06:25:38.266+0000] {logging_mixin.py:188} INFO - [2026-05-28T06:25:38.266+0000] {dag.py:3096} INFO - Sync 1 DAGs
[2026-05-28T06:25:38.299+0000] {logging_mixin.py:188} INFO - [2026-05-28T06:25:38.299+0000] {dag.py:3954} INFO - Setting next_dagrun for shopee_pipeline to 2026-05-28 01:00:00+00:00, run_after=2026-05-29 01:00:00+00:00
[2026-05-28T06:25:38.324+0000] {processor.py:183} INFO - Processing /opt/airflow/dags/shopee_dag.py took 0.300 seconds
[2026-05-28T06:26:08.674+0000] {processor.py:161} INFO - Started process (PID=35603) to work on /opt/airflow/dags/shopee_dag.py
[2026-05-28T06:26:08.676+0000] {processor.py:830} INFO - Processing file /opt/airflow/dags/shopee_dag.py for tasks to queue
[2026-05-28T06:26:08.678+0000] {logging_mixin.py:188} INFO - [2026-05-28T06:26:08.678+0000] {dagbag.py:545} INFO - Filling up the DagBag from /opt/airflow/dags/shopee_dag.py
[2026-05-28T06:26:08.787+0000] {processor.py:840} INFO - DAG(s) 'shopee_pipeline' retrieved from /opt/airflow/dags/shopee_dag.py
[2026-05-28T06:26:08.819+0000] {logging_mixin.py:188} INFO - [2026-05-28T06:26:08.819+0000] {dag.py:3096} INFO - Sync 1 DAGs
[2026-05-28T06:26:08.844+0000] {logging_mixin.py:188} INFO - [2026-05-28T06:26:08.844+0000] {dag.py:3954} INFO - Setting next_dagrun for shopee_pipeline to 2026-05-28 01:00:00+00:00, run_after=2026-05-29 01:00:00+00:00
[2026-05-28T06:26:08.868+0000] {processor.py:183} INFO - Processing /opt/airflow/dags/shopee_dag.py took 0.204 seconds
[2026-05-28T06:26:39.225+0000] {processor.py:161} INFO - Started process (PID=35725) to work on /opt/airflow/dags/shopee_dag.py
[2026-05-28T06:26:39.226+0000] {processor.py:830} INFO - Processing file /opt/airflow/dags/shopee_dag.py for tasks to queue
[2026-05-28T06:26:39.229+0000] {logging_mixin.py:188} INFO - [2026-05-28T06:26:39.228+0000] {dagbag.py:545} INFO - Filling up the DagBag from /opt/airflow/dags/shopee_dag.py
[2026-05-28T06:26:39.364+0000] {processor.py:840} INFO - DAG(s) 'shopee_pipeline' retrieved from /opt/airflow/dags/shopee_dag.py
[2026-05-28T06:26:39.415+0000] {logging_mixin.py:188} INFO - [2026-05-28T06:26:39.415+0000] {dag.py:3096} INFO - Sync 1 DAGs
[2026-05-28T06:26:39.448+0000] {logging_mixin.py:188} INFO - [2026-05-28T06:26:39.448+0000] {dag.py:3954} INFO - Setting next_dagrun for shopee_pipeline to 2026-05-28 01:00:00+00:00, run_after=2026-05-29 01:00:00+00:00
[2026-05-28T06:26:39.477+0000] {processor.py:183} INFO - Processing /opt/airflow/dags/shopee_dag.py took 0.259 seconds
[2026-05-28T06:27:09.752+0000] {processor.py:161} INFO - Started process (PID=35747) to work on /opt/airflow/dags/shopee_dag.py
[2026-05-28T06:27:09.753+0000] {processor.py:830} INFO - Processing file /opt/airflow/dags/shopee_dag.py for tasks to queue
[2026-05-28T06:27:09.755+0000] {logging_mixin.py:188} INFO - [2026-05-28T06:27:09.755+0000] {dagbag.py:545} INFO - Filling up the DagBag from /opt/airflow/dags/shopee_dag.py
[2026-05-28T06:27:09.863+0000] {processor.py:840} INFO - DAG(s) 'shopee_pipeline' retrieved from /opt/airflow/dags/shopee_dag.py
[2026-05-28T06:27:09.900+0000] {logging_mixin.py:188} INFO - [2026-05-28T06:27:09.900+0000] {dag.py:3096} INFO - Sync 1 DAGs
[2026-05-28T06:27:09.929+0000] {logging_mixin.py:188} INFO - [2026-05-28T06:27:09.929+0000] {dag.py:3954} INFO - Setting next_dagrun for shopee_pipeline to 2026-05-28 01:00:00+00:00, run_after=2026-05-29 01:00:00+00:00
[2026-05-28T06:27:09.963+0000] {processor.py:183} INFO - Processing /opt/airflow/dags/shopee_dag.py took 0.217 seconds
[2026-05-28T06:27:40.328+0000] {processor.py:161} INFO - Started process (PID=35851) to work on /opt/airflow/dags/shopee_dag.py
[2026-05-28T06:27:40.329+0000] {processor.py:830} INFO - Processing file /opt/airflow/dags/shopee_dag.py for tasks to queue
[2026-05-28T06:27:40.331+0000] {logging_mixin.py:188} INFO - [2026-05-28T06:27:40.331+0000] {dagbag.py:545} INFO - Filling up the DagBag from /opt/airflow/dags/shopee_dag.py
[2026-05-28T06:27:40.439+0000] {processor.py:840} INFO - DAG(s) 'shopee_pipeline' retrieved from /opt/airflow/dags/shopee_dag.py
[2026-05-28T06:27:40.474+0000] {logging_mixin.py:188} INFO - [2026-05-28T06:27:40.474+0000] {dag.py:3096} INFO - Sync 1 DAGs
[2026-05-28T06:27:40.502+0000] {logging_mixin.py:188} INFO - [2026-05-28T06:27:40.501+0000] {dag.py:3954} INFO - Setting next_dagrun for shopee_pipeline to 2026-05-28 01:00:00+00:00, run_after=2026-05-29 01:00:00+00:00
[2026-05-28T06:27:40.534+0000] {processor.py:183} INFO - Processing /opt/airflow/dags/shopee_dag.py took 0.211 seconds
[2026-05-28T06:28:10.828+0000] {processor.py:161} INFO - Started process (PID=35955) to work on /opt/airflow/dags/shopee_dag.py
[2026-05-28T06:28:10.830+0000] {processor.py:830} INFO - Processing file /opt/airflow/dags/shopee_dag.py for tasks to queue
[2026-05-28T06:28:10.832+0000] {logging_mixin.py:188} INFO - [2026-05-28T06:28:10.832+0000] {dagbag.py:545} INFO - Filling up the DagBag from /opt/airflow/dags/shopee_dag.py
[2026-05-28T06:28:10.985+0000] {processor.py:840} INFO - DAG(s) 'shopee_pipeline' retrieved from /opt/airflow/dags/shopee_dag.py
[2026-05-28T06:28:11.035+0000] {logging_mixin.py:188} INFO - [2026-05-28T06:28:11.034+0000] {dag.py:3096} INFO - Sync 1 DAGs
[2026-05-28T06:28:11.075+0000] {logging_mixin.py:188} INFO - [2026-05-28T06:28:11.075+0000] {dag.py:3954} INFO - Setting next_dagrun for shopee_pipeline to 2026-05-28 01:00:00+00:00, run_after=2026-05-29 01:00:00+00:00
[2026-05-28T06:28:11.107+0000] {processor.py:183} INFO - Processing /opt/airflow/dags/shopee_dag.py took 0.288 seconds
[2026-05-28T06:28:41.508+0000] {processor.py:161} INFO - Started process (PID=36041) to work on /opt/airflow/dags/shopee_dag.py
[2026-05-28T06:28:41.509+0000] {processor.py:830} INFO - Processing file /opt/airflow/dags/shopee_dag.py for tasks to queue
[2026-05-28T06:28:41.512+0000] {logging_mixin.py:188} INFO - [2026-05-28T06:28:41.511+0000] {dagbag.py:545} INFO - Filling up the DagBag from /opt/airflow/dags/shopee_dag.py
[2026-05-28T06:28:41.631+0000] {processor.py:840} INFO - DAG(s) 'shopee_pipeline' retrieved from /opt/airflow/dags/shopee_dag.py
[2026-05-28T06:28:41.669+0000] {logging_mixin.py:188} INFO - [2026-05-28T06:28:41.669+0000] {dag.py:3096} INFO - Sync 1 DAGs
[2026-05-28T06:28:41.697+0000] {logging_mixin.py:188} INFO - [2026-05-28T06:28:41.697+0000] {dag.py:3954} INFO - Setting next_dagrun for shopee_pipeline to 2026-05-28 01:00:00+00:00, run_after=2026-05-29 01:00:00+00:00
[2026-05-28T06:28:41.731+0000] {processor.py:183} INFO - Processing /opt/airflow/dags/shopee_dag.py took 0.231 seconds
[2026-05-28T06:29:12.073+0000] {processor.py:161} INFO - Started process (PID=36084) to work on /opt/airflow/dags/shopee_dag.py
[2026-05-28T06:29:12.074+0000] {processor.py:830} INFO - Processing file /opt/airflow/dags/shopee_dag.py for tasks to queue
[2026-05-28T06:29:12.076+0000] {logging_mixin.py:188} INFO - [2026-05-28T06:29:12.076+0000] {dagbag.py:545} INFO - Filling up the DagBag from /opt/airflow/dags/shopee_dag.py
[2026-05-28T06:29:12.189+0000] {processor.py:840} INFO - DAG(s) 'shopee_pipeline' retrieved from /opt/airflow/dags/shopee_dag.py
[2026-05-28T06:29:12.223+0000] {logging_mixin.py:188} INFO - [2026-05-28T06:29:12.222+0000] {dag.py:3096} INFO - Sync 1 DAGs
[2026-05-28T06:29:12.248+0000] {logging_mixin.py:188} INFO - [2026-05-28T06:29:12.248+0000] {dag.py:3954} INFO - Setting next_dagrun for shopee_pipeline to 2026-05-28 01:00:00+00:00, run_after=2026-05-29 01:00:00+00:00
[2026-05-28T06:29:12.282+0000] {processor.py:183} INFO - Processing /opt/airflow/dags/shopee_dag.py took 0.216 seconds
[2026-05-28T06:29:42.410+0000] {processor.py:161} INFO - Started process (PID=36204) to work on /opt/airflow/dags/shopee_dag.py
[2026-05-28T06:29:42.412+0000] {processor.py:830} INFO - Processing file /opt/airflow/dags/shopee_dag.py for tasks to queue
[2026-05-28T06:29:42.415+0000] {logging_mixin.py:188} INFO - [2026-05-28T06:29:42.414+0000] {dagbag.py:545} INFO - Filling up the DagBag from /opt/airflow/dags/shopee_dag.py
[2026-05-28T06:29:42.577+0000] {processor.py:840} INFO - DAG(s) 'shopee_pipeline' retrieved from /opt/airflow/dags/shopee_dag.py
[2026-05-28T06:29:42.638+0000] {logging_mixin.py:188} INFO - [2026-05-28T06:29:42.638+0000] {dag.py:3096} INFO - Sync 1 DAGs
[2026-05-28T06:29:42.687+0000] {logging_mixin.py:188} INFO - [2026-05-28T06:29:42.687+0000] {dag.py:3954} INFO - Setting next_dagrun for shopee_pipeline to 2026-05-28 01:00:00+00:00, run_after=2026-05-29 01:00:00+00:00
[2026-05-28T06:29:42.734+0000] {processor.py:183} INFO - Processing /opt/airflow/dags/shopee_dag.py took 0.334 seconds
[2026-05-28T06:30:13.284+0000] {processor.py:161} INFO - Started process (PID=36222) to work on /opt/airflow/dags/shopee_dag.py
[2026-05-28T06:30:13.285+0000] {processor.py:830} INFO - Processing file /opt/airflow/dags/shopee_dag.py for tasks to queue
[2026-05-28T06:30:13.287+0000] {logging_mixin.py:188} INFO - [2026-05-28T06:30:13.286+0000] {dagbag.py:545} INFO - Filling up the DagBag from /opt/airflow/dags/shopee_dag.py
[2026-05-28T06:30:13.388+0000] {processor.py:840} INFO - DAG(s) 'shopee_pipeline' retrieved from /opt/airflow/dags/shopee_dag.py
[2026-05-28T06:30:13.418+0000] {logging_mixin.py:188} INFO - [2026-05-28T06:30:13.418+0000] {dag.py:3096} INFO - Sync 1 DAGs
[2026-05-28T06:30:13.442+0000] {logging_mixin.py:188} INFO - [2026-05-28T06:30:13.441+0000] {dag.py:3954} INFO - Setting next_dagrun for shopee_pipeline to 2026-05-28 01:00:00+00:00, run_after=2026-05-29 01:00:00+00:00
[2026-05-28T06:30:13.462+0000] {processor.py:183} INFO - Processing /opt/airflow/dags/shopee_dag.py took 0.184 seconds
[2026-05-28T06:30:43.824+0000] {processor.py:161} INFO - Started process (PID=36329) to work on /opt/airflow/dags/shopee_dag.py
[2026-05-28T06:30:43.825+0000] {processor.py:830} INFO - Processing file /opt/airflow/dags/shopee_dag.py for tasks to queue
[2026-05-28T06:30:43.828+0000] {logging_mixin.py:188} INFO - [2026-05-28T06:30:43.828+0000] {dagbag.py:545} INFO - Filling up the DagBag from /opt/airflow/dags/shopee_dag.py
[2026-05-28T06:30:43.977+0000] {processor.py:840} INFO - DAG(s) 'shopee_pipeline' retrieved from /opt/airflow/dags/shopee_dag.py
[2026-05-28T06:30:44.024+0000] {logging_mixin.py:188} INFO - [2026-05-28T06:30:44.024+0000] {dag.py:3096} INFO - Sync 1 DAGs
[2026-05-28T06:30:44.059+0000] {logging_mixin.py:188} INFO - [2026-05-28T06:30:44.059+0000] {dag.py:3954} INFO - Setting next_dagrun for shopee_pipeline to 2026-05-28 01:00:00+00:00, run_after=2026-05-29 01:00:00+00:00
[2026-05-28T06:30:44.100+0000] {processor.py:183} INFO - Processing /opt/airflow/dags/shopee_dag.py took 0.285 seconds
[2026-05-28T06:31:14.523+0000] {processor.py:161} INFO - Started process (PID=36458) to work on /opt/airflow/dags/shopee_dag.py
[2026-05-28T06:31:14.524+0000] {processor.py:830} INFO - Processing file /opt/airflow/dags/shopee_dag.py for tasks to queue
[2026-05-28T06:31:14.526+0000] {logging_mixin.py:188} INFO - [2026-05-28T06:31:14.525+0000] {dagbag.py:545} INFO - Filling up the DagBag from /opt/airflow/dags/shopee_dag.py
[2026-05-28T06:31:14.640+0000] {processor.py:840} INFO - DAG(s) 'shopee_pipeline' retrieved from /opt/airflow/dags/shopee_dag.py
[2026-05-28T06:31:14.687+0000] {logging_mixin.py:188} INFO - [2026-05-28T06:31:14.686+0000] {dag.py:3096} INFO - Sync 1 DAGs
[2026-05-28T06:31:14.715+0000] {logging_mixin.py:188} INFO - [2026-05-28T06:31:14.715+0000] {dag.py:3954} INFO - Setting next_dagrun for shopee_pipeline to 2026-05-28 01:00:00+00:00, run_after=2026-05-29 01:00:00+00:00
[2026-05-28T06:31:14.749+0000] {processor.py:183} INFO - Processing /opt/airflow/dags/shopee_dag.py took 0.233 seconds
[2026-05-28T06:31:44.934+0000] {processor.py:161} INFO - Started process (PID=36543) to work on /opt/airflow/dags/shopee_dag.py
[2026-05-28T06:31:44.935+0000] {processor.py:830} INFO - Processing file /opt/airflow/dags/shopee_dag.py for tasks to queue
[2026-05-28T06:31:44.937+0000] {logging_mixin.py:188} INFO - [2026-05-28T06:31:44.937+0000] {dagbag.py:545} INFO - Filling up the DagBag from /opt/airflow/dags/shopee_dag.py
[2026-05-28T06:31:45.040+0000] {processor.py:840} INFO - DAG(s) 'shopee_pipeline' retrieved from /opt/airflow/dags/shopee_dag.py
[2026-05-28T06:31:45.084+0000] {logging_mixin.py:188} INFO - [2026-05-28T06:31:45.084+0000] {dag.py:3096} INFO - Sync 1 DAGs
[2026-05-28T06:31:45.114+0000] {logging_mixin.py:188} INFO - [2026-05-28T06:31:45.114+0000] {dag.py:3954} INFO - Setting next_dagrun for shopee_pipeline to 2026-05-28 01:00:00+00:00, run_after=2026-05-29 01:00:00+00:00
[2026-05-28T06:31:45.139+0000] {processor.py:183} INFO - Processing /opt/airflow/dags/shopee_dag.py took 0.212 seconds
[2026-05-28T06:32:15.493+0000] {processor.py:161} INFO - Started process (PID=36569) to work on /opt/airflow/dags/shopee_dag.py
[2026-05-28T06:32:15.494+0000] {processor.py:830} INFO - Processing file /opt/airflow/dags/shopee_dag.py for tasks to queue
[2026-05-28T06:32:15.496+0000] {logging_mixin.py:188} INFO - [2026-05-28T06:32:15.496+0000] {dagbag.py:545} INFO - Filling up the DagBag from /opt/airflow/dags/shopee_dag.py
[2026-05-28T06:32:15.597+0000] {processor.py:840} INFO - DAG(s) 'shopee_pipeline' retrieved from /opt/airflow/dags/shopee_dag.py
[2026-05-28T06:32:15.630+0000] {logging_mixin.py:188} INFO - [2026-05-28T06:32:15.630+0000] {dag.py:3096} INFO - Sync 1 DAGs
[2026-05-28T06:32:15.655+0000] {logging_mixin.py:188} INFO - [2026-05-28T06:32:15.655+0000] {dag.py:3954} INFO - Setting next_dagrun for shopee_pipeline to 2026-05-28 01:00:00+00:00, run_after=2026-05-29 01:00:00+00:00
[2026-05-28T06:32:15.677+0000] {processor.py:183} INFO - Processing /opt/airflow/dags/shopee_dag.py took 0.190 seconds
[2026-05-28T06:32:46.045+0000] {processor.py:161} INFO - Started process (PID=36656) to work on /opt/airflow/dags/shopee_dag.py
[2026-05-28T06:32:46.047+0000] {processor.py:830} INFO - Processing file /opt/airflow/dags/shopee_dag.py for tasks to queue
[2026-05-28T06:32:46.052+0000] {logging_mixin.py:188} INFO - [2026-05-28T06:32:46.052+0000] {dagbag.py:545} INFO - Filling up the DagBag from /opt/airflow/dags/shopee_dag.py
[2026-05-28T06:32:46.167+0000] {processor.py:840} INFO - DAG(s) 'shopee_pipeline' retrieved from /opt/airflow/dags/shopee_dag.py
[2026-05-28T06:32:46.202+0000] {logging_mixin.py:188} INFO - [2026-05-28T06:32:46.202+0000] {dag.py:3096} INFO - Sync 1 DAGs
[2026-05-28T06:32:46.231+0000] {logging_mixin.py:188} INFO - [2026-05-28T06:32:46.231+0000] {dag.py:3954} INFO - Setting next_dagrun for shopee_pipeline to 2026-05-28 01:00:00+00:00, run_after=2026-05-29 01:00:00+00:00
[2026-05-28T06:32:46.266+0000] {processor.py:183} INFO - Processing /opt/airflow/dags/shopee_dag.py took 0.228 seconds
[2026-05-28T06:33:16.616+0000] {processor.py:161} INFO - Started process (PID=36678) to work on /opt/airflow/dags/shopee_dag.py
[2026-05-28T06:33:16.617+0000] {processor.py:830} INFO - Processing file /opt/airflow/dags/shopee_dag.py for tasks to queue
[2026-05-28T06:33:16.619+0000] {logging_mixin.py:188} INFO - [2026-05-28T06:33:16.619+0000] {dagbag.py:545} INFO - Filling up the DagBag from /opt/airflow/dags/shopee_dag.py
[2026-05-28T06:33:16.734+0000] {processor.py:840} INFO - DAG(s) 'shopee_pipeline' retrieved from /opt/airflow/dags/shopee_dag.py
[2026-05-28T06:33:16.773+0000] {logging_mixin.py:188} INFO - [2026-05-28T06:33:16.773+0000] {dag.py:3096} INFO - Sync 1 DAGs
[2026-05-28T06:33:16.802+0000] {logging_mixin.py:188} INFO - [2026-05-28T06:33:16.802+0000] {dag.py:3954} INFO - Setting next_dagrun for shopee_pipeline to 2026-05-28 01:00:00+00:00, run_after=2026-05-29 01:00:00+00:00
[2026-05-28T06:33:16.825+0000] {processor.py:183} INFO - Processing /opt/airflow/dags/shopee_dag.py took 0.217 seconds
[2026-05-28T06:33:46.941+0000] {processor.py:161} INFO - Started process (PID=36766) to work on /opt/airflow/dags/shopee_dag.py
[2026-05-28T06:33:46.943+0000] {processor.py:830} INFO - Processing file /opt/airflow/dags/shopee_dag.py for tasks to queue
[2026-05-28T06:33:46.948+0000] {logging_mixin.py:188} INFO - [2026-05-28T06:33:46.948+0000] {dagbag.py:545} INFO - Filling up the DagBag from /opt/airflow/dags/shopee_dag.py
[2026-05-28T06:33:47.057+0000] {processor.py:840} INFO - DAG(s) 'shopee_pipeline' retrieved from /opt/airflow/dags/shopee_dag.py
[2026-05-28T06:33:47.094+0000] {logging_mixin.py:188} INFO - [2026-05-28T06:33:47.094+0000] {dag.py:3096} INFO - Sync 1 DAGs
[2026-05-28T06:33:47.121+0000] {logging_mixin.py:188} INFO - [2026-05-28T06:33:47.121+0000] {dag.py:3954} INFO - Setting next_dagrun for shopee_pipeline to 2026-05-28 01:00:00+00:00, run_after=2026-05-29 01:00:00+00:00
[2026-05-28T06:33:47.143+0000] {processor.py:183} INFO - Processing /opt/airflow/dags/shopee_dag.py took 0.214 seconds
[2026-05-28T06:34:17.633+0000] {processor.py:161} INFO - Started process (PID=36800) to work on /opt/airflow/dags/shopee_dag.py
[2026-05-28T06:34:17.636+0000] {processor.py:830} INFO - Processing file /opt/airflow/dags/shopee_dag.py for tasks to queue
[2026-05-28T06:34:17.639+0000] {logging_mixin.py:188} INFO - [2026-05-28T06:34:17.639+0000] {dagbag.py:545} INFO - Filling up the DagBag from /opt/airflow/dags/shopee_dag.py
[2026-05-28T06:34:17.776+0000] {processor.py:840} INFO - DAG(s) 'shopee_pipeline' retrieved from /opt/airflow/dags/shopee_dag.py
[2026-05-28T06:34:17.817+0000] {logging_mixin.py:188} INFO - [2026-05-28T06:34:17.817+0000] {dag.py:3096} INFO - Sync 1 DAGs
[2026-05-28T06:34:17.844+0000] {logging_mixin.py:188} INFO - [2026-05-28T06:34:17.844+0000] {dag.py:3954} INFO - Setting next_dagrun for shopee_pipeline to 2026-05-28 01:00:00+00:00, run_after=2026-05-29 01:00:00+00:00
[2026-05-28T06:34:17.867+0000] {processor.py:183} INFO - Processing /opt/airflow/dags/shopee_dag.py took 0.244 seconds
[2026-05-28T06:34:47.949+0000] {processor.py:161} INFO - Started process (PID=36888) to work on /opt/airflow/dags/shopee_dag.py
[2026-05-28T06:34:47.951+0000] {processor.py:830} INFO - Processing file /opt/airflow/dags/shopee_dag.py for tasks to queue
[2026-05-28T06:34:47.953+0000] {logging_mixin.py:188} INFO - [2026-05-28T06:34:47.953+0000] {dagbag.py:545} INFO - Filling up the DagBag from /opt/airflow/dags/shopee_dag.py
[2026-05-28T06:34:48.106+0000] {processor.py:840} INFO - DAG(s) 'shopee_pipeline' retrieved from /opt/airflow/dags/shopee_dag.py
[2026-05-28T06:34:48.155+0000] {logging_mixin.py:188} INFO - [2026-05-28T06:34:48.155+0000] {dag.py:3096} INFO - Sync 1 DAGs
[2026-05-28T06:34:48.195+0000] {logging_mixin.py:188} INFO - [2026-05-28T06:34:48.195+0000] {dag.py:3954} INFO - Setting next_dagrun for shopee_pipeline to 2026-05-28 01:00:00+00:00, run_after=2026-05-29 01:00:00+00:00
[2026-05-28T06:34:48.225+0000] {processor.py:183} INFO - Processing /opt/airflow/dags/shopee_dag.py took 0.288 seconds
[2026-05-28T06:35:18.356+0000] {processor.py:161} INFO - Started process (PID=36932) to work on /opt/airflow/dags/shopee_dag.py
[2026-05-28T06:35:18.358+0000] {processor.py:830} INFO - Processing file /opt/airflow/dags/shopee_dag.py for tasks to queue
[2026-05-28T06:35:18.360+0000] {logging_mixin.py:188} INFO - [2026-05-28T06:35:18.360+0000] {dagbag.py:545} INFO - Filling up the DagBag from /opt/airflow/dags/shopee_dag.py
[2026-05-28T06:35:18.478+0000] {processor.py:840} INFO - DAG(s) 'shopee_pipeline' retrieved from /opt/airflow/dags/shopee_dag.py
[2026-05-28T06:35:18.520+0000] {logging_mixin.py:188} INFO - [2026-05-28T06:35:18.520+0000] {dag.py:3096} INFO - Sync 1 DAGs
[2026-05-28T06:35:18.548+0000] {logging_mixin.py:188} INFO - [2026-05-28T06:35:18.548+0000] {dag.py:3954} INFO - Setting next_dagrun for shopee_pipeline to 2026-05-28 01:00:00+00:00, run_after=2026-05-29 01:00:00+00:00
[2026-05-28T06:35:18.573+0000] {processor.py:183} INFO - Processing /opt/airflow/dags/shopee_dag.py took 0.224 seconds
[2026-05-28T06:35:49.046+0000] {processor.py:161} INFO - Started process (PID=37021) to work on /opt/airflow/dags/shopee_dag.py
[2026-05-28T06:35:49.047+0000] {processor.py:830} INFO - Processing file /opt/airflow/dags/shopee_dag.py for tasks to queue
[2026-05-28T06:35:49.049+0000] {logging_mixin.py:188} INFO - [2026-05-28T06:35:49.049+0000] {dagbag.py:545} INFO - Filling up the DagBag from /opt/airflow/dags/shopee_dag.py
[2026-05-28T06:35:49.155+0000] {processor.py:840} INFO - DAG(s) 'shopee_pipeline' retrieved from /opt/airflow/dags/shopee_dag.py
[2026-05-28T06:35:49.188+0000] {logging_mixin.py:188} INFO - [2026-05-28T06:35:49.188+0000] {dag.py:3096} INFO - Sync 1 DAGs
[2026-05-28T06:35:49.211+0000] {logging_mixin.py:188} INFO - [2026-05-28T06:35:49.211+0000] {dag.py:3954} INFO - Setting next_dagrun for shopee_pipeline to 2026-05-28 01:00:00+00:00, run_after=2026-05-29 01:00:00+00:00
[2026-05-28T06:35:49.238+0000] {processor.py:183} INFO - Processing /opt/airflow/dags/shopee_dag.py took 0.198 seconds
[2026-05-28T06:36:19.722+0000] {processor.py:161} INFO - Started process (PID=37041) to work on /opt/airflow/dags/shopee_dag.py
[2026-05-28T06:36:19.724+0000] {processor.py:830} INFO - Processing file /opt/airflow/dags/shopee_dag.py for tasks to queue
[2026-05-28T06:36:19.726+0000] {logging_mixin.py:188} INFO - [2026-05-28T06:36:19.725+0000] {dagbag.py:545} INFO - Filling up the DagBag from /opt/airflow/dags/shopee_dag.py
[2026-05-28T06:36:19.839+0000] {processor.py:840} INFO - DAG(s) 'shopee_pipeline' retrieved from /opt/airflow/dags/shopee_dag.py
[2026-05-28T06:36:19.877+0000] {logging_mixin.py:188} INFO - [2026-05-28T06:36:19.876+0000] {dag.py:3096} INFO - Sync 1 DAGs
[2026-05-28T06:36:19.908+0000] {logging_mixin.py:188} INFO - [2026-05-28T06:36:19.908+0000] {dag.py:3954} INFO - Setting next_dagrun for shopee_pipeline to 2026-05-28 01:00:00+00:00, run_after=2026-05-29 01:00:00+00:00
[2026-05-28T06:36:19.935+0000] {processor.py:183} INFO - Processing /opt/airflow/dags/shopee_dag.py took 0.220 seconds
[2026-05-28T06:36:50.324+0000] {processor.py:161} INFO - Started process (PID=37141) to work on /opt/airflow/dags/shopee_dag.py
[2026-05-28T06:36:50.326+0000] {processor.py:830} INFO - Processing file /opt/airflow/dags/shopee_dag.py for tasks to queue
[2026-05-28T06:36:50.329+0000] {logging_mixin.py:188} INFO - [2026-05-28T06:36:50.328+0000] {dagbag.py:545} INFO - Filling up the DagBag from /opt/airflow/dags/shopee_dag.py
[2026-05-28T06:36:50.481+0000] {processor.py:840} INFO - DAG(s) 'shopee_pipeline' retrieved from /opt/airflow/dags/shopee_dag.py
[2026-05-28T06:36:50.528+0000] {logging_mixin.py:188} INFO - [2026-05-28T06:36:50.528+0000] {dag.py:3096} INFO - Sync 1 DAGs
[2026-05-28T06:36:50.564+0000] {logging_mixin.py:188} INFO - [2026-05-28T06:36:50.564+0000] {dag.py:3954} INFO - Setting next_dagrun for shopee_pipeline to 2026-05-28 01:00:00+00:00, run_after=2026-05-29 01:00:00+00:00
[2026-05-28T06:36:50.597+0000] {processor.py:183} INFO - Processing /opt/airflow/dags/shopee_dag.py took 0.282 seconds
[2026-05-28T06:37:20.806+0000] {processor.py:161} INFO - Started process (PID=37170) to work on /opt/airflow/dags/shopee_dag.py
[2026-05-28T06:37:20.807+0000] {processor.py:830} INFO - Processing file /opt/airflow/dags/shopee_dag.py for tasks to queue
[2026-05-28T06:37:20.809+0000] {logging_mixin.py:188} INFO - [2026-05-28T06:37:20.809+0000] {dagbag.py:545} INFO - Filling up the DagBag from /opt/airflow/dags/shopee_dag.py
[2026-05-28T06:37:20.908+0000] {processor.py:840} INFO - DAG(s) 'shopee_pipeline' retrieved from /opt/airflow/dags/shopee_dag.py
[2026-05-28T06:37:20.938+0000] {logging_mixin.py:188} INFO - [2026-05-28T06:37:20.937+0000] {dag.py:3096} INFO - Sync 1 DAGs
[2026-05-28T06:37:20.960+0000] {logging_mixin.py:188} INFO - [2026-05-28T06:37:20.960+0000] {dag.py:3954} INFO - Setting next_dagrun for shopee_pipeline to 2026-05-28 01:00:00+00:00, run_after=2026-05-29 01:00:00+00:00
[2026-05-28T06:37:20.982+0000] {processor.py:183} INFO - Processing /opt/airflow/dags/shopee_dag.py took 0.182 seconds
[2026-05-28T06:37:51.461+0000] {processor.py:161} INFO - Started process (PID=37292) to work on /opt/airflow/dags/shopee_dag.py
[2026-05-28T06:37:51.463+0000] {processor.py:830} INFO - Processing file /opt/airflow/dags/shopee_dag.py for tasks to queue
[2026-05-28T06:37:51.465+0000] {logging_mixin.py:188} INFO - [2026-05-28T06:37:51.465+0000] {dagbag.py:545} INFO - Filling up the DagBag from /opt/airflow/dags/shopee_dag.py
[2026-05-28T06:37:51.575+0000] {processor.py:840} INFO - DAG(s) 'shopee_pipeline' retrieved from /opt/airflow/dags/shopee_dag.py
[2026-05-28T06:37:51.610+0000] {logging_mixin.py:188} INFO - [2026-05-28T06:37:51.610+0000] {dag.py:3096} INFO - Sync 1 DAGs
[2026-05-28T06:37:51.635+0000] {logging_mixin.py:188} INFO - [2026-05-28T06:37:51.635+0000] {dag.py:3954} INFO - Setting next_dagrun for shopee_pipeline to 2026-05-28 01:00:00+00:00, run_after=2026-05-29 01:00:00+00:00
[2026-05-28T06:37:51.673+0000] {processor.py:183} INFO - Processing /opt/airflow/dags/shopee_dag.py took 0.220 seconds
[2026-05-28T06:38:22.097+0000] {processor.py:161} INFO - Started process (PID=37411) to work on /opt/airflow/dags/shopee_dag.py
[2026-05-28T06:38:22.098+0000] {processor.py:830} INFO - Processing file /opt/airflow/dags/shopee_dag.py for tasks to queue
[2026-05-28T06:38:22.101+0000] {logging_mixin.py:188} INFO - [2026-05-28T06:38:22.100+0000] {dagbag.py:545} INFO - Filling up the DagBag from /opt/airflow/dags/shopee_dag.py
[2026-05-28T06:38:22.212+0000] {processor.py:840} INFO - DAG(s) 'shopee_pipeline' retrieved from /opt/airflow/dags/shopee_dag.py
[2026-05-28T06:38:22.247+0000] {logging_mixin.py:188} INFO - [2026-05-28T06:38:22.247+0000] {dag.py:3096} INFO - Sync 1 DAGs
[2026-05-28T06:38:22.271+0000] {logging_mixin.py:188} INFO - [2026-05-28T06:38:22.270+0000] {dag.py:3954} INFO - Setting next_dagrun for shopee_pipeline to 2026-05-28 01:00:00+00:00, run_after=2026-05-29 01:00:00+00:00
[2026-05-28T06:38:22.292+0000] {processor.py:183} INFO - Processing /opt/airflow/dags/shopee_dag.py took 0.203 seconds
[2026-05-28T06:38:52.453+0000] {processor.py:161} INFO - Started process (PID=37527) to work on /opt/airflow/dags/shopee_dag.py
[2026-05-28T06:38:52.455+0000] {processor.py:830} INFO - Processing file /opt/airflow/dags/shopee_dag.py for tasks to queue
[2026-05-28T06:38:52.458+0000] {logging_mixin.py:188} INFO - [2026-05-28T06:38:52.457+0000] {dagbag.py:545} INFO - Filling up the DagBag from /opt/airflow/dags/shopee_dag.py
[2026-05-28T06:38:52.633+0000] {processor.py:840} INFO - DAG(s) 'shopee_pipeline' retrieved from /opt/airflow/dags/shopee_dag.py
[2026-05-28T06:38:52.685+0000] {logging_mixin.py:188} INFO - [2026-05-28T06:38:52.684+0000] {dag.py:3096} INFO - Sync 1 DAGs
[2026-05-28T06:38:52.721+0000] {logging_mixin.py:188} INFO - [2026-05-28T06:38:52.721+0000] {dag.py:3954} INFO - Setting next_dagrun for shopee_pipeline to 2026-05-28 01:00:00+00:00, run_after=2026-05-29 01:00:00+00:00
[2026-05-28T06:38:52.754+0000] {processor.py:183} INFO - Processing /opt/airflow/dags/shopee_dag.py took 0.312 seconds
[2026-05-28T06:39:23.127+0000] {processor.py:161} INFO - Started process (PID=37551) to work on /opt/airflow/dags/shopee_dag.py
[2026-05-28T06:39:23.128+0000] {processor.py:830} INFO - Processing file /opt/airflow/dags/shopee_dag.py for tasks to queue
[2026-05-28T06:39:23.131+0000] {logging_mixin.py:188} INFO - [2026-05-28T06:39:23.130+0000] {dagbag.py:545} INFO - Filling up the DagBag from /opt/airflow/dags/shopee_dag.py
[2026-05-28T06:39:23.238+0000] {processor.py:840} INFO - DAG(s) 'shopee_pipeline' retrieved from /opt/airflow/dags/shopee_dag.py
[2026-05-28T06:39:23.273+0000] {logging_mixin.py:188} INFO - [2026-05-28T06:39:23.273+0000] {dag.py:3096} INFO - Sync 1 DAGs
[2026-05-28T06:39:23.298+0000] {logging_mixin.py:188} INFO - [2026-05-28T06:39:23.298+0000] {dag.py:3954} INFO - Setting next_dagrun for shopee_pipeline to 2026-05-28 01:00:00+00:00, run_after=2026-05-29 01:00:00+00:00
[2026-05-28T06:39:23.323+0000] {processor.py:183} INFO - Processing /opt/airflow/dags/shopee_dag.py took 0.203 seconds
[2026-05-28T06:39:53.638+0000] {processor.py:161} INFO - Started process (PID=37654) to work on /opt/airflow/dags/shopee_dag.py
[2026-05-28T06:39:53.639+0000] {processor.py:830} INFO - Processing file /opt/airflow/dags/shopee_dag.py for tasks to queue
[2026-05-28T06:39:53.642+0000] {logging_mixin.py:188} INFO - [2026-05-28T06:39:53.641+0000] {dagbag.py:545} INFO - Filling up the DagBag from /opt/airflow/dags/shopee_dag.py
[2026-05-28T06:39:53.755+0000] {processor.py:840} INFO - DAG(s) 'shopee_pipeline' retrieved from /opt/airflow/dags/shopee_dag.py
[2026-05-28T06:39:53.793+0000] {logging_mixin.py:188} INFO - [2026-05-28T06:39:53.792+0000] {dag.py:3096} INFO - Sync 1 DAGs
[2026-05-28T06:39:53.819+0000] {logging_mixin.py:188} INFO - [2026-05-28T06:39:53.819+0000] {dag.py:3954} INFO - Setting next_dagrun for shopee_pipeline to 2026-05-28 01:00:00+00:00, run_after=2026-05-29 01:00:00+00:00
[2026-05-28T06:39:53.841+0000] {processor.py:183} INFO - Processing /opt/airflow/dags/shopee_dag.py took 0.211 seconds
[2026-05-28T06:40:23.970+0000] {processor.py:161} INFO - Started process (PID=37773) to work on /opt/airflow/dags/shopee_dag.py
[2026-05-28T06:40:23.971+0000] {processor.py:830} INFO - Processing file /opt/airflow/dags/shopee_dag.py for tasks to queue
[2026-05-28T06:40:23.974+0000] {logging_mixin.py:188} INFO - [2026-05-28T06:40:23.973+0000] {dagbag.py:545} INFO - Filling up the DagBag from /opt/airflow/dags/shopee_dag.py
[2026-05-28T06:40:24.109+0000] {processor.py:840} INFO - DAG(s) 'shopee_pipeline' retrieved from /opt/airflow/dags/shopee_dag.py
[2026-05-28T06:40:24.148+0000] {logging_mixin.py:188} INFO - [2026-05-28T06:40:24.148+0000] {dag.py:3096} INFO - Sync 1 DAGs
[2026-05-28T06:40:24.181+0000] {logging_mixin.py:188} INFO - [2026-05-28T06:40:24.181+0000] {dag.py:3954} INFO - Setting next_dagrun for shopee_pipeline to 2026-05-28 01:00:00+00:00, run_after=2026-05-29 01:00:00+00:00
[2026-05-28T06:40:24.223+0000] {processor.py:183} INFO - Processing /opt/airflow/dags/shopee_dag.py took 0.263 seconds
[2026-05-28T06:40:54.446+0000] {processor.py:161} INFO - Started process (PID=37862) to work on /opt/airflow/dags/shopee_dag.py
[2026-05-28T06:40:54.448+0000] {processor.py:830} INFO - Processing file /opt/airflow/dags/shopee_dag.py for tasks to queue
[2026-05-28T06:40:54.450+0000] {logging_mixin.py:188} INFO - [2026-05-28T06:40:54.450+0000] {dagbag.py:545} INFO - Filling up the DagBag from /opt/airflow/dags/shopee_dag.py
[2026-05-28T06:40:54.575+0000] {processor.py:840} INFO - DAG(s) 'shopee_pipeline' retrieved from /opt/airflow/dags/shopee_dag.py
[2026-05-28T06:40:54.612+0000] {logging_mixin.py:188} INFO - [2026-05-28T06:40:54.612+0000] {dag.py:3096} INFO - Sync 1 DAGs
[2026-05-28T06:40:54.640+0000] {logging_mixin.py:188} INFO - [2026-05-28T06:40:54.639+0000] {dag.py:3954} INFO - Setting next_dagrun for shopee_pipeline to 2026-05-28 01:00:00+00:00, run_after=2026-05-29 01:00:00+00:00
[2026-05-28T06:40:54.662+0000] {processor.py:183} INFO - Processing /opt/airflow/dags/shopee_dag.py took 0.226 seconds
[2026-05-28T06:41:24.832+0000] {processor.py:161} INFO - Started process (PID=37885) to work on /opt/airflow/dags/shopee_dag.py
[2026-05-28T06:41:24.833+0000] {processor.py:830} INFO - Processing file /opt/airflow/dags/shopee_dag.py for tasks to queue
[2026-05-28T06:41:24.835+0000] {logging_mixin.py:188} INFO - [2026-05-28T06:41:24.834+0000] {dagbag.py:545} INFO - Filling up the DagBag from /opt/airflow/dags/shopee_dag.py
[2026-05-28T06:41:24.938+0000] {processor.py:840} INFO - DAG(s) 'shopee_pipeline' retrieved from /opt/airflow/dags/shopee_dag.py
[2026-05-28T06:41:24.967+0000] {logging_mixin.py:188} INFO - [2026-05-28T06:41:24.967+0000] {dag.py:3096} INFO - Sync 1 DAGs
[2026-05-28T06:41:24.989+0000] {logging_mixin.py:188} INFO - [2026-05-28T06:41:24.989+0000] {dag.py:3954} INFO - Setting next_dagrun for shopee_pipeline to 2026-05-28 01:00:00+00:00, run_after=2026-05-29 01:00:00+00:00
[2026-05-28T06:41:25.009+0000] {processor.py:183} INFO - Processing /opt/airflow/dags/shopee_dag.py took 0.183 seconds
[2026-05-28T06:41:55.343+0000] {processor.py:161} INFO - Started process (PID=38004) to work on /opt/airflow/dags/shopee_dag.py
[2026-05-28T06:41:55.345+0000] {processor.py:830} INFO - Processing file /opt/airflow/dags/shopee_dag.py for tasks to queue
[2026-05-28T06:41:55.346+0000] {logging_mixin.py:188} INFO - [2026-05-28T06:41:55.346+0000] {dagbag.py:545} INFO - Filling up the DagBag from /opt/airflow/dags/shopee_dag.py
[2026-05-28T06:41:55.442+0000] {processor.py:840} INFO - DAG(s) 'shopee_pipeline' retrieved from /opt/airflow/dags/shopee_dag.py
[2026-05-28T06:41:55.471+0000] {logging_mixin.py:188} INFO - [2026-05-28T06:41:55.470+0000] {dag.py:3096} INFO - Sync 1 DAGs
[2026-05-28T06:41:55.494+0000] {logging_mixin.py:188} INFO - [2026-05-28T06:41:55.493+0000] {dag.py:3954} INFO - Setting next_dagrun for shopee_pipeline to 2026-05-28 01:00:00+00:00, run_after=2026-05-29 01:00:00+00:00
[2026-05-28T06:41:55.518+0000] {processor.py:183} INFO - Processing /opt/airflow/dags/shopee_dag.py took 0.181 seconds
[2026-05-28T06:42:25.686+0000] {processor.py:161} INFO - Started process (PID=38107) to work on /opt/airflow/dags/shopee_dag.py
[2026-05-28T06:42:25.687+0000] {processor.py:830} INFO - Processing file /opt/airflow/dags/shopee_dag.py for tasks to queue
[2026-05-28T06:42:25.689+0000] {logging_mixin.py:188} INFO - [2026-05-28T06:42:25.688+0000] {dagbag.py:545} INFO - Filling up the DagBag from /opt/airflow/dags/shopee_dag.py
[2026-05-28T06:42:25.793+0000] {processor.py:840} INFO - DAG(s) 'shopee_pipeline' retrieved from /opt/airflow/dags/shopee_dag.py
[2026-05-28T06:42:25.825+0000] {logging_mixin.py:188} INFO - [2026-05-28T06:42:25.825+0000] {dag.py:3096} INFO - Sync 1 DAGs
[2026-05-28T06:42:25.849+0000] {logging_mixin.py:188} INFO - [2026-05-28T06:42:25.849+0000] {dag.py:3954} INFO - Setting next_dagrun for shopee_pipeline to 2026-05-28 01:00:00+00:00, run_after=2026-05-29 01:00:00+00:00
[2026-05-28T06:42:25.871+0000] {processor.py:183} INFO - Processing /opt/airflow/dags/shopee_dag.py took 0.193 seconds
[2026-05-28T06:42:56.261+0000] {processor.py:161} INFO - Started process (PID=38197) to work on /opt/airflow/dags/shopee_dag.py
[2026-05-28T06:42:56.262+0000] {processor.py:830} INFO - Processing file /opt/airflow/dags/shopee_dag.py for tasks to queue
[2026-05-28T06:42:56.264+0000] {logging_mixin.py:188} INFO - [2026-05-28T06:42:56.264+0000] {dagbag.py:545} INFO - Filling up the DagBag from /opt/airflow/dags/shopee_dag.py
[2026-05-28T06:42:56.391+0000] {processor.py:840} INFO - DAG(s) 'shopee_pipeline' retrieved from /opt/airflow/dags/shopee_dag.py
[2026-05-28T06:42:56.432+0000] {logging_mixin.py:188} INFO - [2026-05-28T06:42:56.431+0000] {dag.py:3096} INFO - Sync 1 DAGs
[2026-05-28T06:42:56.461+0000] {logging_mixin.py:188} INFO - [2026-05-28T06:42:56.461+0000] {dag.py:3954} INFO - Setting next_dagrun for shopee_pipeline to 2026-05-28 01:00:00+00:00, run_after=2026-05-29 01:00:00+00:00
[2026-05-28T06:42:56.485+0000] {processor.py:183} INFO - Processing /opt/airflow/dags/shopee_dag.py took 0.231 seconds
[2026-05-28T06:43:26.966+0000] {processor.py:161} INFO - Started process (PID=38238) to work on /opt/airflow/dags/shopee_dag.py
[2026-05-28T06:43:26.967+0000] {processor.py:830} INFO - Processing file /opt/airflow/dags/shopee_dag.py for tasks to queue
[2026-05-28T06:43:26.969+0000] {logging_mixin.py:188} INFO - [2026-05-28T06:43:26.969+0000] {dagbag.py:545} INFO - Filling up the DagBag from /opt/airflow/dags/shopee_dag.py
[2026-05-28T06:43:27.082+0000] {processor.py:840} INFO - DAG(s) 'shopee_pipeline' retrieved from /opt/airflow/dags/shopee_dag.py
[2026-05-28T06:43:27.117+0000] {logging_mixin.py:188} INFO - [2026-05-28T06:43:27.117+0000] {dag.py:3096} INFO - Sync 1 DAGs
[2026-05-28T06:43:27.139+0000] {logging_mixin.py:188} INFO - [2026-05-28T06:43:27.139+0000] {dag.py:3954} INFO - Setting next_dagrun for shopee_pipeline to 2026-05-28 01:00:00+00:00, run_after=2026-05-29 01:00:00+00:00
[2026-05-28T06:43:27.161+0000] {processor.py:183} INFO - Processing /opt/airflow/dags/shopee_dag.py took 0.202 seconds
[2026-05-28T06:43:57.619+0000] {processor.py:161} INFO - Started process (PID=38343) to work on /opt/airflow/dags/shopee_dag.py
[2026-05-28T06:43:57.620+0000] {processor.py:830} INFO - Processing file /opt/airflow/dags/shopee_dag.py for tasks to queue
[2026-05-28T06:43:57.622+0000] {logging_mixin.py:188} INFO - [2026-05-28T06:43:57.621+0000] {dagbag.py:545} INFO - Filling up the DagBag from /opt/airflow/dags/shopee_dag.py
[2026-05-28T06:43:57.720+0000] {processor.py:840} INFO - DAG(s) 'shopee_pipeline' retrieved from /opt/airflow/dags/shopee_dag.py
[2026-05-28T06:43:57.752+0000] {logging_mixin.py:188} INFO - [2026-05-28T06:43:57.752+0000] {dag.py:3096} INFO - Sync 1 DAGs
[2026-05-28T06:43:57.776+0000] {logging_mixin.py:188} INFO - [2026-05-28T06:43:57.776+0000] {dag.py:3954} INFO - Setting next_dagrun for shopee_pipeline to 2026-05-28 01:00:00+00:00, run_after=2026-05-29 01:00:00+00:00
[2026-05-28T06:43:57.808+0000] {processor.py:183} INFO - Processing /opt/airflow/dags/shopee_dag.py took 0.195 seconds
[2026-05-28T06:44:28.167+0000] {processor.py:161} INFO - Started process (PID=38461) to work on /opt/airflow/dags/shopee_dag.py
[2026-05-28T06:44:28.168+0000] {processor.py:830} INFO - Processing file /opt/airflow/dags/shopee_dag.py for tasks to queue
[2026-05-28T06:44:28.171+0000] {logging_mixin.py:188} INFO - [2026-05-28T06:44:28.170+0000] {dagbag.py:545} INFO - Filling up the DagBag from /opt/airflow/dags/shopee_dag.py
[2026-05-28T06:44:28.287+0000] {processor.py:840} INFO - DAG(s) 'shopee_pipeline' retrieved from /opt/airflow/dags/shopee_dag.py
[2026-05-28T06:44:28.320+0000] {logging_mixin.py:188} INFO - [2026-05-28T06:44:28.319+0000] {dag.py:3096} INFO - Sync 1 DAGs
[2026-05-28T06:44:28.345+0000] {logging_mixin.py:188} INFO - [2026-05-28T06:44:28.344+0000] {dag.py:3954} INFO - Setting next_dagrun for shopee_pipeline to 2026-05-28 01:00:00+00:00, run_after=2026-05-29 01:00:00+00:00
[2026-05-28T06:44:28.376+0000] {processor.py:183} INFO - Processing /opt/airflow/dags/shopee_dag.py took 0.216 seconds
[2026-05-28T06:44:58.563+0000] {processor.py:161} INFO - Started process (PID=38549) to work on /opt/airflow/dags/shopee_dag.py
[2026-05-28T06:44:58.564+0000] {processor.py:830} INFO - Processing file /opt/airflow/dags/shopee_dag.py for tasks to queue
[2026-05-28T06:44:58.566+0000] {logging_mixin.py:188} INFO - [2026-05-28T06:44:58.566+0000] {dagbag.py:545} INFO - Filling up the DagBag from /opt/airflow/dags/shopee_dag.py
[2026-05-28T06:44:58.659+0000] {processor.py:840} INFO - DAG(s) 'shopee_pipeline' retrieved from /opt/airflow/dags/shopee_dag.py
[2026-05-28T06:44:58.692+0000] {logging_mixin.py:188} INFO - [2026-05-28T06:44:58.691+0000] {dag.py:3096} INFO - Sync 1 DAGs
[2026-05-28T06:44:58.714+0000] {logging_mixin.py:188} INFO - [2026-05-28T06:44:58.713+0000] {dag.py:3954} INFO - Setting next_dagrun for shopee_pipeline to 2026-05-28 01:00:00+00:00, run_after=2026-05-29 01:00:00+00:00
[2026-05-28T06:44:58.733+0000] {processor.py:183} INFO - Processing /opt/airflow/dags/shopee_dag.py took 0.176 seconds
[2026-05-28T06:45:29.085+0000] {processor.py:161} INFO - Started process (PID=38591) to work on /opt/airflow/dags/shopee_dag.py
[2026-05-28T06:45:29.086+0000] {processor.py:830} INFO - Processing file /opt/airflow/dags/shopee_dag.py for tasks to queue
[2026-05-28T06:45:29.088+0000] {logging_mixin.py:188} INFO - [2026-05-28T06:45:29.088+0000] {dagbag.py:545} INFO - Filling up the DagBag from /opt/airflow/dags/shopee_dag.py
[2026-05-28T06:45:29.186+0000] {processor.py:840} INFO - DAG(s) 'shopee_pipeline' retrieved from /opt/airflow/dags/shopee_dag.py
[2026-05-28T06:45:29.215+0000] {logging_mixin.py:188} INFO - [2026-05-28T06:45:29.215+0000] {dag.py:3096} INFO - Sync 1 DAGs
[2026-05-28T06:45:29.239+0000] {logging_mixin.py:188} INFO - [2026-05-28T06:45:29.239+0000] {dag.py:3954} INFO - Setting next_dagrun for shopee_pipeline to 2026-05-28 01:00:00+00:00, run_after=2026-05-29 01:00:00+00:00
[2026-05-28T06:45:29.260+0000] {processor.py:183} INFO - Processing /opt/airflow/dags/shopee_dag.py took 0.181 seconds
[2026-05-28T06:45:59.730+0000] {processor.py:161} INFO - Started process (PID=38711) to work on /opt/airflow/dags/shopee_dag.py
[2026-05-28T06:45:59.732+0000] {processor.py:830} INFO - Processing file /opt/airflow/dags/shopee_dag.py for tasks to queue
[2026-05-28T06:45:59.733+0000] {logging_mixin.py:188} INFO - [2026-05-28T06:45:59.733+0000] {dagbag.py:545} INFO - Filling up the DagBag from /opt/airflow/dags/shopee_dag.py
[2026-05-28T06:45:59.831+0000] {processor.py:840} INFO - DAG(s) 'shopee_pipeline' retrieved from /opt/airflow/dags/shopee_dag.py
[2026-05-28T06:45:59.863+0000] {logging_mixin.py:188} INFO - [2026-05-28T06:45:59.863+0000] {dag.py:3096} INFO - Sync 1 DAGs
[2026-05-28T06:45:59.886+0000] {logging_mixin.py:188} INFO - [2026-05-28T06:45:59.885+0000] {dag.py:3954} INFO - Setting next_dagrun for shopee_pipeline to 2026-05-28 01:00:00+00:00, run_after=2026-05-29 01:00:00+00:00
[2026-05-28T06:45:59.919+0000] {processor.py:183} INFO - Processing /opt/airflow/dags/shopee_dag.py took 0.195 seconds
[2026-05-28T06:46:30.271+0000] {processor.py:161} INFO - Started process (PID=38831) to work on /opt/airflow/dags/shopee_dag.py
[2026-05-28T06:46:30.272+0000] {processor.py:830} INFO - Processing file /opt/airflow/dags/shopee_dag.py for tasks to queue
[2026-05-28T06:46:30.274+0000] {logging_mixin.py:188} INFO - [2026-05-28T06:46:30.273+0000] {dagbag.py:545} INFO - Filling up the DagBag from /opt/airflow/dags/shopee_dag.py
[2026-05-28T06:46:30.368+0000] {processor.py:840} INFO - DAG(s) 'shopee_pipeline' retrieved from /opt/airflow/dags/shopee_dag.py
[2026-05-28T06:46:30.398+0000] {logging_mixin.py:188} INFO - [2026-05-28T06:46:30.398+0000] {dag.py:3096} INFO - Sync 1 DAGs
[2026-05-28T06:46:30.421+0000] {logging_mixin.py:188} INFO - [2026-05-28T06:46:30.421+0000] {dag.py:3954} INFO - Setting next_dagrun for shopee_pipeline to 2026-05-28 01:00:00+00:00, run_after=2026-05-29 01:00:00+00:00
[2026-05-28T06:46:30.443+0000] {processor.py:183} INFO - Processing /opt/airflow/dags/shopee_dag.py took 0.179 seconds
[2026-05-28T06:47:00.856+0000] {processor.py:161} INFO - Started process (PID=38918) to work on /opt/airflow/dags/shopee_dag.py
[2026-05-28T06:47:00.856+0000] {processor.py:830} INFO - Processing file /opt/airflow/dags/shopee_dag.py for tasks to queue
[2026-05-28T06:47:00.858+0000] {logging_mixin.py:188} INFO - [2026-05-28T06:47:00.858+0000] {dagbag.py:545} INFO - Filling up the DagBag from /opt/airflow/dags/shopee_dag.py
[2026-05-28T06:47:00.969+0000] {processor.py:840} INFO - DAG(s) 'shopee_pipeline' retrieved from /opt/airflow/dags/shopee_dag.py
[2026-05-28T06:47:01.001+0000] {logging_mixin.py:188} INFO - [2026-05-28T06:47:01.000+0000] {dag.py:3096} INFO - Sync 1 DAGs
[2026-05-28T06:47:01.029+0000] {logging_mixin.py:188} INFO - [2026-05-28T06:47:01.028+0000] {dag.py:3954} INFO - Setting next_dagrun for shopee_pipeline to 2026-05-28 01:00:00+00:00, run_after=2026-05-29 01:00:00+00:00
[2026-05-28T06:47:01.061+0000] {processor.py:183} INFO - Processing /opt/airflow/dags/shopee_dag.py took 0.210 seconds
[2026-05-28T06:47:31.370+0000] {processor.py:161} INFO - Started process (PID=38980) to work on /opt/airflow/dags/shopee_dag.py
[2026-05-28T06:47:31.371+0000] {processor.py:830} INFO - Processing file /opt/airflow/dags/shopee_dag.py for tasks to queue
[2026-05-28T06:47:31.373+0000] {logging_mixin.py:188} INFO - [2026-05-28T06:47:31.373+0000] {dagbag.py:545} INFO - Filling up the DagBag from /opt/airflow/dags/shopee_dag.py
[2026-05-28T06:47:31.486+0000] {processor.py:840} INFO - DAG(s) 'shopee_pipeline' retrieved from /opt/airflow/dags/shopee_dag.py
[2026-05-28T06:47:31.520+0000] {logging_mixin.py:188} INFO - [2026-05-28T06:47:31.520+0000] {dag.py:3096} INFO - Sync 1 DAGs
[2026-05-28T06:47:31.543+0000] {logging_mixin.py:188} INFO - [2026-05-28T06:47:31.543+0000] {dag.py:3954} INFO - Setting next_dagrun for shopee_pipeline to 2026-05-28 01:00:00+00:00, run_after=2026-05-29 01:00:00+00:00
[2026-05-28T06:47:31.564+0000] {processor.py:183} INFO - Processing /opt/airflow/dags/shopee_dag.py took 0.201 seconds
[2026-05-28T06:48:01.709+0000] {processor.py:161} INFO - Started process (PID=39069) to work on /opt/airflow/dags/shopee_dag.py
[2026-05-28T06:48:01.711+0000] {processor.py:830} INFO - Processing file /opt/airflow/dags/shopee_dag.py for tasks to queue
[2026-05-28T06:48:01.712+0000] {logging_mixin.py:188} INFO - [2026-05-28T06:48:01.712+0000] {dagbag.py:545} INFO - Filling up the DagBag from /opt/airflow/dags/shopee_dag.py
[2026-05-28T06:48:01.816+0000] {processor.py:840} INFO - DAG(s) 'shopee_pipeline' retrieved from /opt/airflow/dags/shopee_dag.py
[2026-05-28T06:48:01.856+0000] {logging_mixin.py:188} INFO - [2026-05-28T06:48:01.856+0000] {dag.py:3096} INFO - Sync 1 DAGs
[2026-05-28T06:48:01.884+0000] {logging_mixin.py:188} INFO - [2026-05-28T06:48:01.884+0000] {dag.py:3954} INFO - Setting next_dagrun for shopee_pipeline to 2026-05-28 01:00:00+00:00, run_after=2026-05-29 01:00:00+00:00
[2026-05-28T06:48:01.916+0000] {processor.py:183} INFO - Processing /opt/airflow/dags/shopee_dag.py took 0.214 seconds
[2026-05-28T06:48:32.472+0000] {processor.py:161} INFO - Started process (PID=39110) to work on /opt/airflow/dags/shopee_dag.py
[2026-05-28T06:48:32.473+0000] {processor.py:830} INFO - Processing file /opt/airflow/dags/shopee_dag.py for tasks to queue
[2026-05-28T06:48:32.474+0000] {logging_mixin.py:188} INFO - [2026-05-28T06:48:32.474+0000] {dagbag.py:545} INFO - Filling up the DagBag from /opt/airflow/dags/shopee_dag.py
[2026-05-28T06:48:32.592+0000] {processor.py:840} INFO - DAG(s) 'shopee_pipeline' retrieved from /opt/airflow/dags/shopee_dag.py
[2026-05-28T06:48:32.632+0000] {logging_mixin.py:188} INFO - [2026-05-28T06:48:32.631+0000] {dag.py:3096} INFO - Sync 1 DAGs
[2026-05-28T06:48:32.668+0000] {logging_mixin.py:188} INFO - [2026-05-28T06:48:32.667+0000] {dag.py:3954} INFO - Setting next_dagrun for shopee_pipeline to 2026-05-28 01:00:00+00:00, run_after=2026-05-29 01:00:00+00:00
[2026-05-28T06:48:32.692+0000] {processor.py:183} INFO - Processing /opt/airflow/dags/shopee_dag.py took 0.225 seconds
[2026-05-28T06:49:02.923+0000] {processor.py:161} INFO - Started process (PID=39231) to work on /opt/airflow/dags/shopee_dag.py
[2026-05-28T06:49:02.925+0000] {processor.py:830} INFO - Processing file /opt/airflow/dags/shopee_dag.py for tasks to queue
[2026-05-28T06:49:02.928+0000] {logging_mixin.py:188} INFO - [2026-05-28T06:49:02.927+0000] {dagbag.py:545} INFO - Filling up the DagBag from /opt/airflow/dags/shopee_dag.py
[2026-05-28T06:49:03.116+0000] {processor.py:840} INFO - DAG(s) 'shopee_pipeline' retrieved from /opt/airflow/dags/shopee_dag.py
[2026-05-28T06:49:03.172+0000] {logging_mixin.py:188} INFO - [2026-05-28T06:49:03.172+0000] {dag.py:3096} INFO - Sync 1 DAGs
[2026-05-28T06:49:03.211+0000] {logging_mixin.py:188} INFO - [2026-05-28T06:49:03.211+0000] {dag.py:3954} INFO - Setting next_dagrun for shopee_pipeline to 2026-05-28 01:00:00+00:00, run_after=2026-05-29 01:00:00+00:00
[2026-05-28T06:49:03.257+0000] {processor.py:183} INFO - Processing /opt/airflow/dags/shopee_dag.py took 0.344 seconds
[2026-05-28T06:49:33.607+0000] {processor.py:161} INFO - Started process (PID=39249) to work on /opt/airflow/dags/shopee_dag.py
[2026-05-28T06:49:33.608+0000] {processor.py:830} INFO - Processing file /opt/airflow/dags/shopee_dag.py for tasks to queue
[2026-05-28T06:49:33.610+0000] {logging_mixin.py:188} INFO - [2026-05-28T06:49:33.609+0000] {dagbag.py:545} INFO - Filling up the DagBag from /opt/airflow/dags/shopee_dag.py
[2026-05-28T06:49:33.705+0000] {processor.py:840} INFO - DAG(s) 'shopee_pipeline' retrieved from /opt/airflow/dags/shopee_dag.py
[2026-05-28T06:49:33.735+0000] {logging_mixin.py:188} INFO - [2026-05-28T06:49:33.735+0000] {dag.py:3096} INFO - Sync 1 DAGs
[2026-05-28T06:49:33.757+0000] {logging_mixin.py:188} INFO - [2026-05-28T06:49:33.757+0000] {dag.py:3954} INFO - Setting next_dagrun for shopee_pipeline to 2026-05-28 01:00:00+00:00, run_after=2026-05-29 01:00:00+00:00
[2026-05-28T06:49:33.778+0000] {processor.py:183} INFO - Processing /opt/airflow/dags/shopee_dag.py took 0.178 seconds
[2026-05-28T06:50:04.112+0000] {processor.py:161} INFO - Started process (PID=39375) to work on /opt/airflow/dags/shopee_dag.py
[2026-05-28T06:50:04.113+0000] {processor.py:830} INFO - Processing file /opt/airflow/dags/shopee_dag.py for tasks to queue
[2026-05-28T06:50:04.115+0000] {logging_mixin.py:188} INFO - [2026-05-28T06:50:04.115+0000] {dagbag.py:545} INFO - Filling up the DagBag from /opt/airflow/dags/shopee_dag.py
[2026-05-28T06:50:04.211+0000] {processor.py:840} INFO - DAG(s) 'shopee_pipeline' retrieved from /opt/airflow/dags/shopee_dag.py
[2026-05-28T06:50:04.240+0000] {logging_mixin.py:188} INFO - [2026-05-28T06:50:04.240+0000] {dag.py:3096} INFO - Sync 1 DAGs
[2026-05-28T06:50:04.267+0000] {logging_mixin.py:188} INFO - [2026-05-28T06:50:04.267+0000] {dag.py:3954} INFO - Setting next_dagrun for shopee_pipeline to 2026-05-28 01:00:00+00:00, run_after=2026-05-29 01:00:00+00:00
[2026-05-28T06:50:04.288+0000] {processor.py:183} INFO - Processing /opt/airflow/dags/shopee_dag.py took 0.182 seconds
[2026-05-28T06:50:34.666+0000] {processor.py:161} INFO - Started process (PID=39495) to work on /opt/airflow/dags/shopee_dag.py
[2026-05-28T06:50:34.667+0000] {processor.py:830} INFO - Processing file /opt/airflow/dags/shopee_dag.py for tasks to queue
[2026-05-28T06:50:34.669+0000] {logging_mixin.py:188} INFO - [2026-05-28T06:50:34.668+0000] {dagbag.py:545} INFO - Filling up the DagBag from /opt/airflow/dags/shopee_dag.py
[2026-05-28T06:50:34.771+0000] {processor.py:840} INFO - DAG(s) 'shopee_pipeline' retrieved from /opt/airflow/dags/shopee_dag.py
[2026-05-28T06:50:34.802+0000] {logging_mixin.py:188} INFO - [2026-05-28T06:50:34.802+0000] {dag.py:3096} INFO - Sync 1 DAGs
[2026-05-28T06:50:34.825+0000] {logging_mixin.py:188} INFO - [2026-05-28T06:50:34.825+0000] {dag.py:3954} INFO - Setting next_dagrun for shopee_pipeline to 2026-05-28 01:00:00+00:00, run_after=2026-05-29 01:00:00+00:00
[2026-05-28T06:50:34.858+0000] {processor.py:183} INFO - Processing /opt/airflow/dags/shopee_dag.py took 0.197 seconds
[2026-05-28T06:51:05.327+0000] {processor.py:161} INFO - Started process (PID=39578) to work on /opt/airflow/dags/shopee_dag.py
[2026-05-28T06:51:05.328+0000] {processor.py:830} INFO - Processing file /opt/airflow/dags/shopee_dag.py for tasks to queue
[2026-05-28T06:51:05.331+0000] {logging_mixin.py:188} INFO - [2026-05-28T06:51:05.331+0000] {dagbag.py:545} INFO - Filling up the DagBag from /opt/airflow/dags/shopee_dag.py
[2026-05-28T06:51:05.430+0000] {processor.py:840} INFO - DAG(s) 'shopee_pipeline' retrieved from /opt/airflow/dags/shopee_dag.py
[2026-05-28T06:51:05.461+0000] {logging_mixin.py:188} INFO - [2026-05-28T06:51:05.461+0000] {dag.py:3096} INFO - Sync 1 DAGs
[2026-05-28T06:51:05.489+0000] {logging_mixin.py:188} INFO - [2026-05-28T06:51:05.489+0000] {dag.py:3954} INFO - Setting next_dagrun for shopee_pipeline to 2026-05-28 01:00:00+00:00, run_after=2026-05-29 01:00:00+00:00
[2026-05-28T06:51:05.510+0000] {processor.py:183} INFO - Processing /opt/airflow/dags/shopee_dag.py took 0.189 seconds
[2026-05-28T06:51:35.845+0000] {processor.py:161} INFO - Started process (PID=39623) to work on /opt/airflow/dags/shopee_dag.py
[2026-05-28T06:51:35.846+0000] {processor.py:830} INFO - Processing file /opt/airflow/dags/shopee_dag.py for tasks to queue
[2026-05-28T06:51:35.848+0000] {logging_mixin.py:188} INFO - [2026-05-28T06:51:35.848+0000] {dagbag.py:545} INFO - Filling up the DagBag from /opt/airflow/dags/shopee_dag.py
[2026-05-28T06:51:35.951+0000] {processor.py:840} INFO - DAG(s) 'shopee_pipeline' retrieved from /opt/airflow/dags/shopee_dag.py
[2026-05-28T06:51:35.982+0000] {logging_mixin.py:188} INFO - [2026-05-28T06:51:35.982+0000] {dag.py:3096} INFO - Sync 1 DAGs
[2026-05-28T06:51:36.005+0000] {logging_mixin.py:188} INFO - [2026-05-28T06:51:36.005+0000] {dag.py:3954} INFO - Setting next_dagrun for shopee_pipeline to 2026-05-28 01:00:00+00:00, run_after=2026-05-29 01:00:00+00:00
[2026-05-28T06:51:36.037+0000] {processor.py:183} INFO - Processing /opt/airflow/dags/shopee_dag.py took 0.198 seconds
[2026-05-28T06:52:06.410+0000] {processor.py:161} INFO - Started process (PID=39725) to work on /opt/airflow/dags/shopee_dag.py
[2026-05-28T06:52:06.411+0000] {processor.py:830} INFO - Processing file /opt/airflow/dags/shopee_dag.py for tasks to queue
[2026-05-28T06:52:06.413+0000] {logging_mixin.py:188} INFO - [2026-05-28T06:52:06.412+0000] {dagbag.py:545} INFO - Filling up the DagBag from /opt/airflow/dags/shopee_dag.py
[2026-05-28T06:52:06.509+0000] {processor.py:840} INFO - DAG(s) 'shopee_pipeline' retrieved from /opt/airflow/dags/shopee_dag.py
[2026-05-28T06:52:06.538+0000] {logging_mixin.py:188} INFO - [2026-05-28T06:52:06.538+0000] {dag.py:3096} INFO - Sync 1 DAGs
[2026-05-28T06:52:06.560+0000] {logging_mixin.py:188} INFO - [2026-05-28T06:52:06.560+0000] {dag.py:3954} INFO - Setting next_dagrun for shopee_pipeline to 2026-05-28 01:00:00+00:00, run_after=2026-05-29 01:00:00+00:00
[2026-05-28T06:52:06.591+0000] {processor.py:183} INFO - Processing /opt/airflow/dags/shopee_dag.py took 0.187 seconds
[2026-05-28T06:52:36.725+0000] {processor.py:161} INFO - Started process (PID=39847) to work on /opt/airflow/dags/shopee_dag.py
[2026-05-28T06:52:36.726+0000] {processor.py:830} INFO - Processing file /opt/airflow/dags/shopee_dag.py for tasks to queue
[2026-05-28T06:52:36.727+0000] {logging_mixin.py:188} INFO - [2026-05-28T06:52:36.727+0000] {dagbag.py:545} INFO - Filling up the DagBag from /opt/airflow/dags/shopee_dag.py
[2026-05-28T06:52:36.827+0000] {processor.py:840} INFO - DAG(s) 'shopee_pipeline' retrieved from /opt/airflow/dags/shopee_dag.py
[2026-05-28T06:52:36.858+0000] {logging_mixin.py:188} INFO - [2026-05-28T06:52:36.858+0000] {dag.py:3096} INFO - Sync 1 DAGs
[2026-05-28T06:52:36.887+0000] {logging_mixin.py:188} INFO - [2026-05-28T06:52:36.887+0000] {dag.py:3954} INFO - Setting next_dagrun for shopee_pipeline to 2026-05-28 01:00:00+00:00, run_after=2026-05-29 01:00:00+00:00
[2026-05-28T06:52:36.915+0000] {processor.py:183} INFO - Processing /opt/airflow/dags/shopee_dag.py took 0.196 seconds
[2026-05-28T06:53:07.623+0000] {processor.py:161} INFO - Started process (PID=39869) to work on /opt/airflow/dags/shopee_dag.py
[2026-05-28T06:53:07.624+0000] {processor.py:830} INFO - Processing file /opt/airflow/dags/shopee_dag.py for tasks to queue
[2026-05-28T06:53:07.626+0000] {logging_mixin.py:188} INFO - [2026-05-28T06:53:07.626+0000] {dagbag.py:545} INFO - Filling up the DagBag from /opt/airflow/dags/shopee_dag.py
[2026-05-28T06:53:07.728+0000] {processor.py:840} INFO - DAG(s) 'shopee_pipeline' retrieved from /opt/airflow/dags/shopee_dag.py
[2026-05-28T06:53:07.758+0000] {logging_mixin.py:188} INFO - [2026-05-28T06:53:07.758+0000] {dag.py:3096} INFO - Sync 1 DAGs
[2026-05-28T06:53:07.779+0000] {logging_mixin.py:188} INFO - [2026-05-28T06:53:07.779+0000] {dag.py:3954} INFO - Setting next_dagrun for shopee_pipeline to 2026-05-28 01:00:00+00:00, run_after=2026-05-29 01:00:00+00:00
[2026-05-28T06:53:07.800+0000] {processor.py:183} INFO - Processing /opt/airflow/dags/shopee_dag.py took 0.184 seconds
[2026-05-28T06:53:38.173+0000] {processor.py:161} INFO - Started process (PID=39992) to work on /opt/airflow/dags/shopee_dag.py
[2026-05-28T06:53:38.174+0000] {processor.py:830} INFO - Processing file /opt/airflow/dags/shopee_dag.py for tasks to queue
[2026-05-28T06:53:38.176+0000] {logging_mixin.py:188} INFO - [2026-05-28T06:53:38.176+0000] {dagbag.py:545} INFO - Filling up the DagBag from /opt/airflow/dags/shopee_dag.py
[2026-05-28T06:53:38.284+0000] {processor.py:840} INFO - DAG(s) 'shopee_pipeline' retrieved from /opt/airflow/dags/shopee_dag.py
[2026-05-28T06:53:38.316+0000] {logging_mixin.py:188} INFO - [2026-05-28T06:53:38.315+0000] {dag.py:3096} INFO - Sync 1 DAGs
[2026-05-28T06:53:38.345+0000] {logging_mixin.py:188} INFO - [2026-05-28T06:53:38.345+0000] {dag.py:3954} INFO - Setting next_dagrun for shopee_pipeline to 2026-05-28 01:00:00+00:00, run_after=2026-05-29 01:00:00+00:00
[2026-05-28T06:53:38.367+0000] {processor.py:183} INFO - Processing /opt/airflow/dags/shopee_dag.py took 0.200 seconds
[2026-05-28T06:54:08.558+0000] {processor.py:161} INFO - Started process (PID=40109) to work on /opt/airflow/dags/shopee_dag.py
[2026-05-28T06:54:08.559+0000] {processor.py:830} INFO - Processing file /opt/airflow/dags/shopee_dag.py for tasks to queue
[2026-05-28T06:54:08.562+0000] {logging_mixin.py:188} INFO - [2026-05-28T06:54:08.562+0000] {dagbag.py:545} INFO - Filling up the DagBag from /opt/airflow/dags/shopee_dag.py
[2026-05-28T06:54:08.707+0000] {processor.py:840} INFO - DAG(s) 'shopee_pipeline' retrieved from /opt/airflow/dags/shopee_dag.py
[2026-05-28T06:54:08.744+0000] {logging_mixin.py:188} INFO - [2026-05-28T06:54:08.744+0000] {dag.py:3096} INFO - Sync 1 DAGs
[2026-05-28T06:54:08.779+0000] {logging_mixin.py:188} INFO - [2026-05-28T06:54:08.778+0000] {dag.py:3954} INFO - Setting next_dagrun for shopee_pipeline to 2026-05-28 01:00:00+00:00, run_after=2026-05-29 01:00:00+00:00
[2026-05-28T06:54:08.810+0000] {processor.py:183} INFO - Processing /opt/airflow/dags/shopee_dag.py took 0.262 seconds
[2026-05-28T06:54:39.403+0000] {processor.py:161} INFO - Started process (PID=40126) to work on /opt/airflow/dags/shopee_dag.py
[2026-05-28T06:54:39.404+0000] {processor.py:830} INFO - Processing file /opt/airflow/dags/shopee_dag.py for tasks to queue
[2026-05-28T06:54:39.406+0000] {logging_mixin.py:188} INFO - [2026-05-28T06:54:39.406+0000] {dagbag.py:545} INFO - Filling up the DagBag from /opt/airflow/dags/shopee_dag.py
[2026-05-28T06:54:39.513+0000] {processor.py:840} INFO - DAG(s) 'shopee_pipeline' retrieved from /opt/airflow/dags/shopee_dag.py
[2026-05-28T06:54:39.549+0000] {logging_mixin.py:188} INFO - [2026-05-28T06:54:39.548+0000] {dag.py:3096} INFO - Sync 1 DAGs
[2026-05-28T06:54:39.577+0000] {logging_mixin.py:188} INFO - [2026-05-28T06:54:39.577+0000] {dag.py:3954} INFO - Setting next_dagrun for shopee_pipeline to 2026-05-28 01:00:00+00:00, run_after=2026-05-29 01:00:00+00:00
[2026-05-28T06:54:39.604+0000] {processor.py:183} INFO - Processing /opt/airflow/dags/shopee_dag.py took 0.207 seconds
[2026-05-28T06:55:09.828+0000] {processor.py:161} INFO - Started process (PID=40242) to work on /opt/airflow/dags/shopee_dag.py
[2026-05-28T06:55:09.829+0000] {processor.py:830} INFO - Processing file /opt/airflow/dags/shopee_dag.py for tasks to queue
[2026-05-28T06:55:09.832+0000] {logging_mixin.py:188} INFO - [2026-05-28T06:55:09.831+0000] {dagbag.py:545} INFO - Filling up the DagBag from /opt/airflow/dags/shopee_dag.py
[2026-05-28T06:55:09.935+0000] {processor.py:840} INFO - DAG(s) 'shopee_pipeline' retrieved from /opt/airflow/dags/shopee_dag.py
[2026-05-28T06:55:09.966+0000] {logging_mixin.py:188} INFO - [2026-05-28T06:55:09.966+0000] {dag.py:3096} INFO - Sync 1 DAGs
[2026-05-28T06:55:09.992+0000] {logging_mixin.py:188} INFO - [2026-05-28T06:55:09.991+0000] {dag.py:3954} INFO - Setting next_dagrun for shopee_pipeline to 2026-05-28 01:00:00+00:00, run_after=2026-05-29 01:00:00+00:00
[2026-05-28T06:55:10.125+0000] {processor.py:183} INFO - Processing /opt/airflow/dags/shopee_dag.py took 0.304 seconds
[2026-05-28T06:55:40.242+0000] {processor.py:161} INFO - Started process (PID=40363) to work on /opt/airflow/dags/shopee_dag.py
[2026-05-28T06:55:40.243+0000] {processor.py:830} INFO - Processing file /opt/airflow/dags/shopee_dag.py for tasks to queue
[2026-05-28T06:55:40.245+0000] {logging_mixin.py:188} INFO - [2026-05-28T06:55:40.245+0000] {dagbag.py:545} INFO - Filling up the DagBag from /opt/airflow/dags/shopee_dag.py
[2026-05-28T06:55:40.345+0000] {processor.py:840} INFO - DAG(s) 'shopee_pipeline' retrieved from /opt/airflow/dags/shopee_dag.py
[2026-05-28T06:55:40.376+0000] {logging_mixin.py:188} INFO - [2026-05-28T06:55:40.376+0000] {dag.py:3096} INFO - Sync 1 DAGs
[2026-05-28T06:55:40.401+0000] {logging_mixin.py:188} INFO - [2026-05-28T06:55:40.401+0000] {dag.py:3954} INFO - Setting next_dagrun for shopee_pipeline to 2026-05-28 01:00:00+00:00, run_after=2026-05-29 01:00:00+00:00
[2026-05-28T06:55:40.432+0000] {processor.py:183} INFO - Processing /opt/airflow/dags/shopee_dag.py took 0.196 seconds
[2026-05-28T06:56:10.895+0000] {processor.py:161} INFO - Started process (PID=40451) to work on /opt/airflow/dags/shopee_dag.py
[2026-05-28T06:56:10.897+0000] {processor.py:830} INFO - Processing file /opt/airflow/dags/shopee_dag.py for tasks to queue
[2026-05-28T06:56:10.901+0000] {logging_mixin.py:188} INFO - [2026-05-28T06:56:10.900+0000] {dagbag.py:545} INFO - Filling up the DagBag from /opt/airflow/dags/shopee_dag.py
[2026-05-28T06:56:11.073+0000] {processor.py:840} INFO - DAG(s) 'shopee_pipeline' retrieved from /opt/airflow/dags/shopee_dag.py
[2026-05-28T06:56:11.118+0000] {logging_mixin.py:188} INFO - [2026-05-28T06:56:11.117+0000] {dag.py:3096} INFO - Sync 1 DAGs
[2026-05-28T06:56:11.154+0000] {logging_mixin.py:188} INFO - [2026-05-28T06:56:11.153+0000] {dag.py:3954} INFO - Setting next_dagrun for shopee_pipeline to 2026-05-28 01:00:00+00:00, run_after=2026-05-29 01:00:00+00:00
[2026-05-28T06:56:11.182+0000] {processor.py:183} INFO - Processing /opt/airflow/dags/shopee_dag.py took 0.301 seconds
[2026-05-28T06:56:41.605+0000] {processor.py:161} INFO - Started process (PID=40491) to work on /opt/airflow/dags/shopee_dag.py
[2026-05-28T06:56:41.606+0000] {processor.py:830} INFO - Processing file /opt/airflow/dags/shopee_dag.py for tasks to queue
[2026-05-28T06:56:41.608+0000] {logging_mixin.py:188} INFO - [2026-05-28T06:56:41.608+0000] {dagbag.py:545} INFO - Filling up the DagBag from /opt/airflow/dags/shopee_dag.py
[2026-05-28T06:56:41.702+0000] {processor.py:840} INFO - DAG(s) 'shopee_pipeline' retrieved from /opt/airflow/dags/shopee_dag.py
[2026-05-28T06:56:41.730+0000] {logging_mixin.py:188} INFO - [2026-05-28T06:56:41.729+0000] {dag.py:3096} INFO - Sync 1 DAGs
[2026-05-28T06:56:41.761+0000] {logging_mixin.py:188} INFO - [2026-05-28T06:56:41.761+0000] {dag.py:3954} INFO - Setting next_dagrun for shopee_pipeline to 2026-05-28 01:00:00+00:00, run_after=2026-05-29 01:00:00+00:00
[2026-05-28T06:56:41.781+0000] {processor.py:183} INFO - Processing /opt/airflow/dags/shopee_dag.py took 0.182 seconds
[2026-05-28T06:57:11.838+0000] {processor.py:161} INFO - Started process (PID=40612) to work on /opt/airflow/dags/shopee_dag.py
[2026-05-28T06:57:11.839+0000] {processor.py:830} INFO - Processing file /opt/airflow/dags/shopee_dag.py for tasks to queue
[2026-05-28T06:57:11.841+0000] {logging_mixin.py:188} INFO - [2026-05-28T06:57:11.841+0000] {dagbag.py:545} INFO - Filling up the DagBag from /opt/airflow/dags/shopee_dag.py
[2026-05-28T06:57:11.939+0000] {processor.py:840} INFO - DAG(s) 'shopee_pipeline' retrieved from /opt/airflow/dags/shopee_dag.py
[2026-05-28T06:57:11.972+0000] {logging_mixin.py:188} INFO - [2026-05-28T06:57:11.972+0000] {dag.py:3096} INFO - Sync 1 DAGs
[2026-05-28T06:57:11.996+0000] {logging_mixin.py:188} INFO - [2026-05-28T06:57:11.996+0000] {dag.py:3954} INFO - Setting next_dagrun for shopee_pipeline to 2026-05-28 01:00:00+00:00, run_after=2026-05-29 01:00:00+00:00
[2026-05-28T06:57:12.018+0000] {processor.py:183} INFO - Processing /opt/airflow/dags/shopee_dag.py took 0.186 seconds
[2026-05-28T06:57:42.439+0000] {processor.py:161} INFO - Started process (PID=40730) to work on /opt/airflow/dags/shopee_dag.py
[2026-05-28T06:57:42.441+0000] {processor.py:830} INFO - Processing file /opt/airflow/dags/shopee_dag.py for tasks to queue
[2026-05-28T06:57:42.444+0000] {logging_mixin.py:188} INFO - [2026-05-28T06:57:42.444+0000] {dagbag.py:545} INFO - Filling up the DagBag from /opt/airflow/dags/shopee_dag.py
[2026-05-28T06:57:42.616+0000] {processor.py:840} INFO - DAG(s) 'shopee_pipeline' retrieved from /opt/airflow/dags/shopee_dag.py
[2026-05-28T06:57:42.665+0000] {logging_mixin.py:188} INFO - [2026-05-28T06:57:42.664+0000] {dag.py:3096} INFO - Sync 1 DAGs
[2026-05-28T06:57:42.851+0000] {logging_mixin.py:188} INFO - [2026-05-28T06:57:42.850+0000] {dag.py:3954} INFO - Setting next_dagrun for shopee_pipeline to 2026-05-28 01:00:00+00:00, run_after=2026-05-29 01:00:00+00:00
[2026-05-28T06:57:42.886+0000] {processor.py:183} INFO - Processing /opt/airflow/dags/shopee_dag.py took 0.458 seconds
[2026-05-28T06:58:13.257+0000] {processor.py:161} INFO - Started process (PID=40746) to work on /opt/airflow/dags/shopee_dag.py
[2026-05-28T06:58:13.258+0000] {processor.py:830} INFO - Processing file /opt/airflow/dags/shopee_dag.py for tasks to queue
[2026-05-28T06:58:13.259+0000] {logging_mixin.py:188} INFO - [2026-05-28T06:58:13.259+0000] {dagbag.py:545} INFO - Filling up the DagBag from /opt/airflow/dags/shopee_dag.py
[2026-05-28T06:58:13.366+0000] {processor.py:840} INFO - DAG(s) 'shopee_pipeline' retrieved from /opt/airflow/dags/shopee_dag.py
[2026-05-28T06:58:13.404+0000] {logging_mixin.py:188} INFO - [2026-05-28T06:58:13.403+0000] {dag.py:3096} INFO - Sync 1 DAGs
[2026-05-28T06:58:13.429+0000] {logging_mixin.py:188} INFO - [2026-05-28T06:58:13.429+0000] {dag.py:3954} INFO - Setting next_dagrun for shopee_pipeline to 2026-05-28 01:00:00+00:00, run_after=2026-05-29 01:00:00+00:00
[2026-05-28T06:58:13.602+0000] {processor.py:183} INFO - Processing /opt/airflow/dags/shopee_dag.py took 0.352 seconds
[2026-05-28T06:58:43.912+0000] {processor.py:161} INFO - Started process (PID=40863) to work on /opt/airflow/dags/shopee_dag.py
[2026-05-28T06:58:43.914+0000] {processor.py:830} INFO - Processing file /opt/airflow/dags/shopee_dag.py for tasks to queue
[2026-05-28T06:58:43.915+0000] {logging_mixin.py:188} INFO - [2026-05-28T06:58:43.915+0000] {dagbag.py:545} INFO - Filling up the DagBag from /opt/airflow/dags/shopee_dag.py
[2026-05-28T06:58:44.023+0000] {processor.py:840} INFO - DAG(s) 'shopee_pipeline' retrieved from /opt/airflow/dags/shopee_dag.py
[2026-05-28T06:58:44.054+0000] {logging_mixin.py:188} INFO - [2026-05-28T06:58:44.053+0000] {dag.py:3096} INFO - Sync 1 DAGs
[2026-05-28T06:58:44.176+0000] {logging_mixin.py:188} INFO - [2026-05-28T06:58:44.175+0000] {dag.py:3954} INFO - Setting next_dagrun for shopee_pipeline to 2026-05-28 01:00:00+00:00, run_after=2026-05-29 01:00:00+00:00
[2026-05-28T06:58:44.206+0000] {processor.py:183} INFO - Processing /opt/airflow/dags/shopee_dag.py took 0.300 seconds
[2026-05-28T06:59:14.590+0000] {processor.py:161} INFO - Started process (PID=40988) to work on /opt/airflow/dags/shopee_dag.py
[2026-05-28T06:59:14.592+0000] {processor.py:830} INFO - Processing file /opt/airflow/dags/shopee_dag.py for tasks to queue
[2026-05-28T06:59:14.593+0000] {logging_mixin.py:188} INFO - [2026-05-28T06:59:14.593+0000] {dagbag.py:545} INFO - Filling up the DagBag from /opt/airflow/dags/shopee_dag.py
[2026-05-28T06:59:14.704+0000] {processor.py:840} INFO - DAG(s) 'shopee_pipeline' retrieved from /opt/airflow/dags/shopee_dag.py
[2026-05-28T06:59:14.734+0000] {logging_mixin.py:188} INFO - [2026-05-28T06:59:14.733+0000] {dag.py:3096} INFO - Sync 1 DAGs
[2026-05-28T06:59:14.757+0000] {logging_mixin.py:188} INFO - [2026-05-28T06:59:14.756+0000] {dag.py:3954} INFO - Setting next_dagrun for shopee_pipeline to 2026-05-28 01:00:00+00:00, run_after=2026-05-29 01:00:00+00:00
[2026-05-28T06:59:14.879+0000] {processor.py:183} INFO - Processing /opt/airflow/dags/shopee_dag.py took 0.295 seconds
[2026-05-28T06:59:45.007+0000] {processor.py:161} INFO - Started process (PID=41113) to work on /opt/airflow/dags/shopee_dag.py
[2026-05-28T06:59:45.008+0000] {processor.py:830} INFO - Processing file /opt/airflow/dags/shopee_dag.py for tasks to queue
[2026-05-28T06:59:45.010+0000] {logging_mixin.py:188} INFO - [2026-05-28T06:59:45.010+0000] {dagbag.py:545} INFO - Filling up the DagBag from /opt/airflow/dags/shopee_dag.py
[2026-05-28T06:59:45.207+0000] {processor.py:840} INFO - DAG(s) 'shopee_pipeline' retrieved from /opt/airflow/dags/shopee_dag.py
[2026-05-28T06:59:45.238+0000] {logging_mixin.py:188} INFO - [2026-05-28T06:59:45.238+0000] {dag.py:3096} INFO - Sync 1 DAGs
[2026-05-28T06:59:45.260+0000] {logging_mixin.py:188} INFO - [2026-05-28T06:59:45.259+0000] {dag.py:3954} INFO - Setting next_dagrun for shopee_pipeline to 2026-05-28 01:00:00+00:00, run_after=2026-05-29 01:00:00+00:00
[2026-05-28T06:59:45.290+0000] {processor.py:183} INFO - Processing /opt/airflow/dags/shopee_dag.py took 0.289 seconds
[2026-05-28T07:00:15.617+0000] {processor.py:161} INFO - Started process (PID=41199) to work on /opt/airflow/dags/shopee_dag.py
[2026-05-28T07:00:15.618+0000] {processor.py:830} INFO - Processing file /opt/airflow/dags/shopee_dag.py for tasks to queue
[2026-05-28T07:00:15.620+0000] {logging_mixin.py:188} INFO - [2026-05-28T07:00:15.620+0000] {dagbag.py:545} INFO - Filling up the DagBag from /opt/airflow/dags/shopee_dag.py
[2026-05-28T07:00:15.733+0000] {processor.py:840} INFO - DAG(s) 'shopee_pipeline' retrieved from /opt/airflow/dags/shopee_dag.py
[2026-05-28T07:00:15.773+0000] {logging_mixin.py:188} INFO - [2026-05-28T07:00:15.773+0000] {dag.py:3096} INFO - Sync 1 DAGs
[2026-05-28T07:00:15.942+0000] {logging_mixin.py:188} INFO - [2026-05-28T07:00:15.941+0000] {dag.py:3954} INFO - Setting next_dagrun for shopee_pipeline to 2026-05-28 01:00:00+00:00, run_after=2026-05-29 01:00:00+00:00
[2026-05-28T07:00:15.968+0000] {processor.py:183} INFO - Processing /opt/airflow/dags/shopee_dag.py took 0.358 seconds
[2026-05-28T07:00:46.335+0000] {processor.py:161} INFO - Started process (PID=41241) to work on /opt/airflow/dags/shopee_dag.py
[2026-05-28T07:00:46.336+0000] {processor.py:830} INFO - Processing file /opt/airflow/dags/shopee_dag.py for tasks to queue
[2026-05-28T07:00:46.338+0000] {logging_mixin.py:188} INFO - [2026-05-28T07:00:46.338+0000] {dagbag.py:545} INFO - Filling up the DagBag from /opt/airflow/dags/shopee_dag.py
[2026-05-28T07:00:46.558+0000] {processor.py:840} INFO - DAG(s) 'shopee_pipeline' retrieved from /opt/airflow/dags/shopee_dag.py
[2026-05-28T07:00:46.585+0000] {logging_mixin.py:188} INFO - [2026-05-28T07:00:46.585+0000] {dag.py:3096} INFO - Sync 1 DAGs
[2026-05-28T07:00:46.604+0000] {logging_mixin.py:188} INFO - [2026-05-28T07:00:46.604+0000] {dag.py:3954} INFO - Setting next_dagrun for shopee_pipeline to 2026-05-28 01:00:00+00:00, run_after=2026-05-29 01:00:00+00:00
[2026-05-28T07:00:46.624+0000] {processor.py:183} INFO - Processing /opt/airflow/dags/shopee_dag.py took 0.296 seconds
[2026-05-28T07:01:17.108+0000] {processor.py:161} INFO - Started process (PID=41359) to work on /opt/airflow/dags/shopee_dag.py
[2026-05-28T07:01:17.109+0000] {processor.py:830} INFO - Processing file /opt/airflow/dags/shopee_dag.py for tasks to queue
[2026-05-28T07:01:17.111+0000] {logging_mixin.py:188} INFO - [2026-05-28T07:01:17.111+0000] {dagbag.py:545} INFO - Filling up the DagBag from /opt/airflow/dags/shopee_dag.py
[2026-05-28T07:01:17.214+0000] {processor.py:840} INFO - DAG(s) 'shopee_pipeline' retrieved from /opt/airflow/dags/shopee_dag.py
[2026-05-28T07:01:17.360+0000] {logging_mixin.py:188} INFO - [2026-05-28T07:01:17.360+0000] {dag.py:3096} INFO - Sync 1 DAGs
[2026-05-28T07:01:17.381+0000] {logging_mixin.py:188} INFO - [2026-05-28T07:01:17.381+0000] {dag.py:3954} INFO - Setting next_dagrun for shopee_pipeline to 2026-05-28 01:00:00+00:00, run_after=2026-05-29 01:00:00+00:00
[2026-05-28T07:01:17.411+0000] {processor.py:183} INFO - Processing /opt/airflow/dags/shopee_dag.py took 0.310 seconds
[2026-05-28T07:01:47.800+0000] {processor.py:161} INFO - Started process (PID=41479) to work on /opt/airflow/dags/shopee_dag.py
[2026-05-28T07:01:47.801+0000] {processor.py:830} INFO - Processing file /opt/airflow/dags/shopee_dag.py for tasks to queue
[2026-05-28T07:01:47.803+0000] {logging_mixin.py:188} INFO - [2026-05-28T07:01:47.803+0000] {dagbag.py:545} INFO - Filling up the DagBag from /opt/airflow/dags/shopee_dag.py
[2026-05-28T07:01:48.045+0000] {processor.py:840} INFO - DAG(s) 'shopee_pipeline' retrieved from /opt/airflow/dags/shopee_dag.py
[2026-05-28T07:01:48.080+0000] {logging_mixin.py:188} INFO - [2026-05-28T07:01:48.080+0000] {dag.py:3096} INFO - Sync 1 DAGs
[2026-05-28T07:01:48.106+0000] {logging_mixin.py:188} INFO - [2026-05-28T07:01:48.106+0000] {dag.py:3954} INFO - Setting next_dagrun for shopee_pipeline to 2026-05-28 01:00:00+00:00, run_after=2026-05-29 01:00:00+00:00
[2026-05-28T07:01:48.132+0000] {processor.py:183} INFO - Processing /opt/airflow/dags/shopee_dag.py took 0.342 seconds
[2026-05-28T07:02:18.543+0000] {processor.py:161} INFO - Started process (PID=41572) to work on /opt/airflow/dags/shopee_dag.py
[2026-05-28T07:02:18.545+0000] {processor.py:830} INFO - Processing file /opt/airflow/dags/shopee_dag.py for tasks to queue
[2026-05-28T07:02:18.548+0000] {logging_mixin.py:188} INFO - [2026-05-28T07:02:18.548+0000] {dagbag.py:545} INFO - Filling up the DagBag from /opt/airflow/dags/shopee_dag.py
[2026-05-28T07:02:18.870+0000] {processor.py:840} INFO - DAG(s) 'shopee_pipeline' retrieved from /opt/airflow/dags/shopee_dag.py
[2026-05-28T07:02:18.909+0000] {logging_mixin.py:188} INFO - [2026-05-28T07:02:18.909+0000] {dag.py:3096} INFO - Sync 1 DAGs
[2026-05-28T07:02:18.938+0000] {logging_mixin.py:188} INFO - [2026-05-28T07:02:18.938+0000] {dag.py:3954} INFO - Setting next_dagrun for shopee_pipeline to 2026-05-28 01:00:00+00:00, run_after=2026-05-29 01:00:00+00:00
[2026-05-28T07:02:18.967+0000] {processor.py:183} INFO - Processing /opt/airflow/dags/shopee_dag.py took 0.437 seconds
[2026-05-28T07:02:49.245+0000] {processor.py:161} INFO - Started process (PID=41608) to work on /opt/airflow/dags/shopee_dag.py
[2026-05-28T07:02:49.246+0000] {processor.py:830} INFO - Processing file /opt/airflow/dags/shopee_dag.py for tasks to queue
[2026-05-28T07:02:49.248+0000] {logging_mixin.py:188} INFO - [2026-05-28T07:02:49.247+0000] {dagbag.py:545} INFO - Filling up the DagBag from /opt/airflow/dags/shopee_dag.py
[2026-05-28T07:02:49.439+0000] {processor.py:840} INFO - DAG(s) 'shopee_pipeline' retrieved from /opt/airflow/dags/shopee_dag.py
[2026-05-28T07:02:49.466+0000] {logging_mixin.py:188} INFO - [2026-05-28T07:02:49.466+0000] {dag.py:3096} INFO - Sync 1 DAGs
[2026-05-28T07:02:49.486+0000] {logging_mixin.py:188} INFO - [2026-05-28T07:02:49.486+0000] {dag.py:3954} INFO - Setting next_dagrun for shopee_pipeline to 2026-05-28 01:00:00+00:00, run_after=2026-05-29 01:00:00+00:00
[2026-05-28T07:02:49.516+0000] {processor.py:183} INFO - Processing /opt/airflow/dags/shopee_dag.py took 0.277 seconds
[2026-05-28T07:03:20.059+0000] {processor.py:161} INFO - Started process (PID=41731) to work on /opt/airflow/dags/shopee_dag.py
[2026-05-28T07:03:20.060+0000] {processor.py:830} INFO - Processing file /opt/airflow/dags/shopee_dag.py for tasks to queue
[2026-05-28T07:03:20.062+0000] {logging_mixin.py:188} INFO - [2026-05-28T07:03:20.061+0000] {dagbag.py:545} INFO - Filling up the DagBag from /opt/airflow/dags/shopee_dag.py
[2026-05-28T07:03:20.275+0000] {processor.py:840} INFO - DAG(s) 'shopee_pipeline' retrieved from /opt/airflow/dags/shopee_dag.py
[2026-05-28T07:03:20.307+0000] {logging_mixin.py:188} INFO - [2026-05-28T07:03:20.307+0000] {dag.py:3096} INFO - Sync 1 DAGs
[2026-05-28T07:03:20.329+0000] {logging_mixin.py:188} INFO - [2026-05-28T07:03:20.329+0000] {dag.py:3954} INFO - Setting next_dagrun for shopee_pipeline to 2026-05-28 01:00:00+00:00, run_after=2026-05-29 01:00:00+00:00
[2026-05-28T07:03:20.349+0000] {processor.py:183} INFO - Processing /opt/airflow/dags/shopee_dag.py took 0.296 seconds
[2026-05-28T07:03:50.932+0000] {processor.py:161} INFO - Started process (PID=41852) to work on /opt/airflow/dags/shopee_dag.py
[2026-05-28T07:03:50.933+0000] {processor.py:830} INFO - Processing file /opt/airflow/dags/shopee_dag.py for tasks to queue
[2026-05-28T07:03:50.936+0000] {logging_mixin.py:188} INFO - [2026-05-28T07:03:50.936+0000] {dagbag.py:545} INFO - Filling up the DagBag from /opt/airflow/dags/shopee_dag.py
[2026-05-28T07:03:51.164+0000] {processor.py:840} INFO - DAG(s) 'shopee_pipeline' retrieved from /opt/airflow/dags/shopee_dag.py
[2026-05-28T07:03:51.191+0000] {logging_mixin.py:188} INFO - [2026-05-28T07:03:51.191+0000] {dag.py:3096} INFO - Sync 1 DAGs
[2026-05-28T07:03:51.210+0000] {logging_mixin.py:188} INFO - [2026-05-28T07:03:51.210+0000] {dag.py:3954} INFO - Setting next_dagrun for shopee_pipeline to 2026-05-28 01:00:00+00:00, run_after=2026-05-29 01:00:00+00:00
[2026-05-28T07:03:51.231+0000] {processor.py:183} INFO - Processing /opt/airflow/dags/shopee_dag.py took 0.308 seconds
[2026-05-28T07:04:21.587+0000] {processor.py:161} INFO - Started process (PID=41951) to work on /opt/airflow/dags/shopee_dag.py
[2026-05-28T07:04:21.588+0000] {processor.py:830} INFO - Processing file /opt/airflow/dags/shopee_dag.py for tasks to queue
[2026-05-28T07:04:21.591+0000] {logging_mixin.py:188} INFO - [2026-05-28T07:04:21.590+0000] {dagbag.py:545} INFO - Filling up the DagBag from /opt/airflow/dags/shopee_dag.py
[2026-05-28T07:04:21.899+0000] {processor.py:840} INFO - DAG(s) 'shopee_pipeline' retrieved from /opt/airflow/dags/shopee_dag.py
[2026-05-28T07:04:21.935+0000] {logging_mixin.py:188} INFO - [2026-05-28T07:04:21.934+0000] {dag.py:3096} INFO - Sync 1 DAGs
[2026-05-28T07:04:21.962+0000] {logging_mixin.py:188} INFO - [2026-05-28T07:04:21.962+0000] {dag.py:3954} INFO - Setting next_dagrun for shopee_pipeline to 2026-05-28 01:00:00+00:00, run_after=2026-05-29 01:00:00+00:00
[2026-05-28T07:04:21.987+0000] {processor.py:183} INFO - Processing /opt/airflow/dags/shopee_dag.py took 0.409 seconds
[2026-05-28T07:04:52.586+0000] {processor.py:161} INFO - Started process (PID=41979) to work on /opt/airflow/dags/shopee_dag.py
[2026-05-28T07:04:52.587+0000] {processor.py:830} INFO - Processing file /opt/airflow/dags/shopee_dag.py for tasks to queue
[2026-05-28T07:04:52.589+0000] {logging_mixin.py:188} INFO - [2026-05-28T07:04:52.589+0000] {dagbag.py:545} INFO - Filling up the DagBag from /opt/airflow/dags/shopee_dag.py
[2026-05-28T07:04:52.780+0000] {processor.py:840} INFO - DAG(s) 'shopee_pipeline' retrieved from /opt/airflow/dags/shopee_dag.py
[2026-05-28T07:04:52.807+0000] {logging_mixin.py:188} INFO - [2026-05-28T07:04:52.807+0000] {dag.py:3096} INFO - Sync 1 DAGs
[2026-05-28T07:04:52.828+0000] {logging_mixin.py:188} INFO - [2026-05-28T07:04:52.828+0000] {dag.py:3954} INFO - Setting next_dagrun for shopee_pipeline to 2026-05-28 01:00:00+00:00, run_after=2026-05-29 01:00:00+00:00
[2026-05-28T07:04:52.857+0000] {processor.py:183} INFO - Processing /opt/airflow/dags/shopee_dag.py took 0.277 seconds
[2026-05-28T07:05:23.407+0000] {processor.py:161} INFO - Started process (PID=42098) to work on /opt/airflow/dags/shopee_dag.py
[2026-05-28T07:05:23.408+0000] {processor.py:830} INFO - Processing file /opt/airflow/dags/shopee_dag.py for tasks to queue
[2026-05-28T07:05:23.410+0000] {logging_mixin.py:188} INFO - [2026-05-28T07:05:23.410+0000] {dagbag.py:545} INFO - Filling up the DagBag from /opt/airflow/dags/shopee_dag.py
[2026-05-28T07:05:23.622+0000] {processor.py:840} INFO - DAG(s) 'shopee_pipeline' retrieved from /opt/airflow/dags/shopee_dag.py
[2026-05-28T07:05:23.651+0000] {logging_mixin.py:188} INFO - [2026-05-28T07:05:23.650+0000] {dag.py:3096} INFO - Sync 1 DAGs
[2026-05-28T07:05:23.672+0000] {logging_mixin.py:188} INFO - [2026-05-28T07:05:23.672+0000] {dag.py:3954} INFO - Setting next_dagrun for shopee_pipeline to 2026-05-28 01:00:00+00:00, run_after=2026-05-29 01:00:00+00:00
[2026-05-28T07:05:23.697+0000] {processor.py:183} INFO - Processing /opt/airflow/dags/shopee_dag.py took 0.298 seconds
[2026-05-28T07:05:54.116+0000] {processor.py:161} INFO - Started process (PID=42217) to work on /opt/airflow/dags/shopee_dag.py
[2026-05-28T07:05:54.116+0000] {processor.py:830} INFO - Processing file /opt/airflow/dags/shopee_dag.py for tasks to queue
[2026-05-28T07:05:54.118+0000] {logging_mixin.py:188} INFO - [2026-05-28T07:05:54.118+0000] {dagbag.py:545} INFO - Filling up the DagBag from /opt/airflow/dags/shopee_dag.py
[2026-05-28T07:05:54.329+0000] {processor.py:840} INFO - DAG(s) 'shopee_pipeline' retrieved from /opt/airflow/dags/shopee_dag.py
[2026-05-28T07:05:54.363+0000] {logging_mixin.py:188} INFO - [2026-05-28T07:05:54.363+0000] {dag.py:3096} INFO - Sync 1 DAGs
[2026-05-28T07:05:54.385+0000] {logging_mixin.py:188} INFO - [2026-05-28T07:05:54.385+0000] {dag.py:3954} INFO - Setting next_dagrun for shopee_pipeline to 2026-05-28 01:00:00+00:00, run_after=2026-05-29 01:00:00+00:00
[2026-05-28T07:05:54.405+0000] {processor.py:183} INFO - Processing /opt/airflow/dags/shopee_dag.py took 0.297 seconds
[2026-05-28T07:06:24.781+0000] {processor.py:161} INFO - Started process (PID=42331) to work on /opt/airflow/dags/shopee_dag.py
[2026-05-28T07:06:24.782+0000] {processor.py:830} INFO - Processing file /opt/airflow/dags/shopee_dag.py for tasks to queue
[2026-05-28T07:06:24.784+0000] {logging_mixin.py:188} INFO - [2026-05-28T07:06:24.784+0000] {dagbag.py:545} INFO - Filling up the DagBag from /opt/airflow/dags/shopee_dag.py
[2026-05-28T07:06:25.001+0000] {processor.py:840} INFO - DAG(s) 'shopee_pipeline' retrieved from /opt/airflow/dags/shopee_dag.py
[2026-05-28T07:06:25.030+0000] {logging_mixin.py:188} INFO - [2026-05-28T07:06:25.029+0000] {dag.py:3096} INFO - Sync 1 DAGs
[2026-05-28T07:06:25.057+0000] {logging_mixin.py:188} INFO - [2026-05-28T07:06:25.057+0000] {dag.py:3954} INFO - Setting next_dagrun for shopee_pipeline to 2026-05-28 01:00:00+00:00, run_after=2026-05-29 01:00:00+00:00
[2026-05-28T07:06:25.078+0000] {processor.py:183} INFO - Processing /opt/airflow/dags/shopee_dag.py took 0.304 seconds
[2026-05-28T07:06:55.410+0000] {processor.py:161} INFO - Started process (PID=42345) to work on /opt/airflow/dags/shopee_dag.py
[2026-05-28T07:06:55.411+0000] {processor.py:830} INFO - Processing file /opt/airflow/dags/shopee_dag.py for tasks to queue
[2026-05-28T07:06:55.414+0000] {logging_mixin.py:188} INFO - [2026-05-28T07:06:55.414+0000] {dagbag.py:545} INFO - Filling up the DagBag from /opt/airflow/dags/shopee_dag.py
[2026-05-28T07:06:55.634+0000] {processor.py:840} INFO - DAG(s) 'shopee_pipeline' retrieved from /opt/airflow/dags/shopee_dag.py
[2026-05-28T07:06:55.661+0000] {logging_mixin.py:188} INFO - [2026-05-28T07:06:55.661+0000] {dag.py:3096} INFO - Sync 1 DAGs
[2026-05-28T07:06:55.682+0000] {logging_mixin.py:188} INFO - [2026-05-28T07:06:55.681+0000] {dag.py:3954} INFO - Setting next_dagrun for shopee_pipeline to 2026-05-28 01:00:00+00:00, run_after=2026-05-29 01:00:00+00:00
[2026-05-28T07:06:55.704+0000] {processor.py:183} INFO - Processing /opt/airflow/dags/shopee_dag.py took 0.302 seconds
[2026-05-28T07:07:26.100+0000] {processor.py:161} INFO - Started process (PID=42470) to work on /opt/airflow/dags/shopee_dag.py
[2026-05-28T07:07:26.101+0000] {processor.py:830} INFO - Processing file /opt/airflow/dags/shopee_dag.py for tasks to queue
[2026-05-28T07:07:26.103+0000] {logging_mixin.py:188} INFO - [2026-05-28T07:07:26.103+0000] {dagbag.py:545} INFO - Filling up the DagBag from /opt/airflow/dags/shopee_dag.py
[2026-05-28T07:07:26.330+0000] {processor.py:840} INFO - DAG(s) 'shopee_pipeline' retrieved from /opt/airflow/dags/shopee_dag.py
[2026-05-28T07:07:26.358+0000] {logging_mixin.py:188} INFO - [2026-05-28T07:07:26.357+0000] {dag.py:3096} INFO - Sync 1 DAGs
[2026-05-28T07:07:26.378+0000] {logging_mixin.py:188} INFO - [2026-05-28T07:07:26.378+0000] {dag.py:3954} INFO - Setting next_dagrun for shopee_pipeline to 2026-05-28 01:00:00+00:00, run_after=2026-05-29 01:00:00+00:00
[2026-05-28T07:07:26.400+0000] {processor.py:183} INFO - Processing /opt/airflow/dags/shopee_dag.py took 0.307 seconds
[2026-05-28T07:07:56.690+0000] {processor.py:161} INFO - Started process (PID=42589) to work on /opt/airflow/dags/shopee_dag.py
[2026-05-28T07:07:56.692+0000] {processor.py:830} INFO - Processing file /opt/airflow/dags/shopee_dag.py for tasks to queue
[2026-05-28T07:07:56.695+0000] {logging_mixin.py:188} INFO - [2026-05-28T07:07:56.694+0000] {dagbag.py:545} INFO - Filling up the DagBag from /opt/airflow/dags/shopee_dag.py
[2026-05-28T07:07:57.017+0000] {processor.py:840} INFO - DAG(s) 'shopee_pipeline' retrieved from /opt/airflow/dags/shopee_dag.py
[2026-05-28T07:07:57.058+0000] {logging_mixin.py:188} INFO - [2026-05-28T07:07:57.058+0000] {dag.py:3096} INFO - Sync 1 DAGs
[2026-05-28T07:07:57.086+0000] {logging_mixin.py:188} INFO - [2026-05-28T07:07:57.086+0000] {dag.py:3954} INFO - Setting next_dagrun for shopee_pipeline to 2026-05-28 01:00:00+00:00, run_after=2026-05-29 01:00:00+00:00
[2026-05-28T07:07:57.115+0000] {processor.py:183} INFO - Processing /opt/airflow/dags/shopee_dag.py took 0.444 seconds
[2026-05-28T07:08:27.586+0000] {processor.py:161} INFO - Started process (PID=42708) to work on /opt/airflow/dags/shopee_dag.py
[2026-05-28T07:08:27.588+0000] {processor.py:830} INFO - Processing file /opt/airflow/dags/shopee_dag.py for tasks to queue
[2026-05-28T07:08:27.590+0000] {logging_mixin.py:188} INFO - [2026-05-28T07:08:27.589+0000] {dagbag.py:545} INFO - Filling up the DagBag from /opt/airflow/dags/shopee_dag.py
[2026-05-28T07:08:27.793+0000] {processor.py:840} INFO - DAG(s) 'shopee_pipeline' retrieved from /opt/airflow/dags/shopee_dag.py
[2026-05-28T07:08:27.821+0000] {logging_mixin.py:188} INFO - [2026-05-28T07:08:27.821+0000] {dag.py:3096} INFO - Sync 1 DAGs
[2026-05-28T07:08:27.842+0000] {logging_mixin.py:188} INFO - [2026-05-28T07:08:27.842+0000] {dag.py:3954} INFO - Setting next_dagrun for shopee_pipeline to 2026-05-28 01:00:00+00:00, run_after=2026-05-29 01:00:00+00:00
[2026-05-28T07:08:27.873+0000] {processor.py:183} INFO - Processing /opt/airflow/dags/shopee_dag.py took 0.295 seconds
[2026-05-28T07:08:57.923+0000] {processor.py:161} INFO - Started process (PID=42795) to work on /opt/airflow/dags/shopee_dag.py
[2026-05-28T07:08:57.923+0000] {processor.py:830} INFO - Processing file /opt/airflow/dags/shopee_dag.py for tasks to queue
[2026-05-28T07:08:57.925+0000] {logging_mixin.py:188} INFO - [2026-05-28T07:08:57.925+0000] {dagbag.py:545} INFO - Filling up the DagBag from /opt/airflow/dags/shopee_dag.py
[2026-05-28T07:08:58.038+0000] {processor.py:840} INFO - DAG(s) 'shopee_pipeline' retrieved from /opt/airflow/dags/shopee_dag.py
[2026-05-28T07:08:58.078+0000] {logging_mixin.py:188} INFO - [2026-05-28T07:08:58.078+0000] {dag.py:3096} INFO - Sync 1 DAGs
[2026-05-28T07:08:58.105+0000] {logging_mixin.py:188} INFO - [2026-05-28T07:08:58.105+0000] {dag.py:3954} INFO - Setting next_dagrun for shopee_pipeline to 2026-05-28 01:00:00+00:00, run_after=2026-05-29 01:00:00+00:00
[2026-05-28T07:08:58.146+0000] {processor.py:183} INFO - Processing /opt/airflow/dags/shopee_dag.py took 0.229 seconds
[2026-05-28T07:09:28.526+0000] {processor.py:161} INFO - Started process (PID=42838) to work on /opt/airflow/dags/shopee_dag.py
[2026-05-28T07:09:28.527+0000] {processor.py:830} INFO - Processing file /opt/airflow/dags/shopee_dag.py for tasks to queue
[2026-05-28T07:09:28.529+0000] {logging_mixin.py:188} INFO - [2026-05-28T07:09:28.529+0000] {dagbag.py:545} INFO - Filling up the DagBag from /opt/airflow/dags/shopee_dag.py
[2026-05-28T07:09:28.667+0000] {processor.py:840} INFO - DAG(s) 'shopee_pipeline' retrieved from /opt/airflow/dags/shopee_dag.py
[2026-05-28T07:09:28.711+0000] {logging_mixin.py:188} INFO - [2026-05-28T07:09:28.711+0000] {dag.py:3096} INFO - Sync 1 DAGs
[2026-05-28T07:09:28.749+0000] {logging_mixin.py:188} INFO - [2026-05-28T07:09:28.749+0000] {dag.py:3954} INFO - Setting next_dagrun for shopee_pipeline to 2026-05-28 01:00:00+00:00, run_after=2026-05-29 01:00:00+00:00
[2026-05-28T07:09:28.780+0000] {processor.py:183} INFO - Processing /opt/airflow/dags/shopee_dag.py took 0.264 seconds
[2026-05-28T07:09:59.067+0000] {processor.py:161} INFO - Started process (PID=42955) to work on /opt/airflow/dags/shopee_dag.py
[2026-05-28T07:09:59.068+0000] {processor.py:830} INFO - Processing file /opt/airflow/dags/shopee_dag.py for tasks to queue
[2026-05-28T07:09:59.070+0000] {logging_mixin.py:188} INFO - [2026-05-28T07:09:59.070+0000] {dagbag.py:545} INFO - Filling up the DagBag from /opt/airflow/dags/shopee_dag.py
[2026-05-28T07:09:59.179+0000] {processor.py:840} INFO - DAG(s) 'shopee_pipeline' retrieved from /opt/airflow/dags/shopee_dag.py
[2026-05-28T07:09:59.213+0000] {logging_mixin.py:188} INFO - [2026-05-28T07:09:59.212+0000] {dag.py:3096} INFO - Sync 1 DAGs
[2026-05-28T07:09:59.242+0000] {logging_mixin.py:188} INFO - [2026-05-28T07:09:59.242+0000] {dag.py:3954} INFO - Setting next_dagrun for shopee_pipeline to 2026-05-28 01:00:00+00:00, run_after=2026-05-29 01:00:00+00:00
[2026-05-28T07:09:59.265+0000] {processor.py:183} INFO - Processing /opt/airflow/dags/shopee_dag.py took 0.206 seconds
[2026-05-28T07:10:29.503+0000] {processor.py:161} INFO - Started process (PID=43075) to work on /opt/airflow/dags/shopee_dag.py
[2026-05-28T07:10:29.504+0000] {processor.py:830} INFO - Processing file /opt/airflow/dags/shopee_dag.py for tasks to queue
[2026-05-28T07:10:29.507+0000] {logging_mixin.py:188} INFO - [2026-05-28T07:10:29.506+0000] {dagbag.py:545} INFO - Filling up the DagBag from /opt/airflow/dags/shopee_dag.py
[2026-05-28T07:10:29.618+0000] {processor.py:840} INFO - DAG(s) 'shopee_pipeline' retrieved from /opt/airflow/dags/shopee_dag.py
[2026-05-28T07:10:29.654+0000] {logging_mixin.py:188} INFO - [2026-05-28T07:10:29.654+0000] {dag.py:3096} INFO - Sync 1 DAGs
[2026-05-28T07:10:29.682+0000] {logging_mixin.py:188} INFO - [2026-05-28T07:10:29.681+0000] {dag.py:3954} INFO - Setting next_dagrun for shopee_pipeline to 2026-05-28 01:00:00+00:00, run_after=2026-05-29 01:00:00+00:00
[2026-05-28T07:10:29.706+0000] {processor.py:183} INFO - Processing /opt/airflow/dags/shopee_dag.py took 0.209 seconds
[2026-05-28T07:11:00.092+0000] {processor.py:161} INFO - Started process (PID=43163) to work on /opt/airflow/dags/shopee_dag.py
[2026-05-28T07:11:00.093+0000] {processor.py:830} INFO - Processing file /opt/airflow/dags/shopee_dag.py for tasks to queue
[2026-05-28T07:11:00.096+0000] {logging_mixin.py:188} INFO - [2026-05-28T07:11:00.095+0000] {dagbag.py:545} INFO - Filling up the DagBag from /opt/airflow/dags/shopee_dag.py
[2026-05-28T07:11:00.231+0000] {processor.py:840} INFO - DAG(s) 'shopee_pipeline' retrieved from /opt/airflow/dags/shopee_dag.py
[2026-05-28T07:11:00.267+0000] {logging_mixin.py:188} INFO - [2026-05-28T07:11:00.267+0000] {dag.py:3096} INFO - Sync 1 DAGs
[2026-05-28T07:11:00.301+0000] {logging_mixin.py:188} INFO - [2026-05-28T07:11:00.300+0000] {dag.py:3954} INFO - Setting next_dagrun for shopee_pipeline to 2026-05-28 01:00:00+00:00, run_after=2026-05-29 01:00:00+00:00
[2026-05-28T07:11:00.339+0000] {processor.py:183} INFO - Processing /opt/airflow/dags/shopee_dag.py took 0.259 seconds
[2026-05-28T07:11:30.586+0000] {processor.py:161} INFO - Started process (PID=43188) to work on /opt/airflow/dags/shopee_dag.py
[2026-05-28T07:11:30.587+0000] {processor.py:830} INFO - Processing file /opt/airflow/dags/shopee_dag.py for tasks to queue
[2026-05-28T07:11:30.589+0000] {logging_mixin.py:188} INFO - [2026-05-28T07:11:30.589+0000] {dagbag.py:545} INFO - Filling up the DagBag from /opt/airflow/dags/shopee_dag.py
[2026-05-28T07:11:30.690+0000] {processor.py:840} INFO - DAG(s) 'shopee_pipeline' retrieved from /opt/airflow/dags/shopee_dag.py
[2026-05-28T07:11:30.724+0000] {logging_mixin.py:188} INFO - [2026-05-28T07:11:30.724+0000] {dag.py:3096} INFO - Sync 1 DAGs
[2026-05-28T07:11:30.747+0000] {logging_mixin.py:188} INFO - [2026-05-28T07:11:30.747+0000] {dag.py:3954} INFO - Setting next_dagrun for shopee_pipeline to 2026-05-28 01:00:00+00:00, run_after=2026-05-29 01:00:00+00:00
[2026-05-28T07:11:30.778+0000] {processor.py:183} INFO - Processing /opt/airflow/dags/shopee_dag.py took 0.198 seconds
[2026-05-28T07:12:00.875+0000] {processor.py:161} INFO - Started process (PID=43306) to work on /opt/airflow/dags/shopee_dag.py
[2026-05-28T07:12:00.876+0000] {processor.py:830} INFO - Processing file /opt/airflow/dags/shopee_dag.py for tasks to queue
[2026-05-28T07:12:00.877+0000] {logging_mixin.py:188} INFO - [2026-05-28T07:12:00.877+0000] {dagbag.py:545} INFO - Filling up the DagBag from /opt/airflow/dags/shopee_dag.py
[2026-05-28T07:12:00.989+0000] {processor.py:840} INFO - DAG(s) 'shopee_pipeline' retrieved from /opt/airflow/dags/shopee_dag.py
[2026-05-28T07:12:01.028+0000] {logging_mixin.py:188} INFO - [2026-05-28T07:12:01.028+0000] {dag.py:3096} INFO - Sync 1 DAGs
[2026-05-28T07:12:01.058+0000] {logging_mixin.py:188} INFO - [2026-05-28T07:12:01.057+0000] {dag.py:3954} INFO - Setting next_dagrun for shopee_pipeline to 2026-05-28 01:00:00+00:00, run_after=2026-05-29 01:00:00+00:00
[2026-05-28T07:12:01.092+0000] {processor.py:183} INFO - Processing /opt/airflow/dags/shopee_dag.py took 0.224 seconds
[2026-05-28T07:12:31.673+0000] {processor.py:161} INFO - Started process (PID=43438) to work on /opt/airflow/dags/shopee_dag.py
[2026-05-28T07:12:31.674+0000] {processor.py:830} INFO - Processing file /opt/airflow/dags/shopee_dag.py for tasks to queue
[2026-05-28T07:12:31.676+0000] {logging_mixin.py:188} INFO - [2026-05-28T07:12:31.676+0000] {dagbag.py:545} INFO - Filling up the DagBag from /opt/airflow/dags/shopee_dag.py
[2026-05-28T07:12:31.789+0000] {processor.py:840} INFO - DAG(s) 'shopee_pipeline' retrieved from /opt/airflow/dags/shopee_dag.py
[2026-05-28T07:12:31.825+0000] {logging_mixin.py:188} INFO - [2026-05-28T07:12:31.825+0000] {dag.py:3096} INFO - Sync 1 DAGs
[2026-05-28T07:12:31.854+0000] {logging_mixin.py:188} INFO - [2026-05-28T07:12:31.854+0000] {dag.py:3954} INFO - Setting next_dagrun for shopee_pipeline to 2026-05-28 01:00:00+00:00, run_after=2026-05-29 01:00:00+00:00
[2026-05-28T07:12:31.876+0000] {processor.py:183} INFO - Processing /opt/airflow/dags/shopee_dag.py took 0.210 seconds
[2026-05-28T07:13:02.017+0000] {processor.py:161} INFO - Started process (PID=43525) to work on /opt/airflow/dags/shopee_dag.py
[2026-05-28T07:13:02.019+0000] {processor.py:830} INFO - Processing file /opt/airflow/dags/shopee_dag.py for tasks to queue
[2026-05-28T07:13:02.021+0000] {logging_mixin.py:188} INFO - [2026-05-28T07:13:02.021+0000] {dagbag.py:545} INFO - Filling up the DagBag from /opt/airflow/dags/shopee_dag.py
[2026-05-28T07:13:02.143+0000] {processor.py:840} INFO - DAG(s) 'shopee_pipeline' retrieved from /opt/airflow/dags/shopee_dag.py
[2026-05-28T07:13:02.178+0000] {logging_mixin.py:188} INFO - [2026-05-28T07:13:02.177+0000] {dag.py:3096} INFO - Sync 1 DAGs
[2026-05-28T07:13:02.208+0000] {logging_mixin.py:188} INFO - [2026-05-28T07:13:02.207+0000] {dag.py:3954} INFO - Setting next_dagrun for shopee_pipeline to 2026-05-28 01:00:00+00:00, run_after=2026-05-29 01:00:00+00:00
[2026-05-28T07:13:02.235+0000] {processor.py:183} INFO - Processing /opt/airflow/dags/shopee_dag.py took 0.227 seconds
[2026-05-28T07:13:32.608+0000] {processor.py:161} INFO - Started process (PID=43566) to work on /opt/airflow/dags/shopee_dag.py
[2026-05-28T07:13:32.609+0000] {processor.py:830} INFO - Processing file /opt/airflow/dags/shopee_dag.py for tasks to queue
[2026-05-28T07:13:32.613+0000] {logging_mixin.py:188} INFO - [2026-05-28T07:13:32.612+0000] {dagbag.py:545} INFO - Filling up the DagBag from /opt/airflow/dags/shopee_dag.py
[2026-05-28T07:13:32.783+0000] {processor.py:840} INFO - DAG(s) 'shopee_pipeline' retrieved from /opt/airflow/dags/shopee_dag.py
[2026-05-28T07:13:32.831+0000] {logging_mixin.py:188} INFO - [2026-05-28T07:13:32.830+0000] {dag.py:3096} INFO - Sync 1 DAGs
[2026-05-28T07:13:32.867+0000] {logging_mixin.py:188} INFO - [2026-05-28T07:13:32.867+0000] {dag.py:3954} INFO - Setting next_dagrun for shopee_pipeline to 2026-05-28 01:00:00+00:00, run_after=2026-05-29 01:00:00+00:00
[2026-05-28T07:13:32.899+0000] {processor.py:183} INFO - Processing /opt/airflow/dags/shopee_dag.py took 0.300 seconds
[2026-05-28T07:14:03.098+0000] {processor.py:161} INFO - Started process (PID=43695) to work on /opt/airflow/dags/shopee_dag.py
[2026-05-28T07:14:03.100+0000] {processor.py:830} INFO - Processing file /opt/airflow/dags/shopee_dag.py for tasks to queue
[2026-05-28T07:14:03.103+0000] {logging_mixin.py:188} INFO - [2026-05-28T07:14:03.102+0000] {dagbag.py:545} INFO - Filling up the DagBag from /opt/airflow/dags/shopee_dag.py
[2026-05-28T07:14:03.237+0000] {processor.py:840} INFO - DAG(s) 'shopee_pipeline' retrieved from /opt/airflow/dags/shopee_dag.py
[2026-05-28T07:14:03.274+0000] {logging_mixin.py:188} INFO - [2026-05-28T07:14:03.274+0000] {dag.py:3096} INFO - Sync 1 DAGs
[2026-05-28T07:14:03.301+0000] {logging_mixin.py:188} INFO - [2026-05-28T07:14:03.300+0000] {dag.py:3954} INFO - Setting next_dagrun for shopee_pipeline to 2026-05-28 01:00:00+00:00, run_after=2026-05-29 01:00:00+00:00
[2026-05-28T07:14:03.327+0000] {processor.py:183} INFO - Processing /opt/airflow/dags/shopee_dag.py took 0.237 seconds
[2026-05-28T07:14:33.603+0000] {processor.py:161} INFO - Started process (PID=43708) to work on /opt/airflow/dags/shopee_dag.py
[2026-05-28T07:14:33.604+0000] {processor.py:830} INFO - Processing file /opt/airflow/dags/shopee_dag.py for tasks to queue
[2026-05-28T07:14:33.606+0000] {logging_mixin.py:188} INFO - [2026-05-28T07:14:33.606+0000] {dagbag.py:545} INFO - Filling up the DagBag from /opt/airflow/dags/shopee_dag.py
[2026-05-28T07:14:33.708+0000] {processor.py:840} INFO - DAG(s) 'shopee_pipeline' retrieved from /opt/airflow/dags/shopee_dag.py
[2026-05-28T07:14:33.745+0000] {logging_mixin.py:188} INFO - [2026-05-28T07:14:33.745+0000] {dag.py:3096} INFO - Sync 1 DAGs
[2026-05-28T07:14:33.771+0000] {logging_mixin.py:188} INFO - [2026-05-28T07:14:33.771+0000] {dag.py:3954} INFO - Setting next_dagrun for shopee_pipeline to 2026-05-28 01:00:00+00:00, run_after=2026-05-29 01:00:00+00:00
[2026-05-28T07:14:33.795+0000] {processor.py:183} INFO - Processing /opt/airflow/dags/shopee_dag.py took 0.199 seconds
[2026-05-28T07:15:03.896+0000] {processor.py:161} INFO - Started process (PID=43825) to work on /opt/airflow/dags/shopee_dag.py
[2026-05-28T07:15:03.897+0000] {processor.py:830} INFO - Processing file /opt/airflow/dags/shopee_dag.py for tasks to queue
[2026-05-28T07:15:03.900+0000] {logging_mixin.py:188} INFO - [2026-05-28T07:15:03.900+0000] {dagbag.py:545} INFO - Filling up the DagBag from /opt/airflow/dags/shopee_dag.py
[2026-05-28T07:15:04.072+0000] {processor.py:840} INFO - DAG(s) 'shopee_pipeline' retrieved from /opt/airflow/dags/shopee_dag.py
[2026-05-28T07:15:04.123+0000] {logging_mixin.py:188} INFO - [2026-05-28T07:15:04.123+0000] {dag.py:3096} INFO - Sync 1 DAGs
[2026-05-28T07:15:04.181+0000] {logging_mixin.py:188} INFO - [2026-05-28T07:15:04.180+0000] {dag.py:3954} INFO - Setting next_dagrun for shopee_pipeline to 2026-05-28 01:00:00+00:00, run_after=2026-05-29 01:00:00+00:00
[2026-05-28T07:15:04.237+0000] {processor.py:183} INFO - Processing /opt/airflow/dags/shopee_dag.py took 0.353 seconds
[2026-05-28T07:15:34.767+0000] {processor.py:161} INFO - Started process (PID=43839) to work on /opt/airflow/dags/shopee_dag.py
[2026-05-28T07:15:34.768+0000] {processor.py:830} INFO - Processing file /opt/airflow/dags/shopee_dag.py for tasks to queue
[2026-05-28T07:15:34.770+0000] {logging_mixin.py:188} INFO - [2026-05-28T07:15:34.770+0000] {dagbag.py:545} INFO - Filling up the DagBag from /opt/airflow/dags/shopee_dag.py
[2026-05-28T07:15:34.881+0000] {processor.py:840} INFO - DAG(s) 'shopee_pipeline' retrieved from /opt/airflow/dags/shopee_dag.py
[2026-05-28T07:15:34.916+0000] {logging_mixin.py:188} INFO - [2026-05-28T07:15:34.916+0000] {dag.py:3096} INFO - Sync 1 DAGs
[2026-05-28T07:15:34.945+0000] {logging_mixin.py:188} INFO - [2026-05-28T07:15:34.945+0000] {dag.py:3954} INFO - Setting next_dagrun for shopee_pipeline to 2026-05-28 01:00:00+00:00, run_after=2026-05-29 01:00:00+00:00
[2026-05-28T07:15:34.979+0000] {processor.py:183} INFO - Processing /opt/airflow/dags/shopee_dag.py took 0.219 seconds
[2026-05-28T07:16:05.059+0000] {processor.py:161} INFO - Started process (PID=43958) to work on /opt/airflow/dags/shopee_dag.py
[2026-05-28T07:16:05.060+0000] {processor.py:830} INFO - Processing file /opt/airflow/dags/shopee_dag.py for tasks to queue
[2026-05-28T07:16:05.063+0000] {logging_mixin.py:188} INFO - [2026-05-28T07:16:05.062+0000] {dagbag.py:545} INFO - Filling up the DagBag from /opt/airflow/dags/shopee_dag.py
[2026-05-28T07:16:05.280+0000] {processor.py:840} INFO - DAG(s) 'shopee_pipeline' retrieved from /opt/airflow/dags/shopee_dag.py
[2026-05-28T07:16:05.351+0000] {logging_mixin.py:188} INFO - [2026-05-28T07:16:05.350+0000] {dag.py:3096} INFO - Sync 1 DAGs
[2026-05-28T07:16:05.399+0000] {logging_mixin.py:188} INFO - [2026-05-28T07:16:05.399+0000] {dag.py:3954} INFO - Setting next_dagrun for shopee_pipeline to 2026-05-28 01:00:00+00:00, run_after=2026-05-29 01:00:00+00:00
[2026-05-28T07:16:05.433+0000] {processor.py:183} INFO - Processing /opt/airflow/dags/shopee_dag.py took 0.385 seconds
[2026-05-28T07:16:35.488+0000] {processor.py:161} INFO - Started process (PID=43972) to work on /opt/airflow/dags/shopee_dag.py
[2026-05-28T07:16:35.489+0000] {processor.py:830} INFO - Processing file /opt/airflow/dags/shopee_dag.py for tasks to queue
[2026-05-28T07:16:35.490+0000] {logging_mixin.py:188} INFO - [2026-05-28T07:16:35.490+0000] {dagbag.py:545} INFO - Filling up the DagBag from /opt/airflow/dags/shopee_dag.py
[2026-05-28T07:16:35.591+0000] {processor.py:840} INFO - DAG(s) 'shopee_pipeline' retrieved from /opt/airflow/dags/shopee_dag.py
[2026-05-28T07:16:35.625+0000] {logging_mixin.py:188} INFO - [2026-05-28T07:16:35.625+0000] {dag.py:3096} INFO - Sync 1 DAGs
[2026-05-28T07:16:35.648+0000] {logging_mixin.py:188} INFO - [2026-05-28T07:16:35.648+0000] {dag.py:3954} INFO - Setting next_dagrun for shopee_pipeline to 2026-05-28 01:00:00+00:00, run_after=2026-05-29 01:00:00+00:00
[2026-05-28T07:16:35.680+0000] {processor.py:183} INFO - Processing /opt/airflow/dags/shopee_dag.py took 0.199 seconds
[2026-05-28T07:17:06.057+0000] {processor.py:161} INFO - Started process (PID=44091) to work on /opt/airflow/dags/shopee_dag.py
[2026-05-28T07:17:06.058+0000] {processor.py:830} INFO - Processing file /opt/airflow/dags/shopee_dag.py for tasks to queue
[2026-05-28T07:17:06.060+0000] {logging_mixin.py:188} INFO - [2026-05-28T07:17:06.059+0000] {dagbag.py:545} INFO - Filling up the DagBag from /opt/airflow/dags/shopee_dag.py
[2026-05-28T07:17:06.167+0000] {processor.py:840} INFO - DAG(s) 'shopee_pipeline' retrieved from /opt/airflow/dags/shopee_dag.py
[2026-05-28T07:17:06.199+0000] {logging_mixin.py:188} INFO - [2026-05-28T07:17:06.199+0000] {dag.py:3096} INFO - Sync 1 DAGs
[2026-05-28T07:17:06.224+0000] {logging_mixin.py:188} INFO - [2026-05-28T07:17:06.223+0000] {dag.py:3954} INFO - Setting next_dagrun for shopee_pipeline to 2026-05-28 01:00:00+00:00, run_after=2026-05-29 01:00:00+00:00
[2026-05-28T07:17:06.255+0000] {processor.py:183} INFO - Processing /opt/airflow/dags/shopee_dag.py took 0.204 seconds
[2026-05-28T07:17:36.615+0000] {processor.py:161} INFO - Started process (PID=44211) to work on /opt/airflow/dags/shopee_dag.py
[2026-05-28T07:17:36.616+0000] {processor.py:830} INFO - Processing file /opt/airflow/dags/shopee_dag.py for tasks to queue
[2026-05-28T07:17:36.618+0000] {logging_mixin.py:188} INFO - [2026-05-28T07:17:36.618+0000] {dagbag.py:545} INFO - Filling up the DagBag from /opt/airflow/dags/shopee_dag.py
[2026-05-28T07:17:36.716+0000] {processor.py:840} INFO - DAG(s) 'shopee_pipeline' retrieved from /opt/airflow/dags/shopee_dag.py
[2026-05-28T07:17:36.747+0000] {logging_mixin.py:188} INFO - [2026-05-28T07:17:36.747+0000] {dag.py:3096} INFO - Sync 1 DAGs
[2026-05-28T07:17:36.771+0000] {logging_mixin.py:188} INFO - [2026-05-28T07:17:36.771+0000] {dag.py:3954} INFO - Setting next_dagrun for shopee_pipeline to 2026-05-28 01:00:00+00:00, run_after=2026-05-29 01:00:00+00:00
[2026-05-28T07:17:36.797+0000] {processor.py:183} INFO - Processing /opt/airflow/dags/shopee_dag.py took 0.187 seconds
[2026-05-28T07:18:07.210+0000] {processor.py:161} INFO - Started process (PID=44308) to work on /opt/airflow/dags/shopee_dag.py
[2026-05-28T07:18:07.211+0000] {processor.py:830} INFO - Processing file /opt/airflow/dags/shopee_dag.py for tasks to queue
[2026-05-28T07:18:07.214+0000] {logging_mixin.py:188} INFO - [2026-05-28T07:18:07.214+0000] {dagbag.py:545} INFO - Filling up the DagBag from /opt/airflow/dags/shopee_dag.py
[2026-05-28T07:18:07.342+0000] {processor.py:840} INFO - DAG(s) 'shopee_pipeline' retrieved from /opt/airflow/dags/shopee_dag.py
[2026-05-28T07:18:07.377+0000] {logging_mixin.py:188} INFO - [2026-05-28T07:18:07.377+0000] {dag.py:3096} INFO - Sync 1 DAGs
[2026-05-28T07:18:07.403+0000] {logging_mixin.py:188} INFO - [2026-05-28T07:18:07.403+0000] {dag.py:3954} INFO - Setting next_dagrun for shopee_pipeline to 2026-05-28 01:00:00+00:00, run_after=2026-05-29 01:00:00+00:00
[2026-05-28T07:18:07.436+0000] {processor.py:183} INFO - Processing /opt/airflow/dags/shopee_dag.py took 0.234 seconds
[2026-05-28T07:18:37.740+0000] {processor.py:161} INFO - Started process (PID=44347) to work on /opt/airflow/dags/shopee_dag.py
[2026-05-28T07:18:37.742+0000] {processor.py:830} INFO - Processing file /opt/airflow/dags/shopee_dag.py for tasks to queue
[2026-05-28T07:18:37.747+0000] {logging_mixin.py:188} INFO - [2026-05-28T07:18:37.746+0000] {dagbag.py:545} INFO - Filling up the DagBag from /opt/airflow/dags/shopee_dag.py
[2026-05-28T07:18:37.879+0000] {processor.py:840} INFO - DAG(s) 'shopee_pipeline' retrieved from /opt/airflow/dags/shopee_dag.py
[2026-05-28T07:18:37.920+0000] {logging_mixin.py:188} INFO - [2026-05-28T07:18:37.920+0000] {dag.py:3096} INFO - Sync 1 DAGs
[2026-05-28T07:18:37.950+0000] {logging_mixin.py:188} INFO - [2026-05-28T07:18:37.950+0000] {dag.py:3954} INFO - Setting next_dagrun for shopee_pipeline to 2026-05-28 01:00:00+00:00, run_after=2026-05-29 01:00:00+00:00
[2026-05-28T07:18:37.984+0000] {processor.py:183} INFO - Processing /opt/airflow/dags/shopee_dag.py took 0.257 seconds
[2026-05-28T07:19:08.095+0000] {processor.py:161} INFO - Started process (PID=44433) to work on /opt/airflow/dags/shopee_dag.py
[2026-05-28T07:19:08.096+0000] {processor.py:830} INFO - Processing file /opt/airflow/dags/shopee_dag.py for tasks to queue
[2026-05-28T07:19:08.098+0000] {logging_mixin.py:188} INFO - [2026-05-28T07:19:08.097+0000] {dagbag.py:545} INFO - Filling up the DagBag from /opt/airflow/dags/shopee_dag.py
[2026-05-28T07:19:08.214+0000] {processor.py:840} INFO - DAG(s) 'shopee_pipeline' retrieved from /opt/airflow/dags/shopee_dag.py
[2026-05-28T07:19:08.253+0000] {logging_mixin.py:188} INFO - [2026-05-28T07:19:08.253+0000] {dag.py:3096} INFO - Sync 1 DAGs
[2026-05-28T07:19:08.280+0000] {logging_mixin.py:188} INFO - [2026-05-28T07:19:08.279+0000] {dag.py:3954} INFO - Setting next_dagrun for shopee_pipeline to 2026-05-28 01:00:00+00:00, run_after=2026-05-29 01:00:00+00:00
[2026-05-28T07:19:08.302+0000] {processor.py:183} INFO - Processing /opt/airflow/dags/shopee_dag.py took 0.214 seconds
[2026-05-28T07:19:38.828+0000] {processor.py:161} INFO - Started process (PID=44494) to work on /opt/airflow/dags/shopee_dag.py
[2026-05-28T07:19:38.830+0000] {processor.py:830} INFO - Processing file /opt/airflow/dags/shopee_dag.py for tasks to queue
[2026-05-28T07:19:38.832+0000] {logging_mixin.py:188} INFO - [2026-05-28T07:19:38.832+0000] {dagbag.py:545} INFO - Filling up the DagBag from /opt/airflow/dags/shopee_dag.py
[2026-05-28T07:19:38.947+0000] {processor.py:840} INFO - DAG(s) 'shopee_pipeline' retrieved from /opt/airflow/dags/shopee_dag.py
[2026-05-28T07:19:38.983+0000] {logging_mixin.py:188} INFO - [2026-05-28T07:19:38.983+0000] {dag.py:3096} INFO - Sync 1 DAGs
[2026-05-28T07:19:39.010+0000] {logging_mixin.py:188} INFO - [2026-05-28T07:19:39.010+0000] {dag.py:3954} INFO - Setting next_dagrun for shopee_pipeline to 2026-05-28 01:00:00+00:00, run_after=2026-05-29 01:00:00+00:00
[2026-05-28T07:19:39.032+0000] {processor.py:183} INFO - Processing /opt/airflow/dags/shopee_dag.py took 0.209 seconds
[2026-05-28T07:20:09.343+0000] {processor.py:161} INFO - Started process (PID=44614) to work on /opt/airflow/dags/shopee_dag.py
[2026-05-28T07:20:09.344+0000] {processor.py:830} INFO - Processing file /opt/airflow/dags/shopee_dag.py for tasks to queue
[2026-05-28T07:20:09.346+0000] {logging_mixin.py:188} INFO - [2026-05-28T07:20:09.346+0000] {dagbag.py:545} INFO - Filling up the DagBag from /opt/airflow/dags/shopee_dag.py
[2026-05-28T07:20:09.477+0000] {processor.py:840} INFO - DAG(s) 'shopee_pipeline' retrieved from /opt/airflow/dags/shopee_dag.py
[2026-05-28T07:20:09.517+0000] {logging_mixin.py:188} INFO - [2026-05-28T07:20:09.517+0000] {dag.py:3096} INFO - Sync 1 DAGs
[2026-05-28T07:20:09.550+0000] {logging_mixin.py:188} INFO - [2026-05-28T07:20:09.549+0000] {dag.py:3954} INFO - Setting next_dagrun for shopee_pipeline to 2026-05-28 01:00:00+00:00, run_after=2026-05-29 01:00:00+00:00
[2026-05-28T07:20:09.578+0000] {processor.py:183} INFO - Processing /opt/airflow/dags/shopee_dag.py took 0.245 seconds
[2026-05-28T07:20:39.974+0000] {processor.py:161} INFO - Started process (PID=44701) to work on /opt/airflow/dags/shopee_dag.py
[2026-05-28T07:20:39.976+0000] {processor.py:830} INFO - Processing file /opt/airflow/dags/shopee_dag.py for tasks to queue
[2026-05-28T07:20:39.979+0000] {logging_mixin.py:188} INFO - [2026-05-28T07:20:39.979+0000] {dagbag.py:545} INFO - Filling up the DagBag from /opt/airflow/dags/shopee_dag.py
[2026-05-28T07:20:40.128+0000] {processor.py:840} INFO - DAG(s) 'shopee_pipeline' retrieved from /opt/airflow/dags/shopee_dag.py
[2026-05-28T07:20:40.170+0000] {logging_mixin.py:188} INFO - [2026-05-28T07:20:40.170+0000] {dag.py:3096} INFO - Sync 1 DAGs
[2026-05-28T07:20:40.203+0000] {logging_mixin.py:188} INFO - [2026-05-28T07:20:40.202+0000] {dag.py:3954} INFO - Setting next_dagrun for shopee_pipeline to 2026-05-28 01:00:00+00:00, run_after=2026-05-29 01:00:00+00:00
[2026-05-28T07:20:40.229+0000] {processor.py:183} INFO - Processing /opt/airflow/dags/shopee_dag.py took 0.266 seconds
[2026-05-28T07:21:10.624+0000] {processor.py:161} INFO - Started process (PID=44742) to work on /opt/airflow/dags/shopee_dag.py
[2026-05-28T07:21:10.625+0000] {processor.py:830} INFO - Processing file /opt/airflow/dags/shopee_dag.py for tasks to queue
[2026-05-28T07:21:10.626+0000] {logging_mixin.py:188} INFO - [2026-05-28T07:21:10.626+0000] {dagbag.py:545} INFO - Filling up the DagBag from /opt/airflow/dags/shopee_dag.py
[2026-05-28T07:21:10.727+0000] {processor.py:840} INFO - DAG(s) 'shopee_pipeline' retrieved from /opt/airflow/dags/shopee_dag.py
[2026-05-28T07:21:10.757+0000] {logging_mixin.py:188} INFO - [2026-05-28T07:21:10.757+0000] {dag.py:3096} INFO - Sync 1 DAGs
[2026-05-28T07:21:10.787+0000] {logging_mixin.py:188} INFO - [2026-05-28T07:21:10.787+0000] {dag.py:3954} INFO - Setting next_dagrun for shopee_pipeline to 2026-05-28 01:00:00+00:00, run_after=2026-05-29 01:00:00+00:00
[2026-05-28T07:21:10.821+0000] {processor.py:183} INFO - Processing /opt/airflow/dags/shopee_dag.py took 0.203 seconds
[2026-05-28T07:21:41.125+0000] {processor.py:161} INFO - Started process (PID=44862) to work on /opt/airflow/dags/shopee_dag.py
[2026-05-28T07:21:41.126+0000] {processor.py:830} INFO - Processing file /opt/airflow/dags/shopee_dag.py for tasks to queue
[2026-05-28T07:21:41.127+0000] {logging_mixin.py:188} INFO - [2026-05-28T07:21:41.127+0000] {dagbag.py:545} INFO - Filling up the DagBag from /opt/airflow/dags/shopee_dag.py
[2026-05-28T07:21:41.231+0000] {processor.py:840} INFO - DAG(s) 'shopee_pipeline' retrieved from /opt/airflow/dags/shopee_dag.py
[2026-05-28T07:21:41.262+0000] {logging_mixin.py:188} INFO - [2026-05-28T07:21:41.262+0000] {dag.py:3096} INFO - Sync 1 DAGs
[2026-05-28T07:21:41.287+0000] {logging_mixin.py:188} INFO - [2026-05-28T07:21:41.287+0000] {dag.py:3954} INFO - Setting next_dagrun for shopee_pipeline to 2026-05-28 01:00:00+00:00, run_after=2026-05-29 01:00:00+00:00
[2026-05-28T07:21:41.312+0000] {processor.py:183} INFO - Processing /opt/airflow/dags/shopee_dag.py took 0.193 seconds
[2026-05-28T07:22:11.738+0000] {processor.py:161} INFO - Started process (PID=44949) to work on /opt/airflow/dags/shopee_dag.py
[2026-05-28T07:22:11.739+0000] {processor.py:830} INFO - Processing file /opt/airflow/dags/shopee_dag.py for tasks to queue
[2026-05-28T07:22:11.742+0000] {logging_mixin.py:188} INFO - [2026-05-28T07:22:11.742+0000] {dagbag.py:545} INFO - Filling up the DagBag from /opt/airflow/dags/shopee_dag.py
[2026-05-28T07:22:11.882+0000] {processor.py:840} INFO - DAG(s) 'shopee_pipeline' retrieved from /opt/airflow/dags/shopee_dag.py
[2026-05-28T07:22:11.922+0000] {logging_mixin.py:188} INFO - [2026-05-28T07:22:11.922+0000] {dag.py:3096} INFO - Sync 1 DAGs
[2026-05-28T07:22:11.954+0000] {logging_mixin.py:188} INFO - [2026-05-28T07:22:11.953+0000] {dag.py:3954} INFO - Setting next_dagrun for shopee_pipeline to 2026-05-28 01:00:00+00:00, run_after=2026-05-29 01:00:00+00:00
[2026-05-28T07:22:11.989+0000] {processor.py:183} INFO - Processing /opt/airflow/dags/shopee_dag.py took 0.260 seconds
[2026-05-28T07:22:42.208+0000] {processor.py:161} INFO - Started process (PID=44966) to work on /opt/airflow/dags/shopee_dag.py
[2026-05-28T07:22:42.209+0000] {processor.py:830} INFO - Processing file /opt/airflow/dags/shopee_dag.py for tasks to queue
[2026-05-28T07:22:42.211+0000] {logging_mixin.py:188} INFO - [2026-05-28T07:22:42.211+0000] {dagbag.py:545} INFO - Filling up the DagBag from /opt/airflow/dags/shopee_dag.py
[2026-05-28T07:22:42.333+0000] {processor.py:840} INFO - DAG(s) 'shopee_pipeline' retrieved from /opt/airflow/dags/shopee_dag.py
[2026-05-28T07:22:42.373+0000] {logging_mixin.py:188} INFO - [2026-05-28T07:22:42.373+0000] {dag.py:3096} INFO - Sync 1 DAGs
[2026-05-28T07:22:42.403+0000] {logging_mixin.py:188} INFO - [2026-05-28T07:22:42.403+0000] {dag.py:3954} INFO - Setting next_dagrun for shopee_pipeline to 2026-05-28 01:00:00+00:00, run_after=2026-05-29 01:00:00+00:00
[2026-05-28T07:22:42.426+0000] {processor.py:183} INFO - Processing /opt/airflow/dags/shopee_dag.py took 0.226 seconds
[2026-05-28T07:23:12.589+0000] {processor.py:161} INFO - Started process (PID=45053) to work on /opt/airflow/dags/shopee_dag.py
[2026-05-28T07:23:12.590+0000] {processor.py:830} INFO - Processing file /opt/airflow/dags/shopee_dag.py for tasks to queue
[2026-05-28T07:23:12.594+0000] {logging_mixin.py:188} INFO - [2026-05-28T07:23:12.593+0000] {dagbag.py:545} INFO - Filling up the DagBag from /opt/airflow/dags/shopee_dag.py
[2026-05-28T07:23:12.711+0000] {processor.py:840} INFO - DAG(s) 'shopee_pipeline' retrieved from /opt/airflow/dags/shopee_dag.py
[2026-05-28T07:23:12.748+0000] {logging_mixin.py:188} INFO - [2026-05-28T07:23:12.748+0000] {dag.py:3096} INFO - Sync 1 DAGs
[2026-05-28T07:23:12.776+0000] {logging_mixin.py:188} INFO - [2026-05-28T07:23:12.776+0000] {dag.py:3954} INFO - Setting next_dagrun for shopee_pipeline to 2026-05-28 01:00:00+00:00, run_after=2026-05-29 01:00:00+00:00
[2026-05-28T07:23:12.799+0000] {processor.py:183} INFO - Processing /opt/airflow/dags/shopee_dag.py took 0.221 seconds
[2026-05-28T07:23:43.196+0000] {processor.py:161} INFO - Started process (PID=45109) to work on /opt/airflow/dags/shopee_dag.py
[2026-05-28T07:23:43.197+0000] {processor.py:830} INFO - Processing file /opt/airflow/dags/shopee_dag.py for tasks to queue
[2026-05-28T07:23:43.199+0000] {logging_mixin.py:188} INFO - [2026-05-28T07:23:43.198+0000] {dagbag.py:545} INFO - Filling up the DagBag from /opt/airflow/dags/shopee_dag.py
[2026-05-28T07:23:43.305+0000] {processor.py:840} INFO - DAG(s) 'shopee_pipeline' retrieved from /opt/airflow/dags/shopee_dag.py
[2026-05-28T07:23:43.339+0000] {logging_mixin.py:188} INFO - [2026-05-28T07:23:43.339+0000] {dag.py:3096} INFO - Sync 1 DAGs
[2026-05-28T07:23:43.365+0000] {logging_mixin.py:188} INFO - [2026-05-28T07:23:43.365+0000] {dag.py:3954} INFO - Setting next_dagrun for shopee_pipeline to 2026-05-28 01:00:00+00:00, run_after=2026-05-29 01:00:00+00:00
[2026-05-28T07:23:43.399+0000] {processor.py:183} INFO - Processing /opt/airflow/dags/shopee_dag.py took 0.210 seconds
[2026-05-28T07:24:13.749+0000] {processor.py:161} INFO - Started process (PID=45194) to work on /opt/airflow/dags/shopee_dag.py
[2026-05-28T07:24:13.750+0000] {processor.py:830} INFO - Processing file /opt/airflow/dags/shopee_dag.py for tasks to queue
[2026-05-28T07:24:13.753+0000] {logging_mixin.py:188} INFO - [2026-05-28T07:24:13.752+0000] {dagbag.py:545} INFO - Filling up the DagBag from /opt/airflow/dags/shopee_dag.py
[2026-05-28T07:24:13.885+0000] {processor.py:840} INFO - DAG(s) 'shopee_pipeline' retrieved from /opt/airflow/dags/shopee_dag.py
[2026-05-28T07:24:13.922+0000] {logging_mixin.py:188} INFO - [2026-05-28T07:24:13.922+0000] {dag.py:3096} INFO - Sync 1 DAGs
[2026-05-28T07:24:13.954+0000] {logging_mixin.py:188} INFO - [2026-05-28T07:24:13.953+0000] {dag.py:3954} INFO - Setting next_dagrun for shopee_pipeline to 2026-05-28 01:00:00+00:00, run_after=2026-05-29 01:00:00+00:00
[2026-05-28T07:24:13.990+0000] {processor.py:183} INFO - Processing /opt/airflow/dags/shopee_dag.py took 0.250 seconds
[2026-05-28T07:24:44.398+0000] {processor.py:161} INFO - Started process (PID=45209) to work on /opt/airflow/dags/shopee_dag.py
[2026-05-28T07:24:44.400+0000] {processor.py:830} INFO - Processing file /opt/airflow/dags/shopee_dag.py for tasks to queue
[2026-05-28T07:24:44.402+0000] {logging_mixin.py:188} INFO - [2026-05-28T07:24:44.402+0000] {dagbag.py:545} INFO - Filling up the DagBag from /opt/airflow/dags/shopee_dag.py
[2026-05-28T07:24:44.539+0000] {processor.py:840} INFO - DAG(s) 'shopee_pipeline' retrieved from /opt/airflow/dags/shopee_dag.py
[2026-05-28T07:24:44.578+0000] {logging_mixin.py:188} INFO - [2026-05-28T07:24:44.578+0000] {dag.py:3096} INFO - Sync 1 DAGs
[2026-05-28T07:24:44.609+0000] {logging_mixin.py:188} INFO - [2026-05-28T07:24:44.609+0000] {dag.py:3954} INFO - Setting next_dagrun for shopee_pipeline to 2026-05-28 01:00:00+00:00, run_after=2026-05-29 01:00:00+00:00
[2026-05-28T07:24:44.637+0000] {processor.py:183} INFO - Processing /opt/airflow/dags/shopee_dag.py took 0.249 seconds
[2026-05-28T07:25:14.702+0000] {processor.py:161} INFO - Started process (PID=45296) to work on /opt/airflow/dags/shopee_dag.py
[2026-05-28T07:25:14.703+0000] {processor.py:830} INFO - Processing file /opt/airflow/dags/shopee_dag.py for tasks to queue
[2026-05-28T07:25:14.704+0000] {logging_mixin.py:188} INFO - [2026-05-28T07:25:14.704+0000] {dagbag.py:545} INFO - Filling up the DagBag from /opt/airflow/dags/shopee_dag.py
[2026-05-28T07:25:14.805+0000] {processor.py:840} INFO - DAG(s) 'shopee_pipeline' retrieved from /opt/airflow/dags/shopee_dag.py
[2026-05-28T07:25:14.837+0000] {logging_mixin.py:188} INFO - [2026-05-28T07:25:14.837+0000] {dag.py:3096} INFO - Sync 1 DAGs
[2026-05-28T07:25:14.860+0000] {logging_mixin.py:188} INFO - [2026-05-28T07:25:14.860+0000] {dag.py:3954} INFO - Setting next_dagrun for shopee_pipeline to 2026-05-28 01:00:00+00:00, run_after=2026-05-29 01:00:00+00:00
[2026-05-28T07:25:14.884+0000] {processor.py:183} INFO - Processing /opt/airflow/dags/shopee_dag.py took 0.188 seconds
[2026-05-28T07:25:45.349+0000] {processor.py:161} INFO - Started process (PID=45339) to work on /opt/airflow/dags/shopee_dag.py
[2026-05-28T07:25:45.350+0000] {processor.py:830} INFO - Processing file /opt/airflow/dags/shopee_dag.py for tasks to queue
[2026-05-28T07:25:45.352+0000] {logging_mixin.py:188} INFO - [2026-05-28T07:25:45.352+0000] {dagbag.py:545} INFO - Filling up the DagBag from /opt/airflow/dags/shopee_dag.py
[2026-05-28T07:25:45.460+0000] {processor.py:840} INFO - DAG(s) 'shopee_pipeline' retrieved from /opt/airflow/dags/shopee_dag.py
[2026-05-28T07:25:45.499+0000] {logging_mixin.py:188} INFO - [2026-05-28T07:25:45.498+0000] {dag.py:3096} INFO - Sync 1 DAGs
[2026-05-28T07:25:45.527+0000] {logging_mixin.py:188} INFO - [2026-05-28T07:25:45.527+0000] {dag.py:3954} INFO - Setting next_dagrun for shopee_pipeline to 2026-05-28 01:00:00+00:00, run_after=2026-05-29 01:00:00+00:00
[2026-05-28T07:25:45.555+0000] {processor.py:183} INFO - Processing /opt/airflow/dags/shopee_dag.py took 0.213 seconds
[2026-05-28T07:26:15.868+0000] {processor.py:161} INFO - Started process (PID=45457) to work on /opt/airflow/dags/shopee_dag.py
[2026-05-28T07:26:15.869+0000] {processor.py:830} INFO - Processing file /opt/airflow/dags/shopee_dag.py for tasks to queue
[2026-05-28T07:26:15.871+0000] {logging_mixin.py:188} INFO - [2026-05-28T07:26:15.871+0000] {dagbag.py:545} INFO - Filling up the DagBag from /opt/airflow/dags/shopee_dag.py
[2026-05-28T07:26:15.979+0000] {processor.py:840} INFO - DAG(s) 'shopee_pipeline' retrieved from /opt/airflow/dags/shopee_dag.py
[2026-05-28T07:26:16.017+0000] {logging_mixin.py:188} INFO - [2026-05-28T07:26:16.016+0000] {dag.py:3096} INFO - Sync 1 DAGs
[2026-05-28T07:26:16.044+0000] {logging_mixin.py:188} INFO - [2026-05-28T07:26:16.043+0000] {dag.py:3954} INFO - Setting next_dagrun for shopee_pipeline to 2026-05-28 01:00:00+00:00, run_after=2026-05-29 01:00:00+00:00
[2026-05-28T07:26:16.078+0000] {processor.py:183} INFO - Processing /opt/airflow/dags/shopee_dag.py took 0.216 seconds
[2026-05-28T07:26:46.250+0000] {processor.py:161} INFO - Started process (PID=45575) to work on /opt/airflow/dags/shopee_dag.py
[2026-05-28T07:26:46.252+0000] {processor.py:830} INFO - Processing file /opt/airflow/dags/shopee_dag.py for tasks to queue
[2026-05-28T07:26:46.254+0000] {logging_mixin.py:188} INFO - [2026-05-28T07:26:46.253+0000] {dagbag.py:545} INFO - Filling up the DagBag from /opt/airflow/dags/shopee_dag.py
[2026-05-28T07:26:46.372+0000] {processor.py:840} INFO - DAG(s) 'shopee_pipeline' retrieved from /opt/airflow/dags/shopee_dag.py
[2026-05-28T07:26:46.407+0000] {logging_mixin.py:188} INFO - [2026-05-28T07:26:46.407+0000] {dag.py:3096} INFO - Sync 1 DAGs
[2026-05-28T07:26:46.435+0000] {logging_mixin.py:188} INFO - [2026-05-28T07:26:46.435+0000] {dag.py:3954} INFO - Setting next_dagrun for shopee_pipeline to 2026-05-28 01:00:00+00:00, run_after=2026-05-29 01:00:00+00:00
[2026-05-28T07:26:46.463+0000] {processor.py:183} INFO - Processing /opt/airflow/dags/shopee_dag.py took 0.220 seconds
[2026-05-28T07:27:16.830+0000] {processor.py:161} INFO - Started process (PID=45666) to work on /opt/airflow/dags/shopee_dag.py
[2026-05-28T07:27:16.831+0000] {processor.py:830} INFO - Processing file /opt/airflow/dags/shopee_dag.py for tasks to queue
[2026-05-28T07:27:16.834+0000] {logging_mixin.py:188} INFO - [2026-05-28T07:27:16.834+0000] {dagbag.py:545} INFO - Filling up the DagBag from /opt/airflow/dags/shopee_dag.py
[2026-05-28T07:27:16.965+0000] {processor.py:840} INFO - DAG(s) 'shopee_pipeline' retrieved from /opt/airflow/dags/shopee_dag.py
[2026-05-28T07:27:17.002+0000] {logging_mixin.py:188} INFO - [2026-05-28T07:27:17.001+0000] {dag.py:3096} INFO - Sync 1 DAGs
[2026-05-28T07:27:17.031+0000] {logging_mixin.py:188} INFO - [2026-05-28T07:27:17.030+0000] {dag.py:3954} INFO - Setting next_dagrun for shopee_pipeline to 2026-05-28 01:00:00+00:00, run_after=2026-05-29 01:00:00+00:00
[2026-05-28T07:27:17.069+0000] {processor.py:183} INFO - Processing /opt/airflow/dags/shopee_dag.py took 0.250 seconds
[2026-05-28T07:27:47.177+0000] {processor.py:161} INFO - Started process (PID=45705) to work on /opt/airflow/dags/shopee_dag.py
[2026-05-28T07:27:47.178+0000] {processor.py:830} INFO - Processing file /opt/airflow/dags/shopee_dag.py for tasks to queue
[2026-05-28T07:27:47.180+0000] {logging_mixin.py:188} INFO - [2026-05-28T07:27:47.179+0000] {dagbag.py:545} INFO - Filling up the DagBag from /opt/airflow/dags/shopee_dag.py
[2026-05-28T07:27:47.288+0000] {processor.py:840} INFO - DAG(s) 'shopee_pipeline' retrieved from /opt/airflow/dags/shopee_dag.py
[2026-05-28T07:27:47.321+0000] {logging_mixin.py:188} INFO - [2026-05-28T07:27:47.320+0000] {dag.py:3096} INFO - Sync 1 DAGs
[2026-05-28T07:27:47.342+0000] {logging_mixin.py:188} INFO - [2026-05-28T07:27:47.342+0000] {dag.py:3954} INFO - Setting next_dagrun for shopee_pipeline to 2026-05-28 01:00:00+00:00, run_after=2026-05-29 01:00:00+00:00
[2026-05-28T07:27:47.374+0000] {processor.py:183} INFO - Processing /opt/airflow/dags/shopee_dag.py took 0.203 seconds
[2026-05-28T07:28:17.820+0000] {processor.py:161} INFO - Started process (PID=45824) to work on /opt/airflow/dags/shopee_dag.py
[2026-05-28T07:28:17.823+0000] {processor.py:830} INFO - Processing file /opt/airflow/dags/shopee_dag.py for tasks to queue
[2026-05-28T07:28:17.826+0000] {logging_mixin.py:188} INFO - [2026-05-28T07:28:17.825+0000] {dagbag.py:545} INFO - Filling up the DagBag from /opt/airflow/dags/shopee_dag.py
[2026-05-28T07:28:17.935+0000] {processor.py:840} INFO - DAG(s) 'shopee_pipeline' retrieved from /opt/airflow/dags/shopee_dag.py
[2026-05-28T07:28:17.968+0000] {logging_mixin.py:188} INFO - [2026-05-28T07:28:17.968+0000] {dag.py:3096} INFO - Sync 1 DAGs
[2026-05-28T07:28:17.997+0000] {logging_mixin.py:188} INFO - [2026-05-28T07:28:17.996+0000] {dag.py:3954} INFO - Setting next_dagrun for shopee_pipeline to 2026-05-28 01:00:00+00:00, run_after=2026-05-29 01:00:00+00:00
[2026-05-28T07:28:18.038+0000] {processor.py:183} INFO - Processing /opt/airflow/dags/shopee_dag.py took 0.226 seconds
[2026-05-28T07:28:48.548+0000] {processor.py:161} INFO - Started process (PID=45946) to work on /opt/airflow/dags/shopee_dag.py
[2026-05-28T07:28:48.549+0000] {processor.py:830} INFO - Processing file /opt/airflow/dags/shopee_dag.py for tasks to queue
[2026-05-28T07:28:48.551+0000] {logging_mixin.py:188} INFO - [2026-05-28T07:28:48.550+0000] {dagbag.py:545} INFO - Filling up the DagBag from /opt/airflow/dags/shopee_dag.py
[2026-05-28T07:28:48.661+0000] {processor.py:840} INFO - DAG(s) 'shopee_pipeline' retrieved from /opt/airflow/dags/shopee_dag.py
[2026-05-28T07:28:48.695+0000] {logging_mixin.py:188} INFO - [2026-05-28T07:28:48.694+0000] {dag.py:3096} INFO - Sync 1 DAGs
[2026-05-28T07:28:48.722+0000] {logging_mixin.py:188} INFO - [2026-05-28T07:28:48.721+0000] {dag.py:3954} INFO - Setting next_dagrun for shopee_pipeline to 2026-05-28 01:00:00+00:00, run_after=2026-05-29 01:00:00+00:00
[2026-05-28T07:28:48.745+0000] {processor.py:183} INFO - Processing /opt/airflow/dags/shopee_dag.py took 0.204 seconds
[2026-05-28T07:29:19.094+0000] {processor.py:161} INFO - Started process (PID=46033) to work on /opt/airflow/dags/shopee_dag.py
[2026-05-28T07:29:19.095+0000] {processor.py:830} INFO - Processing file /opt/airflow/dags/shopee_dag.py for tasks to queue
[2026-05-28T07:29:19.098+0000] {logging_mixin.py:188} INFO - [2026-05-28T07:29:19.097+0000] {dagbag.py:545} INFO - Filling up the DagBag from /opt/airflow/dags/shopee_dag.py
[2026-05-28T07:29:19.223+0000] {processor.py:840} INFO - DAG(s) 'shopee_pipeline' retrieved from /opt/airflow/dags/shopee_dag.py
[2026-05-28T07:29:19.256+0000] {logging_mixin.py:188} INFO - [2026-05-28T07:29:19.256+0000] {dag.py:3096} INFO - Sync 1 DAGs
[2026-05-28T07:29:19.280+0000] {logging_mixin.py:188} INFO - [2026-05-28T07:29:19.280+0000] {dag.py:3954} INFO - Setting next_dagrun for shopee_pipeline to 2026-05-28 01:00:00+00:00, run_after=2026-05-29 01:00:00+00:00
[2026-05-28T07:29:19.300+0000] {processor.py:183} INFO - Processing /opt/airflow/dags/shopee_dag.py took 0.216 seconds
[2026-05-28T07:29:49.652+0000] {processor.py:161} INFO - Started process (PID=46060) to work on /opt/airflow/dags/shopee_dag.py
[2026-05-28T07:29:49.653+0000] {processor.py:830} INFO - Processing file /opt/airflow/dags/shopee_dag.py for tasks to queue
[2026-05-28T07:29:49.656+0000] {logging_mixin.py:188} INFO - [2026-05-28T07:29:49.656+0000] {dagbag.py:545} INFO - Filling up the DagBag from /opt/airflow/dags/shopee_dag.py
[2026-05-28T07:29:49.803+0000] {processor.py:840} INFO - DAG(s) 'shopee_pipeline' retrieved from /opt/airflow/dags/shopee_dag.py
[2026-05-28T07:29:49.850+0000] {logging_mixin.py:188} INFO - [2026-05-28T07:29:49.850+0000] {dag.py:3096} INFO - Sync 1 DAGs
[2026-05-28T07:29:49.892+0000] {logging_mixin.py:188} INFO - [2026-05-28T07:29:49.891+0000] {dag.py:3954} INFO - Setting next_dagrun for shopee_pipeline to 2026-05-28 01:00:00+00:00, run_after=2026-05-29 01:00:00+00:00
[2026-05-28T07:29:49.919+0000] {processor.py:183} INFO - Processing /opt/airflow/dags/shopee_dag.py took 0.277 seconds
[2026-05-28T07:30:20.278+0000] {processor.py:161} INFO - Started process (PID=46179) to work on /opt/airflow/dags/shopee_dag.py
[2026-05-28T07:30:20.279+0000] {processor.py:830} INFO - Processing file /opt/airflow/dags/shopee_dag.py for tasks to queue
[2026-05-28T07:30:20.282+0000] {logging_mixin.py:188} INFO - [2026-05-28T07:30:20.281+0000] {dagbag.py:545} INFO - Filling up the DagBag from /opt/airflow/dags/shopee_dag.py
[2026-05-28T07:30:20.381+0000] {processor.py:840} INFO - DAG(s) 'shopee_pipeline' retrieved from /opt/airflow/dags/shopee_dag.py
[2026-05-28T07:30:20.413+0000] {logging_mixin.py:188} INFO - [2026-05-28T07:30:20.413+0000] {dag.py:3096} INFO - Sync 1 DAGs
[2026-05-28T07:30:20.441+0000] {logging_mixin.py:188} INFO - [2026-05-28T07:30:20.440+0000] {dag.py:3954} INFO - Setting next_dagrun for shopee_pipeline to 2026-05-28 01:00:00+00:00, run_after=2026-05-29 01:00:00+00:00
[2026-05-28T07:30:20.463+0000] {processor.py:183} INFO - Processing /opt/airflow/dags/shopee_dag.py took 0.192 seconds
[2026-05-28T07:30:50.720+0000] {processor.py:161} INFO - Started process (PID=46296) to work on /opt/airflow/dags/shopee_dag.py
[2026-05-28T07:30:50.722+0000] {processor.py:830} INFO - Processing file /opt/airflow/dags/shopee_dag.py for tasks to queue
[2026-05-28T07:30:50.728+0000] {logging_mixin.py:188} INFO - [2026-05-28T07:30:50.727+0000] {dagbag.py:545} INFO - Filling up the DagBag from /opt/airflow/dags/shopee_dag.py
[2026-05-28T07:30:50.927+0000] {processor.py:840} INFO - DAG(s) 'shopee_pipeline' retrieved from /opt/airflow/dags/shopee_dag.py
[2026-05-28T07:30:50.976+0000] {logging_mixin.py:188} INFO - [2026-05-28T07:30:50.975+0000] {dag.py:3096} INFO - Sync 1 DAGs
[2026-05-28T07:30:51.022+0000] {logging_mixin.py:188} INFO - [2026-05-28T07:30:51.021+0000] {dag.py:3954} INFO - Setting next_dagrun for shopee_pipeline to 2026-05-28 01:00:00+00:00, run_after=2026-05-29 01:00:00+00:00
[2026-05-28T07:30:51.067+0000] {processor.py:183} INFO - Processing /opt/airflow/dags/shopee_dag.py took 0.363 seconds
[2026-05-28T07:31:21.296+0000] {processor.py:161} INFO - Started process (PID=46309) to work on /opt/airflow/dags/shopee_dag.py
[2026-05-28T07:31:21.298+0000] {processor.py:830} INFO - Processing file /opt/airflow/dags/shopee_dag.py for tasks to queue
[2026-05-28T07:31:21.300+0000] {logging_mixin.py:188} INFO - [2026-05-28T07:31:21.300+0000] {dagbag.py:545} INFO - Filling up the DagBag from /opt/airflow/dags/shopee_dag.py
[2026-05-28T07:31:21.432+0000] {processor.py:840} INFO - DAG(s) 'shopee_pipeline' retrieved from /opt/airflow/dags/shopee_dag.py
[2026-05-28T07:31:21.475+0000] {logging_mixin.py:188} INFO - [2026-05-28T07:31:21.474+0000] {dag.py:3096} INFO - Sync 1 DAGs
[2026-05-28T07:31:21.508+0000] {logging_mixin.py:188} INFO - [2026-05-28T07:31:21.507+0000] {dag.py:3954} INFO - Setting next_dagrun for shopee_pipeline to 2026-05-28 01:00:00+00:00, run_after=2026-05-29 01:00:00+00:00
[2026-05-28T07:31:21.546+0000] {processor.py:183} INFO - Processing /opt/airflow/dags/shopee_dag.py took 0.259 seconds
[2026-05-28T07:31:51.820+0000] {processor.py:161} INFO - Started process (PID=46428) to work on /opt/airflow/dags/shopee_dag.py
[2026-05-28T07:31:51.822+0000] {processor.py:830} INFO - Processing file /opt/airflow/dags/shopee_dag.py for tasks to queue
[2026-05-28T07:31:51.825+0000] {logging_mixin.py:188} INFO - [2026-05-28T07:31:51.824+0000] {dagbag.py:545} INFO - Filling up the DagBag from /opt/airflow/dags/shopee_dag.py
[2026-05-28T07:31:51.967+0000] {processor.py:840} INFO - DAG(s) 'shopee_pipeline' retrieved from /opt/airflow/dags/shopee_dag.py
[2026-05-28T07:31:52.006+0000] {logging_mixin.py:188} INFO - [2026-05-28T07:31:52.006+0000] {dag.py:3096} INFO - Sync 1 DAGs
[2026-05-28T07:31:52.033+0000] {logging_mixin.py:188} INFO - [2026-05-28T07:31:52.032+0000] {dag.py:3954} INFO - Setting next_dagrun for shopee_pipeline to 2026-05-28 01:00:00+00:00, run_after=2026-05-29 01:00:00+00:00
[2026-05-28T07:31:52.065+0000] {processor.py:183} INFO - Processing /opt/airflow/dags/shopee_dag.py took 0.256 seconds
[2026-05-28T07:32:22.421+0000] {processor.py:161} INFO - Started process (PID=46526) to work on /opt/airflow/dags/shopee_dag.py
[2026-05-28T07:32:22.424+0000] {processor.py:830} INFO - Processing file /opt/airflow/dags/shopee_dag.py for tasks to queue
[2026-05-28T07:32:22.427+0000] {logging_mixin.py:188} INFO - [2026-05-28T07:32:22.427+0000] {dagbag.py:545} INFO - Filling up the DagBag from /opt/airflow/dags/shopee_dag.py
[2026-05-28T07:32:22.607+0000] {processor.py:840} INFO - DAG(s) 'shopee_pipeline' retrieved from /opt/airflow/dags/shopee_dag.py
[2026-05-28T07:32:22.661+0000] {logging_mixin.py:188} INFO - [2026-05-28T07:32:22.660+0000] {dag.py:3096} INFO - Sync 1 DAGs
[2026-05-28T07:32:22.704+0000] {logging_mixin.py:188} INFO - [2026-05-28T07:32:22.704+0000] {dag.py:3954} INFO - Setting next_dagrun for shopee_pipeline to 2026-05-28 01:00:00+00:00, run_after=2026-05-29 01:00:00+00:00
[2026-05-28T07:32:22.754+0000] {processor.py:183} INFO - Processing /opt/airflow/dags/shopee_dag.py took 0.346 seconds
[2026-05-28T07:32:53.054+0000] {processor.py:161} INFO - Started process (PID=46557) to work on /opt/airflow/dags/shopee_dag.py
[2026-05-28T07:32:53.056+0000] {processor.py:830} INFO - Processing file /opt/airflow/dags/shopee_dag.py for tasks to queue
[2026-05-28T07:32:53.058+0000] {logging_mixin.py:188} INFO - [2026-05-28T07:32:53.057+0000] {dagbag.py:545} INFO - Filling up the DagBag from /opt/airflow/dags/shopee_dag.py
[2026-05-28T07:32:53.158+0000] {processor.py:840} INFO - DAG(s) 'shopee_pipeline' retrieved from /opt/airflow/dags/shopee_dag.py
[2026-05-28T07:32:53.190+0000] {logging_mixin.py:188} INFO - [2026-05-28T07:32:53.190+0000] {dag.py:3096} INFO - Sync 1 DAGs
[2026-05-28T07:32:53.212+0000] {logging_mixin.py:188} INFO - [2026-05-28T07:32:53.211+0000] {dag.py:3954} INFO - Setting next_dagrun for shopee_pipeline to 2026-05-28 01:00:00+00:00, run_after=2026-05-29 01:00:00+00:00
[2026-05-28T07:32:53.242+0000] {processor.py:183} INFO - Processing /opt/airflow/dags/shopee_dag.py took 0.194 seconds
[2026-05-28T07:33:23.378+0000] {processor.py:161} INFO - Started process (PID=46674) to work on /opt/airflow/dags/shopee_dag.py
[2026-05-28T07:33:23.379+0000] {processor.py:830} INFO - Processing file /opt/airflow/dags/shopee_dag.py for tasks to queue
[2026-05-28T07:33:23.381+0000] {logging_mixin.py:188} INFO - [2026-05-28T07:33:23.380+0000] {dagbag.py:545} INFO - Filling up the DagBag from /opt/airflow/dags/shopee_dag.py
[2026-05-28T07:33:23.476+0000] {processor.py:840} INFO - DAG(s) 'shopee_pipeline' retrieved from /opt/airflow/dags/shopee_dag.py
[2026-05-28T07:33:23.512+0000] {logging_mixin.py:188} INFO - [2026-05-28T07:33:23.512+0000] {dag.py:3096} INFO - Sync 1 DAGs
[2026-05-28T07:33:23.538+0000] {logging_mixin.py:188} INFO - [2026-05-28T07:33:23.538+0000] {dag.py:3954} INFO - Setting next_dagrun for shopee_pipeline to 2026-05-28 01:00:00+00:00, run_after=2026-05-29 01:00:00+00:00
[2026-05-28T07:33:23.562+0000] {processor.py:183} INFO - Processing /opt/airflow/dags/shopee_dag.py took 0.190 seconds
[2026-05-28T07:33:53.880+0000] {processor.py:161} INFO - Started process (PID=46778) to work on /opt/airflow/dags/shopee_dag.py
[2026-05-28T07:33:53.882+0000] {processor.py:830} INFO - Processing file /opt/airflow/dags/shopee_dag.py for tasks to queue
[2026-05-28T07:33:53.885+0000] {logging_mixin.py:188} INFO - [2026-05-28T07:33:53.885+0000] {dagbag.py:545} INFO - Filling up the DagBag from /opt/airflow/dags/shopee_dag.py
[2026-05-28T07:33:54.110+0000] {processor.py:840} INFO - DAG(s) 'shopee_pipeline' retrieved from /opt/airflow/dags/shopee_dag.py
[2026-05-28T07:33:54.172+0000] {logging_mixin.py:188} INFO - [2026-05-28T07:33:54.171+0000] {dag.py:3096} INFO - Sync 1 DAGs
[2026-05-28T07:33:54.234+0000] {logging_mixin.py:188} INFO - [2026-05-28T07:33:54.233+0000] {dag.py:3954} INFO - Setting next_dagrun for shopee_pipeline to 2026-05-28 01:00:00+00:00, run_after=2026-05-29 01:00:00+00:00
[2026-05-28T07:33:54.287+0000] {processor.py:183} INFO - Processing /opt/airflow/dags/shopee_dag.py took 0.418 seconds
[2026-05-28T07:34:24.746+0000] {processor.py:161} INFO - Started process (PID=46812) to work on /opt/airflow/dags/shopee_dag.py
[2026-05-28T07:34:24.747+0000] {processor.py:830} INFO - Processing file /opt/airflow/dags/shopee_dag.py for tasks to queue
[2026-05-28T07:34:24.749+0000] {logging_mixin.py:188} INFO - [2026-05-28T07:34:24.749+0000] {dagbag.py:545} INFO - Filling up the DagBag from /opt/airflow/dags/shopee_dag.py
[2026-05-28T07:34:24.850+0000] {processor.py:840} INFO - DAG(s) 'shopee_pipeline' retrieved from /opt/airflow/dags/shopee_dag.py
[2026-05-28T07:34:24.889+0000] {logging_mixin.py:188} INFO - [2026-05-28T07:34:24.888+0000] {dag.py:3096} INFO - Sync 1 DAGs
[2026-05-28T07:34:24.921+0000] {logging_mixin.py:188} INFO - [2026-05-28T07:34:24.920+0000] {dag.py:3954} INFO - Setting next_dagrun for shopee_pipeline to 2026-05-28 01:00:00+00:00, run_after=2026-05-29 01:00:00+00:00
[2026-05-28T07:34:24.947+0000] {processor.py:183} INFO - Processing /opt/airflow/dags/shopee_dag.py took 0.208 seconds
[2026-05-28T07:34:55.307+0000] {processor.py:161} INFO - Started process (PID=46916) to work on /opt/airflow/dags/shopee_dag.py
[2026-05-28T07:34:55.309+0000] {processor.py:830} INFO - Processing file /opt/airflow/dags/shopee_dag.py for tasks to queue
[2026-05-28T07:34:55.313+0000] {logging_mixin.py:188} INFO - [2026-05-28T07:34:55.312+0000] {dagbag.py:545} INFO - Filling up the DagBag from /opt/airflow/dags/shopee_dag.py
[2026-05-28T07:34:55.479+0000] {processor.py:840} INFO - DAG(s) 'shopee_pipeline' retrieved from /opt/airflow/dags/shopee_dag.py
[2026-05-28T07:34:55.527+0000] {logging_mixin.py:188} INFO - [2026-05-28T07:34:55.527+0000] {dag.py:3096} INFO - Sync 1 DAGs
[2026-05-28T07:34:55.562+0000] {logging_mixin.py:188} INFO - [2026-05-28T07:34:55.562+0000] {dag.py:3954} INFO - Setting next_dagrun for shopee_pipeline to 2026-05-28 01:00:00+00:00, run_after=2026-05-29 01:00:00+00:00
[2026-05-28T07:34:55.602+0000] {processor.py:183} INFO - Processing /opt/airflow/dags/shopee_dag.py took 0.308 seconds
[2026-05-28T07:35:25.874+0000] {processor.py:161} INFO - Started process (PID=47035) to work on /opt/airflow/dags/shopee_dag.py
[2026-05-28T07:35:25.875+0000] {processor.py:830} INFO - Processing file /opt/airflow/dags/shopee_dag.py for tasks to queue
[2026-05-28T07:35:25.877+0000] {logging_mixin.py:188} INFO - [2026-05-28T07:35:25.877+0000] {dagbag.py:545} INFO - Filling up the DagBag from /opt/airflow/dags/shopee_dag.py
[2026-05-28T07:35:25.990+0000] {processor.py:840} INFO - DAG(s) 'shopee_pipeline' retrieved from /opt/airflow/dags/shopee_dag.py
[2026-05-28T07:35:26.024+0000] {logging_mixin.py:188} INFO - [2026-05-28T07:35:26.024+0000] {dag.py:3096} INFO - Sync 1 DAGs
[2026-05-28T07:35:26.046+0000] {logging_mixin.py:188} INFO - [2026-05-28T07:35:26.046+0000] {dag.py:3954} INFO - Setting next_dagrun for shopee_pipeline to 2026-05-28 01:00:00+00:00, run_after=2026-05-29 01:00:00+00:00
[2026-05-28T07:35:26.067+0000] {processor.py:183} INFO - Processing /opt/airflow/dags/shopee_dag.py took 0.200 seconds
[2026-05-28T07:35:56.314+0000] {processor.py:161} INFO - Started process (PID=47119) to work on /opt/airflow/dags/shopee_dag.py
[2026-05-28T07:35:56.315+0000] {processor.py:830} INFO - Processing file /opt/airflow/dags/shopee_dag.py for tasks to queue
[2026-05-28T07:35:56.318+0000] {logging_mixin.py:188} INFO - [2026-05-28T07:35:56.318+0000] {dagbag.py:545} INFO - Filling up the DagBag from /opt/airflow/dags/shopee_dag.py
[2026-05-28T07:35:56.448+0000] {processor.py:840} INFO - DAG(s) 'shopee_pipeline' retrieved from /opt/airflow/dags/shopee_dag.py
[2026-05-28T07:35:56.487+0000] {logging_mixin.py:188} INFO - [2026-05-28T07:35:56.486+0000] {dag.py:3096} INFO - Sync 1 DAGs
[2026-05-28T07:35:56.514+0000] {logging_mixin.py:188} INFO - [2026-05-28T07:35:56.514+0000] {dag.py:3954} INFO - Setting next_dagrun for shopee_pipeline to 2026-05-28 01:00:00+00:00, run_after=2026-05-29 01:00:00+00:00
[2026-05-28T07:35:56.536+0000] {processor.py:183} INFO - Processing /opt/airflow/dags/shopee_dag.py took 0.231 seconds
[2026-05-28T07:36:26.815+0000] {processor.py:161} INFO - Started process (PID=47163) to work on /opt/airflow/dags/shopee_dag.py
[2026-05-28T07:36:26.817+0000] {processor.py:830} INFO - Processing file /opt/airflow/dags/shopee_dag.py for tasks to queue
[2026-05-28T07:36:26.819+0000] {logging_mixin.py:188} INFO - [2026-05-28T07:36:26.818+0000] {dagbag.py:545} INFO - Filling up the DagBag from /opt/airflow/dags/shopee_dag.py
[2026-05-28T07:36:26.949+0000] {processor.py:840} INFO - DAG(s) 'shopee_pipeline' retrieved from /opt/airflow/dags/shopee_dag.py
[2026-05-28T07:36:26.987+0000] {logging_mixin.py:188} INFO - [2026-05-28T07:36:26.987+0000] {dag.py:3096} INFO - Sync 1 DAGs
[2026-05-28T07:36:27.018+0000] {logging_mixin.py:188} INFO - [2026-05-28T07:36:27.017+0000] {dag.py:3954} INFO - Setting next_dagrun for shopee_pipeline to 2026-05-28 01:00:00+00:00, run_after=2026-05-29 01:00:00+00:00
[2026-05-28T07:36:27.040+0000] {processor.py:183} INFO - Processing /opt/airflow/dags/shopee_dag.py took 0.233 seconds
[2026-05-28T07:36:57.442+0000] {processor.py:161} INFO - Started process (PID=47265) to work on /opt/airflow/dags/shopee_dag.py
[2026-05-28T07:36:57.443+0000] {processor.py:830} INFO - Processing file /opt/airflow/dags/shopee_dag.py for tasks to queue
[2026-05-28T07:36:57.445+0000] {logging_mixin.py:188} INFO - [2026-05-28T07:36:57.445+0000] {dagbag.py:545} INFO - Filling up the DagBag from /opt/airflow/dags/shopee_dag.py
[2026-05-28T07:36:57.556+0000] {processor.py:840} INFO - DAG(s) 'shopee_pipeline' retrieved from /opt/airflow/dags/shopee_dag.py
[2026-05-28T07:36:57.591+0000] {logging_mixin.py:188} INFO - [2026-05-28T07:36:57.591+0000] {dag.py:3096} INFO - Sync 1 DAGs
[2026-05-28T07:36:57.620+0000] {logging_mixin.py:188} INFO - [2026-05-28T07:36:57.620+0000] {dag.py:3954} INFO - Setting next_dagrun for shopee_pipeline to 2026-05-28 01:00:00+00:00, run_after=2026-05-29 01:00:00+00:00
[2026-05-28T07:36:57.642+0000] {processor.py:183} INFO - Processing /opt/airflow/dags/shopee_dag.py took 0.206 seconds
[2026-05-28T07:37:28.070+0000] {processor.py:161} INFO - Started process (PID=47355) to work on /opt/airflow/dags/shopee_dag.py
[2026-05-28T07:37:28.071+0000] {processor.py:830} INFO - Processing file /opt/airflow/dags/shopee_dag.py for tasks to queue
[2026-05-28T07:37:28.073+0000] {logging_mixin.py:188} INFO - [2026-05-28T07:37:28.072+0000] {dagbag.py:545} INFO - Filling up the DagBag from /opt/airflow/dags/shopee_dag.py
[2026-05-28T07:37:28.169+0000] {processor.py:840} INFO - DAG(s) 'shopee_pipeline' retrieved from /opt/airflow/dags/shopee_dag.py
[2026-05-28T07:37:28.202+0000] {logging_mixin.py:188} INFO - [2026-05-28T07:37:28.202+0000] {dag.py:3096} INFO - Sync 1 DAGs
[2026-05-28T07:37:28.226+0000] {logging_mixin.py:188} INFO - [2026-05-28T07:37:28.226+0000] {dag.py:3954} INFO - Setting next_dagrun for shopee_pipeline to 2026-05-28 01:00:00+00:00, run_after=2026-05-29 01:00:00+00:00
[2026-05-28T07:37:28.265+0000] {processor.py:183} INFO - Processing /opt/airflow/dags/shopee_dag.py took 0.200 seconds
[2026-05-28T07:37:58.559+0000] {processor.py:161} INFO - Started process (PID=47399) to work on /opt/airflow/dags/shopee_dag.py
[2026-05-28T07:37:58.561+0000] {processor.py:830} INFO - Processing file /opt/airflow/dags/shopee_dag.py for tasks to queue
[2026-05-28T07:37:58.563+0000] {logging_mixin.py:188} INFO - [2026-05-28T07:37:58.562+0000] {dagbag.py:545} INFO - Filling up the DagBag from /opt/airflow/dags/shopee_dag.py
[2026-05-28T07:37:58.675+0000] {processor.py:840} INFO - DAG(s) 'shopee_pipeline' retrieved from /opt/airflow/dags/shopee_dag.py
[2026-05-28T07:37:58.712+0000] {logging_mixin.py:188} INFO - [2026-05-28T07:37:58.711+0000] {dag.py:3096} INFO - Sync 1 DAGs
[2026-05-28T07:37:58.739+0000] {logging_mixin.py:188} INFO - [2026-05-28T07:37:58.738+0000] {dag.py:3954} INFO - Setting next_dagrun for shopee_pipeline to 2026-05-28 01:00:00+00:00, run_after=2026-05-29 01:00:00+00:00
[2026-05-28T07:37:58.763+0000] {processor.py:183} INFO - Processing /opt/airflow/dags/shopee_dag.py took 0.209 seconds
[2026-05-28T07:38:29.054+0000] {processor.py:161} INFO - Started process (PID=47523) to work on /opt/airflow/dags/shopee_dag.py
[2026-05-28T07:38:29.056+0000] {processor.py:830} INFO - Processing file /opt/airflow/dags/shopee_dag.py for tasks to queue
[2026-05-28T07:38:29.058+0000] {logging_mixin.py:188} INFO - [2026-05-28T07:38:29.058+0000] {dagbag.py:545} INFO - Filling up the DagBag from /opt/airflow/dags/shopee_dag.py
[2026-05-28T07:38:29.214+0000] {processor.py:840} INFO - DAG(s) 'shopee_pipeline' retrieved from /opt/airflow/dags/shopee_dag.py
[2026-05-28T07:38:29.257+0000] {logging_mixin.py:188} INFO - [2026-05-28T07:38:29.257+0000] {dag.py:3096} INFO - Sync 1 DAGs
[2026-05-28T07:38:29.286+0000] {logging_mixin.py:188} INFO - [2026-05-28T07:38:29.286+0000] {dag.py:3954} INFO - Setting next_dagrun for shopee_pipeline to 2026-05-28 01:00:00+00:00, run_after=2026-05-29 01:00:00+00:00
[2026-05-28T07:38:29.337+0000] {processor.py:183} INFO - Processing /opt/airflow/dags/shopee_dag.py took 0.291 seconds
[2026-05-28T07:38:59.868+0000] {processor.py:161} INFO - Started process (PID=47639) to work on /opt/airflow/dags/shopee_dag.py
[2026-05-28T07:38:59.870+0000] {processor.py:830} INFO - Processing file /opt/airflow/dags/shopee_dag.py for tasks to queue
[2026-05-28T07:38:59.873+0000] {logging_mixin.py:188} INFO - [2026-05-28T07:38:59.873+0000] {dagbag.py:545} INFO - Filling up the DagBag from /opt/airflow/dags/shopee_dag.py
[2026-05-28T07:39:00.076+0000] {processor.py:840} INFO - DAG(s) 'shopee_pipeline' retrieved from /opt/airflow/dags/shopee_dag.py
[2026-05-28T07:39:00.121+0000] {logging_mixin.py:188} INFO - [2026-05-28T07:39:00.121+0000] {dag.py:3096} INFO - Sync 1 DAGs
[2026-05-28T07:39:00.161+0000] {logging_mixin.py:188} INFO - [2026-05-28T07:39:00.160+0000] {dag.py:3954} INFO - Setting next_dagrun for shopee_pipeline to 2026-05-28 01:00:00+00:00, run_after=2026-05-29 01:00:00+00:00
[2026-05-28T07:39:00.195+0000] {processor.py:183} INFO - Processing /opt/airflow/dags/shopee_dag.py took 0.398 seconds
[2026-05-28T07:39:30.513+0000] {processor.py:161} INFO - Started process (PID=47659) to work on /opt/airflow/dags/shopee_dag.py
[2026-05-28T07:39:30.515+0000] {processor.py:830} INFO - Processing file /opt/airflow/dags/shopee_dag.py for tasks to queue
[2026-05-28T07:39:30.517+0000] {logging_mixin.py:188} INFO - [2026-05-28T07:39:30.517+0000] {dagbag.py:545} INFO - Filling up the DagBag from /opt/airflow/dags/shopee_dag.py
[2026-05-28T07:39:30.648+0000] {processor.py:840} INFO - DAG(s) 'shopee_pipeline' retrieved from /opt/airflow/dags/shopee_dag.py
[2026-05-28T07:39:30.684+0000] {logging_mixin.py:188} INFO - [2026-05-28T07:39:30.684+0000] {dag.py:3096} INFO - Sync 1 DAGs
[2026-05-28T07:39:30.709+0000] {logging_mixin.py:188} INFO - [2026-05-28T07:39:30.709+0000] {dag.py:3954} INFO - Setting next_dagrun for shopee_pipeline to 2026-05-28 01:00:00+00:00, run_after=2026-05-29 01:00:00+00:00
[2026-05-28T07:39:30.742+0000] {processor.py:183} INFO - Processing /opt/airflow/dags/shopee_dag.py took 0.237 seconds
[2026-05-28T07:40:01.113+0000] {processor.py:161} INFO - Started process (PID=47782) to work on /opt/airflow/dags/shopee_dag.py
[2026-05-28T07:40:01.114+0000] {processor.py:830} INFO - Processing file /opt/airflow/dags/shopee_dag.py for tasks to queue
[2026-05-28T07:40:01.116+0000] {logging_mixin.py:188} INFO - [2026-05-28T07:40:01.115+0000] {dagbag.py:545} INFO - Filling up the DagBag from /opt/airflow/dags/shopee_dag.py
[2026-05-28T07:40:01.232+0000] {processor.py:840} INFO - DAG(s) 'shopee_pipeline' retrieved from /opt/airflow/dags/shopee_dag.py
[2026-05-28T07:40:01.274+0000] {logging_mixin.py:188} INFO - [2026-05-28T07:40:01.273+0000] {dag.py:3096} INFO - Sync 1 DAGs
[2026-05-28T07:40:01.304+0000] {logging_mixin.py:188} INFO - [2026-05-28T07:40:01.304+0000] {dag.py:3954} INFO - Setting next_dagrun for shopee_pipeline to 2026-05-28 01:00:00+00:00, run_after=2026-05-29 01:00:00+00:00
[2026-05-28T07:40:01.331+0000] {processor.py:183} INFO - Processing /opt/airflow/dags/shopee_dag.py took 0.224 seconds
[2026-05-28T07:40:31.454+0000] {processor.py:161} INFO - Started process (PID=47874) to work on /opt/airflow/dags/shopee_dag.py
[2026-05-28T07:40:31.455+0000] {processor.py:830} INFO - Processing file /opt/airflow/dags/shopee_dag.py for tasks to queue
[2026-05-28T07:40:31.459+0000] {logging_mixin.py:188} INFO - [2026-05-28T07:40:31.458+0000] {dagbag.py:545} INFO - Filling up the DagBag from /opt/airflow/dags/shopee_dag.py
[2026-05-28T07:40:31.618+0000] {processor.py:840} INFO - DAG(s) 'shopee_pipeline' retrieved from /opt/airflow/dags/shopee_dag.py
[2026-05-28T07:40:31.664+0000] {logging_mixin.py:188} INFO - [2026-05-28T07:40:31.664+0000] {dag.py:3096} INFO - Sync 1 DAGs
[2026-05-28T07:40:31.703+0000] {logging_mixin.py:188} INFO - [2026-05-28T07:40:31.702+0000] {dag.py:3954} INFO - Setting next_dagrun for shopee_pipeline to 2026-05-28 01:00:00+00:00, run_after=2026-05-29 01:00:00+00:00
[2026-05-28T07:40:31.742+0000] {processor.py:183} INFO - Processing /opt/airflow/dags/shopee_dag.py took 0.295 seconds
[2026-05-28T07:41:02.209+0000] {processor.py:161} INFO - Started process (PID=47897) to work on /opt/airflow/dags/shopee_dag.py
[2026-05-28T07:41:02.210+0000] {processor.py:830} INFO - Processing file /opt/airflow/dags/shopee_dag.py for tasks to queue
[2026-05-28T07:41:02.212+0000] {logging_mixin.py:188} INFO - [2026-05-28T07:41:02.212+0000] {dagbag.py:545} INFO - Filling up the DagBag from /opt/airflow/dags/shopee_dag.py
[2026-05-28T07:41:02.334+0000] {processor.py:840} INFO - DAG(s) 'shopee_pipeline' retrieved from /opt/airflow/dags/shopee_dag.py
[2026-05-28T07:41:02.369+0000] {logging_mixin.py:188} INFO - [2026-05-28T07:41:02.368+0000] {dag.py:3096} INFO - Sync 1 DAGs
[2026-05-28T07:41:02.394+0000] {logging_mixin.py:188} INFO - [2026-05-28T07:41:02.394+0000] {dag.py:3954} INFO - Setting next_dagrun for shopee_pipeline to 2026-05-28 01:00:00+00:00, run_after=2026-05-29 01:00:00+00:00
[2026-05-28T07:41:02.426+0000] {processor.py:183} INFO - Processing /opt/airflow/dags/shopee_dag.py took 0.226 seconds
[2026-05-28T07:41:32.717+0000] {processor.py:161} INFO - Started process (PID=48019) to work on /opt/airflow/dags/shopee_dag.py
[2026-05-28T07:41:32.718+0000] {processor.py:830} INFO - Processing file /opt/airflow/dags/shopee_dag.py for tasks to queue
[2026-05-28T07:41:32.720+0000] {logging_mixin.py:188} INFO - [2026-05-28T07:41:32.719+0000] {dagbag.py:545} INFO - Filling up the DagBag from /opt/airflow/dags/shopee_dag.py
[2026-05-28T07:41:32.817+0000] {processor.py:840} INFO - DAG(s) 'shopee_pipeline' retrieved from /opt/airflow/dags/shopee_dag.py
[2026-05-28T07:41:32.845+0000] {logging_mixin.py:188} INFO - [2026-05-28T07:41:32.845+0000] {dag.py:3096} INFO - Sync 1 DAGs
[2026-05-28T07:41:32.868+0000] {logging_mixin.py:188} INFO - [2026-05-28T07:41:32.867+0000] {dag.py:3954} INFO - Setting next_dagrun for shopee_pipeline to 2026-05-28 01:00:00+00:00, run_after=2026-05-29 01:00:00+00:00
[2026-05-28T07:41:32.889+0000] {processor.py:183} INFO - Processing /opt/airflow/dags/shopee_dag.py took 0.177 seconds
[2026-05-28T07:42:03.281+0000] {processor.py:161} INFO - Started process (PID=48137) to work on /opt/airflow/dags/shopee_dag.py
[2026-05-28T07:42:03.282+0000] {processor.py:830} INFO - Processing file /opt/airflow/dags/shopee_dag.py for tasks to queue
[2026-05-28T07:42:03.284+0000] {logging_mixin.py:188} INFO - [2026-05-28T07:42:03.284+0000] {dagbag.py:545} INFO - Filling up the DagBag from /opt/airflow/dags/shopee_dag.py
[2026-05-28T07:42:03.386+0000] {processor.py:840} INFO - DAG(s) 'shopee_pipeline' retrieved from /opt/airflow/dags/shopee_dag.py
[2026-05-28T07:42:03.417+0000] {logging_mixin.py:188} INFO - [2026-05-28T07:42:03.417+0000] {dag.py:3096} INFO - Sync 1 DAGs
[2026-05-28T07:42:03.440+0000] {logging_mixin.py:188} INFO - [2026-05-28T07:42:03.440+0000] {dag.py:3954} INFO - Setting next_dagrun for shopee_pipeline to 2026-05-28 01:00:00+00:00, run_after=2026-05-29 01:00:00+00:00
[2026-05-28T07:42:03.463+0000] {processor.py:183} INFO - Processing /opt/airflow/dags/shopee_dag.py took 0.187 seconds
[2026-05-28T07:42:33.870+0000] {processor.py:161} INFO - Started process (PID=48226) to work on /opt/airflow/dags/shopee_dag.py
[2026-05-28T07:42:33.872+0000] {processor.py:830} INFO - Processing file /opt/airflow/dags/shopee_dag.py for tasks to queue
[2026-05-28T07:42:33.875+0000] {logging_mixin.py:188} INFO - [2026-05-28T07:42:33.875+0000] {dagbag.py:545} INFO - Filling up the DagBag from /opt/airflow/dags/shopee_dag.py
[2026-05-28T07:42:34.010+0000] {processor.py:840} INFO - DAG(s) 'shopee_pipeline' retrieved from /opt/airflow/dags/shopee_dag.py
[2026-05-28T07:42:34.056+0000] {logging_mixin.py:188} INFO - [2026-05-28T07:42:34.055+0000] {dag.py:3096} INFO - Sync 1 DAGs
[2026-05-28T07:42:34.084+0000] {logging_mixin.py:188} INFO - [2026-05-28T07:42:34.084+0000] {dag.py:3954} INFO - Setting next_dagrun for shopee_pipeline to 2026-05-28 01:00:00+00:00, run_after=2026-05-29 01:00:00+00:00
[2026-05-28T07:42:34.106+0000] {processor.py:183} INFO - Processing /opt/airflow/dags/shopee_dag.py took 0.250 seconds
[2026-05-28T07:43:04.388+0000] {processor.py:161} INFO - Started process (PID=48266) to work on /opt/airflow/dags/shopee_dag.py
[2026-05-28T07:43:04.389+0000] {processor.py:830} INFO - Processing file /opt/airflow/dags/shopee_dag.py for tasks to queue
[2026-05-28T07:43:04.391+0000] {logging_mixin.py:188} INFO - [2026-05-28T07:43:04.390+0000] {dagbag.py:545} INFO - Filling up the DagBag from /opt/airflow/dags/shopee_dag.py
[2026-05-28T07:43:04.489+0000] {processor.py:840} INFO - DAG(s) 'shopee_pipeline' retrieved from /opt/airflow/dags/shopee_dag.py
[2026-05-28T07:43:04.518+0000] {logging_mixin.py:188} INFO - [2026-05-28T07:43:04.518+0000] {dag.py:3096} INFO - Sync 1 DAGs
[2026-05-28T07:43:04.540+0000] {logging_mixin.py:188} INFO - [2026-05-28T07:43:04.540+0000] {dag.py:3954} INFO - Setting next_dagrun for shopee_pipeline to 2026-05-28 01:00:00+00:00, run_after=2026-05-29 01:00:00+00:00
[2026-05-28T07:43:04.567+0000] {processor.py:183} INFO - Processing /opt/airflow/dags/shopee_dag.py took 0.185 seconds
[2026-05-28T07:43:34.819+0000] {processor.py:161} INFO - Started process (PID=48384) to work on /opt/airflow/dags/shopee_dag.py
[2026-05-28T07:43:34.820+0000] {processor.py:830} INFO - Processing file /opt/airflow/dags/shopee_dag.py for tasks to queue
[2026-05-28T07:43:34.822+0000] {logging_mixin.py:188} INFO - [2026-05-28T07:43:34.822+0000] {dagbag.py:545} INFO - Filling up the DagBag from /opt/airflow/dags/shopee_dag.py
[2026-05-28T07:43:34.934+0000] {processor.py:840} INFO - DAG(s) 'shopee_pipeline' retrieved from /opt/airflow/dags/shopee_dag.py
[2026-05-28T07:43:34.969+0000] {logging_mixin.py:188} INFO - [2026-05-28T07:43:34.969+0000] {dag.py:3096} INFO - Sync 1 DAGs
[2026-05-28T07:43:34.994+0000] {logging_mixin.py:188} INFO - [2026-05-28T07:43:34.994+0000] {dag.py:3954} INFO - Setting next_dagrun for shopee_pipeline to 2026-05-28 01:00:00+00:00, run_after=2026-05-29 01:00:00+00:00
[2026-05-28T07:43:35.026+0000] {processor.py:183} INFO - Processing /opt/airflow/dags/shopee_dag.py took 0.214 seconds
[2026-05-28T07:44:05.384+0000] {processor.py:161} INFO - Started process (PID=48483) to work on /opt/airflow/dags/shopee_dag.py
[2026-05-28T07:44:05.385+0000] {processor.py:830} INFO - Processing file /opt/airflow/dags/shopee_dag.py for tasks to queue
[2026-05-28T07:44:05.389+0000] {logging_mixin.py:188} INFO - [2026-05-28T07:44:05.388+0000] {dagbag.py:545} INFO - Filling up the DagBag from /opt/airflow/dags/shopee_dag.py
[2026-05-28T07:44:05.545+0000] {processor.py:840} INFO - DAG(s) 'shopee_pipeline' retrieved from /opt/airflow/dags/shopee_dag.py
[2026-05-28T07:44:05.591+0000] {logging_mixin.py:188} INFO - [2026-05-28T07:44:05.591+0000] {dag.py:3096} INFO - Sync 1 DAGs
[2026-05-28T07:44:05.649+0000] {logging_mixin.py:188} INFO - [2026-05-28T07:44:05.649+0000] {dag.py:3954} INFO - Setting next_dagrun for shopee_pipeline to 2026-05-28 01:00:00+00:00, run_after=2026-05-29 01:00:00+00:00
[2026-05-28T07:44:05.692+0000] {processor.py:183} INFO - Processing /opt/airflow/dags/shopee_dag.py took 0.318 seconds
[2026-05-28T07:44:35.877+0000] {processor.py:161} INFO - Started process (PID=48512) to work on /opt/airflow/dags/shopee_dag.py
[2026-05-28T07:44:35.878+0000] {processor.py:830} INFO - Processing file /opt/airflow/dags/shopee_dag.py for tasks to queue
[2026-05-28T07:44:35.881+0000] {logging_mixin.py:188} INFO - [2026-05-28T07:44:35.880+0000] {dagbag.py:545} INFO - Filling up the DagBag from /opt/airflow/dags/shopee_dag.py
[2026-05-28T07:44:35.996+0000] {processor.py:840} INFO - DAG(s) 'shopee_pipeline' retrieved from /opt/airflow/dags/shopee_dag.py
[2026-05-28T07:44:36.027+0000] {logging_mixin.py:188} INFO - [2026-05-28T07:44:36.027+0000] {dag.py:3096} INFO - Sync 1 DAGs
[2026-05-28T07:44:36.050+0000] {logging_mixin.py:188} INFO - [2026-05-28T07:44:36.050+0000] {dag.py:3954} INFO - Setting next_dagrun for shopee_pipeline to 2026-05-28 01:00:00+00:00, run_after=2026-05-29 01:00:00+00:00
[2026-05-28T07:44:36.071+0000] {processor.py:183} INFO - Processing /opt/airflow/dags/shopee_dag.py took 0.200 seconds
[2026-05-28T07:45:06.367+0000] {processor.py:161} INFO - Started process (PID=48632) to work on /opt/airflow/dags/shopee_dag.py
[2026-05-28T07:45:06.368+0000] {processor.py:830} INFO - Processing file /opt/airflow/dags/shopee_dag.py for tasks to queue
[2026-05-28T07:45:06.370+0000] {logging_mixin.py:188} INFO - [2026-05-28T07:45:06.369+0000] {dagbag.py:545} INFO - Filling up the DagBag from /opt/airflow/dags/shopee_dag.py
[2026-05-28T07:45:06.483+0000] {processor.py:840} INFO - DAG(s) 'shopee_pipeline' retrieved from /opt/airflow/dags/shopee_dag.py
[2026-05-28T07:45:06.514+0000] {logging_mixin.py:188} INFO - [2026-05-28T07:45:06.514+0000] {dag.py:3096} INFO - Sync 1 DAGs
[2026-05-28T07:45:06.535+0000] {logging_mixin.py:188} INFO - [2026-05-28T07:45:06.535+0000] {dag.py:3954} INFO - Setting next_dagrun for shopee_pipeline to 2026-05-28 01:00:00+00:00, run_after=2026-05-29 01:00:00+00:00
[2026-05-28T07:45:06.568+0000] {processor.py:183} INFO - Processing /opt/airflow/dags/shopee_dag.py took 0.208 seconds
[2026-05-28T07:45:36.655+0000] {processor.py:161} INFO - Started process (PID=48750) to work on /opt/airflow/dags/shopee_dag.py
[2026-05-28T07:45:36.657+0000] {processor.py:830} INFO - Processing file /opt/airflow/dags/shopee_dag.py for tasks to queue
[2026-05-28T07:45:36.659+0000] {logging_mixin.py:188} INFO - [2026-05-28T07:45:36.658+0000] {dagbag.py:545} INFO - Filling up the DagBag from /opt/airflow/dags/shopee_dag.py
[2026-05-28T07:45:36.789+0000] {processor.py:840} INFO - DAG(s) 'shopee_pipeline' retrieved from /opt/airflow/dags/shopee_dag.py
[2026-05-28T07:45:36.828+0000] {logging_mixin.py:188} INFO - [2026-05-28T07:45:36.828+0000] {dag.py:3096} INFO - Sync 1 DAGs
[2026-05-28T07:45:37.016+0000] {logging_mixin.py:188} INFO - [2026-05-28T07:45:37.015+0000] {dag.py:3954} INFO - Setting next_dagrun for shopee_pipeline to 2026-05-28 01:00:00+00:00, run_after=2026-05-29 01:00:00+00:00
[2026-05-28T07:45:37.036+0000] {processor.py:183} INFO - Processing /opt/airflow/dags/shopee_dag.py took 0.393 seconds
[2026-05-28T07:46:07.392+0000] {processor.py:161} INFO - Started process (PID=48763) to work on /opt/airflow/dags/shopee_dag.py
[2026-05-28T07:46:07.393+0000] {processor.py:830} INFO - Processing file /opt/airflow/dags/shopee_dag.py for tasks to queue
[2026-05-28T07:46:07.396+0000] {logging_mixin.py:188} INFO - [2026-05-28T07:46:07.396+0000] {dagbag.py:545} INFO - Filling up the DagBag from /opt/airflow/dags/shopee_dag.py
[2026-05-28T07:46:07.557+0000] {processor.py:840} INFO - DAG(s) 'shopee_pipeline' retrieved from /opt/airflow/dags/shopee_dag.py
[2026-05-28T07:46:07.611+0000] {logging_mixin.py:188} INFO - [2026-05-28T07:46:07.609+0000] {dag.py:3096} INFO - Sync 1 DAGs
[2026-05-28T07:46:07.643+0000] {logging_mixin.py:188} INFO - [2026-05-28T07:46:07.643+0000] {dag.py:3954} INFO - Setting next_dagrun for shopee_pipeline to 2026-05-28 01:00:00+00:00, run_after=2026-05-29 01:00:00+00:00
[2026-05-28T07:46:07.672+0000] {processor.py:183} INFO - Processing /opt/airflow/dags/shopee_dag.py took 0.291 seconds
[2026-05-28T07:46:38.017+0000] {processor.py:161} INFO - Started process (PID=48882) to work on /opt/airflow/dags/shopee_dag.py
[2026-05-28T07:46:38.018+0000] {processor.py:830} INFO - Processing file /opt/airflow/dags/shopee_dag.py for tasks to queue
[2026-05-28T07:46:38.021+0000] {logging_mixin.py:188} INFO - [2026-05-28T07:46:38.020+0000] {dagbag.py:545} INFO - Filling up the DagBag from /opt/airflow/dags/shopee_dag.py
[2026-05-28T07:46:38.182+0000] {processor.py:840} INFO - DAG(s) 'shopee_pipeline' retrieved from /opt/airflow/dags/shopee_dag.py
[2026-05-28T07:46:38.245+0000] {logging_mixin.py:188} INFO - [2026-05-28T07:46:38.244+0000] {dag.py:3096} INFO - Sync 1 DAGs
[2026-05-28T07:46:38.564+0000] {logging_mixin.py:188} INFO - [2026-05-28T07:46:38.564+0000] {dag.py:3954} INFO - Setting next_dagrun for shopee_pipeline to 2026-05-28 01:00:00+00:00, run_after=2026-05-29 01:00:00+00:00
[2026-05-28T07:46:38.593+0000] {processor.py:183} INFO - Processing /opt/airflow/dags/shopee_dag.py took 0.589 seconds
[2026-05-28T07:47:09.175+0000] {processor.py:161} INFO - Started process (PID=48904) to work on /opt/airflow/dags/shopee_dag.py
[2026-05-28T07:47:09.176+0000] {processor.py:830} INFO - Processing file /opt/airflow/dags/shopee_dag.py for tasks to queue
[2026-05-28T07:47:09.179+0000] {logging_mixin.py:188} INFO - [2026-05-28T07:47:09.179+0000] {dagbag.py:545} INFO - Filling up the DagBag from /opt/airflow/dags/shopee_dag.py
[2026-05-28T07:47:09.291+0000] {processor.py:840} INFO - DAG(s) 'shopee_pipeline' retrieved from /opt/airflow/dags/shopee_dag.py
[2026-05-28T07:47:09.324+0000] {logging_mixin.py:188} INFO - [2026-05-28T07:47:09.324+0000] {dag.py:3096} INFO - Sync 1 DAGs
[2026-05-28T07:47:09.350+0000] {logging_mixin.py:188} INFO - [2026-05-28T07:47:09.349+0000] {dag.py:3954} INFO - Setting next_dagrun for shopee_pipeline to 2026-05-28 01:00:00+00:00, run_after=2026-05-29 01:00:00+00:00
[2026-05-28T07:47:09.385+0000] {processor.py:183} INFO - Processing /opt/airflow/dags/shopee_dag.py took 0.216 seconds
[2026-05-28T07:47:39.781+0000] {processor.py:161} INFO - Started process (PID=49024) to work on /opt/airflow/dags/shopee_dag.py
[2026-05-28T07:47:39.782+0000] {processor.py:830} INFO - Processing file /opt/airflow/dags/shopee_dag.py for tasks to queue
[2026-05-28T07:47:39.785+0000] {logging_mixin.py:188} INFO - [2026-05-28T07:47:39.784+0000] {dagbag.py:545} INFO - Filling up the DagBag from /opt/airflow/dags/shopee_dag.py
[2026-05-28T07:47:39.916+0000] {processor.py:840} INFO - DAG(s) 'shopee_pipeline' retrieved from /opt/airflow/dags/shopee_dag.py
[2026-05-28T07:47:39.957+0000] {logging_mixin.py:188} INFO - [2026-05-28T07:47:39.957+0000] {dag.py:3096} INFO - Sync 1 DAGs
[2026-05-28T07:47:40.122+0000] {logging_mixin.py:188} INFO - [2026-05-28T07:47:40.121+0000] {dag.py:3954} INFO - Setting next_dagrun for shopee_pipeline to 2026-05-28 01:00:00+00:00, run_after=2026-05-29 01:00:00+00:00
[2026-05-28T07:47:40.159+0000] {processor.py:183} INFO - Processing /opt/airflow/dags/shopee_dag.py took 0.386 seconds
[2026-05-28T07:48:10.490+0000] {processor.py:161} INFO - Started process (PID=49141) to work on /opt/airflow/dags/shopee_dag.py
[2026-05-28T07:48:10.492+0000] {processor.py:830} INFO - Processing file /opt/airflow/dags/shopee_dag.py for tasks to queue
[2026-05-28T07:48:10.495+0000] {logging_mixin.py:188} INFO - [2026-05-28T07:48:10.494+0000] {dagbag.py:545} INFO - Filling up the DagBag from /opt/airflow/dags/shopee_dag.py
[2026-05-28T07:48:10.621+0000] {processor.py:840} INFO - DAG(s) 'shopee_pipeline' retrieved from /opt/airflow/dags/shopee_dag.py
[2026-05-28T07:48:10.659+0000] {logging_mixin.py:188} INFO - [2026-05-28T07:48:10.659+0000] {dag.py:3096} INFO - Sync 1 DAGs
[2026-05-28T07:48:10.836+0000] {logging_mixin.py:188} INFO - [2026-05-28T07:48:10.836+0000] {dag.py:3954} INFO - Setting next_dagrun for shopee_pipeline to 2026-05-28 01:00:00+00:00, run_after=2026-05-29 01:00:00+00:00
[2026-05-28T07:48:10.868+0000] {processor.py:183} INFO - Processing /opt/airflow/dags/shopee_dag.py took 0.387 seconds
[2026-05-28T07:48:41.481+0000] {processor.py:161} INFO - Started process (PID=49170) to work on /opt/airflow/dags/shopee_dag.py
[2026-05-28T07:48:41.483+0000] {processor.py:830} INFO - Processing file /opt/airflow/dags/shopee_dag.py for tasks to queue
[2026-05-28T07:48:41.485+0000] {logging_mixin.py:188} INFO - [2026-05-28T07:48:41.484+0000] {dagbag.py:545} INFO - Filling up the DagBag from /opt/airflow/dags/shopee_dag.py
[2026-05-28T07:48:41.591+0000] {processor.py:840} INFO - DAG(s) 'shopee_pipeline' retrieved from /opt/airflow/dags/shopee_dag.py
[2026-05-28T07:48:41.732+0000] {logging_mixin.py:188} INFO - [2026-05-28T07:48:41.732+0000] {dag.py:3096} INFO - Sync 1 DAGs
[2026-05-28T07:48:41.755+0000] {logging_mixin.py:188} INFO - [2026-05-28T07:48:41.754+0000] {dag.py:3954} INFO - Setting next_dagrun for shopee_pipeline to 2026-05-28 01:00:00+00:00, run_after=2026-05-29 01:00:00+00:00
[2026-05-28T07:48:41.792+0000] {processor.py:183} INFO - Processing /opt/airflow/dags/shopee_dag.py took 0.318 seconds
[2026-05-28T07:49:12.040+0000] {processor.py:161} INFO - Started process (PID=49288) to work on /opt/airflow/dags/shopee_dag.py
[2026-05-28T07:49:12.041+0000] {processor.py:830} INFO - Processing file /opt/airflow/dags/shopee_dag.py for tasks to queue
[2026-05-28T07:49:12.043+0000] {logging_mixin.py:188} INFO - [2026-05-28T07:49:12.043+0000] {dagbag.py:545} INFO - Filling up the DagBag from /opt/airflow/dags/shopee_dag.py
[2026-05-28T07:49:12.163+0000] {processor.py:840} INFO - DAG(s) 'shopee_pipeline' retrieved from /opt/airflow/dags/shopee_dag.py
[2026-05-28T07:49:12.199+0000] {logging_mixin.py:188} INFO - [2026-05-28T07:49:12.199+0000] {dag.py:3096} INFO - Sync 1 DAGs
[2026-05-28T07:49:12.348+0000] {logging_mixin.py:188} INFO - [2026-05-28T07:49:12.348+0000] {dag.py:3954} INFO - Setting next_dagrun for shopee_pipeline to 2026-05-28 01:00:00+00:00, run_after=2026-05-29 01:00:00+00:00
[2026-05-28T07:49:12.380+0000] {processor.py:183} INFO - Processing /opt/airflow/dags/shopee_dag.py took 0.352 seconds
[2026-05-28T07:49:42.692+0000] {processor.py:161} INFO - Started process (PID=49373) to work on /opt/airflow/dags/shopee_dag.py
[2026-05-28T07:49:42.694+0000] {processor.py:830} INFO - Processing file /opt/airflow/dags/shopee_dag.py for tasks to queue
[2026-05-28T07:49:42.696+0000] {logging_mixin.py:188} INFO - [2026-05-28T07:49:42.696+0000] {dagbag.py:545} INFO - Filling up the DagBag from /opt/airflow/dags/shopee_dag.py
[2026-05-28T07:49:42.941+0000] {processor.py:840} INFO - DAG(s) 'shopee_pipeline' retrieved from /opt/airflow/dags/shopee_dag.py
[2026-05-28T07:49:42.972+0000] {logging_mixin.py:188} INFO - [2026-05-28T07:49:42.972+0000] {dag.py:3096} INFO - Sync 1 DAGs
[2026-05-28T07:49:42.992+0000] {logging_mixin.py:188} INFO - [2026-05-28T07:49:42.992+0000] {dag.py:3954} INFO - Setting next_dagrun for shopee_pipeline to 2026-05-28 01:00:00+00:00, run_after=2026-05-29 01:00:00+00:00
[2026-05-28T07:49:43.024+0000] {processor.py:183} INFO - Processing /opt/airflow/dags/shopee_dag.py took 0.338 seconds
[2026-05-28T07:50:13.638+0000] {processor.py:161} INFO - Started process (PID=49423) to work on /opt/airflow/dags/shopee_dag.py
[2026-05-28T07:50:13.639+0000] {processor.py:830} INFO - Processing file /opt/airflow/dags/shopee_dag.py for tasks to queue
[2026-05-28T07:50:13.640+0000] {logging_mixin.py:188} INFO - [2026-05-28T07:50:13.640+0000] {dagbag.py:545} INFO - Filling up the DagBag from /opt/airflow/dags/shopee_dag.py
[2026-05-28T07:50:13.742+0000] {processor.py:840} INFO - DAG(s) 'shopee_pipeline' retrieved from /opt/airflow/dags/shopee_dag.py
[2026-05-28T07:50:13.778+0000] {logging_mixin.py:188} INFO - [2026-05-28T07:50:13.778+0000] {dag.py:3096} INFO - Sync 1 DAGs
[2026-05-28T07:50:13.931+0000] {logging_mixin.py:188} INFO - [2026-05-28T07:50:13.930+0000] {dag.py:3954} INFO - Setting next_dagrun for shopee_pipeline to 2026-05-28 01:00:00+00:00, run_after=2026-05-29 01:00:00+00:00
[2026-05-28T07:50:13.956+0000] {processor.py:183} INFO - Processing /opt/airflow/dags/shopee_dag.py took 0.325 seconds
[2026-05-28T07:50:44.384+0000] {processor.py:161} INFO - Started process (PID=49510) to work on /opt/airflow/dags/shopee_dag.py
[2026-05-28T07:50:44.385+0000] {processor.py:830} INFO - Processing file /opt/airflow/dags/shopee_dag.py for tasks to queue
[2026-05-28T07:50:44.387+0000] {logging_mixin.py:188} INFO - [2026-05-28T07:50:44.387+0000] {dagbag.py:545} INFO - Filling up the DagBag from /opt/airflow/dags/shopee_dag.py
[2026-05-28T07:50:44.682+0000] {processor.py:840} INFO - DAG(s) 'shopee_pipeline' retrieved from /opt/airflow/dags/shopee_dag.py
[2026-05-28T07:50:44.727+0000] {logging_mixin.py:188} INFO - [2026-05-28T07:50:44.727+0000] {dag.py:3096} INFO - Sync 1 DAGs
[2026-05-28T07:50:44.757+0000] {logging_mixin.py:188} INFO - [2026-05-28T07:50:44.757+0000] {dag.py:3954} INFO - Setting next_dagrun for shopee_pipeline to 2026-05-28 01:00:00+00:00, run_after=2026-05-29 01:00:00+00:00
[2026-05-28T07:50:44.796+0000] {processor.py:183} INFO - Processing /opt/airflow/dags/shopee_dag.py took 0.422 seconds
[2026-05-28T07:51:15.197+0000] {processor.py:161} INFO - Started process (PID=49551) to work on /opt/airflow/dags/shopee_dag.py
[2026-05-28T07:51:15.198+0000] {processor.py:830} INFO - Processing file /opt/airflow/dags/shopee_dag.py for tasks to queue
[2026-05-28T07:51:15.201+0000] {logging_mixin.py:188} INFO - [2026-05-28T07:51:15.200+0000] {dagbag.py:545} INFO - Filling up the DagBag from /opt/airflow/dags/shopee_dag.py
[2026-05-28T07:51:15.303+0000] {processor.py:840} INFO - DAG(s) 'shopee_pipeline' retrieved from /opt/airflow/dags/shopee_dag.py
[2026-05-28T07:51:15.337+0000] {logging_mixin.py:188} INFO - [2026-05-28T07:51:15.337+0000] {dag.py:3096} INFO - Sync 1 DAGs
[2026-05-28T07:51:15.511+0000] {logging_mixin.py:188} INFO - [2026-05-28T07:51:15.510+0000] {dag.py:3954} INFO - Setting next_dagrun for shopee_pipeline to 2026-05-28 01:00:00+00:00, run_after=2026-05-29 01:00:00+00:00
[2026-05-28T07:51:15.549+0000] {processor.py:183} INFO - Processing /opt/airflow/dags/shopee_dag.py took 0.361 seconds
[2026-05-28T07:51:45.872+0000] {processor.py:161} INFO - Started process (PID=49654) to work on /opt/airflow/dags/shopee_dag.py
[2026-05-28T07:51:45.873+0000] {processor.py:830} INFO - Processing file /opt/airflow/dags/shopee_dag.py for tasks to queue
[2026-05-28T07:51:45.875+0000] {logging_mixin.py:188} INFO - [2026-05-28T07:51:45.875+0000] {dagbag.py:545} INFO - Filling up the DagBag from /opt/airflow/dags/shopee_dag.py
[2026-05-28T07:51:46.229+0000] {processor.py:840} INFO - DAG(s) 'shopee_pipeline' retrieved from /opt/airflow/dags/shopee_dag.py
[2026-05-28T07:51:46.274+0000] {logging_mixin.py:188} INFO - [2026-05-28T07:51:46.273+0000] {dag.py:3096} INFO - Sync 1 DAGs
[2026-05-28T07:51:46.313+0000] {logging_mixin.py:188} INFO - [2026-05-28T07:51:46.313+0000] {dag.py:3954} INFO - Setting next_dagrun for shopee_pipeline to 2026-05-28 01:00:00+00:00, run_after=2026-05-29 01:00:00+00:00
[2026-05-28T07:51:46.348+0000] {processor.py:183} INFO - Processing /opt/airflow/dags/shopee_dag.py took 0.484 seconds
[2026-05-28T07:52:16.663+0000] {processor.py:161} INFO - Started process (PID=49684) to work on /opt/airflow/dags/shopee_dag.py
[2026-05-28T07:52:16.664+0000] {processor.py:830} INFO - Processing file /opt/airflow/dags/shopee_dag.py for tasks to queue
[2026-05-28T07:52:16.666+0000] {logging_mixin.py:188} INFO - [2026-05-28T07:52:16.666+0000] {dagbag.py:545} INFO - Filling up the DagBag from /opt/airflow/dags/shopee_dag.py
[2026-05-28T07:52:16.775+0000] {processor.py:840} INFO - DAG(s) 'shopee_pipeline' retrieved from /opt/airflow/dags/shopee_dag.py
[2026-05-28T07:52:16.943+0000] {logging_mixin.py:188} INFO - [2026-05-28T07:52:16.942+0000] {dag.py:3096} INFO - Sync 1 DAGs
[2026-05-28T07:52:16.967+0000] {logging_mixin.py:188} INFO - [2026-05-28T07:52:16.966+0000] {dag.py:3954} INFO - Setting next_dagrun for shopee_pipeline to 2026-05-28 01:00:00+00:00, run_after=2026-05-29 01:00:00+00:00
[2026-05-28T07:52:16.995+0000] {processor.py:183} INFO - Processing /opt/airflow/dags/shopee_dag.py took 0.341 seconds
[2026-05-28T07:52:47.337+0000] {processor.py:161} INFO - Started process (PID=49808) to work on /opt/airflow/dags/shopee_dag.py
[2026-05-28T07:52:47.338+0000] {processor.py:830} INFO - Processing file /opt/airflow/dags/shopee_dag.py for tasks to queue
[2026-05-28T07:52:47.340+0000] {logging_mixin.py:188} INFO - [2026-05-28T07:52:47.340+0000] {dagbag.py:545} INFO - Filling up the DagBag from /opt/airflow/dags/shopee_dag.py
[2026-05-28T07:52:47.590+0000] {processor.py:840} INFO - DAG(s) 'shopee_pipeline' retrieved from /opt/airflow/dags/shopee_dag.py
[2026-05-28T07:52:47.621+0000] {logging_mixin.py:188} INFO - [2026-05-28T07:52:47.621+0000] {dag.py:3096} INFO - Sync 1 DAGs
[2026-05-28T07:52:47.645+0000] {logging_mixin.py:188} INFO - [2026-05-28T07:52:47.645+0000] {dag.py:3954} INFO - Setting next_dagrun for shopee_pipeline to 2026-05-28 01:00:00+00:00, run_after=2026-05-29 01:00:00+00:00
[2026-05-28T07:52:47.744+0000] {processor.py:183} INFO - Processing /opt/airflow/dags/shopee_dag.py took 0.415 seconds
[2026-05-28T07:53:18.096+0000] {processor.py:161} INFO - Started process (PID=49823) to work on /opt/airflow/dags/shopee_dag.py
[2026-05-28T07:53:18.097+0000] {processor.py:830} INFO - Processing file /opt/airflow/dags/shopee_dag.py for tasks to queue
[2026-05-28T07:53:18.099+0000] {logging_mixin.py:188} INFO - [2026-05-28T07:53:18.099+0000] {dagbag.py:545} INFO - Filling up the DagBag from /opt/airflow/dags/shopee_dag.py
[2026-05-28T07:53:18.309+0000] {processor.py:840} INFO - DAG(s) 'shopee_pipeline' retrieved from /opt/airflow/dags/shopee_dag.py
[2026-05-28T07:53:18.336+0000] {logging_mixin.py:188} INFO - [2026-05-28T07:53:18.336+0000] {dag.py:3096} INFO - Sync 1 DAGs
[2026-05-28T07:53:18.357+0000] {logging_mixin.py:188} INFO - [2026-05-28T07:53:18.356+0000] {dag.py:3954} INFO - Setting next_dagrun for shopee_pipeline to 2026-05-28 01:00:00+00:00, run_after=2026-05-29 01:00:00+00:00
[2026-05-28T07:53:18.377+0000] {processor.py:183} INFO - Processing /opt/airflow/dags/shopee_dag.py took 0.289 seconds
[2026-05-28T07:53:48.740+0000] {processor.py:161} INFO - Started process (PID=49947) to work on /opt/airflow/dags/shopee_dag.py
[2026-05-28T07:53:48.741+0000] {processor.py:830} INFO - Processing file /opt/airflow/dags/shopee_dag.py for tasks to queue
[2026-05-28T07:53:48.743+0000] {logging_mixin.py:188} INFO - [2026-05-28T07:53:48.742+0000] {dagbag.py:545} INFO - Filling up the DagBag from /opt/airflow/dags/shopee_dag.py
[2026-05-28T07:53:48.967+0000] {processor.py:840} INFO - DAG(s) 'shopee_pipeline' retrieved from /opt/airflow/dags/shopee_dag.py
[2026-05-28T07:53:48.998+0000] {logging_mixin.py:188} INFO - [2026-05-28T07:53:48.998+0000] {dag.py:3096} INFO - Sync 1 DAGs
[2026-05-28T07:53:49.019+0000] {logging_mixin.py:188} INFO - [2026-05-28T07:53:49.019+0000] {dag.py:3954} INFO - Setting next_dagrun for shopee_pipeline to 2026-05-28 01:00:00+00:00, run_after=2026-05-29 01:00:00+00:00
[2026-05-28T07:53:49.042+0000] {processor.py:183} INFO - Processing /opt/airflow/dags/shopee_dag.py took 0.309 seconds
[2026-05-28T07:54:19.470+0000] {processor.py:161} INFO - Started process (PID=50049) to work on /opt/airflow/dags/shopee_dag.py
[2026-05-28T07:54:19.471+0000] {processor.py:830} INFO - Processing file /opt/airflow/dags/shopee_dag.py for tasks to queue
[2026-05-28T07:54:19.473+0000] {logging_mixin.py:188} INFO - [2026-05-28T07:54:19.473+0000] {dagbag.py:545} INFO - Filling up the DagBag from /opt/airflow/dags/shopee_dag.py
[2026-05-28T07:54:19.676+0000] {processor.py:840} INFO - DAG(s) 'shopee_pipeline' retrieved from /opt/airflow/dags/shopee_dag.py
[2026-05-28T07:54:19.706+0000] {logging_mixin.py:188} INFO - [2026-05-28T07:54:19.706+0000] {dag.py:3096} INFO - Sync 1 DAGs
[2026-05-28T07:54:19.729+0000] {logging_mixin.py:188} INFO - [2026-05-28T07:54:19.729+0000] {dag.py:3954} INFO - Setting next_dagrun for shopee_pipeline to 2026-05-28 01:00:00+00:00, run_after=2026-05-29 01:00:00+00:00
[2026-05-28T07:54:19.750+0000] {processor.py:183} INFO - Processing /opt/airflow/dags/shopee_dag.py took 0.286 seconds
[2026-05-28T07:54:50.070+0000] {processor.py:161} INFO - Started process (PID=50164) to work on /opt/airflow/dags/shopee_dag.py
[2026-05-28T07:54:50.072+0000] {processor.py:830} INFO - Processing file /opt/airflow/dags/shopee_dag.py for tasks to queue
[2026-05-28T07:54:50.075+0000] {logging_mixin.py:188} INFO - [2026-05-28T07:54:50.075+0000] {dagbag.py:545} INFO - Filling up the DagBag from /opt/airflow/dags/shopee_dag.py
[2026-05-28T07:54:50.866+0000] {processor.py:840} INFO - DAG(s) 'shopee_pipeline' retrieved from /opt/airflow/dags/shopee_dag.py
[2026-05-28T07:54:50.995+0000] {logging_mixin.py:188} INFO - [2026-05-28T07:54:50.995+0000] {dag.py:3096} INFO - Sync 1 DAGs
[2026-05-28T07:54:51.045+0000] {logging_mixin.py:188} INFO - [2026-05-28T07:54:51.045+0000] {dag.py:3954} INFO - Setting next_dagrun for shopee_pipeline to 2026-05-28 01:00:00+00:00, run_after=2026-05-29 01:00:00+00:00
[2026-05-28T07:54:51.099+0000] {processor.py:183} INFO - Processing /opt/airflow/dags/shopee_dag.py took 1.038 seconds
[2026-05-28T07:55:21.232+0000] {processor.py:161} INFO - Started process (PID=50178) to work on /opt/airflow/dags/shopee_dag.py
[2026-05-28T07:55:21.234+0000] {processor.py:830} INFO - Processing file /opt/airflow/dags/shopee_dag.py for tasks to queue
[2026-05-28T07:55:21.235+0000] {logging_mixin.py:188} INFO - [2026-05-28T07:55:21.235+0000] {dagbag.py:545} INFO - Filling up the DagBag from /opt/airflow/dags/shopee_dag.py
[2026-05-28T07:55:21.437+0000] {processor.py:840} INFO - DAG(s) 'shopee_pipeline' retrieved from /opt/airflow/dags/shopee_dag.py
[2026-05-28T07:55:21.464+0000] {logging_mixin.py:188} INFO - [2026-05-28T07:55:21.464+0000] {dag.py:3096} INFO - Sync 1 DAGs
[2026-05-28T07:55:21.485+0000] {logging_mixin.py:188} INFO - [2026-05-28T07:55:21.485+0000] {dag.py:3954} INFO - Setting next_dagrun for shopee_pipeline to 2026-05-28 01:00:00+00:00, run_after=2026-05-29 01:00:00+00:00
[2026-05-28T07:55:21.514+0000] {processor.py:183} INFO - Processing /opt/airflow/dags/shopee_dag.py took 0.288 seconds
[2026-05-28T07:55:51.828+0000] {processor.py:161} INFO - Started process (PID=50300) to work on /opt/airflow/dags/shopee_dag.py
[2026-05-28T07:55:51.830+0000] {processor.py:830} INFO - Processing file /opt/airflow/dags/shopee_dag.py for tasks to queue
[2026-05-28T07:55:51.832+0000] {logging_mixin.py:188} INFO - [2026-05-28T07:55:51.831+0000] {dagbag.py:545} INFO - Filling up the DagBag from /opt/airflow/dags/shopee_dag.py
[2026-05-28T07:55:52.037+0000] {processor.py:840} INFO - DAG(s) 'shopee_pipeline' retrieved from /opt/airflow/dags/shopee_dag.py
[2026-05-28T07:55:52.063+0000] {logging_mixin.py:188} INFO - [2026-05-28T07:55:52.063+0000] {dag.py:3096} INFO - Sync 1 DAGs
[2026-05-28T07:55:52.084+0000] {logging_mixin.py:188} INFO - [2026-05-28T07:55:52.084+0000] {dag.py:3954} INFO - Setting next_dagrun for shopee_pipeline to 2026-05-28 01:00:00+00:00, run_after=2026-05-29 01:00:00+00:00
[2026-05-28T07:55:52.103+0000] {processor.py:183} INFO - Processing /opt/airflow/dags/shopee_dag.py took 0.280 seconds
[2026-05-28T07:56:22.704+0000] {processor.py:161} INFO - Started process (PID=50316) to work on /opt/airflow/dags/shopee_dag.py
[2026-05-28T07:56:22.705+0000] {processor.py:830} INFO - Processing file /opt/airflow/dags/shopee_dag.py for tasks to queue
[2026-05-28T07:56:22.707+0000] {logging_mixin.py:188} INFO - [2026-05-28T07:56:22.707+0000] {dagbag.py:545} INFO - Filling up the DagBag from /opt/airflow/dags/shopee_dag.py
[2026-05-28T07:56:22.930+0000] {processor.py:840} INFO - DAG(s) 'shopee_pipeline' retrieved from /opt/airflow/dags/shopee_dag.py
[2026-05-28T07:56:22.964+0000] {logging_mixin.py:188} INFO - [2026-05-28T07:56:22.964+0000] {dag.py:3096} INFO - Sync 1 DAGs
[2026-05-28T07:56:22.993+0000] {logging_mixin.py:188} INFO - [2026-05-28T07:56:22.993+0000] {dag.py:3954} INFO - Setting next_dagrun for shopee_pipeline to 2026-05-28 01:00:00+00:00, run_after=2026-05-29 01:00:00+00:00
[2026-05-28T07:56:23.032+0000] {processor.py:183} INFO - Processing /opt/airflow/dags/shopee_dag.py took 0.336 seconds
[2026-05-28T07:56:53.165+0000] {processor.py:161} INFO - Started process (PID=50433) to work on /opt/airflow/dags/shopee_dag.py
[2026-05-28T07:56:53.166+0000] {processor.py:830} INFO - Processing file /opt/airflow/dags/shopee_dag.py for tasks to queue
[2026-05-28T07:56:53.168+0000] {logging_mixin.py:188} INFO - [2026-05-28T07:56:53.168+0000] {dagbag.py:545} INFO - Filling up the DagBag from /opt/airflow/dags/shopee_dag.py
[2026-05-28T07:56:53.370+0000] {processor.py:840} INFO - DAG(s) 'shopee_pipeline' retrieved from /opt/airflow/dags/shopee_dag.py
[2026-05-28T07:56:53.397+0000] {logging_mixin.py:188} INFO - [2026-05-28T07:56:53.397+0000] {dag.py:3096} INFO - Sync 1 DAGs
[2026-05-28T07:56:53.418+0000] {logging_mixin.py:188} INFO - [2026-05-28T07:56:53.418+0000] {dag.py:3954} INFO - Setting next_dagrun for shopee_pipeline to 2026-05-28 01:00:00+00:00, run_after=2026-05-29 01:00:00+00:00
[2026-05-28T07:56:53.438+0000] {processor.py:183} INFO - Processing /opt/airflow/dags/shopee_dag.py took 0.280 seconds
[2026-05-28T07:57:23.975+0000] {processor.py:161} INFO - Started process (PID=50552) to work on /opt/airflow/dags/shopee_dag.py
[2026-05-28T07:57:23.977+0000] {processor.py:830} INFO - Processing file /opt/airflow/dags/shopee_dag.py for tasks to queue
[2026-05-28T07:57:23.979+0000] {logging_mixin.py:188} INFO - [2026-05-28T07:57:23.978+0000] {dagbag.py:545} INFO - Filling up the DagBag from /opt/airflow/dags/shopee_dag.py
[2026-05-28T07:57:24.192+0000] {processor.py:840} INFO - DAG(s) 'shopee_pipeline' retrieved from /opt/airflow/dags/shopee_dag.py
[2026-05-28T07:57:24.223+0000] {logging_mixin.py:188} INFO - [2026-05-28T07:57:24.222+0000] {dag.py:3096} INFO - Sync 1 DAGs
[2026-05-28T07:57:24.243+0000] {logging_mixin.py:188} INFO - [2026-05-28T07:57:24.242+0000] {dag.py:3954} INFO - Setting next_dagrun for shopee_pipeline to 2026-05-28 01:00:00+00:00, run_after=2026-05-29 01:00:00+00:00
[2026-05-28T07:57:24.262+0000] {processor.py:183} INFO - Processing /opt/airflow/dags/shopee_dag.py took 0.295 seconds
[2026-05-28T07:57:54.597+0000] {processor.py:161} INFO - Started process (PID=50668) to work on /opt/airflow/dags/shopee_dag.py
[2026-05-28T07:57:54.600+0000] {processor.py:830} INFO - Processing file /opt/airflow/dags/shopee_dag.py for tasks to queue
[2026-05-28T07:57:54.604+0000] {logging_mixin.py:188} INFO - [2026-05-28T07:57:54.603+0000] {dagbag.py:545} INFO - Filling up the DagBag from /opt/airflow/dags/shopee_dag.py
[2026-05-28T07:57:54.790+0000] {processor.py:840} INFO - DAG(s) 'shopee_pipeline' retrieved from /opt/airflow/dags/shopee_dag.py
[2026-05-28T07:57:54.829+0000] {logging_mixin.py:188} INFO - [2026-05-28T07:57:54.829+0000] {dag.py:3096} INFO - Sync 1 DAGs
[2026-05-28T07:57:54.860+0000] {logging_mixin.py:188} INFO - [2026-05-28T07:57:54.859+0000] {dag.py:3954} INFO - Setting next_dagrun for shopee_pipeline to 2026-05-28 01:00:00+00:00, run_after=2026-05-29 01:00:00+00:00
[2026-05-28T07:57:54.899+0000] {processor.py:183} INFO - Processing /opt/airflow/dags/shopee_dag.py took 0.314 seconds
[2026-05-28T07:58:25.278+0000] {processor.py:161} INFO - Started process (PID=50685) to work on /opt/airflow/dags/shopee_dag.py
[2026-05-28T07:58:25.279+0000] {processor.py:830} INFO - Processing file /opt/airflow/dags/shopee_dag.py for tasks to queue
[2026-05-28T07:58:25.280+0000] {logging_mixin.py:188} INFO - [2026-05-28T07:58:25.280+0000] {dagbag.py:545} INFO - Filling up the DagBag from /opt/airflow/dags/shopee_dag.py
[2026-05-28T07:58:25.386+0000] {processor.py:840} INFO - DAG(s) 'shopee_pipeline' retrieved from /opt/airflow/dags/shopee_dag.py
[2026-05-28T07:58:25.420+0000] {logging_mixin.py:188} INFO - [2026-05-28T07:58:25.420+0000] {dag.py:3096} INFO - Sync 1 DAGs
[2026-05-28T07:58:25.446+0000] {logging_mixin.py:188} INFO - [2026-05-28T07:58:25.446+0000] {dag.py:3954} INFO - Setting next_dagrun for shopee_pipeline to 2026-05-28 01:00:00+00:00, run_after=2026-05-29 01:00:00+00:00
[2026-05-28T07:58:25.484+0000] {processor.py:183} INFO - Processing /opt/airflow/dags/shopee_dag.py took 0.212 seconds
[2026-05-28T07:58:55.802+0000] {processor.py:161} INFO - Started process (PID=50787) to work on /opt/airflow/dags/shopee_dag.py
[2026-05-28T07:58:55.803+0000] {processor.py:830} INFO - Processing file /opt/airflow/dags/shopee_dag.py for tasks to queue
[2026-05-28T07:58:55.804+0000] {logging_mixin.py:188} INFO - [2026-05-28T07:58:55.804+0000] {dagbag.py:545} INFO - Filling up the DagBag from /opt/airflow/dags/shopee_dag.py
[2026-05-28T07:58:55.896+0000] {processor.py:840} INFO - DAG(s) 'shopee_pipeline' retrieved from /opt/airflow/dags/shopee_dag.py
[2026-05-28T07:58:55.925+0000] {logging_mixin.py:188} INFO - [2026-05-28T07:58:55.924+0000] {dag.py:3096} INFO - Sync 1 DAGs
[2026-05-28T07:58:55.945+0000] {logging_mixin.py:188} INFO - [2026-05-28T07:58:55.945+0000] {dag.py:3954} INFO - Setting next_dagrun for shopee_pipeline to 2026-05-28 01:00:00+00:00, run_after=2026-05-29 01:00:00+00:00
[2026-05-28T07:58:55.966+0000] {processor.py:183} INFO - Processing /opt/airflow/dags/shopee_dag.py took 0.169 seconds
[2026-05-28T07:59:26.339+0000] {processor.py:161} INFO - Started process (PID=50906) to work on /opt/airflow/dags/shopee_dag.py
[2026-05-28T07:59:26.340+0000] {processor.py:830} INFO - Processing file /opt/airflow/dags/shopee_dag.py for tasks to queue
[2026-05-28T07:59:26.343+0000] {logging_mixin.py:188} INFO - [2026-05-28T07:59:26.343+0000] {dagbag.py:545} INFO - Filling up the DagBag from /opt/airflow/dags/shopee_dag.py
[2026-05-28T07:59:26.466+0000] {processor.py:840} INFO - DAG(s) 'shopee_pipeline' retrieved from /opt/airflow/dags/shopee_dag.py
[2026-05-28T07:59:26.509+0000] {logging_mixin.py:188} INFO - [2026-05-28T07:59:26.509+0000] {dag.py:3096} INFO - Sync 1 DAGs
[2026-05-28T07:59:26.541+0000] {logging_mixin.py:188} INFO - [2026-05-28T07:59:26.540+0000] {dag.py:3954} INFO - Setting next_dagrun for shopee_pipeline to 2026-05-28 01:00:00+00:00, run_after=2026-05-29 01:00:00+00:00
[2026-05-28T07:59:26.567+0000] {processor.py:183} INFO - Processing /opt/airflow/dags/shopee_dag.py took 0.236 seconds
[2026-05-28T07:59:56.910+0000] {processor.py:161} INFO - Started process (PID=51024) to work on /opt/airflow/dags/shopee_dag.py
[2026-05-28T07:59:56.911+0000] {processor.py:830} INFO - Processing file /opt/airflow/dags/shopee_dag.py for tasks to queue
[2026-05-28T07:59:56.913+0000] {logging_mixin.py:188} INFO - [2026-05-28T07:59:56.913+0000] {dagbag.py:545} INFO - Filling up the DagBag from /opt/airflow/dags/shopee_dag.py
[2026-05-28T07:59:57.012+0000] {processor.py:840} INFO - DAG(s) 'shopee_pipeline' retrieved from /opt/airflow/dags/shopee_dag.py
[2026-05-28T07:59:57.041+0000] {logging_mixin.py:188} INFO - [2026-05-28T07:59:57.041+0000] {dag.py:3096} INFO - Sync 1 DAGs
[2026-05-28T07:59:57.065+0000] {logging_mixin.py:188} INFO - [2026-05-28T07:59:57.064+0000] {dag.py:3954} INFO - Setting next_dagrun for shopee_pipeline to 2026-05-28 01:00:00+00:00, run_after=2026-05-29 01:00:00+00:00
[2026-05-28T07:59:57.084+0000] {processor.py:183} INFO - Processing /opt/airflow/dags/shopee_dag.py took 0.182 seconds
[2026-05-28T08:00:27.460+0000] {processor.py:161} INFO - Started process (PID=51118) to work on /opt/airflow/dags/shopee_dag.py
[2026-05-28T08:00:27.461+0000] {processor.py:830} INFO - Processing file /opt/airflow/dags/shopee_dag.py for tasks to queue
[2026-05-28T08:00:27.463+0000] {logging_mixin.py:188} INFO - [2026-05-28T08:00:27.463+0000] {dagbag.py:545} INFO - Filling up the DagBag from /opt/airflow/dags/shopee_dag.py
[2026-05-28T08:00:27.589+0000] {processor.py:840} INFO - DAG(s) 'shopee_pipeline' retrieved from /opt/airflow/dags/shopee_dag.py
[2026-05-28T08:00:27.625+0000] {logging_mixin.py:188} INFO - [2026-05-28T08:00:27.625+0000] {dag.py:3096} INFO - Sync 1 DAGs
[2026-05-28T08:00:27.652+0000] {logging_mixin.py:188} INFO - [2026-05-28T08:00:27.652+0000] {dag.py:3954} INFO - Setting next_dagrun for shopee_pipeline to 2026-05-28 01:00:00+00:00, run_after=2026-05-29 01:00:00+00:00
[2026-05-28T08:00:27.674+0000] {processor.py:183} INFO - Processing /opt/airflow/dags/shopee_dag.py took 0.221 seconds
[2026-05-28T08:00:58.020+0000] {processor.py:161} INFO - Started process (PID=51154) to work on /opt/airflow/dags/shopee_dag.py
[2026-05-28T08:00:58.022+0000] {processor.py:830} INFO - Processing file /opt/airflow/dags/shopee_dag.py for tasks to queue
[2026-05-28T08:00:58.024+0000] {logging_mixin.py:188} INFO - [2026-05-28T08:00:58.023+0000] {dagbag.py:545} INFO - Filling up the DagBag from /opt/airflow/dags/shopee_dag.py
[2026-05-28T08:00:58.139+0000] {processor.py:840} INFO - DAG(s) 'shopee_pipeline' retrieved from /opt/airflow/dags/shopee_dag.py
[2026-05-28T08:00:58.179+0000] {logging_mixin.py:188} INFO - [2026-05-28T08:00:58.178+0000] {dag.py:3096} INFO - Sync 1 DAGs
[2026-05-28T08:00:58.207+0000] {logging_mixin.py:188} INFO - [2026-05-28T08:00:58.207+0000] {dag.py:3954} INFO - Setting next_dagrun for shopee_pipeline to 2026-05-28 01:00:00+00:00, run_after=2026-05-29 01:00:00+00:00
[2026-05-28T08:00:58.247+0000] {processor.py:183} INFO - Processing /opt/airflow/dags/shopee_dag.py took 0.233 seconds
[2026-05-28T08:01:28.610+0000] {processor.py:161} INFO - Started process (PID=51274) to work on /opt/airflow/dags/shopee_dag.py
[2026-05-28T08:01:28.611+0000] {processor.py:830} INFO - Processing file /opt/airflow/dags/shopee_dag.py for tasks to queue
[2026-05-28T08:01:28.613+0000] {logging_mixin.py:188} INFO - [2026-05-28T08:01:28.613+0000] {dagbag.py:545} INFO - Filling up the DagBag from /opt/airflow/dags/shopee_dag.py
[2026-05-28T08:01:28.705+0000] {processor.py:840} INFO - DAG(s) 'shopee_pipeline' retrieved from /opt/airflow/dags/shopee_dag.py
[2026-05-28T08:01:28.736+0000] {logging_mixin.py:188} INFO - [2026-05-28T08:01:28.736+0000] {dag.py:3096} INFO - Sync 1 DAGs
[2026-05-28T08:01:28.762+0000] {logging_mixin.py:188} INFO - [2026-05-28T08:01:28.762+0000] {dag.py:3954} INFO - Setting next_dagrun for shopee_pipeline to 2026-05-28 01:00:00+00:00, run_after=2026-05-29 01:00:00+00:00
[2026-05-28T08:01:28.784+0000] {processor.py:183} INFO - Processing /opt/airflow/dags/shopee_dag.py took 0.179 seconds
[2026-05-28T08:01:59.084+0000] {processor.py:161} INFO - Started process (PID=51393) to work on /opt/airflow/dags/shopee_dag.py
[2026-05-28T08:01:59.086+0000] {processor.py:830} INFO - Processing file /opt/airflow/dags/shopee_dag.py for tasks to queue
[2026-05-28T08:01:59.087+0000] {logging_mixin.py:188} INFO - [2026-05-28T08:01:59.087+0000] {dagbag.py:545} INFO - Filling up the DagBag from /opt/airflow/dags/shopee_dag.py
[2026-05-28T08:01:59.187+0000] {processor.py:840} INFO - DAG(s) 'shopee_pipeline' retrieved from /opt/airflow/dags/shopee_dag.py
[2026-05-28T08:01:59.218+0000] {logging_mixin.py:188} INFO - [2026-05-28T08:01:59.217+0000] {dag.py:3096} INFO - Sync 1 DAGs
[2026-05-28T08:01:59.239+0000] {logging_mixin.py:188} INFO - [2026-05-28T08:01:59.239+0000] {dag.py:3954} INFO - Setting next_dagrun for shopee_pipeline to 2026-05-28 01:00:00+00:00, run_after=2026-05-29 01:00:00+00:00
[2026-05-28T08:01:59.274+0000] {processor.py:183} INFO - Processing /opt/airflow/dags/shopee_dag.py took 0.196 seconds
[2026-05-28T08:02:29.605+0000] {processor.py:161} INFO - Started process (PID=51513) to work on /opt/airflow/dags/shopee_dag.py
[2026-05-28T08:02:29.606+0000] {processor.py:830} INFO - Processing file /opt/airflow/dags/shopee_dag.py for tasks to queue
[2026-05-28T08:02:29.608+0000] {logging_mixin.py:188} INFO - [2026-05-28T08:02:29.608+0000] {dagbag.py:545} INFO - Filling up the DagBag from /opt/airflow/dags/shopee_dag.py
[2026-05-28T08:02:29.718+0000] {processor.py:840} INFO - DAG(s) 'shopee_pipeline' retrieved from /opt/airflow/dags/shopee_dag.py
[2026-05-28T08:02:29.755+0000] {logging_mixin.py:188} INFO - [2026-05-28T08:02:29.755+0000] {dag.py:3096} INFO - Sync 1 DAGs
[2026-05-28T08:02:29.780+0000] {logging_mixin.py:188} INFO - [2026-05-28T08:02:29.780+0000] {dag.py:3954} INFO - Setting next_dagrun for shopee_pipeline to 2026-05-28 01:00:00+00:00, run_after=2026-05-29 01:00:00+00:00
[2026-05-28T08:02:29.805+0000] {processor.py:183} INFO - Processing /opt/airflow/dags/shopee_dag.py took 0.206 seconds
[2026-05-28T08:03:00.205+0000] {processor.py:161} INFO - Started process (PID=51597) to work on /opt/airflow/dags/shopee_dag.py
[2026-05-28T08:03:00.207+0000] {processor.py:830} INFO - Processing file /opt/airflow/dags/shopee_dag.py for tasks to queue
[2026-05-28T08:03:00.209+0000] {logging_mixin.py:188} INFO - [2026-05-28T08:03:00.209+0000] {dagbag.py:545} INFO - Filling up the DagBag from /opt/airflow/dags/shopee_dag.py
[2026-05-28T08:03:00.309+0000] {processor.py:840} INFO - DAG(s) 'shopee_pipeline' retrieved from /opt/airflow/dags/shopee_dag.py
[2026-05-28T08:03:00.343+0000] {logging_mixin.py:188} INFO - [2026-05-28T08:03:00.342+0000] {dag.py:3096} INFO - Sync 1 DAGs
[2026-05-28T08:03:00.375+0000] {logging_mixin.py:188} INFO - [2026-05-28T08:03:00.375+0000] {dag.py:3954} INFO - Setting next_dagrun for shopee_pipeline to 2026-05-28 01:00:00+00:00, run_after=2026-05-29 01:00:00+00:00
[2026-05-28T08:03:00.413+0000] {processor.py:183} INFO - Processing /opt/airflow/dags/shopee_dag.py took 0.215 seconds
[2026-05-28T08:03:30.651+0000] {processor.py:161} INFO - Started process (PID=51642) to work on /opt/airflow/dags/shopee_dag.py
[2026-05-28T08:03:30.652+0000] {processor.py:830} INFO - Processing file /opt/airflow/dags/shopee_dag.py for tasks to queue
[2026-05-28T08:03:30.654+0000] {logging_mixin.py:188} INFO - [2026-05-28T08:03:30.654+0000] {dagbag.py:545} INFO - Filling up the DagBag from /opt/airflow/dags/shopee_dag.py
[2026-05-28T08:03:30.751+0000] {processor.py:840} INFO - DAG(s) 'shopee_pipeline' retrieved from /opt/airflow/dags/shopee_dag.py
[2026-05-28T08:03:30.786+0000] {logging_mixin.py:188} INFO - [2026-05-28T08:03:30.785+0000] {dag.py:3096} INFO - Sync 1 DAGs
[2026-05-28T08:03:30.812+0000] {logging_mixin.py:188} INFO - [2026-05-28T08:03:30.812+0000] {dag.py:3954} INFO - Setting next_dagrun for shopee_pipeline to 2026-05-28 01:00:00+00:00, run_after=2026-05-29 01:00:00+00:00
[2026-05-28T08:03:30.844+0000] {processor.py:183} INFO - Processing /opt/airflow/dags/shopee_dag.py took 0.199 seconds
[2026-05-28T08:04:01.116+0000] {processor.py:161} INFO - Started process (PID=51762) to work on /opt/airflow/dags/shopee_dag.py
[2026-05-28T08:04:01.117+0000] {processor.py:830} INFO - Processing file /opt/airflow/dags/shopee_dag.py for tasks to queue
[2026-05-28T08:04:01.119+0000] {logging_mixin.py:188} INFO - [2026-05-28T08:04:01.119+0000] {dagbag.py:545} INFO - Filling up the DagBag from /opt/airflow/dags/shopee_dag.py
[2026-05-28T08:04:01.222+0000] {processor.py:840} INFO - DAG(s) 'shopee_pipeline' retrieved from /opt/airflow/dags/shopee_dag.py
[2026-05-28T08:04:01.257+0000] {logging_mixin.py:188} INFO - [2026-05-28T08:04:01.257+0000] {dag.py:3096} INFO - Sync 1 DAGs
[2026-05-28T08:04:01.283+0000] {logging_mixin.py:188} INFO - [2026-05-28T08:04:01.283+0000] {dag.py:3954} INFO - Setting next_dagrun for shopee_pipeline to 2026-05-28 01:00:00+00:00, run_after=2026-05-29 01:00:00+00:00
[2026-05-28T08:04:01.304+0000] {processor.py:183} INFO - Processing /opt/airflow/dags/shopee_dag.py took 0.201 seconds
