[2026-05-17T04:45:09.076+0000] {processor.py:161} INFO - Started process (PID=1749) to work on /opt/airflow/dags/playwright_shopee.py
[2026-05-17T04:45:09.077+0000] {processor.py:830} INFO - Processing file /opt/airflow/dags/playwright_shopee.py for tasks to queue
[2026-05-17T04:45:09.079+0000] {logging_mixin.py:188} INFO - [2026-05-17T04:45:09.079+0000] {dagbag.py:545} INFO - Filling up the DagBag from /opt/airflow/dags/playwright_shopee.py
[2026-05-17T04:45:09.444+0000] {logging_mixin.py:188} INFO - [2026-05-17T04:45:09.429+0000] {dagbag.py:355} ERROR - Failed to import: /opt/airflow/dags/playwright_shopee.py
Traceback (most recent call last):
  File "/home/airflow/.local/lib/python3.8/site-packages/airflow/models/dagbag.py", line 351, in parse
    loader.exec_module(new_module)
  File "<frozen importlib._bootstrap_external>", line 843, in exec_module
  File "<frozen importlib._bootstrap>", line 219, in _call_with_frames_removed
  File "/opt/airflow/dags/playwright_shopee.py", line 104, in <module>
    raise FileNotFoundError(
FileNotFoundError: File auth tidak ditemukan: /opt/airflow/dags/shopee_auth.json
Jalankan login_shopee.py di laptop dulu, lalu copy shopee_auth.json ke folder dags/
[2026-05-17T04:45:09.447+0000] {processor.py:842} WARNING - No viable dags retrieved from /opt/airflow/dags/playwright_shopee.py
[2026-05-17T04:45:09.493+0000] {processor.py:183} INFO - Processing /opt/airflow/dags/playwright_shopee.py took 0.424 seconds
[2026-05-17T04:45:39.713+0000] {processor.py:161} INFO - Started process (PID=1759) to work on /opt/airflow/dags/playwright_shopee.py
[2026-05-17T04:45:39.714+0000] {processor.py:830} INFO - Processing file /opt/airflow/dags/playwright_shopee.py for tasks to queue
[2026-05-17T04:45:39.717+0000] {logging_mixin.py:188} INFO - [2026-05-17T04:45:39.716+0000] {dagbag.py:545} INFO - Filling up the DagBag from /opt/airflow/dags/playwright_shopee.py
[2026-05-17T04:45:39.881+0000] {logging_mixin.py:188} INFO - [2026-05-17T04:45:39.873+0000] {dagbag.py:355} ERROR - Failed to import: /opt/airflow/dags/playwright_shopee.py
Traceback (most recent call last):
  File "/home/airflow/.local/lib/python3.8/site-packages/airflow/models/dagbag.py", line 351, in parse
    loader.exec_module(new_module)
  File "<frozen importlib._bootstrap_external>", line 843, in exec_module
  File "<frozen importlib._bootstrap>", line 219, in _call_with_frames_removed
  File "/opt/airflow/dags/playwright_shopee.py", line 104, in <module>
    raise FileNotFoundError(
FileNotFoundError: File auth tidak ditemukan: /opt/airflow/dags/shopee_auth.json
Jalankan login_shopee.py di laptop dulu, lalu copy shopee_auth.json ke folder dags/
[2026-05-17T04:45:39.883+0000] {processor.py:842} WARNING - No viable dags retrieved from /opt/airflow/dags/playwright_shopee.py
[2026-05-17T04:45:39.916+0000] {processor.py:183} INFO - Processing /opt/airflow/dags/playwright_shopee.py took 0.210 seconds
[2026-05-17T04:46:10.158+0000] {processor.py:161} INFO - Started process (PID=1769) to work on /opt/airflow/dags/playwright_shopee.py
[2026-05-17T04:46:10.159+0000] {processor.py:830} INFO - Processing file /opt/airflow/dags/playwright_shopee.py for tasks to queue
[2026-05-17T04:46:10.160+0000] {logging_mixin.py:188} INFO - [2026-05-17T04:46:10.160+0000] {dagbag.py:545} INFO - Filling up the DagBag from /opt/airflow/dags/playwright_shopee.py
[2026-05-17T04:46:10.369+0000] {logging_mixin.py:188} INFO - [2026-05-17T04:46:10.363+0000] {dagbag.py:355} ERROR - Failed to import: /opt/airflow/dags/playwright_shopee.py
Traceback (most recent call last):
  File "/home/airflow/.local/lib/python3.8/site-packages/airflow/models/dagbag.py", line 351, in parse
    loader.exec_module(new_module)
  File "<frozen importlib._bootstrap_external>", line 843, in exec_module
  File "<frozen importlib._bootstrap>", line 219, in _call_with_frames_removed
  File "/opt/airflow/dags/playwright_shopee.py", line 104, in <module>
    raise FileNotFoundError(
FileNotFoundError: File auth tidak ditemukan: /opt/airflow/dags/shopee_auth.json
Jalankan login_shopee.py di laptop dulu, lalu copy shopee_auth.json ke folder dags/
[2026-05-17T04:46:10.372+0000] {processor.py:842} WARNING - No viable dags retrieved from /opt/airflow/dags/playwright_shopee.py
[2026-05-17T04:46:10.410+0000] {processor.py:183} INFO - Processing /opt/airflow/dags/playwright_shopee.py took 0.259 seconds
[2026-05-17T04:46:40.693+0000] {processor.py:161} INFO - Started process (PID=1779) to work on /opt/airflow/dags/playwright_shopee.py
[2026-05-17T04:46:40.695+0000] {processor.py:830} INFO - Processing file /opt/airflow/dags/playwright_shopee.py for tasks to queue
[2026-05-17T04:46:40.697+0000] {logging_mixin.py:188} INFO - [2026-05-17T04:46:40.697+0000] {dagbag.py:545} INFO - Filling up the DagBag from /opt/airflow/dags/playwright_shopee.py
[2026-05-17T04:46:40.893+0000] {logging_mixin.py:188} INFO - [2026-05-17T04:46:40.885+0000] {dagbag.py:355} ERROR - Failed to import: /opt/airflow/dags/playwright_shopee.py
Traceback (most recent call last):
  File "/home/airflow/.local/lib/python3.8/site-packages/airflow/models/dagbag.py", line 351, in parse
    loader.exec_module(new_module)
  File "<frozen importlib._bootstrap_external>", line 843, in exec_module
  File "<frozen importlib._bootstrap>", line 219, in _call_with_frames_removed
  File "/opt/airflow/dags/playwright_shopee.py", line 104, in <module>
    raise FileNotFoundError(
FileNotFoundError: File auth tidak ditemukan: /opt/airflow/dags/shopee_auth.json
Jalankan login_shopee.py di laptop dulu, lalu copy shopee_auth.json ke folder dags/
[2026-05-17T04:46:40.896+0000] {processor.py:842} WARNING - No viable dags retrieved from /opt/airflow/dags/playwright_shopee.py
[2026-05-17T04:46:40.933+0000] {processor.py:183} INFO - Processing /opt/airflow/dags/playwright_shopee.py took 0.249 seconds
[2026-05-17T04:47:11.177+0000] {processor.py:161} INFO - Started process (PID=1789) to work on /opt/airflow/dags/playwright_shopee.py
[2026-05-17T04:47:11.178+0000] {processor.py:830} INFO - Processing file /opt/airflow/dags/playwright_shopee.py for tasks to queue
[2026-05-17T04:47:11.180+0000] {logging_mixin.py:188} INFO - [2026-05-17T04:47:11.180+0000] {dagbag.py:545} INFO - Filling up the DagBag from /opt/airflow/dags/playwright_shopee.py
[2026-05-17T04:47:11.331+0000] {logging_mixin.py:188} INFO - [2026-05-17T04:47:11.326+0000] {dagbag.py:355} ERROR - Failed to import: /opt/airflow/dags/playwright_shopee.py
Traceback (most recent call last):
  File "/home/airflow/.local/lib/python3.8/site-packages/airflow/models/dagbag.py", line 351, in parse
    loader.exec_module(new_module)
  File "<frozen importlib._bootstrap_external>", line 843, in exec_module
  File "<frozen importlib._bootstrap>", line 219, in _call_with_frames_removed
  File "/opt/airflow/dags/playwright_shopee.py", line 104, in <module>
    raise FileNotFoundError(
FileNotFoundError: File auth tidak ditemukan: /opt/airflow/dags/shopee_auth.json
Jalankan login_shopee.py di laptop dulu, lalu copy shopee_auth.json ke folder dags/
[2026-05-17T04:47:11.333+0000] {processor.py:842} WARNING - No viable dags retrieved from /opt/airflow/dags/playwright_shopee.py
[2026-05-17T04:47:11.359+0000] {processor.py:183} INFO - Processing /opt/airflow/dags/playwright_shopee.py took 0.189 seconds
[2026-05-17T04:47:13.448+0000] {processor.py:161} INFO - Started process (PID=1794) to work on /opt/airflow/dags/playwright_shopee.py
[2026-05-17T04:47:13.449+0000] {processor.py:830} INFO - Processing file /opt/airflow/dags/playwright_shopee.py for tasks to queue
[2026-05-17T04:47:13.450+0000] {logging_mixin.py:188} INFO - [2026-05-17T04:47:13.450+0000] {dagbag.py:545} INFO - Filling up the DagBag from /opt/airflow/dags/playwright_shopee.py
[2026-05-17T04:47:13.459+0000] {logging_mixin.py:188} INFO - [2026-05-17T04:47:13.459+0000] {dagbag.py:334} INFO - File /opt/airflow/dags/playwright_shopee.py assumed to contain no DAGs. Skipping.
[2026-05-17T04:47:13.460+0000] {processor.py:842} WARNING - No viable dags retrieved from /opt/airflow/dags/playwright_shopee.py
[2026-05-17T04:47:13.481+0000] {processor.py:183} INFO - Processing /opt/airflow/dags/playwright_shopee.py took 0.039 seconds
[2026-05-17T04:47:43.716+0000] {processor.py:161} INFO - Started process (PID=1804) to work on /opt/airflow/dags/playwright_shopee.py
[2026-05-17T04:47:43.717+0000] {processor.py:830} INFO - Processing file /opt/airflow/dags/playwright_shopee.py for tasks to queue
[2026-05-17T04:47:43.719+0000] {logging_mixin.py:188} INFO - [2026-05-17T04:47:43.718+0000] {dagbag.py:545} INFO - Filling up the DagBag from /opt/airflow/dags/playwright_shopee.py
[2026-05-17T04:47:43.726+0000] {logging_mixin.py:188} INFO - [2026-05-17T04:47:43.725+0000] {dagbag.py:334} INFO - File /opt/airflow/dags/playwright_shopee.py assumed to contain no DAGs. Skipping.
[2026-05-17T04:47:43.726+0000] {processor.py:842} WARNING - No viable dags retrieved from /opt/airflow/dags/playwright_shopee.py
[2026-05-17T04:47:43.742+0000] {processor.py:183} INFO - Processing /opt/airflow/dags/playwright_shopee.py took 0.032 seconds
[2026-05-17T04:48:13.989+0000] {processor.py:161} INFO - Started process (PID=1814) to work on /opt/airflow/dags/playwright_shopee.py
[2026-05-17T04:48:13.990+0000] {processor.py:830} INFO - Processing file /opt/airflow/dags/playwright_shopee.py for tasks to queue
[2026-05-17T04:48:13.992+0000] {logging_mixin.py:188} INFO - [2026-05-17T04:48:13.992+0000] {dagbag.py:545} INFO - Filling up the DagBag from /opt/airflow/dags/playwright_shopee.py
[2026-05-17T04:48:14.003+0000] {logging_mixin.py:188} INFO - [2026-05-17T04:48:14.002+0000] {dagbag.py:334} INFO - File /opt/airflow/dags/playwright_shopee.py assumed to contain no DAGs. Skipping.
[2026-05-17T04:48:14.003+0000] {processor.py:842} WARNING - No viable dags retrieved from /opt/airflow/dags/playwright_shopee.py
[2026-05-17T04:48:14.026+0000] {processor.py:183} INFO - Processing /opt/airflow/dags/playwright_shopee.py took 0.043 seconds
[2026-05-17T04:48:44.302+0000] {processor.py:161} INFO - Started process (PID=1824) to work on /opt/airflow/dags/playwright_shopee.py
[2026-05-17T04:48:44.303+0000] {processor.py:830} INFO - Processing file /opt/airflow/dags/playwright_shopee.py for tasks to queue
[2026-05-17T04:48:44.305+0000] {logging_mixin.py:188} INFO - [2026-05-17T04:48:44.305+0000] {dagbag.py:545} INFO - Filling up the DagBag from /opt/airflow/dags/playwright_shopee.py
[2026-05-17T04:48:44.315+0000] {logging_mixin.py:188} INFO - [2026-05-17T04:48:44.314+0000] {dagbag.py:334} INFO - File /opt/airflow/dags/playwright_shopee.py assumed to contain no DAGs. Skipping.
[2026-05-17T04:48:44.316+0000] {processor.py:842} WARNING - No viable dags retrieved from /opt/airflow/dags/playwright_shopee.py
[2026-05-17T04:48:44.336+0000] {processor.py:183} INFO - Processing /opt/airflow/dags/playwright_shopee.py took 0.041 seconds
[2026-05-17T04:49:14.608+0000] {processor.py:161} INFO - Started process (PID=1834) to work on /opt/airflow/dags/playwright_shopee.py
[2026-05-17T04:49:14.609+0000] {processor.py:830} INFO - Processing file /opt/airflow/dags/playwright_shopee.py for tasks to queue
[2026-05-17T04:49:14.611+0000] {logging_mixin.py:188} INFO - [2026-05-17T04:49:14.611+0000] {dagbag.py:545} INFO - Filling up the DagBag from /opt/airflow/dags/playwright_shopee.py
[2026-05-17T04:49:14.620+0000] {logging_mixin.py:188} INFO - [2026-05-17T04:49:14.620+0000] {dagbag.py:334} INFO - File /opt/airflow/dags/playwright_shopee.py assumed to contain no DAGs. Skipping.
[2026-05-17T04:49:14.620+0000] {processor.py:842} WARNING - No viable dags retrieved from /opt/airflow/dags/playwright_shopee.py
[2026-05-17T04:49:14.636+0000] {processor.py:183} INFO - Processing /opt/airflow/dags/playwright_shopee.py took 0.034 seconds
[2026-05-17T04:49:44.931+0000] {processor.py:161} INFO - Started process (PID=1844) to work on /opt/airflow/dags/playwright_shopee.py
[2026-05-17T04:49:44.932+0000] {processor.py:830} INFO - Processing file /opt/airflow/dags/playwright_shopee.py for tasks to queue
[2026-05-17T04:49:44.934+0000] {logging_mixin.py:188} INFO - [2026-05-17T04:49:44.934+0000] {dagbag.py:545} INFO - Filling up the DagBag from /opt/airflow/dags/playwright_shopee.py
[2026-05-17T04:49:44.968+0000] {logging_mixin.py:188} INFO - [2026-05-17T04:49:44.968+0000] {dagbag.py:334} INFO - File /opt/airflow/dags/playwright_shopee.py assumed to contain no DAGs. Skipping.
[2026-05-17T04:49:44.968+0000] {processor.py:842} WARNING - No viable dags retrieved from /opt/airflow/dags/playwright_shopee.py
[2026-05-17T04:49:44.986+0000] {processor.py:183} INFO - Processing /opt/airflow/dags/playwright_shopee.py took 0.061 seconds
[2026-05-17T08:37:20.246+0000] {processor.py:161} INFO - Started process (PID=172) to work on /opt/airflow/dags/playwright_shopee.py
[2026-05-17T08:37:20.249+0000] {processor.py:830} INFO - Processing file /opt/airflow/dags/playwright_shopee.py for tasks to queue
[2026-05-17T08:37:20.255+0000] {logging_mixin.py:188} INFO - [2026-05-17T08:37:20.254+0000] {dagbag.py:545} INFO - Filling up the DagBag from /opt/airflow/dags/playwright_shopee.py
[2026-05-17T08:37:22.089+0000] {logging_mixin.py:188} INFO - 🌐 Membuka Chromium...
[2026-05-17T08:37:22.745+0000] {logging_mixin.py:188} INFO - 🍪 Inject cookies Shopee...
[2026-05-17T08:37:22.752+0000] {logging_mixin.py:188} INFO - ✅ 11 cookies berhasil diload dari /opt/airflow/dags/shopee_cookies.json
[2026-05-17T08:37:23.101+0000] {logging_mixin.py:188} INFO - 🌍 Membuka Shopee search...
[2026-05-17T08:37:30.175+0000] {logging_mixin.py:188} INFO - 📄 URL   : https://shopee.co.id/search?keyword=msi%20gaming
[2026-05-17T08:37:34.244+0000] {logging_mixin.py:188} INFO - 📄 TITLE : Shopee Indonesia | Situs Belanja Online Terlengkap & Terpercaya
[2026-05-17T08:37:45.162+0000] {logging_mixin.py:188} INFO - ❌ Cookies tidak valid atau sudah expired.
[2026-05-17T08:37:45.434+0000] {logging_mixin.py:188} INFO - [2026-05-17T08:37:45.430+0000] {dagbag.py:355} ERROR - Failed to import: /opt/airflow/dags/playwright_shopee.py
Traceback (most recent call last):
  File "/home/airflow/.local/lib/python3.8/site-packages/airflow/models/dagbag.py", line 351, in parse
    loader.exec_module(new_module)
  File "<frozen importlib._bootstrap_external>", line 843, in exec_module
  File "<frozen importlib._bootstrap>", line 219, in _call_with_frames_removed
  File "/opt/airflow/dags/playwright_shopee.py", line 228, in <module>
    raise RuntimeError("Cookies tidak valid. Export ulang dari Chrome.")
RuntimeError: Cookies tidak valid. Export ulang dari Chrome.
[2026-05-17T08:37:45.438+0000] {processor.py:842} WARNING - No viable dags retrieved from /opt/airflow/dags/playwright_shopee.py
[2026-05-17T08:37:45.597+0000] {processor.py:183} INFO - Processing /opt/airflow/dags/playwright_shopee.py took 25.370 seconds
[2026-05-17T08:38:16.186+0000] {processor.py:161} INFO - Started process (PID=275) to work on /opt/airflow/dags/playwright_shopee.py
[2026-05-17T08:38:16.200+0000] {processor.py:830} INFO - Processing file /opt/airflow/dags/playwright_shopee.py for tasks to queue
[2026-05-17T08:38:16.218+0000] {logging_mixin.py:188} INFO - [2026-05-17T08:38:16.216+0000] {dagbag.py:545} INFO - Filling up the DagBag from /opt/airflow/dags/playwright_shopee.py
[2026-05-17T08:38:22.666+0000] {logging_mixin.py:188} INFO - 🌐 Membuka Chromium...
[2026-05-17T08:38:24.484+0000] {logging_mixin.py:188} INFO - 🍪 Inject cookies Shopee...
[2026-05-17T08:38:24.494+0000] {logging_mixin.py:188} INFO - ✅ 11 cookies berhasil diload dari /opt/airflow/dags/shopee_cookies.json
[2026-05-17T08:38:25.938+0000] {logging_mixin.py:188} INFO - 🌍 Membuka Shopee search...
[2026-05-17T08:38:32.922+0000] {logging_mixin.py:188} INFO - 📄 URL   : https://shopee.co.id/search?keyword=msi%20gaming
[2026-05-17T08:38:34.149+0000] {logging_mixin.py:188} INFO - 📄 TITLE : Shopee Indonesia | Situs Belanja Online Terlengkap & Terpercaya
[2026-05-17T08:38:35.921+0000] {logging_mixin.py:188} INFO - ❌ Cookies tidak valid atau sudah expired.
[2026-05-17T08:38:36.146+0000] {logging_mixin.py:188} INFO - [2026-05-17T08:38:36.143+0000] {dagbag.py:355} ERROR - Failed to import: /opt/airflow/dags/playwright_shopee.py
Traceback (most recent call last):
  File "/home/airflow/.local/lib/python3.8/site-packages/airflow/models/dagbag.py", line 351, in parse
    loader.exec_module(new_module)
  File "<frozen importlib._bootstrap_external>", line 843, in exec_module
  File "<frozen importlib._bootstrap>", line 219, in _call_with_frames_removed
  File "/opt/airflow/dags/playwright_shopee.py", line 228, in <module>
    raise RuntimeError("Cookies tidak valid. Export ulang dari Chrome.")
RuntimeError: Cookies tidak valid. Export ulang dari Chrome.
[2026-05-17T08:38:36.149+0000] {processor.py:842} WARNING - No viable dags retrieved from /opt/airflow/dags/playwright_shopee.py
[2026-05-17T08:38:36.208+0000] {processor.py:183} INFO - Processing /opt/airflow/dags/playwright_shopee.py took 20.209 seconds
[2026-05-17T08:39:06.604+0000] {processor.py:161} INFO - Started process (PID=378) to work on /opt/airflow/dags/playwright_shopee.py
[2026-05-17T08:39:06.605+0000] {processor.py:830} INFO - Processing file /opt/airflow/dags/playwright_shopee.py for tasks to queue
[2026-05-17T08:39:06.607+0000] {logging_mixin.py:188} INFO - [2026-05-17T08:39:06.607+0000] {dagbag.py:545} INFO - Filling up the DagBag from /opt/airflow/dags/playwright_shopee.py
[2026-05-17T08:39:07.325+0000] {logging_mixin.py:188} INFO - 🌐 Membuka Chromium...
[2026-05-17T08:39:07.757+0000] {logging_mixin.py:188} INFO - 🍪 Inject cookies Shopee...
[2026-05-17T08:39:07.763+0000] {logging_mixin.py:188} INFO - ✅ 11 cookies berhasil diload dari /opt/airflow/dags/shopee_cookies.json
[2026-05-17T08:39:07.915+0000] {logging_mixin.py:188} INFO - 🌍 Membuka Shopee search...
[2026-05-17T08:39:14.502+0000] {logging_mixin.py:188} INFO - 📄 URL   : https://shopee.co.id/search?keyword=msi%20gaming
[2026-05-17T08:39:15.810+0000] {logging_mixin.py:188} INFO - 📄 TITLE : Shopee Indonesia | Situs Belanja Online Terlengkap & Terpercaya
[2026-05-17T08:39:17.195+0000] {logging_mixin.py:188} INFO - ❌ Kena traffic verify — cookies mungkin expired.
[2026-05-17T08:39:17.196+0000] {logging_mixin.py:188} INFO - ⚠️  Export ulang cookies dari Chrome dan update shopee_cookies.json
[2026-05-17T08:39:21.647+0000] {logging_mixin.py:188} INFO - [2026-05-17T08:39:21.644+0000] {dagbag.py:355} ERROR - Failed to import: /opt/airflow/dags/playwright_shopee.py
Traceback (most recent call last):
  File "/home/airflow/.local/lib/python3.8/site-packages/airflow/models/dagbag.py", line 351, in parse
    loader.exec_module(new_module)
  File "<frozen importlib._bootstrap_external>", line 843, in exec_module
  File "<frozen importlib._bootstrap>", line 219, in _call_with_frames_removed
  File "/opt/airflow/dags/playwright_shopee.py", line 218, in <module>
    raise RuntimeError(
RuntimeError: Shopee traffic verify detected. Update shopee_cookies.json dari Cookie-Editor.
[2026-05-17T08:39:21.650+0000] {processor.py:842} WARNING - No viable dags retrieved from /opt/airflow/dags/playwright_shopee.py
[2026-05-17T08:39:21.717+0000] {processor.py:183} INFO - Processing /opt/airflow/dags/playwright_shopee.py took 15.127 seconds
[2026-05-17T08:39:52.113+0000] {processor.py:161} INFO - Started process (PID=606) to work on /opt/airflow/dags/playwright_shopee.py
[2026-05-17T08:39:52.116+0000] {processor.py:830} INFO - Processing file /opt/airflow/dags/playwright_shopee.py for tasks to queue
[2026-05-17T08:39:52.120+0000] {logging_mixin.py:188} INFO - [2026-05-17T08:39:52.119+0000] {dagbag.py:545} INFO - Filling up the DagBag from /opt/airflow/dags/playwright_shopee.py
[2026-05-17T08:39:53.255+0000] {logging_mixin.py:188} INFO - 🌐 Membuka Chromium...
[2026-05-17T08:39:54.443+0000] {logging_mixin.py:188} INFO - 🍪 Inject cookies Shopee...
[2026-05-17T08:39:54.451+0000] {logging_mixin.py:188} INFO - ✅ 11 cookies berhasil diload dari /opt/airflow/dags/shopee_cookies.json
[2026-05-17T08:39:55.416+0000] {logging_mixin.py:188} INFO - 🌍 Membuka Shopee search...
[2026-05-17T08:40:05.400+0000] {logging_mixin.py:188} INFO - 📄 URL   : https://shopee.co.id/search?keyword=msi%20gaming
[2026-05-17T08:40:05.741+0000] {logging_mixin.py:188} INFO - 📄 TITLE : Jual msi gaming Harga Terbaik & Termurah Mei 2026 | Shopee Indonesia
[2026-05-17T08:40:08.183+0000] {logging_mixin.py:188} INFO - ❌ Kena traffic verify — cookies mungkin expired.
[2026-05-17T08:40:08.185+0000] {logging_mixin.py:188} INFO - ⚠️  Export ulang cookies dari Chrome dan update shopee_cookies.json
[2026-05-17T08:40:08.992+0000] {logging_mixin.py:188} INFO - [2026-05-17T08:40:08.990+0000] {dagbag.py:355} ERROR - Failed to import: /opt/airflow/dags/playwright_shopee.py
Traceback (most recent call last):
  File "/home/airflow/.local/lib/python3.8/site-packages/airflow/models/dagbag.py", line 351, in parse
    loader.exec_module(new_module)
  File "<frozen importlib._bootstrap_external>", line 843, in exec_module
  File "<frozen importlib._bootstrap>", line 219, in _call_with_frames_removed
  File "/opt/airflow/dags/playwright_shopee.py", line 218, in <module>
    raise RuntimeError(
RuntimeError: Shopee traffic verify detected. Update shopee_cookies.json dari Cookie-Editor.
[2026-05-17T08:40:08.994+0000] {processor.py:842} WARNING - No viable dags retrieved from /opt/airflow/dags/playwright_shopee.py
[2026-05-17T08:40:09.031+0000] {processor.py:183} INFO - Processing /opt/airflow/dags/playwright_shopee.py took 16.933 seconds
[2026-05-17T08:40:39.292+0000] {processor.py:161} INFO - Started process (PID=744) to work on /opt/airflow/dags/playwright_shopee.py
[2026-05-17T08:40:39.294+0000] {processor.py:830} INFO - Processing file /opt/airflow/dags/playwright_shopee.py for tasks to queue
[2026-05-17T08:40:39.297+0000] {logging_mixin.py:188} INFO - [2026-05-17T08:40:39.296+0000] {dagbag.py:545} INFO - Filling up the DagBag from /opt/airflow/dags/playwright_shopee.py
[2026-05-17T08:40:40.389+0000] {logging_mixin.py:188} INFO - 🌐 Membuka Chromium...
[2026-05-17T08:40:40.731+0000] {logging_mixin.py:188} INFO - 🍪 Inject cookies Shopee...
[2026-05-17T08:40:40.738+0000] {logging_mixin.py:188} INFO - ✅ 11 cookies berhasil diload dari /opt/airflow/dags/shopee_cookies.json
[2026-05-17T08:40:41.018+0000] {logging_mixin.py:188} INFO - 🌍 Membuka Shopee search...
[2026-05-17T08:40:46.948+0000] {logging_mixin.py:188} INFO - 📄 URL   : https://shopee.co.id/search?keyword=msi%20gaming
[2026-05-17T08:40:47.164+0000] {logging_mixin.py:188} INFO - 📄 TITLE : Shopee Indonesia | Situs Belanja Online Terlengkap & Terpercaya
[2026-05-17T08:40:51.602+0000] {logging_mixin.py:188} INFO - ❌ Kena traffic verify — cookies mungkin expired.
[2026-05-17T08:40:51.604+0000] {logging_mixin.py:188} INFO - ⚠️  Export ulang cookies dari Chrome dan update shopee_cookies.json
[2026-05-17T08:40:57.376+0000] {logging_mixin.py:188} INFO - [2026-05-17T08:40:57.372+0000] {dagbag.py:355} ERROR - Failed to import: /opt/airflow/dags/playwright_shopee.py
Traceback (most recent call last):
  File "/home/airflow/.local/lib/python3.8/site-packages/airflow/models/dagbag.py", line 351, in parse
    loader.exec_module(new_module)
  File "<frozen importlib._bootstrap_external>", line 843, in exec_module
  File "<frozen importlib._bootstrap>", line 219, in _call_with_frames_removed
  File "/opt/airflow/dags/playwright_shopee.py", line 218, in <module>
    raise RuntimeError(
RuntimeError: Shopee traffic verify detected. Update shopee_cookies.json dari Cookie-Editor.
[2026-05-17T08:40:57.379+0000] {processor.py:842} WARNING - No viable dags retrieved from /opt/airflow/dags/playwright_shopee.py
[2026-05-17T08:40:57.459+0000] {processor.py:183} INFO - Processing /opt/airflow/dags/playwright_shopee.py took 18.181 seconds
[2026-05-17T08:41:28.183+0000] {processor.py:161} INFO - Started process (PID=862) to work on /opt/airflow/dags/playwright_shopee.py
[2026-05-17T08:41:28.185+0000] {processor.py:830} INFO - Processing file /opt/airflow/dags/playwright_shopee.py for tasks to queue
[2026-05-17T08:41:28.187+0000] {logging_mixin.py:188} INFO - [2026-05-17T08:41:28.187+0000] {dagbag.py:545} INFO - Filling up the DagBag from /opt/airflow/dags/playwright_shopee.py
[2026-05-17T08:41:30.508+0000] {logging_mixin.py:188} INFO - 🌐 Membuka Chromium...
[2026-05-17T08:41:31.831+0000] {logging_mixin.py:188} INFO - 🍪 Inject cookies Shopee...
[2026-05-17T08:41:31.840+0000] {logging_mixin.py:188} INFO - ✅ 11 cookies berhasil diload dari /opt/airflow/dags/shopee_cookies.json
[2026-05-17T08:41:32.246+0000] {logging_mixin.py:188} INFO - 🌍 Membuka Shopee search...
[2026-05-17T08:41:38.871+0000] {logging_mixin.py:188} INFO - 📄 URL   : https://shopee.co.id/search?keyword=msi%20gaming
[2026-05-17T08:41:39.985+0000] {logging_mixin.py:188} INFO - 📄 TITLE : Shopee Indonesia | Situs Belanja Online Terlengkap & Terpercaya
[2026-05-17T08:41:43.010+0000] {logging_mixin.py:188} INFO - ❌ Cookies tidak valid atau sudah expired.
[2026-05-17T08:41:43.328+0000] {logging_mixin.py:188} INFO - [2026-05-17T08:41:43.326+0000] {dagbag.py:355} ERROR - Failed to import: /opt/airflow/dags/playwright_shopee.py
Traceback (most recent call last):
  File "/home/airflow/.local/lib/python3.8/site-packages/airflow/models/dagbag.py", line 351, in parse
    loader.exec_module(new_module)
  File "<frozen importlib._bootstrap_external>", line 843, in exec_module
  File "<frozen importlib._bootstrap>", line 219, in _call_with_frames_removed
  File "/opt/airflow/dags/playwright_shopee.py", line 228, in <module>
    raise RuntimeError("Cookies tidak valid. Export ulang dari Chrome.")
RuntimeError: Cookies tidak valid. Export ulang dari Chrome.
[2026-05-17T08:41:43.330+0000] {processor.py:842} WARNING - No viable dags retrieved from /opt/airflow/dags/playwright_shopee.py
[2026-05-17T08:41:43.382+0000] {processor.py:183} INFO - Processing /opt/airflow/dags/playwright_shopee.py took 15.218 seconds
[2026-05-17T08:42:16.422+0000] {processor.py:161} INFO - Started process (PID=1057) to work on /opt/airflow/dags/playwright_shopee.py
[2026-05-17T08:42:16.459+0000] {processor.py:830} INFO - Processing file /opt/airflow/dags/playwright_shopee.py for tasks to queue
[2026-05-17T08:42:16.645+0000] {logging_mixin.py:188} INFO - [2026-05-17T08:42:16.645+0000] {dagbag.py:545} INFO - Filling up the DagBag from /opt/airflow/dags/playwright_shopee.py
[2026-05-17T08:43:05.334+0000] {processor.py:161} INFO - Started process (PID=170) to work on /opt/airflow/dags/playwright_shopee.py
[2026-05-17T08:43:05.337+0000] {processor.py:830} INFO - Processing file /opt/airflow/dags/playwright_shopee.py for tasks to queue
[2026-05-17T08:43:05.342+0000] {logging_mixin.py:188} INFO - [2026-05-17T08:43:05.341+0000] {dagbag.py:545} INFO - Filling up the DagBag from /opt/airflow/dags/playwright_shopee.py
[2026-05-17T08:43:09.919+0000] {logging_mixin.py:188} INFO - 🌐 Membuka Chromium...
[2026-05-17T08:43:13.213+0000] {logging_mixin.py:188} INFO - 🍪 Inject cookies Shopee...
[2026-05-17T08:43:13.534+0000] {logging_mixin.py:188} INFO - ✅ 8 cookies berhasil diload dari /opt/airflow/dags/shopee_cookies.json
[2026-05-17T08:43:16.212+0000] {logging_mixin.py:188} INFO - 🌍 Membuka Shopee search...
[2026-05-17T08:43:23.823+0000] {logging_mixin.py:188} INFO - 📄 URL   : https://shopee.co.id/search?keyword=msi%20gaming
[2026-05-17T08:43:24.547+0000] {logging_mixin.py:188} INFO - 📄 TITLE : Shopee Indonesia | Situs Belanja Online Terlengkap & Terpercaya
[2026-05-17T08:43:31.415+0000] {logging_mixin.py:188} INFO - ❌ Cookies tidak valid atau sudah expired.
[2026-05-17T08:43:32.407+0000] {logging_mixin.py:188} INFO - [2026-05-17T08:43:32.390+0000] {dagbag.py:355} ERROR - Failed to import: /opt/airflow/dags/playwright_shopee.py
Traceback (most recent call last):
  File "/home/airflow/.local/lib/python3.8/site-packages/airflow/models/dagbag.py", line 351, in parse
    loader.exec_module(new_module)
  File "<frozen importlib._bootstrap_external>", line 843, in exec_module
  File "<frozen importlib._bootstrap>", line 219, in _call_with_frames_removed
  File "/opt/airflow/dags/playwright_shopee.py", line 228, in <module>
    raise RuntimeError("Cookies tidak valid. Export ulang dari Chrome.")
RuntimeError: Cookies tidak valid. Export ulang dari Chrome.
[2026-05-17T08:43:32.416+0000] {processor.py:842} WARNING - No viable dags retrieved from /opt/airflow/dags/playwright_shopee.py
[2026-05-17T08:43:32.904+0000] {processor.py:183} INFO - Processing /opt/airflow/dags/playwright_shopee.py took 27.621 seconds
[2026-05-17T08:44:03.857+0000] {processor.py:161} INFO - Started process (PID=372) to work on /opt/airflow/dags/playwright_shopee.py
[2026-05-17T08:44:03.862+0000] {processor.py:830} INFO - Processing file /opt/airflow/dags/playwright_shopee.py for tasks to queue
[2026-05-17T08:44:03.875+0000] {logging_mixin.py:188} INFO - [2026-05-17T08:44:03.874+0000] {dagbag.py:545} INFO - Filling up the DagBag from /opt/airflow/dags/playwright_shopee.py
[2026-05-17T08:44:07.029+0000] {logging_mixin.py:188} INFO - 🌐 Membuka Chromium...
[2026-05-17T08:44:10.174+0000] {logging_mixin.py:188} INFO - 🍪 Inject cookies Shopee...
[2026-05-17T08:44:10.197+0000] {logging_mixin.py:188} INFO - ✅ 8 cookies berhasil diload dari /opt/airflow/dags/shopee_cookies.json
[2026-05-17T08:44:11.340+0000] {logging_mixin.py:188} INFO - 🌍 Membuka Shopee search...
[2026-05-17T08:44:20.507+0000] {logging_mixin.py:188} INFO - 📄 URL   : https://shopee.co.id/search?keyword=msi%20gaming
[2026-05-17T08:44:24.937+0000] {logging_mixin.py:188} INFO - 📄 TITLE : Shopee Indonesia | Situs Belanja Online Terlengkap & Terpercaya
[2026-05-17T08:44:33.498+0000] {logging_mixin.py:188} INFO - ❌ Cookies tidak valid atau sudah expired.
[2026-05-17T08:44:33.727+0000] {logging_mixin.py:188} INFO - [2026-05-17T08:44:33.723+0000] {dagbag.py:355} ERROR - Failed to import: /opt/airflow/dags/playwright_shopee.py
Traceback (most recent call last):
  File "/home/airflow/.local/lib/python3.8/site-packages/airflow/models/dagbag.py", line 351, in parse
    loader.exec_module(new_module)
  File "<frozen importlib._bootstrap_external>", line 843, in exec_module
  File "<frozen importlib._bootstrap>", line 219, in _call_with_frames_removed
  File "/opt/airflow/dags/playwright_shopee.py", line 228, in <module>
    raise RuntimeError("Cookies tidak valid. Export ulang dari Chrome.")
RuntimeError: Cookies tidak valid. Export ulang dari Chrome.
[2026-05-17T08:44:33.731+0000] {processor.py:842} WARNING - No viable dags retrieved from /opt/airflow/dags/playwright_shopee.py
[2026-05-17T08:44:34.124+0000] {processor.py:183} INFO - Processing /opt/airflow/dags/playwright_shopee.py took 30.264 seconds
[2026-05-17T08:45:04.996+0000] {processor.py:161} INFO - Started process (PID=600) to work on /opt/airflow/dags/playwright_shopee.py
[2026-05-17T08:45:05.004+0000] {processor.py:830} INFO - Processing file /opt/airflow/dags/playwright_shopee.py for tasks to queue
[2026-05-17T08:45:05.026+0000] {logging_mixin.py:188} INFO - [2026-05-17T08:45:05.023+0000] {dagbag.py:545} INFO - Filling up the DagBag from /opt/airflow/dags/playwright_shopee.py
[2026-05-17T08:45:07.780+0000] {logging_mixin.py:188} INFO - 🌐 Membuka Chromium...
[2026-05-17T08:45:11.502+0000] {logging_mixin.py:188} INFO - 🍪 Inject cookies Shopee...
[2026-05-17T08:45:11.509+0000] {logging_mixin.py:188} INFO - ✅ 8 cookies berhasil diload dari /opt/airflow/dags/shopee_cookies.json
[2026-05-17T08:45:13.206+0000] {logging_mixin.py:188} INFO - 🌍 Membuka Shopee search...
[2026-05-17T08:45:21.611+0000] {logging_mixin.py:188} INFO - 📄 URL   : https://shopee.co.id/search?keyword=msi%20gaming
[2026-05-17T08:45:23.869+0000] {logging_mixin.py:188} INFO - 📄 TITLE : Shopee Indonesia | Situs Belanja Online Terlengkap & Terpercaya
[2026-05-17T08:45:35.039+0000] {logging_mixin.py:188} INFO - [2026-05-17T08:45:35.035+0000] {timeout.py:68} ERROR - Process timed out, PID: 600
[2026-05-17T08:46:06.764+0000] {processor.py:161} INFO - Started process (PID=876) to work on /opt/airflow/dags/playwright_shopee.py
[2026-05-17T08:46:06.766+0000] {processor.py:830} INFO - Processing file /opt/airflow/dags/playwright_shopee.py for tasks to queue
[2026-05-17T08:46:06.770+0000] {logging_mixin.py:188} INFO - [2026-05-17T08:46:06.769+0000] {dagbag.py:545} INFO - Filling up the DagBag from /opt/airflow/dags/playwright_shopee.py
[2026-05-17T08:46:10.269+0000] {logging_mixin.py:188} INFO - 🌐 Membuka Chromium...
[2026-05-17T08:46:11.344+0000] {logging_mixin.py:188} INFO - 🍪 Inject cookies Shopee...
[2026-05-17T08:46:11.358+0000] {logging_mixin.py:188} INFO - ✅ 8 cookies berhasil diload dari /opt/airflow/dags/shopee_cookies.json
[2026-05-17T08:46:11.619+0000] {logging_mixin.py:188} INFO - 🌍 Membuka Shopee search...
[2026-05-17T08:46:17.330+0000] {logging_mixin.py:188} INFO - 📄 URL   : https://shopee.co.id/search?keyword=msi%20gaming
[2026-05-17T08:46:17.617+0000] {logging_mixin.py:188} INFO - 📄 TITLE : Shopee Indonesia | Situs Belanja Online Terlengkap & Terpercaya
[2026-05-17T08:46:20.648+0000] {logging_mixin.py:188} INFO - ❌ Cookies tidak valid atau sudah expired.
[2026-05-17T08:46:21.052+0000] {logging_mixin.py:188} INFO - [2026-05-17T08:46:21.044+0000] {dagbag.py:355} ERROR - Failed to import: /opt/airflow/dags/playwright_shopee.py
Traceback (most recent call last):
  File "/home/airflow/.local/lib/python3.8/site-packages/airflow/models/dagbag.py", line 351, in parse
    loader.exec_module(new_module)
  File "<frozen importlib._bootstrap_external>", line 843, in exec_module
  File "<frozen importlib._bootstrap>", line 219, in _call_with_frames_removed
  File "/opt/airflow/dags/playwright_shopee.py", line 228, in <module>
    raise RuntimeError("Cookies tidak valid. Export ulang dari Chrome.")
RuntimeError: Cookies tidak valid. Export ulang dari Chrome.
[2026-05-17T08:46:21.063+0000] {processor.py:842} WARNING - No viable dags retrieved from /opt/airflow/dags/playwright_shopee.py
[2026-05-17T08:46:21.191+0000] {processor.py:183} INFO - Processing /opt/airflow/dags/playwright_shopee.py took 14.449 seconds
[2026-05-17T08:46:51.614+0000] {processor.py:161} INFO - Started process (PID=1073) to work on /opt/airflow/dags/playwright_shopee.py
[2026-05-17T08:46:51.619+0000] {processor.py:830} INFO - Processing file /opt/airflow/dags/playwright_shopee.py for tasks to queue
[2026-05-17T08:46:51.626+0000] {logging_mixin.py:188} INFO - [2026-05-17T08:46:51.625+0000] {dagbag.py:545} INFO - Filling up the DagBag from /opt/airflow/dags/playwright_shopee.py
[2026-05-17T08:46:54.051+0000] {logging_mixin.py:188} INFO - 🌐 Membuka Chromium...
[2026-05-17T08:46:54.554+0000] {logging_mixin.py:188} INFO - 🍪 Inject cookies Shopee...
[2026-05-17T08:46:54.559+0000] {logging_mixin.py:188} INFO - ✅ 8 cookies berhasil diload dari /opt/airflow/dags/shopee_cookies.json
[2026-05-17T08:46:54.742+0000] {logging_mixin.py:188} INFO - 🌍 Membuka Shopee search...
[2026-05-17T08:47:01.218+0000] {logging_mixin.py:188} INFO - 📄 URL   : https://shopee.co.id/search?keyword=msi%20gaming
[2026-05-17T08:47:01.810+0000] {logging_mixin.py:188} INFO - 📄 TITLE : Shopee Indonesia | Situs Belanja Online Terlengkap & Terpercaya
[2026-05-17T08:47:03.569+0000] {logging_mixin.py:188} INFO - ❌ Cookies tidak valid atau sudah expired.
[2026-05-17T08:47:03.752+0000] {logging_mixin.py:188} INFO - [2026-05-17T08:47:03.750+0000] {dagbag.py:355} ERROR - Failed to import: /opt/airflow/dags/playwright_shopee.py
Traceback (most recent call last):
  File "/home/airflow/.local/lib/python3.8/site-packages/airflow/models/dagbag.py", line 351, in parse
    loader.exec_module(new_module)
  File "<frozen importlib._bootstrap_external>", line 843, in exec_module
  File "<frozen importlib._bootstrap>", line 219, in _call_with_frames_removed
  File "/opt/airflow/dags/playwright_shopee.py", line 228, in <module>
    raise RuntimeError("Cookies tidak valid. Export ulang dari Chrome.")
RuntimeError: Cookies tidak valid. Export ulang dari Chrome.
[2026-05-17T08:47:03.754+0000] {processor.py:842} WARNING - No viable dags retrieved from /opt/airflow/dags/playwright_shopee.py
[2026-05-17T08:47:03.824+0000] {processor.py:183} INFO - Processing /opt/airflow/dags/playwright_shopee.py took 12.377 seconds
[2026-05-17T08:47:33.958+0000] {processor.py:161} INFO - Started process (PID=1222) to work on /opt/airflow/dags/playwright_shopee.py
[2026-05-17T08:47:33.960+0000] {processor.py:830} INFO - Processing file /opt/airflow/dags/playwright_shopee.py for tasks to queue
[2026-05-17T08:47:33.964+0000] {logging_mixin.py:188} INFO - [2026-05-17T08:47:33.963+0000] {dagbag.py:545} INFO - Filling up the DagBag from /opt/airflow/dags/playwright_shopee.py
[2026-05-17T08:47:35.129+0000] {logging_mixin.py:188} INFO - 🌐 Membuka Chromium...
[2026-05-17T08:47:35.687+0000] {logging_mixin.py:188} INFO - 🍪 Inject cookies Shopee...
[2026-05-17T08:47:35.694+0000] {logging_mixin.py:188} INFO - ✅ 8 cookies berhasil diload dari /opt/airflow/dags/shopee_cookies.json
[2026-05-17T08:47:35.917+0000] {logging_mixin.py:188} INFO - 🌍 Membuka Shopee search...
[2026-05-17T08:47:42.703+0000] {logging_mixin.py:188} INFO - 📄 URL   : https://shopee.co.id/search?keyword=msi%20gaming
[2026-05-17T08:47:43.299+0000] {logging_mixin.py:188} INFO - 📄 TITLE : Shopee Indonesia | Situs Belanja Online Terlengkap & Terpercaya
[2026-05-17T08:47:46.422+0000] {logging_mixin.py:188} INFO - [2026-05-17T08:47:46.420+0000] {dagbag.py:355} ERROR - Failed to import: /opt/airflow/dags/playwright_shopee.py
Traceback (most recent call last):
  File "/home/airflow/.local/lib/python3.8/site-packages/airflow/models/dagbag.py", line 351, in parse
    loader.exec_module(new_module)
  File "<frozen importlib._bootstrap_external>", line 843, in exec_module
  File "<frozen importlib._bootstrap>", line 219, in _call_with_frames_removed
  File "/opt/airflow/dags/playwright_shopee.py", line 224, in <module>
    content = page.content()
  File "/home/airflow/.local/lib/python3.8/site-packages/playwright/sync_api/_generated.py", line 8582, in content
    return mapping.from_maybe_impl(self._sync(self._impl_obj.content()))
  File "/home/airflow/.local/lib/python3.8/site-packages/playwright/_impl/_sync_base.py", line 115, in _sync
    return task.result()
  File "/home/airflow/.local/lib/python3.8/site-packages/playwright/_impl/_page.py", line 502, in content
    return await self._main_frame.content()
  File "/home/airflow/.local/lib/python3.8/site-packages/playwright/_impl/_frame.py", line 416, in content
    return await self._channel.send("content")
  File "/home/airflow/.local/lib/python3.8/site-packages/playwright/_impl/_connection.py", line 59, in send
    return await self._connection.wrap_api_call(
  File "/home/airflow/.local/lib/python3.8/site-packages/playwright/_impl/_connection.py", line 514, in wrap_api_call
    raise rewrite_error(error, f"{parsed_st['apiName']}: {error}") from None
playwright._impl._errors.Error: Page.content: Unable to retrieve content because the page is navigating and changing the content.
[2026-05-17T08:47:46.423+0000] {processor.py:842} WARNING - No viable dags retrieved from /opt/airflow/dags/playwright_shopee.py
[2026-05-17T08:47:46.451+0000] {processor.py:183} INFO - Processing /opt/airflow/dags/playwright_shopee.py took 12.506 seconds
[2026-05-17T08:48:16.742+0000] {processor.py:161} INFO - Started process (PID=1342) to work on /opt/airflow/dags/playwright_shopee.py
[2026-05-17T08:48:16.743+0000] {processor.py:830} INFO - Processing file /opt/airflow/dags/playwright_shopee.py for tasks to queue
[2026-05-17T08:48:16.746+0000] {logging_mixin.py:188} INFO - [2026-05-17T08:48:16.745+0000] {dagbag.py:545} INFO - Filling up the DagBag from /opt/airflow/dags/playwright_shopee.py
[2026-05-17T08:48:17.492+0000] {logging_mixin.py:188} INFO - 🌐 Membuka Chromium...
[2026-05-17T08:48:17.837+0000] {logging_mixin.py:188} INFO - 🍪 Inject cookies Shopee...
[2026-05-17T08:48:17.843+0000] {logging_mixin.py:188} INFO - ✅ 8 cookies berhasil diload dari /opt/airflow/dags/shopee_cookies.json
[2026-05-17T08:48:18.025+0000] {logging_mixin.py:188} INFO - 🌍 Membuka Shopee search...
[2026-05-17T08:48:25.233+0000] {logging_mixin.py:188} INFO - 📄 URL   : https://shopee.co.id/search?keyword=msi%20gaming
[2026-05-17T08:48:25.772+0000] {logging_mixin.py:188} INFO - 📄 TITLE : Jual msi gaming Harga Terbaik & Termurah Mei 2026 | Shopee Indonesia
[2026-05-17T08:48:26.496+0000] {logging_mixin.py:188} INFO - ❌ Kena traffic verify — cookies mungkin expired.
[2026-05-17T08:48:26.497+0000] {logging_mixin.py:188} INFO - ⚠️  Export ulang cookies dari Chrome dan update shopee_cookies.json
[2026-05-17T08:48:30.242+0000] {logging_mixin.py:188} INFO - [2026-05-17T08:48:30.240+0000] {dagbag.py:355} ERROR - Failed to import: /opt/airflow/dags/playwright_shopee.py
Traceback (most recent call last):
  File "/home/airflow/.local/lib/python3.8/site-packages/airflow/models/dagbag.py", line 351, in parse
    loader.exec_module(new_module)
  File "<frozen importlib._bootstrap_external>", line 843, in exec_module
  File "<frozen importlib._bootstrap>", line 219, in _call_with_frames_removed
  File "/opt/airflow/dags/playwright_shopee.py", line 218, in <module>
    raise RuntimeError(
RuntimeError: Shopee traffic verify detected. Update shopee_cookies.json dari Cookie-Editor.
[2026-05-17T08:48:30.244+0000] {processor.py:842} WARNING - No viable dags retrieved from /opt/airflow/dags/playwright_shopee.py
[2026-05-17T08:48:30.277+0000] {processor.py:183} INFO - Processing /opt/airflow/dags/playwright_shopee.py took 13.544 seconds
[2026-05-17T08:49:00.784+0000] {processor.py:161} INFO - Started process (PID=1460) to work on /opt/airflow/dags/playwright_shopee.py
[2026-05-17T08:49:00.787+0000] {processor.py:830} INFO - Processing file /opt/airflow/dags/playwright_shopee.py for tasks to queue
[2026-05-17T08:49:00.800+0000] {logging_mixin.py:188} INFO - [2026-05-17T08:49:00.796+0000] {dagbag.py:545} INFO - Filling up the DagBag from /opt/airflow/dags/playwright_shopee.py
[2026-05-17T08:49:02.911+0000] {logging_mixin.py:188} INFO - 🌐 Membuka Chromium...
[2026-05-17T08:49:03.483+0000] {logging_mixin.py:188} INFO - 🍪 Inject cookies Shopee...
[2026-05-17T08:49:03.491+0000] {logging_mixin.py:188} INFO - ✅ 8 cookies berhasil diload dari /opt/airflow/dags/shopee_cookies.json
[2026-05-17T08:49:03.734+0000] {logging_mixin.py:188} INFO - 🌍 Membuka Shopee search...
[2026-05-17T08:49:11.237+0000] {logging_mixin.py:188} INFO - 📄 URL   : https://shopee.co.id/search?keyword=msi%20gaming
[2026-05-17T08:49:12.083+0000] {logging_mixin.py:188} INFO - 📄 TITLE : Shopee Indonesia | Situs Belanja Online Terlengkap & Terpercaya
[2026-05-17T08:49:14.742+0000] {logging_mixin.py:188} INFO - ❌ Cookies tidak valid atau sudah expired.
[2026-05-17T08:49:15.113+0000] {logging_mixin.py:188} INFO - [2026-05-17T08:49:15.110+0000] {dagbag.py:355} ERROR - Failed to import: /opt/airflow/dags/playwright_shopee.py
Traceback (most recent call last):
  File "/home/airflow/.local/lib/python3.8/site-packages/airflow/models/dagbag.py", line 351, in parse
    loader.exec_module(new_module)
  File "<frozen importlib._bootstrap_external>", line 843, in exec_module
  File "<frozen importlib._bootstrap>", line 219, in _call_with_frames_removed
  File "/opt/airflow/dags/playwright_shopee.py", line 228, in <module>
    raise RuntimeError("Cookies tidak valid. Export ulang dari Chrome.")
RuntimeError: Cookies tidak valid. Export ulang dari Chrome.
[2026-05-17T08:49:15.114+0000] {processor.py:842} WARNING - No viable dags retrieved from /opt/airflow/dags/playwright_shopee.py
[2026-05-17T08:49:15.169+0000] {processor.py:183} INFO - Processing /opt/airflow/dags/playwright_shopee.py took 14.428 seconds
[2026-05-17T08:49:45.724+0000] {processor.py:161} INFO - Started process (PID=1582) to work on /opt/airflow/dags/playwright_shopee.py
[2026-05-17T08:49:45.730+0000] {processor.py:830} INFO - Processing file /opt/airflow/dags/playwright_shopee.py for tasks to queue
[2026-05-17T08:49:45.736+0000] {logging_mixin.py:188} INFO - [2026-05-17T08:49:45.735+0000] {dagbag.py:545} INFO - Filling up the DagBag from /opt/airflow/dags/playwright_shopee.py
[2026-05-17T08:49:47.013+0000] {logging_mixin.py:188} INFO - 🌐 Membuka Chromium...
[2026-05-17T08:49:47.502+0000] {logging_mixin.py:188} INFO - 🍪 Inject cookies Shopee...
[2026-05-17T08:49:47.510+0000] {logging_mixin.py:188} INFO - ✅ 8 cookies berhasil diload dari /opt/airflow/dags/shopee_cookies.json
[2026-05-17T08:49:47.759+0000] {logging_mixin.py:188} INFO - 🌍 Membuka Shopee search...
[2026-05-17T08:49:55.225+0000] {logging_mixin.py:188} INFO - 📄 URL   : https://shopee.co.id/search?keyword=msi%20gaming
[2026-05-17T08:49:55.913+0000] {logging_mixin.py:188} INFO - 📄 TITLE : Jual msi gaming Harga Terbaik & Termurah Mei 2026 | Shopee Indonesia
[2026-05-17T08:49:56.880+0000] {logging_mixin.py:188} INFO - ❌ Kena traffic verify — cookies mungkin expired.
[2026-05-17T08:49:56.882+0000] {logging_mixin.py:188} INFO - ⚠️  Export ulang cookies dari Chrome dan update shopee_cookies.json
[2026-05-17T08:50:00.180+0000] {logging_mixin.py:188} INFO - [2026-05-17T08:50:00.177+0000] {dagbag.py:355} ERROR - Failed to import: /opt/airflow/dags/playwright_shopee.py
Traceback (most recent call last):
  File "/home/airflow/.local/lib/python3.8/site-packages/airflow/models/dagbag.py", line 351, in parse
    loader.exec_module(new_module)
  File "<frozen importlib._bootstrap_external>", line 843, in exec_module
  File "<frozen importlib._bootstrap>", line 219, in _call_with_frames_removed
  File "/opt/airflow/dags/playwright_shopee.py", line 218, in <module>
    raise RuntimeError(
RuntimeError: Shopee traffic verify detected. Update shopee_cookies.json dari Cookie-Editor.
[2026-05-17T08:50:00.185+0000] {processor.py:842} WARNING - No viable dags retrieved from /opt/airflow/dags/playwright_shopee.py
[2026-05-17T08:50:00.240+0000] {processor.py:183} INFO - Processing /opt/airflow/dags/playwright_shopee.py took 14.548 seconds
[2026-05-17T08:50:30.607+0000] {processor.py:161} INFO - Started process (PID=1700) to work on /opt/airflow/dags/playwright_shopee.py
[2026-05-17T08:50:30.609+0000] {processor.py:830} INFO - Processing file /opt/airflow/dags/playwright_shopee.py for tasks to queue
[2026-05-17T08:50:30.612+0000] {logging_mixin.py:188} INFO - [2026-05-17T08:50:30.611+0000] {dagbag.py:545} INFO - Filling up the DagBag from /opt/airflow/dags/playwright_shopee.py
[2026-05-17T08:50:31.797+0000] {logging_mixin.py:188} INFO - 🌐 Membuka Chromium...
[2026-05-17T08:50:32.192+0000] {logging_mixin.py:188} INFO - 🍪 Inject cookies Shopee...
[2026-05-17T08:50:32.200+0000] {logging_mixin.py:188} INFO - ✅ 8 cookies berhasil diload dari /opt/airflow/dags/shopee_cookies.json
[2026-05-17T08:50:32.470+0000] {logging_mixin.py:188} INFO - 🌍 Membuka Shopee search...
[2026-05-17T08:50:39.632+0000] {logging_mixin.py:188} INFO - 📄 URL   : https://shopee.co.id/search?keyword=msi%20gaming
[2026-05-17T08:50:41.099+0000] {logging_mixin.py:188} INFO - 📄 TITLE : Jual msi gaming Harga Terbaik & Termurah Mei 2026 | Shopee Indonesia
[2026-05-17T08:50:42.726+0000] {logging_mixin.py:188} INFO - ❌ Kena traffic verify — cookies mungkin expired.
[2026-05-17T08:50:42.730+0000] {logging_mixin.py:188} INFO - ⚠️  Export ulang cookies dari Chrome dan update shopee_cookies.json
[2026-05-17T08:50:47.947+0000] {logging_mixin.py:188} INFO - [2026-05-17T08:50:47.944+0000] {dagbag.py:355} ERROR - Failed to import: /opt/airflow/dags/playwright_shopee.py
Traceback (most recent call last):
  File "/home/airflow/.local/lib/python3.8/site-packages/airflow/models/dagbag.py", line 351, in parse
    loader.exec_module(new_module)
  File "<frozen importlib._bootstrap_external>", line 843, in exec_module
  File "<frozen importlib._bootstrap>", line 219, in _call_with_frames_removed
  File "/opt/airflow/dags/playwright_shopee.py", line 218, in <module>
    raise RuntimeError(
RuntimeError: Shopee traffic verify detected. Update shopee_cookies.json dari Cookie-Editor.
[2026-05-17T08:50:47.950+0000] {processor.py:842} WARNING - No viable dags retrieved from /opt/airflow/dags/playwright_shopee.py
[2026-05-17T08:50:47.995+0000] {processor.py:183} INFO - Processing /opt/airflow/dags/playwright_shopee.py took 17.409 seconds
[2026-05-17T08:51:18.449+0000] {processor.py:161} INFO - Started process (PID=1823) to work on /opt/airflow/dags/playwright_shopee.py
[2026-05-17T08:51:18.451+0000] {processor.py:830} INFO - Processing file /opt/airflow/dags/playwright_shopee.py for tasks to queue
[2026-05-17T08:51:18.456+0000] {logging_mixin.py:188} INFO - [2026-05-17T08:51:18.455+0000] {dagbag.py:545} INFO - Filling up the DagBag from /opt/airflow/dags/playwright_shopee.py
[2026-05-17T08:51:19.461+0000] {logging_mixin.py:188} INFO - 🌐 Membuka Chromium...
[2026-05-17T08:51:19.873+0000] {logging_mixin.py:188} INFO - 🍪 Inject cookies Shopee...
[2026-05-17T08:51:19.883+0000] {logging_mixin.py:188} INFO - ✅ 8 cookies berhasil diload dari /opt/airflow/dags/shopee_cookies.json
[2026-05-17T08:51:20.177+0000] {logging_mixin.py:188} INFO - 🌍 Membuka Shopee search...
[2026-05-17T08:51:26.251+0000] {logging_mixin.py:188} INFO - 📄 URL   : https://shopee.co.id/search?keyword=msi%20gaming
[2026-05-17T08:51:26.611+0000] {logging_mixin.py:188} INFO - 📄 TITLE : Shopee Indonesia | Situs Belanja Online Terlengkap & Terpercaya
[2026-05-17T08:51:29.487+0000] {logging_mixin.py:188} INFO - ❌ Cookies tidak valid atau sudah expired.
[2026-05-17T08:51:29.741+0000] {logging_mixin.py:188} INFO - [2026-05-17T08:51:29.737+0000] {dagbag.py:355} ERROR - Failed to import: /opt/airflow/dags/playwright_shopee.py
Traceback (most recent call last):
  File "/home/airflow/.local/lib/python3.8/site-packages/airflow/models/dagbag.py", line 351, in parse
    loader.exec_module(new_module)
  File "<frozen importlib._bootstrap_external>", line 843, in exec_module
  File "<frozen importlib._bootstrap>", line 219, in _call_with_frames_removed
  File "/opt/airflow/dags/playwright_shopee.py", line 228, in <module>
    raise RuntimeError("Cookies tidak valid. Export ulang dari Chrome.")
RuntimeError: Cookies tidak valid. Export ulang dari Chrome.
[2026-05-17T08:51:29.743+0000] {processor.py:842} WARNING - No viable dags retrieved from /opt/airflow/dags/playwright_shopee.py
[2026-05-17T08:51:29.803+0000] {processor.py:183} INFO - Processing /opt/airflow/dags/playwright_shopee.py took 11.370 seconds
[2026-05-17T08:52:00.193+0000] {processor.py:161} INFO - Started process (PID=1948) to work on /opt/airflow/dags/playwright_shopee.py
[2026-05-17T08:52:00.195+0000] {processor.py:830} INFO - Processing file /opt/airflow/dags/playwright_shopee.py for tasks to queue
[2026-05-17T08:52:00.197+0000] {logging_mixin.py:188} INFO - [2026-05-17T08:52:00.196+0000] {dagbag.py:545} INFO - Filling up the DagBag from /opt/airflow/dags/playwright_shopee.py
[2026-05-17T08:52:00.849+0000] {logging_mixin.py:188} INFO - 🌐 Membuka Chromium...
[2026-05-17T08:52:01.247+0000] {logging_mixin.py:188} INFO - 🍪 Inject cookies Shopee...
[2026-05-17T08:52:01.254+0000] {logging_mixin.py:188} INFO - ✅ 8 cookies berhasil diload dari /opt/airflow/dags/shopee_cookies.json
[2026-05-17T08:52:01.444+0000] {logging_mixin.py:188} INFO - 🌍 Membuka Shopee search...
[2026-05-17T08:52:08.490+0000] {logging_mixin.py:188} INFO - 📄 URL   : https://shopee.co.id/search?keyword=msi%20gaming
[2026-05-17T08:52:09.639+0000] {logging_mixin.py:188} INFO - 📄 TITLE : Jual msi gaming Harga Terbaik & Termurah Mei 2026 | Shopee Indonesia
[2026-05-17T08:52:10.465+0000] {logging_mixin.py:188} INFO - ❌ Kena traffic verify — cookies mungkin expired.
[2026-05-17T08:52:10.466+0000] {logging_mixin.py:188} INFO - ⚠️  Export ulang cookies dari Chrome dan update shopee_cookies.json
[2026-05-17T08:52:14.027+0000] {logging_mixin.py:188} INFO - [2026-05-17T08:52:14.024+0000] {dagbag.py:355} ERROR - Failed to import: /opt/airflow/dags/playwright_shopee.py
Traceback (most recent call last):
  File "/home/airflow/.local/lib/python3.8/site-packages/airflow/models/dagbag.py", line 351, in parse
    loader.exec_module(new_module)
  File "<frozen importlib._bootstrap_external>", line 843, in exec_module
  File "<frozen importlib._bootstrap>", line 219, in _call_with_frames_removed
  File "/opt/airflow/dags/playwright_shopee.py", line 218, in <module>
    raise RuntimeError(
RuntimeError: Shopee traffic verify detected. Update shopee_cookies.json dari Cookie-Editor.
[2026-05-17T08:52:14.030+0000] {processor.py:842} WARNING - No viable dags retrieved from /opt/airflow/dags/playwright_shopee.py
[2026-05-17T08:52:14.112+0000] {processor.py:183} INFO - Processing /opt/airflow/dags/playwright_shopee.py took 13.926 seconds
[2026-05-17T08:52:44.501+0000] {processor.py:161} INFO - Started process (PID=2070) to work on /opt/airflow/dags/playwright_shopee.py
[2026-05-17T08:52:44.503+0000] {processor.py:830} INFO - Processing file /opt/airflow/dags/playwright_shopee.py for tasks to queue
[2026-05-17T08:52:44.506+0000] {logging_mixin.py:188} INFO - [2026-05-17T08:52:44.505+0000] {dagbag.py:545} INFO - Filling up the DagBag from /opt/airflow/dags/playwright_shopee.py
[2026-05-17T08:52:45.115+0000] {logging_mixin.py:188} INFO - 🌐 Membuka Chromium...
[2026-05-17T08:52:45.410+0000] {logging_mixin.py:188} INFO - 🍪 Inject cookies Shopee...
[2026-05-17T08:52:45.415+0000] {logging_mixin.py:188} INFO - ✅ 8 cookies berhasil diload dari /opt/airflow/dags/shopee_cookies.json
[2026-05-17T08:52:45.582+0000] {logging_mixin.py:188} INFO - 🌍 Membuka Shopee search...
[2026-05-17T08:52:53.155+0000] {logging_mixin.py:188} INFO - 📄 URL   : https://shopee.co.id/search?keyword=msi%20gaming
[2026-05-17T08:52:53.658+0000] {logging_mixin.py:188} INFO - 📄 TITLE : Shopee Indonesia | Situs Belanja Online Terlengkap & Terpercaya
[2026-05-17T08:52:54.161+0000] {logging_mixin.py:188} INFO - ❌ Kena traffic verify — cookies mungkin expired.
[2026-05-17T08:52:54.162+0000] {logging_mixin.py:188} INFO - ⚠️  Export ulang cookies dari Chrome dan update shopee_cookies.json
[2026-05-17T08:52:54.536+0000] {logging_mixin.py:188} INFO - [2026-05-17T08:52:54.533+0000] {dagbag.py:355} ERROR - Failed to import: /opt/airflow/dags/playwright_shopee.py
Traceback (most recent call last):
  File "/home/airflow/.local/lib/python3.8/site-packages/airflow/models/dagbag.py", line 351, in parse
    loader.exec_module(new_module)
  File "<frozen importlib._bootstrap_external>", line 843, in exec_module
  File "<frozen importlib._bootstrap>", line 219, in _call_with_frames_removed
  File "/opt/airflow/dags/playwright_shopee.py", line 218, in <module>
    raise RuntimeError(
RuntimeError: Shopee traffic verify detected. Update shopee_cookies.json dari Cookie-Editor.
[2026-05-17T08:52:54.539+0000] {processor.py:842} WARNING - No viable dags retrieved from /opt/airflow/dags/playwright_shopee.py
[2026-05-17T08:52:54.573+0000] {processor.py:183} INFO - Processing /opt/airflow/dags/playwright_shopee.py took 10.081 seconds
[2026-05-17T08:53:25.669+0000] {processor.py:161} INFO - Started process (PID=2192) to work on /opt/airflow/dags/playwright_shopee.py
[2026-05-17T08:53:25.704+0000] {processor.py:830} INFO - Processing file /opt/airflow/dags/playwright_shopee.py for tasks to queue
[2026-05-17T08:53:25.792+0000] {logging_mixin.py:188} INFO - [2026-05-17T08:53:25.791+0000] {dagbag.py:545} INFO - Filling up the DagBag from /opt/airflow/dags/playwright_shopee.py
[2026-05-17T08:53:29.805+0000] {logging_mixin.py:188} INFO - 🌐 Membuka Chromium...
[2026-05-17T08:53:31.096+0000] {logging_mixin.py:188} INFO - 🍪 Inject cookies Shopee...
[2026-05-17T08:53:31.135+0000] {logging_mixin.py:188} INFO - ✅ 8 cookies berhasil diload dari /opt/airflow/dags/shopee_cookies.json
[2026-05-17T08:53:32.126+0000] {logging_mixin.py:188} INFO - 🌍 Membuka Shopee search...
[2026-05-17T08:53:39.576+0000] {logging_mixin.py:188} INFO - 📄 URL   : https://shopee.co.id/search?keyword=msi%20gaming
[2026-05-17T08:53:40.210+0000] {logging_mixin.py:188} INFO - 📄 TITLE : Shopee Indonesia | Situs Belanja Online Terlengkap & Terpercaya
[2026-05-17T08:53:42.599+0000] {logging_mixin.py:188} INFO - ❌ Cookies tidak valid atau sudah expired.
[2026-05-17T08:53:42.877+0000] {logging_mixin.py:188} INFO - [2026-05-17T08:53:42.875+0000] {dagbag.py:355} ERROR - Failed to import: /opt/airflow/dags/playwright_shopee.py
Traceback (most recent call last):
  File "/home/airflow/.local/lib/python3.8/site-packages/airflow/models/dagbag.py", line 351, in parse
    loader.exec_module(new_module)
  File "<frozen importlib._bootstrap_external>", line 843, in exec_module
  File "<frozen importlib._bootstrap>", line 219, in _call_with_frames_removed
  File "/opt/airflow/dags/playwright_shopee.py", line 228, in <module>
    raise RuntimeError("Cookies tidak valid. Export ulang dari Chrome.")
RuntimeError: Cookies tidak valid. Export ulang dari Chrome.
[2026-05-17T08:53:42.880+0000] {processor.py:842} WARNING - No viable dags retrieved from /opt/airflow/dags/playwright_shopee.py
[2026-05-17T08:53:42.929+0000] {processor.py:183} INFO - Processing /opt/airflow/dags/playwright_shopee.py took 17.610 seconds
[2026-05-17T08:55:10.146+0000] {processor.py:161} INFO - Started process (PID=171) to work on /opt/airflow/dags/playwright_shopee.py
[2026-05-17T08:55:10.148+0000] {processor.py:830} INFO - Processing file /opt/airflow/dags/playwright_shopee.py for tasks to queue
[2026-05-17T08:55:10.156+0000] {logging_mixin.py:188} INFO - [2026-05-17T08:55:10.155+0000] {dagbag.py:545} INFO - Filling up the DagBag from /opt/airflow/dags/playwright_shopee.py
[2026-05-17T08:55:11.480+0000] {logging_mixin.py:188} INFO - 🌐 Membuka Chromium...
[2026-05-17T08:55:12.063+0000] {logging_mixin.py:188} INFO - 🍪 Inject cookies Shopee...
[2026-05-17T08:55:12.069+0000] {logging_mixin.py:188} INFO - ✅ 16 cookies berhasil diload dari /opt/airflow/dags/shopee_cookies.json
[2026-05-17T08:55:12.403+0000] {logging_mixin.py:188} INFO - 🌍 Membuka Shopee search...
[2026-05-17T08:55:20.337+0000] {logging_mixin.py:188} INFO - 📄 URL   : https://shopee.co.id/search?keyword=msi%20gaming
[2026-05-17T08:55:21.531+0000] {logging_mixin.py:188} INFO - 📄 TITLE : Shopee Indonesia | Situs Belanja Online Terlengkap & Terpercaya
[2026-05-17T08:55:23.811+0000] {logging_mixin.py:188} INFO - ❌ Cookies tidak valid atau sudah expired.
[2026-05-17T08:55:24.035+0000] {logging_mixin.py:188} INFO - [2026-05-17T08:55:24.033+0000] {dagbag.py:355} ERROR - Failed to import: /opt/airflow/dags/playwright_shopee.py
Traceback (most recent call last):
  File "/home/airflow/.local/lib/python3.8/site-packages/airflow/models/dagbag.py", line 351, in parse
    loader.exec_module(new_module)
  File "<frozen importlib._bootstrap_external>", line 843, in exec_module
  File "<frozen importlib._bootstrap>", line 219, in _call_with_frames_removed
  File "/opt/airflow/dags/playwright_shopee.py", line 228, in <module>
    raise RuntimeError("Cookies tidak valid. Export ulang dari Chrome.")
RuntimeError: Cookies tidak valid. Export ulang dari Chrome.
[2026-05-17T08:55:24.037+0000] {processor.py:842} WARNING - No viable dags retrieved from /opt/airflow/dags/playwright_shopee.py
[2026-05-17T08:55:24.084+0000] {processor.py:183} INFO - Processing /opt/airflow/dags/playwright_shopee.py took 13.973 seconds
[2026-05-17T08:55:54.462+0000] {processor.py:161} INFO - Started process (PID=279) to work on /opt/airflow/dags/playwright_shopee.py
[2026-05-17T08:55:54.463+0000] {processor.py:830} INFO - Processing file /opt/airflow/dags/playwright_shopee.py for tasks to queue
[2026-05-17T08:55:54.465+0000] {logging_mixin.py:188} INFO - [2026-05-17T08:55:54.465+0000] {dagbag.py:545} INFO - Filling up the DagBag from /opt/airflow/dags/playwright_shopee.py
[2026-05-17T08:55:55.202+0000] {logging_mixin.py:188} INFO - 🌐 Membuka Chromium...
[2026-05-17T08:55:55.765+0000] {logging_mixin.py:188} INFO - 🍪 Inject cookies Shopee...
[2026-05-17T08:55:55.771+0000] {logging_mixin.py:188} INFO - ✅ 16 cookies berhasil diload dari /opt/airflow/dags/shopee_cookies.json
[2026-05-17T08:55:55.922+0000] {logging_mixin.py:188} INFO - 🌍 Membuka Shopee search...
[2026-05-17T08:56:04.257+0000] {logging_mixin.py:188} INFO - 📄 URL   : https://shopee.co.id/search?keyword=msi%20gaming
[2026-05-17T08:56:04.727+0000] {logging_mixin.py:188} INFO - 📄 TITLE : 
[2026-05-17T08:56:07.129+0000] {logging_mixin.py:188} INFO - ❌ Kena traffic verify — cookies mungkin expired.
[2026-05-17T08:56:07.130+0000] {logging_mixin.py:188} INFO - ⚠️  Export ulang cookies dari Chrome dan update shopee_cookies.json
[2026-05-17T08:56:07.762+0000] {logging_mixin.py:188} INFO - [2026-05-17T08:56:07.761+0000] {dagbag.py:355} ERROR - Failed to import: /opt/airflow/dags/playwright_shopee.py
Traceback (most recent call last):
  File "/home/airflow/.local/lib/python3.8/site-packages/airflow/models/dagbag.py", line 351, in parse
    loader.exec_module(new_module)
  File "<frozen importlib._bootstrap_external>", line 843, in exec_module
  File "<frozen importlib._bootstrap>", line 219, in _call_with_frames_removed
  File "/opt/airflow/dags/playwright_shopee.py", line 218, in <module>
    raise RuntimeError(
RuntimeError: Shopee traffic verify detected. Update shopee_cookies.json dari Cookie-Editor.
[2026-05-17T08:56:07.764+0000] {processor.py:842} WARNING - No viable dags retrieved from /opt/airflow/dags/playwright_shopee.py
[2026-05-17T08:56:07.794+0000] {processor.py:183} INFO - Processing /opt/airflow/dags/playwright_shopee.py took 13.340 seconds
[2026-05-17T08:56:38.078+0000] {processor.py:161} INFO - Started process (PID=407) to work on /opt/airflow/dags/playwright_shopee.py
[2026-05-17T08:56:38.080+0000] {processor.py:830} INFO - Processing file /opt/airflow/dags/playwright_shopee.py for tasks to queue
[2026-05-17T08:56:38.083+0000] {logging_mixin.py:188} INFO - [2026-05-17T08:56:38.083+0000] {dagbag.py:545} INFO - Filling up the DagBag from /opt/airflow/dags/playwright_shopee.py
[2026-05-17T08:56:38.824+0000] {logging_mixin.py:188} INFO - 🌐 Membuka Chromium...
[2026-05-17T08:56:39.050+0000] {logging_mixin.py:188} INFO - 🍪 Inject cookies Shopee...
[2026-05-17T08:56:39.055+0000] {logging_mixin.py:188} INFO - ✅ 16 cookies berhasil diload dari /opt/airflow/dags/shopee_cookies.json
[2026-05-17T08:56:39.191+0000] {logging_mixin.py:188} INFO - 🌍 Membuka Shopee search...
[2026-05-17T08:56:46.346+0000] {logging_mixin.py:188} INFO - 📄 URL   : https://shopee.co.id/search?keyword=msi%20gaming
[2026-05-17T08:56:46.932+0000] {logging_mixin.py:188} INFO - 📄 TITLE : 
[2026-05-17T08:56:48.956+0000] {logging_mixin.py:188} INFO - ❌ Kena traffic verify — cookies mungkin expired.
[2026-05-17T08:56:48.957+0000] {logging_mixin.py:188} INFO - ⚠️  Export ulang cookies dari Chrome dan update shopee_cookies.json
[2026-05-17T08:56:49.734+0000] {logging_mixin.py:188} INFO - [2026-05-17T08:56:49.728+0000] {dagbag.py:355} ERROR - Failed to import: /opt/airflow/dags/playwright_shopee.py
Traceback (most recent call last):
  File "/home/airflow/.local/lib/python3.8/site-packages/airflow/models/dagbag.py", line 351, in parse
    loader.exec_module(new_module)
  File "<frozen importlib._bootstrap_external>", line 843, in exec_module
  File "<frozen importlib._bootstrap>", line 219, in _call_with_frames_removed
  File "/opt/airflow/dags/playwright_shopee.py", line 218, in <module>
    raise RuntimeError(
RuntimeError: Shopee traffic verify detected. Update shopee_cookies.json dari Cookie-Editor.
[2026-05-17T08:56:49.740+0000] {processor.py:842} WARNING - No viable dags retrieved from /opt/airflow/dags/playwright_shopee.py
[2026-05-17T08:56:49.826+0000] {processor.py:183} INFO - Processing /opt/airflow/dags/playwright_shopee.py took 11.762 seconds
[2026-05-17T08:57:20.108+0000] {processor.py:161} INFO - Started process (PID=543) to work on /opt/airflow/dags/playwright_shopee.py
[2026-05-17T08:57:20.109+0000] {processor.py:830} INFO - Processing file /opt/airflow/dags/playwright_shopee.py for tasks to queue
[2026-05-17T08:57:20.110+0000] {logging_mixin.py:188} INFO - [2026-05-17T08:57:20.110+0000] {dagbag.py:545} INFO - Filling up the DagBag from /opt/airflow/dags/playwright_shopee.py
[2026-05-17T08:57:20.651+0000] {logging_mixin.py:188} INFO - 🌐 Membuka Chromium...
[2026-05-17T08:57:20.925+0000] {logging_mixin.py:188} INFO - 🍪 Inject cookies Shopee...
[2026-05-17T08:57:20.930+0000] {logging_mixin.py:188} INFO - ✅ 16 cookies berhasil diload dari /opt/airflow/dags/shopee_cookies.json
[2026-05-17T08:57:21.057+0000] {logging_mixin.py:188} INFO - 🌍 Membuka Shopee search...
[2026-05-17T08:57:27.219+0000] {logging_mixin.py:188} INFO - 📄 URL   : https://shopee.co.id/search?keyword=msi%20gaming
[2026-05-17T08:57:28.297+0000] {logging_mixin.py:188} INFO - 📄 TITLE : Jual msi gaming Harga Terbaik & Termurah Mei 2026 | Shopee Indonesia
[2026-05-17T08:57:29.753+0000] {logging_mixin.py:188} INFO - ❌ Kena traffic verify — cookies mungkin expired.
[2026-05-17T08:57:29.755+0000] {logging_mixin.py:188} INFO - ⚠️  Export ulang cookies dari Chrome dan update shopee_cookies.json
[2026-05-17T08:57:32.893+0000] {logging_mixin.py:188} INFO - [2026-05-17T08:57:32.890+0000] {dagbag.py:355} ERROR - Failed to import: /opt/airflow/dags/playwright_shopee.py
Traceback (most recent call last):
  File "/home/airflow/.local/lib/python3.8/site-packages/airflow/models/dagbag.py", line 351, in parse
    loader.exec_module(new_module)
  File "<frozen importlib._bootstrap_external>", line 843, in exec_module
  File "<frozen importlib._bootstrap>", line 219, in _call_with_frames_removed
  File "/opt/airflow/dags/playwright_shopee.py", line 218, in <module>
    raise RuntimeError(
RuntimeError: Shopee traffic verify detected. Update shopee_cookies.json dari Cookie-Editor.
[2026-05-17T08:57:32.895+0000] {processor.py:842} WARNING - No viable dags retrieved from /opt/airflow/dags/playwright_shopee.py
[2026-05-17T08:57:32.940+0000] {processor.py:183} INFO - Processing /opt/airflow/dags/playwright_shopee.py took 12.838 seconds
[2026-05-17T08:58:03.201+0000] {processor.py:161} INFO - Started process (PID=775) to work on /opt/airflow/dags/playwright_shopee.py
[2026-05-17T08:58:03.202+0000] {processor.py:830} INFO - Processing file /opt/airflow/dags/playwright_shopee.py for tasks to queue
[2026-05-17T08:58:03.205+0000] {logging_mixin.py:188} INFO - [2026-05-17T08:58:03.205+0000] {dagbag.py:545} INFO - Filling up the DagBag from /opt/airflow/dags/playwright_shopee.py
[2026-05-17T08:58:06.950+0000] {logging_mixin.py:188} INFO - 🌐 Membuka Chromium...
[2026-05-17T08:58:07.504+0000] {logging_mixin.py:188} INFO - 🍪 Inject cookies Shopee...
[2026-05-17T08:58:07.509+0000] {logging_mixin.py:188} INFO - ✅ 16 cookies berhasil diload dari /opt/airflow/dags/shopee_cookies.json
[2026-05-17T08:58:07.673+0000] {logging_mixin.py:188} INFO - 🌍 Membuka Shopee search...
[2026-05-17T08:58:15.892+0000] {logging_mixin.py:188} INFO - 📄 URL   : https://shopee.co.id/search?keyword=msi%20gaming
[2026-05-17T08:58:16.796+0000] {logging_mixin.py:188} INFO - 📄 TITLE : Shopee Indonesia | Situs Belanja Online Terlengkap & Terpercaya
[2026-05-17T08:58:17.880+0000] {logging_mixin.py:188} INFO - ❌ Kena traffic verify — cookies mungkin expired.
[2026-05-17T08:58:17.881+0000] {logging_mixin.py:188} INFO - ⚠️  Export ulang cookies dari Chrome dan update shopee_cookies.json
[2026-05-17T08:58:18.527+0000] {logging_mixin.py:188} INFO - [2026-05-17T08:58:18.525+0000] {dagbag.py:355} ERROR - Failed to import: /opt/airflow/dags/playwright_shopee.py
Traceback (most recent call last):
  File "/home/airflow/.local/lib/python3.8/site-packages/airflow/models/dagbag.py", line 351, in parse
    loader.exec_module(new_module)
  File "<frozen importlib._bootstrap_external>", line 843, in exec_module
  File "<frozen importlib._bootstrap>", line 219, in _call_with_frames_removed
  File "/opt/airflow/dags/playwright_shopee.py", line 218, in <module>
    raise RuntimeError(
RuntimeError: Shopee traffic verify detected. Update shopee_cookies.json dari Cookie-Editor.
[2026-05-17T08:58:18.529+0000] {processor.py:842} WARNING - No viable dags retrieved from /opt/airflow/dags/playwright_shopee.py
[2026-05-17T08:58:18.566+0000] {processor.py:183} INFO - Processing /opt/airflow/dags/playwright_shopee.py took 15.401 seconds
[2026-05-17T08:58:48.855+0000] {processor.py:161} INFO - Started process (PID=907) to work on /opt/airflow/dags/playwright_shopee.py
[2026-05-17T08:58:48.856+0000] {processor.py:830} INFO - Processing file /opt/airflow/dags/playwright_shopee.py for tasks to queue
[2026-05-17T08:58:48.859+0000] {logging_mixin.py:188} INFO - [2026-05-17T08:58:48.859+0000] {dagbag.py:545} INFO - Filling up the DagBag from /opt/airflow/dags/playwright_shopee.py
[2026-05-17T08:58:49.427+0000] {logging_mixin.py:188} INFO - 🌐 Membuka Chromium...
[2026-05-17T08:58:49.681+0000] {logging_mixin.py:188} INFO - 🍪 Inject cookies Shopee...
[2026-05-17T08:58:49.686+0000] {logging_mixin.py:188} INFO - ✅ 16 cookies berhasil diload dari /opt/airflow/dags/shopee_cookies.json
[2026-05-17T08:58:49.800+0000] {logging_mixin.py:188} INFO - 🌍 Membuka Shopee search...
[2026-05-17T08:58:57.687+0000] {logging_mixin.py:188} INFO - 📄 URL   : https://shopee.co.id/search?keyword=msi%20gaming
[2026-05-17T08:58:58.469+0000] {logging_mixin.py:188} INFO - 📄 TITLE : Shopee Indonesia | Situs Belanja Online Terlengkap & Terpercaya
[2026-05-17T08:58:59.298+0000] {logging_mixin.py:188} INFO - ❌ Kena traffic verify — cookies mungkin expired.
[2026-05-17T08:58:59.298+0000] {logging_mixin.py:188} INFO - ⚠️  Export ulang cookies dari Chrome dan update shopee_cookies.json
[2026-05-17T08:58:59.904+0000] {logging_mixin.py:188} INFO - [2026-05-17T08:58:59.902+0000] {dagbag.py:355} ERROR - Failed to import: /opt/airflow/dags/playwright_shopee.py
Traceback (most recent call last):
  File "/home/airflow/.local/lib/python3.8/site-packages/airflow/models/dagbag.py", line 351, in parse
    loader.exec_module(new_module)
  File "<frozen importlib._bootstrap_external>", line 843, in exec_module
  File "<frozen importlib._bootstrap>", line 219, in _call_with_frames_removed
  File "/opt/airflow/dags/playwright_shopee.py", line 218, in <module>
    raise RuntimeError(
RuntimeError: Shopee traffic verify detected. Update shopee_cookies.json dari Cookie-Editor.
[2026-05-17T08:58:59.906+0000] {processor.py:842} WARNING - No viable dags retrieved from /opt/airflow/dags/playwright_shopee.py
[2026-05-17T08:58:59.935+0000] {processor.py:183} INFO - Processing /opt/airflow/dags/playwright_shopee.py took 11.087 seconds
[2026-05-17T08:59:30.228+0000] {processor.py:161} INFO - Started process (PID=1034) to work on /opt/airflow/dags/playwright_shopee.py
[2026-05-17T08:59:30.229+0000] {processor.py:830} INFO - Processing file /opt/airflow/dags/playwright_shopee.py for tasks to queue
[2026-05-17T08:59:30.232+0000] {logging_mixin.py:188} INFO - [2026-05-17T08:59:30.231+0000] {dagbag.py:545} INFO - Filling up the DagBag from /opt/airflow/dags/playwright_shopee.py
[2026-05-17T08:59:30.849+0000] {logging_mixin.py:188} INFO - 🌐 Membuka Chromium...
[2026-05-17T08:59:31.105+0000] {logging_mixin.py:188} INFO - 🍪 Inject cookies Shopee...
[2026-05-17T08:59:31.111+0000] {logging_mixin.py:188} INFO - ✅ 16 cookies berhasil diload dari /opt/airflow/dags/shopee_cookies.json
[2026-05-17T08:59:31.263+0000] {logging_mixin.py:188} INFO - 🌍 Membuka Shopee search...
[2026-05-17T08:59:39.605+0000] {logging_mixin.py:188} INFO - 📄 URL   : https://shopee.co.id/search?keyword=msi%20gaming
[2026-05-17T08:59:40.660+0000] {logging_mixin.py:188} INFO - 📄 TITLE : Shopee Indonesia | Situs Belanja Online Terlengkap & Terpercaya
[2026-05-17T08:59:41.731+0000] {logging_mixin.py:188} INFO - ❌ Kena traffic verify — cookies mungkin expired.
[2026-05-17T08:59:41.733+0000] {logging_mixin.py:188} INFO - ⚠️  Export ulang cookies dari Chrome dan update shopee_cookies.json
[2026-05-17T08:59:42.695+0000] {logging_mixin.py:188} INFO - [2026-05-17T08:59:42.693+0000] {dagbag.py:355} ERROR - Failed to import: /opt/airflow/dags/playwright_shopee.py
Traceback (most recent call last):
  File "/home/airflow/.local/lib/python3.8/site-packages/airflow/models/dagbag.py", line 351, in parse
    loader.exec_module(new_module)
  File "<frozen importlib._bootstrap_external>", line 843, in exec_module
  File "<frozen importlib._bootstrap>", line 219, in _call_with_frames_removed
  File "/opt/airflow/dags/playwright_shopee.py", line 218, in <module>
    raise RuntimeError(
RuntimeError: Shopee traffic verify detected. Update shopee_cookies.json dari Cookie-Editor.
[2026-05-17T08:59:42.697+0000] {processor.py:842} WARNING - No viable dags retrieved from /opt/airflow/dags/playwright_shopee.py
[2026-05-17T08:59:42.748+0000] {processor.py:183} INFO - Processing /opt/airflow/dags/playwright_shopee.py took 12.531 seconds
[2026-05-17T09:00:13.149+0000] {processor.py:161} INFO - Started process (PID=1161) to work on /opt/airflow/dags/playwright_shopee.py
[2026-05-17T09:00:13.150+0000] {processor.py:830} INFO - Processing file /opt/airflow/dags/playwright_shopee.py for tasks to queue
[2026-05-17T09:00:13.153+0000] {logging_mixin.py:188} INFO - [2026-05-17T09:00:13.152+0000] {dagbag.py:545} INFO - Filling up the DagBag from /opt/airflow/dags/playwright_shopee.py
[2026-05-17T09:00:13.779+0000] {logging_mixin.py:188} INFO - 🌐 Membuka Chromium...
[2026-05-17T09:00:14.074+0000] {logging_mixin.py:188} INFO - 🍪 Inject cookies Shopee...
[2026-05-17T09:00:14.079+0000] {logging_mixin.py:188} INFO - ✅ 16 cookies berhasil diload dari /opt/airflow/dags/shopee_cookies.json
[2026-05-17T09:00:14.224+0000] {logging_mixin.py:188} INFO - 🌍 Membuka Shopee search...
[2026-05-17T09:00:21.479+0000] {logging_mixin.py:188} INFO - 📄 URL   : https://shopee.co.id/search?keyword=msi%20gaming
[2026-05-17T09:00:22.281+0000] {logging_mixin.py:188} INFO - [2026-05-17T09:00:22.278+0000] {dagbag.py:355} ERROR - Failed to import: /opt/airflow/dags/playwright_shopee.py
Traceback (most recent call last):
  File "/home/airflow/.local/lib/python3.8/site-packages/airflow/models/dagbag.py", line 351, in parse
    loader.exec_module(new_module)
  File "<frozen importlib._bootstrap_external>", line 843, in exec_module
  File "<frozen importlib._bootstrap>", line 219, in _call_with_frames_removed
  File "/opt/airflow/dags/playwright_shopee.py", line 208, in <module>
    print("📄 TITLE :", page.title())
  File "/home/airflow/.local/lib/python3.8/site-packages/playwright/sync_api/_generated.py", line 9407, in title
    return mapping.from_maybe_impl(self._sync(self._impl_obj.title()))
  File "/home/airflow/.local/lib/python3.8/site-packages/playwright/_impl/_sync_base.py", line 115, in _sync
    return task.result()
  File "/home/airflow/.local/lib/python3.8/site-packages/playwright/_impl/_page.py", line 742, in title
    return await self._main_frame.title()
  File "/home/airflow/.local/lib/python3.8/site-packages/playwright/_impl/_frame.py", line 776, in title
    return await self._channel.send("title")
  File "/home/airflow/.local/lib/python3.8/site-packages/playwright/_impl/_connection.py", line 59, in send
    return await self._connection.wrap_api_call(
  File "/home/airflow/.local/lib/python3.8/site-packages/playwright/_impl/_connection.py", line 514, in wrap_api_call
    raise rewrite_error(error, f"{parsed_st['apiName']}: {error}") from None
playwright._impl._errors.Error: Page.title: Execution context was destroyed, most likely because of a navigation
[2026-05-17T09:00:22.282+0000] {processor.py:842} WARNING - No viable dags retrieved from /opt/airflow/dags/playwright_shopee.py
[2026-05-17T09:00:22.314+0000] {processor.py:183} INFO - Processing /opt/airflow/dags/playwright_shopee.py took 9.179 seconds
[2026-05-17T09:00:52.463+0000] {processor.py:161} INFO - Started process (PID=1284) to work on /opt/airflow/dags/playwright_shopee.py
[2026-05-17T09:00:52.466+0000] {processor.py:830} INFO - Processing file /opt/airflow/dags/playwright_shopee.py for tasks to queue
[2026-05-17T09:00:52.471+0000] {logging_mixin.py:188} INFO - [2026-05-17T09:00:52.471+0000] {dagbag.py:545} INFO - Filling up the DagBag from /opt/airflow/dags/playwright_shopee.py
[2026-05-17T09:00:53.135+0000] {logging_mixin.py:188} INFO - 🌐 Membuka Chromium...
[2026-05-17T09:00:53.410+0000] {logging_mixin.py:188} INFO - 🍪 Inject cookies Shopee...
[2026-05-17T09:00:53.416+0000] {logging_mixin.py:188} INFO - ✅ 16 cookies berhasil diload dari /opt/airflow/dags/shopee_cookies.json
[2026-05-17T09:00:53.574+0000] {logging_mixin.py:188} INFO - 🌍 Membuka Shopee search...
[2026-05-17T09:01:00.107+0000] {logging_mixin.py:188} INFO - 📄 URL   : https://shopee.co.id/search?keyword=msi%20gaming
[2026-05-17T09:01:00.390+0000] {logging_mixin.py:188} INFO - 📄 TITLE : Shopee Indonesia | Situs Belanja Online Terlengkap & Terpercaya
[2026-05-17T09:01:03.061+0000] {logging_mixin.py:188} INFO - ❌ Kena traffic verify — cookies mungkin expired.
[2026-05-17T09:01:03.062+0000] {logging_mixin.py:188} INFO - ⚠️  Export ulang cookies dari Chrome dan update shopee_cookies.json
[2026-05-17T09:01:07.168+0000] {logging_mixin.py:188} INFO - [2026-05-17T09:01:07.166+0000] {dagbag.py:355} ERROR - Failed to import: /opt/airflow/dags/playwright_shopee.py
Traceback (most recent call last):
  File "/home/airflow/.local/lib/python3.8/site-packages/airflow/models/dagbag.py", line 351, in parse
    loader.exec_module(new_module)
  File "<frozen importlib._bootstrap_external>", line 843, in exec_module
  File "<frozen importlib._bootstrap>", line 219, in _call_with_frames_removed
  File "/opt/airflow/dags/playwright_shopee.py", line 218, in <module>
    raise RuntimeError(
RuntimeError: Shopee traffic verify detected. Update shopee_cookies.json dari Cookie-Editor.
[2026-05-17T09:01:07.170+0000] {processor.py:842} WARNING - No viable dags retrieved from /opt/airflow/dags/playwright_shopee.py
[2026-05-17T09:01:07.210+0000] {processor.py:183} INFO - Processing /opt/airflow/dags/playwright_shopee.py took 14.766 seconds
[2026-05-17T09:01:37.516+0000] {processor.py:161} INFO - Started process (PID=1402) to work on /opt/airflow/dags/playwright_shopee.py
[2026-05-17T09:01:37.517+0000] {processor.py:830} INFO - Processing file /opt/airflow/dags/playwright_shopee.py for tasks to queue
[2026-05-17T09:01:37.519+0000] {logging_mixin.py:188} INFO - [2026-05-17T09:01:37.518+0000] {dagbag.py:545} INFO - Filling up the DagBag from /opt/airflow/dags/playwright_shopee.py
[2026-05-17T09:01:38.198+0000] {logging_mixin.py:188} INFO - 🌐 Membuka Chromium...
[2026-05-17T09:01:38.577+0000] {logging_mixin.py:188} INFO - 🍪 Inject cookies Shopee...
[2026-05-17T09:01:38.583+0000] {logging_mixin.py:188} INFO - ✅ 16 cookies berhasil diload dari /opt/airflow/dags/shopee_cookies.json
[2026-05-17T09:01:38.742+0000] {logging_mixin.py:188} INFO - 🌍 Membuka Shopee search...
[2026-05-17T09:01:45.655+0000] {logging_mixin.py:188} INFO - 📄 URL   : https://shopee.co.id/search?keyword=msi%20gaming
[2026-05-17T09:01:46.143+0000] {logging_mixin.py:188} INFO - 📄 TITLE : Jual msi gaming Harga Terbaik & Termurah Mei 2026 | Shopee Indonesia
[2026-05-17T09:01:47.092+0000] {logging_mixin.py:188} INFO - ❌ Kena traffic verify — cookies mungkin expired.
[2026-05-17T09:01:47.093+0000] {logging_mixin.py:188} INFO - ⚠️  Export ulang cookies dari Chrome dan update shopee_cookies.json
[2026-05-17T09:01:50.502+0000] {logging_mixin.py:188} INFO - [2026-05-17T09:01:50.500+0000] {dagbag.py:355} ERROR - Failed to import: /opt/airflow/dags/playwright_shopee.py
Traceback (most recent call last):
  File "/home/airflow/.local/lib/python3.8/site-packages/airflow/models/dagbag.py", line 351, in parse
    loader.exec_module(new_module)
  File "<frozen importlib._bootstrap_external>", line 843, in exec_module
  File "<frozen importlib._bootstrap>", line 219, in _call_with_frames_removed
  File "/opt/airflow/dags/playwright_shopee.py", line 218, in <module>
    raise RuntimeError(
RuntimeError: Shopee traffic verify detected. Update shopee_cookies.json dari Cookie-Editor.
[2026-05-17T09:01:50.504+0000] {processor.py:842} WARNING - No viable dags retrieved from /opt/airflow/dags/playwright_shopee.py
[2026-05-17T09:01:50.534+0000] {processor.py:183} INFO - Processing /opt/airflow/dags/playwright_shopee.py took 13.030 seconds
[2026-05-17T09:02:20.827+0000] {processor.py:161} INFO - Started process (PID=1517) to work on /opt/airflow/dags/playwright_shopee.py
[2026-05-17T09:02:20.828+0000] {processor.py:830} INFO - Processing file /opt/airflow/dags/playwright_shopee.py for tasks to queue
[2026-05-17T09:02:20.830+0000] {logging_mixin.py:188} INFO - [2026-05-17T09:02:20.830+0000] {dagbag.py:545} INFO - Filling up the DagBag from /opt/airflow/dags/playwright_shopee.py
[2026-05-17T09:02:21.458+0000] {logging_mixin.py:188} INFO - 🌐 Membuka Chromium...
[2026-05-17T09:02:21.824+0000] {logging_mixin.py:188} INFO - 🍪 Inject cookies Shopee...
[2026-05-17T09:02:21.828+0000] {logging_mixin.py:188} INFO - ✅ 16 cookies berhasil diload dari /opt/airflow/dags/shopee_cookies.json
[2026-05-17T09:02:21.982+0000] {logging_mixin.py:188} INFO - 🌍 Membuka Shopee search...
[2026-05-17T09:02:29.134+0000] {logging_mixin.py:188} INFO - 📄 URL   : https://shopee.co.id/search?keyword=msi%20gaming
[2026-05-17T09:02:29.443+0000] {logging_mixin.py:188} INFO - 📄 TITLE : Shopee Indonesia | Situs Belanja Online Terlengkap & Terpercaya
[2026-05-17T09:02:33.893+0000] {logging_mixin.py:188} INFO - ❌ Kena traffic verify — cookies mungkin expired.
[2026-05-17T09:02:33.894+0000] {logging_mixin.py:188} INFO - ⚠️  Export ulang cookies dari Chrome dan update shopee_cookies.json
[2026-05-17T09:02:35.434+0000] {logging_mixin.py:188} INFO - [2026-05-17T09:02:35.431+0000] {dagbag.py:355} ERROR - Failed to import: /opt/airflow/dags/playwright_shopee.py
Traceback (most recent call last):
  File "/home/airflow/.local/lib/python3.8/site-packages/airflow/models/dagbag.py", line 351, in parse
    loader.exec_module(new_module)
  File "<frozen importlib._bootstrap_external>", line 843, in exec_module
  File "<frozen importlib._bootstrap>", line 219, in _call_with_frames_removed
  File "/opt/airflow/dags/playwright_shopee.py", line 218, in <module>
    raise RuntimeError(
RuntimeError: Shopee traffic verify detected. Update shopee_cookies.json dari Cookie-Editor.
[2026-05-17T09:02:35.441+0000] {processor.py:842} WARNING - No viable dags retrieved from /opt/airflow/dags/playwright_shopee.py
[2026-05-17T09:02:35.496+0000] {processor.py:183} INFO - Processing /opt/airflow/dags/playwright_shopee.py took 14.675 seconds
[2026-05-17T09:03:06.222+0000] {processor.py:161} INFO - Started process (PID=1736) to work on /opt/airflow/dags/playwright_shopee.py
[2026-05-17T09:03:06.226+0000] {processor.py:830} INFO - Processing file /opt/airflow/dags/playwright_shopee.py for tasks to queue
[2026-05-17T09:03:06.229+0000] {logging_mixin.py:188} INFO - [2026-05-17T09:03:06.228+0000] {dagbag.py:545} INFO - Filling up the DagBag from /opt/airflow/dags/playwright_shopee.py
[2026-05-17T09:03:08.488+0000] {logging_mixin.py:188} INFO - 🌐 Membuka Chromium...
[2026-05-17T09:03:08.944+0000] {logging_mixin.py:188} INFO - 🍪 Inject cookies Shopee...
[2026-05-17T09:03:08.951+0000] {logging_mixin.py:188} INFO - ✅ 16 cookies berhasil diload dari /opt/airflow/dags/shopee_cookies.json
[2026-05-17T09:03:09.105+0000] {logging_mixin.py:188} INFO - 🌍 Membuka Shopee search...
[2026-05-17T09:03:18.792+0000] {logging_mixin.py:188} INFO - 📄 URL   : https://shopee.co.id/search?keyword=msi%20gaming
[2026-05-17T09:03:19.072+0000] {logging_mixin.py:188} INFO - 📄 TITLE : Shopee Indonesia | Situs Belanja Online Terlengkap & Terpercaya
[2026-05-17T09:03:22.698+0000] {logging_mixin.py:188} INFO - ❌ Kena traffic verify — cookies mungkin expired.
[2026-05-17T09:03:22.699+0000] {logging_mixin.py:188} INFO - ⚠️  Export ulang cookies dari Chrome dan update shopee_cookies.json
[2026-05-17T09:03:27.942+0000] {logging_mixin.py:188} INFO - [2026-05-17T09:03:27.759+0000] {dagbag.py:355} ERROR - Failed to import: /opt/airflow/dags/playwright_shopee.py
Traceback (most recent call last):
  File "/home/airflow/.local/lib/python3.8/site-packages/airflow/models/dagbag.py", line 351, in parse
    loader.exec_module(new_module)
  File "<frozen importlib._bootstrap_external>", line 843, in exec_module
  File "<frozen importlib._bootstrap>", line 219, in _call_with_frames_removed
  File "/opt/airflow/dags/playwright_shopee.py", line 218, in <module>
    raise RuntimeError(
RuntimeError: Shopee traffic verify detected. Update shopee_cookies.json dari Cookie-Editor.
[2026-05-17T09:03:27.944+0000] {processor.py:842} WARNING - No viable dags retrieved from /opt/airflow/dags/playwright_shopee.py
[2026-05-17T09:03:28.052+0000] {processor.py:183} INFO - Processing /opt/airflow/dags/playwright_shopee.py took 21.844 seconds
[2026-05-17T09:03:58.403+0000] {processor.py:161} INFO - Started process (PID=1853) to work on /opt/airflow/dags/playwright_shopee.py
[2026-05-17T09:03:58.413+0000] {processor.py:830} INFO - Processing file /opt/airflow/dags/playwright_shopee.py for tasks to queue
[2026-05-17T09:03:58.421+0000] {logging_mixin.py:188} INFO - [2026-05-17T09:03:58.420+0000] {dagbag.py:545} INFO - Filling up the DagBag from /opt/airflow/dags/playwright_shopee.py
[2026-05-17T09:03:59.310+0000] {logging_mixin.py:188} INFO - 🌐 Membuka Chromium...
[2026-05-17T09:03:59.646+0000] {logging_mixin.py:188} INFO - 🍪 Inject cookies Shopee...
[2026-05-17T09:03:59.652+0000] {logging_mixin.py:188} INFO - ✅ 16 cookies berhasil diload dari /opt/airflow/dags/shopee_cookies.json
[2026-05-17T09:03:59.870+0000] {logging_mixin.py:188} INFO - 🌍 Membuka Shopee search...
[2026-05-17T09:04:07.129+0000] {logging_mixin.py:188} INFO - 📄 URL   : https://shopee.co.id/search?keyword=msi%20gaming
[2026-05-17T09:04:08.391+0000] {logging_mixin.py:188} INFO - 📄 TITLE : Jual msi gaming Harga Terbaik & Termurah Mei 2026 | Shopee Indonesia
[2026-05-17T09:04:09.198+0000] {logging_mixin.py:188} INFO - ❌ Kena traffic verify — cookies mungkin expired.
[2026-05-17T09:04:09.199+0000] {logging_mixin.py:188} INFO - ⚠️  Export ulang cookies dari Chrome dan update shopee_cookies.json
[2026-05-17T09:04:12.412+0000] {logging_mixin.py:188} INFO - [2026-05-17T09:04:12.410+0000] {dagbag.py:355} ERROR - Failed to import: /opt/airflow/dags/playwright_shopee.py
Traceback (most recent call last):
  File "/home/airflow/.local/lib/python3.8/site-packages/airflow/models/dagbag.py", line 351, in parse
    loader.exec_module(new_module)
  File "<frozen importlib._bootstrap_external>", line 843, in exec_module
  File "<frozen importlib._bootstrap>", line 219, in _call_with_frames_removed
  File "/opt/airflow/dags/playwright_shopee.py", line 218, in <module>
    raise RuntimeError(
RuntimeError: Shopee traffic verify detected. Update shopee_cookies.json dari Cookie-Editor.
[2026-05-17T09:04:12.413+0000] {processor.py:842} WARNING - No viable dags retrieved from /opt/airflow/dags/playwright_shopee.py
[2026-05-17T09:04:12.444+0000] {processor.py:183} INFO - Processing /opt/airflow/dags/playwright_shopee.py took 14.060 seconds
[2026-05-17T09:04:42.694+0000] {processor.py:161} INFO - Started process (PID=1975) to work on /opt/airflow/dags/playwright_shopee.py
[2026-05-17T09:04:42.696+0000] {processor.py:830} INFO - Processing file /opt/airflow/dags/playwright_shopee.py for tasks to queue
[2026-05-17T09:04:42.700+0000] {logging_mixin.py:188} INFO - [2026-05-17T09:04:42.699+0000] {dagbag.py:545} INFO - Filling up the DagBag from /opt/airflow/dags/playwright_shopee.py
[2026-05-17T09:04:43.344+0000] {logging_mixin.py:188} INFO - 🌐 Membuka Chromium...
[2026-05-17T09:04:43.625+0000] {logging_mixin.py:188} INFO - 🍪 Inject cookies Shopee...
[2026-05-17T09:04:43.631+0000] {logging_mixin.py:188} INFO - ✅ 16 cookies berhasil diload dari /opt/airflow/dags/shopee_cookies.json
[2026-05-17T09:04:43.814+0000] {logging_mixin.py:188} INFO - 🌍 Membuka Shopee search...
[2026-05-17T09:04:50.022+0000] {logging_mixin.py:188} INFO - 📄 URL   : https://shopee.co.id/search?keyword=msi%20gaming
[2026-05-17T09:04:50.062+0000] {logging_mixin.py:188} INFO - 📄 TITLE : Shopee Indonesia | Situs Belanja Online Terlengkap & Terpercaya
[2026-05-17T09:04:50.312+0000] {logging_mixin.py:188} INFO - ❌ Cookies tidak valid atau sudah expired.
[2026-05-17T09:04:50.455+0000] {logging_mixin.py:188} INFO - [2026-05-17T09:04:50.454+0000] {dagbag.py:355} ERROR - Failed to import: /opt/airflow/dags/playwright_shopee.py
Traceback (most recent call last):
  File "/home/airflow/.local/lib/python3.8/site-packages/airflow/models/dagbag.py", line 351, in parse
    loader.exec_module(new_module)
  File "<frozen importlib._bootstrap_external>", line 843, in exec_module
  File "<frozen importlib._bootstrap>", line 219, in _call_with_frames_removed
  File "/opt/airflow/dags/playwright_shopee.py", line 228, in <module>
    raise RuntimeError("Cookies tidak valid. Export ulang dari Chrome.")
RuntimeError: Cookies tidak valid. Export ulang dari Chrome.
[2026-05-17T09:04:50.457+0000] {processor.py:842} WARNING - No viable dags retrieved from /opt/airflow/dags/playwright_shopee.py
[2026-05-17T09:04:50.491+0000] {processor.py:183} INFO - Processing /opt/airflow/dags/playwright_shopee.py took 7.818 seconds
[2026-05-17T09:05:20.641+0000] {processor.py:161} INFO - Started process (PID=2094) to work on /opt/airflow/dags/playwright_shopee.py
[2026-05-17T09:05:20.644+0000] {processor.py:830} INFO - Processing file /opt/airflow/dags/playwright_shopee.py for tasks to queue
[2026-05-17T09:05:20.648+0000] {logging_mixin.py:188} INFO - [2026-05-17T09:05:20.648+0000] {dagbag.py:545} INFO - Filling up the DagBag from /opt/airflow/dags/playwright_shopee.py
[2026-05-17T09:05:21.281+0000] {logging_mixin.py:188} INFO - 🌐 Membuka Chromium...
[2026-05-17T09:05:21.589+0000] {logging_mixin.py:188} INFO - 🍪 Inject cookies Shopee...
[2026-05-17T09:05:21.599+0000] {logging_mixin.py:188} INFO - ✅ 16 cookies berhasil diload dari /opt/airflow/dags/shopee_cookies.json
[2026-05-17T09:05:21.795+0000] {logging_mixin.py:188} INFO - 🌍 Membuka Shopee search...
[2026-05-17T09:05:28.474+0000] {logging_mixin.py:188} INFO - 📄 URL   : https://shopee.co.id/search?keyword=msi%20gaming
[2026-05-17T09:05:30.013+0000] {logging_mixin.py:188} INFO - [2026-05-17T09:05:30.010+0000] {dagbag.py:355} ERROR - Failed to import: /opt/airflow/dags/playwright_shopee.py
Traceback (most recent call last):
  File "/home/airflow/.local/lib/python3.8/site-packages/airflow/models/dagbag.py", line 351, in parse
    loader.exec_module(new_module)
  File "<frozen importlib._bootstrap_external>", line 843, in exec_module
  File "<frozen importlib._bootstrap>", line 219, in _call_with_frames_removed
  File "/opt/airflow/dags/playwright_shopee.py", line 208, in <module>
    print("📄 TITLE :", page.title())
  File "/home/airflow/.local/lib/python3.8/site-packages/playwright/sync_api/_generated.py", line 9407, in title
    return mapping.from_maybe_impl(self._sync(self._impl_obj.title()))
  File "/home/airflow/.local/lib/python3.8/site-packages/playwright/_impl/_sync_base.py", line 115, in _sync
    return task.result()
  File "/home/airflow/.local/lib/python3.8/site-packages/playwright/_impl/_page.py", line 742, in title
    return await self._main_frame.title()
  File "/home/airflow/.local/lib/python3.8/site-packages/playwright/_impl/_frame.py", line 776, in title
    return await self._channel.send("title")
  File "/home/airflow/.local/lib/python3.8/site-packages/playwright/_impl/_connection.py", line 59, in send
    return await self._connection.wrap_api_call(
  File "/home/airflow/.local/lib/python3.8/site-packages/playwright/_impl/_connection.py", line 514, in wrap_api_call
    raise rewrite_error(error, f"{parsed_st['apiName']}: {error}") from None
playwright._impl._errors.Error: Page.title: Execution context was destroyed, most likely because of a navigation
[2026-05-17T09:05:30.015+0000] {processor.py:842} WARNING - No viable dags retrieved from /opt/airflow/dags/playwright_shopee.py
[2026-05-17T09:05:30.135+0000] {processor.py:183} INFO - Processing /opt/airflow/dags/playwright_shopee.py took 9.509 seconds
[2026-05-17T09:06:00.268+0000] {processor.py:161} INFO - Started process (PID=2212) to work on /opt/airflow/dags/playwright_shopee.py
[2026-05-17T09:06:00.269+0000] {processor.py:830} INFO - Processing file /opt/airflow/dags/playwright_shopee.py for tasks to queue
[2026-05-17T09:06:00.270+0000] {logging_mixin.py:188} INFO - [2026-05-17T09:06:00.270+0000] {dagbag.py:545} INFO - Filling up the DagBag from /opt/airflow/dags/playwright_shopee.py
[2026-05-17T09:06:00.758+0000] {logging_mixin.py:188} INFO - 🌐 Membuka Chromium...
[2026-05-17T09:06:01.026+0000] {logging_mixin.py:188} INFO - 🍪 Inject cookies Shopee...
[2026-05-17T09:06:01.030+0000] {logging_mixin.py:188} INFO - ✅ 16 cookies berhasil diload dari /opt/airflow/dags/shopee_cookies.json
[2026-05-17T09:06:01.152+0000] {logging_mixin.py:188} INFO - 🌍 Membuka Shopee search...
[2026-05-17T09:06:09.283+0000] {logging_mixin.py:188} INFO - 📄 URL   : https://shopee.co.id/search?keyword=msi%20gaming
[2026-05-17T09:06:09.561+0000] {logging_mixin.py:188} INFO - 📄 TITLE : Shopee Indonesia | Situs Belanja Online Terlengkap & Terpercaya
[2026-05-17T09:06:10.069+0000] {logging_mixin.py:188} INFO - ❌ Kena traffic verify — cookies mungkin expired.
[2026-05-17T09:06:10.070+0000] {logging_mixin.py:188} INFO - ⚠️  Export ulang cookies dari Chrome dan update shopee_cookies.json
[2026-05-17T09:06:10.749+0000] {logging_mixin.py:188} INFO - [2026-05-17T09:06:10.747+0000] {dagbag.py:355} ERROR - Failed to import: /opt/airflow/dags/playwright_shopee.py
Traceback (most recent call last):
  File "/home/airflow/.local/lib/python3.8/site-packages/airflow/models/dagbag.py", line 351, in parse
    loader.exec_module(new_module)
  File "<frozen importlib._bootstrap_external>", line 843, in exec_module
  File "<frozen importlib._bootstrap>", line 219, in _call_with_frames_removed
  File "/opt/airflow/dags/playwright_shopee.py", line 218, in <module>
    raise RuntimeError(
RuntimeError: Shopee traffic verify detected. Update shopee_cookies.json dari Cookie-Editor.
[2026-05-17T09:06:10.751+0000] {processor.py:842} WARNING - No viable dags retrieved from /opt/airflow/dags/playwright_shopee.py
[2026-05-17T09:06:10.779+0000] {processor.py:183} INFO - Processing /opt/airflow/dags/playwright_shopee.py took 10.518 seconds
[2026-05-17T09:06:41.023+0000] {processor.py:161} INFO - Started process (PID=2336) to work on /opt/airflow/dags/playwright_shopee.py
[2026-05-17T09:06:41.024+0000] {processor.py:830} INFO - Processing file /opt/airflow/dags/playwright_shopee.py for tasks to queue
[2026-05-17T09:06:41.026+0000] {logging_mixin.py:188} INFO - [2026-05-17T09:06:41.026+0000] {dagbag.py:545} INFO - Filling up the DagBag from /opt/airflow/dags/playwright_shopee.py
[2026-05-17T09:06:41.604+0000] {logging_mixin.py:188} INFO - 🌐 Membuka Chromium...
[2026-05-17T09:06:42.013+0000] {logging_mixin.py:188} INFO - 🍪 Inject cookies Shopee...
[2026-05-17T09:06:42.018+0000] {logging_mixin.py:188} INFO - ✅ 16 cookies berhasil diload dari /opt/airflow/dags/shopee_cookies.json
[2026-05-17T09:06:42.156+0000] {logging_mixin.py:188} INFO - 🌍 Membuka Shopee search...
[2026-05-17T09:06:47.763+0000] {logging_mixin.py:188} INFO - 📄 URL   : https://shopee.co.id/search?keyword=msi%20gaming
[2026-05-17T09:06:48.258+0000] {logging_mixin.py:188} INFO - [2026-05-17T09:06:48.256+0000] {dagbag.py:355} ERROR - Failed to import: /opt/airflow/dags/playwright_shopee.py
Traceback (most recent call last):
  File "/home/airflow/.local/lib/python3.8/site-packages/airflow/models/dagbag.py", line 351, in parse
    loader.exec_module(new_module)
  File "<frozen importlib._bootstrap_external>", line 843, in exec_module
  File "<frozen importlib._bootstrap>", line 219, in _call_with_frames_removed
  File "/opt/airflow/dags/playwright_shopee.py", line 208, in <module>
    print("📄 TITLE :", page.title())
  File "/home/airflow/.local/lib/python3.8/site-packages/playwright/sync_api/_generated.py", line 9407, in title
    return mapping.from_maybe_impl(self._sync(self._impl_obj.title()))
  File "/home/airflow/.local/lib/python3.8/site-packages/playwright/_impl/_sync_base.py", line 115, in _sync
    return task.result()
  File "/home/airflow/.local/lib/python3.8/site-packages/playwright/_impl/_page.py", line 742, in title
    return await self._main_frame.title()
  File "/home/airflow/.local/lib/python3.8/site-packages/playwright/_impl/_frame.py", line 776, in title
    return await self._channel.send("title")
  File "/home/airflow/.local/lib/python3.8/site-packages/playwright/_impl/_connection.py", line 59, in send
    return await self._connection.wrap_api_call(
  File "/home/airflow/.local/lib/python3.8/site-packages/playwright/_impl/_connection.py", line 514, in wrap_api_call
    raise rewrite_error(error, f"{parsed_st['apiName']}: {error}") from None
playwright._impl._errors.Error: Page.title: Execution context was destroyed, most likely because of a navigation
[2026-05-17T09:06:48.259+0000] {processor.py:842} WARNING - No viable dags retrieved from /opt/airflow/dags/playwright_shopee.py
[2026-05-17T09:06:48.290+0000] {processor.py:183} INFO - Processing /opt/airflow/dags/playwright_shopee.py took 7.277 seconds
[2026-05-17T09:07:18.565+0000] {processor.py:161} INFO - Started process (PID=2451) to work on /opt/airflow/dags/playwright_shopee.py
[2026-05-17T09:07:18.566+0000] {processor.py:830} INFO - Processing file /opt/airflow/dags/playwright_shopee.py for tasks to queue
[2026-05-17T09:07:18.568+0000] {logging_mixin.py:188} INFO - [2026-05-17T09:07:18.568+0000] {dagbag.py:545} INFO - Filling up the DagBag from /opt/airflow/dags/playwright_shopee.py
[2026-05-17T09:07:19.105+0000] {logging_mixin.py:188} INFO - 🌐 Membuka Chromium...
[2026-05-17T09:07:19.368+0000] {logging_mixin.py:188} INFO - 🍪 Inject cookies Shopee...
[2026-05-17T09:07:19.372+0000] {logging_mixin.py:188} INFO - ✅ 16 cookies berhasil diload dari /opt/airflow/dags/shopee_cookies.json
[2026-05-17T09:07:19.496+0000] {logging_mixin.py:188} INFO - 🌍 Membuka Shopee search...
[2026-05-17T09:07:25.540+0000] {logging_mixin.py:188} INFO - 📄 URL   : https://shopee.co.id/search?keyword=msi%20gaming
[2026-05-17T09:07:25.800+0000] {logging_mixin.py:188} INFO - 📄 TITLE : 
[2026-05-17T09:07:28.427+0000] {logging_mixin.py:188} INFO - ❌ Kena traffic verify — cookies mungkin expired.
[2026-05-17T09:07:28.429+0000] {logging_mixin.py:188} INFO - ⚠️  Export ulang cookies dari Chrome dan update shopee_cookies.json
[2026-05-17T09:07:29.215+0000] {logging_mixin.py:188} INFO - [2026-05-17T09:07:29.211+0000] {dagbag.py:355} ERROR - Failed to import: /opt/airflow/dags/playwright_shopee.py
Traceback (most recent call last):
  File "/home/airflow/.local/lib/python3.8/site-packages/airflow/models/dagbag.py", line 351, in parse
    loader.exec_module(new_module)
  File "<frozen importlib._bootstrap_external>", line 843, in exec_module
  File "<frozen importlib._bootstrap>", line 219, in _call_with_frames_removed
  File "/opt/airflow/dags/playwright_shopee.py", line 218, in <module>
    raise RuntimeError(
RuntimeError: Shopee traffic verify detected. Update shopee_cookies.json dari Cookie-Editor.
[2026-05-17T09:07:29.217+0000] {processor.py:842} WARNING - No viable dags retrieved from /opt/airflow/dags/playwright_shopee.py
[2026-05-17T09:07:29.247+0000] {processor.py:183} INFO - Processing /opt/airflow/dags/playwright_shopee.py took 10.688 seconds
[2026-05-17T09:07:59.306+0000] {processor.py:161} INFO - Started process (PID=2575) to work on /opt/airflow/dags/playwright_shopee.py
[2026-05-17T09:07:59.307+0000] {processor.py:830} INFO - Processing file /opt/airflow/dags/playwright_shopee.py for tasks to queue
[2026-05-17T09:07:59.309+0000] {logging_mixin.py:188} INFO - [2026-05-17T09:07:59.309+0000] {dagbag.py:545} INFO - Filling up the DagBag from /opt/airflow/dags/playwright_shopee.py
[2026-05-17T09:07:59.984+0000] {logging_mixin.py:188} INFO - 🌐 Membuka Chromium...
[2026-05-17T09:08:00.271+0000] {logging_mixin.py:188} INFO - 🍪 Inject cookies Shopee...
[2026-05-17T09:08:00.277+0000] {logging_mixin.py:188} INFO - ✅ 16 cookies berhasil diload dari /opt/airflow/dags/shopee_cookies.json
[2026-05-17T09:08:00.429+0000] {logging_mixin.py:188} INFO - 🌍 Membuka Shopee search...
[2026-05-17T09:08:06.146+0000] {logging_mixin.py:188} INFO - 📄 URL   : https://shopee.co.id/search?keyword=msi%20gaming
[2026-05-17T09:08:07.171+0000] {logging_mixin.py:188} INFO - 📄 TITLE : Jual msi gaming Harga Terbaik & Termurah Mei 2026 | Shopee Indonesia
[2026-05-17T09:08:08.267+0000] {logging_mixin.py:188} INFO - ❌ Kena traffic verify — cookies mungkin expired.
[2026-05-17T09:08:08.268+0000] {logging_mixin.py:188} INFO - ⚠️  Export ulang cookies dari Chrome dan update shopee_cookies.json
[2026-05-17T09:08:13.999+0000] {logging_mixin.py:188} INFO - [2026-05-17T09:08:13.995+0000] {dagbag.py:355} ERROR - Failed to import: /opt/airflow/dags/playwright_shopee.py
Traceback (most recent call last):
  File "/home/airflow/.local/lib/python3.8/site-packages/airflow/models/dagbag.py", line 351, in parse
    loader.exec_module(new_module)
  File "<frozen importlib._bootstrap_external>", line 843, in exec_module
  File "<frozen importlib._bootstrap>", line 219, in _call_with_frames_removed
  File "/opt/airflow/dags/playwright_shopee.py", line 218, in <module>
    raise RuntimeError(
RuntimeError: Shopee traffic verify detected. Update shopee_cookies.json dari Cookie-Editor.
[2026-05-17T09:08:14.003+0000] {processor.py:842} WARNING - No viable dags retrieved from /opt/airflow/dags/playwright_shopee.py
[2026-05-17T09:08:14.113+0000] {processor.py:183} INFO - Processing /opt/airflow/dags/playwright_shopee.py took 14.814 seconds
[2026-05-17T09:08:44.392+0000] {processor.py:161} INFO - Started process (PID=2695) to work on /opt/airflow/dags/playwright_shopee.py
[2026-05-17T09:08:44.393+0000] {processor.py:830} INFO - Processing file /opt/airflow/dags/playwright_shopee.py for tasks to queue
[2026-05-17T09:08:44.395+0000] {logging_mixin.py:188} INFO - [2026-05-17T09:08:44.395+0000] {dagbag.py:545} INFO - Filling up the DagBag from /opt/airflow/dags/playwright_shopee.py
[2026-05-17T09:08:45.051+0000] {logging_mixin.py:188} INFO - 🌐 Membuka Chromium...
[2026-05-17T09:08:45.533+0000] {logging_mixin.py:188} INFO - 🍪 Inject cookies Shopee...
[2026-05-17T09:08:45.536+0000] {logging_mixin.py:188} INFO - ✅ 16 cookies berhasil diload dari /opt/airflow/dags/shopee_cookies.json
[2026-05-17T09:08:45.662+0000] {logging_mixin.py:188} INFO - 🌍 Membuka Shopee search...
[2026-05-17T09:08:52.400+0000] {logging_mixin.py:188} INFO - 📄 URL   : https://shopee.co.id/search?keyword=msi%20gaming
[2026-05-17T09:08:52.988+0000] {logging_mixin.py:188} INFO - [2026-05-17T09:08:52.986+0000] {dagbag.py:355} ERROR - Failed to import: /opt/airflow/dags/playwright_shopee.py
Traceback (most recent call last):
  File "/home/airflow/.local/lib/python3.8/site-packages/airflow/models/dagbag.py", line 351, in parse
    loader.exec_module(new_module)
  File "<frozen importlib._bootstrap_external>", line 843, in exec_module
  File "<frozen importlib._bootstrap>", line 219, in _call_with_frames_removed
  File "/opt/airflow/dags/playwright_shopee.py", line 208, in <module>
    print("📄 TITLE :", page.title())
  File "/home/airflow/.local/lib/python3.8/site-packages/playwright/sync_api/_generated.py", line 9407, in title
    return mapping.from_maybe_impl(self._sync(self._impl_obj.title()))
  File "/home/airflow/.local/lib/python3.8/site-packages/playwright/_impl/_sync_base.py", line 115, in _sync
    return task.result()
  File "/home/airflow/.local/lib/python3.8/site-packages/playwright/_impl/_page.py", line 742, in title
    return await self._main_frame.title()
  File "/home/airflow/.local/lib/python3.8/site-packages/playwright/_impl/_frame.py", line 776, in title
    return await self._channel.send("title")
  File "/home/airflow/.local/lib/python3.8/site-packages/playwright/_impl/_connection.py", line 59, in send
    return await self._connection.wrap_api_call(
  File "/home/airflow/.local/lib/python3.8/site-packages/playwright/_impl/_connection.py", line 514, in wrap_api_call
    raise rewrite_error(error, f"{parsed_st['apiName']}: {error}") from None
playwright._impl._errors.Error: Page.title: Execution context was destroyed, most likely because of a navigation
[2026-05-17T09:08:52.989+0000] {processor.py:842} WARNING - No viable dags retrieved from /opt/airflow/dags/playwright_shopee.py
[2026-05-17T09:08:53.020+0000] {processor.py:183} INFO - Processing /opt/airflow/dags/playwright_shopee.py took 8.638 seconds
[2026-05-17T09:09:23.353+0000] {processor.py:161} INFO - Started process (PID=2809) to work on /opt/airflow/dags/playwright_shopee.py
[2026-05-17T09:09:23.354+0000] {processor.py:830} INFO - Processing file /opt/airflow/dags/playwright_shopee.py for tasks to queue
[2026-05-17T09:09:23.356+0000] {logging_mixin.py:188} INFO - [2026-05-17T09:09:23.356+0000] {dagbag.py:545} INFO - Filling up the DagBag from /opt/airflow/dags/playwright_shopee.py
[2026-05-17T09:09:23.815+0000] {logging_mixin.py:188} INFO - 🌐 Membuka Chromium...
[2026-05-17T09:09:24.089+0000] {logging_mixin.py:188} INFO - 🍪 Inject cookies Shopee...
[2026-05-17T09:09:24.095+0000] {logging_mixin.py:188} INFO - ✅ 16 cookies berhasil diload dari /opt/airflow/dags/shopee_cookies.json
[2026-05-17T09:09:24.204+0000] {logging_mixin.py:188} INFO - 🌍 Membuka Shopee search...
[2026-05-17T09:09:31.861+0000] {logging_mixin.py:188} INFO - 📄 URL   : https://shopee.co.id/search?keyword=msi%20gaming
[2026-05-17T09:09:32.129+0000] {logging_mixin.py:188} INFO - 📄 TITLE : Shopee Indonesia | Situs Belanja Online Terlengkap & Terpercaya
[2026-05-17T09:09:32.906+0000] {logging_mixin.py:188} INFO - ❌ Kena traffic verify — cookies mungkin expired.
[2026-05-17T09:09:32.907+0000] {logging_mixin.py:188} INFO - ⚠️  Export ulang cookies dari Chrome dan update shopee_cookies.json
[2026-05-17T09:09:33.585+0000] {logging_mixin.py:188} INFO - [2026-05-17T09:09:33.583+0000] {dagbag.py:355} ERROR - Failed to import: /opt/airflow/dags/playwright_shopee.py
Traceback (most recent call last):
  File "/home/airflow/.local/lib/python3.8/site-packages/airflow/models/dagbag.py", line 351, in parse
    loader.exec_module(new_module)
  File "<frozen importlib._bootstrap_external>", line 843, in exec_module
  File "<frozen importlib._bootstrap>", line 219, in _call_with_frames_removed
  File "/opt/airflow/dags/playwright_shopee.py", line 218, in <module>
    raise RuntimeError(
RuntimeError: Shopee traffic verify detected. Update shopee_cookies.json dari Cookie-Editor.
[2026-05-17T09:09:33.586+0000] {processor.py:842} WARNING - No viable dags retrieved from /opt/airflow/dags/playwright_shopee.py
[2026-05-17T09:09:33.629+0000] {processor.py:183} INFO - Processing /opt/airflow/dags/playwright_shopee.py took 10.281 seconds
[2026-05-17T09:10:03.954+0000] {processor.py:161} INFO - Started process (PID=2929) to work on /opt/airflow/dags/playwright_shopee.py
[2026-05-17T09:10:03.956+0000] {processor.py:830} INFO - Processing file /opt/airflow/dags/playwright_shopee.py for tasks to queue
[2026-05-17T09:10:03.958+0000] {logging_mixin.py:188} INFO - [2026-05-17T09:10:03.958+0000] {dagbag.py:545} INFO - Filling up the DagBag from /opt/airflow/dags/playwright_shopee.py
[2026-05-17T09:10:04.419+0000] {logging_mixin.py:188} INFO - 🌐 Membuka Chromium...
[2026-05-17T09:10:04.617+0000] {logging_mixin.py:188} INFO - 🍪 Inject cookies Shopee...
[2026-05-17T09:10:04.622+0000] {logging_mixin.py:188} INFO - ✅ 16 cookies berhasil diload dari /opt/airflow/dags/shopee_cookies.json
[2026-05-17T09:10:04.726+0000] {logging_mixin.py:188} INFO - 🌍 Membuka Shopee search...
[2026-05-17T09:10:13.139+0000] {logging_mixin.py:188} INFO - 📄 URL   : https://shopee.co.id/search?keyword=msi%20gaming
[2026-05-17T09:10:13.316+0000] {logging_mixin.py:188} INFO - 📄 TITLE : Shopee Indonesia | Situs Belanja Online Terlengkap & Terpercaya
[2026-05-17T09:10:13.938+0000] {logging_mixin.py:188} INFO - ❌ Kena traffic verify — cookies mungkin expired.
[2026-05-17T09:10:13.939+0000] {logging_mixin.py:188} INFO - ⚠️  Export ulang cookies dari Chrome dan update shopee_cookies.json
[2026-05-17T09:10:15.056+0000] {logging_mixin.py:188} INFO - [2026-05-17T09:10:15.054+0000] {dagbag.py:355} ERROR - Failed to import: /opt/airflow/dags/playwright_shopee.py
Traceback (most recent call last):
  File "/home/airflow/.local/lib/python3.8/site-packages/airflow/models/dagbag.py", line 351, in parse
    loader.exec_module(new_module)
  File "<frozen importlib._bootstrap_external>", line 843, in exec_module
  File "<frozen importlib._bootstrap>", line 219, in _call_with_frames_removed
  File "/opt/airflow/dags/playwright_shopee.py", line 218, in <module>
    raise RuntimeError(
RuntimeError: Shopee traffic verify detected. Update shopee_cookies.json dari Cookie-Editor.
[2026-05-17T09:10:15.057+0000] {processor.py:842} WARNING - No viable dags retrieved from /opt/airflow/dags/playwright_shopee.py
[2026-05-17T09:10:15.080+0000] {processor.py:183} INFO - Processing /opt/airflow/dags/playwright_shopee.py took 11.133 seconds
[2026-05-17T09:10:45.801+0000] {processor.py:161} INFO - Started process (PID=3054) to work on /opt/airflow/dags/playwright_shopee.py
[2026-05-17T09:10:45.802+0000] {processor.py:830} INFO - Processing file /opt/airflow/dags/playwright_shopee.py for tasks to queue
[2026-05-17T09:10:45.804+0000] {logging_mixin.py:188} INFO - [2026-05-17T09:10:45.804+0000] {dagbag.py:545} INFO - Filling up the DagBag from /opt/airflow/dags/playwright_shopee.py
[2026-05-17T09:10:46.269+0000] {logging_mixin.py:188} INFO - 🌐 Membuka Chromium...
[2026-05-17T09:10:46.481+0000] {logging_mixin.py:188} INFO - 🍪 Inject cookies Shopee...
[2026-05-17T09:10:46.486+0000] {logging_mixin.py:188} INFO - ✅ 16 cookies berhasil diload dari /opt/airflow/dags/shopee_cookies.json
[2026-05-17T09:10:46.587+0000] {logging_mixin.py:188} INFO - 🌍 Membuka Shopee search...
[2026-05-17T09:10:53.660+0000] {logging_mixin.py:188} INFO - 📄 URL   : https://shopee.co.id/search?keyword=msi%20gaming
[2026-05-17T09:10:53.934+0000] {logging_mixin.py:188} INFO - 📄 TITLE : Shopee Indonesia | Situs Belanja Online Terlengkap & Terpercaya
[2026-05-17T09:10:54.666+0000] {logging_mixin.py:188} INFO - ❌ Kena traffic verify — cookies mungkin expired.
[2026-05-17T09:10:54.666+0000] {logging_mixin.py:188} INFO - ⚠️  Export ulang cookies dari Chrome dan update shopee_cookies.json
[2026-05-17T09:10:55.231+0000] {logging_mixin.py:188} INFO - [2026-05-17T09:10:55.229+0000] {dagbag.py:355} ERROR - Failed to import: /opt/airflow/dags/playwright_shopee.py
Traceback (most recent call last):
  File "/home/airflow/.local/lib/python3.8/site-packages/airflow/models/dagbag.py", line 351, in parse
    loader.exec_module(new_module)
  File "<frozen importlib._bootstrap_external>", line 843, in exec_module
  File "<frozen importlib._bootstrap>", line 219, in _call_with_frames_removed
  File "/opt/airflow/dags/playwright_shopee.py", line 218, in <module>
    raise RuntimeError(
RuntimeError: Shopee traffic verify detected. Update shopee_cookies.json dari Cookie-Editor.
[2026-05-17T09:10:55.232+0000] {processor.py:842} WARNING - No viable dags retrieved from /opt/airflow/dags/playwright_shopee.py
[2026-05-17T09:10:55.257+0000] {processor.py:183} INFO - Processing /opt/airflow/dags/playwright_shopee.py took 9.465 seconds
[2026-05-17T09:11:25.528+0000] {processor.py:161} INFO - Started process (PID=3175) to work on /opt/airflow/dags/playwright_shopee.py
[2026-05-17T09:11:25.529+0000] {processor.py:830} INFO - Processing file /opt/airflow/dags/playwright_shopee.py for tasks to queue
[2026-05-17T09:11:25.531+0000] {logging_mixin.py:188} INFO - [2026-05-17T09:11:25.531+0000] {dagbag.py:545} INFO - Filling up the DagBag from /opt/airflow/dags/playwright_shopee.py
[2026-05-17T09:11:25.954+0000] {logging_mixin.py:188} INFO - 🌐 Membuka Chromium...
[2026-05-17T09:11:26.146+0000] {logging_mixin.py:188} INFO - 🍪 Inject cookies Shopee...
[2026-05-17T09:11:26.150+0000] {logging_mixin.py:188} INFO - ✅ 16 cookies berhasil diload dari /opt/airflow/dags/shopee_cookies.json
[2026-05-17T09:11:26.253+0000] {logging_mixin.py:188} INFO - 🌍 Membuka Shopee search...
[2026-05-17T09:11:31.927+0000] {logging_mixin.py:188} INFO - 📄 URL   : https://shopee.co.id/search?keyword=msi%20gaming
[2026-05-17T09:11:32.126+0000] {logging_mixin.py:188} INFO - 📄 TITLE : 
[2026-05-17T09:11:33.684+0000] {logging_mixin.py:188} INFO - ❌ Kena traffic verify — cookies mungkin expired.
[2026-05-17T09:11:33.685+0000] {logging_mixin.py:188} INFO - ⚠️  Export ulang cookies dari Chrome dan update shopee_cookies.json
[2026-05-17T09:11:34.482+0000] {logging_mixin.py:188} INFO - [2026-05-17T09:11:34.479+0000] {dagbag.py:355} ERROR - Failed to import: /opt/airflow/dags/playwright_shopee.py
Traceback (most recent call last):
  File "/home/airflow/.local/lib/python3.8/site-packages/airflow/models/dagbag.py", line 351, in parse
    loader.exec_module(new_module)
  File "<frozen importlib._bootstrap_external>", line 843, in exec_module
  File "<frozen importlib._bootstrap>", line 219, in _call_with_frames_removed
  File "/opt/airflow/dags/playwright_shopee.py", line 218, in <module>
    raise RuntimeError(
RuntimeError: Shopee traffic verify detected. Update shopee_cookies.json dari Cookie-Editor.
[2026-05-17T09:11:34.486+0000] {processor.py:842} WARNING - No viable dags retrieved from /opt/airflow/dags/playwright_shopee.py
[2026-05-17T09:11:34.521+0000] {processor.py:183} INFO - Processing /opt/airflow/dags/playwright_shopee.py took 8.999 seconds
[2026-05-17T09:12:04.925+0000] {processor.py:161} INFO - Started process (PID=3298) to work on /opt/airflow/dags/playwright_shopee.py
[2026-05-17T09:12:04.927+0000] {processor.py:830} INFO - Processing file /opt/airflow/dags/playwright_shopee.py for tasks to queue
[2026-05-17T09:12:04.929+0000] {logging_mixin.py:188} INFO - [2026-05-17T09:12:04.929+0000] {dagbag.py:545} INFO - Filling up the DagBag from /opt/airflow/dags/playwright_shopee.py
[2026-05-17T09:12:05.407+0000] {logging_mixin.py:188} INFO - 🌐 Membuka Chromium...
[2026-05-17T09:12:05.639+0000] {logging_mixin.py:188} INFO - 🍪 Inject cookies Shopee...
[2026-05-17T09:12:05.643+0000] {logging_mixin.py:188} INFO - ✅ 16 cookies berhasil diload dari /opt/airflow/dags/shopee_cookies.json
[2026-05-17T09:12:06.026+0000] {logging_mixin.py:188} INFO - 🌍 Membuka Shopee search...
[2026-05-17T09:12:14.723+0000] {logging_mixin.py:188} INFO - 📄 URL   : https://shopee.co.id/search?keyword=msi%20gaming
[2026-05-17T09:12:14.762+0000] {logging_mixin.py:188} INFO - 📄 TITLE : 
[2026-05-17T09:12:21.509+0000] {logging_mixin.py:188} INFO - ❌ Kena traffic verify — cookies mungkin expired.
[2026-05-17T09:12:21.510+0000] {logging_mixin.py:188} INFO - ⚠️  Export ulang cookies dari Chrome dan update shopee_cookies.json
[2026-05-17T09:12:21.961+0000] {logging_mixin.py:188} INFO - [2026-05-17T09:12:21.959+0000] {dagbag.py:355} ERROR - Failed to import: /opt/airflow/dags/playwright_shopee.py
Traceback (most recent call last):
  File "/home/airflow/.local/lib/python3.8/site-packages/airflow/models/dagbag.py", line 351, in parse
    loader.exec_module(new_module)
  File "<frozen importlib._bootstrap_external>", line 843, in exec_module
  File "<frozen importlib._bootstrap>", line 219, in _call_with_frames_removed
  File "/opt/airflow/dags/playwright_shopee.py", line 218, in <module>
    raise RuntimeError(
RuntimeError: Shopee traffic verify detected. Update shopee_cookies.json dari Cookie-Editor.
[2026-05-17T09:12:21.963+0000] {processor.py:842} WARNING - No viable dags retrieved from /opt/airflow/dags/playwright_shopee.py
[2026-05-17T09:12:21.994+0000] {processor.py:183} INFO - Processing /opt/airflow/dags/playwright_shopee.py took 17.077 seconds
[2026-05-17T09:12:52.765+0000] {processor.py:161} INFO - Started process (PID=3433) to work on /opt/airflow/dags/playwright_shopee.py
[2026-05-17T09:12:52.766+0000] {processor.py:830} INFO - Processing file /opt/airflow/dags/playwright_shopee.py for tasks to queue
[2026-05-17T09:12:52.768+0000] {logging_mixin.py:188} INFO - [2026-05-17T09:12:52.768+0000] {dagbag.py:545} INFO - Filling up the DagBag from /opt/airflow/dags/playwright_shopee.py
[2026-05-17T09:12:53.376+0000] {logging_mixin.py:188} INFO - 🌐 Membuka Chromium...
[2026-05-17T09:12:53.611+0000] {logging_mixin.py:188} INFO - 🍪 Inject cookies Shopee...
[2026-05-17T09:12:53.614+0000] {logging_mixin.py:188} INFO - ✅ 16 cookies berhasil diload dari /opt/airflow/dags/shopee_cookies.json
[2026-05-17T09:12:53.732+0000] {logging_mixin.py:188} INFO - 🌍 Membuka Shopee search...
[2026-05-17T09:12:59.990+0000] {logging_mixin.py:188} INFO - 📄 URL   : https://shopee.co.id/search?keyword=msi%20gaming
[2026-05-17T09:13:00.940+0000] {logging_mixin.py:188} INFO - 📄 TITLE : Shopee Indonesia | Situs Belanja Online Terlengkap & Terpercaya
[2026-05-17T09:13:01.755+0000] {logging_mixin.py:188} INFO - ❌ Kena traffic verify — cookies mungkin expired.
[2026-05-17T09:13:01.756+0000] {logging_mixin.py:188} INFO - ⚠️  Export ulang cookies dari Chrome dan update shopee_cookies.json
[2026-05-17T09:13:02.372+0000] {logging_mixin.py:188} INFO - [2026-05-17T09:13:02.371+0000] {dagbag.py:355} ERROR - Failed to import: /opt/airflow/dags/playwright_shopee.py
Traceback (most recent call last):
  File "/home/airflow/.local/lib/python3.8/site-packages/airflow/models/dagbag.py", line 351, in parse
    loader.exec_module(new_module)
  File "<frozen importlib._bootstrap_external>", line 843, in exec_module
  File "<frozen importlib._bootstrap>", line 219, in _call_with_frames_removed
  File "/opt/airflow/dags/playwright_shopee.py", line 218, in <module>
    raise RuntimeError(
RuntimeError: Shopee traffic verify detected. Update shopee_cookies.json dari Cookie-Editor.
[2026-05-17T09:13:02.374+0000] {processor.py:842} WARNING - No viable dags retrieved from /opt/airflow/dags/playwright_shopee.py
[2026-05-17T09:13:02.404+0000] {processor.py:183} INFO - Processing /opt/airflow/dags/playwright_shopee.py took 9.645 seconds
[2026-05-17T09:13:32.597+0000] {processor.py:161} INFO - Started process (PID=3552) to work on /opt/airflow/dags/playwright_shopee.py
[2026-05-17T09:13:32.598+0000] {processor.py:830} INFO - Processing file /opt/airflow/dags/playwright_shopee.py for tasks to queue
[2026-05-17T09:13:32.601+0000] {logging_mixin.py:188} INFO - [2026-05-17T09:13:32.600+0000] {dagbag.py:545} INFO - Filling up the DagBag from /opt/airflow/dags/playwright_shopee.py
[2026-05-17T09:13:33.124+0000] {logging_mixin.py:188} INFO - 🌐 Membuka Chromium...
[2026-05-17T09:13:33.342+0000] {logging_mixin.py:188} INFO - 🍪 Inject cookies Shopee...
[2026-05-17T09:13:33.346+0000] {logging_mixin.py:188} INFO - ✅ 16 cookies berhasil diload dari /opt/airflow/dags/shopee_cookies.json
[2026-05-17T09:13:33.467+0000] {logging_mixin.py:188} INFO - 🌍 Membuka Shopee search...
[2026-05-17T09:13:41.870+0000] {logging_mixin.py:188} INFO - 📄 URL   : https://shopee.co.id/search?keyword=msi%20gaming
[2026-05-17T09:13:42.009+0000] {logging_mixin.py:188} INFO - 📄 TITLE : Shopee Indonesia | Situs Belanja Online Terlengkap & Terpercaya
[2026-05-17T09:13:43.283+0000] {logging_mixin.py:188} INFO - ❌ Kena traffic verify — cookies mungkin expired.
[2026-05-17T09:13:43.284+0000] {logging_mixin.py:188} INFO - ⚠️  Export ulang cookies dari Chrome dan update shopee_cookies.json
[2026-05-17T09:13:43.796+0000] {logging_mixin.py:188} INFO - [2026-05-17T09:13:43.794+0000] {dagbag.py:355} ERROR - Failed to import: /opt/airflow/dags/playwright_shopee.py
Traceback (most recent call last):
  File "/home/airflow/.local/lib/python3.8/site-packages/airflow/models/dagbag.py", line 351, in parse
    loader.exec_module(new_module)
  File "<frozen importlib._bootstrap_external>", line 843, in exec_module
  File "<frozen importlib._bootstrap>", line 219, in _call_with_frames_removed
  File "/opt/airflow/dags/playwright_shopee.py", line 218, in <module>
    raise RuntimeError(
RuntimeError: Shopee traffic verify detected. Update shopee_cookies.json dari Cookie-Editor.
[2026-05-17T09:13:43.798+0000] {processor.py:842} WARNING - No viable dags retrieved from /opt/airflow/dags/playwright_shopee.py
[2026-05-17T09:13:43.824+0000] {processor.py:183} INFO - Processing /opt/airflow/dags/playwright_shopee.py took 11.236 seconds
[2026-05-17T09:14:14.169+0000] {processor.py:161} INFO - Started process (PID=3784) to work on /opt/airflow/dags/playwright_shopee.py
[2026-05-17T09:14:14.172+0000] {processor.py:830} INFO - Processing file /opt/airflow/dags/playwright_shopee.py for tasks to queue
[2026-05-17T09:14:14.181+0000] {logging_mixin.py:188} INFO - [2026-05-17T09:14:14.179+0000] {dagbag.py:545} INFO - Filling up the DagBag from /opt/airflow/dags/playwright_shopee.py
[2026-05-17T09:14:16.781+0000] {logging_mixin.py:188} INFO - 🌐 Membuka Chromium...
[2026-05-17T09:14:18.014+0000] {logging_mixin.py:188} INFO - 🍪 Inject cookies Shopee...
[2026-05-17T09:14:18.018+0000] {logging_mixin.py:188} INFO - ✅ 16 cookies berhasil diload dari /opt/airflow/dags/shopee_cookies.json
[2026-05-17T09:14:18.293+0000] {logging_mixin.py:188} INFO - 🌍 Membuka Shopee search...
[2026-05-17T09:14:27.051+0000] {logging_mixin.py:188} INFO - 📄 URL   : https://shopee.co.id/search?keyword=msi%20gaming
[2026-05-17T09:14:27.279+0000] {logging_mixin.py:188} INFO - 📄 TITLE : Shopee Indonesia | Situs Belanja Online Terlengkap & Terpercaya
[2026-05-17T09:14:28.446+0000] {logging_mixin.py:188} INFO - ❌ Kena traffic verify — cookies mungkin expired.
[2026-05-17T09:14:28.447+0000] {logging_mixin.py:188} INFO - ⚠️  Export ulang cookies dari Chrome dan update shopee_cookies.json
[2026-05-17T09:14:31.387+0000] {logging_mixin.py:188} INFO - [2026-05-17T09:14:31.385+0000] {dagbag.py:355} ERROR - Failed to import: /opt/airflow/dags/playwright_shopee.py
Traceback (most recent call last):
  File "/home/airflow/.local/lib/python3.8/site-packages/airflow/models/dagbag.py", line 351, in parse
    loader.exec_module(new_module)
  File "<frozen importlib._bootstrap_external>", line 843, in exec_module
  File "<frozen importlib._bootstrap>", line 219, in _call_with_frames_removed
  File "/opt/airflow/dags/playwright_shopee.py", line 218, in <module>
    raise RuntimeError(
RuntimeError: Shopee traffic verify detected. Update shopee_cookies.json dari Cookie-Editor.
[2026-05-17T09:14:31.389+0000] {processor.py:842} WARNING - No viable dags retrieved from /opt/airflow/dags/playwright_shopee.py
[2026-05-17T09:14:31.432+0000] {processor.py:183} INFO - Processing /opt/airflow/dags/playwright_shopee.py took 17.302 seconds
[2026-05-17T09:15:01.512+0000] {processor.py:161} INFO - Started process (PID=3911) to work on /opt/airflow/dags/playwright_shopee.py
[2026-05-17T09:15:01.514+0000] {processor.py:830} INFO - Processing file /opt/airflow/dags/playwright_shopee.py for tasks to queue
[2026-05-17T09:15:01.519+0000] {logging_mixin.py:188} INFO - [2026-05-17T09:15:01.518+0000] {dagbag.py:545} INFO - Filling up the DagBag from /opt/airflow/dags/playwright_shopee.py
[2026-05-17T09:15:02.324+0000] {logging_mixin.py:188} INFO - 🌐 Membuka Chromium...
[2026-05-17T09:15:02.583+0000] {logging_mixin.py:188} INFO - 🍪 Inject cookies Shopee...
[2026-05-17T09:15:02.588+0000] {logging_mixin.py:188} INFO - ✅ 16 cookies berhasil diload dari /opt/airflow/dags/shopee_cookies.json
[2026-05-17T09:15:02.720+0000] {logging_mixin.py:188} INFO - 🌍 Membuka Shopee search...
[2026-05-17T09:15:11.247+0000] {logging_mixin.py:188} INFO - 📄 URL   : https://shopee.co.id/search?keyword=msi%20gaming
[2026-05-17T09:15:11.603+0000] {logging_mixin.py:188} INFO - 📄 TITLE : Shopee Indonesia | Situs Belanja Online Terlengkap & Terpercaya
[2026-05-17T09:15:12.588+0000] {logging_mixin.py:188} INFO - ❌ Kena traffic verify — cookies mungkin expired.
[2026-05-17T09:15:12.589+0000] {logging_mixin.py:188} INFO - ⚠️  Export ulang cookies dari Chrome dan update shopee_cookies.json
[2026-05-17T09:15:13.132+0000] {logging_mixin.py:188} INFO - [2026-05-17T09:15:13.130+0000] {dagbag.py:355} ERROR - Failed to import: /opt/airflow/dags/playwright_shopee.py
Traceback (most recent call last):
  File "/home/airflow/.local/lib/python3.8/site-packages/airflow/models/dagbag.py", line 351, in parse
    loader.exec_module(new_module)
  File "<frozen importlib._bootstrap_external>", line 843, in exec_module
  File "<frozen importlib._bootstrap>", line 219, in _call_with_frames_removed
  File "/opt/airflow/dags/playwright_shopee.py", line 218, in <module>
    raise RuntimeError(
RuntimeError: Shopee traffic verify detected. Update shopee_cookies.json dari Cookie-Editor.
[2026-05-17T09:15:13.134+0000] {processor.py:842} WARNING - No viable dags retrieved from /opt/airflow/dags/playwright_shopee.py
[2026-05-17T09:15:13.157+0000] {processor.py:183} INFO - Processing /opt/airflow/dags/playwright_shopee.py took 11.656 seconds
[2026-05-17T09:15:43.359+0000] {processor.py:161} INFO - Started process (PID=4037) to work on /opt/airflow/dags/playwright_shopee.py
[2026-05-17T09:15:43.360+0000] {processor.py:830} INFO - Processing file /opt/airflow/dags/playwright_shopee.py for tasks to queue
[2026-05-17T09:15:43.363+0000] {logging_mixin.py:188} INFO - [2026-05-17T09:15:43.362+0000] {dagbag.py:545} INFO - Filling up the DagBag from /opt/airflow/dags/playwright_shopee.py
[2026-05-17T09:15:43.912+0000] {logging_mixin.py:188} INFO - 🌐 Membuka Chromium...
[2026-05-17T09:15:44.190+0000] {logging_mixin.py:188} INFO - 🍪 Inject cookies Shopee...
[2026-05-17T09:15:44.195+0000] {logging_mixin.py:188} INFO - ✅ 16 cookies berhasil diload dari /opt/airflow/dags/shopee_cookies.json
[2026-05-17T09:15:44.334+0000] {logging_mixin.py:188} INFO - 🌍 Membuka Shopee search...
[2026-05-17T09:15:50.794+0000] {logging_mixin.py:188} INFO - 📄 URL   : https://shopee.co.id/search?keyword=msi%20gaming
[2026-05-17T09:15:51.039+0000] {logging_mixin.py:188} INFO - [2026-05-17T09:15:51.036+0000] {dagbag.py:355} ERROR - Failed to import: /opt/airflow/dags/playwright_shopee.py
Traceback (most recent call last):
  File "/home/airflow/.local/lib/python3.8/site-packages/airflow/models/dagbag.py", line 351, in parse
    loader.exec_module(new_module)
  File "<frozen importlib._bootstrap_external>", line 843, in exec_module
  File "<frozen importlib._bootstrap>", line 219, in _call_with_frames_removed
  File "/opt/airflow/dags/playwright_shopee.py", line 208, in <module>
    print("📄 TITLE :", page.title())
  File "/home/airflow/.local/lib/python3.8/site-packages/playwright/sync_api/_generated.py", line 9407, in title
    return mapping.from_maybe_impl(self._sync(self._impl_obj.title()))
  File "/home/airflow/.local/lib/python3.8/site-packages/playwright/_impl/_sync_base.py", line 115, in _sync
    return task.result()
  File "/home/airflow/.local/lib/python3.8/site-packages/playwright/_impl/_page.py", line 742, in title
    return await self._main_frame.title()
  File "/home/airflow/.local/lib/python3.8/site-packages/playwright/_impl/_frame.py", line 776, in title
    return await self._channel.send("title")
  File "/home/airflow/.local/lib/python3.8/site-packages/playwright/_impl/_connection.py", line 59, in send
    return await self._connection.wrap_api_call(
  File "/home/airflow/.local/lib/python3.8/site-packages/playwright/_impl/_connection.py", line 514, in wrap_api_call
    raise rewrite_error(error, f"{parsed_st['apiName']}: {error}") from None
playwright._impl._errors.Error: Page.title: Execution context was destroyed, most likely because of a navigation
[2026-05-17T09:15:51.039+0000] {processor.py:842} WARNING - No viable dags retrieved from /opt/airflow/dags/playwright_shopee.py
[2026-05-17T09:15:51.068+0000] {processor.py:183} INFO - Processing /opt/airflow/dags/playwright_shopee.py took 7.720 seconds
[2026-05-17T09:16:21.332+0000] {processor.py:161} INFO - Started process (PID=4159) to work on /opt/airflow/dags/playwright_shopee.py
[2026-05-17T09:16:21.333+0000] {processor.py:830} INFO - Processing file /opt/airflow/dags/playwright_shopee.py for tasks to queue
[2026-05-17T09:16:21.337+0000] {logging_mixin.py:188} INFO - [2026-05-17T09:16:21.337+0000] {dagbag.py:545} INFO - Filling up the DagBag from /opt/airflow/dags/playwright_shopee.py
[2026-05-17T09:16:21.963+0000] {logging_mixin.py:188} INFO - 🌐 Membuka Chromium...
[2026-05-17T09:16:22.333+0000] {logging_mixin.py:188} INFO - 🍪 Inject cookies Shopee...
[2026-05-17T09:16:22.339+0000] {logging_mixin.py:188} INFO - ✅ 16 cookies berhasil diload dari /opt/airflow/dags/shopee_cookies.json
[2026-05-17T09:16:22.490+0000] {logging_mixin.py:188} INFO - 🌍 Membuka Shopee search...
[2026-05-17T09:16:28.779+0000] {logging_mixin.py:188} INFO - 📄 URL   : https://shopee.co.id/search?keyword=msi%20gaming
[2026-05-17T09:16:29.193+0000] {logging_mixin.py:188} INFO - [2026-05-17T09:16:29.191+0000] {dagbag.py:355} ERROR - Failed to import: /opt/airflow/dags/playwright_shopee.py
Traceback (most recent call last):
  File "/home/airflow/.local/lib/python3.8/site-packages/airflow/models/dagbag.py", line 351, in parse
    loader.exec_module(new_module)
  File "<frozen importlib._bootstrap_external>", line 843, in exec_module
  File "<frozen importlib._bootstrap>", line 219, in _call_with_frames_removed
  File "/opt/airflow/dags/playwright_shopee.py", line 208, in <module>
    print("📄 TITLE :", page.title())
  File "/home/airflow/.local/lib/python3.8/site-packages/playwright/sync_api/_generated.py", line 9407, in title
    return mapping.from_maybe_impl(self._sync(self._impl_obj.title()))
  File "/home/airflow/.local/lib/python3.8/site-packages/playwright/_impl/_sync_base.py", line 115, in _sync
    return task.result()
  File "/home/airflow/.local/lib/python3.8/site-packages/playwright/_impl/_page.py", line 742, in title
    return await self._main_frame.title()
  File "/home/airflow/.local/lib/python3.8/site-packages/playwright/_impl/_frame.py", line 776, in title
    return await self._channel.send("title")
  File "/home/airflow/.local/lib/python3.8/site-packages/playwright/_impl/_connection.py", line 59, in send
    return await self._connection.wrap_api_call(
  File "/home/airflow/.local/lib/python3.8/site-packages/playwright/_impl/_connection.py", line 514, in wrap_api_call
    raise rewrite_error(error, f"{parsed_st['apiName']}: {error}") from None
playwright._impl._errors.Error: Page.title: Execution context was destroyed, most likely because of a navigation
[2026-05-17T09:16:29.194+0000] {processor.py:842} WARNING - No viable dags retrieved from /opt/airflow/dags/playwright_shopee.py
[2026-05-17T09:16:29.227+0000] {processor.py:183} INFO - Processing /opt/airflow/dags/playwright_shopee.py took 7.901 seconds
[2026-05-17T09:16:59.730+0000] {processor.py:161} INFO - Started process (PID=4273) to work on /opt/airflow/dags/playwright_shopee.py
[2026-05-17T09:16:59.731+0000] {processor.py:830} INFO - Processing file /opt/airflow/dags/playwright_shopee.py for tasks to queue
[2026-05-17T09:16:59.733+0000] {logging_mixin.py:188} INFO - [2026-05-17T09:16:59.733+0000] {dagbag.py:545} INFO - Filling up the DagBag from /opt/airflow/dags/playwright_shopee.py
[2026-05-17T09:17:00.380+0000] {logging_mixin.py:188} INFO - 🌐 Membuka Chromium...
[2026-05-17T09:17:00.669+0000] {logging_mixin.py:188} INFO - 🍪 Inject cookies Shopee...
[2026-05-17T09:17:00.674+0000] {logging_mixin.py:188} INFO - ✅ 16 cookies berhasil diload dari /opt/airflow/dags/shopee_cookies.json
[2026-05-17T09:17:00.794+0000] {logging_mixin.py:188} INFO - 🌍 Membuka Shopee search...
[2026-05-17T09:17:08.139+0000] {logging_mixin.py:188} INFO - 📄 URL   : https://shopee.co.id/search?keyword=msi%20gaming
[2026-05-17T09:17:08.617+0000] {logging_mixin.py:188} INFO - 📄 TITLE : 
[2026-05-17T09:17:10.775+0000] {logging_mixin.py:188} INFO - ❌ Kena traffic verify — cookies mungkin expired.
[2026-05-17T09:17:10.776+0000] {logging_mixin.py:188} INFO - ⚠️  Export ulang cookies dari Chrome dan update shopee_cookies.json
[2026-05-17T09:17:11.609+0000] {logging_mixin.py:188} INFO - [2026-05-17T09:17:11.602+0000] {dagbag.py:355} ERROR - Failed to import: /opt/airflow/dags/playwright_shopee.py
Traceback (most recent call last):
  File "/home/airflow/.local/lib/python3.8/site-packages/airflow/models/dagbag.py", line 351, in parse
    loader.exec_module(new_module)
  File "<frozen importlib._bootstrap_external>", line 843, in exec_module
  File "<frozen importlib._bootstrap>", line 219, in _call_with_frames_removed
  File "/opt/airflow/dags/playwright_shopee.py", line 218, in <module>
    raise RuntimeError(
RuntimeError: Shopee traffic verify detected. Update shopee_cookies.json dari Cookie-Editor.
[2026-05-17T09:17:11.616+0000] {processor.py:842} WARNING - No viable dags retrieved from /opt/airflow/dags/playwright_shopee.py
[2026-05-17T09:17:11.692+0000] {processor.py:183} INFO - Processing /opt/airflow/dags/playwright_shopee.py took 11.969 seconds
[2026-05-17T09:17:42.347+0000] {processor.py:161} INFO - Started process (PID=4396) to work on /opt/airflow/dags/playwright_shopee.py
[2026-05-17T09:17:42.348+0000] {processor.py:830} INFO - Processing file /opt/airflow/dags/playwright_shopee.py for tasks to queue
[2026-05-17T09:17:42.351+0000] {logging_mixin.py:188} INFO - [2026-05-17T09:17:42.351+0000] {dagbag.py:545} INFO - Filling up the DagBag from /opt/airflow/dags/playwright_shopee.py
[2026-05-17T09:17:42.927+0000] {logging_mixin.py:188} INFO - 🌐 Membuka Chromium...
[2026-05-17T09:17:43.237+0000] {logging_mixin.py:188} INFO - 🍪 Inject cookies Shopee...
[2026-05-17T09:17:43.239+0000] {logging_mixin.py:188} INFO - ✅ 16 cookies berhasil diload dari /opt/airflow/dags/shopee_cookies.json
[2026-05-17T09:17:43.383+0000] {logging_mixin.py:188} INFO - 🌍 Membuka Shopee search...
[2026-05-17T09:17:50.655+0000] {logging_mixin.py:188} INFO - 📄 URL   : https://shopee.co.id/search?keyword=msi%20gaming
[2026-05-17T09:17:50.691+0000] {logging_mixin.py:188} INFO - 📄 TITLE : 
[2026-05-17T09:17:52.405+0000] {logging_mixin.py:188} INFO - ❌ Kena traffic verify — cookies mungkin expired.
[2026-05-17T09:17:52.407+0000] {logging_mixin.py:188} INFO - ⚠️  Export ulang cookies dari Chrome dan update shopee_cookies.json
[2026-05-17T09:17:53.289+0000] {logging_mixin.py:188} INFO - [2026-05-17T09:17:53.287+0000] {dagbag.py:355} ERROR - Failed to import: /opt/airflow/dags/playwright_shopee.py
Traceback (most recent call last):
  File "/home/airflow/.local/lib/python3.8/site-packages/airflow/models/dagbag.py", line 351, in parse
    loader.exec_module(new_module)
  File "<frozen importlib._bootstrap_external>", line 843, in exec_module
  File "<frozen importlib._bootstrap>", line 219, in _call_with_frames_removed
  File "/opt/airflow/dags/playwright_shopee.py", line 218, in <module>
    raise RuntimeError(
RuntimeError: Shopee traffic verify detected. Update shopee_cookies.json dari Cookie-Editor.
[2026-05-17T09:17:53.290+0000] {processor.py:842} WARNING - No viable dags retrieved from /opt/airflow/dags/playwright_shopee.py
[2026-05-17T09:17:53.317+0000] {processor.py:183} INFO - Processing /opt/airflow/dags/playwright_shopee.py took 10.981 seconds
[2026-05-17T09:18:24.016+0000] {processor.py:161} INFO - Started process (PID=4526) to work on /opt/airflow/dags/playwright_shopee.py
[2026-05-17T09:18:24.018+0000] {processor.py:830} INFO - Processing file /opt/airflow/dags/playwright_shopee.py for tasks to queue
[2026-05-17T09:18:24.019+0000] {logging_mixin.py:188} INFO - [2026-05-17T09:18:24.019+0000] {dagbag.py:545} INFO - Filling up the DagBag from /opt/airflow/dags/playwright_shopee.py
[2026-05-17T09:18:24.534+0000] {logging_mixin.py:188} INFO - 🌐 Membuka Chromium...
[2026-05-17T09:18:24.740+0000] {logging_mixin.py:188} INFO - 🍪 Inject cookies Shopee...
[2026-05-17T09:18:24.744+0000] {logging_mixin.py:188} INFO - ✅ 16 cookies berhasil diload dari /opt/airflow/dags/shopee_cookies.json
[2026-05-17T09:18:24.871+0000] {logging_mixin.py:188} INFO - 🌍 Membuka Shopee search...
[2026-05-17T09:18:32.868+0000] {logging_mixin.py:188} INFO - 📄 URL   : https://shopee.co.id/search?keyword=msi%20gaming
[2026-05-17T09:18:33.569+0000] {logging_mixin.py:188} INFO - 📄 TITLE : Shopee Indonesia | Situs Belanja Online Terlengkap & Terpercaya
[2026-05-17T09:18:34.437+0000] {logging_mixin.py:188} INFO - ❌ Kena traffic verify — cookies mungkin expired.
[2026-05-17T09:18:34.438+0000] {logging_mixin.py:188} INFO - ⚠️  Export ulang cookies dari Chrome dan update shopee_cookies.json
[2026-05-17T09:18:35.000+0000] {logging_mixin.py:188} INFO - [2026-05-17T09:18:34.999+0000] {dagbag.py:355} ERROR - Failed to import: /opt/airflow/dags/playwright_shopee.py
Traceback (most recent call last):
  File "/home/airflow/.local/lib/python3.8/site-packages/airflow/models/dagbag.py", line 351, in parse
    loader.exec_module(new_module)
  File "<frozen importlib._bootstrap_external>", line 843, in exec_module
  File "<frozen importlib._bootstrap>", line 219, in _call_with_frames_removed
  File "/opt/airflow/dags/playwright_shopee.py", line 218, in <module>
    raise RuntimeError(
RuntimeError: Shopee traffic verify detected. Update shopee_cookies.json dari Cookie-Editor.
[2026-05-17T09:18:35.002+0000] {processor.py:842} WARNING - No viable dags retrieved from /opt/airflow/dags/playwright_shopee.py
[2026-05-17T09:18:35.031+0000] {processor.py:183} INFO - Processing /opt/airflow/dags/playwright_shopee.py took 11.023 seconds
[2026-05-17T09:19:05.556+0000] {processor.py:161} INFO - Started process (PID=4651) to work on /opt/airflow/dags/playwright_shopee.py
[2026-05-17T09:19:05.557+0000] {processor.py:830} INFO - Processing file /opt/airflow/dags/playwright_shopee.py for tasks to queue
[2026-05-17T09:19:05.559+0000] {logging_mixin.py:188} INFO - [2026-05-17T09:19:05.559+0000] {dagbag.py:545} INFO - Filling up the DagBag from /opt/airflow/dags/playwright_shopee.py
[2026-05-17T09:19:06.165+0000] {logging_mixin.py:188} INFO - 🌐 Membuka Chromium...
[2026-05-17T09:19:06.465+0000] {logging_mixin.py:188} INFO - 🍪 Inject cookies Shopee...
[2026-05-17T09:19:06.470+0000] {logging_mixin.py:188} INFO - ✅ 16 cookies berhasil diload dari /opt/airflow/dags/shopee_cookies.json
[2026-05-17T09:19:06.610+0000] {logging_mixin.py:188} INFO - 🌍 Membuka Shopee search...
[2026-05-17T09:19:12.607+0000] {logging_mixin.py:188} INFO - 📄 URL   : https://shopee.co.id/search?keyword=msi%20gaming
[2026-05-17T09:19:13.158+0000] {logging_mixin.py:188} INFO - [2026-05-17T09:19:13.156+0000] {dagbag.py:355} ERROR - Failed to import: /opt/airflow/dags/playwright_shopee.py
Traceback (most recent call last):
  File "/home/airflow/.local/lib/python3.8/site-packages/airflow/models/dagbag.py", line 351, in parse
    loader.exec_module(new_module)
  File "<frozen importlib._bootstrap_external>", line 843, in exec_module
  File "<frozen importlib._bootstrap>", line 219, in _call_with_frames_removed
  File "/opt/airflow/dags/playwright_shopee.py", line 208, in <module>
    print("📄 TITLE :", page.title())
  File "/home/airflow/.local/lib/python3.8/site-packages/playwright/sync_api/_generated.py", line 9407, in title
    return mapping.from_maybe_impl(self._sync(self._impl_obj.title()))
  File "/home/airflow/.local/lib/python3.8/site-packages/playwright/_impl/_sync_base.py", line 115, in _sync
    return task.result()
  File "/home/airflow/.local/lib/python3.8/site-packages/playwright/_impl/_page.py", line 742, in title
    return await self._main_frame.title()
  File "/home/airflow/.local/lib/python3.8/site-packages/playwright/_impl/_frame.py", line 776, in title
    return await self._channel.send("title")
  File "/home/airflow/.local/lib/python3.8/site-packages/playwright/_impl/_connection.py", line 59, in send
    return await self._connection.wrap_api_call(
  File "/home/airflow/.local/lib/python3.8/site-packages/playwright/_impl/_connection.py", line 514, in wrap_api_call
    raise rewrite_error(error, f"{parsed_st['apiName']}: {error}") from None
playwright._impl._errors.Error: Page.title: Execution context was destroyed, most likely because of a navigation
[2026-05-17T09:19:13.159+0000] {processor.py:842} WARNING - No viable dags retrieved from /opt/airflow/dags/playwright_shopee.py
[2026-05-17T09:19:13.190+0000] {processor.py:183} INFO - Processing /opt/airflow/dags/playwright_shopee.py took 7.640 seconds
[2026-05-17T09:19:43.684+0000] {processor.py:161} INFO - Started process (PID=4876) to work on /opt/airflow/dags/playwright_shopee.py
[2026-05-17T09:19:43.688+0000] {processor.py:830} INFO - Processing file /opt/airflow/dags/playwright_shopee.py for tasks to queue
[2026-05-17T09:19:43.695+0000] {logging_mixin.py:188} INFO - [2026-05-17T09:19:43.694+0000] {dagbag.py:545} INFO - Filling up the DagBag from /opt/airflow/dags/playwright_shopee.py
[2026-05-17T09:19:45.751+0000] {logging_mixin.py:188} INFO - 🌐 Membuka Chromium...
[2026-05-17T09:19:46.290+0000] {logging_mixin.py:188} INFO - 🍪 Inject cookies Shopee...
[2026-05-17T09:19:46.295+0000] {logging_mixin.py:188} INFO - ✅ 16 cookies berhasil diload dari /opt/airflow/dags/shopee_cookies.json
[2026-05-17T09:19:46.499+0000] {logging_mixin.py:188} INFO - 🌍 Membuka Shopee search...
[2026-05-17T09:19:54.151+0000] {logging_mixin.py:188} INFO - 📄 URL   : https://shopee.co.id/search?keyword=msi%20gaming
[2026-05-17T09:19:55.049+0000] {logging_mixin.py:188} INFO - 📄 TITLE : Jual msi gaming Harga Terbaik & Termurah Mei 2026 | Shopee Indonesia
[2026-05-17T09:19:56.009+0000] {logging_mixin.py:188} INFO - ❌ Kena traffic verify — cookies mungkin expired.
[2026-05-17T09:19:56.010+0000] {logging_mixin.py:188} INFO - ⚠️  Export ulang cookies dari Chrome dan update shopee_cookies.json
[2026-05-17T09:19:58.002+0000] {logging_mixin.py:188} INFO - [2026-05-17T09:19:57.999+0000] {dagbag.py:355} ERROR - Failed to import: /opt/airflow/dags/playwright_shopee.py
Traceback (most recent call last):
  File "/home/airflow/.local/lib/python3.8/site-packages/airflow/models/dagbag.py", line 351, in parse
    loader.exec_module(new_module)
  File "<frozen importlib._bootstrap_external>", line 843, in exec_module
  File "<frozen importlib._bootstrap>", line 219, in _call_with_frames_removed
  File "/opt/airflow/dags/playwright_shopee.py", line 218, in <module>
    raise RuntimeError(
RuntimeError: Shopee traffic verify detected. Update shopee_cookies.json dari Cookie-Editor.
[2026-05-17T09:19:58.004+0000] {processor.py:842} WARNING - No viable dags retrieved from /opt/airflow/dags/playwright_shopee.py
[2026-05-17T09:19:58.042+0000] {processor.py:183} INFO - Processing /opt/airflow/dags/playwright_shopee.py took 14.385 seconds
[2026-05-17T09:20:28.389+0000] {processor.py:161} INFO - Started process (PID=5010) to work on /opt/airflow/dags/playwright_shopee.py
[2026-05-17T09:20:28.391+0000] {processor.py:830} INFO - Processing file /opt/airflow/dags/playwright_shopee.py for tasks to queue
[2026-05-17T09:20:28.393+0000] {logging_mixin.py:188} INFO - [2026-05-17T09:20:28.392+0000] {dagbag.py:545} INFO - Filling up the DagBag from /opt/airflow/dags/playwright_shopee.py
[2026-05-17T09:20:29.102+0000] {logging_mixin.py:188} INFO - 🌐 Membuka Chromium...
[2026-05-17T09:20:29.450+0000] {logging_mixin.py:188} INFO - 🍪 Inject cookies Shopee...
[2026-05-17T09:20:29.454+0000] {logging_mixin.py:188} INFO - ✅ 16 cookies berhasil diload dari /opt/airflow/dags/shopee_cookies.json
[2026-05-17T09:20:29.607+0000] {logging_mixin.py:188} INFO - 🌍 Membuka Shopee search...
[2026-05-17T09:20:37.515+0000] {logging_mixin.py:188} INFO - 📄 URL   : https://shopee.co.id/search?keyword=msi%20gaming
[2026-05-17T09:20:37.788+0000] {logging_mixin.py:188} INFO - 📄 TITLE : Jual msi gaming Harga Terbaik & Termurah Mei 2026 | Shopee Indonesia
[2026-05-17T09:20:38.767+0000] {logging_mixin.py:188} INFO - ❌ Kena traffic verify — cookies mungkin expired.
[2026-05-17T09:20:38.767+0000] {logging_mixin.py:188} INFO - ⚠️  Export ulang cookies dari Chrome dan update shopee_cookies.json
[2026-05-17T09:20:39.180+0000] {logging_mixin.py:188} INFO - [2026-05-17T09:20:39.178+0000] {dagbag.py:355} ERROR - Failed to import: /opt/airflow/dags/playwright_shopee.py
Traceback (most recent call last):
  File "/home/airflow/.local/lib/python3.8/site-packages/airflow/models/dagbag.py", line 351, in parse
    loader.exec_module(new_module)
  File "<frozen importlib._bootstrap_external>", line 843, in exec_module
  File "<frozen importlib._bootstrap>", line 219, in _call_with_frames_removed
  File "/opt/airflow/dags/playwright_shopee.py", line 218, in <module>
    raise RuntimeError(
RuntimeError: Shopee traffic verify detected. Update shopee_cookies.json dari Cookie-Editor.
[2026-05-17T09:20:39.183+0000] {processor.py:842} WARNING - No viable dags retrieved from /opt/airflow/dags/playwright_shopee.py
[2026-05-17T09:20:39.239+0000] {processor.py:183} INFO - Processing /opt/airflow/dags/playwright_shopee.py took 10.859 seconds
[2026-05-17T09:21:10.025+0000] {processor.py:161} INFO - Started process (PID=5129) to work on /opt/airflow/dags/playwright_shopee.py
[2026-05-17T09:21:10.027+0000] {processor.py:830} INFO - Processing file /opt/airflow/dags/playwright_shopee.py for tasks to queue
[2026-05-17T09:21:10.031+0000] {logging_mixin.py:188} INFO - [2026-05-17T09:21:10.030+0000] {dagbag.py:545} INFO - Filling up the DagBag from /opt/airflow/dags/playwright_shopee.py
[2026-05-17T09:21:11.065+0000] {logging_mixin.py:188} INFO - 🌐 Membuka Chromium...
[2026-05-17T09:21:11.399+0000] {logging_mixin.py:188} INFO - 🍪 Inject cookies Shopee...
[2026-05-17T09:21:11.406+0000] {logging_mixin.py:188} INFO - ✅ 16 cookies berhasil diload dari /opt/airflow/dags/shopee_cookies.json
[2026-05-17T09:21:11.622+0000] {logging_mixin.py:188} INFO - 🌍 Membuka Shopee search...
[2026-05-17T09:21:19.081+0000] {logging_mixin.py:188} INFO - 📄 URL   : https://shopee.co.id/search?keyword=msi%20gaming
[2026-05-17T09:21:19.936+0000] {logging_mixin.py:188} INFO - 📄 TITLE : Shopee Indonesia | Situs Belanja Online Terlengkap & Terpercaya
[2026-05-17T09:21:23.282+0000] {logging_mixin.py:188} INFO - ❌ Kena traffic verify — cookies mungkin expired.
[2026-05-17T09:21:23.283+0000] {logging_mixin.py:188} INFO - ⚠️  Export ulang cookies dari Chrome dan update shopee_cookies.json
[2026-05-17T09:21:25.501+0000] {logging_mixin.py:188} INFO - [2026-05-17T09:21:25.499+0000] {dagbag.py:355} ERROR - Failed to import: /opt/airflow/dags/playwright_shopee.py
Traceback (most recent call last):
  File "/home/airflow/.local/lib/python3.8/site-packages/airflow/models/dagbag.py", line 351, in parse
    loader.exec_module(new_module)
  File "<frozen importlib._bootstrap_external>", line 843, in exec_module
  File "<frozen importlib._bootstrap>", line 219, in _call_with_frames_removed
  File "/opt/airflow/dags/playwright_shopee.py", line 218, in <module>
    raise RuntimeError(
RuntimeError: Shopee traffic verify detected. Update shopee_cookies.json dari Cookie-Editor.
[2026-05-17T09:21:25.504+0000] {processor.py:842} WARNING - No viable dags retrieved from /opt/airflow/dags/playwright_shopee.py
[2026-05-17T09:21:25.546+0000] {processor.py:183} INFO - Processing /opt/airflow/dags/playwright_shopee.py took 15.540 seconds
[2026-05-17T09:21:55.981+0000] {processor.py:161} INFO - Started process (PID=5257) to work on /opt/airflow/dags/playwright_shopee.py
[2026-05-17T09:21:55.983+0000] {processor.py:830} INFO - Processing file /opt/airflow/dags/playwright_shopee.py for tasks to queue
[2026-05-17T09:21:55.987+0000] {logging_mixin.py:188} INFO - [2026-05-17T09:21:55.987+0000] {dagbag.py:545} INFO - Filling up the DagBag from /opt/airflow/dags/playwright_shopee.py
[2026-05-17T09:21:56.754+0000] {logging_mixin.py:188} INFO - 🌐 Membuka Chromium...
[2026-05-17T09:21:57.049+0000] {logging_mixin.py:188} INFO - 🍪 Inject cookies Shopee...
[2026-05-17T09:21:57.055+0000] {logging_mixin.py:188} INFO - ✅ 16 cookies berhasil diload dari /opt/airflow/dags/shopee_cookies.json
[2026-05-17T09:21:57.216+0000] {logging_mixin.py:188} INFO - 🌍 Membuka Shopee search...
[2026-05-17T09:22:02.881+0000] {logging_mixin.py:188} INFO - 📄 URL   : https://shopee.co.id/search?keyword=msi%20gaming
[2026-05-17T09:22:03.142+0000] {logging_mixin.py:188} INFO - 📄 TITLE : Shopee Indonesia | Situs Belanja Online Terlengkap & Terpercaya
[2026-05-17T09:22:07.537+0000] {logging_mixin.py:188} INFO - [2026-05-17T09:22:07.535+0000] {dagbag.py:355} ERROR - Failed to import: /opt/airflow/dags/playwright_shopee.py
Traceback (most recent call last):
  File "/home/airflow/.local/lib/python3.8/site-packages/airflow/models/dagbag.py", line 351, in parse
    loader.exec_module(new_module)
  File "<frozen importlib._bootstrap_external>", line 843, in exec_module
  File "<frozen importlib._bootstrap>", line 219, in _call_with_frames_removed
  File "/opt/airflow/dags/playwright_shopee.py", line 224, in <module>
    content = page.content()
  File "/home/airflow/.local/lib/python3.8/site-packages/playwright/sync_api/_generated.py", line 8582, in content
    return mapping.from_maybe_impl(self._sync(self._impl_obj.content()))
  File "/home/airflow/.local/lib/python3.8/site-packages/playwright/_impl/_sync_base.py", line 115, in _sync
    return task.result()
  File "/home/airflow/.local/lib/python3.8/site-packages/playwright/_impl/_page.py", line 502, in content
    return await self._main_frame.content()
  File "/home/airflow/.local/lib/python3.8/site-packages/playwright/_impl/_frame.py", line 416, in content
    return await self._channel.send("content")
  File "/home/airflow/.local/lib/python3.8/site-packages/playwright/_impl/_connection.py", line 59, in send
    return await self._connection.wrap_api_call(
  File "/home/airflow/.local/lib/python3.8/site-packages/playwright/_impl/_connection.py", line 514, in wrap_api_call
    raise rewrite_error(error, f"{parsed_st['apiName']}: {error}") from None
playwright._impl._errors.Error: Page.content: Unable to retrieve content because the page is navigating and changing the content.
[2026-05-17T09:22:07.538+0000] {processor.py:842} WARNING - No viable dags retrieved from /opt/airflow/dags/playwright_shopee.py
[2026-05-17T09:22:07.572+0000] {processor.py:183} INFO - Processing /opt/airflow/dags/playwright_shopee.py took 11.606 seconds
[2026-05-17T09:22:37.962+0000] {processor.py:161} INFO - Started process (PID=5382) to work on /opt/airflow/dags/playwright_shopee.py
[2026-05-17T09:22:37.966+0000] {processor.py:830} INFO - Processing file /opt/airflow/dags/playwright_shopee.py for tasks to queue
[2026-05-17T09:22:37.971+0000] {logging_mixin.py:188} INFO - [2026-05-17T09:22:37.970+0000] {dagbag.py:545} INFO - Filling up the DagBag from /opt/airflow/dags/playwright_shopee.py
[2026-05-17T09:22:39.389+0000] {logging_mixin.py:188} INFO - 🌐 Membuka Chromium...
[2026-05-17T09:22:39.883+0000] {logging_mixin.py:188} INFO - 🍪 Inject cookies Shopee...
[2026-05-17T09:22:39.889+0000] {logging_mixin.py:188} INFO - ✅ 16 cookies berhasil diload dari /opt/airflow/dags/shopee_cookies.json
[2026-05-17T09:22:40.271+0000] {logging_mixin.py:188} INFO - 🌍 Membuka Shopee search...
[2026-05-17T09:22:49.691+0000] {logging_mixin.py:188} INFO - 📄 URL   : https://shopee.co.id/search?keyword=msi%20gaming
[2026-05-17T09:22:50.386+0000] {logging_mixin.py:188} INFO - 📄 TITLE : Shopee Indonesia | Situs Belanja Online Terlengkap & Terpercaya
[2026-05-17T09:22:54.016+0000] {logging_mixin.py:188} INFO - ❌ Cookies tidak valid atau sudah expired.
[2026-05-17T09:22:54.717+0000] {logging_mixin.py:188} INFO - [2026-05-17T09:22:54.710+0000] {dagbag.py:355} ERROR - Failed to import: /opt/airflow/dags/playwright_shopee.py
Traceback (most recent call last):
  File "/home/airflow/.local/lib/python3.8/site-packages/airflow/models/dagbag.py", line 351, in parse
    loader.exec_module(new_module)
  File "<frozen importlib._bootstrap_external>", line 843, in exec_module
  File "<frozen importlib._bootstrap>", line 219, in _call_with_frames_removed
  File "/opt/airflow/dags/playwright_shopee.py", line 228, in <module>
    raise RuntimeError("Cookies tidak valid. Export ulang dari Chrome.")
RuntimeError: Cookies tidak valid. Export ulang dari Chrome.
[2026-05-17T09:22:54.723+0000] {processor.py:842} WARNING - No viable dags retrieved from /opt/airflow/dags/playwright_shopee.py
[2026-05-17T09:22:54.995+0000] {processor.py:183} INFO - Processing /opt/airflow/dags/playwright_shopee.py took 17.060 seconds
[2026-05-17T09:23:25.416+0000] {processor.py:161} INFO - Started process (PID=5499) to work on /opt/airflow/dags/playwright_shopee.py
[2026-05-17T09:23:25.418+0000] {processor.py:830} INFO - Processing file /opt/airflow/dags/playwright_shopee.py for tasks to queue
[2026-05-17T09:23:25.423+0000] {logging_mixin.py:188} INFO - [2026-05-17T09:23:25.422+0000] {dagbag.py:545} INFO - Filling up the DagBag from /opt/airflow/dags/playwright_shopee.py
[2026-05-17T09:23:27.348+0000] {logging_mixin.py:188} INFO - 🌐 Membuka Chromium...
[2026-05-17T09:23:28.553+0000] {logging_mixin.py:188} INFO - 🍪 Inject cookies Shopee...
[2026-05-17T09:23:28.558+0000] {logging_mixin.py:188} INFO - ✅ 16 cookies berhasil diload dari /opt/airflow/dags/shopee_cookies.json
[2026-05-17T09:23:28.943+0000] {logging_mixin.py:188} INFO - 🌍 Membuka Shopee search...
[2026-05-17T09:23:36.930+0000] {logging_mixin.py:188} INFO - 📄 URL   : https://shopee.co.id/search?keyword=msi%20gaming
[2026-05-17T09:23:37.295+0000] {logging_mixin.py:188} INFO - 📄 TITLE : Shopee Indonesia | Situs Belanja Online Terlengkap & Terpercaya
[2026-05-17T09:23:40.596+0000] {logging_mixin.py:188} INFO - ❌ Cookies tidak valid atau sudah expired.
[2026-05-17T09:23:40.885+0000] {logging_mixin.py:188} INFO - [2026-05-17T09:23:40.883+0000] {dagbag.py:355} ERROR - Failed to import: /opt/airflow/dags/playwright_shopee.py
Traceback (most recent call last):
  File "/home/airflow/.local/lib/python3.8/site-packages/airflow/models/dagbag.py", line 351, in parse
    loader.exec_module(new_module)
  File "<frozen importlib._bootstrap_external>", line 843, in exec_module
  File "<frozen importlib._bootstrap>", line 219, in _call_with_frames_removed
  File "/opt/airflow/dags/playwright_shopee.py", line 228, in <module>
    raise RuntimeError("Cookies tidak valid. Export ulang dari Chrome.")
RuntimeError: Cookies tidak valid. Export ulang dari Chrome.
[2026-05-17T09:23:40.887+0000] {processor.py:842} WARNING - No viable dags retrieved from /opt/airflow/dags/playwright_shopee.py
[2026-05-17T09:23:40.946+0000] {processor.py:183} INFO - Processing /opt/airflow/dags/playwright_shopee.py took 15.543 seconds
[2026-05-17T09:24:11.296+0000] {processor.py:161} INFO - Started process (PID=5620) to work on /opt/airflow/dags/playwright_shopee.py
[2026-05-17T09:24:11.299+0000] {processor.py:830} INFO - Processing file /opt/airflow/dags/playwright_shopee.py for tasks to queue
[2026-05-17T09:24:11.302+0000] {logging_mixin.py:188} INFO - [2026-05-17T09:24:11.301+0000] {dagbag.py:545} INFO - Filling up the DagBag from /opt/airflow/dags/playwright_shopee.py
[2026-05-17T09:24:12.123+0000] {logging_mixin.py:188} INFO - 🌐 Membuka Chromium...
[2026-05-17T09:24:12.445+0000] {logging_mixin.py:188} INFO - 🍪 Inject cookies Shopee...
[2026-05-17T09:24:12.452+0000] {logging_mixin.py:188} INFO - ✅ 16 cookies berhasil diload dari /opt/airflow/dags/shopee_cookies.json
[2026-05-17T09:24:12.661+0000] {logging_mixin.py:188} INFO - 🌍 Membuka Shopee search...
[2026-05-17T09:24:20.137+0000] {logging_mixin.py:188} INFO - 📄 URL   : https://shopee.co.id/search?keyword=msi%20gaming
[2026-05-17T09:24:22.718+0000] {logging_mixin.py:188} INFO - 📄 TITLE : Jual msi gaming Harga Terbaik & Termurah Mei 2026 | Shopee Indonesia
[2026-05-17T09:24:24.471+0000] {logging_mixin.py:188} INFO - ❌ Kena traffic verify — cookies mungkin expired.
[2026-05-17T09:24:24.472+0000] {logging_mixin.py:188} INFO - ⚠️  Export ulang cookies dari Chrome dan update shopee_cookies.json
[2026-05-17T09:24:27.103+0000] {logging_mixin.py:188} INFO - [2026-05-17T09:24:27.101+0000] {dagbag.py:355} ERROR - Failed to import: /opt/airflow/dags/playwright_shopee.py
Traceback (most recent call last):
  File "/home/airflow/.local/lib/python3.8/site-packages/airflow/models/dagbag.py", line 351, in parse
    loader.exec_module(new_module)
  File "<frozen importlib._bootstrap_external>", line 843, in exec_module
  File "<frozen importlib._bootstrap>", line 219, in _call_with_frames_removed
  File "/opt/airflow/dags/playwright_shopee.py", line 218, in <module>
    raise RuntimeError(
RuntimeError: Shopee traffic verify detected. Update shopee_cookies.json dari Cookie-Editor.
[2026-05-17T09:24:27.106+0000] {processor.py:842} WARNING - No viable dags retrieved from /opt/airflow/dags/playwright_shopee.py
[2026-05-17T09:24:27.156+0000] {processor.py:183} INFO - Processing /opt/airflow/dags/playwright_shopee.py took 15.873 seconds
[2026-05-17T09:24:57.989+0000] {processor.py:161} INFO - Started process (PID=5749) to work on /opt/airflow/dags/playwright_shopee.py
[2026-05-17T09:24:57.991+0000] {processor.py:830} INFO - Processing file /opt/airflow/dags/playwright_shopee.py for tasks to queue
[2026-05-17T09:24:57.995+0000] {logging_mixin.py:188} INFO - [2026-05-17T09:24:57.994+0000] {dagbag.py:545} INFO - Filling up the DagBag from /opt/airflow/dags/playwright_shopee.py
[2026-05-17T09:24:59.416+0000] {logging_mixin.py:188} INFO - 🌐 Membuka Chromium...
[2026-05-17T09:25:00.226+0000] {logging_mixin.py:188} INFO - 🍪 Inject cookies Shopee...
[2026-05-17T09:25:00.232+0000] {logging_mixin.py:188} INFO - ✅ 16 cookies berhasil diload dari /opt/airflow/dags/shopee_cookies.json
[2026-05-17T09:25:00.683+0000] {logging_mixin.py:188} INFO - 🌍 Membuka Shopee search...
[2026-05-17T09:25:09.205+0000] {logging_mixin.py:188} INFO - 📄 URL   : https://shopee.co.id/search?keyword=msi%20gaming
[2026-05-17T09:25:09.426+0000] {logging_mixin.py:188} INFO - 📄 TITLE : Jual msi gaming Harga Terbaik & Termurah Mei 2026 | Shopee Indonesia
[2026-05-17T09:25:13.265+0000] {logging_mixin.py:188} INFO - ❌ Kena traffic verify — cookies mungkin expired.
[2026-05-17T09:25:13.266+0000] {logging_mixin.py:188} INFO - ⚠️  Export ulang cookies dari Chrome dan update shopee_cookies.json
[2026-05-17T09:25:14.299+0000] {logging_mixin.py:188} INFO - [2026-05-17T09:25:14.297+0000] {dagbag.py:355} ERROR - Failed to import: /opt/airflow/dags/playwright_shopee.py
Traceback (most recent call last):
  File "/home/airflow/.local/lib/python3.8/site-packages/airflow/models/dagbag.py", line 351, in parse
    loader.exec_module(new_module)
  File "<frozen importlib._bootstrap_external>", line 843, in exec_module
  File "<frozen importlib._bootstrap>", line 219, in _call_with_frames_removed
  File "/opt/airflow/dags/playwright_shopee.py", line 218, in <module>
    raise RuntimeError(
RuntimeError: Shopee traffic verify detected. Update shopee_cookies.json dari Cookie-Editor.
[2026-05-17T09:25:14.302+0000] {processor.py:842} WARNING - No viable dags retrieved from /opt/airflow/dags/playwright_shopee.py
[2026-05-17T09:25:14.350+0000] {processor.py:183} INFO - Processing /opt/airflow/dags/playwright_shopee.py took 16.373 seconds
[2026-05-17T09:25:44.651+0000] {processor.py:161} INFO - Started process (PID=5873) to work on /opt/airflow/dags/playwright_shopee.py
[2026-05-17T09:25:44.654+0000] {processor.py:830} INFO - Processing file /opt/airflow/dags/playwright_shopee.py for tasks to queue
[2026-05-17T09:25:44.659+0000] {logging_mixin.py:188} INFO - [2026-05-17T09:25:44.659+0000] {dagbag.py:545} INFO - Filling up the DagBag from /opt/airflow/dags/playwright_shopee.py
[2026-05-17T09:25:45.505+0000] {logging_mixin.py:188} INFO - 🌐 Membuka Chromium...
[2026-05-17T09:25:46.117+0000] {logging_mixin.py:188} INFO - 🍪 Inject cookies Shopee...
[2026-05-17T09:25:46.124+0000] {logging_mixin.py:188} INFO - ✅ 16 cookies berhasil diload dari /opt/airflow/dags/shopee_cookies.json
[2026-05-17T09:25:46.382+0000] {logging_mixin.py:188} INFO - 🌍 Membuka Shopee search...
[2026-05-17T09:25:53.902+0000] {logging_mixin.py:188} INFO - 📄 URL   : https://shopee.co.id/search?keyword=msi%20gaming
[2026-05-17T09:25:54.612+0000] {logging_mixin.py:188} INFO - 📄 TITLE : Jual msi gaming Harga Terbaik & Termurah Mei 2026 | Shopee Indonesia
[2026-05-17T09:25:57.178+0000] {logging_mixin.py:188} INFO - ❌ Kena traffic verify — cookies mungkin expired.
[2026-05-17T09:25:57.179+0000] {logging_mixin.py:188} INFO - ⚠️  Export ulang cookies dari Chrome dan update shopee_cookies.json
[2026-05-17T09:26:01.301+0000] {logging_mixin.py:188} INFO - [2026-05-17T09:26:01.299+0000] {dagbag.py:355} ERROR - Failed to import: /opt/airflow/dags/playwright_shopee.py
Traceback (most recent call last):
  File "/home/airflow/.local/lib/python3.8/site-packages/airflow/models/dagbag.py", line 351, in parse
    loader.exec_module(new_module)
  File "<frozen importlib._bootstrap_external>", line 843, in exec_module
  File "<frozen importlib._bootstrap>", line 219, in _call_with_frames_removed
  File "/opt/airflow/dags/playwright_shopee.py", line 218, in <module>
    raise RuntimeError(
RuntimeError: Shopee traffic verify detected. Update shopee_cookies.json dari Cookie-Editor.
[2026-05-17T09:26:01.303+0000] {processor.py:842} WARNING - No viable dags retrieved from /opt/airflow/dags/playwright_shopee.py
[2026-05-17T09:26:01.347+0000] {processor.py:183} INFO - Processing /opt/airflow/dags/playwright_shopee.py took 16.721 seconds
[2026-05-17T09:26:31.662+0000] {processor.py:161} INFO - Started process (PID=5990) to work on /opt/airflow/dags/playwright_shopee.py
[2026-05-17T09:26:31.663+0000] {processor.py:830} INFO - Processing file /opt/airflow/dags/playwright_shopee.py for tasks to queue
[2026-05-17T09:26:31.666+0000] {logging_mixin.py:188} INFO - [2026-05-17T09:26:31.665+0000] {dagbag.py:545} INFO - Filling up the DagBag from /opt/airflow/dags/playwright_shopee.py
[2026-05-17T09:26:32.433+0000] {logging_mixin.py:188} INFO - 🌐 Membuka Chromium...
[2026-05-17T09:26:32.968+0000] {logging_mixin.py:188} INFO - 🍪 Inject cookies Shopee...
[2026-05-17T09:26:32.975+0000] {logging_mixin.py:188} INFO - ✅ 16 cookies berhasil diload dari /opt/airflow/dags/shopee_cookies.json
[2026-05-17T09:26:33.234+0000] {logging_mixin.py:188} INFO - 🌍 Membuka Shopee search...
[2026-05-17T09:26:41.464+0000] {logging_mixin.py:188} INFO - 📄 URL   : https://shopee.co.id/search?keyword=msi%20gaming
[2026-05-17T09:26:43.125+0000] {logging_mixin.py:188} INFO - 📄 TITLE : Jual msi gaming Harga Terbaik & Termurah Mei 2026 | Shopee Indonesia
[2026-05-17T09:26:45.048+0000] {logging_mixin.py:188} INFO - ❌ Kena traffic verify — cookies mungkin expired.
[2026-05-17T09:26:45.049+0000] {logging_mixin.py:188} INFO - ⚠️  Export ulang cookies dari Chrome dan update shopee_cookies.json
[2026-05-17T09:26:47.231+0000] {logging_mixin.py:188} INFO - [2026-05-17T09:26:47.230+0000] {dagbag.py:355} ERROR - Failed to import: /opt/airflow/dags/playwright_shopee.py
Traceback (most recent call last):
  File "/home/airflow/.local/lib/python3.8/site-packages/airflow/models/dagbag.py", line 351, in parse
    loader.exec_module(new_module)
  File "<frozen importlib._bootstrap_external>", line 843, in exec_module
  File "<frozen importlib._bootstrap>", line 219, in _call_with_frames_removed
  File "/opt/airflow/dags/playwright_shopee.py", line 218, in <module>
    raise RuntimeError(
RuntimeError: Shopee traffic verify detected. Update shopee_cookies.json dari Cookie-Editor.
[2026-05-17T09:26:47.233+0000] {processor.py:842} WARNING - No viable dags retrieved from /opt/airflow/dags/playwright_shopee.py
[2026-05-17T09:26:47.261+0000] {processor.py:183} INFO - Processing /opt/airflow/dags/playwright_shopee.py took 15.615 seconds
[2026-05-17T09:27:17.649+0000] {processor.py:161} INFO - Started process (PID=6121) to work on /opt/airflow/dags/playwright_shopee.py
[2026-05-17T09:27:17.652+0000] {processor.py:830} INFO - Processing file /opt/airflow/dags/playwright_shopee.py for tasks to queue
[2026-05-17T09:27:17.664+0000] {logging_mixin.py:188} INFO - [2026-05-17T09:27:17.663+0000] {dagbag.py:545} INFO - Filling up the DagBag from /opt/airflow/dags/playwright_shopee.py
[2026-05-17T09:27:19.305+0000] {logging_mixin.py:188} INFO - 🌐 Membuka Chromium...
[2026-05-17T09:27:19.736+0000] {logging_mixin.py:188} INFO - 🍪 Inject cookies Shopee...
[2026-05-17T09:27:19.741+0000] {logging_mixin.py:188} INFO - ✅ 16 cookies berhasil diload dari /opt/airflow/dags/shopee_cookies.json
[2026-05-17T09:27:19.936+0000] {logging_mixin.py:188} INFO - 🌍 Membuka Shopee search...
[2026-05-17T09:27:27.820+0000] {logging_mixin.py:188} INFO - 📄 URL   : https://shopee.co.id/search?keyword=msi%20gaming
[2026-05-17T09:27:28.293+0000] {logging_mixin.py:188} INFO - 📄 TITLE : Shopee Indonesia | Situs Belanja Online Terlengkap & Terpercaya
[2026-05-17T09:27:31.862+0000] {logging_mixin.py:188} INFO - ❌ Cookies tidak valid atau sudah expired.
[2026-05-17T09:27:32.038+0000] {logging_mixin.py:188} INFO - [2026-05-17T09:27:32.035+0000] {dagbag.py:355} ERROR - Failed to import: /opt/airflow/dags/playwright_shopee.py
Traceback (most recent call last):
  File "/home/airflow/.local/lib/python3.8/site-packages/airflow/models/dagbag.py", line 351, in parse
    loader.exec_module(new_module)
  File "<frozen importlib._bootstrap_external>", line 843, in exec_module
  File "<frozen importlib._bootstrap>", line 219, in _call_with_frames_removed
  File "/opt/airflow/dags/playwright_shopee.py", line 228, in <module>
    raise RuntimeError("Cookies tidak valid. Export ulang dari Chrome.")
RuntimeError: Cookies tidak valid. Export ulang dari Chrome.
[2026-05-17T09:27:32.041+0000] {processor.py:842} WARNING - No viable dags retrieved from /opt/airflow/dags/playwright_shopee.py
[2026-05-17T09:27:32.084+0000] {processor.py:183} INFO - Processing /opt/airflow/dags/playwright_shopee.py took 14.457 seconds
[2026-05-17T09:28:02.392+0000] {processor.py:161} INFO - Started process (PID=6240) to work on /opt/airflow/dags/playwright_shopee.py
[2026-05-17T09:28:02.393+0000] {processor.py:830} INFO - Processing file /opt/airflow/dags/playwright_shopee.py for tasks to queue
[2026-05-17T09:28:02.397+0000] {logging_mixin.py:188} INFO - [2026-05-17T09:28:02.396+0000] {dagbag.py:545} INFO - Filling up the DagBag from /opt/airflow/dags/playwright_shopee.py
[2026-05-17T09:28:03.318+0000] {logging_mixin.py:188} INFO - 🌐 Membuka Chromium...
[2026-05-17T09:28:03.691+0000] {logging_mixin.py:188} INFO - 🍪 Inject cookies Shopee...
[2026-05-17T09:28:03.698+0000] {logging_mixin.py:188} INFO - ✅ 16 cookies berhasil diload dari /opt/airflow/dags/shopee_cookies.json
[2026-05-17T09:28:03.989+0000] {logging_mixin.py:188} INFO - 🌍 Membuka Shopee search...
[2026-05-17T09:28:11.848+0000] {logging_mixin.py:188} INFO - 📄 URL   : https://shopee.co.id/search?keyword=msi%20gaming
[2026-05-17T09:28:12.594+0000] {logging_mixin.py:188} INFO - 📄 TITLE : Jual msi gaming Harga Terbaik & Termurah Mei 2026 | Shopee Indonesia
[2026-05-17T09:28:14.008+0000] {logging_mixin.py:188} INFO - ❌ Kena traffic verify — cookies mungkin expired.
[2026-05-17T09:28:14.009+0000] {logging_mixin.py:188} INFO - ⚠️  Export ulang cookies dari Chrome dan update shopee_cookies.json
[2026-05-17T09:28:16.347+0000] {logging_mixin.py:188} INFO - [2026-05-17T09:28:16.344+0000] {dagbag.py:355} ERROR - Failed to import: /opt/airflow/dags/playwright_shopee.py
Traceback (most recent call last):
  File "/home/airflow/.local/lib/python3.8/site-packages/airflow/models/dagbag.py", line 351, in parse
    loader.exec_module(new_module)
  File "<frozen importlib._bootstrap_external>", line 843, in exec_module
  File "<frozen importlib._bootstrap>", line 219, in _call_with_frames_removed
  File "/opt/airflow/dags/playwright_shopee.py", line 218, in <module>
    raise RuntimeError(
RuntimeError: Shopee traffic verify detected. Update shopee_cookies.json dari Cookie-Editor.
[2026-05-17T09:28:16.349+0000] {processor.py:842} WARNING - No viable dags retrieved from /opt/airflow/dags/playwright_shopee.py
[2026-05-17T09:28:16.384+0000] {processor.py:183} INFO - Processing /opt/airflow/dags/playwright_shopee.py took 14.000 seconds
[2026-05-17T09:28:46.676+0000] {processor.py:161} INFO - Started process (PID=6373) to work on /opt/airflow/dags/playwright_shopee.py
[2026-05-17T09:28:46.678+0000] {processor.py:830} INFO - Processing file /opt/airflow/dags/playwright_shopee.py for tasks to queue
[2026-05-17T09:28:46.681+0000] {logging_mixin.py:188} INFO - [2026-05-17T09:28:46.680+0000] {dagbag.py:545} INFO - Filling up the DagBag from /opt/airflow/dags/playwright_shopee.py
[2026-05-17T09:28:47.354+0000] {logging_mixin.py:188} INFO - 🌐 Membuka Chromium...
[2026-05-17T09:28:47.619+0000] {logging_mixin.py:188} INFO - 🍪 Inject cookies Shopee...
[2026-05-17T09:28:47.625+0000] {logging_mixin.py:188} INFO - ✅ 16 cookies berhasil diload dari /opt/airflow/dags/shopee_cookies.json
[2026-05-17T09:28:47.767+0000] {logging_mixin.py:188} INFO - 🌍 Membuka Shopee search...
[2026-05-17T09:28:55.305+0000] {logging_mixin.py:188} INFO - 📄 URL   : https://shopee.co.id/search?keyword=msi%20gaming
[2026-05-17T09:28:56.789+0000] {logging_mixin.py:188} INFO - 📄 TITLE : Jual msi gaming Harga Terbaik & Termurah Mei 2026 | Shopee Indonesia
[2026-05-17T09:28:58.068+0000] {logging_mixin.py:188} INFO - ❌ Kena traffic verify — cookies mungkin expired.
[2026-05-17T09:28:58.068+0000] {logging_mixin.py:188} INFO - ⚠️  Export ulang cookies dari Chrome dan update shopee_cookies.json
[2026-05-17T09:29:00.941+0000] {logging_mixin.py:188} INFO - [2026-05-17T09:29:00.940+0000] {dagbag.py:355} ERROR - Failed to import: /opt/airflow/dags/playwright_shopee.py
Traceback (most recent call last):
  File "/home/airflow/.local/lib/python3.8/site-packages/airflow/models/dagbag.py", line 351, in parse
    loader.exec_module(new_module)
  File "<frozen importlib._bootstrap_external>", line 843, in exec_module
  File "<frozen importlib._bootstrap>", line 219, in _call_with_frames_removed
  File "/opt/airflow/dags/playwright_shopee.py", line 218, in <module>
    raise RuntimeError(
RuntimeError: Shopee traffic verify detected. Update shopee_cookies.json dari Cookie-Editor.
[2026-05-17T09:29:00.943+0000] {processor.py:842} WARNING - No viable dags retrieved from /opt/airflow/dags/playwright_shopee.py
[2026-05-17T09:29:00.988+0000] {processor.py:183} INFO - Processing /opt/airflow/dags/playwright_shopee.py took 14.329 seconds
[2026-05-17T09:29:31.377+0000] {processor.py:161} INFO - Started process (PID=6503) to work on /opt/airflow/dags/playwright_shopee.py
[2026-05-17T09:29:31.380+0000] {processor.py:830} INFO - Processing file /opt/airflow/dags/playwright_shopee.py for tasks to queue
[2026-05-17T09:29:31.387+0000] {logging_mixin.py:188} INFO - [2026-05-17T09:29:31.386+0000] {dagbag.py:545} INFO - Filling up the DagBag from /opt/airflow/dags/playwright_shopee.py
[2026-05-17T09:29:32.765+0000] {logging_mixin.py:188} INFO - 🌐 Membuka Chromium...
[2026-05-17T09:29:33.349+0000] {logging_mixin.py:188} INFO - 🍪 Inject cookies Shopee...
[2026-05-17T09:29:33.388+0000] {logging_mixin.py:188} INFO - ✅ 16 cookies berhasil diload dari /opt/airflow/dags/shopee_cookies.json
[2026-05-17T09:29:33.687+0000] {logging_mixin.py:188} INFO - 🌍 Membuka Shopee search...
[2026-05-17T09:29:41.370+0000] {logging_mixin.py:188} INFO - 📄 URL   : https://shopee.co.id/search?keyword=msi%20gaming
[2026-05-17T09:29:42.075+0000] {logging_mixin.py:188} INFO - 📄 TITLE : Shopee Indonesia | Situs Belanja Online Terlengkap & Terpercaya
[2026-05-17T09:29:45.596+0000] {logging_mixin.py:188} INFO - ❌ Cookies tidak valid atau sudah expired.
[2026-05-17T09:29:45.801+0000] {logging_mixin.py:188} INFO - [2026-05-17T09:29:45.798+0000] {dagbag.py:355} ERROR - Failed to import: /opt/airflow/dags/playwright_shopee.py
Traceback (most recent call last):
  File "/home/airflow/.local/lib/python3.8/site-packages/airflow/models/dagbag.py", line 351, in parse
    loader.exec_module(new_module)
  File "<frozen importlib._bootstrap_external>", line 843, in exec_module
  File "<frozen importlib._bootstrap>", line 219, in _call_with_frames_removed
  File "/opt/airflow/dags/playwright_shopee.py", line 228, in <module>
    raise RuntimeError("Cookies tidak valid. Export ulang dari Chrome.")
RuntimeError: Cookies tidak valid. Export ulang dari Chrome.
[2026-05-17T09:29:45.804+0000] {processor.py:842} WARNING - No viable dags retrieved from /opt/airflow/dags/playwright_shopee.py
[2026-05-17T09:29:45.855+0000] {processor.py:183} INFO - Processing /opt/airflow/dags/playwright_shopee.py took 14.511 seconds
[2026-05-17T09:30:16.162+0000] {processor.py:161} INFO - Started process (PID=6626) to work on /opt/airflow/dags/playwright_shopee.py
[2026-05-17T09:30:16.164+0000] {processor.py:830} INFO - Processing file /opt/airflow/dags/playwright_shopee.py for tasks to queue
[2026-05-17T09:30:16.167+0000] {logging_mixin.py:188} INFO - [2026-05-17T09:30:16.166+0000] {dagbag.py:545} INFO - Filling up the DagBag from /opt/airflow/dags/playwright_shopee.py
[2026-05-17T09:30:16.995+0000] {logging_mixin.py:188} INFO - 🌐 Membuka Chromium...
[2026-05-17T09:30:17.389+0000] {logging_mixin.py:188} INFO - 🍪 Inject cookies Shopee...
[2026-05-17T09:30:17.394+0000] {logging_mixin.py:188} INFO - ✅ 16 cookies berhasil diload dari /opt/airflow/dags/shopee_cookies.json
[2026-05-17T09:30:17.713+0000] {logging_mixin.py:188} INFO - 🌍 Membuka Shopee search...
[2026-05-17T09:30:25.009+0000] {logging_mixin.py:188} INFO - 📄 URL   : https://shopee.co.id/search?keyword=msi%20gaming
[2026-05-17T09:30:26.132+0000] {logging_mixin.py:188} INFO - 📄 TITLE : Jual msi gaming Harga Terbaik & Termurah Mei 2026 | Shopee Indonesia
[2026-05-17T09:30:27.471+0000] {logging_mixin.py:188} INFO - ❌ Kena traffic verify — cookies mungkin expired.
[2026-05-17T09:30:27.472+0000] {logging_mixin.py:188} INFO - ⚠️  Export ulang cookies dari Chrome dan update shopee_cookies.json
[2026-05-17T09:30:31.101+0000] {logging_mixin.py:188} INFO - [2026-05-17T09:30:31.099+0000] {dagbag.py:355} ERROR - Failed to import: /opt/airflow/dags/playwright_shopee.py
Traceback (most recent call last):
  File "/home/airflow/.local/lib/python3.8/site-packages/airflow/models/dagbag.py", line 351, in parse
    loader.exec_module(new_module)
  File "<frozen importlib._bootstrap_external>", line 843, in exec_module
  File "<frozen importlib._bootstrap>", line 219, in _call_with_frames_removed
  File "/opt/airflow/dags/playwright_shopee.py", line 218, in <module>
    raise RuntimeError(
RuntimeError: Shopee traffic verify detected. Update shopee_cookies.json dari Cookie-Editor.
[2026-05-17T09:30:31.104+0000] {processor.py:842} WARNING - No viable dags retrieved from /opt/airflow/dags/playwright_shopee.py
[2026-05-17T09:30:31.145+0000] {processor.py:183} INFO - Processing /opt/airflow/dags/playwright_shopee.py took 14.998 seconds
[2026-05-17T09:31:01.372+0000] {processor.py:161} INFO - Started process (PID=6743) to work on /opt/airflow/dags/playwright_shopee.py
[2026-05-17T09:31:01.374+0000] {processor.py:830} INFO - Processing file /opt/airflow/dags/playwright_shopee.py for tasks to queue
[2026-05-17T09:31:01.376+0000] {logging_mixin.py:188} INFO - [2026-05-17T09:31:01.376+0000] {dagbag.py:545} INFO - Filling up the DagBag from /opt/airflow/dags/playwright_shopee.py
[2026-05-17T09:31:02.169+0000] {logging_mixin.py:188} INFO - 🌐 Membuka Chromium...
[2026-05-17T09:31:02.490+0000] {logging_mixin.py:188} INFO - 🍪 Inject cookies Shopee...
[2026-05-17T09:31:02.495+0000] {logging_mixin.py:188} INFO - ✅ 16 cookies berhasil diload dari /opt/airflow/dags/shopee_cookies.json
[2026-05-17T09:31:02.684+0000] {logging_mixin.py:188} INFO - 🌍 Membuka Shopee search...
[2026-05-17T09:31:10.087+0000] {logging_mixin.py:188} INFO - 📄 URL   : https://shopee.co.id/search?keyword=msi%20gaming
[2026-05-17T09:31:11.130+0000] {logging_mixin.py:188} INFO - 📄 TITLE : Jual msi gaming Harga Terbaik & Termurah Mei 2026 | Shopee Indonesia
[2026-05-17T09:31:12.776+0000] {logging_mixin.py:188} INFO - ❌ Cookies tidak valid atau sudah expired.
[2026-05-17T09:31:12.960+0000] {logging_mixin.py:188} INFO - [2026-05-17T09:31:12.957+0000] {dagbag.py:355} ERROR - Failed to import: /opt/airflow/dags/playwright_shopee.py
Traceback (most recent call last):
  File "/home/airflow/.local/lib/python3.8/site-packages/airflow/models/dagbag.py", line 351, in parse
    loader.exec_module(new_module)
  File "<frozen importlib._bootstrap_external>", line 843, in exec_module
  File "<frozen importlib._bootstrap>", line 219, in _call_with_frames_removed
  File "/opt/airflow/dags/playwright_shopee.py", line 228, in <module>
    raise RuntimeError("Cookies tidak valid. Export ulang dari Chrome.")
RuntimeError: Cookies tidak valid. Export ulang dari Chrome.
[2026-05-17T09:31:12.963+0000] {processor.py:842} WARNING - No viable dags retrieved from /opt/airflow/dags/playwright_shopee.py
[2026-05-17T09:31:13.018+0000] {processor.py:183} INFO - Processing /opt/airflow/dags/playwright_shopee.py took 11.658 seconds
[2026-05-17T09:31:43.470+0000] {processor.py:161} INFO - Started process (PID=6866) to work on /opt/airflow/dags/playwright_shopee.py
[2026-05-17T09:31:43.471+0000] {processor.py:830} INFO - Processing file /opt/airflow/dags/playwright_shopee.py for tasks to queue
[2026-05-17T09:31:43.473+0000] {logging_mixin.py:188} INFO - [2026-05-17T09:31:43.473+0000] {dagbag.py:545} INFO - Filling up the DagBag from /opt/airflow/dags/playwright_shopee.py
[2026-05-17T09:31:44.190+0000] {logging_mixin.py:188} INFO - 🌐 Membuka Chromium...
[2026-05-17T09:31:44.510+0000] {logging_mixin.py:188} INFO - 🍪 Inject cookies Shopee...
[2026-05-17T09:31:44.517+0000] {logging_mixin.py:188} INFO - ✅ 16 cookies berhasil diload dari /opt/airflow/dags/shopee_cookies.json
[2026-05-17T09:31:44.759+0000] {logging_mixin.py:188} INFO - 🌍 Membuka Shopee search...
[2026-05-17T09:31:53.125+0000] {logging_mixin.py:188} INFO - 📄 URL   : https://shopee.co.id/search?keyword=msi%20gaming
[2026-05-17T09:31:54.473+0000] {logging_mixin.py:188} INFO - 📄 TITLE : Jual msi gaming Harga Terbaik & Termurah Mei 2026 | Shopee Indonesia
[2026-05-17T09:31:55.831+0000] {logging_mixin.py:188} INFO - ❌ Kena traffic verify — cookies mungkin expired.
[2026-05-17T09:31:55.832+0000] {logging_mixin.py:188} INFO - ⚠️  Export ulang cookies dari Chrome dan update shopee_cookies.json
[2026-05-17T09:31:58.692+0000] {logging_mixin.py:188} INFO - [2026-05-17T09:31:58.690+0000] {dagbag.py:355} ERROR - Failed to import: /opt/airflow/dags/playwright_shopee.py
Traceback (most recent call last):
  File "/home/airflow/.local/lib/python3.8/site-packages/airflow/models/dagbag.py", line 351, in parse
    loader.exec_module(new_module)
  File "<frozen importlib._bootstrap_external>", line 843, in exec_module
  File "<frozen importlib._bootstrap>", line 219, in _call_with_frames_removed
  File "/opt/airflow/dags/playwright_shopee.py", line 218, in <module>
    raise RuntimeError(
RuntimeError: Shopee traffic verify detected. Update shopee_cookies.json dari Cookie-Editor.
[2026-05-17T09:31:58.695+0000] {processor.py:842} WARNING - No viable dags retrieved from /opt/airflow/dags/playwright_shopee.py
[2026-05-17T09:31:58.736+0000] {processor.py:183} INFO - Processing /opt/airflow/dags/playwright_shopee.py took 15.285 seconds
[2026-05-17T09:32:29.129+0000] {processor.py:161} INFO - Started process (PID=6995) to work on /opt/airflow/dags/playwright_shopee.py
[2026-05-17T09:32:29.131+0000] {processor.py:830} INFO - Processing file /opt/airflow/dags/playwright_shopee.py for tasks to queue
[2026-05-17T09:32:29.134+0000] {logging_mixin.py:188} INFO - [2026-05-17T09:32:29.134+0000] {dagbag.py:545} INFO - Filling up the DagBag from /opt/airflow/dags/playwright_shopee.py
[2026-05-17T09:32:30.080+0000] {logging_mixin.py:188} INFO - 🌐 Membuka Chromium...
[2026-05-17T09:32:30.539+0000] {logging_mixin.py:188} INFO - 🍪 Inject cookies Shopee...
[2026-05-17T09:32:30.544+0000] {logging_mixin.py:188} INFO - ✅ 16 cookies berhasil diload dari /opt/airflow/dags/shopee_cookies.json
[2026-05-17T09:32:30.972+0000] {logging_mixin.py:188} INFO - 🌍 Membuka Shopee search...
[2026-05-17T09:32:39.099+0000] {logging_mixin.py:188} INFO - 📄 URL   : https://shopee.co.id/search?keyword=msi%20gaming
[2026-05-17T09:32:39.792+0000] {logging_mixin.py:188} INFO - 📄 TITLE : Jual msi gaming Harga Terbaik & Termurah Mei 2026 | Shopee Indonesia
[2026-05-17T09:32:41.310+0000] {logging_mixin.py:188} INFO - ❌ Kena traffic verify — cookies mungkin expired.
[2026-05-17T09:32:41.312+0000] {logging_mixin.py:188} INFO - ⚠️  Export ulang cookies dari Chrome dan update shopee_cookies.json
[2026-05-17T09:32:44.749+0000] {logging_mixin.py:188} INFO - [2026-05-17T09:32:44.747+0000] {dagbag.py:355} ERROR - Failed to import: /opt/airflow/dags/playwright_shopee.py
Traceback (most recent call last):
  File "/home/airflow/.local/lib/python3.8/site-packages/airflow/models/dagbag.py", line 351, in parse
    loader.exec_module(new_module)
  File "<frozen importlib._bootstrap_external>", line 843, in exec_module
  File "<frozen importlib._bootstrap>", line 219, in _call_with_frames_removed
  File "/opt/airflow/dags/playwright_shopee.py", line 218, in <module>
    raise RuntimeError(
RuntimeError: Shopee traffic verify detected. Update shopee_cookies.json dari Cookie-Editor.
[2026-05-17T09:32:44.754+0000] {processor.py:842} WARNING - No viable dags retrieved from /opt/airflow/dags/playwright_shopee.py
[2026-05-17T09:32:44.788+0000] {processor.py:183} INFO - Processing /opt/airflow/dags/playwright_shopee.py took 15.669 seconds
[2026-05-17T09:33:15.104+0000] {processor.py:161} INFO - Started process (PID=7116) to work on /opt/airflow/dags/playwright_shopee.py
[2026-05-17T09:33:15.107+0000] {processor.py:830} INFO - Processing file /opt/airflow/dags/playwright_shopee.py for tasks to queue
[2026-05-17T09:33:15.111+0000] {logging_mixin.py:188} INFO - [2026-05-17T09:33:15.110+0000] {dagbag.py:545} INFO - Filling up the DagBag from /opt/airflow/dags/playwright_shopee.py
[2026-05-17T09:33:16.094+0000] {logging_mixin.py:188} INFO - 🌐 Membuka Chromium...
[2026-05-17T09:33:16.502+0000] {logging_mixin.py:188} INFO - 🍪 Inject cookies Shopee...
[2026-05-17T09:33:16.508+0000] {logging_mixin.py:188} INFO - ✅ 16 cookies berhasil diload dari /opt/airflow/dags/shopee_cookies.json
[2026-05-17T09:33:16.699+0000] {logging_mixin.py:188} INFO - 🌍 Membuka Shopee search...
[2026-05-17T09:33:28.185+0000] {logging_mixin.py:188} INFO - 📄 URL   : https://shopee.co.id/search?keyword=msi%20gaming
[2026-05-17T09:33:29.086+0000] {logging_mixin.py:188} INFO - 📄 TITLE : Jual msi gaming Harga Terbaik & Termurah Mei 2026 | Shopee Indonesia
[2026-05-17T09:33:30.177+0000] {logging_mixin.py:188} INFO - ❌ Kena traffic verify — cookies mungkin expired.
[2026-05-17T09:33:30.178+0000] {logging_mixin.py:188} INFO - ⚠️  Export ulang cookies dari Chrome dan update shopee_cookies.json
[2026-05-17T09:33:31.002+0000] {logging_mixin.py:188} INFO - [2026-05-17T09:33:31.000+0000] {dagbag.py:355} ERROR - Failed to import: /opt/airflow/dags/playwright_shopee.py
Traceback (most recent call last):
  File "/home/airflow/.local/lib/python3.8/site-packages/airflow/models/dagbag.py", line 351, in parse
    loader.exec_module(new_module)
  File "<frozen importlib._bootstrap_external>", line 843, in exec_module
  File "<frozen importlib._bootstrap>", line 219, in _call_with_frames_removed
  File "/opt/airflow/dags/playwright_shopee.py", line 218, in <module>
    raise RuntimeError(
RuntimeError: Shopee traffic verify detected. Update shopee_cookies.json dari Cookie-Editor.
[2026-05-17T09:33:31.004+0000] {processor.py:842} WARNING - No viable dags retrieved from /opt/airflow/dags/playwright_shopee.py
[2026-05-17T09:33:31.054+0000] {processor.py:183} INFO - Processing /opt/airflow/dags/playwright_shopee.py took 15.969 seconds
[2026-05-17T09:34:01.358+0000] {processor.py:161} INFO - Started process (PID=7233) to work on /opt/airflow/dags/playwright_shopee.py
[2026-05-17T09:34:01.359+0000] {processor.py:830} INFO - Processing file /opt/airflow/dags/playwright_shopee.py for tasks to queue
[2026-05-17T09:34:01.361+0000] {logging_mixin.py:188} INFO - [2026-05-17T09:34:01.361+0000] {dagbag.py:545} INFO - Filling up the DagBag from /opt/airflow/dags/playwright_shopee.py
[2026-05-17T09:34:02.066+0000] {logging_mixin.py:188} INFO - 🌐 Membuka Chromium...
[2026-05-17T09:34:02.422+0000] {logging_mixin.py:188} INFO - 🍪 Inject cookies Shopee...
[2026-05-17T09:34:02.428+0000] {logging_mixin.py:188} INFO - ✅ 16 cookies berhasil diload dari /opt/airflow/dags/shopee_cookies.json
[2026-05-17T09:34:02.630+0000] {logging_mixin.py:188} INFO - 🌍 Membuka Shopee search...
[2026-05-17T09:34:13.972+0000] {logging_mixin.py:188} INFO - 📄 URL   : https://shopee.co.id/search?keyword=msi%20gaming
[2026-05-17T09:34:14.889+0000] {logging_mixin.py:188} INFO - 📄 TITLE : Shopee Indonesia | Situs Belanja Online Terlengkap & Terpercaya
[2026-05-17T09:34:17.758+0000] {logging_mixin.py:188} INFO - ❌ Kena traffic verify — cookies mungkin expired.
[2026-05-17T09:34:17.760+0000] {logging_mixin.py:188} INFO - ⚠️  Export ulang cookies dari Chrome dan update shopee_cookies.json
[2026-05-17T09:34:19.728+0000] {logging_mixin.py:188} INFO - [2026-05-17T09:34:19.726+0000] {dagbag.py:355} ERROR - Failed to import: /opt/airflow/dags/playwright_shopee.py
Traceback (most recent call last):
  File "/home/airflow/.local/lib/python3.8/site-packages/airflow/models/dagbag.py", line 351, in parse
    loader.exec_module(new_module)
  File "<frozen importlib._bootstrap_external>", line 843, in exec_module
  File "<frozen importlib._bootstrap>", line 219, in _call_with_frames_removed
  File "/opt/airflow/dags/playwright_shopee.py", line 218, in <module>
    raise RuntimeError(
RuntimeError: Shopee traffic verify detected. Update shopee_cookies.json dari Cookie-Editor.
[2026-05-17T09:34:19.732+0000] {processor.py:842} WARNING - No viable dags retrieved from /opt/airflow/dags/playwright_shopee.py
[2026-05-17T09:34:19.862+0000] {processor.py:183} INFO - Processing /opt/airflow/dags/playwright_shopee.py took 18.496 seconds
[2026-05-17T09:34:50.621+0000] {processor.py:161} INFO - Started process (PID=7353) to work on /opt/airflow/dags/playwright_shopee.py
[2026-05-17T09:34:50.622+0000] {processor.py:830} INFO - Processing file /opt/airflow/dags/playwright_shopee.py for tasks to queue
[2026-05-17T09:34:50.625+0000] {logging_mixin.py:188} INFO - [2026-05-17T09:34:50.624+0000] {dagbag.py:545} INFO - Filling up the DagBag from /opt/airflow/dags/playwright_shopee.py
[2026-05-17T09:34:51.308+0000] {logging_mixin.py:188} INFO - 🌐 Membuka Chromium...
[2026-05-17T09:34:51.623+0000] {logging_mixin.py:188} INFO - 🍪 Inject cookies Shopee...
[2026-05-17T09:34:51.709+0000] {logging_mixin.py:188} INFO - ✅ 16 cookies berhasil diload dari /opt/airflow/dags/shopee_cookies.json
[2026-05-17T09:34:51.899+0000] {logging_mixin.py:188} INFO - 🌍 Membuka Shopee search...
[2026-05-17T09:35:00.171+0000] {logging_mixin.py:188} INFO - 📄 URL   : https://shopee.co.id/search?keyword=msi%20gaming
[2026-05-17T09:35:00.534+0000] {logging_mixin.py:188} INFO - 📄 TITLE : 
[2026-05-17T09:35:03.682+0000] {logging_mixin.py:188} INFO - ❌ Kena traffic verify — cookies mungkin expired.
[2026-05-17T09:35:03.683+0000] {logging_mixin.py:188} INFO - ⚠️  Export ulang cookies dari Chrome dan update shopee_cookies.json
[2026-05-17T09:35:04.604+0000] {logging_mixin.py:188} INFO - [2026-05-17T09:35:04.602+0000] {dagbag.py:355} ERROR - Failed to import: /opt/airflow/dags/playwright_shopee.py
Traceback (most recent call last):
  File "/home/airflow/.local/lib/python3.8/site-packages/airflow/models/dagbag.py", line 351, in parse
    loader.exec_module(new_module)
  File "<frozen importlib._bootstrap_external>", line 843, in exec_module
  File "<frozen importlib._bootstrap>", line 219, in _call_with_frames_removed
  File "/opt/airflow/dags/playwright_shopee.py", line 218, in <module>
    raise RuntimeError(
RuntimeError: Shopee traffic verify detected. Update shopee_cookies.json dari Cookie-Editor.
[2026-05-17T09:35:04.606+0000] {processor.py:842} WARNING - No viable dags retrieved from /opt/airflow/dags/playwright_shopee.py
[2026-05-17T09:35:04.676+0000] {processor.py:183} INFO - Processing /opt/airflow/dags/playwright_shopee.py took 14.064 seconds
[2026-05-17T09:35:35.263+0000] {processor.py:161} INFO - Started process (PID=7478) to work on /opt/airflow/dags/playwright_shopee.py
[2026-05-17T09:35:35.265+0000] {processor.py:830} INFO - Processing file /opt/airflow/dags/playwright_shopee.py for tasks to queue
[2026-05-17T09:35:35.267+0000] {logging_mixin.py:188} INFO - [2026-05-17T09:35:35.267+0000] {dagbag.py:545} INFO - Filling up the DagBag from /opt/airflow/dags/playwright_shopee.py
[2026-05-17T09:35:35.883+0000] {logging_mixin.py:188} INFO - 🌐 Membuka Chromium...
[2026-05-17T09:35:36.161+0000] {logging_mixin.py:188} INFO - 🍪 Inject cookies Shopee...
[2026-05-17T09:35:36.165+0000] {logging_mixin.py:188} INFO - ✅ 16 cookies berhasil diload dari /opt/airflow/dags/shopee_cookies.json
[2026-05-17T09:35:36.356+0000] {logging_mixin.py:188} INFO - 🌍 Membuka Shopee search...
[2026-05-17T09:35:43.126+0000] {logging_mixin.py:188} INFO - 📄 URL   : https://shopee.co.id/search?keyword=msi%20gaming
[2026-05-17T09:35:43.603+0000] {logging_mixin.py:188} INFO - 📄 TITLE : Jual msi gaming Harga Terbaik & Termurah Mei 2026 | Shopee Indonesia
[2026-05-17T09:35:45.618+0000] {logging_mixin.py:188} INFO - ❌ Kena traffic verify — cookies mungkin expired.
[2026-05-17T09:35:45.619+0000] {logging_mixin.py:188} INFO - ⚠️  Export ulang cookies dari Chrome dan update shopee_cookies.json
[2026-05-17T09:35:46.460+0000] {logging_mixin.py:188} INFO - [2026-05-17T09:35:46.458+0000] {dagbag.py:355} ERROR - Failed to import: /opt/airflow/dags/playwright_shopee.py
Traceback (most recent call last):
  File "/home/airflow/.local/lib/python3.8/site-packages/airflow/models/dagbag.py", line 351, in parse
    loader.exec_module(new_module)
  File "<frozen importlib._bootstrap_external>", line 843, in exec_module
  File "<frozen importlib._bootstrap>", line 219, in _call_with_frames_removed
  File "/opt/airflow/dags/playwright_shopee.py", line 218, in <module>
    raise RuntimeError(
RuntimeError: Shopee traffic verify detected. Update shopee_cookies.json dari Cookie-Editor.
[2026-05-17T09:35:46.461+0000] {processor.py:842} WARNING - No viable dags retrieved from /opt/airflow/dags/playwright_shopee.py
[2026-05-17T09:35:46.506+0000] {processor.py:183} INFO - Processing /opt/airflow/dags/playwright_shopee.py took 11.252 seconds
[2026-05-17T09:36:16.804+0000] {processor.py:161} INFO - Started process (PID=7592) to work on /opt/airflow/dags/playwright_shopee.py
[2026-05-17T09:36:16.811+0000] {processor.py:830} INFO - Processing file /opt/airflow/dags/playwright_shopee.py for tasks to queue
[2026-05-17T09:36:16.816+0000] {logging_mixin.py:188} INFO - [2026-05-17T09:36:16.815+0000] {dagbag.py:545} INFO - Filling up the DagBag from /opt/airflow/dags/playwright_shopee.py
[2026-05-17T09:36:17.521+0000] {logging_mixin.py:188} INFO - 🌐 Membuka Chromium...
[2026-05-17T09:36:17.826+0000] {logging_mixin.py:188} INFO - 🍪 Inject cookies Shopee...
[2026-05-17T09:36:17.851+0000] {logging_mixin.py:188} INFO - ✅ 16 cookies berhasil diload dari /opt/airflow/dags/shopee_cookies.json
[2026-05-17T09:36:18.064+0000] {logging_mixin.py:188} INFO - 🌍 Membuka Shopee search...
[2026-05-17T09:36:24.937+0000] {logging_mixin.py:188} INFO - 📄 URL   : https://shopee.co.id/search?keyword=msi%20gaming
[2026-05-17T09:36:25.283+0000] {logging_mixin.py:188} INFO - 📄 TITLE : Jual msi gaming Harga Terbaik & Termurah Mei 2026 | Shopee Indonesia
[2026-05-17T09:36:26.411+0000] {logging_mixin.py:188} INFO - ❌ Kena traffic verify — cookies mungkin expired.
[2026-05-17T09:36:26.412+0000] {logging_mixin.py:188} INFO - ⚠️  Export ulang cookies dari Chrome dan update shopee_cookies.json
[2026-05-17T09:36:29.403+0000] {logging_mixin.py:188} INFO - [2026-05-17T09:36:29.400+0000] {dagbag.py:355} ERROR - Failed to import: /opt/airflow/dags/playwright_shopee.py
Traceback (most recent call last):
  File "/home/airflow/.local/lib/python3.8/site-packages/airflow/models/dagbag.py", line 351, in parse
    loader.exec_module(new_module)
  File "<frozen importlib._bootstrap_external>", line 843, in exec_module
  File "<frozen importlib._bootstrap>", line 219, in _call_with_frames_removed
  File "/opt/airflow/dags/playwright_shopee.py", line 218, in <module>
    raise RuntimeError(
RuntimeError: Shopee traffic verify detected. Update shopee_cookies.json dari Cookie-Editor.
[2026-05-17T09:36:29.406+0000] {processor.py:842} WARNING - No viable dags retrieved from /opt/airflow/dags/playwright_shopee.py
[2026-05-17T09:36:29.444+0000] {processor.py:183} INFO - Processing /opt/airflow/dags/playwright_shopee.py took 12.659 seconds
[2026-05-17T09:36:59.785+0000] {processor.py:161} INFO - Started process (PID=7714) to work on /opt/airflow/dags/playwright_shopee.py
[2026-05-17T09:36:59.786+0000] {processor.py:830} INFO - Processing file /opt/airflow/dags/playwright_shopee.py for tasks to queue
[2026-05-17T09:36:59.789+0000] {logging_mixin.py:188} INFO - [2026-05-17T09:36:59.788+0000] {dagbag.py:545} INFO - Filling up the DagBag from /opt/airflow/dags/playwright_shopee.py
[2026-05-17T09:37:00.459+0000] {logging_mixin.py:188} INFO - 🌐 Membuka Chromium...
[2026-05-17T09:37:00.717+0000] {logging_mixin.py:188} INFO - 🍪 Inject cookies Shopee...
[2026-05-17T09:37:00.722+0000] {logging_mixin.py:188} INFO - ✅ 16 cookies berhasil diload dari /opt/airflow/dags/shopee_cookies.json
[2026-05-17T09:37:00.871+0000] {logging_mixin.py:188} INFO - 🌍 Membuka Shopee search...
[2026-05-17T09:37:07.978+0000] {logging_mixin.py:188} INFO - 📄 URL   : https://shopee.co.id/search?keyword=msi%20gaming
[2026-05-17T09:37:08.066+0000] {logging_mixin.py:188} INFO - 📄 TITLE : 
[2026-05-17T09:37:11.083+0000] {logging_mixin.py:188} INFO - ❌ Kena traffic verify — cookies mungkin expired.
[2026-05-17T09:37:11.084+0000] {logging_mixin.py:188} INFO - ⚠️  Export ulang cookies dari Chrome dan update shopee_cookies.json
[2026-05-17T09:37:11.785+0000] {logging_mixin.py:188} INFO - [2026-05-17T09:37:11.783+0000] {dagbag.py:355} ERROR - Failed to import: /opt/airflow/dags/playwright_shopee.py
Traceback (most recent call last):
  File "/home/airflow/.local/lib/python3.8/site-packages/airflow/models/dagbag.py", line 351, in parse
    loader.exec_module(new_module)
  File "<frozen importlib._bootstrap_external>", line 843, in exec_module
  File "<frozen importlib._bootstrap>", line 219, in _call_with_frames_removed
  File "/opt/airflow/dags/playwright_shopee.py", line 218, in <module>
    raise RuntimeError(
RuntimeError: Shopee traffic verify detected. Update shopee_cookies.json dari Cookie-Editor.
[2026-05-17T09:37:11.787+0000] {processor.py:842} WARNING - No viable dags retrieved from /opt/airflow/dags/playwright_shopee.py
[2026-05-17T09:37:11.821+0000] {processor.py:183} INFO - Processing /opt/airflow/dags/playwright_shopee.py took 12.046 seconds
[2026-05-17T09:37:42.460+0000] {processor.py:161} INFO - Started process (PID=7839) to work on /opt/airflow/dags/playwright_shopee.py
[2026-05-17T09:37:42.462+0000] {processor.py:830} INFO - Processing file /opt/airflow/dags/playwright_shopee.py for tasks to queue
[2026-05-17T09:37:42.466+0000] {logging_mixin.py:188} INFO - [2026-05-17T09:37:42.465+0000] {dagbag.py:545} INFO - Filling up the DagBag from /opt/airflow/dags/playwright_shopee.py
[2026-05-17T09:37:43.204+0000] {logging_mixin.py:188} INFO - 🌐 Membuka Chromium...
[2026-05-17T09:37:43.781+0000] {logging_mixin.py:188} INFO - 🍪 Inject cookies Shopee...
[2026-05-17T09:37:43.788+0000] {logging_mixin.py:188} INFO - ✅ 16 cookies berhasil diload dari /opt/airflow/dags/shopee_cookies.json
[2026-05-17T09:37:44.093+0000] {logging_mixin.py:188} INFO - 🌍 Membuka Shopee search...
[2026-05-17T09:37:50.716+0000] {logging_mixin.py:188} INFO - 📄 URL   : https://shopee.co.id/search?keyword=msi%20gaming
[2026-05-17T09:37:50.983+0000] {logging_mixin.py:188} INFO - 📄 TITLE : Shopee Indonesia | Situs Belanja Online Terlengkap & Terpercaya
[2026-05-17T09:37:52.404+0000] {logging_mixin.py:188} INFO - ❌ Kena traffic verify — cookies mungkin expired.
[2026-05-17T09:37:52.405+0000] {logging_mixin.py:188} INFO - ⚠️  Export ulang cookies dari Chrome dan update shopee_cookies.json
[2026-05-17T09:37:56.036+0000] {logging_mixin.py:188} INFO - [2026-05-17T09:37:56.034+0000] {dagbag.py:355} ERROR - Failed to import: /opt/airflow/dags/playwright_shopee.py
Traceback (most recent call last):
  File "/home/airflow/.local/lib/python3.8/site-packages/airflow/models/dagbag.py", line 351, in parse
    loader.exec_module(new_module)
  File "<frozen importlib._bootstrap_external>", line 843, in exec_module
  File "<frozen importlib._bootstrap>", line 219, in _call_with_frames_removed
  File "/opt/airflow/dags/playwright_shopee.py", line 218, in <module>
    raise RuntimeError(
RuntimeError: Shopee traffic verify detected. Update shopee_cookies.json dari Cookie-Editor.
[2026-05-17T09:37:56.038+0000] {processor.py:842} WARNING - No viable dags retrieved from /opt/airflow/dags/playwright_shopee.py
[2026-05-17T09:37:56.071+0000] {processor.py:183} INFO - Processing /opt/airflow/dags/playwright_shopee.py took 13.622 seconds
[2026-05-17T09:38:26.488+0000] {processor.py:161} INFO - Started process (PID=7958) to work on /opt/airflow/dags/playwright_shopee.py
[2026-05-17T09:38:26.491+0000] {processor.py:830} INFO - Processing file /opt/airflow/dags/playwright_shopee.py for tasks to queue
[2026-05-17T09:38:26.497+0000] {logging_mixin.py:188} INFO - [2026-05-17T09:38:26.495+0000] {dagbag.py:545} INFO - Filling up the DagBag from /opt/airflow/dags/playwright_shopee.py
[2026-05-17T09:38:27.341+0000] {logging_mixin.py:188} INFO - 🌐 Membuka Chromium...
[2026-05-17T09:38:27.760+0000] {logging_mixin.py:188} INFO - 🍪 Inject cookies Shopee...
[2026-05-17T09:38:27.765+0000] {logging_mixin.py:188} INFO - ✅ 16 cookies berhasil diload dari /opt/airflow/dags/shopee_cookies.json
[2026-05-17T09:38:27.923+0000] {logging_mixin.py:188} INFO - 🌍 Membuka Shopee search...
[2026-05-17T09:38:35.131+0000] {logging_mixin.py:188} INFO - 📄 URL   : https://shopee.co.id/search?keyword=msi%20gaming
[2026-05-17T09:38:36.571+0000] {logging_mixin.py:188} INFO - 📄 TITLE : Jual msi gaming Harga Terbaik & Termurah Mei 2026 | Shopee Indonesia
[2026-05-17T09:38:37.815+0000] {logging_mixin.py:188} INFO - ❌ Kena traffic verify — cookies mungkin expired.
[2026-05-17T09:38:37.817+0000] {logging_mixin.py:188} INFO - ⚠️  Export ulang cookies dari Chrome dan update shopee_cookies.json
[2026-05-17T09:38:40.869+0000] {logging_mixin.py:188} INFO - [2026-05-17T09:38:40.867+0000] {dagbag.py:355} ERROR - Failed to import: /opt/airflow/dags/playwright_shopee.py
Traceback (most recent call last):
  File "/home/airflow/.local/lib/python3.8/site-packages/airflow/models/dagbag.py", line 351, in parse
    loader.exec_module(new_module)
  File "<frozen importlib._bootstrap_external>", line 843, in exec_module
  File "<frozen importlib._bootstrap>", line 219, in _call_with_frames_removed
  File "/opt/airflow/dags/playwright_shopee.py", line 218, in <module>
    raise RuntimeError(
RuntimeError: Shopee traffic verify detected. Update shopee_cookies.json dari Cookie-Editor.
[2026-05-17T09:38:40.871+0000] {processor.py:842} WARNING - No viable dags retrieved from /opt/airflow/dags/playwright_shopee.py
[2026-05-17T09:38:40.904+0000] {processor.py:183} INFO - Processing /opt/airflow/dags/playwright_shopee.py took 14.440 seconds
[2026-05-17T09:39:11.224+0000] {processor.py:161} INFO - Started process (PID=8076) to work on /opt/airflow/dags/playwright_shopee.py
[2026-05-17T09:39:11.226+0000] {processor.py:830} INFO - Processing file /opt/airflow/dags/playwright_shopee.py for tasks to queue
[2026-05-17T09:39:11.230+0000] {logging_mixin.py:188} INFO - [2026-05-17T09:39:11.229+0000] {dagbag.py:545} INFO - Filling up the DagBag from /opt/airflow/dags/playwright_shopee.py
[2026-05-17T09:39:12.127+0000] {logging_mixin.py:188} INFO - 🌐 Membuka Chromium...
[2026-05-17T09:39:12.573+0000] {logging_mixin.py:188} INFO - 🍪 Inject cookies Shopee...
[2026-05-17T09:39:12.578+0000] {logging_mixin.py:188} INFO - ✅ 16 cookies berhasil diload dari /opt/airflow/dags/shopee_cookies.json
[2026-05-17T09:39:12.775+0000] {logging_mixin.py:188} INFO - 🌍 Membuka Shopee search...
[2026-05-17T09:39:20.992+0000] {logging_mixin.py:188} INFO - 📄 URL   : https://shopee.co.id/search?keyword=msi%20gaming
[2026-05-17T09:39:22.149+0000] {logging_mixin.py:188} INFO - [2026-05-17T09:39:22.146+0000] {dagbag.py:355} ERROR - Failed to import: /opt/airflow/dags/playwright_shopee.py
Traceback (most recent call last):
  File "/home/airflow/.local/lib/python3.8/site-packages/airflow/models/dagbag.py", line 351, in parse
    loader.exec_module(new_module)
  File "<frozen importlib._bootstrap_external>", line 843, in exec_module
  File "<frozen importlib._bootstrap>", line 219, in _call_with_frames_removed
  File "/opt/airflow/dags/playwright_shopee.py", line 208, in <module>
    print("📄 TITLE :", page.title())
  File "/home/airflow/.local/lib/python3.8/site-packages/playwright/sync_api/_generated.py", line 9407, in title
    return mapping.from_maybe_impl(self._sync(self._impl_obj.title()))
  File "/home/airflow/.local/lib/python3.8/site-packages/playwright/_impl/_sync_base.py", line 115, in _sync
    return task.result()
  File "/home/airflow/.local/lib/python3.8/site-packages/playwright/_impl/_page.py", line 742, in title
    return await self._main_frame.title()
  File "/home/airflow/.local/lib/python3.8/site-packages/playwright/_impl/_frame.py", line 776, in title
    return await self._channel.send("title")
  File "/home/airflow/.local/lib/python3.8/site-packages/playwright/_impl/_connection.py", line 59, in send
    return await self._connection.wrap_api_call(
  File "/home/airflow/.local/lib/python3.8/site-packages/playwright/_impl/_connection.py", line 514, in wrap_api_call
    raise rewrite_error(error, f"{parsed_st['apiName']}: {error}") from None
playwright._impl._errors.Error: Page.title: Execution context was destroyed, most likely because of a navigation
[2026-05-17T09:39:22.151+0000] {processor.py:842} WARNING - No viable dags retrieved from /opt/airflow/dags/playwright_shopee.py
[2026-05-17T09:39:22.196+0000] {processor.py:183} INFO - Processing /opt/airflow/dags/playwright_shopee.py took 10.982 seconds
[2026-05-17T09:39:52.340+0000] {processor.py:161} INFO - Started process (PID=8193) to work on /opt/airflow/dags/playwright_shopee.py
[2026-05-17T09:39:52.347+0000] {processor.py:830} INFO - Processing file /opt/airflow/dags/playwright_shopee.py for tasks to queue
[2026-05-17T09:39:52.359+0000] {logging_mixin.py:188} INFO - [2026-05-17T09:39:52.357+0000] {dagbag.py:545} INFO - Filling up the DagBag from /opt/airflow/dags/playwright_shopee.py
[2026-05-17T09:39:53.730+0000] {logging_mixin.py:188} INFO - 🌐 Membuka Chromium...
[2026-05-17T09:39:54.370+0000] {logging_mixin.py:188} INFO - 🍪 Inject cookies Shopee...
[2026-05-17T09:39:54.376+0000] {logging_mixin.py:188} INFO - ✅ 16 cookies berhasil diload dari /opt/airflow/dags/shopee_cookies.json
[2026-05-17T09:39:54.626+0000] {logging_mixin.py:188} INFO - 🌍 Membuka Shopee search...
[2026-05-17T09:40:02.032+0000] {logging_mixin.py:188} INFO - 📄 URL   : https://shopee.co.id/search?keyword=msi%20gaming
[2026-05-17T09:40:02.992+0000] {logging_mixin.py:188} INFO - 📄 TITLE : Shopee Indonesia | Situs Belanja Online Terlengkap & Terpercaya
[2026-05-17T09:40:10.701+0000] {logging_mixin.py:188} INFO - ❌ Cookies tidak valid atau sudah expired.
[2026-05-17T09:40:11.544+0000] {logging_mixin.py:188} INFO - [2026-05-17T09:40:11.538+0000] {dagbag.py:355} ERROR - Failed to import: /opt/airflow/dags/playwright_shopee.py
Traceback (most recent call last):
  File "/home/airflow/.local/lib/python3.8/site-packages/airflow/models/dagbag.py", line 351, in parse
    loader.exec_module(new_module)
  File "<frozen importlib._bootstrap_external>", line 843, in exec_module
  File "<frozen importlib._bootstrap>", line 219, in _call_with_frames_removed
  File "/opt/airflow/dags/playwright_shopee.py", line 228, in <module>
    raise RuntimeError("Cookies tidak valid. Export ulang dari Chrome.")
RuntimeError: Cookies tidak valid. Export ulang dari Chrome.
[2026-05-17T09:40:11.550+0000] {processor.py:842} WARNING - No viable dags retrieved from /opt/airflow/dags/playwright_shopee.py
[2026-05-17T09:40:11.707+0000] {processor.py:183} INFO - Processing /opt/airflow/dags/playwright_shopee.py took 19.397 seconds
[2026-05-17T09:40:41.982+0000] {processor.py:161} INFO - Started process (PID=8316) to work on /opt/airflow/dags/playwright_shopee.py
[2026-05-17T09:40:41.987+0000] {processor.py:830} INFO - Processing file /opt/airflow/dags/playwright_shopee.py for tasks to queue
[2026-05-17T09:40:41.990+0000] {logging_mixin.py:188} INFO - [2026-05-17T09:40:41.990+0000] {dagbag.py:545} INFO - Filling up the DagBag from /opt/airflow/dags/playwright_shopee.py
[2026-05-17T09:40:43.618+0000] {logging_mixin.py:188} INFO - 🌐 Membuka Chromium...
[2026-05-17T09:40:44.259+0000] {logging_mixin.py:188} INFO - 🍪 Inject cookies Shopee...
[2026-05-17T09:40:44.264+0000] {logging_mixin.py:188} INFO - ✅ 16 cookies berhasil diload dari /opt/airflow/dags/shopee_cookies.json
[2026-05-17T09:40:44.602+0000] {logging_mixin.py:188} INFO - 🌍 Membuka Shopee search...
[2026-05-17T09:40:50.708+0000] {logging_mixin.py:188} INFO - 📄 URL   : https://shopee.co.id/search?keyword=msi%20gaming
[2026-05-17T09:40:51.187+0000] {logging_mixin.py:188} INFO - 📄 TITLE : Shopee Indonesia | Situs Belanja Online Terlengkap & Terpercaya
[2026-05-17T09:40:54.986+0000] {logging_mixin.py:188} INFO - ❌ Kena traffic verify — cookies mungkin expired.
[2026-05-17T09:40:54.987+0000] {logging_mixin.py:188} INFO - ⚠️  Export ulang cookies dari Chrome dan update shopee_cookies.json
[2026-05-17T09:40:59.174+0000] {logging_mixin.py:188} INFO - [2026-05-17T09:40:59.172+0000] {dagbag.py:355} ERROR - Failed to import: /opt/airflow/dags/playwright_shopee.py
Traceback (most recent call last):
  File "/home/airflow/.local/lib/python3.8/site-packages/airflow/models/dagbag.py", line 351, in parse
    loader.exec_module(new_module)
  File "<frozen importlib._bootstrap_external>", line 843, in exec_module
  File "<frozen importlib._bootstrap>", line 219, in _call_with_frames_removed
  File "/opt/airflow/dags/playwright_shopee.py", line 218, in <module>
    raise RuntimeError(
RuntimeError: Shopee traffic verify detected. Update shopee_cookies.json dari Cookie-Editor.
[2026-05-17T09:40:59.177+0000] {processor.py:842} WARNING - No viable dags retrieved from /opt/airflow/dags/playwright_shopee.py
[2026-05-17T09:40:59.232+0000] {processor.py:183} INFO - Processing /opt/airflow/dags/playwright_shopee.py took 17.267 seconds
[2026-05-17T09:41:29.559+0000] {processor.py:161} INFO - Started process (PID=8434) to work on /opt/airflow/dags/playwright_shopee.py
[2026-05-17T09:41:29.562+0000] {processor.py:830} INFO - Processing file /opt/airflow/dags/playwright_shopee.py for tasks to queue
[2026-05-17T09:41:29.566+0000] {logging_mixin.py:188} INFO - [2026-05-17T09:41:29.566+0000] {dagbag.py:545} INFO - Filling up the DagBag from /opt/airflow/dags/playwright_shopee.py
[2026-05-17T09:41:30.298+0000] {logging_mixin.py:188} INFO - 🌐 Membuka Chromium...
[2026-05-17T09:41:30.666+0000] {logging_mixin.py:188} INFO - 🍪 Inject cookies Shopee...
[2026-05-17T09:41:30.672+0000] {logging_mixin.py:188} INFO - ✅ 16 cookies berhasil diload dari /opt/airflow/dags/shopee_cookies.json
[2026-05-17T09:41:30.827+0000] {logging_mixin.py:188} INFO - 🌍 Membuka Shopee search...
[2026-05-17T09:41:38.973+0000] {logging_mixin.py:188} INFO - 📄 URL   : https://shopee.co.id/search?keyword=msi%20gaming
[2026-05-17T09:41:40.171+0000] {logging_mixin.py:188} INFO - 📄 TITLE : Jual msi gaming Harga Terbaik & Termurah Mei 2026 | Shopee Indonesia
[2026-05-17T09:41:42.960+0000] {logging_mixin.py:188} INFO - ❌ Kena traffic verify — cookies mungkin expired.
[2026-05-17T09:41:42.962+0000] {logging_mixin.py:188} INFO - ⚠️  Export ulang cookies dari Chrome dan update shopee_cookies.json
[2026-05-17T09:41:46.275+0000] {logging_mixin.py:188} INFO - [2026-05-17T09:41:46.273+0000] {dagbag.py:355} ERROR - Failed to import: /opt/airflow/dags/playwright_shopee.py
Traceback (most recent call last):
  File "/home/airflow/.local/lib/python3.8/site-packages/airflow/models/dagbag.py", line 351, in parse
    loader.exec_module(new_module)
  File "<frozen importlib._bootstrap_external>", line 843, in exec_module
  File "<frozen importlib._bootstrap>", line 219, in _call_with_frames_removed
  File "/opt/airflow/dags/playwright_shopee.py", line 218, in <module>
    raise RuntimeError(
RuntimeError: Shopee traffic verify detected. Update shopee_cookies.json dari Cookie-Editor.
[2026-05-17T09:41:46.277+0000] {processor.py:842} WARNING - No viable dags retrieved from /opt/airflow/dags/playwright_shopee.py
[2026-05-17T09:41:46.316+0000] {processor.py:183} INFO - Processing /opt/airflow/dags/playwright_shopee.py took 16.766 seconds
[2026-05-17T09:42:16.721+0000] {processor.py:161} INFO - Started process (PID=8570) to work on /opt/airflow/dags/playwright_shopee.py
[2026-05-17T09:42:16.723+0000] {processor.py:830} INFO - Processing file /opt/airflow/dags/playwright_shopee.py for tasks to queue
[2026-05-17T09:42:16.726+0000] {logging_mixin.py:188} INFO - [2026-05-17T09:42:16.725+0000] {dagbag.py:545} INFO - Filling up the DagBag from /opt/airflow/dags/playwright_shopee.py
[2026-05-17T09:42:17.556+0000] {logging_mixin.py:188} INFO - 🌐 Membuka Chromium...
[2026-05-17T09:42:17.976+0000] {logging_mixin.py:188} INFO - 🍪 Inject cookies Shopee...
[2026-05-17T09:42:17.983+0000] {logging_mixin.py:188} INFO - ✅ 16 cookies berhasil diload dari /opt/airflow/dags/shopee_cookies.json
[2026-05-17T09:42:18.167+0000] {logging_mixin.py:188} INFO - 🌍 Membuka Shopee search...
[2026-05-17T09:42:25.155+0000] {logging_mixin.py:188} INFO - 📄 URL   : https://shopee.co.id/search?keyword=msi%20gaming
[2026-05-17T09:42:25.551+0000] {logging_mixin.py:188} INFO - 📄 TITLE : Shopee Indonesia | Situs Belanja Online Terlengkap & Terpercaya
[2026-05-17T09:42:28.591+0000] {logging_mixin.py:188} INFO - ❌ Cookies tidak valid atau sudah expired.
[2026-05-17T09:42:28.814+0000] {logging_mixin.py:188} INFO - [2026-05-17T09:42:28.812+0000] {dagbag.py:355} ERROR - Failed to import: /opt/airflow/dags/playwright_shopee.py
Traceback (most recent call last):
  File "/home/airflow/.local/lib/python3.8/site-packages/airflow/models/dagbag.py", line 351, in parse
    loader.exec_module(new_module)
  File "<frozen importlib._bootstrap_external>", line 843, in exec_module
  File "<frozen importlib._bootstrap>", line 219, in _call_with_frames_removed
  File "/opt/airflow/dags/playwright_shopee.py", line 228, in <module>
    raise RuntimeError("Cookies tidak valid. Export ulang dari Chrome.")
RuntimeError: Cookies tidak valid. Export ulang dari Chrome.
[2026-05-17T09:42:28.818+0000] {processor.py:842} WARNING - No viable dags retrieved from /opt/airflow/dags/playwright_shopee.py
[2026-05-17T09:42:28.859+0000] {processor.py:183} INFO - Processing /opt/airflow/dags/playwright_shopee.py took 12.148 seconds
[2026-05-17T09:42:59.305+0000] {processor.py:161} INFO - Started process (PID=8690) to work on /opt/airflow/dags/playwright_shopee.py
[2026-05-17T09:42:59.319+0000] {processor.py:830} INFO - Processing file /opt/airflow/dags/playwright_shopee.py for tasks to queue
[2026-05-17T09:42:59.330+0000] {logging_mixin.py:188} INFO - [2026-05-17T09:42:59.330+0000] {dagbag.py:545} INFO - Filling up the DagBag from /opt/airflow/dags/playwright_shopee.py
[2026-05-17T09:43:00.163+0000] {logging_mixin.py:188} INFO - 🌐 Membuka Chromium...
[2026-05-17T09:43:00.514+0000] {logging_mixin.py:188} INFO - 🍪 Inject cookies Shopee...
[2026-05-17T09:43:00.521+0000] {logging_mixin.py:188} INFO - ✅ 16 cookies berhasil diload dari /opt/airflow/dags/shopee_cookies.json
[2026-05-17T09:43:00.793+0000] {logging_mixin.py:188} INFO - 🌍 Membuka Shopee search...
[2026-05-17T09:43:08.434+0000] {logging_mixin.py:188} INFO - 📄 URL   : https://shopee.co.id/search?keyword=msi%20gaming
[2026-05-17T09:43:09.517+0000] {logging_mixin.py:188} INFO - 📄 TITLE : Shopee Indonesia | Situs Belanja Online Terlengkap & Terpercaya
[2026-05-17T09:43:11.013+0000] {logging_mixin.py:188} INFO - ❌ Cookies tidak valid atau sudah expired.
[2026-05-17T09:43:11.227+0000] {logging_mixin.py:188} INFO - [2026-05-17T09:43:11.223+0000] {dagbag.py:355} ERROR - Failed to import: /opt/airflow/dags/playwright_shopee.py
Traceback (most recent call last):
  File "/home/airflow/.local/lib/python3.8/site-packages/airflow/models/dagbag.py", line 351, in parse
    loader.exec_module(new_module)
  File "<frozen importlib._bootstrap_external>", line 843, in exec_module
  File "<frozen importlib._bootstrap>", line 219, in _call_with_frames_removed
  File "/opt/airflow/dags/playwright_shopee.py", line 228, in <module>
    raise RuntimeError("Cookies tidak valid. Export ulang dari Chrome.")
RuntimeError: Cookies tidak valid. Export ulang dari Chrome.
[2026-05-17T09:43:11.230+0000] {processor.py:842} WARNING - No viable dags retrieved from /opt/airflow/dags/playwright_shopee.py
[2026-05-17T09:43:11.271+0000] {processor.py:183} INFO - Processing /opt/airflow/dags/playwright_shopee.py took 11.988 seconds
[2026-05-17T09:43:41.737+0000] {processor.py:161} INFO - Started process (PID=8797) to work on /opt/airflow/dags/playwright_shopee.py
[2026-05-17T09:43:41.739+0000] {processor.py:830} INFO - Processing file /opt/airflow/dags/playwright_shopee.py for tasks to queue
[2026-05-17T09:43:41.744+0000] {logging_mixin.py:188} INFO - [2026-05-17T09:43:41.743+0000] {dagbag.py:545} INFO - Filling up the DagBag from /opt/airflow/dags/playwright_shopee.py
[2026-05-17T09:43:42.786+0000] {logging_mixin.py:188} INFO - 🌐 Membuka Chromium...
[2026-05-17T09:43:43.203+0000] {logging_mixin.py:188} INFO - 🍪 Inject cookies Shopee...
[2026-05-17T09:43:43.208+0000] {logging_mixin.py:188} INFO - ✅ 16 cookies berhasil diload dari /opt/airflow/dags/shopee_cookies.json
[2026-05-17T09:43:43.435+0000] {logging_mixin.py:188} INFO - 🌍 Membuka Shopee search...
[2026-05-17T09:43:50.130+0000] {logging_mixin.py:188} INFO - 📄 URL   : https://shopee.co.id/search?keyword=msi%20gaming
[2026-05-17T09:43:51.231+0000] {logging_mixin.py:188} INFO - 📄 TITLE : Shopee Indonesia | Situs Belanja Online Terlengkap & Terpercaya
[2026-05-17T09:43:55.983+0000] {logging_mixin.py:188} INFO - [2026-05-17T09:43:55.978+0000] {dagbag.py:355} ERROR - Failed to import: /opt/airflow/dags/playwright_shopee.py
Traceback (most recent call last):
  File "/home/airflow/.local/lib/python3.8/site-packages/airflow/models/dagbag.py", line 351, in parse
    loader.exec_module(new_module)
  File "<frozen importlib._bootstrap_external>", line 843, in exec_module
  File "<frozen importlib._bootstrap>", line 219, in _call_with_frames_removed
  File "/opt/airflow/dags/playwright_shopee.py", line 224, in <module>
    content = page.content()
  File "/home/airflow/.local/lib/python3.8/site-packages/playwright/sync_api/_generated.py", line 8582, in content
    return mapping.from_maybe_impl(self._sync(self._impl_obj.content()))
  File "/home/airflow/.local/lib/python3.8/site-packages/playwright/_impl/_sync_base.py", line 115, in _sync
    return task.result()
  File "/home/airflow/.local/lib/python3.8/site-packages/playwright/_impl/_page.py", line 502, in content
    return await self._main_frame.content()
  File "/home/airflow/.local/lib/python3.8/site-packages/playwright/_impl/_frame.py", line 416, in content
    return await self._channel.send("content")
  File "/home/airflow/.local/lib/python3.8/site-packages/playwright/_impl/_connection.py", line 59, in send
    return await self._connection.wrap_api_call(
  File "/home/airflow/.local/lib/python3.8/site-packages/playwright/_impl/_connection.py", line 514, in wrap_api_call
    raise rewrite_error(error, f"{parsed_st['apiName']}: {error}") from None
playwright._impl._errors.Error: Page.content: Unable to retrieve content because the page is navigating and changing the content.
[2026-05-17T09:43:55.985+0000] {processor.py:842} WARNING - No viable dags retrieved from /opt/airflow/dags/playwright_shopee.py
[2026-05-17T09:43:56.040+0000] {processor.py:183} INFO - Processing /opt/airflow/dags/playwright_shopee.py took 14.329 seconds
[2026-05-17T09:44:26.493+0000] {processor.py:161} INFO - Started process (PID=8915) to work on /opt/airflow/dags/playwright_shopee.py
[2026-05-17T09:44:26.494+0000] {processor.py:830} INFO - Processing file /opt/airflow/dags/playwright_shopee.py for tasks to queue
[2026-05-17T09:44:26.497+0000] {logging_mixin.py:188} INFO - [2026-05-17T09:44:26.496+0000] {dagbag.py:545} INFO - Filling up the DagBag from /opt/airflow/dags/playwright_shopee.py
[2026-05-17T09:44:27.453+0000] {logging_mixin.py:188} INFO - 🌐 Membuka Chromium...
[2026-05-17T09:44:27.876+0000] {logging_mixin.py:188} INFO - 🍪 Inject cookies Shopee...
[2026-05-17T09:44:27.885+0000] {logging_mixin.py:188} INFO - ✅ 16 cookies berhasil diload dari /opt/airflow/dags/shopee_cookies.json
[2026-05-17T09:44:28.091+0000] {logging_mixin.py:188} INFO - 🌍 Membuka Shopee search...
[2026-05-17T09:44:36.519+0000] {logging_mixin.py:188} INFO - 📄 URL   : https://shopee.co.id/search?keyword=msi%20gaming
[2026-05-17T09:44:41.886+0000] {logging_mixin.py:188} INFO - 📄 TITLE : Jual msi gaming Harga Terbaik & Termurah Mei 2026 | Shopee Indonesia
[2026-05-17T09:44:43.493+0000] {logging_mixin.py:188} INFO - ❌ Kena traffic verify — cookies mungkin expired.
[2026-05-17T09:44:43.497+0000] {logging_mixin.py:188} INFO - ⚠️  Export ulang cookies dari Chrome dan update shopee_cookies.json
[2026-05-17T09:44:48.142+0000] {logging_mixin.py:188} INFO - [2026-05-17T09:44:48.141+0000] {dagbag.py:355} ERROR - Failed to import: /opt/airflow/dags/playwright_shopee.py
Traceback (most recent call last):
  File "/home/airflow/.local/lib/python3.8/site-packages/airflow/models/dagbag.py", line 351, in parse
    loader.exec_module(new_module)
  File "<frozen importlib._bootstrap_external>", line 843, in exec_module
  File "<frozen importlib._bootstrap>", line 219, in _call_with_frames_removed
  File "/opt/airflow/dags/playwright_shopee.py", line 218, in <module>
    raise RuntimeError(
RuntimeError: Shopee traffic verify detected. Update shopee_cookies.json dari Cookie-Editor.
[2026-05-17T09:44:48.143+0000] {processor.py:842} WARNING - No viable dags retrieved from /opt/airflow/dags/playwright_shopee.py
[2026-05-17T09:44:49.388+0000] {processor.py:183} INFO - Processing /opt/airflow/dags/playwright_shopee.py took 22.905 seconds
[2026-05-17T09:45:20.300+0000] {processor.py:161} INFO - Started process (PID=9038) to work on /opt/airflow/dags/playwright_shopee.py
[2026-05-17T09:45:20.302+0000] {processor.py:830} INFO - Processing file /opt/airflow/dags/playwright_shopee.py for tasks to queue
[2026-05-17T09:45:20.305+0000] {logging_mixin.py:188} INFO - [2026-05-17T09:45:20.304+0000] {dagbag.py:545} INFO - Filling up the DagBag from /opt/airflow/dags/playwright_shopee.py
[2026-05-17T09:45:21.335+0000] {logging_mixin.py:188} INFO - 🌐 Membuka Chromium...
[2026-05-17T09:45:21.725+0000] {logging_mixin.py:188} INFO - 🍪 Inject cookies Shopee...
[2026-05-17T09:45:21.733+0000] {logging_mixin.py:188} INFO - ✅ 16 cookies berhasil diload dari /opt/airflow/dags/shopee_cookies.json
[2026-05-17T09:45:21.937+0000] {logging_mixin.py:188} INFO - 🌍 Membuka Shopee search...
[2026-05-17T09:45:27.972+0000] {logging_mixin.py:188} INFO - 📄 URL   : https://shopee.co.id/search?keyword=msi%20gaming
[2026-05-17T09:45:28.624+0000] {logging_mixin.py:188} INFO - 📄 TITLE : Shopee Indonesia | Situs Belanja Online Terlengkap & Terpercaya
[2026-05-17T09:45:31.657+0000] {logging_mixin.py:188} INFO - ❌ Cookies tidak valid atau sudah expired.
[2026-05-17T09:45:31.887+0000] {logging_mixin.py:188} INFO - [2026-05-17T09:45:31.885+0000] {dagbag.py:355} ERROR - Failed to import: /opt/airflow/dags/playwright_shopee.py
Traceback (most recent call last):
  File "/home/airflow/.local/lib/python3.8/site-packages/airflow/models/dagbag.py", line 351, in parse
    loader.exec_module(new_module)
  File "<frozen importlib._bootstrap_external>", line 843, in exec_module
  File "<frozen importlib._bootstrap>", line 219, in _call_with_frames_removed
  File "/opt/airflow/dags/playwright_shopee.py", line 228, in <module>
    raise RuntimeError("Cookies tidak valid. Export ulang dari Chrome.")
RuntimeError: Cookies tidak valid. Export ulang dari Chrome.
[2026-05-17T09:45:31.889+0000] {processor.py:842} WARNING - No viable dags retrieved from /opt/airflow/dags/playwright_shopee.py
[2026-05-17T09:45:31.937+0000] {processor.py:183} INFO - Processing /opt/airflow/dags/playwright_shopee.py took 11.645 seconds
[2026-05-17T09:46:02.195+0000] {processor.py:161} INFO - Started process (PID=9155) to work on /opt/airflow/dags/playwright_shopee.py
[2026-05-17T09:46:02.197+0000] {processor.py:830} INFO - Processing file /opt/airflow/dags/playwright_shopee.py for tasks to queue
[2026-05-17T09:46:02.199+0000] {logging_mixin.py:188} INFO - [2026-05-17T09:46:02.199+0000] {dagbag.py:545} INFO - Filling up the DagBag from /opt/airflow/dags/playwright_shopee.py
[2026-05-17T09:46:03.037+0000] {logging_mixin.py:188} INFO - 🌐 Membuka Chromium...
[2026-05-17T09:46:03.343+0000] {logging_mixin.py:188} INFO - 🍪 Inject cookies Shopee...
[2026-05-17T09:46:03.349+0000] {logging_mixin.py:188} INFO - ✅ 16 cookies berhasil diload dari /opt/airflow/dags/shopee_cookies.json
[2026-05-17T09:46:03.839+0000] {logging_mixin.py:188} INFO - 🌍 Membuka Shopee search...
[2026-05-17T09:46:12.468+0000] {logging_mixin.py:188} INFO - 📄 URL   : https://shopee.co.id/search?keyword=msi%20gaming
[2026-05-17T09:46:14.542+0000] {logging_mixin.py:188} INFO - 📄 TITLE : Jual msi gaming Harga Terbaik & Termurah Mei 2026 | Shopee Indonesia
[2026-05-17T09:46:16.174+0000] {logging_mixin.py:188} INFO - ❌ Kena traffic verify — cookies mungkin expired.
[2026-05-17T09:46:16.175+0000] {logging_mixin.py:188} INFO - ⚠️  Export ulang cookies dari Chrome dan update shopee_cookies.json
[2026-05-17T09:46:19.199+0000] {logging_mixin.py:188} INFO - [2026-05-17T09:46:19.197+0000] {dagbag.py:355} ERROR - Failed to import: /opt/airflow/dags/playwright_shopee.py
Traceback (most recent call last):
  File "/home/airflow/.local/lib/python3.8/site-packages/airflow/models/dagbag.py", line 351, in parse
    loader.exec_module(new_module)
  File "<frozen importlib._bootstrap_external>", line 843, in exec_module
  File "<frozen importlib._bootstrap>", line 219, in _call_with_frames_removed
  File "/opt/airflow/dags/playwright_shopee.py", line 218, in <module>
    raise RuntimeError(
RuntimeError: Shopee traffic verify detected. Update shopee_cookies.json dari Cookie-Editor.
[2026-05-17T09:46:19.201+0000] {processor.py:842} WARNING - No viable dags retrieved from /opt/airflow/dags/playwright_shopee.py
[2026-05-17T09:46:19.251+0000] {processor.py:183} INFO - Processing /opt/airflow/dags/playwright_shopee.py took 17.068 seconds
[2026-05-17T09:46:49.639+0000] {processor.py:161} INFO - Started process (PID=9288) to work on /opt/airflow/dags/playwright_shopee.py
[2026-05-17T09:46:49.641+0000] {processor.py:830} INFO - Processing file /opt/airflow/dags/playwright_shopee.py for tasks to queue
[2026-05-17T09:46:49.644+0000] {logging_mixin.py:188} INFO - [2026-05-17T09:46:49.643+0000] {dagbag.py:545} INFO - Filling up the DagBag from /opt/airflow/dags/playwright_shopee.py
[2026-05-17T09:46:50.472+0000] {logging_mixin.py:188} INFO - 🌐 Membuka Chromium...
[2026-05-17T09:46:50.814+0000] {logging_mixin.py:188} INFO - 🍪 Inject cookies Shopee...
[2026-05-17T09:46:50.819+0000] {logging_mixin.py:188} INFO - ✅ 16 cookies berhasil diload dari /opt/airflow/dags/shopee_cookies.json
[2026-05-17T09:46:51.026+0000] {logging_mixin.py:188} INFO - 🌍 Membuka Shopee search...
[2026-05-17T09:46:59.333+0000] {logging_mixin.py:188} INFO - 📄 URL   : https://shopee.co.id/search?keyword=msi%20gaming
[2026-05-17T09:47:00.182+0000] {logging_mixin.py:188} INFO - 📄 TITLE : Shopee Indonesia | Situs Belanja Online Terlengkap & Terpercaya
[2026-05-17T09:47:02.208+0000] {logging_mixin.py:188} INFO - ❌ Kena traffic verify — cookies mungkin expired.
[2026-05-17T09:47:02.210+0000] {logging_mixin.py:188} INFO - ⚠️  Export ulang cookies dari Chrome dan update shopee_cookies.json
[2026-05-17T09:47:06.164+0000] {logging_mixin.py:188} INFO - [2026-05-17T09:47:06.162+0000] {dagbag.py:355} ERROR - Failed to import: /opt/airflow/dags/playwright_shopee.py
Traceback (most recent call last):
  File "/home/airflow/.local/lib/python3.8/site-packages/airflow/models/dagbag.py", line 351, in parse
    loader.exec_module(new_module)
  File "<frozen importlib._bootstrap_external>", line 843, in exec_module
  File "<frozen importlib._bootstrap>", line 219, in _call_with_frames_removed
  File "/opt/airflow/dags/playwright_shopee.py", line 218, in <module>
    raise RuntimeError(
RuntimeError: Shopee traffic verify detected. Update shopee_cookies.json dari Cookie-Editor.
[2026-05-17T09:47:06.166+0000] {processor.py:842} WARNING - No viable dags retrieved from /opt/airflow/dags/playwright_shopee.py
[2026-05-17T09:47:06.213+0000] {processor.py:183} INFO - Processing /opt/airflow/dags/playwright_shopee.py took 16.582 seconds
[2026-05-17T09:47:36.558+0000] {processor.py:161} INFO - Started process (PID=9406) to work on /opt/airflow/dags/playwright_shopee.py
[2026-05-17T09:47:36.560+0000] {processor.py:830} INFO - Processing file /opt/airflow/dags/playwright_shopee.py for tasks to queue
[2026-05-17T09:47:36.563+0000] {logging_mixin.py:188} INFO - [2026-05-17T09:47:36.563+0000] {dagbag.py:545} INFO - Filling up the DagBag from /opt/airflow/dags/playwright_shopee.py
[2026-05-17T09:47:37.649+0000] {logging_mixin.py:188} INFO - 🌐 Membuka Chromium...
[2026-05-17T09:47:37.958+0000] {logging_mixin.py:188} INFO - 🍪 Inject cookies Shopee...
[2026-05-17T09:47:37.965+0000] {logging_mixin.py:188} INFO - ✅ 16 cookies berhasil diload dari /opt/airflow/dags/shopee_cookies.json
[2026-05-17T09:47:38.179+0000] {logging_mixin.py:188} INFO - 🌍 Membuka Shopee search...
[2026-05-17T09:47:44.314+0000] {logging_mixin.py:188} INFO - 📄 URL   : https://shopee.co.id/search?keyword=msi%20gaming
[2026-05-17T09:47:44.818+0000] {logging_mixin.py:188} INFO - 📄 TITLE : Shopee Indonesia | Situs Belanja Online Terlengkap & Terpercaya
[2026-05-17T09:47:48.460+0000] {logging_mixin.py:188} INFO - ❌ Cookies tidak valid atau sudah expired.
[2026-05-17T09:47:48.667+0000] {logging_mixin.py:188} INFO - [2026-05-17T09:47:48.665+0000] {dagbag.py:355} ERROR - Failed to import: /opt/airflow/dags/playwright_shopee.py
Traceback (most recent call last):
  File "/home/airflow/.local/lib/python3.8/site-packages/airflow/models/dagbag.py", line 351, in parse
    loader.exec_module(new_module)
  File "<frozen importlib._bootstrap_external>", line 843, in exec_module
  File "<frozen importlib._bootstrap>", line 219, in _call_with_frames_removed
  File "/opt/airflow/dags/playwright_shopee.py", line 228, in <module>
    raise RuntimeError("Cookies tidak valid. Export ulang dari Chrome.")
RuntimeError: Cookies tidak valid. Export ulang dari Chrome.
[2026-05-17T09:47:48.669+0000] {processor.py:842} WARNING - No viable dags retrieved from /opt/airflow/dags/playwright_shopee.py
[2026-05-17T09:47:48.701+0000] {processor.py:183} INFO - Processing /opt/airflow/dags/playwright_shopee.py took 12.158 seconds
[2026-05-17T09:48:18.993+0000] {processor.py:161} INFO - Started process (PID=9529) to work on /opt/airflow/dags/playwright_shopee.py
[2026-05-17T09:48:18.994+0000] {processor.py:830} INFO - Processing file /opt/airflow/dags/playwright_shopee.py for tasks to queue
[2026-05-17T09:48:18.996+0000] {logging_mixin.py:188} INFO - [2026-05-17T09:48:18.996+0000] {dagbag.py:545} INFO - Filling up the DagBag from /opt/airflow/dags/playwright_shopee.py
[2026-05-17T09:48:19.848+0000] {logging_mixin.py:188} INFO - 🌐 Membuka Chromium...
[2026-05-17T09:48:20.166+0000] {logging_mixin.py:188} INFO - 🍪 Inject cookies Shopee...
[2026-05-17T09:48:20.176+0000] {logging_mixin.py:188} INFO - ✅ 16 cookies berhasil diload dari /opt/airflow/dags/shopee_cookies.json
[2026-05-17T09:48:20.417+0000] {logging_mixin.py:188} INFO - 🌍 Membuka Shopee search...
[2026-05-17T09:48:26.659+0000] {logging_mixin.py:188} INFO - 📄 URL   : https://shopee.co.id/search?keyword=msi%20gaming
[2026-05-17T09:48:27.328+0000] {logging_mixin.py:188} INFO - 📄 TITLE : Shopee Indonesia | Situs Belanja Online Terlengkap & Terpercaya
[2026-05-17T09:48:31.599+0000] {logging_mixin.py:188} INFO - ❌ Kena traffic verify — cookies mungkin expired.
[2026-05-17T09:48:31.601+0000] {logging_mixin.py:188} INFO - ⚠️  Export ulang cookies dari Chrome dan update shopee_cookies.json
[2026-05-17T09:48:33.788+0000] {logging_mixin.py:188} INFO - [2026-05-17T09:48:33.784+0000] {dagbag.py:355} ERROR - Failed to import: /opt/airflow/dags/playwright_shopee.py
Traceback (most recent call last):
  File "/home/airflow/.local/lib/python3.8/site-packages/airflow/models/dagbag.py", line 351, in parse
    loader.exec_module(new_module)
  File "<frozen importlib._bootstrap_external>", line 843, in exec_module
  File "<frozen importlib._bootstrap>", line 219, in _call_with_frames_removed
  File "/opt/airflow/dags/playwright_shopee.py", line 218, in <module>
    raise RuntimeError(
RuntimeError: Shopee traffic verify detected. Update shopee_cookies.json dari Cookie-Editor.
[2026-05-17T09:48:33.791+0000] {processor.py:842} WARNING - No viable dags retrieved from /opt/airflow/dags/playwright_shopee.py
[2026-05-17T09:48:33.842+0000] {processor.py:183} INFO - Processing /opt/airflow/dags/playwright_shopee.py took 14.857 seconds
[2026-05-17T09:49:04.545+0000] {processor.py:161} INFO - Started process (PID=9653) to work on /opt/airflow/dags/playwright_shopee.py
[2026-05-17T09:49:04.546+0000] {processor.py:830} INFO - Processing file /opt/airflow/dags/playwright_shopee.py for tasks to queue
[2026-05-17T09:49:04.548+0000] {logging_mixin.py:188} INFO - [2026-05-17T09:49:04.548+0000] {dagbag.py:545} INFO - Filling up the DagBag from /opt/airflow/dags/playwright_shopee.py
[2026-05-17T09:49:05.653+0000] {logging_mixin.py:188} INFO - 🌐 Membuka Chromium...
[2026-05-17T09:49:06.048+0000] {logging_mixin.py:188} INFO - 🍪 Inject cookies Shopee...
[2026-05-17T09:49:06.053+0000] {logging_mixin.py:188} INFO - ✅ 16 cookies berhasil diload dari /opt/airflow/dags/shopee_cookies.json
[2026-05-17T09:49:06.397+0000] {logging_mixin.py:188} INFO - 🌍 Membuka Shopee search...
[2026-05-17T09:49:13.095+0000] {logging_mixin.py:188} INFO - 📄 URL   : https://shopee.co.id/search?keyword=msi%20gaming
[2026-05-17T09:49:13.644+0000] {logging_mixin.py:188} INFO - 📄 TITLE : Shopee Indonesia | Situs Belanja Online Terlengkap & Terpercaya
[2026-05-17T09:49:17.673+0000] {logging_mixin.py:188} INFO - ❌ Kena traffic verify — cookies mungkin expired.
[2026-05-17T09:49:17.676+0000] {logging_mixin.py:188} INFO - ⚠️  Export ulang cookies dari Chrome dan update shopee_cookies.json
[2026-05-17T09:49:19.544+0000] {logging_mixin.py:188} INFO - [2026-05-17T09:49:19.542+0000] {dagbag.py:355} ERROR - Failed to import: /opt/airflow/dags/playwright_shopee.py
Traceback (most recent call last):
  File "/home/airflow/.local/lib/python3.8/site-packages/airflow/models/dagbag.py", line 351, in parse
    loader.exec_module(new_module)
  File "<frozen importlib._bootstrap_external>", line 843, in exec_module
  File "<frozen importlib._bootstrap>", line 219, in _call_with_frames_removed
  File "/opt/airflow/dags/playwright_shopee.py", line 218, in <module>
    raise RuntimeError(
RuntimeError: Shopee traffic verify detected. Update shopee_cookies.json dari Cookie-Editor.
[2026-05-17T09:49:19.547+0000] {processor.py:842} WARNING - No viable dags retrieved from /opt/airflow/dags/playwright_shopee.py
[2026-05-17T09:49:19.599+0000] {processor.py:183} INFO - Processing /opt/airflow/dags/playwright_shopee.py took 15.069 seconds
[2026-05-17T09:49:50.037+0000] {processor.py:161} INFO - Started process (PID=9772) to work on /opt/airflow/dags/playwright_shopee.py
[2026-05-17T09:49:50.039+0000] {processor.py:830} INFO - Processing file /opt/airflow/dags/playwright_shopee.py for tasks to queue
[2026-05-17T09:49:50.043+0000] {logging_mixin.py:188} INFO - [2026-05-17T09:49:50.042+0000] {dagbag.py:545} INFO - Filling up the DagBag from /opt/airflow/dags/playwright_shopee.py
[2026-05-17T09:49:51.295+0000] {logging_mixin.py:188} INFO - 🌐 Membuka Chromium...
[2026-05-17T09:49:51.748+0000] {logging_mixin.py:188} INFO - 🍪 Inject cookies Shopee...
[2026-05-17T09:49:51.753+0000] {logging_mixin.py:188} INFO - ✅ 16 cookies berhasil diload dari /opt/airflow/dags/shopee_cookies.json
[2026-05-17T09:49:51.990+0000] {logging_mixin.py:188} INFO - 🌍 Membuka Shopee search...
[2026-05-17T09:50:00.634+0000] {logging_mixin.py:188} INFO - 📄 URL   : https://shopee.co.id/search?keyword=msi%20gaming
[2026-05-17T09:50:01.459+0000] {logging_mixin.py:188} INFO - 📄 TITLE : Shopee Indonesia | Situs Belanja Online Terlengkap & Terpercaya
[2026-05-17T09:50:03.885+0000] {logging_mixin.py:188} INFO - ❌ Cookies tidak valid atau sudah expired.
[2026-05-17T09:50:04.106+0000] {logging_mixin.py:188} INFO - [2026-05-17T09:50:04.104+0000] {dagbag.py:355} ERROR - Failed to import: /opt/airflow/dags/playwright_shopee.py
Traceback (most recent call last):
  File "/home/airflow/.local/lib/python3.8/site-packages/airflow/models/dagbag.py", line 351, in parse
    loader.exec_module(new_module)
  File "<frozen importlib._bootstrap_external>", line 843, in exec_module
  File "<frozen importlib._bootstrap>", line 219, in _call_with_frames_removed
  File "/opt/airflow/dags/playwright_shopee.py", line 228, in <module>
    raise RuntimeError("Cookies tidak valid. Export ulang dari Chrome.")
RuntimeError: Cookies tidak valid. Export ulang dari Chrome.
[2026-05-17T09:50:04.108+0000] {processor.py:842} WARNING - No viable dags retrieved from /opt/airflow/dags/playwright_shopee.py
[2026-05-17T09:50:04.149+0000] {processor.py:183} INFO - Processing /opt/airflow/dags/playwright_shopee.py took 14.132 seconds
[2026-05-17T09:50:34.663+0000] {processor.py:161} INFO - Started process (PID=9891) to work on /opt/airflow/dags/playwright_shopee.py
[2026-05-17T09:50:34.665+0000] {processor.py:830} INFO - Processing file /opt/airflow/dags/playwright_shopee.py for tasks to queue
[2026-05-17T09:50:34.669+0000] {logging_mixin.py:188} INFO - [2026-05-17T09:50:34.668+0000] {dagbag.py:545} INFO - Filling up the DagBag from /opt/airflow/dags/playwright_shopee.py
[2026-05-17T09:50:35.326+0000] {logging_mixin.py:188} INFO - 🌐 Membuka Chromium...
[2026-05-17T09:50:35.798+0000] {logging_mixin.py:188} INFO - 🍪 Inject cookies Shopee...
[2026-05-17T09:50:35.805+0000] {logging_mixin.py:188} INFO - ✅ 16 cookies berhasil diload dari /opt/airflow/dags/shopee_cookies.json
[2026-05-17T09:50:36.001+0000] {logging_mixin.py:188} INFO - 🌍 Membuka Shopee search...
[2026-05-17T09:50:42.321+0000] {logging_mixin.py:188} INFO - 📄 URL   : https://shopee.co.id/search?keyword=msi%20gaming
[2026-05-17T09:50:42.621+0000] {logging_mixin.py:188} INFO - 📄 TITLE : Shopee Indonesia | Situs Belanja Online Terlengkap & Terpercaya
[2026-05-17T09:50:45.254+0000] {logging_mixin.py:188} INFO - ❌ Kena traffic verify — cookies mungkin expired.
[2026-05-17T09:50:45.256+0000] {logging_mixin.py:188} INFO - ⚠️  Export ulang cookies dari Chrome dan update shopee_cookies.json
[2026-05-17T09:50:46.986+0000] {logging_mixin.py:188} INFO - [2026-05-17T09:50:46.984+0000] {dagbag.py:355} ERROR - Failed to import: /opt/airflow/dags/playwright_shopee.py
Traceback (most recent call last):
  File "/home/airflow/.local/lib/python3.8/site-packages/airflow/models/dagbag.py", line 351, in parse
    loader.exec_module(new_module)
  File "<frozen importlib._bootstrap_external>", line 843, in exec_module
  File "<frozen importlib._bootstrap>", line 219, in _call_with_frames_removed
  File "/opt/airflow/dags/playwright_shopee.py", line 218, in <module>
    raise RuntimeError(
RuntimeError: Shopee traffic verify detected. Update shopee_cookies.json dari Cookie-Editor.
[2026-05-17T09:50:46.987+0000] {processor.py:842} WARNING - No viable dags retrieved from /opt/airflow/dags/playwright_shopee.py
[2026-05-17T09:50:47.018+0000] {processor.py:183} INFO - Processing /opt/airflow/dags/playwright_shopee.py took 12.366 seconds
[2026-05-17T09:51:17.416+0000] {processor.py:161} INFO - Started process (PID=10006) to work on /opt/airflow/dags/playwright_shopee.py
[2026-05-17T09:51:17.418+0000] {processor.py:830} INFO - Processing file /opt/airflow/dags/playwright_shopee.py for tasks to queue
[2026-05-17T09:51:17.424+0000] {logging_mixin.py:188} INFO - [2026-05-17T09:51:17.423+0000] {dagbag.py:545} INFO - Filling up the DagBag from /opt/airflow/dags/playwright_shopee.py
[2026-05-17T09:51:18.400+0000] {logging_mixin.py:188} INFO - 🌐 Membuka Chromium...
[2026-05-17T09:51:18.824+0000] {logging_mixin.py:188} INFO - 🍪 Inject cookies Shopee...
[2026-05-17T09:51:18.839+0000] {logging_mixin.py:188} INFO - ✅ 16 cookies berhasil diload dari /opt/airflow/dags/shopee_cookies.json
[2026-05-17T09:51:19.039+0000] {logging_mixin.py:188} INFO - 🌍 Membuka Shopee search...
[2026-05-17T09:51:26.205+0000] {logging_mixin.py:188} INFO - 📄 URL   : https://shopee.co.id/search?keyword=msi%20gaming
[2026-05-17T09:51:27.838+0000] {logging_mixin.py:188} INFO - 📄 TITLE : Jual msi gaming Harga Terbaik & Termurah Mei 2026 | Shopee Indonesia
[2026-05-17T09:51:29.314+0000] {logging_mixin.py:188} INFO - ❌ Kena traffic verify — cookies mungkin expired.
[2026-05-17T09:51:29.317+0000] {logging_mixin.py:188} INFO - ⚠️  Export ulang cookies dari Chrome dan update shopee_cookies.json
[2026-05-17T09:51:32.635+0000] {logging_mixin.py:188} INFO - [2026-05-17T09:51:32.633+0000] {dagbag.py:355} ERROR - Failed to import: /opt/airflow/dags/playwright_shopee.py
Traceback (most recent call last):
  File "/home/airflow/.local/lib/python3.8/site-packages/airflow/models/dagbag.py", line 351, in parse
    loader.exec_module(new_module)
  File "<frozen importlib._bootstrap_external>", line 843, in exec_module
  File "<frozen importlib._bootstrap>", line 219, in _call_with_frames_removed
  File "/opt/airflow/dags/playwright_shopee.py", line 218, in <module>
    raise RuntimeError(
RuntimeError: Shopee traffic verify detected. Update shopee_cookies.json dari Cookie-Editor.
[2026-05-17T09:51:32.637+0000] {processor.py:842} WARNING - No viable dags retrieved from /opt/airflow/dags/playwright_shopee.py
[2026-05-17T09:51:32.677+0000] {processor.py:183} INFO - Processing /opt/airflow/dags/playwright_shopee.py took 15.280 seconds
[2026-05-17T09:52:02.810+0000] {processor.py:161} INFO - Started process (PID=10128) to work on /opt/airflow/dags/playwright_shopee.py
[2026-05-17T09:52:02.812+0000] {processor.py:830} INFO - Processing file /opt/airflow/dags/playwright_shopee.py for tasks to queue
[2026-05-17T09:52:02.816+0000] {logging_mixin.py:188} INFO - [2026-05-17T09:52:02.815+0000] {dagbag.py:545} INFO - Filling up the DagBag from /opt/airflow/dags/playwright_shopee.py
[2026-05-17T09:52:03.883+0000] {logging_mixin.py:188} INFO - 🌐 Membuka Chromium...
[2026-05-17T09:52:04.350+0000] {logging_mixin.py:188} INFO - 🍪 Inject cookies Shopee...
[2026-05-17T09:52:04.356+0000] {logging_mixin.py:188} INFO - ✅ 16 cookies berhasil diload dari /opt/airflow/dags/shopee_cookies.json
[2026-05-17T09:52:04.543+0000] {logging_mixin.py:188} INFO - 🌍 Membuka Shopee search...
[2026-05-17T09:52:12.760+0000] {logging_mixin.py:188} INFO - 📄 URL   : https://shopee.co.id/search?keyword=msi%20gaming
[2026-05-17T09:52:14.580+0000] {logging_mixin.py:188} INFO - 📄 TITLE : Jual msi gaming Harga Terbaik & Termurah Mei 2026 | Shopee Indonesia
[2026-05-17T09:52:16.348+0000] {logging_mixin.py:188} INFO - ❌ Kena traffic verify — cookies mungkin expired.
[2026-05-17T09:52:16.351+0000] {logging_mixin.py:188} INFO - ⚠️  Export ulang cookies dari Chrome dan update shopee_cookies.json
[2026-05-17T09:52:18.718+0000] {logging_mixin.py:188} INFO - [2026-05-17T09:52:18.717+0000] {dagbag.py:355} ERROR - Failed to import: /opt/airflow/dags/playwright_shopee.py
Traceback (most recent call last):
  File "/home/airflow/.local/lib/python3.8/site-packages/airflow/models/dagbag.py", line 351, in parse
    loader.exec_module(new_module)
  File "<frozen importlib._bootstrap_external>", line 843, in exec_module
  File "<frozen importlib._bootstrap>", line 219, in _call_with_frames_removed
  File "/opt/airflow/dags/playwright_shopee.py", line 218, in <module>
    raise RuntimeError(
RuntimeError: Shopee traffic verify detected. Update shopee_cookies.json dari Cookie-Editor.
[2026-05-17T09:52:18.720+0000] {processor.py:842} WARNING - No viable dags retrieved from /opt/airflow/dags/playwright_shopee.py
[2026-05-17T09:52:18.750+0000] {processor.py:183} INFO - Processing /opt/airflow/dags/playwright_shopee.py took 15.955 seconds
[2026-05-17T09:52:49.100+0000] {processor.py:161} INFO - Started process (PID=10254) to work on /opt/airflow/dags/playwright_shopee.py
[2026-05-17T09:52:49.101+0000] {processor.py:830} INFO - Processing file /opt/airflow/dags/playwright_shopee.py for tasks to queue
[2026-05-17T09:52:49.103+0000] {logging_mixin.py:188} INFO - [2026-05-17T09:52:49.103+0000] {dagbag.py:545} INFO - Filling up the DagBag from /opt/airflow/dags/playwright_shopee.py
[2026-05-17T09:52:50.065+0000] {logging_mixin.py:188} INFO - 🌐 Membuka Chromium...
[2026-05-17T09:52:50.449+0000] {logging_mixin.py:188} INFO - 🍪 Inject cookies Shopee...
[2026-05-17T09:52:50.454+0000] {logging_mixin.py:188} INFO - ✅ 16 cookies berhasil diload dari /opt/airflow/dags/shopee_cookies.json
[2026-05-17T09:52:50.662+0000] {logging_mixin.py:188} INFO - 🌍 Membuka Shopee search...
[2026-05-17T09:52:58.283+0000] {logging_mixin.py:188} INFO - 📄 URL   : https://shopee.co.id/search?keyword=msi%20gaming
[2026-05-17T09:52:58.699+0000] {logging_mixin.py:188} INFO - 📄 TITLE : Shopee Indonesia | Situs Belanja Online Terlengkap & Terpercaya
[2026-05-17T09:53:01.672+0000] {logging_mixin.py:188} INFO - ❌ Kena traffic verify — cookies mungkin expired.
[2026-05-17T09:53:01.673+0000] {logging_mixin.py:188} INFO - ⚠️  Export ulang cookies dari Chrome dan update shopee_cookies.json
[2026-05-17T09:53:06.266+0000] {logging_mixin.py:188} INFO - [2026-05-17T09:53:06.262+0000] {dagbag.py:355} ERROR - Failed to import: /opt/airflow/dags/playwright_shopee.py
Traceback (most recent call last):
  File "/home/airflow/.local/lib/python3.8/site-packages/airflow/models/dagbag.py", line 351, in parse
    loader.exec_module(new_module)
  File "<frozen importlib._bootstrap_external>", line 843, in exec_module
  File "<frozen importlib._bootstrap>", line 219, in _call_with_frames_removed
  File "/opt/airflow/dags/playwright_shopee.py", line 218, in <module>
    raise RuntimeError(
RuntimeError: Shopee traffic verify detected. Update shopee_cookies.json dari Cookie-Editor.
[2026-05-17T09:53:06.269+0000] {processor.py:842} WARNING - No viable dags retrieved from /opt/airflow/dags/playwright_shopee.py
[2026-05-17T09:53:06.332+0000] {processor.py:183} INFO - Processing /opt/airflow/dags/playwright_shopee.py took 17.239 seconds
[2026-05-17T09:53:36.754+0000] {processor.py:161} INFO - Started process (PID=10374) to work on /opt/airflow/dags/playwright_shopee.py
[2026-05-17T09:53:36.757+0000] {processor.py:830} INFO - Processing file /opt/airflow/dags/playwright_shopee.py for tasks to queue
[2026-05-17T09:53:36.760+0000] {logging_mixin.py:188} INFO - [2026-05-17T09:53:36.760+0000] {dagbag.py:545} INFO - Filling up the DagBag from /opt/airflow/dags/playwright_shopee.py
[2026-05-17T09:53:37.705+0000] {logging_mixin.py:188} INFO - 🌐 Membuka Chromium...
[2026-05-17T09:53:38.003+0000] {logging_mixin.py:188} INFO - 🍪 Inject cookies Shopee...
[2026-05-17T09:53:38.009+0000] {logging_mixin.py:188} INFO - ✅ 16 cookies berhasil diload dari /opt/airflow/dags/shopee_cookies.json
[2026-05-17T09:53:38.199+0000] {logging_mixin.py:188} INFO - 🌍 Membuka Shopee search...
[2026-05-17T09:53:44.645+0000] {logging_mixin.py:188} INFO - 📄 URL   : https://shopee.co.id/search?keyword=msi%20gaming
[2026-05-17T09:53:45.234+0000] {logging_mixin.py:188} INFO - 📄 TITLE : Shopee Indonesia | Situs Belanja Online Terlengkap & Terpercaya
[2026-05-17T09:53:48.699+0000] {logging_mixin.py:188} INFO - ❌ Kena traffic verify — cookies mungkin expired.
[2026-05-17T09:53:48.700+0000] {logging_mixin.py:188} INFO - ⚠️  Export ulang cookies dari Chrome dan update shopee_cookies.json
[2026-05-17T09:53:53.130+0000] {logging_mixin.py:188} INFO - [2026-05-17T09:53:53.127+0000] {dagbag.py:355} ERROR - Failed to import: /opt/airflow/dags/playwright_shopee.py
Traceback (most recent call last):
  File "/home/airflow/.local/lib/python3.8/site-packages/airflow/models/dagbag.py", line 351, in parse
    loader.exec_module(new_module)
  File "<frozen importlib._bootstrap_external>", line 843, in exec_module
  File "<frozen importlib._bootstrap>", line 219, in _call_with_frames_removed
  File "/opt/airflow/dags/playwright_shopee.py", line 218, in <module>
    raise RuntimeError(
RuntimeError: Shopee traffic verify detected. Update shopee_cookies.json dari Cookie-Editor.
[2026-05-17T09:53:53.133+0000] {processor.py:842} WARNING - No viable dags retrieved from /opt/airflow/dags/playwright_shopee.py
[2026-05-17T09:53:53.199+0000] {processor.py:183} INFO - Processing /opt/airflow/dags/playwright_shopee.py took 16.458 seconds
[2026-05-17T09:54:23.587+0000] {processor.py:161} INFO - Started process (PID=10489) to work on /opt/airflow/dags/playwright_shopee.py
[2026-05-17T09:54:23.590+0000] {processor.py:830} INFO - Processing file /opt/airflow/dags/playwright_shopee.py for tasks to queue
[2026-05-17T09:54:23.598+0000] {logging_mixin.py:188} INFO - [2026-05-17T09:54:23.598+0000] {dagbag.py:545} INFO - Filling up the DagBag from /opt/airflow/dags/playwright_shopee.py
[2026-05-17T09:54:25.141+0000] {logging_mixin.py:188} INFO - 🌐 Membuka Chromium...
[2026-05-17T09:54:25.667+0000] {logging_mixin.py:188} INFO - 🍪 Inject cookies Shopee...
[2026-05-17T09:54:25.675+0000] {logging_mixin.py:188} INFO - ✅ 16 cookies berhasil diload dari /opt/airflow/dags/shopee_cookies.json
[2026-05-17T09:54:25.907+0000] {logging_mixin.py:188} INFO - 🌍 Membuka Shopee search...
[2026-05-17T09:54:33.727+0000] {logging_mixin.py:188} INFO - 📄 URL   : https://shopee.co.id/search?keyword=msi%20gaming
[2026-05-17T09:54:34.668+0000] {logging_mixin.py:188} INFO - 📄 TITLE : Shopee Indonesia | Situs Belanja Online Terlengkap & Terpercaya
[2026-05-17T09:54:38.142+0000] {logging_mixin.py:188} INFO - [2026-05-17T09:54:38.138+0000] {dagbag.py:355} ERROR - Failed to import: /opt/airflow/dags/playwright_shopee.py
Traceback (most recent call last):
  File "/home/airflow/.local/lib/python3.8/site-packages/airflow/models/dagbag.py", line 351, in parse
    loader.exec_module(new_module)
  File "<frozen importlib._bootstrap_external>", line 843, in exec_module
  File "<frozen importlib._bootstrap>", line 219, in _call_with_frames_removed
  File "/opt/airflow/dags/playwright_shopee.py", line 224, in <module>
    content = page.content()
  File "/home/airflow/.local/lib/python3.8/site-packages/playwright/sync_api/_generated.py", line 8582, in content
    return mapping.from_maybe_impl(self._sync(self._impl_obj.content()))
  File "/home/airflow/.local/lib/python3.8/site-packages/playwright/_impl/_sync_base.py", line 115, in _sync
    return task.result()
  File "/home/airflow/.local/lib/python3.8/site-packages/playwright/_impl/_page.py", line 502, in content
    return await self._main_frame.content()
  File "/home/airflow/.local/lib/python3.8/site-packages/playwright/_impl/_frame.py", line 416, in content
    return await self._channel.send("content")
  File "/home/airflow/.local/lib/python3.8/site-packages/playwright/_impl/_connection.py", line 59, in send
    return await self._connection.wrap_api_call(
  File "/home/airflow/.local/lib/python3.8/site-packages/playwright/_impl/_connection.py", line 514, in wrap_api_call
    raise rewrite_error(error, f"{parsed_st['apiName']}: {error}") from None
playwright._impl._errors.Error: Page.content: Unable to retrieve content because the page is navigating and changing the content.
[2026-05-17T09:54:38.143+0000] {processor.py:842} WARNING - No viable dags retrieved from /opt/airflow/dags/playwright_shopee.py
[2026-05-17T09:54:38.181+0000] {processor.py:183} INFO - Processing /opt/airflow/dags/playwright_shopee.py took 14.614 seconds
[2026-05-17T09:55:08.541+0000] {processor.py:161} INFO - Started process (PID=10605) to work on /opt/airflow/dags/playwright_shopee.py
[2026-05-17T09:55:08.542+0000] {processor.py:830} INFO - Processing file /opt/airflow/dags/playwright_shopee.py for tasks to queue
[2026-05-17T09:55:08.544+0000] {logging_mixin.py:188} INFO - [2026-05-17T09:55:08.544+0000] {dagbag.py:545} INFO - Filling up the DagBag from /opt/airflow/dags/playwright_shopee.py
[2026-05-17T09:55:09.605+0000] {logging_mixin.py:188} INFO - 🌐 Membuka Chromium...
[2026-05-17T09:55:09.952+0000] {logging_mixin.py:188} INFO - 🍪 Inject cookies Shopee...
[2026-05-17T09:55:09.959+0000] {logging_mixin.py:188} INFO - ✅ 16 cookies berhasil diload dari /opt/airflow/dags/shopee_cookies.json
[2026-05-17T09:55:10.166+0000] {logging_mixin.py:188} INFO - 🌍 Membuka Shopee search...
[2026-05-17T09:55:16.559+0000] {logging_mixin.py:188} INFO - 📄 URL   : https://shopee.co.id/search?keyword=msi%20gaming
[2026-05-17T09:55:17.529+0000] {logging_mixin.py:188} INFO - 📄 TITLE : Shopee Indonesia | Situs Belanja Online Terlengkap & Terpercaya
[2026-05-17T09:55:19.210+0000] {logging_mixin.py:188} INFO - ❌ Cookies tidak valid atau sudah expired.
[2026-05-17T09:55:19.418+0000] {logging_mixin.py:188} INFO - [2026-05-17T09:55:19.415+0000] {dagbag.py:355} ERROR - Failed to import: /opt/airflow/dags/playwright_shopee.py
Traceback (most recent call last):
  File "/home/airflow/.local/lib/python3.8/site-packages/airflow/models/dagbag.py", line 351, in parse
    loader.exec_module(new_module)
  File "<frozen importlib._bootstrap_external>", line 843, in exec_module
  File "<frozen importlib._bootstrap>", line 219, in _call_with_frames_removed
  File "/opt/airflow/dags/playwright_shopee.py", line 228, in <module>
    raise RuntimeError("Cookies tidak valid. Export ulang dari Chrome.")
RuntimeError: Cookies tidak valid. Export ulang dari Chrome.
[2026-05-17T09:55:19.420+0000] {processor.py:842} WARNING - No viable dags retrieved from /opt/airflow/dags/playwright_shopee.py
[2026-05-17T09:55:19.471+0000] {processor.py:183} INFO - Processing /opt/airflow/dags/playwright_shopee.py took 10.942 seconds
[2026-05-17T09:55:49.816+0000] {processor.py:161} INFO - Started process (PID=10717) to work on /opt/airflow/dags/playwright_shopee.py
[2026-05-17T09:55:49.818+0000] {processor.py:830} INFO - Processing file /opt/airflow/dags/playwright_shopee.py for tasks to queue
[2026-05-17T09:55:49.823+0000] {logging_mixin.py:188} INFO - [2026-05-17T09:55:49.822+0000] {dagbag.py:545} INFO - Filling up the DagBag from /opt/airflow/dags/playwright_shopee.py
[2026-05-17T09:55:50.826+0000] {logging_mixin.py:188} INFO - 🌐 Membuka Chromium...
[2026-05-17T09:55:51.214+0000] {logging_mixin.py:188} INFO - 🍪 Inject cookies Shopee...
[2026-05-17T09:55:51.220+0000] {logging_mixin.py:188} INFO - ✅ 16 cookies berhasil diload dari /opt/airflow/dags/shopee_cookies.json
[2026-05-17T09:55:51.433+0000] {logging_mixin.py:188} INFO - 🌍 Membuka Shopee search...
[2026-05-17T09:55:59.103+0000] {logging_mixin.py:188} INFO - 📄 URL   : https://shopee.co.id/search?keyword=msi%20gaming
[2026-05-17T09:55:59.321+0000] {logging_mixin.py:188} INFO - 📄 TITLE : Jual msi gaming Harga Terbaik & Termurah Mei 2026 | Shopee Indonesia
[2026-05-17T09:56:02.702+0000] {logging_mixin.py:188} INFO - ❌ Kena traffic verify — cookies mungkin expired.
[2026-05-17T09:56:02.704+0000] {logging_mixin.py:188} INFO - ⚠️  Export ulang cookies dari Chrome dan update shopee_cookies.json
[2026-05-17T09:56:05.239+0000] {logging_mixin.py:188} INFO - [2026-05-17T09:56:05.237+0000] {dagbag.py:355} ERROR - Failed to import: /opt/airflow/dags/playwright_shopee.py
Traceback (most recent call last):
  File "/home/airflow/.local/lib/python3.8/site-packages/airflow/models/dagbag.py", line 351, in parse
    loader.exec_module(new_module)
  File "<frozen importlib._bootstrap_external>", line 843, in exec_module
  File "<frozen importlib._bootstrap>", line 219, in _call_with_frames_removed
  File "/opt/airflow/dags/playwright_shopee.py", line 218, in <module>
    raise RuntimeError(
RuntimeError: Shopee traffic verify detected. Update shopee_cookies.json dari Cookie-Editor.
[2026-05-17T09:56:05.242+0000] {processor.py:842} WARNING - No viable dags retrieved from /opt/airflow/dags/playwright_shopee.py
[2026-05-17T09:56:05.289+0000] {processor.py:183} INFO - Processing /opt/airflow/dags/playwright_shopee.py took 15.487 seconds
[2026-05-17T09:56:35.437+0000] {processor.py:161} INFO - Started process (PID=10849) to work on /opt/airflow/dags/playwright_shopee.py
[2026-05-17T09:56:35.438+0000] {processor.py:830} INFO - Processing file /opt/airflow/dags/playwright_shopee.py for tasks to queue
[2026-05-17T09:56:35.440+0000] {logging_mixin.py:188} INFO - [2026-05-17T09:56:35.440+0000] {dagbag.py:545} INFO - Filling up the DagBag from /opt/airflow/dags/playwright_shopee.py
[2026-05-17T09:56:36.629+0000] {logging_mixin.py:188} INFO - 🌐 Membuka Chromium...
[2026-05-17T09:56:37.005+0000] {logging_mixin.py:188} INFO - 🍪 Inject cookies Shopee...
[2026-05-17T09:56:37.011+0000] {logging_mixin.py:188} INFO - ✅ 16 cookies berhasil diload dari /opt/airflow/dags/shopee_cookies.json
[2026-05-17T09:56:37.219+0000] {logging_mixin.py:188} INFO - 🌍 Membuka Shopee search...
[2026-05-17T09:56:44.998+0000] {logging_mixin.py:188} INFO - 📄 URL   : https://shopee.co.id/search?keyword=msi%20gaming
[2026-05-17T09:56:45.481+0000] {logging_mixin.py:188} INFO - 📄 TITLE : Shopee Indonesia | Situs Belanja Online Terlengkap & Terpercaya
[2026-05-17T09:56:49.251+0000] {logging_mixin.py:188} INFO - ❌ Cookies tidak valid atau sudah expired.
[2026-05-17T09:56:49.515+0000] {logging_mixin.py:188} INFO - [2026-05-17T09:56:49.513+0000] {dagbag.py:355} ERROR - Failed to import: /opt/airflow/dags/playwright_shopee.py
Traceback (most recent call last):
  File "/home/airflow/.local/lib/python3.8/site-packages/airflow/models/dagbag.py", line 351, in parse
    loader.exec_module(new_module)
  File "<frozen importlib._bootstrap_external>", line 843, in exec_module
  File "<frozen importlib._bootstrap>", line 219, in _call_with_frames_removed
  File "/opt/airflow/dags/playwright_shopee.py", line 228, in <module>
    raise RuntimeError("Cookies tidak valid. Export ulang dari Chrome.")
RuntimeError: Cookies tidak valid. Export ulang dari Chrome.
[2026-05-17T09:56:49.517+0000] {processor.py:842} WARNING - No viable dags retrieved from /opt/airflow/dags/playwright_shopee.py
[2026-05-17T09:56:49.562+0000] {processor.py:183} INFO - Processing /opt/airflow/dags/playwright_shopee.py took 14.142 seconds
[2026-05-17T09:57:20.177+0000] {processor.py:161} INFO - Started process (PID=10966) to work on /opt/airflow/dags/playwright_shopee.py
[2026-05-17T09:57:20.179+0000] {processor.py:830} INFO - Processing file /opt/airflow/dags/playwright_shopee.py for tasks to queue
[2026-05-17T09:57:20.182+0000] {logging_mixin.py:188} INFO - [2026-05-17T09:57:20.182+0000] {dagbag.py:545} INFO - Filling up the DagBag from /opt/airflow/dags/playwright_shopee.py
[2026-05-17T09:57:21.102+0000] {logging_mixin.py:188} INFO - 🌐 Membuka Chromium...
[2026-05-17T09:57:21.389+0000] {logging_mixin.py:188} INFO - 🍪 Inject cookies Shopee...
[2026-05-17T09:57:21.396+0000] {logging_mixin.py:188} INFO - ✅ 16 cookies berhasil diload dari /opt/airflow/dags/shopee_cookies.json
[2026-05-17T09:57:21.590+0000] {logging_mixin.py:188} INFO - 🌍 Membuka Shopee search...
[2026-05-17T09:57:30.263+0000] {logging_mixin.py:188} INFO - 📄 URL   : https://shopee.co.id/search?keyword=msi%20gaming
[2026-05-17T09:57:31.855+0000] {logging_mixin.py:188} INFO - 📄 TITLE : Jual msi gaming Harga Terbaik & Termurah Mei 2026 | Shopee Indonesia
[2026-05-17T09:57:33.849+0000] {logging_mixin.py:188} INFO - ❌ Kena traffic verify — cookies mungkin expired.
[2026-05-17T09:57:33.850+0000] {logging_mixin.py:188} INFO - ⚠️  Export ulang cookies dari Chrome dan update shopee_cookies.json
[2026-05-17T09:57:37.193+0000] {logging_mixin.py:188} INFO - [2026-05-17T09:57:37.191+0000] {dagbag.py:355} ERROR - Failed to import: /opt/airflow/dags/playwright_shopee.py
Traceback (most recent call last):
  File "/home/airflow/.local/lib/python3.8/site-packages/airflow/models/dagbag.py", line 351, in parse
    loader.exec_module(new_module)
  File "<frozen importlib._bootstrap_external>", line 843, in exec_module
  File "<frozen importlib._bootstrap>", line 219, in _call_with_frames_removed
  File "/opt/airflow/dags/playwright_shopee.py", line 218, in <module>
    raise RuntimeError(
RuntimeError: Shopee traffic verify detected. Update shopee_cookies.json dari Cookie-Editor.
[2026-05-17T09:57:37.195+0000] {processor.py:842} WARNING - No viable dags retrieved from /opt/airflow/dags/playwright_shopee.py
[2026-05-17T09:57:37.232+0000] {processor.py:183} INFO - Processing /opt/airflow/dags/playwright_shopee.py took 17.073 seconds
[2026-05-17T09:58:07.653+0000] {processor.py:161} INFO - Started process (PID=11095) to work on /opt/airflow/dags/playwright_shopee.py
[2026-05-17T09:58:07.658+0000] {processor.py:830} INFO - Processing file /opt/airflow/dags/playwright_shopee.py for tasks to queue
[2026-05-17T09:58:07.663+0000] {logging_mixin.py:188} INFO - [2026-05-17T09:58:07.662+0000] {dagbag.py:545} INFO - Filling up the DagBag from /opt/airflow/dags/playwright_shopee.py
[2026-05-17T09:58:08.917+0000] {logging_mixin.py:188} INFO - 🌐 Membuka Chromium...
[2026-05-17T09:58:09.319+0000] {logging_mixin.py:188} INFO - 🍪 Inject cookies Shopee...
[2026-05-17T09:58:09.326+0000] {logging_mixin.py:188} INFO - ✅ 16 cookies berhasil diload dari /opt/airflow/dags/shopee_cookies.json
[2026-05-17T09:58:09.524+0000] {logging_mixin.py:188} INFO - 🌍 Membuka Shopee search...
[2026-05-17T09:58:17.342+0000] {logging_mixin.py:188} INFO - 📄 URL   : https://shopee.co.id/search?keyword=msi%20gaming
[2026-05-17T09:58:18.712+0000] {logging_mixin.py:188} INFO - 📄 TITLE : Jual msi gaming Harga Terbaik & Termurah Mei 2026 | Shopee Indonesia
[2026-05-17T09:58:20.075+0000] {logging_mixin.py:188} INFO - ❌ Kena traffic verify — cookies mungkin expired.
[2026-05-17T09:58:20.076+0000] {logging_mixin.py:188} INFO - ⚠️  Export ulang cookies dari Chrome dan update shopee_cookies.json
[2026-05-17T09:58:22.911+0000] {logging_mixin.py:188} INFO - [2026-05-17T09:58:22.909+0000] {dagbag.py:355} ERROR - Failed to import: /opt/airflow/dags/playwright_shopee.py
Traceback (most recent call last):
  File "/home/airflow/.local/lib/python3.8/site-packages/airflow/models/dagbag.py", line 351, in parse
    loader.exec_module(new_module)
  File "<frozen importlib._bootstrap_external>", line 843, in exec_module
  File "<frozen importlib._bootstrap>", line 219, in _call_with_frames_removed
  File "/opt/airflow/dags/playwright_shopee.py", line 218, in <module>
    raise RuntimeError(
RuntimeError: Shopee traffic verify detected. Update shopee_cookies.json dari Cookie-Editor.
[2026-05-17T09:58:22.913+0000] {processor.py:842} WARNING - No viable dags retrieved from /opt/airflow/dags/playwright_shopee.py
[2026-05-17T09:58:22.954+0000] {processor.py:183} INFO - Processing /opt/airflow/dags/playwright_shopee.py took 15.322 seconds
[2026-05-17T09:58:53.297+0000] {processor.py:161} INFO - Started process (PID=11225) to work on /opt/airflow/dags/playwright_shopee.py
[2026-05-17T09:58:53.300+0000] {processor.py:830} INFO - Processing file /opt/airflow/dags/playwright_shopee.py for tasks to queue
[2026-05-17T09:58:53.308+0000] {logging_mixin.py:188} INFO - [2026-05-17T09:58:53.305+0000] {dagbag.py:545} INFO - Filling up the DagBag from /opt/airflow/dags/playwright_shopee.py
[2026-05-17T09:58:54.343+0000] {logging_mixin.py:188} INFO - 🌐 Membuka Chromium...
[2026-05-17T09:58:54.709+0000] {logging_mixin.py:188} INFO - 🍪 Inject cookies Shopee...
[2026-05-17T09:58:54.714+0000] {logging_mixin.py:188} INFO - ✅ 16 cookies berhasil diload dari /opt/airflow/dags/shopee_cookies.json
[2026-05-17T09:58:54.929+0000] {logging_mixin.py:188} INFO - 🌍 Membuka Shopee search...
[2026-05-17T09:59:02.732+0000] {logging_mixin.py:188} INFO - 📄 URL   : https://shopee.co.id/search?keyword=msi%20gaming
[2026-05-17T09:59:04.531+0000] {logging_mixin.py:188} INFO - 📄 TITLE : Jual msi gaming Harga Terbaik & Termurah Mei 2026 | Shopee Indonesia
[2026-05-17T09:59:05.940+0000] {logging_mixin.py:188} INFO - ❌ Kena traffic verify — cookies mungkin expired.
[2026-05-17T09:59:05.941+0000] {logging_mixin.py:188} INFO - ⚠️  Export ulang cookies dari Chrome dan update shopee_cookies.json
[2026-05-17T09:59:08.724+0000] {logging_mixin.py:188} INFO - [2026-05-17T09:59:08.723+0000] {dagbag.py:355} ERROR - Failed to import: /opt/airflow/dags/playwright_shopee.py
Traceback (most recent call last):
  File "/home/airflow/.local/lib/python3.8/site-packages/airflow/models/dagbag.py", line 351, in parse
    loader.exec_module(new_module)
  File "<frozen importlib._bootstrap_external>", line 843, in exec_module
  File "<frozen importlib._bootstrap>", line 219, in _call_with_frames_removed
  File "/opt/airflow/dags/playwright_shopee.py", line 218, in <module>
    raise RuntimeError(
RuntimeError: Shopee traffic verify detected. Update shopee_cookies.json dari Cookie-Editor.
[2026-05-17T09:59:08.726+0000] {processor.py:842} WARNING - No viable dags retrieved from /opt/airflow/dags/playwright_shopee.py
[2026-05-17T09:59:08.764+0000] {processor.py:183} INFO - Processing /opt/airflow/dags/playwright_shopee.py took 15.481 seconds
[2026-05-17T09:59:39.083+0000] {processor.py:161} INFO - Started process (PID=11349) to work on /opt/airflow/dags/playwright_shopee.py
[2026-05-17T09:59:39.084+0000] {processor.py:830} INFO - Processing file /opt/airflow/dags/playwright_shopee.py for tasks to queue
[2026-05-17T09:59:39.087+0000] {logging_mixin.py:188} INFO - [2026-05-17T09:59:39.086+0000] {dagbag.py:545} INFO - Filling up the DagBag from /opt/airflow/dags/playwright_shopee.py
[2026-05-17T09:59:40.025+0000] {logging_mixin.py:188} INFO - 🌐 Membuka Chromium...
[2026-05-17T09:59:40.317+0000] {logging_mixin.py:188} INFO - 🍪 Inject cookies Shopee...
[2026-05-17T09:59:40.376+0000] {logging_mixin.py:188} INFO - ✅ 16 cookies berhasil diload dari /opt/airflow/dags/shopee_cookies.json
[2026-05-17T09:59:40.589+0000] {logging_mixin.py:188} INFO - 🌍 Membuka Shopee search...
[2026-05-17T09:59:47.440+0000] {logging_mixin.py:188} INFO - 📄 URL   : https://shopee.co.id/search?keyword=msi%20gaming
[2026-05-17T09:59:48.103+0000] {logging_mixin.py:188} INFO - 📄 TITLE : Shopee Indonesia | Situs Belanja Online Terlengkap & Terpercaya
[2026-05-17T09:59:51.134+0000] {logging_mixin.py:188} INFO - ❌ Cookies tidak valid atau sudah expired.
[2026-05-17T09:59:51.330+0000] {logging_mixin.py:188} INFO - [2026-05-17T09:59:51.328+0000] {dagbag.py:355} ERROR - Failed to import: /opt/airflow/dags/playwright_shopee.py
Traceback (most recent call last):
  File "/home/airflow/.local/lib/python3.8/site-packages/airflow/models/dagbag.py", line 351, in parse
    loader.exec_module(new_module)
  File "<frozen importlib._bootstrap_external>", line 843, in exec_module
  File "<frozen importlib._bootstrap>", line 219, in _call_with_frames_removed
  File "/opt/airflow/dags/playwright_shopee.py", line 228, in <module>
    raise RuntimeError("Cookies tidak valid. Export ulang dari Chrome.")
RuntimeError: Cookies tidak valid. Export ulang dari Chrome.
[2026-05-17T09:59:51.333+0000] {processor.py:842} WARNING - No viable dags retrieved from /opt/airflow/dags/playwright_shopee.py
[2026-05-17T09:59:51.374+0000] {processor.py:183} INFO - Processing /opt/airflow/dags/playwright_shopee.py took 12.301 seconds
[2026-05-17T10:00:21.799+0000] {processor.py:161} INFO - Started process (PID=11470) to work on /opt/airflow/dags/playwright_shopee.py
[2026-05-17T10:00:21.801+0000] {processor.py:830} INFO - Processing file /opt/airflow/dags/playwright_shopee.py for tasks to queue
[2026-05-17T10:00:21.803+0000] {logging_mixin.py:188} INFO - [2026-05-17T10:00:21.803+0000] {dagbag.py:545} INFO - Filling up the DagBag from /opt/airflow/dags/playwright_shopee.py
[2026-05-17T10:00:22.994+0000] {logging_mixin.py:188} INFO - 🌐 Membuka Chromium...
[2026-05-17T10:00:23.331+0000] {logging_mixin.py:188} INFO - 🍪 Inject cookies Shopee...
[2026-05-17T10:00:23.336+0000] {logging_mixin.py:188} INFO - ✅ 16 cookies berhasil diload dari /opt/airflow/dags/shopee_cookies.json
[2026-05-17T10:00:23.534+0000] {logging_mixin.py:188} INFO - 🌍 Membuka Shopee search...
[2026-05-17T10:00:30.506+0000] {logging_mixin.py:188} INFO - 📄 URL   : https://shopee.co.id/search?keyword=msi%20gaming
[2026-05-17T10:00:30.970+0000] {logging_mixin.py:188} INFO - 📄 TITLE : Shopee Indonesia | Situs Belanja Online Terlengkap & Terpercaya
[2026-05-17T10:00:33.521+0000] {logging_mixin.py:188} INFO - ❌ Kena traffic verify — cookies mungkin expired.
[2026-05-17T10:00:33.523+0000] {logging_mixin.py:188} INFO - ⚠️  Export ulang cookies dari Chrome dan update shopee_cookies.json
[2026-05-17T10:00:35.224+0000] {logging_mixin.py:188} INFO - [2026-05-17T10:00:35.219+0000] {dagbag.py:355} ERROR - Failed to import: /opt/airflow/dags/playwright_shopee.py
Traceback (most recent call last):
  File "/home/airflow/.local/lib/python3.8/site-packages/airflow/models/dagbag.py", line 351, in parse
    loader.exec_module(new_module)
  File "<frozen importlib._bootstrap_external>", line 843, in exec_module
  File "<frozen importlib._bootstrap>", line 219, in _call_with_frames_removed
  File "/opt/airflow/dags/playwright_shopee.py", line 218, in <module>
    raise RuntimeError(
RuntimeError: Shopee traffic verify detected. Update shopee_cookies.json dari Cookie-Editor.
[2026-05-17T10:00:35.227+0000] {processor.py:842} WARNING - No viable dags retrieved from /opt/airflow/dags/playwright_shopee.py
[2026-05-17T10:00:35.265+0000] {processor.py:183} INFO - Processing /opt/airflow/dags/playwright_shopee.py took 13.478 seconds
[2026-05-17T10:01:05.621+0000] {processor.py:161} INFO - Started process (PID=11584) to work on /opt/airflow/dags/playwright_shopee.py
[2026-05-17T10:01:05.622+0000] {processor.py:830} INFO - Processing file /opt/airflow/dags/playwright_shopee.py for tasks to queue
[2026-05-17T10:01:05.624+0000] {logging_mixin.py:188} INFO - [2026-05-17T10:01:05.624+0000] {dagbag.py:545} INFO - Filling up the DagBag from /opt/airflow/dags/playwright_shopee.py
[2026-05-17T10:01:06.639+0000] {logging_mixin.py:188} INFO - 🌐 Membuka Chromium...
[2026-05-17T10:01:07.004+0000] {logging_mixin.py:188} INFO - 🍪 Inject cookies Shopee...
[2026-05-17T10:01:07.011+0000] {logging_mixin.py:188} INFO - ✅ 16 cookies berhasil diload dari /opt/airflow/dags/shopee_cookies.json
[2026-05-17T10:01:07.223+0000] {logging_mixin.py:188} INFO - 🌍 Membuka Shopee search...
[2026-05-17T10:01:13.471+0000] {logging_mixin.py:188} INFO - 📄 URL   : https://shopee.co.id/search?keyword=msi%20gaming
[2026-05-17T10:01:13.919+0000] {logging_mixin.py:188} INFO - 📄 TITLE : Shopee Indonesia | Situs Belanja Online Terlengkap & Terpercaya
[2026-05-17T10:01:17.357+0000] {logging_mixin.py:188} INFO - ❌ Kena traffic verify — cookies mungkin expired.
[2026-05-17T10:01:17.358+0000] {logging_mixin.py:188} INFO - ⚠️  Export ulang cookies dari Chrome dan update shopee_cookies.json
[2026-05-17T10:01:18.816+0000] {logging_mixin.py:188} INFO - [2026-05-17T10:01:18.814+0000] {dagbag.py:355} ERROR - Failed to import: /opt/airflow/dags/playwright_shopee.py
Traceback (most recent call last):
  File "/home/airflow/.local/lib/python3.8/site-packages/airflow/models/dagbag.py", line 351, in parse
    loader.exec_module(new_module)
  File "<frozen importlib._bootstrap_external>", line 843, in exec_module
  File "<frozen importlib._bootstrap>", line 219, in _call_with_frames_removed
  File "/opt/airflow/dags/playwright_shopee.py", line 218, in <module>
    raise RuntimeError(
RuntimeError: Shopee traffic verify detected. Update shopee_cookies.json dari Cookie-Editor.
[2026-05-17T10:01:18.818+0000] {processor.py:842} WARNING - No viable dags retrieved from /opt/airflow/dags/playwright_shopee.py
[2026-05-17T10:01:18.864+0000] {processor.py:183} INFO - Processing /opt/airflow/dags/playwright_shopee.py took 13.255 seconds
[2026-05-17T10:01:49.210+0000] {processor.py:161} INFO - Started process (PID=11704) to work on /opt/airflow/dags/playwright_shopee.py
[2026-05-17T10:01:49.212+0000] {processor.py:830} INFO - Processing file /opt/airflow/dags/playwright_shopee.py for tasks to queue
[2026-05-17T10:01:49.214+0000] {logging_mixin.py:188} INFO - [2026-05-17T10:01:49.214+0000] {dagbag.py:545} INFO - Filling up the DagBag from /opt/airflow/dags/playwright_shopee.py
[2026-05-17T10:01:50.337+0000] {logging_mixin.py:188} INFO - 🌐 Membuka Chromium...
[2026-05-17T10:01:50.658+0000] {logging_mixin.py:188} INFO - 🍪 Inject cookies Shopee...
[2026-05-17T10:01:50.666+0000] {logging_mixin.py:188} INFO - ✅ 16 cookies berhasil diload dari /opt/airflow/dags/shopee_cookies.json
[2026-05-17T10:01:50.848+0000] {logging_mixin.py:188} INFO - 🌍 Membuka Shopee search...
[2026-05-17T10:01:57.774+0000] {logging_mixin.py:188} INFO - 📄 URL   : https://shopee.co.id/search?keyword=msi%20gaming
[2026-05-17T10:02:00.229+0000] {logging_mixin.py:188} INFO - 📄 TITLE : Jual msi gaming Harga Terbaik & Termurah Mei 2026 | Shopee Indonesia
[2026-05-17T10:02:01.140+0000] {logging_mixin.py:188} INFO - ❌ Kena traffic verify — cookies mungkin expired.
[2026-05-17T10:02:01.141+0000] {logging_mixin.py:188} INFO - ⚠️  Export ulang cookies dari Chrome dan update shopee_cookies.json
[2026-05-17T10:02:05.053+0000] {logging_mixin.py:188} INFO - [2026-05-17T10:02:05.051+0000] {dagbag.py:355} ERROR - Failed to import: /opt/airflow/dags/playwright_shopee.py
Traceback (most recent call last):
  File "/home/airflow/.local/lib/python3.8/site-packages/airflow/models/dagbag.py", line 351, in parse
    loader.exec_module(new_module)
  File "<frozen importlib._bootstrap_external>", line 843, in exec_module
  File "<frozen importlib._bootstrap>", line 219, in _call_with_frames_removed
  File "/opt/airflow/dags/playwright_shopee.py", line 218, in <module>
    raise RuntimeError(
RuntimeError: Shopee traffic verify detected. Update shopee_cookies.json dari Cookie-Editor.
[2026-05-17T10:02:05.056+0000] {processor.py:842} WARNING - No viable dags retrieved from /opt/airflow/dags/playwright_shopee.py
[2026-05-17T10:02:05.098+0000] {processor.py:183} INFO - Processing /opt/airflow/dags/playwright_shopee.py took 15.896 seconds
[2026-05-17T10:02:35.484+0000] {processor.py:161} INFO - Started process (PID=11820) to work on /opt/airflow/dags/playwright_shopee.py
[2026-05-17T10:02:35.485+0000] {processor.py:830} INFO - Processing file /opt/airflow/dags/playwright_shopee.py for tasks to queue
[2026-05-17T10:02:35.488+0000] {logging_mixin.py:188} INFO - [2026-05-17T10:02:35.487+0000] {dagbag.py:545} INFO - Filling up the DagBag from /opt/airflow/dags/playwright_shopee.py
[2026-05-17T10:02:36.767+0000] {logging_mixin.py:188} INFO - 🌐 Membuka Chromium...
[2026-05-17T10:02:37.163+0000] {logging_mixin.py:188} INFO - 🍪 Inject cookies Shopee...
[2026-05-17T10:02:37.166+0000] {logging_mixin.py:188} INFO - ✅ 16 cookies berhasil diload dari /opt/airflow/dags/shopee_cookies.json
[2026-05-17T10:02:37.382+0000] {logging_mixin.py:188} INFO - 🌍 Membuka Shopee search...
[2026-05-17T10:02:44.229+0000] {logging_mixin.py:188} INFO - 📄 URL   : https://shopee.co.id/search?keyword=msi%20gaming
[2026-05-17T10:02:44.859+0000] {logging_mixin.py:188} INFO - 📄 TITLE : Shopee Indonesia | Situs Belanja Online Terlengkap & Terpercaya
[2026-05-17T10:02:47.467+0000] {logging_mixin.py:188} INFO - ❌ Kena traffic verify — cookies mungkin expired.
[2026-05-17T10:02:47.470+0000] {logging_mixin.py:188} INFO - ⚠️  Export ulang cookies dari Chrome dan update shopee_cookies.json
[2026-05-17T10:02:48.929+0000] {logging_mixin.py:188} INFO - [2026-05-17T10:02:48.927+0000] {dagbag.py:355} ERROR - Failed to import: /opt/airflow/dags/playwright_shopee.py
Traceback (most recent call last):
  File "/home/airflow/.local/lib/python3.8/site-packages/airflow/models/dagbag.py", line 351, in parse
    loader.exec_module(new_module)
  File "<frozen importlib._bootstrap_external>", line 843, in exec_module
  File "<frozen importlib._bootstrap>", line 219, in _call_with_frames_removed
  File "/opt/airflow/dags/playwright_shopee.py", line 218, in <module>
    raise RuntimeError(
RuntimeError: Shopee traffic verify detected. Update shopee_cookies.json dari Cookie-Editor.
[2026-05-17T10:02:48.932+0000] {processor.py:842} WARNING - No viable dags retrieved from /opt/airflow/dags/playwright_shopee.py
[2026-05-17T10:02:48.970+0000] {processor.py:183} INFO - Processing /opt/airflow/dags/playwright_shopee.py took 13.501 seconds
[2026-05-17T10:03:19.307+0000] {processor.py:161} INFO - Started process (PID=11942) to work on /opt/airflow/dags/playwright_shopee.py
[2026-05-17T10:03:19.308+0000] {processor.py:830} INFO - Processing file /opt/airflow/dags/playwright_shopee.py for tasks to queue
[2026-05-17T10:03:19.311+0000] {logging_mixin.py:188} INFO - [2026-05-17T10:03:19.310+0000] {dagbag.py:545} INFO - Filling up the DagBag from /opt/airflow/dags/playwright_shopee.py
[2026-05-17T10:03:20.260+0000] {logging_mixin.py:188} INFO - 🌐 Membuka Chromium...
[2026-05-17T10:03:20.586+0000] {logging_mixin.py:188} INFO - 🍪 Inject cookies Shopee...
[2026-05-17T10:03:20.599+0000] {logging_mixin.py:188} INFO - ✅ 16 cookies berhasil diload dari /opt/airflow/dags/shopee_cookies.json
[2026-05-17T10:03:20.903+0000] {logging_mixin.py:188} INFO - 🌍 Membuka Shopee search...
[2026-05-17T10:03:26.533+0000] {logging_mixin.py:188} INFO - 📄 URL   : https://shopee.co.id/search?keyword=msi%20gaming
[2026-05-17T10:03:27.103+0000] {logging_mixin.py:188} INFO - 📄 TITLE : Shopee Indonesia | Situs Belanja Online Terlengkap & Terpercaya
[2026-05-17T10:03:30.645+0000] {logging_mixin.py:188} INFO - ❌ Cookies tidak valid atau sudah expired.
[2026-05-17T10:03:30.815+0000] {logging_mixin.py:188} INFO - [2026-05-17T10:03:30.813+0000] {dagbag.py:355} ERROR - Failed to import: /opt/airflow/dags/playwright_shopee.py
Traceback (most recent call last):
  File "/home/airflow/.local/lib/python3.8/site-packages/airflow/models/dagbag.py", line 351, in parse
    loader.exec_module(new_module)
  File "<frozen importlib._bootstrap_external>", line 843, in exec_module
  File "<frozen importlib._bootstrap>", line 219, in _call_with_frames_removed
  File "/opt/airflow/dags/playwright_shopee.py", line 228, in <module>
    raise RuntimeError("Cookies tidak valid. Export ulang dari Chrome.")
RuntimeError: Cookies tidak valid. Export ulang dari Chrome.
[2026-05-17T10:03:30.817+0000] {processor.py:842} WARNING - No viable dags retrieved from /opt/airflow/dags/playwright_shopee.py
[2026-05-17T10:03:30.862+0000] {processor.py:183} INFO - Processing /opt/airflow/dags/playwright_shopee.py took 11.569 seconds
[2026-05-17T10:04:01.727+0000] {processor.py:161} INFO - Started process (PID=12058) to work on /opt/airflow/dags/playwright_shopee.py
[2026-05-17T10:04:01.729+0000] {processor.py:830} INFO - Processing file /opt/airflow/dags/playwright_shopee.py for tasks to queue
[2026-05-17T10:04:01.731+0000] {logging_mixin.py:188} INFO - [2026-05-17T10:04:01.731+0000] {dagbag.py:545} INFO - Filling up the DagBag from /opt/airflow/dags/playwright_shopee.py
[2026-05-17T10:04:02.703+0000] {logging_mixin.py:188} INFO - 🌐 Membuka Chromium...
[2026-05-17T10:04:03.072+0000] {logging_mixin.py:188} INFO - 🍪 Inject cookies Shopee...
[2026-05-17T10:04:03.077+0000] {logging_mixin.py:188} INFO - ✅ 16 cookies berhasil diload dari /opt/airflow/dags/shopee_cookies.json
[2026-05-17T10:04:03.434+0000] {logging_mixin.py:188} INFO - 🌍 Membuka Shopee search...
[2026-05-17T10:04:10.023+0000] {logging_mixin.py:188} INFO - 📄 URL   : https://shopee.co.id/search?keyword=msi%20gaming
[2026-05-17T10:04:10.247+0000] {logging_mixin.py:188} INFO - 📄 TITLE : Shopee Indonesia | Situs Belanja Online Terlengkap & Terpercaya
[2026-05-17T10:04:12.771+0000] {logging_mixin.py:188} INFO - ❌ Cookies tidak valid atau sudah expired.
[2026-05-17T10:04:12.951+0000] {logging_mixin.py:188} INFO - [2026-05-17T10:04:12.949+0000] {dagbag.py:355} ERROR - Failed to import: /opt/airflow/dags/playwright_shopee.py
Traceback (most recent call last):
  File "/home/airflow/.local/lib/python3.8/site-packages/airflow/models/dagbag.py", line 351, in parse
    loader.exec_module(new_module)
  File "<frozen importlib._bootstrap_external>", line 843, in exec_module
  File "<frozen importlib._bootstrap>", line 219, in _call_with_frames_removed
  File "/opt/airflow/dags/playwright_shopee.py", line 228, in <module>
    raise RuntimeError("Cookies tidak valid. Export ulang dari Chrome.")
RuntimeError: Cookies tidak valid. Export ulang dari Chrome.
[2026-05-17T10:04:12.954+0000] {processor.py:842} WARNING - No viable dags retrieved from /opt/airflow/dags/playwright_shopee.py
[2026-05-17T10:04:12.984+0000] {processor.py:183} INFO - Processing /opt/airflow/dags/playwright_shopee.py took 11.270 seconds
[2026-05-17T10:04:43.408+0000] {processor.py:161} INFO - Started process (PID=12171) to work on /opt/airflow/dags/playwright_shopee.py
[2026-05-17T10:04:43.410+0000] {processor.py:830} INFO - Processing file /opt/airflow/dags/playwright_shopee.py for tasks to queue
[2026-05-17T10:04:43.414+0000] {logging_mixin.py:188} INFO - [2026-05-17T10:04:43.413+0000] {dagbag.py:545} INFO - Filling up the DagBag from /opt/airflow/dags/playwright_shopee.py
[2026-05-17T10:04:44.858+0000] {logging_mixin.py:188} INFO - 🌐 Membuka Chromium...
[2026-05-17T10:04:45.276+0000] {logging_mixin.py:188} INFO - 🍪 Inject cookies Shopee...
[2026-05-17T10:04:45.281+0000] {logging_mixin.py:188} INFO - ✅ 16 cookies berhasil diload dari /opt/airflow/dags/shopee_cookies.json
[2026-05-17T10:04:45.579+0000] {logging_mixin.py:188} INFO - 🌍 Membuka Shopee search...
[2026-05-17T10:04:52.277+0000] {logging_mixin.py:188} INFO - 📄 URL   : https://shopee.co.id/search?keyword=msi%20gaming
[2026-05-17T10:04:52.705+0000] {logging_mixin.py:188} INFO - 📄 TITLE : Shopee Indonesia | Situs Belanja Online Terlengkap & Terpercaya
[2026-05-17T10:04:56.452+0000] {logging_mixin.py:188} INFO - ❌ Cookies tidak valid atau sudah expired.
[2026-05-17T10:04:56.666+0000] {logging_mixin.py:188} INFO - [2026-05-17T10:04:56.663+0000] {dagbag.py:355} ERROR - Failed to import: /opt/airflow/dags/playwright_shopee.py
Traceback (most recent call last):
  File "/home/airflow/.local/lib/python3.8/site-packages/airflow/models/dagbag.py", line 351, in parse
    loader.exec_module(new_module)
  File "<frozen importlib._bootstrap_external>", line 843, in exec_module
  File "<frozen importlib._bootstrap>", line 219, in _call_with_frames_removed
  File "/opt/airflow/dags/playwright_shopee.py", line 228, in <module>
    raise RuntimeError("Cookies tidak valid. Export ulang dari Chrome.")
RuntimeError: Cookies tidak valid. Export ulang dari Chrome.
[2026-05-17T10:04:56.668+0000] {processor.py:842} WARNING - No viable dags retrieved from /opt/airflow/dags/playwright_shopee.py
[2026-05-17T10:04:56.719+0000] {processor.py:183} INFO - Processing /opt/airflow/dags/playwright_shopee.py took 13.330 seconds
[2026-05-17T10:05:27.065+0000] {processor.py:161} INFO - Started process (PID=12293) to work on /opt/airflow/dags/playwright_shopee.py
[2026-05-17T10:05:27.067+0000] {processor.py:830} INFO - Processing file /opt/airflow/dags/playwright_shopee.py for tasks to queue
[2026-05-17T10:05:27.069+0000] {logging_mixin.py:188} INFO - [2026-05-17T10:05:27.068+0000] {dagbag.py:545} INFO - Filling up the DagBag from /opt/airflow/dags/playwright_shopee.py
[2026-05-17T10:05:27.790+0000] {logging_mixin.py:188} INFO - 🌐 Membuka Chromium...
[2026-05-17T10:05:28.079+0000] {logging_mixin.py:188} INFO - 🍪 Inject cookies Shopee...
[2026-05-17T10:05:28.085+0000] {logging_mixin.py:188} INFO - ✅ 16 cookies berhasil diload dari /opt/airflow/dags/shopee_cookies.json
[2026-05-17T10:05:28.279+0000] {logging_mixin.py:188} INFO - 🌍 Membuka Shopee search...
[2026-05-17T10:05:35.186+0000] {logging_mixin.py:188} INFO - 📄 URL   : https://shopee.co.id/search?keyword=msi%20gaming
[2026-05-17T10:05:35.617+0000] {logging_mixin.py:188} INFO - 📄 TITLE : Shopee Indonesia | Situs Belanja Online Terlengkap & Terpercaya
[2026-05-17T10:05:38.840+0000] {logging_mixin.py:188} INFO - ❌ Kena traffic verify — cookies mungkin expired.
[2026-05-17T10:05:38.841+0000] {logging_mixin.py:188} INFO - ⚠️  Export ulang cookies dari Chrome dan update shopee_cookies.json
[2026-05-17T10:05:39.626+0000] {logging_mixin.py:188} INFO - [2026-05-17T10:05:39.623+0000] {dagbag.py:355} ERROR - Failed to import: /opt/airflow/dags/playwright_shopee.py
Traceback (most recent call last):
  File "/home/airflow/.local/lib/python3.8/site-packages/airflow/models/dagbag.py", line 351, in parse
    loader.exec_module(new_module)
  File "<frozen importlib._bootstrap_external>", line 843, in exec_module
  File "<frozen importlib._bootstrap>", line 219, in _call_with_frames_removed
  File "/opt/airflow/dags/playwright_shopee.py", line 218, in <module>
    raise RuntimeError(
RuntimeError: Shopee traffic verify detected. Update shopee_cookies.json dari Cookie-Editor.
[2026-05-17T10:05:39.629+0000] {processor.py:842} WARNING - No viable dags retrieved from /opt/airflow/dags/playwright_shopee.py
[2026-05-17T10:05:39.662+0000] {processor.py:183} INFO - Processing /opt/airflow/dags/playwright_shopee.py took 12.607 seconds
[2026-05-17T10:06:09.999+0000] {processor.py:161} INFO - Started process (PID=12408) to work on /opt/airflow/dags/playwright_shopee.py
[2026-05-17T10:06:10.000+0000] {processor.py:830} INFO - Processing file /opt/airflow/dags/playwright_shopee.py for tasks to queue
[2026-05-17T10:06:10.003+0000] {logging_mixin.py:188} INFO - [2026-05-17T10:06:10.003+0000] {dagbag.py:545} INFO - Filling up the DagBag from /opt/airflow/dags/playwright_shopee.py
[2026-05-17T10:06:10.729+0000] {logging_mixin.py:188} INFO - 🌐 Membuka Chromium...
[2026-05-17T10:06:11.031+0000] {logging_mixin.py:188} INFO - 🍪 Inject cookies Shopee...
[2026-05-17T10:06:11.042+0000] {logging_mixin.py:188} INFO - ✅ 16 cookies berhasil diload dari /opt/airflow/dags/shopee_cookies.json
[2026-05-17T10:06:11.224+0000] {logging_mixin.py:188} INFO - 🌍 Membuka Shopee search...
[2026-05-17T10:06:18.018+0000] {logging_mixin.py:188} INFO - 📄 URL   : https://shopee.co.id/search?keyword=msi%20gaming
[2026-05-17T10:06:18.434+0000] {logging_mixin.py:188} INFO - 📄 TITLE : Shopee Indonesia | Situs Belanja Online Terlengkap & Terpercaya
[2026-05-17T10:06:21.469+0000] {logging_mixin.py:188} INFO - ❌ Kena traffic verify — cookies mungkin expired.
[2026-05-17T10:06:21.471+0000] {logging_mixin.py:188} INFO - ⚠️  Export ulang cookies dari Chrome dan update shopee_cookies.json
[2026-05-17T10:06:23.522+0000] {logging_mixin.py:188} INFO - [2026-05-17T10:06:23.520+0000] {dagbag.py:355} ERROR - Failed to import: /opt/airflow/dags/playwright_shopee.py
Traceback (most recent call last):
  File "/home/airflow/.local/lib/python3.8/site-packages/airflow/models/dagbag.py", line 351, in parse
    loader.exec_module(new_module)
  File "<frozen importlib._bootstrap_external>", line 843, in exec_module
  File "<frozen importlib._bootstrap>", line 219, in _call_with_frames_removed
  File "/opt/airflow/dags/playwright_shopee.py", line 218, in <module>
    raise RuntimeError(
RuntimeError: Shopee traffic verify detected. Update shopee_cookies.json dari Cookie-Editor.
[2026-05-17T10:06:23.524+0000] {processor.py:842} WARNING - No viable dags retrieved from /opt/airflow/dags/playwright_shopee.py
[2026-05-17T10:06:23.565+0000] {processor.py:183} INFO - Processing /opt/airflow/dags/playwright_shopee.py took 13.578 seconds
[2026-05-17T10:06:53.997+0000] {processor.py:161} INFO - Started process (PID=12534) to work on /opt/airflow/dags/playwright_shopee.py
[2026-05-17T10:06:53.999+0000] {processor.py:830} INFO - Processing file /opt/airflow/dags/playwright_shopee.py for tasks to queue
[2026-05-17T10:06:54.002+0000] {logging_mixin.py:188} INFO - [2026-05-17T10:06:54.001+0000] {dagbag.py:545} INFO - Filling up the DagBag from /opt/airflow/dags/playwright_shopee.py
[2026-05-17T10:06:55.070+0000] {logging_mixin.py:188} INFO - 🌐 Membuka Chromium...
[2026-05-17T10:06:55.639+0000] {logging_mixin.py:188} INFO - 🍪 Inject cookies Shopee...
[2026-05-17T10:06:55.648+0000] {logging_mixin.py:188} INFO - ✅ 16 cookies berhasil diload dari /opt/airflow/dags/shopee_cookies.json
[2026-05-17T10:06:55.935+0000] {logging_mixin.py:188} INFO - 🌍 Membuka Shopee search...
[2026-05-17T10:07:03.136+0000] {logging_mixin.py:188} INFO - 📄 URL   : https://shopee.co.id/search?keyword=msi%20gaming
[2026-05-17T10:07:03.907+0000] {logging_mixin.py:188} INFO - 📄 TITLE : Shopee Indonesia | Situs Belanja Online Terlengkap & Terpercaya
[2026-05-17T10:07:07.341+0000] {logging_mixin.py:188} INFO - ❌ Cookies tidak valid atau sudah expired.
[2026-05-17T10:07:07.626+0000] {logging_mixin.py:188} INFO - [2026-05-17T10:07:07.623+0000] {dagbag.py:355} ERROR - Failed to import: /opt/airflow/dags/playwright_shopee.py
Traceback (most recent call last):
  File "/home/airflow/.local/lib/python3.8/site-packages/airflow/models/dagbag.py", line 351, in parse
    loader.exec_module(new_module)
  File "<frozen importlib._bootstrap_external>", line 843, in exec_module
  File "<frozen importlib._bootstrap>", line 219, in _call_with_frames_removed
  File "/opt/airflow/dags/playwright_shopee.py", line 228, in <module>
    raise RuntimeError("Cookies tidak valid. Export ulang dari Chrome.")
RuntimeError: Cookies tidak valid. Export ulang dari Chrome.
[2026-05-17T10:07:07.629+0000] {processor.py:842} WARNING - No viable dags retrieved from /opt/airflow/dags/playwright_shopee.py
[2026-05-17T10:07:07.719+0000] {processor.py:183} INFO - Processing /opt/airflow/dags/playwright_shopee.py took 13.733 seconds
[2026-05-17T10:07:38.137+0000] {processor.py:161} INFO - Started process (PID=12659) to work on /opt/airflow/dags/playwright_shopee.py
[2026-05-17T10:07:38.139+0000] {processor.py:830} INFO - Processing file /opt/airflow/dags/playwright_shopee.py for tasks to queue
[2026-05-17T10:07:38.142+0000] {logging_mixin.py:188} INFO - [2026-05-17T10:07:38.142+0000] {dagbag.py:545} INFO - Filling up the DagBag from /opt/airflow/dags/playwright_shopee.py
[2026-05-17T10:07:38.937+0000] {logging_mixin.py:188} INFO - 🌐 Membuka Chromium...
[2026-05-17T10:07:39.393+0000] {logging_mixin.py:188} INFO - 🍪 Inject cookies Shopee...
[2026-05-17T10:07:39.399+0000] {logging_mixin.py:188} INFO - ✅ 16 cookies berhasil diload dari /opt/airflow/dags/shopee_cookies.json
[2026-05-17T10:07:39.624+0000] {logging_mixin.py:188} INFO - 🌍 Membuka Shopee search...
[2026-05-17T10:07:47.485+0000] {logging_mixin.py:188} INFO - 📄 URL   : https://shopee.co.id/search?keyword=msi%20gaming
[2026-05-17T10:07:48.170+0000] {logging_mixin.py:188} INFO - [2026-05-17T10:07:48.166+0000] {dagbag.py:355} ERROR - Failed to import: /opt/airflow/dags/playwright_shopee.py
Traceback (most recent call last):
  File "/home/airflow/.local/lib/python3.8/site-packages/airflow/models/dagbag.py", line 351, in parse
    loader.exec_module(new_module)
  File "<frozen importlib._bootstrap_external>", line 843, in exec_module
  File "<frozen importlib._bootstrap>", line 219, in _call_with_frames_removed
  File "/opt/airflow/dags/playwright_shopee.py", line 208, in <module>
    print("📄 TITLE :", page.title())
  File "/home/airflow/.local/lib/python3.8/site-packages/playwright/sync_api/_generated.py", line 9407, in title
    return mapping.from_maybe_impl(self._sync(self._impl_obj.title()))
  File "/home/airflow/.local/lib/python3.8/site-packages/playwright/_impl/_sync_base.py", line 115, in _sync
    return task.result()
  File "/home/airflow/.local/lib/python3.8/site-packages/playwright/_impl/_page.py", line 742, in title
    return await self._main_frame.title()
  File "/home/airflow/.local/lib/python3.8/site-packages/playwright/_impl/_frame.py", line 776, in title
    return await self._channel.send("title")
  File "/home/airflow/.local/lib/python3.8/site-packages/playwright/_impl/_connection.py", line 59, in send
    return await self._connection.wrap_api_call(
  File "/home/airflow/.local/lib/python3.8/site-packages/playwright/_impl/_connection.py", line 514, in wrap_api_call
    raise rewrite_error(error, f"{parsed_st['apiName']}: {error}") from None
playwright._impl._errors.Error: Page.title: Execution context was destroyed, most likely because of a navigation
[2026-05-17T10:07:48.172+0000] {processor.py:842} WARNING - No viable dags retrieved from /opt/airflow/dags/playwright_shopee.py
[2026-05-17T10:07:48.208+0000] {processor.py:183} INFO - Processing /opt/airflow/dags/playwright_shopee.py took 10.091 seconds
[2026-05-17T10:08:18.507+0000] {processor.py:161} INFO - Started process (PID=12773) to work on /opt/airflow/dags/playwright_shopee.py
[2026-05-17T10:08:18.508+0000] {processor.py:830} INFO - Processing file /opt/airflow/dags/playwright_shopee.py for tasks to queue
[2026-05-17T10:08:18.511+0000] {logging_mixin.py:188} INFO - [2026-05-17T10:08:18.511+0000] {dagbag.py:545} INFO - Filling up the DagBag from /opt/airflow/dags/playwright_shopee.py
[2026-05-17T10:08:19.249+0000] {logging_mixin.py:188} INFO - 🌐 Membuka Chromium...
[2026-05-17T10:08:19.598+0000] {logging_mixin.py:188} INFO - 🍪 Inject cookies Shopee...
[2026-05-17T10:08:19.602+0000] {logging_mixin.py:188} INFO - ✅ 16 cookies berhasil diload dari /opt/airflow/dags/shopee_cookies.json
[2026-05-17T10:08:19.784+0000] {logging_mixin.py:188} INFO - 🌍 Membuka Shopee search...
[2026-05-17T10:08:25.745+0000] {logging_mixin.py:188} INFO - 📄 URL   : https://shopee.co.id/search?keyword=msi%20gaming
[2026-05-17T10:08:26.209+0000] {logging_mixin.py:188} INFO - 📄 TITLE : Shopee Indonesia | Situs Belanja Online Terlengkap & Terpercaya
[2026-05-17T10:08:28.305+0000] {logging_mixin.py:188} INFO - ❌ Cookies tidak valid atau sudah expired.
[2026-05-17T10:08:28.540+0000] {logging_mixin.py:188} INFO - [2026-05-17T10:08:28.538+0000] {dagbag.py:355} ERROR - Failed to import: /opt/airflow/dags/playwright_shopee.py
Traceback (most recent call last):
  File "/home/airflow/.local/lib/python3.8/site-packages/airflow/models/dagbag.py", line 351, in parse
    loader.exec_module(new_module)
  File "<frozen importlib._bootstrap_external>", line 843, in exec_module
  File "<frozen importlib._bootstrap>", line 219, in _call_with_frames_removed
  File "/opt/airflow/dags/playwright_shopee.py", line 228, in <module>
    raise RuntimeError("Cookies tidak valid. Export ulang dari Chrome.")
RuntimeError: Cookies tidak valid. Export ulang dari Chrome.
[2026-05-17T10:08:28.543+0000] {processor.py:842} WARNING - No viable dags retrieved from /opt/airflow/dags/playwright_shopee.py
[2026-05-17T10:08:28.582+0000] {processor.py:183} INFO - Processing /opt/airflow/dags/playwright_shopee.py took 10.083 seconds
[2026-05-17T10:08:58.962+0000] {processor.py:161} INFO - Started process (PID=12889) to work on /opt/airflow/dags/playwright_shopee.py
[2026-05-17T10:08:58.964+0000] {processor.py:830} INFO - Processing file /opt/airflow/dags/playwright_shopee.py for tasks to queue
[2026-05-17T10:08:58.967+0000] {logging_mixin.py:188} INFO - [2026-05-17T10:08:58.966+0000] {dagbag.py:545} INFO - Filling up the DagBag from /opt/airflow/dags/playwright_shopee.py
[2026-05-17T10:08:59.873+0000] {logging_mixin.py:188} INFO - 🌐 Membuka Chromium...
[2026-05-17T10:09:00.180+0000] {logging_mixin.py:188} INFO - 🍪 Inject cookies Shopee...
[2026-05-17T10:09:00.186+0000] {logging_mixin.py:188} INFO - ✅ 16 cookies berhasil diload dari /opt/airflow/dags/shopee_cookies.json
[2026-05-17T10:09:00.381+0000] {logging_mixin.py:188} INFO - 🌍 Membuka Shopee search...
[2026-05-17T10:09:08.278+0000] {logging_mixin.py:188} INFO - 📄 URL   : https://shopee.co.id/search?keyword=msi%20gaming
[2026-05-17T10:09:09.672+0000] {logging_mixin.py:188} INFO - 📄 TITLE : Jual msi gaming Harga Terbaik & Termurah Mei 2026 | Shopee Indonesia
[2026-05-17T10:09:11.062+0000] {logging_mixin.py:188} INFO - ❌ Kena traffic verify — cookies mungkin expired.
[2026-05-17T10:09:11.064+0000] {logging_mixin.py:188} INFO - ⚠️  Export ulang cookies dari Chrome dan update shopee_cookies.json
[2026-05-17T10:09:13.717+0000] {logging_mixin.py:188} INFO - [2026-05-17T10:09:13.715+0000] {dagbag.py:355} ERROR - Failed to import: /opt/airflow/dags/playwright_shopee.py
Traceback (most recent call last):
  File "/home/airflow/.local/lib/python3.8/site-packages/airflow/models/dagbag.py", line 351, in parse
    loader.exec_module(new_module)
  File "<frozen importlib._bootstrap_external>", line 843, in exec_module
  File "<frozen importlib._bootstrap>", line 219, in _call_with_frames_removed
  File "/opt/airflow/dags/playwright_shopee.py", line 218, in <module>
    raise RuntimeError(
RuntimeError: Shopee traffic verify detected. Update shopee_cookies.json dari Cookie-Editor.
[2026-05-17T10:09:13.719+0000] {processor.py:842} WARNING - No viable dags retrieved from /opt/airflow/dags/playwright_shopee.py
[2026-05-17T10:09:13.768+0000] {processor.py:183} INFO - Processing /opt/airflow/dags/playwright_shopee.py took 14.819 seconds
[2026-05-17T10:09:44.223+0000] {processor.py:161} INFO - Started process (PID=13020) to work on /opt/airflow/dags/playwright_shopee.py
[2026-05-17T10:09:44.225+0000] {processor.py:830} INFO - Processing file /opt/airflow/dags/playwright_shopee.py for tasks to queue
[2026-05-17T10:09:44.228+0000] {logging_mixin.py:188} INFO - [2026-05-17T10:09:44.227+0000] {dagbag.py:545} INFO - Filling up the DagBag from /opt/airflow/dags/playwright_shopee.py
[2026-05-17T10:09:45.177+0000] {logging_mixin.py:188} INFO - 🌐 Membuka Chromium...
[2026-05-17T10:09:45.547+0000] {logging_mixin.py:188} INFO - 🍪 Inject cookies Shopee...
[2026-05-17T10:09:45.552+0000] {logging_mixin.py:188} INFO - ✅ 16 cookies berhasil diload dari /opt/airflow/dags/shopee_cookies.json
[2026-05-17T10:09:45.780+0000] {logging_mixin.py:188} INFO - 🌍 Membuka Shopee search...
[2026-05-17T10:09:53.570+0000] {logging_mixin.py:188} INFO - 📄 URL   : https://shopee.co.id/search?keyword=msi%20gaming
[2026-05-17T10:09:54.248+0000] {logging_mixin.py:188} INFO - 📄 TITLE : Shopee Indonesia | Situs Belanja Online Terlengkap & Terpercaya
[2026-05-17T10:09:57.052+0000] {logging_mixin.py:188} INFO - ❌ Cookies tidak valid atau sudah expired.
[2026-05-17T10:09:57.268+0000] {logging_mixin.py:188} INFO - [2026-05-17T10:09:57.266+0000] {dagbag.py:355} ERROR - Failed to import: /opt/airflow/dags/playwright_shopee.py
Traceback (most recent call last):
  File "/home/airflow/.local/lib/python3.8/site-packages/airflow/models/dagbag.py", line 351, in parse
    loader.exec_module(new_module)
  File "<frozen importlib._bootstrap_external>", line 843, in exec_module
  File "<frozen importlib._bootstrap>", line 219, in _call_with_frames_removed
  File "/opt/airflow/dags/playwright_shopee.py", line 228, in <module>
    raise RuntimeError("Cookies tidak valid. Export ulang dari Chrome.")
RuntimeError: Cookies tidak valid. Export ulang dari Chrome.
[2026-05-17T10:09:57.269+0000] {processor.py:842} WARNING - No viable dags retrieved from /opt/airflow/dags/playwright_shopee.py
[2026-05-17T10:09:57.313+0000] {processor.py:183} INFO - Processing /opt/airflow/dags/playwright_shopee.py took 13.102 seconds
[2026-05-17T10:10:28.302+0000] {processor.py:161} INFO - Started process (PID=13136) to work on /opt/airflow/dags/playwright_shopee.py
[2026-05-17T10:10:28.304+0000] {processor.py:830} INFO - Processing file /opt/airflow/dags/playwright_shopee.py for tasks to queue
[2026-05-17T10:10:28.309+0000] {logging_mixin.py:188} INFO - [2026-05-17T10:10:28.308+0000] {dagbag.py:545} INFO - Filling up the DagBag from /opt/airflow/dags/playwright_shopee.py
[2026-05-17T10:10:29.220+0000] {logging_mixin.py:188} INFO - 🌐 Membuka Chromium...
[2026-05-17T10:10:29.580+0000] {logging_mixin.py:188} INFO - 🍪 Inject cookies Shopee...
[2026-05-17T10:10:29.588+0000] {logging_mixin.py:188} INFO - ✅ 16 cookies berhasil diload dari /opt/airflow/dags/shopee_cookies.json
[2026-05-17T10:10:29.791+0000] {logging_mixin.py:188} INFO - 🌍 Membuka Shopee search...
[2026-05-17T10:10:35.972+0000] {logging_mixin.py:188} INFO - 📄 URL   : https://shopee.co.id/search?keyword=msi%20gaming
[2026-05-17T10:10:36.442+0000] {logging_mixin.py:188} INFO - 📄 TITLE : Shopee Indonesia | Situs Belanja Online Terlengkap & Terpercaya
[2026-05-17T10:10:40.089+0000] {logging_mixin.py:188} INFO - [2026-05-17T10:10:40.087+0000] {dagbag.py:355} ERROR - Failed to import: /opt/airflow/dags/playwright_shopee.py
Traceback (most recent call last):
  File "/home/airflow/.local/lib/python3.8/site-packages/airflow/models/dagbag.py", line 351, in parse
    loader.exec_module(new_module)
  File "<frozen importlib._bootstrap_external>", line 843, in exec_module
  File "<frozen importlib._bootstrap>", line 219, in _call_with_frames_removed
  File "/opt/airflow/dags/playwright_shopee.py", line 224, in <module>
    content = page.content()
  File "/home/airflow/.local/lib/python3.8/site-packages/playwright/sync_api/_generated.py", line 8582, in content
    return mapping.from_maybe_impl(self._sync(self._impl_obj.content()))
  File "/home/airflow/.local/lib/python3.8/site-packages/playwright/_impl/_sync_base.py", line 115, in _sync
    return task.result()
  File "/home/airflow/.local/lib/python3.8/site-packages/playwright/_impl/_page.py", line 502, in content
    return await self._main_frame.content()
  File "/home/airflow/.local/lib/python3.8/site-packages/playwright/_impl/_frame.py", line 416, in content
    return await self._channel.send("content")
  File "/home/airflow/.local/lib/python3.8/site-packages/playwright/_impl/_connection.py", line 59, in send
    return await self._connection.wrap_api_call(
  File "/home/airflow/.local/lib/python3.8/site-packages/playwright/_impl/_connection.py", line 514, in wrap_api_call
    raise rewrite_error(error, f"{parsed_st['apiName']}: {error}") from None
playwright._impl._errors.Error: Page.content: Unable to retrieve content because the page is navigating and changing the content.
[2026-05-17T10:10:40.090+0000] {processor.py:842} WARNING - No viable dags retrieved from /opt/airflow/dags/playwright_shopee.py
[2026-05-17T10:10:40.126+0000] {processor.py:183} INFO - Processing /opt/airflow/dags/playwright_shopee.py took 11.844 seconds
[2026-05-17T10:11:10.515+0000] {processor.py:161} INFO - Started process (PID=13258) to work on /opt/airflow/dags/playwright_shopee.py
[2026-05-17T10:11:10.517+0000] {processor.py:830} INFO - Processing file /opt/airflow/dags/playwright_shopee.py for tasks to queue
[2026-05-17T10:11:10.519+0000] {logging_mixin.py:188} INFO - [2026-05-17T10:11:10.519+0000] {dagbag.py:545} INFO - Filling up the DagBag from /opt/airflow/dags/playwright_shopee.py
[2026-05-17T10:11:11.281+0000] {logging_mixin.py:188} INFO - 🌐 Membuka Chromium...
[2026-05-17T10:11:11.580+0000] {logging_mixin.py:188} INFO - 🍪 Inject cookies Shopee...
[2026-05-17T10:11:11.586+0000] {logging_mixin.py:188} INFO - ✅ 16 cookies berhasil diload dari /opt/airflow/dags/shopee_cookies.json
[2026-05-17T10:11:11.792+0000] {logging_mixin.py:188} INFO - 🌍 Membuka Shopee search...
[2026-05-17T10:11:18.193+0000] {logging_mixin.py:188} INFO - 📄 URL   : https://shopee.co.id/search?keyword=msi%20gaming
[2026-05-17T10:11:18.775+0000] {logging_mixin.py:188} INFO - 📄 TITLE : Shopee Indonesia | Situs Belanja Online Terlengkap & Terpercaya
[2026-05-17T10:11:22.039+0000] {logging_mixin.py:188} INFO - ❌ Cookies tidak valid atau sudah expired.
[2026-05-17T10:11:22.248+0000] {logging_mixin.py:188} INFO - [2026-05-17T10:11:22.247+0000] {dagbag.py:355} ERROR - Failed to import: /opt/airflow/dags/playwright_shopee.py
Traceback (most recent call last):
  File "/home/airflow/.local/lib/python3.8/site-packages/airflow/models/dagbag.py", line 351, in parse
    loader.exec_module(new_module)
  File "<frozen importlib._bootstrap_external>", line 843, in exec_module
  File "<frozen importlib._bootstrap>", line 219, in _call_with_frames_removed
  File "/opt/airflow/dags/playwright_shopee.py", line 228, in <module>
    raise RuntimeError("Cookies tidak valid. Export ulang dari Chrome.")
RuntimeError: Cookies tidak valid. Export ulang dari Chrome.
[2026-05-17T10:11:22.251+0000] {processor.py:842} WARNING - No viable dags retrieved from /opt/airflow/dags/playwright_shopee.py
[2026-05-17T10:11:22.300+0000] {processor.py:183} INFO - Processing /opt/airflow/dags/playwright_shopee.py took 11.797 seconds
[2026-05-17T10:11:52.794+0000] {processor.py:161} INFO - Started process (PID=13373) to work on /opt/airflow/dags/playwright_shopee.py
[2026-05-17T10:11:52.797+0000] {processor.py:830} INFO - Processing file /opt/airflow/dags/playwright_shopee.py for tasks to queue
[2026-05-17T10:11:52.802+0000] {logging_mixin.py:188} INFO - [2026-05-17T10:11:52.801+0000] {dagbag.py:545} INFO - Filling up the DagBag from /opt/airflow/dags/playwright_shopee.py
[2026-05-17T10:11:53.861+0000] {logging_mixin.py:188} INFO - 🌐 Membuka Chromium...
[2026-05-17T10:11:54.190+0000] {logging_mixin.py:188} INFO - 🍪 Inject cookies Shopee...
[2026-05-17T10:11:54.196+0000] {logging_mixin.py:188} INFO - ✅ 16 cookies berhasil diload dari /opt/airflow/dags/shopee_cookies.json
[2026-05-17T10:11:54.412+0000] {logging_mixin.py:188} INFO - 🌍 Membuka Shopee search...
[2026-05-17T10:12:01.584+0000] {logging_mixin.py:188} INFO - 📄 URL   : https://shopee.co.id/search?keyword=msi%20gaming
[2026-05-17T10:12:01.981+0000] {logging_mixin.py:188} INFO - 📄 TITLE : Shopee Indonesia | Situs Belanja Online Terlengkap & Terpercaya
[2026-05-17T10:12:05.305+0000] {logging_mixin.py:188} INFO - ❌ Kena traffic verify — cookies mungkin expired.
[2026-05-17T10:12:05.307+0000] {logging_mixin.py:188} INFO - ⚠️  Export ulang cookies dari Chrome dan update shopee_cookies.json
[2026-05-17T10:12:06.252+0000] {logging_mixin.py:188} INFO - [2026-05-17T10:12:06.249+0000] {dagbag.py:355} ERROR - Failed to import: /opt/airflow/dags/playwright_shopee.py
Traceback (most recent call last):
  File "/home/airflow/.local/lib/python3.8/site-packages/airflow/models/dagbag.py", line 351, in parse
    loader.exec_module(new_module)
  File "<frozen importlib._bootstrap_external>", line 843, in exec_module
  File "<frozen importlib._bootstrap>", line 219, in _call_with_frames_removed
  File "/opt/airflow/dags/playwright_shopee.py", line 218, in <module>
    raise RuntimeError(
RuntimeError: Shopee traffic verify detected. Update shopee_cookies.json dari Cookie-Editor.
[2026-05-17T10:12:06.254+0000] {processor.py:842} WARNING - No viable dags retrieved from /opt/airflow/dags/playwright_shopee.py
[2026-05-17T10:12:06.296+0000] {processor.py:183} INFO - Processing /opt/airflow/dags/playwright_shopee.py took 13.520 seconds
[2026-05-17T10:12:36.650+0000] {processor.py:161} INFO - Started process (PID=13493) to work on /opt/airflow/dags/playwright_shopee.py
[2026-05-17T10:12:36.652+0000] {processor.py:830} INFO - Processing file /opt/airflow/dags/playwright_shopee.py for tasks to queue
[2026-05-17T10:12:36.654+0000] {logging_mixin.py:188} INFO - [2026-05-17T10:12:36.653+0000] {dagbag.py:545} INFO - Filling up the DagBag from /opt/airflow/dags/playwright_shopee.py
[2026-05-17T10:12:37.457+0000] {logging_mixin.py:188} INFO - 🌐 Membuka Chromium...
[2026-05-17T10:12:37.800+0000] {logging_mixin.py:188} INFO - 🍪 Inject cookies Shopee...
[2026-05-17T10:12:37.805+0000] {logging_mixin.py:188} INFO - ✅ 16 cookies berhasil diload dari /opt/airflow/dags/shopee_cookies.json
[2026-05-17T10:12:38.027+0000] {logging_mixin.py:188} INFO - 🌍 Membuka Shopee search...
[2026-05-17T10:12:44.412+0000] {logging_mixin.py:188} INFO - 📄 URL   : https://shopee.co.id/search?keyword=msi%20gaming
[2026-05-17T10:12:44.739+0000] {logging_mixin.py:188} INFO - 📄 TITLE : Shopee Indonesia | Situs Belanja Online Terlengkap & Terpercaya
[2026-05-17T10:12:49.364+0000] {logging_mixin.py:188} INFO - ❌ Kena traffic verify — cookies mungkin expired.
[2026-05-17T10:12:49.367+0000] {logging_mixin.py:188} INFO - ⚠️  Export ulang cookies dari Chrome dan update shopee_cookies.json
[2026-05-17T10:12:53.781+0000] {logging_mixin.py:188} INFO - [2026-05-17T10:12:53.779+0000] {dagbag.py:355} ERROR - Failed to import: /opt/airflow/dags/playwright_shopee.py
Traceback (most recent call last):
  File "/home/airflow/.local/lib/python3.8/site-packages/airflow/models/dagbag.py", line 351, in parse
    loader.exec_module(new_module)
  File "<frozen importlib._bootstrap_external>", line 843, in exec_module
  File "<frozen importlib._bootstrap>", line 219, in _call_with_frames_removed
  File "/opt/airflow/dags/playwright_shopee.py", line 218, in <module>
    raise RuntimeError(
RuntimeError: Shopee traffic verify detected. Update shopee_cookies.json dari Cookie-Editor.
[2026-05-17T10:12:53.783+0000] {processor.py:842} WARNING - No viable dags retrieved from /opt/airflow/dags/playwright_shopee.py
[2026-05-17T10:12:53.852+0000] {processor.py:183} INFO - Processing /opt/airflow/dags/playwright_shopee.py took 17.213 seconds
[2026-05-17T10:13:24.191+0000] {processor.py:161} INFO - Started process (PID=13608) to work on /opt/airflow/dags/playwright_shopee.py
[2026-05-17T10:13:24.196+0000] {processor.py:830} INFO - Processing file /opt/airflow/dags/playwright_shopee.py for tasks to queue
[2026-05-17T10:13:24.200+0000] {logging_mixin.py:188} INFO - [2026-05-17T10:13:24.199+0000] {dagbag.py:545} INFO - Filling up the DagBag from /opt/airflow/dags/playwright_shopee.py
[2026-05-17T10:13:25.116+0000] {logging_mixin.py:188} INFO - 🌐 Membuka Chromium...
[2026-05-17T10:13:25.525+0000] {logging_mixin.py:188} INFO - 🍪 Inject cookies Shopee...
[2026-05-17T10:13:25.532+0000] {logging_mixin.py:188} INFO - ✅ 16 cookies berhasil diload dari /opt/airflow/dags/shopee_cookies.json
[2026-05-17T10:13:25.716+0000] {logging_mixin.py:188} INFO - 🌍 Membuka Shopee search...
[2026-05-17T10:13:33.593+0000] {logging_mixin.py:188} INFO - 📄 URL   : https://shopee.co.id/search?keyword=msi%20gaming
[2026-05-17T10:13:34.387+0000] {logging_mixin.py:188} INFO - 📄 TITLE : Shopee Indonesia | Situs Belanja Online Terlengkap & Terpercaya
[2026-05-17T10:13:37.569+0000] {logging_mixin.py:188} INFO - ❌ Kena traffic verify — cookies mungkin expired.
[2026-05-17T10:13:37.570+0000] {logging_mixin.py:188} INFO - ⚠️  Export ulang cookies dari Chrome dan update shopee_cookies.json
[2026-05-17T10:13:39.747+0000] {logging_mixin.py:188} INFO - [2026-05-17T10:13:39.745+0000] {dagbag.py:355} ERROR - Failed to import: /opt/airflow/dags/playwright_shopee.py
Traceback (most recent call last):
  File "/home/airflow/.local/lib/python3.8/site-packages/airflow/models/dagbag.py", line 351, in parse
    loader.exec_module(new_module)
  File "<frozen importlib._bootstrap_external>", line 843, in exec_module
  File "<frozen importlib._bootstrap>", line 219, in _call_with_frames_removed
  File "/opt/airflow/dags/playwright_shopee.py", line 218, in <module>
    raise RuntimeError(
RuntimeError: Shopee traffic verify detected. Update shopee_cookies.json dari Cookie-Editor.
[2026-05-17T10:13:39.749+0000] {processor.py:842} WARNING - No viable dags retrieved from /opt/airflow/dags/playwright_shopee.py
[2026-05-17T10:13:39.790+0000] {processor.py:183} INFO - Processing /opt/airflow/dags/playwright_shopee.py took 15.615 seconds
[2026-05-17T10:14:10.075+0000] {processor.py:161} INFO - Started process (PID=13736) to work on /opt/airflow/dags/playwright_shopee.py
[2026-05-17T10:14:10.077+0000] {processor.py:830} INFO - Processing file /opt/airflow/dags/playwright_shopee.py for tasks to queue
[2026-05-17T10:14:10.079+0000] {logging_mixin.py:188} INFO - [2026-05-17T10:14:10.079+0000] {dagbag.py:545} INFO - Filling up the DagBag from /opt/airflow/dags/playwright_shopee.py
[2026-05-17T10:14:10.631+0000] {logging_mixin.py:188} INFO - 🌐 Membuka Chromium...
[2026-05-17T10:14:10.876+0000] {logging_mixin.py:188} INFO - 🍪 Inject cookies Shopee...
[2026-05-17T10:14:10.880+0000] {logging_mixin.py:188} INFO - ✅ 16 cookies berhasil diload dari /opt/airflow/dags/shopee_cookies.json
[2026-05-17T10:14:11.007+0000] {logging_mixin.py:188} INFO - 🌍 Membuka Shopee search...
[2026-05-17T10:14:18.928+0000] {logging_mixin.py:188} INFO - 📄 URL   : https://shopee.co.id/search?keyword=msi%20gaming
[2026-05-17T10:14:20.112+0000] {logging_mixin.py:188} INFO - 📄 TITLE : Shopee Indonesia | Situs Belanja Online Terlengkap & Terpercaya
[2026-05-17T10:14:20.911+0000] {logging_mixin.py:188} INFO - ❌ Kena traffic verify — cookies mungkin expired.
[2026-05-17T10:14:20.912+0000] {logging_mixin.py:188} INFO - ⚠️  Export ulang cookies dari Chrome dan update shopee_cookies.json
[2026-05-17T10:14:21.714+0000] {logging_mixin.py:188} INFO - [2026-05-17T10:14:21.709+0000] {dagbag.py:355} ERROR - Failed to import: /opt/airflow/dags/playwright_shopee.py
Traceback (most recent call last):
  File "/home/airflow/.local/lib/python3.8/site-packages/airflow/models/dagbag.py", line 351, in parse
    loader.exec_module(new_module)
  File "<frozen importlib._bootstrap_external>", line 843, in exec_module
  File "<frozen importlib._bootstrap>", line 219, in _call_with_frames_removed
  File "/opt/airflow/dags/playwright_shopee.py", line 218, in <module>
    raise RuntimeError(
RuntimeError: Shopee traffic verify detected. Update shopee_cookies.json dari Cookie-Editor.
[2026-05-17T10:14:21.717+0000] {processor.py:842} WARNING - No viable dags retrieved from /opt/airflow/dags/playwright_shopee.py
[2026-05-17T10:14:21.761+0000] {processor.py:183} INFO - Processing /opt/airflow/dags/playwright_shopee.py took 11.695 seconds
[2026-05-17T10:14:51.892+0000] {processor.py:161} INFO - Started process (PID=13859) to work on /opt/airflow/dags/playwright_shopee.py
[2026-05-17T10:14:51.894+0000] {processor.py:830} INFO - Processing file /opt/airflow/dags/playwright_shopee.py for tasks to queue
[2026-05-17T10:14:51.896+0000] {logging_mixin.py:188} INFO - [2026-05-17T10:14:51.895+0000] {dagbag.py:545} INFO - Filling up the DagBag from /opt/airflow/dags/playwright_shopee.py
[2026-05-17T10:14:52.396+0000] {logging_mixin.py:188} INFO - 🌐 Membuka Chromium...
[2026-05-17T10:14:52.615+0000] {logging_mixin.py:188} INFO - 🍪 Inject cookies Shopee...
[2026-05-17T10:14:52.618+0000] {logging_mixin.py:188} INFO - ✅ 16 cookies berhasil diload dari /opt/airflow/dags/shopee_cookies.json
[2026-05-17T10:14:52.722+0000] {logging_mixin.py:188} INFO - 🌍 Membuka Shopee search...
[2026-05-17T10:14:59.983+0000] {logging_mixin.py:188} INFO - 📄 URL   : https://shopee.co.id/search?keyword=msi%20gaming
[2026-05-17T10:15:00.752+0000] {logging_mixin.py:188} INFO - 📄 TITLE : 
[2026-05-17T10:15:02.447+0000] {logging_mixin.py:188} INFO - ❌ Kena traffic verify — cookies mungkin expired.
[2026-05-17T10:15:02.448+0000] {logging_mixin.py:188} INFO - ⚠️  Export ulang cookies dari Chrome dan update shopee_cookies.json
[2026-05-17T10:15:03.172+0000] {logging_mixin.py:188} INFO - [2026-05-17T10:15:03.167+0000] {dagbag.py:355} ERROR - Failed to import: /opt/airflow/dags/playwright_shopee.py
Traceback (most recent call last):
  File "/home/airflow/.local/lib/python3.8/site-packages/airflow/models/dagbag.py", line 351, in parse
    loader.exec_module(new_module)
  File "<frozen importlib._bootstrap_external>", line 843, in exec_module
  File "<frozen importlib._bootstrap>", line 219, in _call_with_frames_removed
  File "/opt/airflow/dags/playwright_shopee.py", line 218, in <module>
    raise RuntimeError(
RuntimeError: Shopee traffic verify detected. Update shopee_cookies.json dari Cookie-Editor.
[2026-05-17T10:15:03.177+0000] {processor.py:842} WARNING - No viable dags retrieved from /opt/airflow/dags/playwright_shopee.py
[2026-05-17T10:15:03.241+0000] {processor.py:183} INFO - Processing /opt/airflow/dags/playwright_shopee.py took 11.355 seconds
[2026-05-17T10:15:33.548+0000] {processor.py:161} INFO - Started process (PID=13986) to work on /opt/airflow/dags/playwright_shopee.py
[2026-05-17T10:15:33.549+0000] {processor.py:830} INFO - Processing file /opt/airflow/dags/playwright_shopee.py for tasks to queue
[2026-05-17T10:15:33.551+0000] {logging_mixin.py:188} INFO - [2026-05-17T10:15:33.551+0000] {dagbag.py:545} INFO - Filling up the DagBag from /opt/airflow/dags/playwright_shopee.py
[2026-05-17T10:15:33.981+0000] {logging_mixin.py:188} INFO - 🌐 Membuka Chromium...
[2026-05-17T10:15:34.305+0000] {logging_mixin.py:188} INFO - 🍪 Inject cookies Shopee...
[2026-05-17T10:15:34.309+0000] {logging_mixin.py:188} INFO - ✅ 16 cookies berhasil diload dari /opt/airflow/dags/shopee_cookies.json
[2026-05-17T10:15:34.425+0000] {logging_mixin.py:188} INFO - 🌍 Membuka Shopee search...
[2026-05-17T10:15:42.086+0000] {logging_mixin.py:188} INFO - 📄 URL   : https://shopee.co.id/search?keyword=msi%20gaming
[2026-05-17T10:15:42.294+0000] {logging_mixin.py:188} INFO - 📄 TITLE : Shopee Indonesia | Situs Belanja Online Terlengkap & Terpercaya
[2026-05-17T10:15:43.215+0000] {logging_mixin.py:188} INFO - ❌ Kena traffic verify — cookies mungkin expired.
[2026-05-17T10:15:43.216+0000] {logging_mixin.py:188} INFO - ⚠️  Export ulang cookies dari Chrome dan update shopee_cookies.json
[2026-05-17T10:15:43.852+0000] {logging_mixin.py:188} INFO - [2026-05-17T10:15:43.847+0000] {dagbag.py:355} ERROR - Failed to import: /opt/airflow/dags/playwright_shopee.py
Traceback (most recent call last):
  File "/home/airflow/.local/lib/python3.8/site-packages/airflow/models/dagbag.py", line 351, in parse
    loader.exec_module(new_module)
  File "<frozen importlib._bootstrap_external>", line 843, in exec_module
  File "<frozen importlib._bootstrap>", line 219, in _call_with_frames_removed
  File "/opt/airflow/dags/playwright_shopee.py", line 218, in <module>
    raise RuntimeError(
RuntimeError: Shopee traffic verify detected. Update shopee_cookies.json dari Cookie-Editor.
[2026-05-17T10:15:43.857+0000] {processor.py:842} WARNING - No viable dags retrieved from /opt/airflow/dags/playwright_shopee.py
[2026-05-17T10:15:43.958+0000] {processor.py:183} INFO - Processing /opt/airflow/dags/playwright_shopee.py took 10.416 seconds
[2026-05-17T10:16:14.321+0000] {processor.py:161} INFO - Started process (PID=14109) to work on /opt/airflow/dags/playwright_shopee.py
[2026-05-17T10:16:14.322+0000] {processor.py:830} INFO - Processing file /opt/airflow/dags/playwright_shopee.py for tasks to queue
[2026-05-17T10:16:14.324+0000] {logging_mixin.py:188} INFO - [2026-05-17T10:16:14.324+0000] {dagbag.py:545} INFO - Filling up the DagBag from /opt/airflow/dags/playwright_shopee.py
[2026-05-17T10:16:14.807+0000] {logging_mixin.py:188} INFO - 🌐 Membuka Chromium...
[2026-05-17T10:16:15.099+0000] {logging_mixin.py:188} INFO - 🍪 Inject cookies Shopee...
[2026-05-17T10:16:15.103+0000] {logging_mixin.py:188} INFO - ✅ 16 cookies berhasil diload dari /opt/airflow/dags/shopee_cookies.json
[2026-05-17T10:16:15.222+0000] {logging_mixin.py:188} INFO - 🌍 Membuka Shopee search...
[2026-05-17T10:16:23.105+0000] {logging_mixin.py:188} INFO - 📄 URL   : https://shopee.co.id/search?keyword=msi%20gaming
[2026-05-17T10:16:23.192+0000] {logging_mixin.py:188} INFO - 📄 TITLE : Shopee Indonesia | Situs Belanja Online Terlengkap & Terpercaya
[2026-05-17T10:16:23.709+0000] {logging_mixin.py:188} INFO - ❌ Kena traffic verify — cookies mungkin expired.
[2026-05-17T10:16:23.711+0000] {logging_mixin.py:188} INFO - ⚠️  Export ulang cookies dari Chrome dan update shopee_cookies.json
[2026-05-17T10:16:24.527+0000] {logging_mixin.py:188} INFO - [2026-05-17T10:16:24.525+0000] {dagbag.py:355} ERROR - Failed to import: /opt/airflow/dags/playwright_shopee.py
Traceback (most recent call last):
  File "/home/airflow/.local/lib/python3.8/site-packages/airflow/models/dagbag.py", line 351, in parse
    loader.exec_module(new_module)
  File "<frozen importlib._bootstrap_external>", line 843, in exec_module
  File "<frozen importlib._bootstrap>", line 219, in _call_with_frames_removed
  File "/opt/airflow/dags/playwright_shopee.py", line 218, in <module>
    raise RuntimeError(
RuntimeError: Shopee traffic verify detected. Update shopee_cookies.json dari Cookie-Editor.
[2026-05-17T10:16:24.528+0000] {processor.py:842} WARNING - No viable dags retrieved from /opt/airflow/dags/playwright_shopee.py
[2026-05-17T10:16:24.552+0000] {processor.py:183} INFO - Processing /opt/airflow/dags/playwright_shopee.py took 10.241 seconds
[2026-05-17T10:16:54.871+0000] {processor.py:161} INFO - Started process (PID=14227) to work on /opt/airflow/dags/playwright_shopee.py
[2026-05-17T10:16:54.872+0000] {processor.py:830} INFO - Processing file /opt/airflow/dags/playwright_shopee.py for tasks to queue
[2026-05-17T10:16:54.874+0000] {logging_mixin.py:188} INFO - [2026-05-17T10:16:54.873+0000] {dagbag.py:545} INFO - Filling up the DagBag from /opt/airflow/dags/playwright_shopee.py
[2026-05-17T10:16:55.325+0000] {logging_mixin.py:188} INFO - 🌐 Membuka Chromium...
[2026-05-17T10:16:55.509+0000] {logging_mixin.py:188} INFO - 🍪 Inject cookies Shopee...
[2026-05-17T10:16:55.513+0000] {logging_mixin.py:188} INFO - ✅ 16 cookies berhasil diload dari /opt/airflow/dags/shopee_cookies.json
[2026-05-17T10:16:55.610+0000] {logging_mixin.py:188} INFO - 🌍 Membuka Shopee search...
[2026-05-17T10:17:07.296+0000] {logging_mixin.py:188} INFO - 📄 URL   : https://shopee.co.id/search?keyword=msi%20gaming
[2026-05-17T10:17:07.434+0000] {logging_mixin.py:188} INFO - 📄 TITLE : Shopee Indonesia | Situs Belanja Online Terlengkap & Terpercaya
[2026-05-17T10:17:07.815+0000] {logging_mixin.py:188} INFO - ❌ Kena traffic verify — cookies mungkin expired.
[2026-05-17T10:17:07.816+0000] {logging_mixin.py:188} INFO - ⚠️  Export ulang cookies dari Chrome dan update shopee_cookies.json
[2026-05-17T10:17:08.328+0000] {logging_mixin.py:188} INFO - [2026-05-17T10:17:08.323+0000] {dagbag.py:355} ERROR - Failed to import: /opt/airflow/dags/playwright_shopee.py
Traceback (most recent call last):
  File "/home/airflow/.local/lib/python3.8/site-packages/airflow/models/dagbag.py", line 351, in parse
    loader.exec_module(new_module)
  File "<frozen importlib._bootstrap_external>", line 843, in exec_module
  File "<frozen importlib._bootstrap>", line 219, in _call_with_frames_removed
  File "/opt/airflow/dags/playwright_shopee.py", line 218, in <module>
    raise RuntimeError(
RuntimeError: Shopee traffic verify detected. Update shopee_cookies.json dari Cookie-Editor.
[2026-05-17T10:17:08.335+0000] {processor.py:842} WARNING - No viable dags retrieved from /opt/airflow/dags/playwright_shopee.py
[2026-05-17T10:17:08.375+0000] {processor.py:183} INFO - Processing /opt/airflow/dags/playwright_shopee.py took 13.511 seconds
[2026-05-17T10:17:38.478+0000] {processor.py:161} INFO - Started process (PID=14348) to work on /opt/airflow/dags/playwright_shopee.py
[2026-05-17T10:17:38.479+0000] {processor.py:830} INFO - Processing file /opt/airflow/dags/playwright_shopee.py for tasks to queue
[2026-05-17T10:17:38.482+0000] {logging_mixin.py:188} INFO - [2026-05-17T10:17:38.481+0000] {dagbag.py:545} INFO - Filling up the DagBag from /opt/airflow/dags/playwright_shopee.py
[2026-05-17T10:17:38.947+0000] {logging_mixin.py:188} INFO - 🌐 Membuka Chromium...
[2026-05-17T10:17:39.197+0000] {logging_mixin.py:188} INFO - 🍪 Inject cookies Shopee...
[2026-05-17T10:17:39.201+0000] {logging_mixin.py:188} INFO - ✅ 16 cookies berhasil diload dari /opt/airflow/dags/shopee_cookies.json
[2026-05-17T10:17:39.316+0000] {logging_mixin.py:188} INFO - 🌍 Membuka Shopee search...
[2026-05-17T10:17:46.399+0000] {logging_mixin.py:188} INFO - 📄 URL   : https://shopee.co.id/search?keyword=msi%20gaming
[2026-05-17T10:17:46.981+0000] {logging_mixin.py:188} INFO - 📄 TITLE : Shopee Indonesia | Situs Belanja Online Terlengkap & Terpercaya
[2026-05-17T10:17:47.630+0000] {logging_mixin.py:188} INFO - ❌ Kena traffic verify — cookies mungkin expired.
[2026-05-17T10:17:47.630+0000] {logging_mixin.py:188} INFO - ⚠️  Export ulang cookies dari Chrome dan update shopee_cookies.json
[2026-05-17T10:17:48.082+0000] {logging_mixin.py:188} INFO - [2026-05-17T10:17:48.081+0000] {dagbag.py:355} ERROR - Failed to import: /opt/airflow/dags/playwright_shopee.py
Traceback (most recent call last):
  File "/home/airflow/.local/lib/python3.8/site-packages/airflow/models/dagbag.py", line 351, in parse
    loader.exec_module(new_module)
  File "<frozen importlib._bootstrap_external>", line 843, in exec_module
  File "<frozen importlib._bootstrap>", line 219, in _call_with_frames_removed
  File "/opt/airflow/dags/playwright_shopee.py", line 218, in <module>
    raise RuntimeError(
RuntimeError: Shopee traffic verify detected. Update shopee_cookies.json dari Cookie-Editor.
[2026-05-17T10:17:48.084+0000] {processor.py:842} WARNING - No viable dags retrieved from /opt/airflow/dags/playwright_shopee.py
[2026-05-17T10:17:48.109+0000] {processor.py:183} INFO - Processing /opt/airflow/dags/playwright_shopee.py took 9.642 seconds
[2026-05-17T10:18:18.290+0000] {processor.py:161} INFO - Started process (PID=14473) to work on /opt/airflow/dags/playwright_shopee.py
[2026-05-17T10:18:18.291+0000] {processor.py:830} INFO - Processing file /opt/airflow/dags/playwright_shopee.py for tasks to queue
[2026-05-17T10:18:18.293+0000] {logging_mixin.py:188} INFO - [2026-05-17T10:18:18.293+0000] {dagbag.py:545} INFO - Filling up the DagBag from /opt/airflow/dags/playwright_shopee.py
[2026-05-17T10:18:18.728+0000] {logging_mixin.py:188} INFO - 🌐 Membuka Chromium...
[2026-05-17T10:18:18.962+0000] {logging_mixin.py:188} INFO - 🍪 Inject cookies Shopee...
[2026-05-17T10:18:18.965+0000] {logging_mixin.py:188} INFO - ✅ 16 cookies berhasil diload dari /opt/airflow/dags/shopee_cookies.json
[2026-05-17T10:18:19.063+0000] {logging_mixin.py:188} INFO - 🌍 Membuka Shopee search...
[2026-05-17T10:18:24.811+0000] {logging_mixin.py:188} INFO - 📄 URL   : https://shopee.co.id/search?keyword=msi%20gaming
[2026-05-17T10:18:24.876+0000] {logging_mixin.py:188} INFO - 📄 TITLE : 
[2026-05-17T10:18:27.426+0000] {logging_mixin.py:188} INFO - ❌ Kena traffic verify — cookies mungkin expired.
[2026-05-17T10:18:27.427+0000] {logging_mixin.py:188} INFO - ⚠️  Export ulang cookies dari Chrome dan update shopee_cookies.json
[2026-05-17T10:18:27.989+0000] {logging_mixin.py:188} INFO - [2026-05-17T10:18:27.988+0000] {dagbag.py:355} ERROR - Failed to import: /opt/airflow/dags/playwright_shopee.py
Traceback (most recent call last):
  File "/home/airflow/.local/lib/python3.8/site-packages/airflow/models/dagbag.py", line 351, in parse
    loader.exec_module(new_module)
  File "<frozen importlib._bootstrap_external>", line 843, in exec_module
  File "<frozen importlib._bootstrap>", line 219, in _call_with_frames_removed
  File "/opt/airflow/dags/playwright_shopee.py", line 218, in <module>
    raise RuntimeError(
RuntimeError: Shopee traffic verify detected. Update shopee_cookies.json dari Cookie-Editor.
[2026-05-17T10:18:27.990+0000] {processor.py:842} WARNING - No viable dags retrieved from /opt/airflow/dags/playwright_shopee.py
[2026-05-17T10:18:28.018+0000] {processor.py:183} INFO - Processing /opt/airflow/dags/playwright_shopee.py took 9.736 seconds
[2026-05-17T10:18:58.634+0000] {processor.py:161} INFO - Started process (PID=14598) to work on /opt/airflow/dags/playwright_shopee.py
[2026-05-17T10:18:58.635+0000] {processor.py:830} INFO - Processing file /opt/airflow/dags/playwright_shopee.py for tasks to queue
[2026-05-17T10:18:58.637+0000] {logging_mixin.py:188} INFO - [2026-05-17T10:18:58.637+0000] {dagbag.py:545} INFO - Filling up the DagBag from /opt/airflow/dags/playwright_shopee.py
[2026-05-17T10:18:59.087+0000] {logging_mixin.py:188} INFO - 🌐 Membuka Chromium...
[2026-05-17T10:18:59.293+0000] {logging_mixin.py:188} INFO - 🍪 Inject cookies Shopee...
[2026-05-17T10:18:59.296+0000] {logging_mixin.py:188} INFO - ✅ 16 cookies berhasil diload dari /opt/airflow/dags/shopee_cookies.json
[2026-05-17T10:18:59.393+0000] {logging_mixin.py:188} INFO - 🌍 Membuka Shopee search...
[2026-05-17T10:19:05.435+0000] {logging_mixin.py:188} INFO - 📄 URL   : https://shopee.co.id/search?keyword=msi%20gaming
[2026-05-17T10:19:06.372+0000] {logging_mixin.py:188} INFO - 📄 TITLE : Shopee Indonesia | Situs Belanja Online Terlengkap & Terpercaya
[2026-05-17T10:19:07.117+0000] {logging_mixin.py:188} INFO - ❌ Kena traffic verify — cookies mungkin expired.
[2026-05-17T10:19:07.118+0000] {logging_mixin.py:188} INFO - ⚠️  Export ulang cookies dari Chrome dan update shopee_cookies.json
[2026-05-17T10:19:07.711+0000] {logging_mixin.py:188} INFO - [2026-05-17T10:19:07.710+0000] {dagbag.py:355} ERROR - Failed to import: /opt/airflow/dags/playwright_shopee.py
Traceback (most recent call last):
  File "/home/airflow/.local/lib/python3.8/site-packages/airflow/models/dagbag.py", line 351, in parse
    loader.exec_module(new_module)
  File "<frozen importlib._bootstrap_external>", line 843, in exec_module
  File "<frozen importlib._bootstrap>", line 219, in _call_with_frames_removed
  File "/opt/airflow/dags/playwright_shopee.py", line 218, in <module>
    raise RuntimeError(
RuntimeError: Shopee traffic verify detected. Update shopee_cookies.json dari Cookie-Editor.
[2026-05-17T10:19:07.712+0000] {processor.py:842} WARNING - No viable dags retrieved from /opt/airflow/dags/playwright_shopee.py
[2026-05-17T10:19:07.738+0000] {processor.py:183} INFO - Processing /opt/airflow/dags/playwright_shopee.py took 9.110 seconds
[2026-05-17T10:19:38.052+0000] {processor.py:161} INFO - Started process (PID=14718) to work on /opt/airflow/dags/playwright_shopee.py
[2026-05-17T10:19:38.053+0000] {processor.py:830} INFO - Processing file /opt/airflow/dags/playwright_shopee.py for tasks to queue
[2026-05-17T10:19:38.056+0000] {logging_mixin.py:188} INFO - [2026-05-17T10:19:38.056+0000] {dagbag.py:545} INFO - Filling up the DagBag from /opt/airflow/dags/playwright_shopee.py
[2026-05-17T10:19:38.574+0000] {logging_mixin.py:188} INFO - 🌐 Membuka Chromium...
[2026-05-17T10:19:38.811+0000] {logging_mixin.py:188} INFO - 🍪 Inject cookies Shopee...
[2026-05-17T10:19:38.815+0000] {logging_mixin.py:188} INFO - ✅ 16 cookies berhasil diload dari /opt/airflow/dags/shopee_cookies.json
[2026-05-17T10:19:38.928+0000] {logging_mixin.py:188} INFO - 🌍 Membuka Shopee search...
[2026-05-17T10:19:46.412+0000] {logging_mixin.py:188} INFO - 📄 URL   : https://shopee.co.id/search?keyword=msi%20gaming
[2026-05-17T10:19:46.801+0000] {logging_mixin.py:188} INFO - 📄 TITLE : Shopee Indonesia | Situs Belanja Online Terlengkap & Terpercaya
[2026-05-17T10:19:47.417+0000] {logging_mixin.py:188} INFO - ❌ Kena traffic verify — cookies mungkin expired.
[2026-05-17T10:19:47.418+0000] {logging_mixin.py:188} INFO - ⚠️  Export ulang cookies dari Chrome dan update shopee_cookies.json
[2026-05-17T10:19:47.840+0000] {logging_mixin.py:188} INFO - [2026-05-17T10:19:47.838+0000] {dagbag.py:355} ERROR - Failed to import: /opt/airflow/dags/playwright_shopee.py
Traceback (most recent call last):
  File "/home/airflow/.local/lib/python3.8/site-packages/airflow/models/dagbag.py", line 351, in parse
    loader.exec_module(new_module)
  File "<frozen importlib._bootstrap_external>", line 843, in exec_module
  File "<frozen importlib._bootstrap>", line 219, in _call_with_frames_removed
  File "/opt/airflow/dags/playwright_shopee.py", line 218, in <module>
    raise RuntimeError(
RuntimeError: Shopee traffic verify detected. Update shopee_cookies.json dari Cookie-Editor.
[2026-05-17T10:19:47.841+0000] {processor.py:842} WARNING - No viable dags retrieved from /opt/airflow/dags/playwright_shopee.py
[2026-05-17T10:19:47.871+0000] {processor.py:183} INFO - Processing /opt/airflow/dags/playwright_shopee.py took 9.830 seconds
[2026-05-17T10:20:18.036+0000] {processor.py:161} INFO - Started process (PID=14841) to work on /opt/airflow/dags/playwright_shopee.py
[2026-05-17T10:20:18.037+0000] {processor.py:830} INFO - Processing file /opt/airflow/dags/playwright_shopee.py for tasks to queue
[2026-05-17T10:20:18.038+0000] {logging_mixin.py:188} INFO - [2026-05-17T10:20:18.038+0000] {dagbag.py:545} INFO - Filling up the DagBag from /opt/airflow/dags/playwright_shopee.py
[2026-05-17T10:20:18.441+0000] {logging_mixin.py:188} INFO - 🌐 Membuka Chromium...
[2026-05-17T10:20:18.641+0000] {logging_mixin.py:188} INFO - 🍪 Inject cookies Shopee...
[2026-05-17T10:20:18.645+0000] {logging_mixin.py:188} INFO - ✅ 16 cookies berhasil diload dari /opt/airflow/dags/shopee_cookies.json
[2026-05-17T10:20:18.809+0000] {logging_mixin.py:188} INFO - 🌍 Membuka Shopee search...
[2026-05-17T10:20:26.783+0000] {logging_mixin.py:188} INFO - 📄 URL   : https://shopee.co.id/search?keyword=msi%20gaming
[2026-05-17T10:20:27.043+0000] {logging_mixin.py:188} INFO - 📄 TITLE : Shopee Indonesia | Situs Belanja Online Terlengkap & Terpercaya
[2026-05-17T10:20:27.789+0000] {logging_mixin.py:188} INFO - ❌ Kena traffic verify — cookies mungkin expired.
[2026-05-17T10:20:27.790+0000] {logging_mixin.py:188} INFO - ⚠️  Export ulang cookies dari Chrome dan update shopee_cookies.json
[2026-05-17T10:20:28.157+0000] {logging_mixin.py:188} INFO - [2026-05-17T10:20:28.155+0000] {dagbag.py:355} ERROR - Failed to import: /opt/airflow/dags/playwright_shopee.py
Traceback (most recent call last):
  File "/home/airflow/.local/lib/python3.8/site-packages/airflow/models/dagbag.py", line 351, in parse
    loader.exec_module(new_module)
  File "<frozen importlib._bootstrap_external>", line 843, in exec_module
  File "<frozen importlib._bootstrap>", line 219, in _call_with_frames_removed
  File "/opt/airflow/dags/playwright_shopee.py", line 218, in <module>
    raise RuntimeError(
RuntimeError: Shopee traffic verify detected. Update shopee_cookies.json dari Cookie-Editor.
[2026-05-17T10:20:28.160+0000] {processor.py:842} WARNING - No viable dags retrieved from /opt/airflow/dags/playwright_shopee.py
[2026-05-17T10:20:28.195+0000] {processor.py:183} INFO - Processing /opt/airflow/dags/playwright_shopee.py took 10.166 seconds
[2026-05-17T10:20:58.477+0000] {processor.py:161} INFO - Started process (PID=14961) to work on /opt/airflow/dags/playwright_shopee.py
[2026-05-17T10:20:58.478+0000] {processor.py:830} INFO - Processing file /opt/airflow/dags/playwright_shopee.py for tasks to queue
[2026-05-17T10:20:58.480+0000] {logging_mixin.py:188} INFO - [2026-05-17T10:20:58.479+0000] {dagbag.py:545} INFO - Filling up the DagBag from /opt/airflow/dags/playwright_shopee.py
[2026-05-17T10:20:58.881+0000] {logging_mixin.py:188} INFO - 🌐 Membuka Chromium...
[2026-05-17T10:20:59.126+0000] {logging_mixin.py:188} INFO - 🍪 Inject cookies Shopee...
[2026-05-17T10:20:59.131+0000] {logging_mixin.py:188} INFO - ✅ 16 cookies berhasil diload dari /opt/airflow/dags/shopee_cookies.json
[2026-05-17T10:20:59.236+0000] {logging_mixin.py:188} INFO - 🌍 Membuka Shopee search...
[2026-05-17T10:21:06.403+0000] {logging_mixin.py:188} INFO - 📄 URL   : https://shopee.co.id/search?keyword=msi%20gaming
[2026-05-17T10:21:06.478+0000] {logging_mixin.py:188} INFO - 📄 TITLE : Shopee Indonesia | Situs Belanja Online Terlengkap & Terpercaya
[2026-05-17T10:21:07.057+0000] {logging_mixin.py:188} INFO - ❌ Kena traffic verify — cookies mungkin expired.
[2026-05-17T10:21:07.058+0000] {logging_mixin.py:188} INFO - ⚠️  Export ulang cookies dari Chrome dan update shopee_cookies.json
[2026-05-17T10:21:07.651+0000] {logging_mixin.py:188} INFO - [2026-05-17T10:21:07.646+0000] {dagbag.py:355} ERROR - Failed to import: /opt/airflow/dags/playwright_shopee.py
Traceback (most recent call last):
  File "/home/airflow/.local/lib/python3.8/site-packages/airflow/models/dagbag.py", line 351, in parse
    loader.exec_module(new_module)
  File "<frozen importlib._bootstrap_external>", line 843, in exec_module
  File "<frozen importlib._bootstrap>", line 219, in _call_with_frames_removed
  File "/opt/airflow/dags/playwright_shopee.py", line 218, in <module>
    raise RuntimeError(
RuntimeError: Shopee traffic verify detected. Update shopee_cookies.json dari Cookie-Editor.
[2026-05-17T10:21:07.657+0000] {processor.py:842} WARNING - No viable dags retrieved from /opt/airflow/dags/playwright_shopee.py
[2026-05-17T10:21:07.747+0000] {processor.py:183} INFO - Processing /opt/airflow/dags/playwright_shopee.py took 9.276 seconds
[2026-05-17T10:21:38.108+0000] {processor.py:161} INFO - Started process (PID=15080) to work on /opt/airflow/dags/playwright_shopee.py
[2026-05-17T10:21:38.109+0000] {processor.py:830} INFO - Processing file /opt/airflow/dags/playwright_shopee.py for tasks to queue
[2026-05-17T10:21:38.110+0000] {logging_mixin.py:188} INFO - [2026-05-17T10:21:38.110+0000] {dagbag.py:545} INFO - Filling up the DagBag from /opt/airflow/dags/playwright_shopee.py
[2026-05-17T10:21:38.513+0000] {logging_mixin.py:188} INFO - 🌐 Membuka Chromium...
[2026-05-17T10:21:38.744+0000] {logging_mixin.py:188} INFO - 🍪 Inject cookies Shopee...
[2026-05-17T10:21:38.748+0000] {logging_mixin.py:188} INFO - ✅ 16 cookies berhasil diload dari /opt/airflow/dags/shopee_cookies.json
[2026-05-17T10:21:38.847+0000] {logging_mixin.py:188} INFO - 🌍 Membuka Shopee search...
[2026-05-17T10:21:45.715+0000] {logging_mixin.py:188} INFO - 📄 URL   : https://shopee.co.id/search?keyword=msi%20gaming
[2026-05-17T10:21:46.083+0000] {logging_mixin.py:188} INFO - 📄 TITLE : Shopee Indonesia | Situs Belanja Online Terlengkap & Terpercaya
[2026-05-17T10:21:46.668+0000] {logging_mixin.py:188} INFO - ❌ Kena traffic verify — cookies mungkin expired.
[2026-05-17T10:21:46.669+0000] {logging_mixin.py:188} INFO - ⚠️  Export ulang cookies dari Chrome dan update shopee_cookies.json
[2026-05-17T10:21:47.106+0000] {logging_mixin.py:188} INFO - [2026-05-17T10:21:47.097+0000] {dagbag.py:355} ERROR - Failed to import: /opt/airflow/dags/playwright_shopee.py
Traceback (most recent call last):
  File "/home/airflow/.local/lib/python3.8/site-packages/airflow/models/dagbag.py", line 351, in parse
    loader.exec_module(new_module)
  File "<frozen importlib._bootstrap_external>", line 843, in exec_module
  File "<frozen importlib._bootstrap>", line 219, in _call_with_frames_removed
  File "/opt/airflow/dags/playwright_shopee.py", line 218, in <module>
    raise RuntimeError(
RuntimeError: Shopee traffic verify detected. Update shopee_cookies.json dari Cookie-Editor.
[2026-05-17T10:21:47.108+0000] {processor.py:842} WARNING - No viable dags retrieved from /opt/airflow/dags/playwright_shopee.py
[2026-05-17T10:21:47.141+0000] {processor.py:183} INFO - Processing /opt/airflow/dags/playwright_shopee.py took 9.038 seconds
[2026-05-17T10:22:17.246+0000] {processor.py:161} INFO - Started process (PID=15202) to work on /opt/airflow/dags/playwright_shopee.py
[2026-05-17T10:22:17.247+0000] {processor.py:830} INFO - Processing file /opt/airflow/dags/playwright_shopee.py for tasks to queue
[2026-05-17T10:22:17.249+0000] {logging_mixin.py:188} INFO - [2026-05-17T10:22:17.249+0000] {dagbag.py:545} INFO - Filling up the DagBag from /opt/airflow/dags/playwright_shopee.py
[2026-05-17T10:22:17.672+0000] {logging_mixin.py:188} INFO - 🌐 Membuka Chromium...
[2026-05-17T10:22:17.882+0000] {logging_mixin.py:188} INFO - 🍪 Inject cookies Shopee...
[2026-05-17T10:22:17.886+0000] {logging_mixin.py:188} INFO - ✅ 16 cookies berhasil diload dari /opt/airflow/dags/shopee_cookies.json
[2026-05-17T10:22:18.002+0000] {logging_mixin.py:188} INFO - 🌍 Membuka Shopee search...
[2026-05-17T10:22:24.633+0000] {logging_mixin.py:188} INFO - 📄 URL   : https://shopee.co.id/search?keyword=msi%20gaming
[2026-05-17T10:22:24.865+0000] {logging_mixin.py:188} INFO - 📄 TITLE : 
[2026-05-17T10:22:27.373+0000] {logging_mixin.py:188} INFO - ❌ Kena traffic verify — cookies mungkin expired.
[2026-05-17T10:22:27.374+0000] {logging_mixin.py:188} INFO - ⚠️  Export ulang cookies dari Chrome dan update shopee_cookies.json
[2026-05-17T10:22:28.060+0000] {logging_mixin.py:188} INFO - [2026-05-17T10:22:28.059+0000] {dagbag.py:355} ERROR - Failed to import: /opt/airflow/dags/playwright_shopee.py
Traceback (most recent call last):
  File "/home/airflow/.local/lib/python3.8/site-packages/airflow/models/dagbag.py", line 351, in parse
    loader.exec_module(new_module)
  File "<frozen importlib._bootstrap_external>", line 843, in exec_module
  File "<frozen importlib._bootstrap>", line 219, in _call_with_frames_removed
  File "/opt/airflow/dags/playwright_shopee.py", line 218, in <module>
    raise RuntimeError(
RuntimeError: Shopee traffic verify detected. Update shopee_cookies.json dari Cookie-Editor.
[2026-05-17T10:22:28.062+0000] {processor.py:842} WARNING - No viable dags retrieved from /opt/airflow/dags/playwright_shopee.py
[2026-05-17T10:22:28.085+0000] {processor.py:183} INFO - Processing /opt/airflow/dags/playwright_shopee.py took 10.848 seconds
[2026-05-17T10:22:58.406+0000] {processor.py:161} INFO - Started process (PID=15322) to work on /opt/airflow/dags/playwright_shopee.py
[2026-05-17T10:22:58.407+0000] {processor.py:830} INFO - Processing file /opt/airflow/dags/playwright_shopee.py for tasks to queue
[2026-05-17T10:22:58.409+0000] {logging_mixin.py:188} INFO - [2026-05-17T10:22:58.409+0000] {dagbag.py:545} INFO - Filling up the DagBag from /opt/airflow/dags/playwright_shopee.py
[2026-05-17T10:22:58.830+0000] {logging_mixin.py:188} INFO - 🌐 Membuka Chromium...
[2026-05-17T10:22:59.021+0000] {logging_mixin.py:188} INFO - 🍪 Inject cookies Shopee...
[2026-05-17T10:22:59.025+0000] {logging_mixin.py:188} INFO - ✅ 16 cookies berhasil diload dari /opt/airflow/dags/shopee_cookies.json
[2026-05-17T10:22:59.127+0000] {logging_mixin.py:188} INFO - 🌍 Membuka Shopee search...
[2026-05-17T10:23:06.218+0000] {logging_mixin.py:188} INFO - 📄 URL   : https://shopee.co.id/search?keyword=msi%20gaming
[2026-05-17T10:23:06.802+0000] {logging_mixin.py:188} INFO - 📄 TITLE : Shopee Indonesia | Situs Belanja Online Terlengkap & Terpercaya
[2026-05-17T10:23:07.507+0000] {logging_mixin.py:188} INFO - ❌ Kena traffic verify — cookies mungkin expired.
[2026-05-17T10:23:07.508+0000] {logging_mixin.py:188} INFO - ⚠️  Export ulang cookies dari Chrome dan update shopee_cookies.json
[2026-05-17T10:23:08.007+0000] {logging_mixin.py:188} INFO - [2026-05-17T10:23:08.006+0000] {dagbag.py:355} ERROR - Failed to import: /opt/airflow/dags/playwright_shopee.py
Traceback (most recent call last):
  File "/home/airflow/.local/lib/python3.8/site-packages/airflow/models/dagbag.py", line 351, in parse
    loader.exec_module(new_module)
  File "<frozen importlib._bootstrap_external>", line 843, in exec_module
  File "<frozen importlib._bootstrap>", line 219, in _call_with_frames_removed
  File "/opt/airflow/dags/playwright_shopee.py", line 218, in <module>
    raise RuntimeError(
RuntimeError: Shopee traffic verify detected. Update shopee_cookies.json dari Cookie-Editor.
[2026-05-17T10:23:08.009+0000] {processor.py:842} WARNING - No viable dags retrieved from /opt/airflow/dags/playwright_shopee.py
[2026-05-17T10:23:08.031+0000] {processor.py:183} INFO - Processing /opt/airflow/dags/playwright_shopee.py took 9.630 seconds
[2026-05-17T10:23:38.205+0000] {processor.py:161} INFO - Started process (PID=15441) to work on /opt/airflow/dags/playwright_shopee.py
[2026-05-17T10:23:38.206+0000] {processor.py:830} INFO - Processing file /opt/airflow/dags/playwright_shopee.py for tasks to queue
[2026-05-17T10:23:38.208+0000] {logging_mixin.py:188} INFO - [2026-05-17T10:23:38.208+0000] {dagbag.py:545} INFO - Filling up the DagBag from /opt/airflow/dags/playwright_shopee.py
[2026-05-17T10:23:38.629+0000] {logging_mixin.py:188} INFO - 🌐 Membuka Chromium...
[2026-05-17T10:23:38.817+0000] {logging_mixin.py:188} INFO - 🍪 Inject cookies Shopee...
[2026-05-17T10:23:38.826+0000] {logging_mixin.py:188} INFO - ✅ 16 cookies berhasil diload dari /opt/airflow/dags/shopee_cookies.json
[2026-05-17T10:23:38.943+0000] {logging_mixin.py:188} INFO - 🌍 Membuka Shopee search...
[2026-05-17T10:23:46.457+0000] {logging_mixin.py:188} INFO - 📄 URL   : https://shopee.co.id/search?keyword=msi%20gaming
[2026-05-17T10:23:46.737+0000] {logging_mixin.py:188} INFO - 📄 TITLE : Shopee Indonesia | Situs Belanja Online Terlengkap & Terpercaya
[2026-05-17T10:23:47.101+0000] {logging_mixin.py:188} INFO - ❌ Kena traffic verify — cookies mungkin expired.
[2026-05-17T10:23:47.103+0000] {logging_mixin.py:188} INFO - ⚠️  Export ulang cookies dari Chrome dan update shopee_cookies.json
[2026-05-17T10:23:47.731+0000] {logging_mixin.py:188} INFO - [2026-05-17T10:23:47.730+0000] {dagbag.py:355} ERROR - Failed to import: /opt/airflow/dags/playwright_shopee.py
Traceback (most recent call last):
  File "/home/airflow/.local/lib/python3.8/site-packages/airflow/models/dagbag.py", line 351, in parse
    loader.exec_module(new_module)
  File "<frozen importlib._bootstrap_external>", line 843, in exec_module
  File "<frozen importlib._bootstrap>", line 219, in _call_with_frames_removed
  File "/opt/airflow/dags/playwright_shopee.py", line 218, in <module>
    raise RuntimeError(
RuntimeError: Shopee traffic verify detected. Update shopee_cookies.json dari Cookie-Editor.
[2026-05-17T10:23:47.732+0000] {processor.py:842} WARNING - No viable dags retrieved from /opt/airflow/dags/playwright_shopee.py
[2026-05-17T10:23:47.758+0000] {processor.py:183} INFO - Processing /opt/airflow/dags/playwright_shopee.py took 9.562 seconds
[2026-05-17T10:24:17.988+0000] {processor.py:161} INFO - Started process (PID=15560) to work on /opt/airflow/dags/playwright_shopee.py
[2026-05-17T10:24:17.989+0000] {processor.py:830} INFO - Processing file /opt/airflow/dags/playwright_shopee.py for tasks to queue
[2026-05-17T10:24:17.991+0000] {logging_mixin.py:188} INFO - [2026-05-17T10:24:17.991+0000] {dagbag.py:545} INFO - Filling up the DagBag from /opt/airflow/dags/playwright_shopee.py
[2026-05-17T10:24:18.423+0000] {logging_mixin.py:188} INFO - 🌐 Membuka Chromium...
[2026-05-17T10:24:18.625+0000] {logging_mixin.py:188} INFO - 🍪 Inject cookies Shopee...
[2026-05-17T10:24:18.628+0000] {logging_mixin.py:188} INFO - ✅ 16 cookies berhasil diload dari /opt/airflow/dags/shopee_cookies.json
[2026-05-17T10:24:18.725+0000] {logging_mixin.py:188} INFO - 🌍 Membuka Shopee search...
[2026-05-17T10:24:27.182+0000] {logging_mixin.py:188} INFO - 📄 URL   : https://shopee.co.id/search?keyword=msi%20gaming
[2026-05-17T10:24:27.441+0000] {logging_mixin.py:188} INFO - 📄 TITLE : Shopee Indonesia | Situs Belanja Online Terlengkap & Terpercaya
[2026-05-17T10:24:27.932+0000] {logging_mixin.py:188} INFO - ❌ Kena traffic verify — cookies mungkin expired.
[2026-05-17T10:24:27.933+0000] {logging_mixin.py:188} INFO - ⚠️  Export ulang cookies dari Chrome dan update shopee_cookies.json
[2026-05-17T10:24:28.480+0000] {logging_mixin.py:188} INFO - [2026-05-17T10:24:28.478+0000] {dagbag.py:355} ERROR - Failed to import: /opt/airflow/dags/playwright_shopee.py
Traceback (most recent call last):
  File "/home/airflow/.local/lib/python3.8/site-packages/airflow/models/dagbag.py", line 351, in parse
    loader.exec_module(new_module)
  File "<frozen importlib._bootstrap_external>", line 843, in exec_module
  File "<frozen importlib._bootstrap>", line 219, in _call_with_frames_removed
  File "/opt/airflow/dags/playwright_shopee.py", line 218, in <module>
    raise RuntimeError(
RuntimeError: Shopee traffic verify detected. Update shopee_cookies.json dari Cookie-Editor.
[2026-05-17T10:24:28.481+0000] {processor.py:842} WARNING - No viable dags retrieved from /opt/airflow/dags/playwright_shopee.py
[2026-05-17T10:24:28.507+0000] {processor.py:183} INFO - Processing /opt/airflow/dags/playwright_shopee.py took 10.527 seconds
[2026-05-17T10:24:58.832+0000] {processor.py:161} INFO - Started process (PID=15688) to work on /opt/airflow/dags/playwright_shopee.py
[2026-05-17T10:24:58.833+0000] {processor.py:830} INFO - Processing file /opt/airflow/dags/playwright_shopee.py for tasks to queue
[2026-05-17T10:24:58.835+0000] {logging_mixin.py:188} INFO - [2026-05-17T10:24:58.835+0000] {dagbag.py:545} INFO - Filling up the DagBag from /opt/airflow/dags/playwright_shopee.py
[2026-05-17T10:24:59.209+0000] {logging_mixin.py:188} INFO - 🌐 Membuka Chromium...
[2026-05-17T10:24:59.423+0000] {logging_mixin.py:188} INFO - 🍪 Inject cookies Shopee...
[2026-05-17T10:24:59.426+0000] {logging_mixin.py:188} INFO - ✅ 16 cookies berhasil diload dari /opt/airflow/dags/shopee_cookies.json
[2026-05-17T10:24:59.525+0000] {logging_mixin.py:188} INFO - 🌍 Membuka Shopee search...
[2026-05-17T10:25:07.720+0000] {logging_mixin.py:188} INFO - 📄 URL   : https://shopee.co.id/search?keyword=msi%20gaming
[2026-05-17T10:25:07.875+0000] {logging_mixin.py:188} INFO - 📄 TITLE : Shopee Indonesia | Situs Belanja Online Terlengkap & Terpercaya
[2026-05-17T10:25:08.312+0000] {logging_mixin.py:188} INFO - ❌ Kena traffic verify — cookies mungkin expired.
[2026-05-17T10:25:08.313+0000] {logging_mixin.py:188} INFO - ⚠️  Export ulang cookies dari Chrome dan update shopee_cookies.json
[2026-05-17T10:25:09.467+0000] {logging_mixin.py:188} INFO - [2026-05-17T10:25:09.466+0000] {dagbag.py:355} ERROR - Failed to import: /opt/airflow/dags/playwright_shopee.py
Traceback (most recent call last):
  File "/home/airflow/.local/lib/python3.8/site-packages/airflow/models/dagbag.py", line 351, in parse
    loader.exec_module(new_module)
  File "<frozen importlib._bootstrap_external>", line 843, in exec_module
  File "<frozen importlib._bootstrap>", line 219, in _call_with_frames_removed
  File "/opt/airflow/dags/playwright_shopee.py", line 218, in <module>
    raise RuntimeError(
RuntimeError: Shopee traffic verify detected. Update shopee_cookies.json dari Cookie-Editor.
[2026-05-17T10:25:09.468+0000] {processor.py:842} WARNING - No viable dags retrieved from /opt/airflow/dags/playwright_shopee.py
[2026-05-17T10:25:09.492+0000] {processor.py:183} INFO - Processing /opt/airflow/dags/playwright_shopee.py took 10.666 seconds
[2026-05-17T10:25:40.290+0000] {processor.py:161} INFO - Started process (PID=15809) to work on /opt/airflow/dags/playwright_shopee.py
[2026-05-17T10:25:40.291+0000] {processor.py:830} INFO - Processing file /opt/airflow/dags/playwright_shopee.py for tasks to queue
[2026-05-17T10:25:40.293+0000] {logging_mixin.py:188} INFO - [2026-05-17T10:25:40.292+0000] {dagbag.py:545} INFO - Filling up the DagBag from /opt/airflow/dags/playwright_shopee.py
[2026-05-17T10:25:40.688+0000] {logging_mixin.py:188} INFO - 🌐 Membuka Chromium...
[2026-05-17T10:25:40.938+0000] {logging_mixin.py:188} INFO - 🍪 Inject cookies Shopee...
[2026-05-17T10:25:40.942+0000] {logging_mixin.py:188} INFO - ✅ 16 cookies berhasil diload dari /opt/airflow/dags/shopee_cookies.json
[2026-05-17T10:25:41.035+0000] {logging_mixin.py:188} INFO - 🌍 Membuka Shopee search...
[2026-05-17T10:25:47.277+0000] {logging_mixin.py:188} INFO - 📄 URL   : https://shopee.co.id/search?keyword=msi%20gaming
[2026-05-17T10:25:47.856+0000] {logging_mixin.py:188} INFO - 📄 TITLE : Shopee Indonesia | Situs Belanja Online Terlengkap & Terpercaya
[2026-05-17T10:25:48.476+0000] {logging_mixin.py:188} INFO - ❌ Kena traffic verify — cookies mungkin expired.
[2026-05-17T10:25:48.477+0000] {logging_mixin.py:188} INFO - ⚠️  Export ulang cookies dari Chrome dan update shopee_cookies.json
[2026-05-17T10:25:48.945+0000] {logging_mixin.py:188} INFO - [2026-05-17T10:25:48.944+0000] {dagbag.py:355} ERROR - Failed to import: /opt/airflow/dags/playwright_shopee.py
Traceback (most recent call last):
  File "/home/airflow/.local/lib/python3.8/site-packages/airflow/models/dagbag.py", line 351, in parse
    loader.exec_module(new_module)
  File "<frozen importlib._bootstrap_external>", line 843, in exec_module
  File "<frozen importlib._bootstrap>", line 219, in _call_with_frames_removed
  File "/opt/airflow/dags/playwright_shopee.py", line 218, in <module>
    raise RuntimeError(
RuntimeError: Shopee traffic verify detected. Update shopee_cookies.json dari Cookie-Editor.
[2026-05-17T10:25:48.946+0000] {processor.py:842} WARNING - No viable dags retrieved from /opt/airflow/dags/playwright_shopee.py
[2026-05-17T10:25:48.969+0000] {processor.py:183} INFO - Processing /opt/airflow/dags/playwright_shopee.py took 8.686 seconds
[2026-05-17T10:26:19.098+0000] {processor.py:161} INFO - Started process (PID=15928) to work on /opt/airflow/dags/playwright_shopee.py
[2026-05-17T10:26:19.099+0000] {processor.py:830} INFO - Processing file /opt/airflow/dags/playwright_shopee.py for tasks to queue
[2026-05-17T10:26:19.101+0000] {logging_mixin.py:188} INFO - [2026-05-17T10:26:19.101+0000] {dagbag.py:545} INFO - Filling up the DagBag from /opt/airflow/dags/playwright_shopee.py
[2026-05-17T10:26:19.510+0000] {logging_mixin.py:188} INFO - 🌐 Membuka Chromium...
[2026-05-17T10:26:19.721+0000] {logging_mixin.py:188} INFO - 🍪 Inject cookies Shopee...
[2026-05-17T10:26:19.725+0000] {logging_mixin.py:188} INFO - ✅ 16 cookies berhasil diload dari /opt/airflow/dags/shopee_cookies.json
[2026-05-17T10:26:19.827+0000] {logging_mixin.py:188} INFO - 🌍 Membuka Shopee search...
[2026-05-17T10:26:25.923+0000] {logging_mixin.py:188} INFO - 📄 URL   : https://shopee.co.id/search?keyword=msi%20gaming
[2026-05-17T10:26:26.415+0000] {logging_mixin.py:188} INFO - 📄 TITLE : Shopee Indonesia | Situs Belanja Online Terlengkap & Terpercaya
[2026-05-17T10:26:27.080+0000] {logging_mixin.py:188} INFO - ❌ Kena traffic verify — cookies mungkin expired.
[2026-05-17T10:26:27.082+0000] {logging_mixin.py:188} INFO - ⚠️  Export ulang cookies dari Chrome dan update shopee_cookies.json
[2026-05-17T10:26:27.724+0000] {logging_mixin.py:188} INFO - [2026-05-17T10:26:27.722+0000] {dagbag.py:355} ERROR - Failed to import: /opt/airflow/dags/playwright_shopee.py
Traceback (most recent call last):
  File "/home/airflow/.local/lib/python3.8/site-packages/airflow/models/dagbag.py", line 351, in parse
    loader.exec_module(new_module)
  File "<frozen importlib._bootstrap_external>", line 843, in exec_module
  File "<frozen importlib._bootstrap>", line 219, in _call_with_frames_removed
  File "/opt/airflow/dags/playwright_shopee.py", line 218, in <module>
    raise RuntimeError(
RuntimeError: Shopee traffic verify detected. Update shopee_cookies.json dari Cookie-Editor.
[2026-05-17T10:26:27.726+0000] {processor.py:842} WARNING - No viable dags retrieved from /opt/airflow/dags/playwright_shopee.py
[2026-05-17T10:26:27.756+0000] {processor.py:183} INFO - Processing /opt/airflow/dags/playwright_shopee.py took 8.665 seconds
[2026-05-17T10:26:58.392+0000] {processor.py:161} INFO - Started process (PID=16052) to work on /opt/airflow/dags/playwright_shopee.py
[2026-05-17T10:26:58.393+0000] {processor.py:830} INFO - Processing file /opt/airflow/dags/playwright_shopee.py for tasks to queue
[2026-05-17T10:26:58.395+0000] {logging_mixin.py:188} INFO - [2026-05-17T10:26:58.395+0000] {dagbag.py:545} INFO - Filling up the DagBag from /opt/airflow/dags/playwright_shopee.py
[2026-05-17T10:26:58.912+0000] {logging_mixin.py:188} INFO - 🌐 Membuka Chromium...
[2026-05-17T10:26:59.140+0000] {logging_mixin.py:188} INFO - 🍪 Inject cookies Shopee...
[2026-05-17T10:26:59.145+0000] {logging_mixin.py:188} INFO - ✅ 16 cookies berhasil diload dari /opt/airflow/dags/shopee_cookies.json
[2026-05-17T10:26:59.255+0000] {logging_mixin.py:188} INFO - 🌍 Membuka Shopee search...
[2026-05-17T10:27:07.420+0000] {logging_mixin.py:188} INFO - 📄 URL   : https://shopee.co.id/search?keyword=msi%20gaming
[2026-05-17T10:27:07.466+0000] {logging_mixin.py:188} INFO - 📄 TITLE : Shopee Indonesia | Situs Belanja Online Terlengkap & Terpercaya
[2026-05-17T10:27:08.075+0000] {logging_mixin.py:188} INFO - ❌ Kena traffic verify — cookies mungkin expired.
[2026-05-17T10:27:08.076+0000] {logging_mixin.py:188} INFO - ⚠️  Export ulang cookies dari Chrome dan update shopee_cookies.json
[2026-05-17T10:27:08.833+0000] {logging_mixin.py:188} INFO - [2026-05-17T10:27:08.831+0000] {dagbag.py:355} ERROR - Failed to import: /opt/airflow/dags/playwright_shopee.py
Traceback (most recent call last):
  File "/home/airflow/.local/lib/python3.8/site-packages/airflow/models/dagbag.py", line 351, in parse
    loader.exec_module(new_module)
  File "<frozen importlib._bootstrap_external>", line 843, in exec_module
  File "<frozen importlib._bootstrap>", line 219, in _call_with_frames_removed
  File "/opt/airflow/dags/playwright_shopee.py", line 218, in <module>
    raise RuntimeError(
RuntimeError: Shopee traffic verify detected. Update shopee_cookies.json dari Cookie-Editor.
[2026-05-17T10:27:08.835+0000] {processor.py:842} WARNING - No viable dags retrieved from /opt/airflow/dags/playwright_shopee.py
[2026-05-17T10:27:08.863+0000] {processor.py:183} INFO - Processing /opt/airflow/dags/playwright_shopee.py took 10.478 seconds
[2026-05-17T10:27:39.210+0000] {processor.py:161} INFO - Started process (PID=16173) to work on /opt/airflow/dags/playwright_shopee.py
[2026-05-17T10:27:39.211+0000] {processor.py:830} INFO - Processing file /opt/airflow/dags/playwright_shopee.py for tasks to queue
[2026-05-17T10:27:39.214+0000] {logging_mixin.py:188} INFO - [2026-05-17T10:27:39.213+0000] {dagbag.py:545} INFO - Filling up the DagBag from /opt/airflow/dags/playwright_shopee.py
[2026-05-17T10:27:39.626+0000] {logging_mixin.py:188} INFO - 🌐 Membuka Chromium...
[2026-05-17T10:27:39.877+0000] {logging_mixin.py:188} INFO - 🍪 Inject cookies Shopee...
[2026-05-17T10:27:39.882+0000] {logging_mixin.py:188} INFO - ✅ 16 cookies berhasil diload dari /opt/airflow/dags/shopee_cookies.json
[2026-05-17T10:27:39.976+0000] {logging_mixin.py:188} INFO - 🌍 Membuka Shopee search...
[2026-05-17T10:27:47.985+0000] {logging_mixin.py:188} INFO - 📄 URL   : https://shopee.co.id/search?keyword=msi%20gaming
[2026-05-17T10:27:48.106+0000] {logging_mixin.py:188} INFO - 📄 TITLE : Shopee Indonesia | Situs Belanja Online Terlengkap & Terpercaya
[2026-05-17T10:27:48.622+0000] {logging_mixin.py:188} INFO - ❌ Kena traffic verify — cookies mungkin expired.
[2026-05-17T10:27:48.623+0000] {logging_mixin.py:188} INFO - ⚠️  Export ulang cookies dari Chrome dan update shopee_cookies.json
[2026-05-17T10:27:49.535+0000] {logging_mixin.py:188} INFO - [2026-05-17T10:27:49.534+0000] {dagbag.py:355} ERROR - Failed to import: /opt/airflow/dags/playwright_shopee.py
Traceback (most recent call last):
  File "/home/airflow/.local/lib/python3.8/site-packages/airflow/models/dagbag.py", line 351, in parse
    loader.exec_module(new_module)
  File "<frozen importlib._bootstrap_external>", line 843, in exec_module
  File "<frozen importlib._bootstrap>", line 219, in _call_with_frames_removed
  File "/opt/airflow/dags/playwright_shopee.py", line 218, in <module>
    raise RuntimeError(
RuntimeError: Shopee traffic verify detected. Update shopee_cookies.json dari Cookie-Editor.
[2026-05-17T10:27:49.536+0000] {processor.py:842} WARNING - No viable dags retrieved from /opt/airflow/dags/playwright_shopee.py
[2026-05-17T10:27:49.564+0000] {processor.py:183} INFO - Processing /opt/airflow/dags/playwright_shopee.py took 10.362 seconds
[2026-05-17T10:28:19.844+0000] {processor.py:161} INFO - Started process (PID=16290) to work on /opt/airflow/dags/playwright_shopee.py
[2026-05-17T10:28:19.846+0000] {processor.py:830} INFO - Processing file /opt/airflow/dags/playwright_shopee.py for tasks to queue
[2026-05-17T10:28:19.848+0000] {logging_mixin.py:188} INFO - [2026-05-17T10:28:19.848+0000] {dagbag.py:545} INFO - Filling up the DagBag from /opt/airflow/dags/playwright_shopee.py
[2026-05-17T10:28:20.265+0000] {logging_mixin.py:188} INFO - 🌐 Membuka Chromium...
[2026-05-17T10:28:20.453+0000] {logging_mixin.py:188} INFO - 🍪 Inject cookies Shopee...
[2026-05-17T10:28:20.457+0000] {logging_mixin.py:188} INFO - ✅ 16 cookies berhasil diload dari /opt/airflow/dags/shopee_cookies.json
[2026-05-17T10:28:20.585+0000] {logging_mixin.py:188} INFO - 🌍 Membuka Shopee search...
[2026-05-17T10:28:27.690+0000] {logging_mixin.py:188} INFO - 📄 URL   : https://shopee.co.id/search?keyword=msi%20gaming
[2026-05-17T10:28:28.412+0000] {logging_mixin.py:188} INFO - 📄 TITLE : 
[2026-05-17T10:28:29.455+0000] {logging_mixin.py:188} INFO - ❌ Kena traffic verify — cookies mungkin expired.
[2026-05-17T10:28:29.456+0000] {logging_mixin.py:188} INFO - ⚠️  Export ulang cookies dari Chrome dan update shopee_cookies.json
[2026-05-17T10:28:30.125+0000] {logging_mixin.py:188} INFO - [2026-05-17T10:28:30.123+0000] {dagbag.py:355} ERROR - Failed to import: /opt/airflow/dags/playwright_shopee.py
Traceback (most recent call last):
  File "/home/airflow/.local/lib/python3.8/site-packages/airflow/models/dagbag.py", line 351, in parse
    loader.exec_module(new_module)
  File "<frozen importlib._bootstrap_external>", line 843, in exec_module
  File "<frozen importlib._bootstrap>", line 219, in _call_with_frames_removed
  File "/opt/airflow/dags/playwright_shopee.py", line 218, in <module>
    raise RuntimeError(
RuntimeError: Shopee traffic verify detected. Update shopee_cookies.json dari Cookie-Editor.
[2026-05-17T10:28:30.126+0000] {processor.py:842} WARNING - No viable dags retrieved from /opt/airflow/dags/playwright_shopee.py
[2026-05-17T10:28:30.154+0000] {processor.py:183} INFO - Processing /opt/airflow/dags/playwright_shopee.py took 10.317 seconds
[2026-05-17T10:29:00.433+0000] {processor.py:161} INFO - Started process (PID=16415) to work on /opt/airflow/dags/playwright_shopee.py
[2026-05-17T10:29:00.434+0000] {processor.py:830} INFO - Processing file /opt/airflow/dags/playwright_shopee.py for tasks to queue
[2026-05-17T10:29:00.435+0000] {logging_mixin.py:188} INFO - [2026-05-17T10:29:00.435+0000] {dagbag.py:545} INFO - Filling up the DagBag from /opt/airflow/dags/playwright_shopee.py
[2026-05-17T10:29:00.844+0000] {logging_mixin.py:188} INFO - 🌐 Membuka Chromium...
[2026-05-17T10:29:01.075+0000] {logging_mixin.py:188} INFO - 🍪 Inject cookies Shopee...
[2026-05-17T10:29:01.079+0000] {logging_mixin.py:188} INFO - ✅ 16 cookies berhasil diload dari /opt/airflow/dags/shopee_cookies.json
[2026-05-17T10:29:01.185+0000] {logging_mixin.py:188} INFO - 🌍 Membuka Shopee search...
[2026-05-17T10:29:08.483+0000] {logging_mixin.py:188} INFO - 📄 URL   : https://shopee.co.id/search?keyword=msi%20gaming
[2026-05-17T10:29:08.620+0000] {logging_mixin.py:188} INFO - 📄 TITLE : Shopee Indonesia | Situs Belanja Online Terlengkap & Terpercaya
[2026-05-17T10:29:09.184+0000] {logging_mixin.py:188} INFO - ❌ Kena traffic verify — cookies mungkin expired.
[2026-05-17T10:29:09.184+0000] {logging_mixin.py:188} INFO - ⚠️  Export ulang cookies dari Chrome dan update shopee_cookies.json
[2026-05-17T10:29:09.525+0000] {logging_mixin.py:188} INFO - [2026-05-17T10:29:09.523+0000] {dagbag.py:355} ERROR - Failed to import: /opt/airflow/dags/playwright_shopee.py
Traceback (most recent call last):
  File "/home/airflow/.local/lib/python3.8/site-packages/airflow/models/dagbag.py", line 351, in parse
    loader.exec_module(new_module)
  File "<frozen importlib._bootstrap_external>", line 843, in exec_module
  File "<frozen importlib._bootstrap>", line 219, in _call_with_frames_removed
  File "/opt/airflow/dags/playwright_shopee.py", line 218, in <module>
    raise RuntimeError(
RuntimeError: Shopee traffic verify detected. Update shopee_cookies.json dari Cookie-Editor.
[2026-05-17T10:29:09.526+0000] {processor.py:842} WARNING - No viable dags retrieved from /opt/airflow/dags/playwright_shopee.py
[2026-05-17T10:29:09.552+0000] {processor.py:183} INFO - Processing /opt/airflow/dags/playwright_shopee.py took 9.126 seconds
[2026-05-17T10:29:39.864+0000] {processor.py:161} INFO - Started process (PID=16534) to work on /opt/airflow/dags/playwright_shopee.py
[2026-05-17T10:29:39.865+0000] {processor.py:830} INFO - Processing file /opt/airflow/dags/playwright_shopee.py for tasks to queue
[2026-05-17T10:29:39.867+0000] {logging_mixin.py:188} INFO - [2026-05-17T10:29:39.867+0000] {dagbag.py:545} INFO - Filling up the DagBag from /opt/airflow/dags/playwright_shopee.py
[2026-05-17T10:29:40.278+0000] {logging_mixin.py:188} INFO - 🌐 Membuka Chromium...
[2026-05-17T10:29:40.520+0000] {logging_mixin.py:188} INFO - 🍪 Inject cookies Shopee...
[2026-05-17T10:29:40.525+0000] {logging_mixin.py:188} INFO - ✅ 16 cookies berhasil diload dari /opt/airflow/dags/shopee_cookies.json
[2026-05-17T10:29:40.623+0000] {logging_mixin.py:188} INFO - 🌍 Membuka Shopee search...
[2026-05-17T10:29:47.431+0000] {logging_mixin.py:188} INFO - 📄 URL   : https://shopee.co.id/search?keyword=msi%20gaming
[2026-05-17T10:29:48.056+0000] {logging_mixin.py:188} INFO - 📄 TITLE : Shopee Indonesia | Situs Belanja Online Terlengkap & Terpercaya
[2026-05-17T10:29:48.719+0000] {logging_mixin.py:188} INFO - ❌ Kena traffic verify — cookies mungkin expired.
[2026-05-17T10:29:48.721+0000] {logging_mixin.py:188} INFO - ⚠️  Export ulang cookies dari Chrome dan update shopee_cookies.json
[2026-05-17T10:29:49.266+0000] {logging_mixin.py:188} INFO - [2026-05-17T10:29:49.265+0000] {dagbag.py:355} ERROR - Failed to import: /opt/airflow/dags/playwright_shopee.py
Traceback (most recent call last):
  File "/home/airflow/.local/lib/python3.8/site-packages/airflow/models/dagbag.py", line 351, in parse
    loader.exec_module(new_module)
  File "<frozen importlib._bootstrap_external>", line 843, in exec_module
  File "<frozen importlib._bootstrap>", line 219, in _call_with_frames_removed
  File "/opt/airflow/dags/playwright_shopee.py", line 218, in <module>
    raise RuntimeError(
RuntimeError: Shopee traffic verify detected. Update shopee_cookies.json dari Cookie-Editor.
[2026-05-17T10:29:49.267+0000] {processor.py:842} WARNING - No viable dags retrieved from /opt/airflow/dags/playwright_shopee.py
[2026-05-17T10:29:49.296+0000] {processor.py:183} INFO - Processing /opt/airflow/dags/playwright_shopee.py took 9.430 seconds
[2026-05-17T10:30:19.631+0000] {processor.py:161} INFO - Started process (PID=16652) to work on /opt/airflow/dags/playwright_shopee.py
[2026-05-17T10:30:19.632+0000] {processor.py:830} INFO - Processing file /opt/airflow/dags/playwright_shopee.py for tasks to queue
[2026-05-17T10:30:19.634+0000] {logging_mixin.py:188} INFO - [2026-05-17T10:30:19.633+0000] {dagbag.py:545} INFO - Filling up the DagBag from /opt/airflow/dags/playwright_shopee.py
[2026-05-17T10:30:20.097+0000] {logging_mixin.py:188} INFO - 🌐 Membuka Chromium...
[2026-05-17T10:30:20.295+0000] {logging_mixin.py:188} INFO - 🍪 Inject cookies Shopee...
[2026-05-17T10:30:20.299+0000] {logging_mixin.py:188} INFO - ✅ 16 cookies berhasil diload dari /opt/airflow/dags/shopee_cookies.json
[2026-05-17T10:30:20.421+0000] {logging_mixin.py:188} INFO - 🌍 Membuka Shopee search...
[2026-05-17T10:30:26.061+0000] {logging_mixin.py:188} INFO - 📄 URL   : https://shopee.co.id/search?keyword=msi%20gaming
[2026-05-17T10:30:26.419+0000] {logging_mixin.py:188} INFO - 📄 TITLE : 
[2026-05-17T10:30:28.116+0000] {logging_mixin.py:188} INFO - ❌ Kena traffic verify — cookies mungkin expired.
[2026-05-17T10:30:28.118+0000] {logging_mixin.py:188} INFO - ⚠️  Export ulang cookies dari Chrome dan update shopee_cookies.json
[2026-05-17T10:30:28.736+0000] {logging_mixin.py:188} INFO - [2026-05-17T10:30:28.735+0000] {dagbag.py:355} ERROR - Failed to import: /opt/airflow/dags/playwright_shopee.py
Traceback (most recent call last):
  File "/home/airflow/.local/lib/python3.8/site-packages/airflow/models/dagbag.py", line 351, in parse
    loader.exec_module(new_module)
  File "<frozen importlib._bootstrap_external>", line 843, in exec_module
  File "<frozen importlib._bootstrap>", line 219, in _call_with_frames_removed
  File "/opt/airflow/dags/playwright_shopee.py", line 218, in <module>
    raise RuntimeError(
RuntimeError: Shopee traffic verify detected. Update shopee_cookies.json dari Cookie-Editor.
[2026-05-17T10:30:28.738+0000] {processor.py:842} WARNING - No viable dags retrieved from /opt/airflow/dags/playwright_shopee.py
[2026-05-17T10:30:28.760+0000] {processor.py:183} INFO - Processing /opt/airflow/dags/playwright_shopee.py took 9.136 seconds
[2026-05-17T10:30:59.036+0000] {processor.py:161} INFO - Started process (PID=16776) to work on /opt/airflow/dags/playwright_shopee.py
[2026-05-17T10:30:59.037+0000] {processor.py:830} INFO - Processing file /opt/airflow/dags/playwright_shopee.py for tasks to queue
[2026-05-17T10:30:59.038+0000] {logging_mixin.py:188} INFO - [2026-05-17T10:30:59.038+0000] {dagbag.py:545} INFO - Filling up the DagBag from /opt/airflow/dags/playwright_shopee.py
[2026-05-17T10:30:59.487+0000] {logging_mixin.py:188} INFO - 🌐 Membuka Chromium...
[2026-05-17T10:30:59.696+0000] {logging_mixin.py:188} INFO - 🍪 Inject cookies Shopee...
[2026-05-17T10:30:59.700+0000] {logging_mixin.py:188} INFO - ✅ 16 cookies berhasil diload dari /opt/airflow/dags/shopee_cookies.json
[2026-05-17T10:30:59.810+0000] {logging_mixin.py:188} INFO - 🌍 Membuka Shopee search...
[2026-05-17T10:31:06.384+0000] {logging_mixin.py:188} INFO - 📄 URL   : https://shopee.co.id/search?keyword=msi%20gaming
[2026-05-17T10:31:06.931+0000] {logging_mixin.py:188} INFO - 📄 TITLE : Shopee Indonesia | Situs Belanja Online Terlengkap & Terpercaya
[2026-05-17T10:31:07.510+0000] {logging_mixin.py:188} INFO - ❌ Kena traffic verify — cookies mungkin expired.
[2026-05-17T10:31:07.510+0000] {logging_mixin.py:188} INFO - ⚠️  Export ulang cookies dari Chrome dan update shopee_cookies.json
[2026-05-17T10:31:07.952+0000] {logging_mixin.py:188} INFO - [2026-05-17T10:31:07.950+0000] {dagbag.py:355} ERROR - Failed to import: /opt/airflow/dags/playwright_shopee.py
Traceback (most recent call last):
  File "/home/airflow/.local/lib/python3.8/site-packages/airflow/models/dagbag.py", line 351, in parse
    loader.exec_module(new_module)
  File "<frozen importlib._bootstrap_external>", line 843, in exec_module
  File "<frozen importlib._bootstrap>", line 219, in _call_with_frames_removed
  File "/opt/airflow/dags/playwright_shopee.py", line 218, in <module>
    raise RuntimeError(
RuntimeError: Shopee traffic verify detected. Update shopee_cookies.json dari Cookie-Editor.
[2026-05-17T10:31:07.955+0000] {processor.py:842} WARNING - No viable dags retrieved from /opt/airflow/dags/playwright_shopee.py
[2026-05-17T10:31:07.981+0000] {processor.py:183} INFO - Processing /opt/airflow/dags/playwright_shopee.py took 8.953 seconds
[2026-05-17T10:31:38.546+0000] {processor.py:161} INFO - Started process (PID=16895) to work on /opt/airflow/dags/playwright_shopee.py
[2026-05-17T10:31:38.547+0000] {processor.py:830} INFO - Processing file /opt/airflow/dags/playwright_shopee.py for tasks to queue
[2026-05-17T10:31:38.548+0000] {logging_mixin.py:188} INFO - [2026-05-17T10:31:38.548+0000] {dagbag.py:545} INFO - Filling up the DagBag from /opt/airflow/dags/playwright_shopee.py
[2026-05-17T10:31:38.989+0000] {logging_mixin.py:188} INFO - 🌐 Membuka Chromium...
[2026-05-17T10:31:39.173+0000] {logging_mixin.py:188} INFO - 🍪 Inject cookies Shopee...
[2026-05-17T10:31:39.176+0000] {logging_mixin.py:188} INFO - ✅ 16 cookies berhasil diload dari /opt/airflow/dags/shopee_cookies.json
[2026-05-17T10:31:39.286+0000] {logging_mixin.py:188} INFO - 🌍 Membuka Shopee search...
[2026-05-17T10:31:46.782+0000] {logging_mixin.py:188} INFO - 📄 URL   : https://shopee.co.id/search?keyword=msi%20gaming
[2026-05-17T10:31:47.011+0000] {logging_mixin.py:188} INFO - 📄 TITLE : Shopee Indonesia | Situs Belanja Online Terlengkap & Terpercaya
[2026-05-17T10:31:47.593+0000] {logging_mixin.py:188} INFO - ❌ Kena traffic verify — cookies mungkin expired.
[2026-05-17T10:31:47.594+0000] {logging_mixin.py:188} INFO - ⚠️  Export ulang cookies dari Chrome dan update shopee_cookies.json
[2026-05-17T10:31:47.942+0000] {logging_mixin.py:188} INFO - [2026-05-17T10:31:47.941+0000] {dagbag.py:355} ERROR - Failed to import: /opt/airflow/dags/playwright_shopee.py
Traceback (most recent call last):
  File "/home/airflow/.local/lib/python3.8/site-packages/airflow/models/dagbag.py", line 351, in parse
    loader.exec_module(new_module)
  File "<frozen importlib._bootstrap_external>", line 843, in exec_module
  File "<frozen importlib._bootstrap>", line 219, in _call_with_frames_removed
  File "/opt/airflow/dags/playwright_shopee.py", line 218, in <module>
    raise RuntimeError(
RuntimeError: Shopee traffic verify detected. Update shopee_cookies.json dari Cookie-Editor.
[2026-05-17T10:31:47.943+0000] {processor.py:842} WARNING - No viable dags retrieved from /opt/airflow/dags/playwright_shopee.py
[2026-05-17T10:31:47.975+0000] {processor.py:183} INFO - Processing /opt/airflow/dags/playwright_shopee.py took 9.437 seconds
[2026-05-17T10:32:18.375+0000] {processor.py:161} INFO - Started process (PID=17013) to work on /opt/airflow/dags/playwright_shopee.py
[2026-05-17T10:32:18.376+0000] {processor.py:830} INFO - Processing file /opt/airflow/dags/playwright_shopee.py for tasks to queue
[2026-05-17T10:32:18.378+0000] {logging_mixin.py:188} INFO - [2026-05-17T10:32:18.378+0000] {dagbag.py:545} INFO - Filling up the DagBag from /opt/airflow/dags/playwright_shopee.py
[2026-05-17T10:32:18.801+0000] {logging_mixin.py:188} INFO - 🌐 Membuka Chromium...
[2026-05-17T10:32:19.017+0000] {logging_mixin.py:188} INFO - 🍪 Inject cookies Shopee...
[2026-05-17T10:32:19.020+0000] {logging_mixin.py:188} INFO - ✅ 16 cookies berhasil diload dari /opt/airflow/dags/shopee_cookies.json
[2026-05-17T10:32:19.130+0000] {logging_mixin.py:188} INFO - 🌍 Membuka Shopee search...
[2026-05-17T10:32:25.519+0000] {logging_mixin.py:188} INFO - 📄 URL   : https://shopee.co.id/search?keyword=msi%20gaming
[2026-05-17T10:32:26.261+0000] {logging_mixin.py:188} INFO - 📄 TITLE : Shopee Indonesia | Situs Belanja Online Terlengkap & Terpercaya
[2026-05-17T10:32:26.984+0000] {logging_mixin.py:188} INFO - ❌ Kena traffic verify — cookies mungkin expired.
[2026-05-17T10:32:26.985+0000] {logging_mixin.py:188} INFO - ⚠️  Export ulang cookies dari Chrome dan update shopee_cookies.json
[2026-05-17T10:32:27.567+0000] {logging_mixin.py:188} INFO - [2026-05-17T10:32:27.565+0000] {dagbag.py:355} ERROR - Failed to import: /opt/airflow/dags/playwright_shopee.py
Traceback (most recent call last):
  File "/home/airflow/.local/lib/python3.8/site-packages/airflow/models/dagbag.py", line 351, in parse
    loader.exec_module(new_module)
  File "<frozen importlib._bootstrap_external>", line 843, in exec_module
  File "<frozen importlib._bootstrap>", line 219, in _call_with_frames_removed
  File "/opt/airflow/dags/playwright_shopee.py", line 218, in <module>
    raise RuntimeError(
RuntimeError: Shopee traffic verify detected. Update shopee_cookies.json dari Cookie-Editor.
[2026-05-17T10:32:27.568+0000] {processor.py:842} WARNING - No viable dags retrieved from /opt/airflow/dags/playwright_shopee.py
[2026-05-17T10:32:27.593+0000] {processor.py:183} INFO - Processing /opt/airflow/dags/playwright_shopee.py took 9.224 seconds
[2026-05-17T10:32:57.736+0000] {processor.py:161} INFO - Started process (PID=17132) to work on /opt/airflow/dags/playwright_shopee.py
[2026-05-17T10:32:57.738+0000] {processor.py:830} INFO - Processing file /opt/airflow/dags/playwright_shopee.py for tasks to queue
[2026-05-17T10:32:57.740+0000] {logging_mixin.py:188} INFO - [2026-05-17T10:32:57.740+0000] {dagbag.py:545} INFO - Filling up the DagBag from /opt/airflow/dags/playwright_shopee.py
[2026-05-17T10:32:58.225+0000] {logging_mixin.py:188} INFO - 🌐 Membuka Chromium...
[2026-05-17T10:32:58.407+0000] {logging_mixin.py:188} INFO - 🍪 Inject cookies Shopee...
[2026-05-17T10:32:58.411+0000] {logging_mixin.py:188} INFO - ✅ 16 cookies berhasil diload dari /opt/airflow/dags/shopee_cookies.json
[2026-05-17T10:32:58.509+0000] {logging_mixin.py:188} INFO - 🌍 Membuka Shopee search...
[2026-05-17T10:33:05.445+0000] {logging_mixin.py:188} INFO - 📄 URL   : https://shopee.co.id/search?keyword=msi%20gaming
[2026-05-17T10:33:06.026+0000] {logging_mixin.py:188} INFO - 📄 TITLE : Shopee Indonesia | Situs Belanja Online Terlengkap & Terpercaya
[2026-05-17T10:33:06.575+0000] {logging_mixin.py:188} INFO - ❌ Kena traffic verify — cookies mungkin expired.
[2026-05-17T10:33:06.576+0000] {logging_mixin.py:188} INFO - ⚠️  Export ulang cookies dari Chrome dan update shopee_cookies.json
[2026-05-17T10:33:07.031+0000] {logging_mixin.py:188} INFO - [2026-05-17T10:33:07.030+0000] {dagbag.py:355} ERROR - Failed to import: /opt/airflow/dags/playwright_shopee.py
Traceback (most recent call last):
  File "/home/airflow/.local/lib/python3.8/site-packages/airflow/models/dagbag.py", line 351, in parse
    loader.exec_module(new_module)
  File "<frozen importlib._bootstrap_external>", line 843, in exec_module
  File "<frozen importlib._bootstrap>", line 219, in _call_with_frames_removed
  File "/opt/airflow/dags/playwright_shopee.py", line 218, in <module>
    raise RuntimeError(
RuntimeError: Shopee traffic verify detected. Update shopee_cookies.json dari Cookie-Editor.
[2026-05-17T10:33:07.032+0000] {processor.py:842} WARNING - No viable dags retrieved from /opt/airflow/dags/playwright_shopee.py
[2026-05-17T10:33:07.058+0000] {processor.py:183} INFO - Processing /opt/airflow/dags/playwright_shopee.py took 9.328 seconds
[2026-05-17T10:33:37.375+0000] {processor.py:161} INFO - Started process (PID=17256) to work on /opt/airflow/dags/playwright_shopee.py
[2026-05-17T10:33:37.376+0000] {processor.py:830} INFO - Processing file /opt/airflow/dags/playwright_shopee.py for tasks to queue
[2026-05-17T10:33:37.378+0000] {logging_mixin.py:188} INFO - [2026-05-17T10:33:37.378+0000] {dagbag.py:545} INFO - Filling up the DagBag from /opt/airflow/dags/playwright_shopee.py
[2026-05-17T10:33:37.794+0000] {logging_mixin.py:188} INFO - 🌐 Membuka Chromium...
[2026-05-17T10:33:38.015+0000] {logging_mixin.py:188} INFO - 🍪 Inject cookies Shopee...
[2026-05-17T10:33:38.020+0000] {logging_mixin.py:188} INFO - ✅ 16 cookies berhasil diload dari /opt/airflow/dags/shopee_cookies.json
[2026-05-17T10:33:38.137+0000] {logging_mixin.py:188} INFO - 🌍 Membuka Shopee search...
[2026-05-17T10:33:46.513+0000] {logging_mixin.py:188} INFO - 📄 URL   : https://shopee.co.id/search?keyword=msi%20gaming
[2026-05-17T10:33:46.794+0000] {logging_mixin.py:188} INFO - 📄 TITLE : Shopee Indonesia | Situs Belanja Online Terlengkap & Terpercaya
[2026-05-17T10:33:47.502+0000] {logging_mixin.py:188} INFO - ❌ Kena traffic verify — cookies mungkin expired.
[2026-05-17T10:33:47.503+0000] {logging_mixin.py:188} INFO - ⚠️  Export ulang cookies dari Chrome dan update shopee_cookies.json
[2026-05-17T10:33:47.770+0000] {logging_mixin.py:188} INFO - [2026-05-17T10:33:47.769+0000] {dagbag.py:355} ERROR - Failed to import: /opt/airflow/dags/playwright_shopee.py
Traceback (most recent call last):
  File "/home/airflow/.local/lib/python3.8/site-packages/airflow/models/dagbag.py", line 351, in parse
    loader.exec_module(new_module)
  File "<frozen importlib._bootstrap_external>", line 843, in exec_module
  File "<frozen importlib._bootstrap>", line 219, in _call_with_frames_removed
  File "/opt/airflow/dags/playwright_shopee.py", line 218, in <module>
    raise RuntimeError(
RuntimeError: Shopee traffic verify detected. Update shopee_cookies.json dari Cookie-Editor.
[2026-05-17T10:33:47.771+0000] {processor.py:842} WARNING - No viable dags retrieved from /opt/airflow/dags/playwright_shopee.py
[2026-05-17T10:33:47.795+0000] {processor.py:183} INFO - Processing /opt/airflow/dags/playwright_shopee.py took 10.427 seconds
[2026-05-17T10:34:18.085+0000] {processor.py:161} INFO - Started process (PID=17379) to work on /opt/airflow/dags/playwright_shopee.py
[2026-05-17T10:34:18.086+0000] {processor.py:830} INFO - Processing file /opt/airflow/dags/playwright_shopee.py for tasks to queue
[2026-05-17T10:34:18.087+0000] {logging_mixin.py:188} INFO - [2026-05-17T10:34:18.087+0000] {dagbag.py:545} INFO - Filling up the DagBag from /opt/airflow/dags/playwright_shopee.py
[2026-05-17T10:34:18.504+0000] {logging_mixin.py:188} INFO - 🌐 Membuka Chromium...
[2026-05-17T10:34:18.736+0000] {logging_mixin.py:188} INFO - 🍪 Inject cookies Shopee...
[2026-05-17T10:34:18.740+0000] {logging_mixin.py:188} INFO - ✅ 16 cookies berhasil diload dari /opt/airflow/dags/shopee_cookies.json
[2026-05-17T10:34:18.840+0000] {logging_mixin.py:188} INFO - 🌍 Membuka Shopee search...
[2026-05-17T10:34:26.974+0000] {logging_mixin.py:188} INFO - 📄 URL   : https://shopee.co.id/search?keyword=msi%20gaming
[2026-05-17T10:34:27.097+0000] {logging_mixin.py:188} INFO - 📄 TITLE : Shopee Indonesia | Situs Belanja Online Terlengkap & Terpercaya
[2026-05-17T10:34:27.663+0000] {logging_mixin.py:188} INFO - ❌ Kena traffic verify — cookies mungkin expired.
[2026-05-17T10:34:27.663+0000] {logging_mixin.py:188} INFO - ⚠️  Export ulang cookies dari Chrome dan update shopee_cookies.json
[2026-05-17T10:34:28.427+0000] {logging_mixin.py:188} INFO - [2026-05-17T10:34:28.424+0000] {dagbag.py:355} ERROR - Failed to import: /opt/airflow/dags/playwright_shopee.py
Traceback (most recent call last):
  File "/home/airflow/.local/lib/python3.8/site-packages/airflow/models/dagbag.py", line 351, in parse
    loader.exec_module(new_module)
  File "<frozen importlib._bootstrap_external>", line 843, in exec_module
  File "<frozen importlib._bootstrap>", line 219, in _call_with_frames_removed
  File "/opt/airflow/dags/playwright_shopee.py", line 218, in <module>
    raise RuntimeError(
RuntimeError: Shopee traffic verify detected. Update shopee_cookies.json dari Cookie-Editor.
[2026-05-17T10:34:28.430+0000] {processor.py:842} WARNING - No viable dags retrieved from /opt/airflow/dags/playwright_shopee.py
[2026-05-17T10:34:28.461+0000] {processor.py:183} INFO - Processing /opt/airflow/dags/playwright_shopee.py took 10.383 seconds
[2026-05-17T10:34:58.713+0000] {processor.py:161} INFO - Started process (PID=17499) to work on /opt/airflow/dags/playwright_shopee.py
[2026-05-17T10:34:58.715+0000] {processor.py:830} INFO - Processing file /opt/airflow/dags/playwright_shopee.py for tasks to queue
[2026-05-17T10:34:58.719+0000] {logging_mixin.py:188} INFO - [2026-05-17T10:34:58.719+0000] {dagbag.py:545} INFO - Filling up the DagBag from /opt/airflow/dags/playwright_shopee.py
[2026-05-17T10:35:01.348+0000] {logging_mixin.py:188} INFO - 🌐 Membuka Chromium...
[2026-05-17T10:35:01.670+0000] {logging_mixin.py:188} INFO - 🍪 Inject cookies Shopee...
[2026-05-17T10:35:01.674+0000] {logging_mixin.py:188} INFO - ✅ 16 cookies berhasil diload dari /opt/airflow/dags/shopee_cookies.json
[2026-05-17T10:35:02.047+0000] {logging_mixin.py:188} INFO - 🌍 Membuka Shopee search...
[2026-05-17T10:35:09.296+0000] {logging_mixin.py:188} INFO - 📄 URL   : https://shopee.co.id/search?keyword=msi%20gaming
[2026-05-17T10:35:09.826+0000] {logging_mixin.py:188} INFO - 📄 TITLE : 
[2026-05-17T10:35:11.235+0000] {logging_mixin.py:188} INFO - ❌ Kena traffic verify — cookies mungkin expired.
[2026-05-17T10:35:11.236+0000] {logging_mixin.py:188} INFO - ⚠️  Export ulang cookies dari Chrome dan update shopee_cookies.json
[2026-05-17T10:35:11.726+0000] {logging_mixin.py:188} INFO - [2026-05-17T10:35:11.725+0000] {dagbag.py:355} ERROR - Failed to import: /opt/airflow/dags/playwright_shopee.py
Traceback (most recent call last):
  File "/home/airflow/.local/lib/python3.8/site-packages/airflow/models/dagbag.py", line 351, in parse
    loader.exec_module(new_module)
  File "<frozen importlib._bootstrap_external>", line 843, in exec_module
  File "<frozen importlib._bootstrap>", line 219, in _call_with_frames_removed
  File "/opt/airflow/dags/playwright_shopee.py", line 218, in <module>
    raise RuntimeError(
RuntimeError: Shopee traffic verify detected. Update shopee_cookies.json dari Cookie-Editor.
[2026-05-17T10:35:11.728+0000] {processor.py:842} WARNING - No viable dags retrieved from /opt/airflow/dags/playwright_shopee.py
[2026-05-17T10:35:11.753+0000] {processor.py:183} INFO - Processing /opt/airflow/dags/playwright_shopee.py took 13.053 seconds
[2026-05-17T10:35:42.096+0000] {processor.py:161} INFO - Started process (PID=17624) to work on /opt/airflow/dags/playwright_shopee.py
[2026-05-17T10:35:42.098+0000] {processor.py:830} INFO - Processing file /opt/airflow/dags/playwright_shopee.py for tasks to queue
[2026-05-17T10:35:42.100+0000] {logging_mixin.py:188} INFO - [2026-05-17T10:35:42.100+0000] {dagbag.py:545} INFO - Filling up the DagBag from /opt/airflow/dags/playwright_shopee.py
[2026-05-17T10:35:42.620+0000] {logging_mixin.py:188} INFO - 🌐 Membuka Chromium...
[2026-05-17T10:35:42.914+0000] {logging_mixin.py:188} INFO - 🍪 Inject cookies Shopee...
[2026-05-17T10:35:42.917+0000] {logging_mixin.py:188} INFO - ✅ 16 cookies berhasil diload dari /opt/airflow/dags/shopee_cookies.json
[2026-05-17T10:35:43.041+0000] {logging_mixin.py:188} INFO - 🌍 Membuka Shopee search...
[2026-05-17T10:35:49.946+0000] {logging_mixin.py:188} INFO - 📄 URL   : https://shopee.co.id/search?keyword=msi%20gaming
[2026-05-17T10:35:50.484+0000] {logging_mixin.py:188} INFO - 📄 TITLE : Shopee Indonesia | Situs Belanja Online Terlengkap & Terpercaya
[2026-05-17T10:35:51.187+0000] {logging_mixin.py:188} INFO - ❌ Kena traffic verify — cookies mungkin expired.
[2026-05-17T10:35:51.188+0000] {logging_mixin.py:188} INFO - ⚠️  Export ulang cookies dari Chrome dan update shopee_cookies.json
[2026-05-17T10:35:51.716+0000] {logging_mixin.py:188} INFO - [2026-05-17T10:35:51.715+0000] {dagbag.py:355} ERROR - Failed to import: /opt/airflow/dags/playwright_shopee.py
Traceback (most recent call last):
  File "/home/airflow/.local/lib/python3.8/site-packages/airflow/models/dagbag.py", line 351, in parse
    loader.exec_module(new_module)
  File "<frozen importlib._bootstrap_external>", line 843, in exec_module
  File "<frozen importlib._bootstrap>", line 219, in _call_with_frames_removed
  File "/opt/airflow/dags/playwright_shopee.py", line 218, in <module>
    raise RuntimeError(
RuntimeError: Shopee traffic verify detected. Update shopee_cookies.json dari Cookie-Editor.
[2026-05-17T10:35:51.718+0000] {processor.py:842} WARNING - No viable dags retrieved from /opt/airflow/dags/playwright_shopee.py
[2026-05-17T10:35:51.748+0000] {processor.py:183} INFO - Processing /opt/airflow/dags/playwright_shopee.py took 9.667 seconds
[2026-05-17T10:36:22.407+0000] {processor.py:161} INFO - Started process (PID=17743) to work on /opt/airflow/dags/playwright_shopee.py
[2026-05-17T10:36:22.409+0000] {processor.py:830} INFO - Processing file /opt/airflow/dags/playwright_shopee.py for tasks to queue
[2026-05-17T10:36:22.411+0000] {logging_mixin.py:188} INFO - [2026-05-17T10:36:22.411+0000] {dagbag.py:545} INFO - Filling up the DagBag from /opt/airflow/dags/playwright_shopee.py
[2026-05-17T10:36:22.883+0000] {logging_mixin.py:188} INFO - 🌐 Membuka Chromium...
[2026-05-17T10:36:23.085+0000] {logging_mixin.py:188} INFO - 🍪 Inject cookies Shopee...
[2026-05-17T10:36:23.088+0000] {logging_mixin.py:188} INFO - ✅ 16 cookies berhasil diload dari /opt/airflow/dags/shopee_cookies.json
[2026-05-17T10:36:23.190+0000] {logging_mixin.py:188} INFO - 🌍 Membuka Shopee search...
[2026-05-17T10:36:30.772+0000] {logging_mixin.py:188} INFO - 📄 URL   : https://shopee.co.id/search?keyword=msi%20gaming
[2026-05-17T10:36:30.880+0000] {logging_mixin.py:188} INFO - 📄 TITLE : Shopee Indonesia | Situs Belanja Online Terlengkap & Terpercaya
[2026-05-17T10:36:31.412+0000] {logging_mixin.py:188} INFO - ❌ Kena traffic verify — cookies mungkin expired.
[2026-05-17T10:36:31.413+0000] {logging_mixin.py:188} INFO - ⚠️  Export ulang cookies dari Chrome dan update shopee_cookies.json
[2026-05-17T10:36:32.405+0000] {logging_mixin.py:188} INFO - [2026-05-17T10:36:32.401+0000] {dagbag.py:355} ERROR - Failed to import: /opt/airflow/dags/playwright_shopee.py
Traceback (most recent call last):
  File "/home/airflow/.local/lib/python3.8/site-packages/airflow/models/dagbag.py", line 351, in parse
    loader.exec_module(new_module)
  File "<frozen importlib._bootstrap_external>", line 843, in exec_module
  File "<frozen importlib._bootstrap>", line 219, in _call_with_frames_removed
  File "/opt/airflow/dags/playwright_shopee.py", line 218, in <module>
    raise RuntimeError(
RuntimeError: Shopee traffic verify detected. Update shopee_cookies.json dari Cookie-Editor.
[2026-05-17T10:36:32.408+0000] {processor.py:842} WARNING - No viable dags retrieved from /opt/airflow/dags/playwright_shopee.py
[2026-05-17T10:36:32.433+0000] {processor.py:183} INFO - Processing /opt/airflow/dags/playwright_shopee.py took 10.034 seconds
[2026-05-17T10:37:02.930+0000] {processor.py:161} INFO - Started process (PID=17865) to work on /opt/airflow/dags/playwright_shopee.py
[2026-05-17T10:37:02.931+0000] {processor.py:830} INFO - Processing file /opt/airflow/dags/playwright_shopee.py for tasks to queue
[2026-05-17T10:37:02.933+0000] {logging_mixin.py:188} INFO - [2026-05-17T10:37:02.933+0000] {dagbag.py:545} INFO - Filling up the DagBag from /opt/airflow/dags/playwright_shopee.py
[2026-05-17T10:37:03.394+0000] {logging_mixin.py:188} INFO - 🌐 Membuka Chromium...
[2026-05-17T10:37:03.604+0000] {logging_mixin.py:188} INFO - 🍪 Inject cookies Shopee...
[2026-05-17T10:37:03.608+0000] {logging_mixin.py:188} INFO - ✅ 16 cookies berhasil diload dari /opt/airflow/dags/shopee_cookies.json
[2026-05-17T10:37:03.712+0000] {logging_mixin.py:188} INFO - 🌍 Membuka Shopee search...
[2026-05-17T10:37:11.470+0000] {logging_mixin.py:188} INFO - 📄 URL   : https://shopee.co.id/search?keyword=msi%20gaming
[2026-05-17T10:37:11.704+0000] {logging_mixin.py:188} INFO - 📄 TITLE : Shopee Indonesia | Situs Belanja Online Terlengkap & Terpercaya
[2026-05-17T10:37:12.153+0000] {logging_mixin.py:188} INFO - ❌ Kena traffic verify — cookies mungkin expired.
[2026-05-17T10:37:12.154+0000] {logging_mixin.py:188} INFO - ⚠️  Export ulang cookies dari Chrome dan update shopee_cookies.json
[2026-05-17T10:37:12.749+0000] {logging_mixin.py:188} INFO - [2026-05-17T10:37:12.744+0000] {dagbag.py:355} ERROR - Failed to import: /opt/airflow/dags/playwright_shopee.py
Traceback (most recent call last):
  File "/home/airflow/.local/lib/python3.8/site-packages/airflow/models/dagbag.py", line 351, in parse
    loader.exec_module(new_module)
  File "<frozen importlib._bootstrap_external>", line 843, in exec_module
  File "<frozen importlib._bootstrap>", line 219, in _call_with_frames_removed
  File "/opt/airflow/dags/playwright_shopee.py", line 218, in <module>
    raise RuntimeError(
RuntimeError: Shopee traffic verify detected. Update shopee_cookies.json dari Cookie-Editor.
[2026-05-17T10:37:12.756+0000] {processor.py:842} WARNING - No viable dags retrieved from /opt/airflow/dags/playwright_shopee.py
[2026-05-17T10:37:12.788+0000] {processor.py:183} INFO - Processing /opt/airflow/dags/playwright_shopee.py took 9.867 seconds
[2026-05-17T10:37:43.597+0000] {processor.py:161} INFO - Started process (PID=17989) to work on /opt/airflow/dags/playwright_shopee.py
[2026-05-17T10:37:43.599+0000] {processor.py:830} INFO - Processing file /opt/airflow/dags/playwright_shopee.py for tasks to queue
[2026-05-17T10:37:43.602+0000] {logging_mixin.py:188} INFO - [2026-05-17T10:37:43.601+0000] {dagbag.py:545} INFO - Filling up the DagBag from /opt/airflow/dags/playwright_shopee.py
[2026-05-17T10:37:44.067+0000] {logging_mixin.py:188} INFO - 🌐 Membuka Chromium...
[2026-05-17T10:37:44.282+0000] {logging_mixin.py:188} INFO - 🍪 Inject cookies Shopee...
[2026-05-17T10:37:44.288+0000] {logging_mixin.py:188} INFO - ✅ 16 cookies berhasil diload dari /opt/airflow/dags/shopee_cookies.json
[2026-05-17T10:37:44.412+0000] {logging_mixin.py:188} INFO - 🌍 Membuka Shopee search...
[2026-05-17T10:37:50.814+0000] {logging_mixin.py:188} INFO - 📄 URL   : https://shopee.co.id/search?keyword=msi%20gaming
[2026-05-17T10:37:51.530+0000] {logging_mixin.py:188} INFO - 📄 TITLE : Shopee Indonesia | Situs Belanja Online Terlengkap & Terpercaya
[2026-05-17T10:37:52.088+0000] {logging_mixin.py:188} INFO - ❌ Kena traffic verify — cookies mungkin expired.
[2026-05-17T10:37:52.090+0000] {logging_mixin.py:188} INFO - ⚠️  Export ulang cookies dari Chrome dan update shopee_cookies.json
[2026-05-17T10:37:52.678+0000] {logging_mixin.py:188} INFO - [2026-05-17T10:37:52.676+0000] {dagbag.py:355} ERROR - Failed to import: /opt/airflow/dags/playwright_shopee.py
Traceback (most recent call last):
  File "/home/airflow/.local/lib/python3.8/site-packages/airflow/models/dagbag.py", line 351, in parse
    loader.exec_module(new_module)
  File "<frozen importlib._bootstrap_external>", line 843, in exec_module
  File "<frozen importlib._bootstrap>", line 219, in _call_with_frames_removed
  File "/opt/airflow/dags/playwright_shopee.py", line 218, in <module>
    raise RuntimeError(
RuntimeError: Shopee traffic verify detected. Update shopee_cookies.json dari Cookie-Editor.
[2026-05-17T10:37:52.680+0000] {processor.py:842} WARNING - No viable dags retrieved from /opt/airflow/dags/playwright_shopee.py
[2026-05-17T10:37:52.716+0000] {processor.py:183} INFO - Processing /opt/airflow/dags/playwright_shopee.py took 9.129 seconds
[2026-05-17T10:38:23.012+0000] {processor.py:161} INFO - Started process (PID=18108) to work on /opt/airflow/dags/playwright_shopee.py
[2026-05-17T10:38:23.014+0000] {processor.py:830} INFO - Processing file /opt/airflow/dags/playwright_shopee.py for tasks to queue
[2026-05-17T10:38:23.016+0000] {logging_mixin.py:188} INFO - [2026-05-17T10:38:23.016+0000] {dagbag.py:545} INFO - Filling up the DagBag from /opt/airflow/dags/playwright_shopee.py
[2026-05-17T10:38:23.454+0000] {logging_mixin.py:188} INFO - 🌐 Membuka Chromium...
[2026-05-17T10:38:23.703+0000] {logging_mixin.py:188} INFO - 🍪 Inject cookies Shopee...
[2026-05-17T10:38:23.709+0000] {logging_mixin.py:188} INFO - ✅ 16 cookies berhasil diload dari /opt/airflow/dags/shopee_cookies.json
[2026-05-17T10:38:23.818+0000] {logging_mixin.py:188} INFO - 🌍 Membuka Shopee search...
[2026-05-17T10:38:29.784+0000] {logging_mixin.py:188} INFO - 📄 URL   : https://shopee.co.id/search?keyword=msi%20gaming
[2026-05-17T10:38:30.136+0000] {logging_mixin.py:188} INFO - 📄 TITLE : 
[2026-05-17T10:38:31.748+0000] {logging_mixin.py:188} INFO - ❌ Kena traffic verify — cookies mungkin expired.
[2026-05-17T10:38:31.749+0000] {logging_mixin.py:188} INFO - ⚠️  Export ulang cookies dari Chrome dan update shopee_cookies.json
[2026-05-17T10:38:32.367+0000] {logging_mixin.py:188} INFO - [2026-05-17T10:38:32.363+0000] {dagbag.py:355} ERROR - Failed to import: /opt/airflow/dags/playwright_shopee.py
Traceback (most recent call last):
  File "/home/airflow/.local/lib/python3.8/site-packages/airflow/models/dagbag.py", line 351, in parse
    loader.exec_module(new_module)
  File "<frozen importlib._bootstrap_external>", line 843, in exec_module
  File "<frozen importlib._bootstrap>", line 219, in _call_with_frames_removed
  File "/opt/airflow/dags/playwright_shopee.py", line 218, in <module>
    raise RuntimeError(
RuntimeError: Shopee traffic verify detected. Update shopee_cookies.json dari Cookie-Editor.
[2026-05-17T10:38:32.371+0000] {processor.py:842} WARNING - No viable dags retrieved from /opt/airflow/dags/playwright_shopee.py
[2026-05-17T10:38:32.432+0000] {processor.py:183} INFO - Processing /opt/airflow/dags/playwright_shopee.py took 9.427 seconds
[2026-05-17T10:39:02.757+0000] {processor.py:161} INFO - Started process (PID=18227) to work on /opt/airflow/dags/playwright_shopee.py
[2026-05-17T10:39:02.758+0000] {processor.py:830} INFO - Processing file /opt/airflow/dags/playwright_shopee.py for tasks to queue
[2026-05-17T10:39:02.760+0000] {logging_mixin.py:188} INFO - [2026-05-17T10:39:02.760+0000] {dagbag.py:545} INFO - Filling up the DagBag from /opt/airflow/dags/playwright_shopee.py
[2026-05-17T10:39:03.196+0000] {logging_mixin.py:188} INFO - 🌐 Membuka Chromium...
[2026-05-17T10:39:03.409+0000] {logging_mixin.py:188} INFO - 🍪 Inject cookies Shopee...
[2026-05-17T10:39:03.412+0000] {logging_mixin.py:188} INFO - ✅ 16 cookies berhasil diload dari /opt/airflow/dags/shopee_cookies.json
[2026-05-17T10:39:03.521+0000] {logging_mixin.py:188} INFO - 🌍 Membuka Shopee search...
[2026-05-17T10:39:10.280+0000] {logging_mixin.py:188} INFO - 📄 URL   : https://shopee.co.id/search?keyword=msi%20gaming
[2026-05-17T10:39:11.103+0000] {logging_mixin.py:188} INFO - 📄 TITLE : Shopee Indonesia | Situs Belanja Online Terlengkap & Terpercaya
[2026-05-17T10:39:11.570+0000] {logging_mixin.py:188} INFO - ❌ Kena traffic verify — cookies mungkin expired.
[2026-05-17T10:39:11.571+0000] {logging_mixin.py:188} INFO - ⚠️  Export ulang cookies dari Chrome dan update shopee_cookies.json
[2026-05-17T10:39:12.069+0000] {logging_mixin.py:188} INFO - [2026-05-17T10:39:12.067+0000] {dagbag.py:355} ERROR - Failed to import: /opt/airflow/dags/playwright_shopee.py
Traceback (most recent call last):
  File "/home/airflow/.local/lib/python3.8/site-packages/airflow/models/dagbag.py", line 351, in parse
    loader.exec_module(new_module)
  File "<frozen importlib._bootstrap_external>", line 843, in exec_module
  File "<frozen importlib._bootstrap>", line 219, in _call_with_frames_removed
  File "/opt/airflow/dags/playwright_shopee.py", line 218, in <module>
    raise RuntimeError(
RuntimeError: Shopee traffic verify detected. Update shopee_cookies.json dari Cookie-Editor.
[2026-05-17T10:39:12.071+0000] {processor.py:842} WARNING - No viable dags retrieved from /opt/airflow/dags/playwright_shopee.py
[2026-05-17T10:39:12.094+0000] {processor.py:183} INFO - Processing /opt/airflow/dags/playwright_shopee.py took 9.344 seconds
[2026-05-17T10:39:42.410+0000] {processor.py:161} INFO - Started process (PID=18356) to work on /opt/airflow/dags/playwright_shopee.py
[2026-05-17T10:39:42.412+0000] {processor.py:830} INFO - Processing file /opt/airflow/dags/playwright_shopee.py for tasks to queue
[2026-05-17T10:39:42.413+0000] {logging_mixin.py:188} INFO - [2026-05-17T10:39:42.413+0000] {dagbag.py:545} INFO - Filling up the DagBag from /opt/airflow/dags/playwright_shopee.py
[2026-05-17T10:39:42.841+0000] {logging_mixin.py:188} INFO - 🌐 Membuka Chromium...
[2026-05-17T10:39:43.058+0000] {logging_mixin.py:188} INFO - 🍪 Inject cookies Shopee...
[2026-05-17T10:39:43.061+0000] {logging_mixin.py:188} INFO - ✅ 16 cookies berhasil diload dari /opt/airflow/dags/shopee_cookies.json
[2026-05-17T10:39:43.178+0000] {logging_mixin.py:188} INFO - 🌍 Membuka Shopee search...
[2026-05-17T10:39:51.758+0000] {logging_mixin.py:188} INFO - 📄 URL   : https://shopee.co.id/search?keyword=msi%20gaming
[2026-05-17T10:39:51.957+0000] {logging_mixin.py:188} INFO - 📄 TITLE : Shopee Indonesia | Situs Belanja Online Terlengkap & Terpercaya
[2026-05-17T10:39:52.536+0000] {logging_mixin.py:188} INFO - ❌ Kena traffic verify — cookies mungkin expired.
[2026-05-17T10:39:52.537+0000] {logging_mixin.py:188} INFO - ⚠️  Export ulang cookies dari Chrome dan update shopee_cookies.json
[2026-05-17T10:39:53.118+0000] {logging_mixin.py:188} INFO - [2026-05-17T10:39:53.115+0000] {dagbag.py:355} ERROR - Failed to import: /opt/airflow/dags/playwright_shopee.py
Traceback (most recent call last):
  File "/home/airflow/.local/lib/python3.8/site-packages/airflow/models/dagbag.py", line 351, in parse
    loader.exec_module(new_module)
  File "<frozen importlib._bootstrap_external>", line 843, in exec_module
  File "<frozen importlib._bootstrap>", line 219, in _call_with_frames_removed
  File "/opt/airflow/dags/playwright_shopee.py", line 218, in <module>
    raise RuntimeError(
RuntimeError: Shopee traffic verify detected. Update shopee_cookies.json dari Cookie-Editor.
[2026-05-17T10:39:53.121+0000] {processor.py:842} WARNING - No viable dags retrieved from /opt/airflow/dags/playwright_shopee.py
[2026-05-17T10:39:53.173+0000] {processor.py:183} INFO - Processing /opt/airflow/dags/playwright_shopee.py took 10.771 seconds
[2026-05-17T10:40:23.994+0000] {processor.py:161} INFO - Started process (PID=18474) to work on /opt/airflow/dags/playwright_shopee.py
[2026-05-17T10:40:23.996+0000] {processor.py:830} INFO - Processing file /opt/airflow/dags/playwright_shopee.py for tasks to queue
[2026-05-17T10:40:23.998+0000] {logging_mixin.py:188} INFO - [2026-05-17T10:40:23.998+0000] {dagbag.py:545} INFO - Filling up the DagBag from /opt/airflow/dags/playwright_shopee.py
[2026-05-17T10:40:24.459+0000] {logging_mixin.py:188} INFO - 🌐 Membuka Chromium...
[2026-05-17T10:40:24.726+0000] {logging_mixin.py:188} INFO - 🍪 Inject cookies Shopee...
[2026-05-17T10:40:24.732+0000] {logging_mixin.py:188} INFO - ✅ 16 cookies berhasil diload dari /opt/airflow/dags/shopee_cookies.json
[2026-05-17T10:40:24.853+0000] {logging_mixin.py:188} INFO - 🌍 Membuka Shopee search...
[2026-05-17T10:40:31.045+0000] {logging_mixin.py:188} INFO - 📄 URL   : https://shopee.co.id/search?keyword=msi%20gaming
[2026-05-17T10:40:31.926+0000] {logging_mixin.py:188} INFO - 📄 TITLE : Shopee Indonesia | Situs Belanja Online Terlengkap & Terpercaya
[2026-05-17T10:40:32.555+0000] {logging_mixin.py:188} INFO - ❌ Kena traffic verify — cookies mungkin expired.
[2026-05-17T10:40:32.556+0000] {logging_mixin.py:188} INFO - ⚠️  Export ulang cookies dari Chrome dan update shopee_cookies.json
[2026-05-17T10:40:33.126+0000] {logging_mixin.py:188} INFO - [2026-05-17T10:40:33.124+0000] {dagbag.py:355} ERROR - Failed to import: /opt/airflow/dags/playwright_shopee.py
Traceback (most recent call last):
  File "/home/airflow/.local/lib/python3.8/site-packages/airflow/models/dagbag.py", line 351, in parse
    loader.exec_module(new_module)
  File "<frozen importlib._bootstrap_external>", line 843, in exec_module
  File "<frozen importlib._bootstrap>", line 219, in _call_with_frames_removed
  File "/opt/airflow/dags/playwright_shopee.py", line 218, in <module>
    raise RuntimeError(
RuntimeError: Shopee traffic verify detected. Update shopee_cookies.json dari Cookie-Editor.
[2026-05-17T10:40:33.127+0000] {processor.py:842} WARNING - No viable dags retrieved from /opt/airflow/dags/playwright_shopee.py
[2026-05-17T10:40:33.152+0000] {processor.py:183} INFO - Processing /opt/airflow/dags/playwright_shopee.py took 9.165 seconds
[2026-05-17T10:41:03.454+0000] {processor.py:161} INFO - Started process (PID=18592) to work on /opt/airflow/dags/playwright_shopee.py
[2026-05-17T10:41:03.457+0000] {processor.py:830} INFO - Processing file /opt/airflow/dags/playwright_shopee.py for tasks to queue
[2026-05-17T10:41:03.459+0000] {logging_mixin.py:188} INFO - [2026-05-17T10:41:03.458+0000] {dagbag.py:545} INFO - Filling up the DagBag from /opt/airflow/dags/playwright_shopee.py
[2026-05-17T10:41:03.947+0000] {logging_mixin.py:188} INFO - 🌐 Membuka Chromium...
[2026-05-17T10:41:04.206+0000] {logging_mixin.py:188} INFO - 🍪 Inject cookies Shopee...
[2026-05-17T10:41:04.210+0000] {logging_mixin.py:188} INFO - ✅ 16 cookies berhasil diload dari /opt/airflow/dags/shopee_cookies.json
[2026-05-17T10:41:04.336+0000] {logging_mixin.py:188} INFO - 🌍 Membuka Shopee search...
[2026-05-17T10:41:10.917+0000] {logging_mixin.py:188} INFO - 📄 URL   : https://shopee.co.id/search?keyword=msi%20gaming
[2026-05-17T10:41:11.209+0000] {logging_mixin.py:188} INFO - 📄 TITLE : Shopee Indonesia | Situs Belanja Online Terlengkap & Terpercaya
[2026-05-17T10:41:11.660+0000] {logging_mixin.py:188} INFO - ❌ Kena traffic verify — cookies mungkin expired.
[2026-05-17T10:41:11.661+0000] {logging_mixin.py:188} INFO - ⚠️  Export ulang cookies dari Chrome dan update shopee_cookies.json
[2026-05-17T10:41:12.193+0000] {logging_mixin.py:188} INFO - [2026-05-17T10:41:12.191+0000] {dagbag.py:355} ERROR - Failed to import: /opt/airflow/dags/playwright_shopee.py
Traceback (most recent call last):
  File "/home/airflow/.local/lib/python3.8/site-packages/airflow/models/dagbag.py", line 351, in parse
    loader.exec_module(new_module)
  File "<frozen importlib._bootstrap_external>", line 843, in exec_module
  File "<frozen importlib._bootstrap>", line 219, in _call_with_frames_removed
  File "/opt/airflow/dags/playwright_shopee.py", line 218, in <module>
    raise RuntimeError(
RuntimeError: Shopee traffic verify detected. Update shopee_cookies.json dari Cookie-Editor.
[2026-05-17T10:41:12.194+0000] {processor.py:842} WARNING - No viable dags retrieved from /opt/airflow/dags/playwright_shopee.py
[2026-05-17T10:41:12.225+0000] {processor.py:183} INFO - Processing /opt/airflow/dags/playwright_shopee.py took 8.778 seconds
[2026-05-17T10:41:42.480+0000] {processor.py:161} INFO - Started process (PID=18716) to work on /opt/airflow/dags/playwright_shopee.py
[2026-05-17T10:41:42.481+0000] {processor.py:830} INFO - Processing file /opt/airflow/dags/playwright_shopee.py for tasks to queue
[2026-05-17T10:41:42.482+0000] {logging_mixin.py:188} INFO - [2026-05-17T10:41:42.482+0000] {dagbag.py:545} INFO - Filling up the DagBag from /opt/airflow/dags/playwright_shopee.py
[2026-05-17T10:41:42.933+0000] {logging_mixin.py:188} INFO - 🌐 Membuka Chromium...
[2026-05-17T10:41:43.130+0000] {logging_mixin.py:188} INFO - 🍪 Inject cookies Shopee...
[2026-05-17T10:41:43.135+0000] {logging_mixin.py:188} INFO - ✅ 16 cookies berhasil diload dari /opt/airflow/dags/shopee_cookies.json
[2026-05-17T10:41:43.266+0000] {logging_mixin.py:188} INFO - 🌍 Membuka Shopee search...
[2026-05-17T10:41:50.789+0000] {logging_mixin.py:188} INFO - 📄 URL   : https://shopee.co.id/search?keyword=msi%20gaming
[2026-05-17T10:41:51.052+0000] {logging_mixin.py:188} INFO - 📄 TITLE : Shopee Indonesia | Situs Belanja Online Terlengkap & Terpercaya
[2026-05-17T10:41:51.629+0000] {logging_mixin.py:188} INFO - ❌ Kena traffic verify — cookies mungkin expired.
[2026-05-17T10:41:51.630+0000] {logging_mixin.py:188} INFO - ⚠️  Export ulang cookies dari Chrome dan update shopee_cookies.json
[2026-05-17T10:41:51.937+0000] {logging_mixin.py:188} INFO - [2026-05-17T10:41:51.936+0000] {dagbag.py:355} ERROR - Failed to import: /opt/airflow/dags/playwright_shopee.py
Traceback (most recent call last):
  File "/home/airflow/.local/lib/python3.8/site-packages/airflow/models/dagbag.py", line 351, in parse
    loader.exec_module(new_module)
  File "<frozen importlib._bootstrap_external>", line 843, in exec_module
  File "<frozen importlib._bootstrap>", line 219, in _call_with_frames_removed
  File "/opt/airflow/dags/playwright_shopee.py", line 218, in <module>
    raise RuntimeError(
RuntimeError: Shopee traffic verify detected. Update shopee_cookies.json dari Cookie-Editor.
[2026-05-17T10:41:51.939+0000] {processor.py:842} WARNING - No viable dags retrieved from /opt/airflow/dags/playwright_shopee.py
[2026-05-17T10:41:51.973+0000] {processor.py:183} INFO - Processing /opt/airflow/dags/playwright_shopee.py took 9.502 seconds
[2026-05-17T10:42:22.053+0000] {processor.py:161} INFO - Started process (PID=18839) to work on /opt/airflow/dags/playwright_shopee.py
[2026-05-17T10:42:22.055+0000] {processor.py:830} INFO - Processing file /opt/airflow/dags/playwright_shopee.py for tasks to queue
[2026-05-17T10:42:22.057+0000] {logging_mixin.py:188} INFO - [2026-05-17T10:42:22.057+0000] {dagbag.py:545} INFO - Filling up the DagBag from /opt/airflow/dags/playwright_shopee.py
[2026-05-17T10:42:22.509+0000] {logging_mixin.py:188} INFO - 🌐 Membuka Chromium...
[2026-05-17T10:42:22.723+0000] {logging_mixin.py:188} INFO - 🍪 Inject cookies Shopee...
[2026-05-17T10:42:22.728+0000] {logging_mixin.py:188} INFO - ✅ 16 cookies berhasil diload dari /opt/airflow/dags/shopee_cookies.json
[2026-05-17T10:42:22.825+0000] {logging_mixin.py:188} INFO - 🌍 Membuka Shopee search...
[2026-05-17T10:42:30.518+0000] {logging_mixin.py:188} INFO - 📄 URL   : https://shopee.co.id/search?keyword=msi%20gaming
[2026-05-17T10:42:30.582+0000] {logging_mixin.py:188} INFO - 📄 TITLE : Shopee Indonesia | Situs Belanja Online Terlengkap & Terpercaya
[2026-05-17T10:42:31.285+0000] {logging_mixin.py:188} INFO - ❌ Kena traffic verify — cookies mungkin expired.
[2026-05-17T10:42:31.286+0000] {logging_mixin.py:188} INFO - ⚠️  Export ulang cookies dari Chrome dan update shopee_cookies.json
[2026-05-17T10:42:32.217+0000] {logging_mixin.py:188} INFO - [2026-05-17T10:42:32.215+0000] {dagbag.py:355} ERROR - Failed to import: /opt/airflow/dags/playwright_shopee.py
Traceback (most recent call last):
  File "/home/airflow/.local/lib/python3.8/site-packages/airflow/models/dagbag.py", line 351, in parse
    loader.exec_module(new_module)
  File "<frozen importlib._bootstrap_external>", line 843, in exec_module
  File "<frozen importlib._bootstrap>", line 219, in _call_with_frames_removed
  File "/opt/airflow/dags/playwright_shopee.py", line 218, in <module>
    raise RuntimeError(
RuntimeError: Shopee traffic verify detected. Update shopee_cookies.json dari Cookie-Editor.
[2026-05-17T10:42:32.219+0000] {processor.py:842} WARNING - No viable dags retrieved from /opt/airflow/dags/playwright_shopee.py
[2026-05-17T10:42:32.248+0000] {processor.py:183} INFO - Processing /opt/airflow/dags/playwright_shopee.py took 10.202 seconds
[2026-05-17T10:43:02.529+0000] {processor.py:161} INFO - Started process (PID=18960) to work on /opt/airflow/dags/playwright_shopee.py
[2026-05-17T10:43:02.530+0000] {processor.py:830} INFO - Processing file /opt/airflow/dags/playwright_shopee.py for tasks to queue
[2026-05-17T10:43:02.531+0000] {logging_mixin.py:188} INFO - [2026-05-17T10:43:02.531+0000] {dagbag.py:545} INFO - Filling up the DagBag from /opt/airflow/dags/playwright_shopee.py
[2026-05-17T10:43:02.972+0000] {logging_mixin.py:188} INFO - 🌐 Membuka Chromium...
[2026-05-17T10:43:03.169+0000] {logging_mixin.py:188} INFO - 🍪 Inject cookies Shopee...
[2026-05-17T10:43:03.174+0000] {logging_mixin.py:188} INFO - ✅ 16 cookies berhasil diload dari /opt/airflow/dags/shopee_cookies.json
[2026-05-17T10:43:03.275+0000] {logging_mixin.py:188} INFO - 🌍 Membuka Shopee search...
[2026-05-17T10:43:10.583+0000] {logging_mixin.py:188} INFO - 📄 URL   : https://shopee.co.id/search?keyword=msi%20gaming
[2026-05-17T10:43:10.935+0000] {logging_mixin.py:188} INFO - 📄 TITLE : Shopee Indonesia | Situs Belanja Online Terlengkap & Terpercaya
[2026-05-17T10:43:11.417+0000] {logging_mixin.py:188} INFO - ❌ Kena traffic verify — cookies mungkin expired.
[2026-05-17T10:43:11.418+0000] {logging_mixin.py:188} INFO - ⚠️  Export ulang cookies dari Chrome dan update shopee_cookies.json
[2026-05-17T10:43:11.914+0000] {logging_mixin.py:188} INFO - [2026-05-17T10:43:11.912+0000] {dagbag.py:355} ERROR - Failed to import: /opt/airflow/dags/playwright_shopee.py
Traceback (most recent call last):
  File "/home/airflow/.local/lib/python3.8/site-packages/airflow/models/dagbag.py", line 351, in parse
    loader.exec_module(new_module)
  File "<frozen importlib._bootstrap_external>", line 843, in exec_module
  File "<frozen importlib._bootstrap>", line 219, in _call_with_frames_removed
  File "/opt/airflow/dags/playwright_shopee.py", line 218, in <module>
    raise RuntimeError(
RuntimeError: Shopee traffic verify detected. Update shopee_cookies.json dari Cookie-Editor.
[2026-05-17T10:43:11.915+0000] {processor.py:842} WARNING - No viable dags retrieved from /opt/airflow/dags/playwright_shopee.py
[2026-05-17T10:43:11.940+0000] {processor.py:183} INFO - Processing /opt/airflow/dags/playwright_shopee.py took 9.418 seconds
[2026-05-17T10:43:42.241+0000] {processor.py:161} INFO - Started process (PID=19082) to work on /opt/airflow/dags/playwright_shopee.py
[2026-05-17T10:43:42.242+0000] {processor.py:830} INFO - Processing file /opt/airflow/dags/playwright_shopee.py for tasks to queue
[2026-05-17T10:43:42.244+0000] {logging_mixin.py:188} INFO - [2026-05-17T10:43:42.244+0000] {dagbag.py:545} INFO - Filling up the DagBag from /opt/airflow/dags/playwright_shopee.py
[2026-05-17T10:43:42.691+0000] {logging_mixin.py:188} INFO - 🌐 Membuka Chromium...
[2026-05-17T10:43:42.904+0000] {logging_mixin.py:188} INFO - 🍪 Inject cookies Shopee...
[2026-05-17T10:43:42.909+0000] {logging_mixin.py:188} INFO - ✅ 16 cookies berhasil diload dari /opt/airflow/dags/shopee_cookies.json
[2026-05-17T10:43:43.017+0000] {logging_mixin.py:188} INFO - 🌍 Membuka Shopee search...
[2026-05-17T10:43:49.252+0000] {logging_mixin.py:188} INFO - 📄 URL   : https://shopee.co.id/search?keyword=msi%20gaming
[2026-05-17T10:43:50.052+0000] {logging_mixin.py:188} INFO - 📄 TITLE : Shopee Indonesia | Situs Belanja Online Terlengkap & Terpercaya
[2026-05-17T10:43:50.732+0000] {logging_mixin.py:188} INFO - ❌ Kena traffic verify — cookies mungkin expired.
[2026-05-17T10:43:50.733+0000] {logging_mixin.py:188} INFO - ⚠️  Export ulang cookies dari Chrome dan update shopee_cookies.json
[2026-05-17T10:43:51.351+0000] {logging_mixin.py:188} INFO - [2026-05-17T10:43:51.349+0000] {dagbag.py:355} ERROR - Failed to import: /opt/airflow/dags/playwright_shopee.py
Traceback (most recent call last):
  File "/home/airflow/.local/lib/python3.8/site-packages/airflow/models/dagbag.py", line 351, in parse
    loader.exec_module(new_module)
  File "<frozen importlib._bootstrap_external>", line 843, in exec_module
  File "<frozen importlib._bootstrap>", line 219, in _call_with_frames_removed
  File "/opt/airflow/dags/playwright_shopee.py", line 218, in <module>
    raise RuntimeError(
RuntimeError: Shopee traffic verify detected. Update shopee_cookies.json dari Cookie-Editor.
[2026-05-17T10:43:51.353+0000] {processor.py:842} WARNING - No viable dags retrieved from /opt/airflow/dags/playwright_shopee.py
[2026-05-17T10:43:51.390+0000] {processor.py:183} INFO - Processing /opt/airflow/dags/playwright_shopee.py took 9.158 seconds
[2026-05-17T10:44:21.708+0000] {processor.py:161} INFO - Started process (PID=19205) to work on /opt/airflow/dags/playwright_shopee.py
[2026-05-17T10:44:21.710+0000] {processor.py:830} INFO - Processing file /opt/airflow/dags/playwright_shopee.py for tasks to queue
[2026-05-17T10:44:21.712+0000] {logging_mixin.py:188} INFO - [2026-05-17T10:44:21.711+0000] {dagbag.py:545} INFO - Filling up the DagBag from /opt/airflow/dags/playwright_shopee.py
[2026-05-17T10:44:22.146+0000] {logging_mixin.py:188} INFO - 🌐 Membuka Chromium...
[2026-05-17T10:44:22.336+0000] {logging_mixin.py:188} INFO - 🍪 Inject cookies Shopee...
[2026-05-17T10:44:22.339+0000] {logging_mixin.py:188} INFO - ✅ 16 cookies berhasil diload dari /opt/airflow/dags/shopee_cookies.json
[2026-05-17T10:44:22.441+0000] {logging_mixin.py:188} INFO - 🌍 Membuka Shopee search...
[2026-05-17T10:44:28.427+0000] {logging_mixin.py:188} INFO - 📄 URL   : https://shopee.co.id/search?keyword=msi%20gaming
[2026-05-17T10:44:28.587+0000] {logging_mixin.py:188} INFO - 📄 TITLE : 
[2026-05-17T10:44:30.558+0000] {logging_mixin.py:188} INFO - ❌ Kena traffic verify — cookies mungkin expired.
[2026-05-17T10:44:30.560+0000] {logging_mixin.py:188} INFO - ⚠️  Export ulang cookies dari Chrome dan update shopee_cookies.json
[2026-05-17T10:44:31.126+0000] {logging_mixin.py:188} INFO - [2026-05-17T10:44:31.125+0000] {dagbag.py:355} ERROR - Failed to import: /opt/airflow/dags/playwright_shopee.py
Traceback (most recent call last):
  File "/home/airflow/.local/lib/python3.8/site-packages/airflow/models/dagbag.py", line 351, in parse
    loader.exec_module(new_module)
  File "<frozen importlib._bootstrap_external>", line 843, in exec_module
  File "<frozen importlib._bootstrap>", line 219, in _call_with_frames_removed
  File "/opt/airflow/dags/playwright_shopee.py", line 218, in <module>
    raise RuntimeError(
RuntimeError: Shopee traffic verify detected. Update shopee_cookies.json dari Cookie-Editor.
[2026-05-17T10:44:31.126+0000] {processor.py:842} WARNING - No viable dags retrieved from /opt/airflow/dags/playwright_shopee.py
[2026-05-17T10:44:31.160+0000] {processor.py:183} INFO - Processing /opt/airflow/dags/playwright_shopee.py took 9.459 seconds
[2026-05-17T10:45:01.341+0000] {processor.py:161} INFO - Started process (PID=19325) to work on /opt/airflow/dags/playwright_shopee.py
[2026-05-17T10:45:01.343+0000] {processor.py:830} INFO - Processing file /opt/airflow/dags/playwright_shopee.py for tasks to queue
[2026-05-17T10:45:01.345+0000] {logging_mixin.py:188} INFO - [2026-05-17T10:45:01.345+0000] {dagbag.py:545} INFO - Filling up the DagBag from /opt/airflow/dags/playwright_shopee.py
[2026-05-17T10:45:01.786+0000] {logging_mixin.py:188} INFO - 🌐 Membuka Chromium...
[2026-05-17T10:45:01.999+0000] {logging_mixin.py:188} INFO - 🍪 Inject cookies Shopee...
[2026-05-17T10:45:02.003+0000] {logging_mixin.py:188} INFO - ✅ 16 cookies berhasil diload dari /opt/airflow/dags/shopee_cookies.json
[2026-05-17T10:45:02.096+0000] {logging_mixin.py:188} INFO - 🌍 Membuka Shopee search...
[2026-05-17T10:45:08.368+0000] {logging_mixin.py:188} INFO - 📄 URL   : https://shopee.co.id/search?keyword=msi%20gaming
[2026-05-17T10:45:08.839+0000] {logging_mixin.py:188} INFO - 📄 TITLE : 
[2026-05-17T10:45:10.075+0000] {logging_mixin.py:188} INFO - ❌ Kena traffic verify — cookies mungkin expired.
[2026-05-17T10:45:10.077+0000] {logging_mixin.py:188} INFO - ⚠️  Export ulang cookies dari Chrome dan update shopee_cookies.json
[2026-05-17T10:45:10.696+0000] {logging_mixin.py:188} INFO - [2026-05-17T10:45:10.694+0000] {dagbag.py:355} ERROR - Failed to import: /opt/airflow/dags/playwright_shopee.py
Traceback (most recent call last):
  File "/home/airflow/.local/lib/python3.8/site-packages/airflow/models/dagbag.py", line 351, in parse
    loader.exec_module(new_module)
  File "<frozen importlib._bootstrap_external>", line 843, in exec_module
  File "<frozen importlib._bootstrap>", line 219, in _call_with_frames_removed
  File "/opt/airflow/dags/playwright_shopee.py", line 218, in <module>
    raise RuntimeError(
RuntimeError: Shopee traffic verify detected. Update shopee_cookies.json dari Cookie-Editor.
[2026-05-17T10:45:10.698+0000] {processor.py:842} WARNING - No viable dags retrieved from /opt/airflow/dags/playwright_shopee.py
[2026-05-17T10:45:10.724+0000] {processor.py:183} INFO - Processing /opt/airflow/dags/playwright_shopee.py took 9.389 seconds
[2026-05-17T10:45:40.880+0000] {processor.py:161} INFO - Started process (PID=19445) to work on /opt/airflow/dags/playwright_shopee.py
[2026-05-17T10:45:40.881+0000] {processor.py:830} INFO - Processing file /opt/airflow/dags/playwright_shopee.py for tasks to queue
[2026-05-17T10:45:40.883+0000] {logging_mixin.py:188} INFO - [2026-05-17T10:45:40.883+0000] {dagbag.py:545} INFO - Filling up the DagBag from /opt/airflow/dags/playwright_shopee.py
[2026-05-17T10:45:41.366+0000] {logging_mixin.py:188} INFO - 🌐 Membuka Chromium...
[2026-05-17T10:45:41.588+0000] {logging_mixin.py:188} INFO - 🍪 Inject cookies Shopee...
[2026-05-17T10:45:41.591+0000] {logging_mixin.py:188} INFO - ✅ 16 cookies berhasil diload dari /opt/airflow/dags/shopee_cookies.json
[2026-05-17T10:45:41.699+0000] {logging_mixin.py:188} INFO - 🌍 Membuka Shopee search...
[2026-05-17T10:45:48.421+0000] {logging_mixin.py:188} INFO - 📄 URL   : https://shopee.co.id/search?keyword=msi%20gaming
[2026-05-17T10:45:48.984+0000] {logging_mixin.py:188} INFO - 📄 TITLE : Shopee Indonesia | Situs Belanja Online Terlengkap & Terpercaya
[2026-05-17T10:45:49.833+0000] {logging_mixin.py:188} INFO - ❌ Kena traffic verify — cookies mungkin expired.
[2026-05-17T10:45:49.835+0000] {logging_mixin.py:188} INFO - ⚠️  Export ulang cookies dari Chrome dan update shopee_cookies.json
[2026-05-17T10:45:50.320+0000] {logging_mixin.py:188} INFO - [2026-05-17T10:45:50.319+0000] {dagbag.py:355} ERROR - Failed to import: /opt/airflow/dags/playwright_shopee.py
Traceback (most recent call last):
  File "/home/airflow/.local/lib/python3.8/site-packages/airflow/models/dagbag.py", line 351, in parse
    loader.exec_module(new_module)
  File "<frozen importlib._bootstrap_external>", line 843, in exec_module
  File "<frozen importlib._bootstrap>", line 219, in _call_with_frames_removed
  File "/opt/airflow/dags/playwright_shopee.py", line 218, in <module>
    raise RuntimeError(
RuntimeError: Shopee traffic verify detected. Update shopee_cookies.json dari Cookie-Editor.
[2026-05-17T10:45:50.322+0000] {processor.py:842} WARNING - No viable dags retrieved from /opt/airflow/dags/playwright_shopee.py
[2026-05-17T10:45:50.346+0000] {processor.py:183} INFO - Processing /opt/airflow/dags/playwright_shopee.py took 9.475 seconds
[2026-05-17T10:46:20.630+0000] {processor.py:161} INFO - Started process (PID=19569) to work on /opt/airflow/dags/playwright_shopee.py
[2026-05-17T10:46:20.631+0000] {processor.py:830} INFO - Processing file /opt/airflow/dags/playwright_shopee.py for tasks to queue
[2026-05-17T10:46:20.633+0000] {logging_mixin.py:188} INFO - [2026-05-17T10:46:20.633+0000] {dagbag.py:545} INFO - Filling up the DagBag from /opt/airflow/dags/playwright_shopee.py
[2026-05-17T10:46:21.044+0000] {logging_mixin.py:188} INFO - 🌐 Membuka Chromium...
[2026-05-17T10:46:21.292+0000] {logging_mixin.py:188} INFO - 🍪 Inject cookies Shopee...
[2026-05-17T10:46:21.296+0000] {logging_mixin.py:188} INFO - ✅ 16 cookies berhasil diload dari /opt/airflow/dags/shopee_cookies.json
[2026-05-17T10:46:21.403+0000] {logging_mixin.py:188} INFO - 🌍 Membuka Shopee search...
[2026-05-17T10:46:27.663+0000] {logging_mixin.py:188} INFO - 📄 URL   : https://shopee.co.id/search?keyword=msi%20gaming
[2026-05-17T10:46:28.114+0000] {logging_mixin.py:188} INFO - 📄 TITLE : 
[2026-05-17T10:46:29.354+0000] {logging_mixin.py:188} INFO - ❌ Kena traffic verify — cookies mungkin expired.
[2026-05-17T10:46:29.356+0000] {logging_mixin.py:188} INFO - ⚠️  Export ulang cookies dari Chrome dan update shopee_cookies.json
[2026-05-17T10:46:29.909+0000] {logging_mixin.py:188} INFO - [2026-05-17T10:46:29.906+0000] {dagbag.py:355} ERROR - Failed to import: /opt/airflow/dags/playwright_shopee.py
Traceback (most recent call last):
  File "/home/airflow/.local/lib/python3.8/site-packages/airflow/models/dagbag.py", line 351, in parse
    loader.exec_module(new_module)
  File "<frozen importlib._bootstrap_external>", line 843, in exec_module
  File "<frozen importlib._bootstrap>", line 219, in _call_with_frames_removed
  File "/opt/airflow/dags/playwright_shopee.py", line 218, in <module>
    raise RuntimeError(
RuntimeError: Shopee traffic verify detected. Update shopee_cookies.json dari Cookie-Editor.
[2026-05-17T10:46:29.913+0000] {processor.py:842} WARNING - No viable dags retrieved from /opt/airflow/dags/playwright_shopee.py
[2026-05-17T10:46:29.976+0000] {processor.py:183} INFO - Processing /opt/airflow/dags/playwright_shopee.py took 9.352 seconds
[2026-05-17T10:47:00.277+0000] {processor.py:161} INFO - Started process (PID=19688) to work on /opt/airflow/dags/playwright_shopee.py
[2026-05-17T10:47:00.278+0000] {processor.py:830} INFO - Processing file /opt/airflow/dags/playwright_shopee.py for tasks to queue
[2026-05-17T10:47:00.279+0000] {logging_mixin.py:188} INFO - [2026-05-17T10:47:00.279+0000] {dagbag.py:545} INFO - Filling up the DagBag from /opt/airflow/dags/playwright_shopee.py
[2026-05-17T10:47:00.731+0000] {logging_mixin.py:188} INFO - 🌐 Membuka Chromium...
[2026-05-17T10:47:00.960+0000] {logging_mixin.py:188} INFO - 🍪 Inject cookies Shopee...
[2026-05-17T10:47:00.964+0000] {logging_mixin.py:188} INFO - ✅ 16 cookies berhasil diload dari /opt/airflow/dags/shopee_cookies.json
[2026-05-17T10:47:01.091+0000] {logging_mixin.py:188} INFO - 🌍 Membuka Shopee search...
[2026-05-17T10:47:07.681+0000] {logging_mixin.py:188} INFO - 📄 URL   : https://shopee.co.id/search?keyword=msi%20gaming
[2026-05-17T10:47:08.235+0000] {logging_mixin.py:188} INFO - 📄 TITLE : Shopee Indonesia | Situs Belanja Online Terlengkap & Terpercaya
[2026-05-17T10:47:08.831+0000] {logging_mixin.py:188} INFO - ❌ Kena traffic verify — cookies mungkin expired.
[2026-05-17T10:47:08.832+0000] {logging_mixin.py:188} INFO - ⚠️  Export ulang cookies dari Chrome dan update shopee_cookies.json
[2026-05-17T10:47:09.376+0000] {logging_mixin.py:188} INFO - [2026-05-17T10:47:09.375+0000] {dagbag.py:355} ERROR - Failed to import: /opt/airflow/dags/playwright_shopee.py
Traceback (most recent call last):
  File "/home/airflow/.local/lib/python3.8/site-packages/airflow/models/dagbag.py", line 351, in parse
    loader.exec_module(new_module)
  File "<frozen importlib._bootstrap_external>", line 843, in exec_module
  File "<frozen importlib._bootstrap>", line 219, in _call_with_frames_removed
  File "/opt/airflow/dags/playwright_shopee.py", line 218, in <module>
    raise RuntimeError(
RuntimeError: Shopee traffic verify detected. Update shopee_cookies.json dari Cookie-Editor.
[2026-05-17T10:47:09.377+0000] {processor.py:842} WARNING - No viable dags retrieved from /opt/airflow/dags/playwright_shopee.py
[2026-05-17T10:47:09.403+0000] {processor.py:183} INFO - Processing /opt/airflow/dags/playwright_shopee.py took 9.131 seconds
[2026-05-17T10:47:39.686+0000] {processor.py:161} INFO - Started process (PID=19807) to work on /opt/airflow/dags/playwright_shopee.py
[2026-05-17T10:47:39.687+0000] {processor.py:830} INFO - Processing file /opt/airflow/dags/playwright_shopee.py for tasks to queue
[2026-05-17T10:47:39.689+0000] {logging_mixin.py:188} INFO - [2026-05-17T10:47:39.689+0000] {dagbag.py:545} INFO - Filling up the DagBag from /opt/airflow/dags/playwright_shopee.py
[2026-05-17T10:47:40.146+0000] {logging_mixin.py:188} INFO - 🌐 Membuka Chromium...
[2026-05-17T10:47:40.370+0000] {logging_mixin.py:188} INFO - 🍪 Inject cookies Shopee...
[2026-05-17T10:47:40.373+0000] {logging_mixin.py:188} INFO - ✅ 16 cookies berhasil diload dari /opt/airflow/dags/shopee_cookies.json
[2026-05-17T10:47:40.490+0000] {logging_mixin.py:188} INFO - 🌍 Membuka Shopee search...
[2026-05-17T10:47:48.180+0000] {logging_mixin.py:188} INFO - 📄 URL   : https://shopee.co.id/search?keyword=msi%20gaming
[2026-05-17T10:47:48.457+0000] {logging_mixin.py:188} INFO - 📄 TITLE : Shopee Indonesia | Situs Belanja Online Terlengkap & Terpercaya
[2026-05-17T10:47:49.072+0000] {logging_mixin.py:188} INFO - ❌ Kena traffic verify — cookies mungkin expired.
[2026-05-17T10:47:49.073+0000] {logging_mixin.py:188} INFO - ⚠️  Export ulang cookies dari Chrome dan update shopee_cookies.json
[2026-05-17T10:47:49.854+0000] {logging_mixin.py:188} INFO - [2026-05-17T10:47:49.669+0000] {dagbag.py:355} ERROR - Failed to import: /opt/airflow/dags/playwright_shopee.py
Traceback (most recent call last):
  File "/home/airflow/.local/lib/python3.8/site-packages/airflow/models/dagbag.py", line 351, in parse
    loader.exec_module(new_module)
  File "<frozen importlib._bootstrap_external>", line 843, in exec_module
  File "<frozen importlib._bootstrap>", line 219, in _call_with_frames_removed
  File "/opt/airflow/dags/playwright_shopee.py", line 218, in <module>
    raise RuntimeError(
RuntimeError: Shopee traffic verify detected. Update shopee_cookies.json dari Cookie-Editor.
[2026-05-17T10:47:50.168+0000] {processor.py:842} WARNING - No viable dags retrieved from /opt/airflow/dags/playwright_shopee.py
[2026-05-17T10:47:50.203+0000] {processor.py:183} INFO - Processing /opt/airflow/dags/playwright_shopee.py took 10.526 seconds
[2026-05-17T10:48:20.522+0000] {processor.py:161} INFO - Started process (PID=19931) to work on /opt/airflow/dags/playwright_shopee.py
[2026-05-17T10:48:20.523+0000] {processor.py:830} INFO - Processing file /opt/airflow/dags/playwright_shopee.py for tasks to queue
[2026-05-17T10:48:20.525+0000] {logging_mixin.py:188} INFO - [2026-05-17T10:48:20.525+0000] {dagbag.py:545} INFO - Filling up the DagBag from /opt/airflow/dags/playwright_shopee.py
[2026-05-17T10:48:20.950+0000] {logging_mixin.py:188} INFO - 🌐 Membuka Chromium...
[2026-05-17T10:48:21.170+0000] {logging_mixin.py:188} INFO - 🍪 Inject cookies Shopee...
[2026-05-17T10:48:21.174+0000] {logging_mixin.py:188} INFO - ✅ 16 cookies berhasil diload dari /opt/airflow/dags/shopee_cookies.json
[2026-05-17T10:48:21.281+0000] {logging_mixin.py:188} INFO - 🌍 Membuka Shopee search...
[2026-05-17T10:48:28.315+0000] {logging_mixin.py:188} INFO - 📄 URL   : https://shopee.co.id/search?keyword=msi%20gaming
[2026-05-17T10:48:28.530+0000] {logging_mixin.py:188} INFO - 📄 TITLE : Shopee Indonesia | Situs Belanja Online Terlengkap & Terpercaya
[2026-05-17T10:48:29.284+0000] {logging_mixin.py:188} INFO - ❌ Kena traffic verify — cookies mungkin expired.
[2026-05-17T10:48:29.285+0000] {logging_mixin.py:188} INFO - ⚠️  Export ulang cookies dari Chrome dan update shopee_cookies.json
[2026-05-17T10:48:29.874+0000] {logging_mixin.py:188} INFO - [2026-05-17T10:48:29.872+0000] {dagbag.py:355} ERROR - Failed to import: /opt/airflow/dags/playwright_shopee.py
Traceback (most recent call last):
  File "/home/airflow/.local/lib/python3.8/site-packages/airflow/models/dagbag.py", line 351, in parse
    loader.exec_module(new_module)
  File "<frozen importlib._bootstrap_external>", line 843, in exec_module
  File "<frozen importlib._bootstrap>", line 219, in _call_with_frames_removed
  File "/opt/airflow/dags/playwright_shopee.py", line 218, in <module>
    raise RuntimeError(
RuntimeError: Shopee traffic verify detected. Update shopee_cookies.json dari Cookie-Editor.
[2026-05-17T10:48:29.876+0000] {processor.py:842} WARNING - No viable dags retrieved from /opt/airflow/dags/playwright_shopee.py
[2026-05-17T10:48:29.900+0000] {processor.py:183} INFO - Processing /opt/airflow/dags/playwright_shopee.py took 9.385 seconds
[2026-05-17T10:49:00.193+0000] {processor.py:161} INFO - Started process (PID=20050) to work on /opt/airflow/dags/playwright_shopee.py
[2026-05-17T10:49:00.194+0000] {processor.py:830} INFO - Processing file /opt/airflow/dags/playwright_shopee.py for tasks to queue
[2026-05-17T10:49:00.195+0000] {logging_mixin.py:188} INFO - [2026-05-17T10:49:00.195+0000] {dagbag.py:545} INFO - Filling up the DagBag from /opt/airflow/dags/playwright_shopee.py
[2026-05-17T10:49:00.687+0000] {logging_mixin.py:188} INFO - 🌐 Membuka Chromium...
[2026-05-17T10:49:00.904+0000] {logging_mixin.py:188} INFO - 🍪 Inject cookies Shopee...
[2026-05-17T10:49:00.908+0000] {logging_mixin.py:188} INFO - ✅ 16 cookies berhasil diload dari /opt/airflow/dags/shopee_cookies.json
[2026-05-17T10:49:01.007+0000] {logging_mixin.py:188} INFO - 🌍 Membuka Shopee search...
[2026-05-17T10:49:08.612+0000] {logging_mixin.py:188} INFO - 📄 URL   : https://shopee.co.id/search?keyword=msi%20gaming
[2026-05-17T10:49:08.843+0000] {logging_mixin.py:188} INFO - 📄 TITLE : Shopee Indonesia | Situs Belanja Online Terlengkap & Terpercaya
[2026-05-17T10:49:09.260+0000] {logging_mixin.py:188} INFO - ❌ Kena traffic verify — cookies mungkin expired.
[2026-05-17T10:49:09.261+0000] {logging_mixin.py:188} INFO - ⚠️  Export ulang cookies dari Chrome dan update shopee_cookies.json
[2026-05-17T10:49:09.753+0000] {logging_mixin.py:188} INFO - [2026-05-17T10:49:09.750+0000] {dagbag.py:355} ERROR - Failed to import: /opt/airflow/dags/playwright_shopee.py
Traceback (most recent call last):
  File "/home/airflow/.local/lib/python3.8/site-packages/airflow/models/dagbag.py", line 351, in parse
    loader.exec_module(new_module)
  File "<frozen importlib._bootstrap_external>", line 843, in exec_module
  File "<frozen importlib._bootstrap>", line 219, in _call_with_frames_removed
  File "/opt/airflow/dags/playwright_shopee.py", line 218, in <module>
    raise RuntimeError(
RuntimeError: Shopee traffic verify detected. Update shopee_cookies.json dari Cookie-Editor.
[2026-05-17T10:49:09.754+0000] {processor.py:842} WARNING - No viable dags retrieved from /opt/airflow/dags/playwright_shopee.py
[2026-05-17T10:49:09.781+0000] {processor.py:183} INFO - Processing /opt/airflow/dags/playwright_shopee.py took 9.595 seconds
[2026-05-17T10:49:40.654+0000] {processor.py:161} INFO - Started process (PID=20170) to work on /opt/airflow/dags/playwright_shopee.py
[2026-05-17T10:49:40.656+0000] {processor.py:830} INFO - Processing file /opt/airflow/dags/playwright_shopee.py for tasks to queue
[2026-05-17T10:49:40.658+0000] {logging_mixin.py:188} INFO - [2026-05-17T10:49:40.657+0000] {dagbag.py:545} INFO - Filling up the DagBag from /opt/airflow/dags/playwright_shopee.py
[2026-05-17T10:49:41.081+0000] {logging_mixin.py:188} INFO - 🌐 Membuka Chromium...
[2026-05-17T10:49:41.334+0000] {logging_mixin.py:188} INFO - 🍪 Inject cookies Shopee...
[2026-05-17T10:49:41.337+0000] {logging_mixin.py:188} INFO - ✅ 16 cookies berhasil diload dari /opt/airflow/dags/shopee_cookies.json
[2026-05-17T10:49:41.451+0000] {logging_mixin.py:188} INFO - 🌍 Membuka Shopee search...
[2026-05-17T10:49:49.259+0000] {logging_mixin.py:188} INFO - 📄 URL   : https://shopee.co.id/search?keyword=msi%20gaming
[2026-05-17T10:49:49.442+0000] {logging_mixin.py:188} INFO - 📄 TITLE : Shopee Indonesia | Situs Belanja Online Terlengkap & Terpercaya
[2026-05-17T10:49:49.934+0000] {logging_mixin.py:188} INFO - ❌ Kena traffic verify — cookies mungkin expired.
[2026-05-17T10:49:49.936+0000] {logging_mixin.py:188} INFO - ⚠️  Export ulang cookies dari Chrome dan update shopee_cookies.json
[2026-05-17T10:49:50.646+0000] {logging_mixin.py:188} INFO - [2026-05-17T10:49:50.641+0000] {dagbag.py:355} ERROR - Failed to import: /opt/airflow/dags/playwright_shopee.py
Traceback (most recent call last):
  File "/home/airflow/.local/lib/python3.8/site-packages/airflow/models/dagbag.py", line 351, in parse
    loader.exec_module(new_module)
  File "<frozen importlib._bootstrap_external>", line 843, in exec_module
  File "<frozen importlib._bootstrap>", line 219, in _call_with_frames_removed
  File "/opt/airflow/dags/playwright_shopee.py", line 218, in <module>
    raise RuntimeError(
RuntimeError: Shopee traffic verify detected. Update shopee_cookies.json dari Cookie-Editor.
[2026-05-17T10:49:50.652+0000] {processor.py:842} WARNING - No viable dags retrieved from /opt/airflow/dags/playwright_shopee.py
[2026-05-17T10:49:50.758+0000] {processor.py:183} INFO - Processing /opt/airflow/dags/playwright_shopee.py took 10.113 seconds
[2026-05-17T10:50:21.437+0000] {processor.py:161} INFO - Started process (PID=20297) to work on /opt/airflow/dags/playwright_shopee.py
[2026-05-17T10:50:21.438+0000] {processor.py:830} INFO - Processing file /opt/airflow/dags/playwright_shopee.py for tasks to queue
[2026-05-17T10:50:21.440+0000] {logging_mixin.py:188} INFO - [2026-05-17T10:50:21.440+0000] {dagbag.py:545} INFO - Filling up the DagBag from /opt/airflow/dags/playwright_shopee.py
[2026-05-17T10:50:21.885+0000] {logging_mixin.py:188} INFO - 🌐 Membuka Chromium...
[2026-05-17T10:50:22.077+0000] {logging_mixin.py:188} INFO - 🍪 Inject cookies Shopee...
[2026-05-17T10:50:22.080+0000] {logging_mixin.py:188} INFO - ✅ 16 cookies berhasil diload dari /opt/airflow/dags/shopee_cookies.json
[2026-05-17T10:50:22.191+0000] {logging_mixin.py:188} INFO - 🌍 Membuka Shopee search...
[2026-05-17T10:50:28.953+0000] {logging_mixin.py:188} INFO - 📄 URL   : https://shopee.co.id/search?keyword=msi%20gaming
[2026-05-17T10:50:29.285+0000] {logging_mixin.py:188} INFO - [2026-05-17T10:50:29.283+0000] {dagbag.py:355} ERROR - Failed to import: /opt/airflow/dags/playwright_shopee.py
Traceback (most recent call last):
  File "/home/airflow/.local/lib/python3.8/site-packages/airflow/models/dagbag.py", line 351, in parse
    loader.exec_module(new_module)
  File "<frozen importlib._bootstrap_external>", line 843, in exec_module
  File "<frozen importlib._bootstrap>", line 219, in _call_with_frames_removed
  File "/opt/airflow/dags/playwright_shopee.py", line 208, in <module>
    print("📄 TITLE :", page.title())
  File "/home/airflow/.local/lib/python3.8/site-packages/playwright/sync_api/_generated.py", line 9407, in title
    return mapping.from_maybe_impl(self._sync(self._impl_obj.title()))
  File "/home/airflow/.local/lib/python3.8/site-packages/playwright/_impl/_sync_base.py", line 115, in _sync
    return task.result()
  File "/home/airflow/.local/lib/python3.8/site-packages/playwright/_impl/_page.py", line 742, in title
    return await self._main_frame.title()
  File "/home/airflow/.local/lib/python3.8/site-packages/playwright/_impl/_frame.py", line 776, in title
    return await self._channel.send("title")
  File "/home/airflow/.local/lib/python3.8/site-packages/playwright/_impl/_connection.py", line 59, in send
    return await self._connection.wrap_api_call(
  File "/home/airflow/.local/lib/python3.8/site-packages/playwright/_impl/_connection.py", line 514, in wrap_api_call
    raise rewrite_error(error, f"{parsed_st['apiName']}: {error}") from None
playwright._impl._errors.Error: Page.title: Execution context was destroyed, most likely because of a navigation
[2026-05-17T10:50:29.286+0000] {processor.py:842} WARNING - No viable dags retrieved from /opt/airflow/dags/playwright_shopee.py
[2026-05-17T10:50:29.314+0000] {processor.py:183} INFO - Processing /opt/airflow/dags/playwright_shopee.py took 7.883 seconds
[2026-05-17T10:50:59.909+0000] {processor.py:161} INFO - Started process (PID=20411) to work on /opt/airflow/dags/playwright_shopee.py
[2026-05-17T10:50:59.911+0000] {processor.py:830} INFO - Processing file /opt/airflow/dags/playwright_shopee.py for tasks to queue
[2026-05-17T10:50:59.913+0000] {logging_mixin.py:188} INFO - [2026-05-17T10:50:59.913+0000] {dagbag.py:545} INFO - Filling up the DagBag from /opt/airflow/dags/playwright_shopee.py
[2026-05-17T10:51:00.323+0000] {logging_mixin.py:188} INFO - 🌐 Membuka Chromium...
[2026-05-17T10:51:00.564+0000] {logging_mixin.py:188} INFO - 🍪 Inject cookies Shopee...
[2026-05-17T10:51:00.567+0000] {logging_mixin.py:188} INFO - ✅ 16 cookies berhasil diload dari /opt/airflow/dags/shopee_cookies.json
[2026-05-17T10:51:00.670+0000] {logging_mixin.py:188} INFO - 🌍 Membuka Shopee search...
[2026-05-17T10:51:07.545+0000] {logging_mixin.py:188} INFO - 📄 URL   : https://shopee.co.id/search?keyword=msi%20gaming
[2026-05-17T10:51:08.276+0000] {logging_mixin.py:188} INFO - 📄 TITLE : Shopee Indonesia | Situs Belanja Online Terlengkap & Terpercaya
[2026-05-17T10:51:08.890+0000] {logging_mixin.py:188} INFO - ❌ Kena traffic verify — cookies mungkin expired.
[2026-05-17T10:51:08.891+0000] {logging_mixin.py:188} INFO - ⚠️  Export ulang cookies dari Chrome dan update shopee_cookies.json
[2026-05-17T10:51:09.277+0000] {logging_mixin.py:188} INFO - [2026-05-17T10:51:09.275+0000] {dagbag.py:355} ERROR - Failed to import: /opt/airflow/dags/playwright_shopee.py
Traceback (most recent call last):
  File "/home/airflow/.local/lib/python3.8/site-packages/airflow/models/dagbag.py", line 351, in parse
    loader.exec_module(new_module)
  File "<frozen importlib._bootstrap_external>", line 843, in exec_module
  File "<frozen importlib._bootstrap>", line 219, in _call_with_frames_removed
  File "/opt/airflow/dags/playwright_shopee.py", line 218, in <module>
    raise RuntimeError(
RuntimeError: Shopee traffic verify detected. Update shopee_cookies.json dari Cookie-Editor.
[2026-05-17T10:51:09.278+0000] {processor.py:842} WARNING - No viable dags retrieved from /opt/airflow/dags/playwright_shopee.py
[2026-05-17T10:51:09.303+0000] {processor.py:183} INFO - Processing /opt/airflow/dags/playwright_shopee.py took 9.400 seconds
[2026-05-17T10:51:39.627+0000] {processor.py:161} INFO - Started process (PID=20534) to work on /opt/airflow/dags/playwright_shopee.py
[2026-05-17T10:51:39.628+0000] {processor.py:830} INFO - Processing file /opt/airflow/dags/playwright_shopee.py for tasks to queue
[2026-05-17T10:51:39.630+0000] {logging_mixin.py:188} INFO - [2026-05-17T10:51:39.630+0000] {dagbag.py:545} INFO - Filling up the DagBag from /opt/airflow/dags/playwright_shopee.py
[2026-05-17T10:51:40.062+0000] {logging_mixin.py:188} INFO - 🌐 Membuka Chromium...
[2026-05-17T10:51:40.300+0000] {logging_mixin.py:188} INFO - 🍪 Inject cookies Shopee...
[2026-05-17T10:51:40.304+0000] {logging_mixin.py:188} INFO - ✅ 16 cookies berhasil diload dari /opt/airflow/dags/shopee_cookies.json
[2026-05-17T10:51:40.412+0000] {logging_mixin.py:188} INFO - 🌍 Membuka Shopee search...
[2026-05-17T10:51:47.081+0000] {logging_mixin.py:188} INFO - 📄 URL   : https://shopee.co.id/search?keyword=msi%20gaming
[2026-05-17T10:51:47.660+0000] {logging_mixin.py:188} INFO - 📄 TITLE : Shopee Indonesia | Situs Belanja Online Terlengkap & Terpercaya
[2026-05-17T10:51:48.301+0000] {logging_mixin.py:188} INFO - ❌ Kena traffic verify — cookies mungkin expired.
[2026-05-17T10:51:48.302+0000] {logging_mixin.py:188} INFO - ⚠️  Export ulang cookies dari Chrome dan update shopee_cookies.json
[2026-05-17T10:51:48.909+0000] {logging_mixin.py:188} INFO - [2026-05-17T10:51:48.906+0000] {dagbag.py:355} ERROR - Failed to import: /opt/airflow/dags/playwright_shopee.py
Traceback (most recent call last):
  File "/home/airflow/.local/lib/python3.8/site-packages/airflow/models/dagbag.py", line 351, in parse
    loader.exec_module(new_module)
  File "<frozen importlib._bootstrap_external>", line 843, in exec_module
  File "<frozen importlib._bootstrap>", line 219, in _call_with_frames_removed
  File "/opt/airflow/dags/playwright_shopee.py", line 218, in <module>
    raise RuntimeError(
RuntimeError: Shopee traffic verify detected. Update shopee_cookies.json dari Cookie-Editor.
[2026-05-17T10:51:48.913+0000] {processor.py:842} WARNING - No viable dags retrieved from /opt/airflow/dags/playwright_shopee.py
[2026-05-17T10:51:48.968+0000] {processor.py:183} INFO - Processing /opt/airflow/dags/playwright_shopee.py took 9.351 seconds
[2026-05-17T10:52:19.332+0000] {processor.py:161} INFO - Started process (PID=20659) to work on /opt/airflow/dags/playwright_shopee.py
[2026-05-17T10:52:19.333+0000] {processor.py:830} INFO - Processing file /opt/airflow/dags/playwright_shopee.py for tasks to queue
[2026-05-17T10:52:19.334+0000] {logging_mixin.py:188} INFO - [2026-05-17T10:52:19.334+0000] {dagbag.py:545} INFO - Filling up the DagBag from /opt/airflow/dags/playwright_shopee.py
[2026-05-17T10:52:19.762+0000] {logging_mixin.py:188} INFO - 🌐 Membuka Chromium...
[2026-05-17T10:52:19.984+0000] {logging_mixin.py:188} INFO - 🍪 Inject cookies Shopee...
[2026-05-17T10:52:19.987+0000] {logging_mixin.py:188} INFO - ✅ 16 cookies berhasil diload dari /opt/airflow/dags/shopee_cookies.json
[2026-05-17T10:52:20.118+0000] {logging_mixin.py:188} INFO - 🌍 Membuka Shopee search...
[2026-05-17T10:52:28.445+0000] {logging_mixin.py:188} INFO - 📄 URL   : https://shopee.co.id/search?keyword=msi%20gaming
[2026-05-17T10:52:28.633+0000] {logging_mixin.py:188} INFO - 📄 TITLE : Shopee Indonesia | Situs Belanja Online Terlengkap & Terpercaya
[2026-05-17T10:52:29.446+0000] {logging_mixin.py:188} INFO - ❌ Kena traffic verify — cookies mungkin expired.
[2026-05-17T10:52:29.447+0000] {logging_mixin.py:188} INFO - ⚠️  Export ulang cookies dari Chrome dan update shopee_cookies.json
[2026-05-17T10:52:30.149+0000] {logging_mixin.py:188} INFO - [2026-05-17T10:52:30.147+0000] {dagbag.py:355} ERROR - Failed to import: /opt/airflow/dags/playwright_shopee.py
Traceback (most recent call last):
  File "/home/airflow/.local/lib/python3.8/site-packages/airflow/models/dagbag.py", line 351, in parse
    loader.exec_module(new_module)
  File "<frozen importlib._bootstrap_external>", line 843, in exec_module
  File "<frozen importlib._bootstrap>", line 219, in _call_with_frames_removed
  File "/opt/airflow/dags/playwright_shopee.py", line 218, in <module>
    raise RuntimeError(
RuntimeError: Shopee traffic verify detected. Update shopee_cookies.json dari Cookie-Editor.
[2026-05-17T10:52:30.150+0000] {processor.py:842} WARNING - No viable dags retrieved from /opt/airflow/dags/playwright_shopee.py
[2026-05-17T10:52:30.176+0000] {processor.py:183} INFO - Processing /opt/airflow/dags/playwright_shopee.py took 10.850 seconds
[2026-05-17T10:53:00.896+0000] {processor.py:161} INFO - Started process (PID=20784) to work on /opt/airflow/dags/playwright_shopee.py
[2026-05-17T10:53:00.897+0000] {processor.py:830} INFO - Processing file /opt/airflow/dags/playwright_shopee.py for tasks to queue
[2026-05-17T10:53:00.899+0000] {logging_mixin.py:188} INFO - [2026-05-17T10:53:00.899+0000] {dagbag.py:545} INFO - Filling up the DagBag from /opt/airflow/dags/playwright_shopee.py
[2026-05-17T10:53:01.322+0000] {logging_mixin.py:188} INFO - 🌐 Membuka Chromium...
[2026-05-17T10:53:01.549+0000] {logging_mixin.py:188} INFO - 🍪 Inject cookies Shopee...
[2026-05-17T10:53:01.554+0000] {logging_mixin.py:188} INFO - ✅ 16 cookies berhasil diload dari /opt/airflow/dags/shopee_cookies.json
[2026-05-17T10:53:01.670+0000] {logging_mixin.py:188} INFO - 🌍 Membuka Shopee search...
[2026-05-17T10:53:09.658+0000] {logging_mixin.py:188} INFO - 📄 URL   : https://shopee.co.id/search?keyword=msi%20gaming
[2026-05-17T10:53:09.745+0000] {logging_mixin.py:188} INFO - 📄 TITLE : Shopee Indonesia | Situs Belanja Online Terlengkap & Terpercaya
[2026-05-17T10:53:10.250+0000] {logging_mixin.py:188} INFO - ❌ Kena traffic verify — cookies mungkin expired.
[2026-05-17T10:53:10.250+0000] {logging_mixin.py:188} INFO - ⚠️  Export ulang cookies dari Chrome dan update shopee_cookies.json
[2026-05-17T10:53:10.995+0000] {logging_mixin.py:188} INFO - [2026-05-17T10:53:10.994+0000] {dagbag.py:355} ERROR - Failed to import: /opt/airflow/dags/playwright_shopee.py
Traceback (most recent call last):
  File "/home/airflow/.local/lib/python3.8/site-packages/airflow/models/dagbag.py", line 351, in parse
    loader.exec_module(new_module)
  File "<frozen importlib._bootstrap_external>", line 843, in exec_module
  File "<frozen importlib._bootstrap>", line 219, in _call_with_frames_removed
  File "/opt/airflow/dags/playwright_shopee.py", line 218, in <module>
    raise RuntimeError(
RuntimeError: Shopee traffic verify detected. Update shopee_cookies.json dari Cookie-Editor.
[2026-05-17T10:53:10.996+0000] {processor.py:842} WARNING - No viable dags retrieved from /opt/airflow/dags/playwright_shopee.py
[2026-05-17T10:53:11.019+0000] {processor.py:183} INFO - Processing /opt/airflow/dags/playwright_shopee.py took 10.129 seconds
[2026-05-17T10:53:41.356+0000] {processor.py:161} INFO - Started process (PID=20902) to work on /opt/airflow/dags/playwright_shopee.py
[2026-05-17T10:53:41.358+0000] {processor.py:830} INFO - Processing file /opt/airflow/dags/playwright_shopee.py for tasks to queue
[2026-05-17T10:53:41.360+0000] {logging_mixin.py:188} INFO - [2026-05-17T10:53:41.359+0000] {dagbag.py:545} INFO - Filling up the DagBag from /opt/airflow/dags/playwright_shopee.py
[2026-05-17T10:53:41.878+0000] {logging_mixin.py:188} INFO - 🌐 Membuka Chromium...
[2026-05-17T10:53:42.082+0000] {logging_mixin.py:188} INFO - 🍪 Inject cookies Shopee...
[2026-05-17T10:53:42.086+0000] {logging_mixin.py:188} INFO - ✅ 16 cookies berhasil diload dari /opt/airflow/dags/shopee_cookies.json
[2026-05-17T10:53:42.197+0000] {logging_mixin.py:188} INFO - 🌍 Membuka Shopee search...
[2026-05-17T10:53:48.698+0000] {logging_mixin.py:188} INFO - 📄 URL   : https://shopee.co.id/search?keyword=msi%20gaming
[2026-05-17T10:53:49.206+0000] {logging_mixin.py:188} INFO - 📄 TITLE : Shopee Indonesia | Situs Belanja Online Terlengkap & Terpercaya
[2026-05-17T10:53:50.403+0000] {logging_mixin.py:188} INFO - ❌ Kena traffic verify — cookies mungkin expired.
[2026-05-17T10:53:50.405+0000] {logging_mixin.py:188} INFO - ⚠️  Export ulang cookies dari Chrome dan update shopee_cookies.json
[2026-05-17T10:53:51.116+0000] {logging_mixin.py:188} INFO - [2026-05-17T10:53:51.115+0000] {dagbag.py:355} ERROR - Failed to import: /opt/airflow/dags/playwright_shopee.py
Traceback (most recent call last):
  File "/home/airflow/.local/lib/python3.8/site-packages/airflow/models/dagbag.py", line 351, in parse
    loader.exec_module(new_module)
  File "<frozen importlib._bootstrap_external>", line 843, in exec_module
  File "<frozen importlib._bootstrap>", line 219, in _call_with_frames_removed
  File "/opt/airflow/dags/playwright_shopee.py", line 218, in <module>
    raise RuntimeError(
RuntimeError: Shopee traffic verify detected. Update shopee_cookies.json dari Cookie-Editor.
[2026-05-17T10:53:51.118+0000] {processor.py:842} WARNING - No viable dags retrieved from /opt/airflow/dags/playwright_shopee.py
[2026-05-17T10:53:52.472+0000] {processor.py:183} INFO - Processing /opt/airflow/dags/playwright_shopee.py took 11.126 seconds
[2026-05-17T10:54:23.103+0000] {processor.py:161} INFO - Started process (PID=21027) to work on /opt/airflow/dags/playwright_shopee.py
[2026-05-17T10:54:23.104+0000] {processor.py:830} INFO - Processing file /opt/airflow/dags/playwright_shopee.py for tasks to queue
[2026-05-17T10:54:23.106+0000] {logging_mixin.py:188} INFO - [2026-05-17T10:54:23.106+0000] {dagbag.py:545} INFO - Filling up the DagBag from /opt/airflow/dags/playwright_shopee.py
[2026-05-17T10:54:23.534+0000] {logging_mixin.py:188} INFO - 🌐 Membuka Chromium...
[2026-05-17T10:54:23.744+0000] {logging_mixin.py:188} INFO - 🍪 Inject cookies Shopee...
[2026-05-17T10:54:23.748+0000] {logging_mixin.py:188} INFO - ✅ 16 cookies berhasil diload dari /opt/airflow/dags/shopee_cookies.json
[2026-05-17T10:54:23.849+0000] {logging_mixin.py:188} INFO - 🌍 Membuka Shopee search...
[2026-05-17T10:54:29.612+0000] {logging_mixin.py:188} INFO - 📄 URL   : https://shopee.co.id/search?keyword=msi%20gaming
[2026-05-17T10:54:30.009+0000] {logging_mixin.py:188} INFO - 📄 TITLE : 
[2026-05-17T10:54:31.249+0000] {logging_mixin.py:188} INFO - ❌ Kena traffic verify — cookies mungkin expired.
[2026-05-17T10:54:31.252+0000] {logging_mixin.py:188} INFO - ⚠️  Export ulang cookies dari Chrome dan update shopee_cookies.json
[2026-05-17T10:54:31.930+0000] {logging_mixin.py:188} INFO - [2026-05-17T10:54:31.929+0000] {dagbag.py:355} ERROR - Failed to import: /opt/airflow/dags/playwright_shopee.py
Traceback (most recent call last):
  File "/home/airflow/.local/lib/python3.8/site-packages/airflow/models/dagbag.py", line 351, in parse
    loader.exec_module(new_module)
  File "<frozen importlib._bootstrap_external>", line 843, in exec_module
  File "<frozen importlib._bootstrap>", line 219, in _call_with_frames_removed
  File "/opt/airflow/dags/playwright_shopee.py", line 218, in <module>
    raise RuntimeError(
RuntimeError: Shopee traffic verify detected. Update shopee_cookies.json dari Cookie-Editor.
[2026-05-17T10:54:31.931+0000] {processor.py:842} WARNING - No viable dags retrieved from /opt/airflow/dags/playwright_shopee.py
[2026-05-17T10:54:31.956+0000] {processor.py:183} INFO - Processing /opt/airflow/dags/playwright_shopee.py took 8.861 seconds
[2026-05-17T10:55:02.107+0000] {processor.py:161} INFO - Started process (PID=21146) to work on /opt/airflow/dags/playwright_shopee.py
[2026-05-17T10:55:02.108+0000] {processor.py:830} INFO - Processing file /opt/airflow/dags/playwright_shopee.py for tasks to queue
[2026-05-17T10:55:02.110+0000] {logging_mixin.py:188} INFO - [2026-05-17T10:55:02.110+0000] {dagbag.py:545} INFO - Filling up the DagBag from /opt/airflow/dags/playwright_shopee.py
[2026-05-17T10:55:02.557+0000] {logging_mixin.py:188} INFO - 🌐 Membuka Chromium...
[2026-05-17T10:55:02.746+0000] {logging_mixin.py:188} INFO - 🍪 Inject cookies Shopee...
[2026-05-17T10:55:02.750+0000] {logging_mixin.py:188} INFO - ✅ 16 cookies berhasil diload dari /opt/airflow/dags/shopee_cookies.json
[2026-05-17T10:55:02.849+0000] {logging_mixin.py:188} INFO - 🌍 Membuka Shopee search...
[2026-05-17T10:55:10.303+0000] {logging_mixin.py:188} INFO - 📄 URL   : https://shopee.co.id/search?keyword=msi%20gaming
[2026-05-17T10:55:10.629+0000] {logging_mixin.py:188} INFO - 📄 TITLE : Jual msi gaming Harga Terbaik & Termurah Mei 2026 | Shopee Indonesia
[2026-05-17T10:55:10.946+0000] {logging_mixin.py:188} INFO - ❌ Cookies tidak valid atau sudah expired.
[2026-05-17T10:55:11.067+0000] {logging_mixin.py:188} INFO - [2026-05-17T10:55:11.066+0000] {dagbag.py:355} ERROR - Failed to import: /opt/airflow/dags/playwright_shopee.py
Traceback (most recent call last):
  File "/home/airflow/.local/lib/python3.8/site-packages/airflow/models/dagbag.py", line 351, in parse
    loader.exec_module(new_module)
  File "<frozen importlib._bootstrap_external>", line 843, in exec_module
  File "<frozen importlib._bootstrap>", line 219, in _call_with_frames_removed
  File "/opt/airflow/dags/playwright_shopee.py", line 228, in <module>
    raise RuntimeError("Cookies tidak valid. Export ulang dari Chrome.")
RuntimeError: Cookies tidak valid. Export ulang dari Chrome.
[2026-05-17T10:55:11.068+0000] {processor.py:842} WARNING - No viable dags retrieved from /opt/airflow/dags/playwright_shopee.py
[2026-05-17T10:55:11.090+0000] {processor.py:183} INFO - Processing /opt/airflow/dags/playwright_shopee.py took 8.989 seconds
[2026-05-17T10:55:41.436+0000] {processor.py:161} INFO - Started process (PID=21266) to work on /opt/airflow/dags/playwright_shopee.py
[2026-05-17T10:55:41.437+0000] {processor.py:830} INFO - Processing file /opt/airflow/dags/playwright_shopee.py for tasks to queue
[2026-05-17T10:55:41.440+0000] {logging_mixin.py:188} INFO - [2026-05-17T10:55:41.439+0000] {dagbag.py:545} INFO - Filling up the DagBag from /opt/airflow/dags/playwright_shopee.py
[2026-05-17T10:55:41.848+0000] {logging_mixin.py:188} INFO - 🌐 Membuka Chromium...
[2026-05-17T10:55:42.099+0000] {logging_mixin.py:188} INFO - 🍪 Inject cookies Shopee...
[2026-05-17T10:55:42.103+0000] {logging_mixin.py:188} INFO - ✅ 16 cookies berhasil diload dari /opt/airflow/dags/shopee_cookies.json
[2026-05-17T10:55:42.213+0000] {logging_mixin.py:188} INFO - 🌍 Membuka Shopee search...
[2026-05-17T10:55:48.325+0000] {logging_mixin.py:188} INFO - 📄 URL   : https://shopee.co.id/search?keyword=msi%20gaming
[2026-05-17T10:55:49.245+0000] {logging_mixin.py:188} INFO - 📄 TITLE : Shopee Indonesia | Situs Belanja Online Terlengkap & Terpercaya
[2026-05-17T10:55:50.009+0000] {logging_mixin.py:188} INFO - ❌ Kena traffic verify — cookies mungkin expired.
[2026-05-17T10:55:50.010+0000] {logging_mixin.py:188} INFO - ⚠️  Export ulang cookies dari Chrome dan update shopee_cookies.json
[2026-05-17T10:55:50.634+0000] {logging_mixin.py:188} INFO - [2026-05-17T10:55:50.633+0000] {dagbag.py:355} ERROR - Failed to import: /opt/airflow/dags/playwright_shopee.py
Traceback (most recent call last):
  File "/home/airflow/.local/lib/python3.8/site-packages/airflow/models/dagbag.py", line 351, in parse
    loader.exec_module(new_module)
  File "<frozen importlib._bootstrap_external>", line 843, in exec_module
  File "<frozen importlib._bootstrap>", line 219, in _call_with_frames_removed
  File "/opt/airflow/dags/playwright_shopee.py", line 218, in <module>
    raise RuntimeError(
RuntimeError: Shopee traffic verify detected. Update shopee_cookies.json dari Cookie-Editor.
[2026-05-17T10:55:50.635+0000] {processor.py:842} WARNING - No viable dags retrieved from /opt/airflow/dags/playwright_shopee.py
[2026-05-17T10:55:50.671+0000] {processor.py:183} INFO - Processing /opt/airflow/dags/playwright_shopee.py took 9.243 seconds
[2026-05-17T10:56:20.956+0000] {processor.py:161} INFO - Started process (PID=21392) to work on /opt/airflow/dags/playwright_shopee.py
[2026-05-17T10:56:20.958+0000] {processor.py:830} INFO - Processing file /opt/airflow/dags/playwright_shopee.py for tasks to queue
[2026-05-17T10:56:20.961+0000] {logging_mixin.py:188} INFO - [2026-05-17T10:56:20.960+0000] {dagbag.py:545} INFO - Filling up the DagBag from /opt/airflow/dags/playwright_shopee.py
[2026-05-17T10:56:21.404+0000] {logging_mixin.py:188} INFO - 🌐 Membuka Chromium...
[2026-05-17T10:56:21.835+0000] {logging_mixin.py:188} INFO - 🍪 Inject cookies Shopee...
[2026-05-17T10:56:21.840+0000] {logging_mixin.py:188} INFO - ✅ 16 cookies berhasil diload dari /opt/airflow/dags/shopee_cookies.json
[2026-05-17T10:56:21.954+0000] {logging_mixin.py:188} INFO - 🌍 Membuka Shopee search...
[2026-05-17T10:56:28.773+0000] {logging_mixin.py:188} INFO - 📄 URL   : https://shopee.co.id/search?keyword=msi%20gaming
[2026-05-17T10:56:28.981+0000] {logging_mixin.py:188} INFO - 📄 TITLE : Shopee Indonesia | Situs Belanja Online Terlengkap & Terpercaya
[2026-05-17T10:56:29.761+0000] {logging_mixin.py:188} INFO - ❌ Kena traffic verify — cookies mungkin expired.
[2026-05-17T10:56:29.762+0000] {logging_mixin.py:188} INFO - ⚠️  Export ulang cookies dari Chrome dan update shopee_cookies.json
[2026-05-17T10:56:30.263+0000] {logging_mixin.py:188} INFO - [2026-05-17T10:56:30.261+0000] {dagbag.py:355} ERROR - Failed to import: /opt/airflow/dags/playwright_shopee.py
Traceback (most recent call last):
  File "/home/airflow/.local/lib/python3.8/site-packages/airflow/models/dagbag.py", line 351, in parse
    loader.exec_module(new_module)
  File "<frozen importlib._bootstrap_external>", line 843, in exec_module
  File "<frozen importlib._bootstrap>", line 219, in _call_with_frames_removed
  File "/opt/airflow/dags/playwright_shopee.py", line 218, in <module>
    raise RuntimeError(
RuntimeError: Shopee traffic verify detected. Update shopee_cookies.json dari Cookie-Editor.
[2026-05-17T10:56:30.264+0000] {processor.py:842} WARNING - No viable dags retrieved from /opt/airflow/dags/playwright_shopee.py
[2026-05-17T10:56:30.287+0000] {processor.py:183} INFO - Processing /opt/airflow/dags/playwright_shopee.py took 9.337 seconds
[2026-05-17T10:57:00.573+0000] {processor.py:161} INFO - Started process (PID=21516) to work on /opt/airflow/dags/playwright_shopee.py
[2026-05-17T10:57:00.574+0000] {processor.py:830} INFO - Processing file /opt/airflow/dags/playwright_shopee.py for tasks to queue
[2026-05-17T10:57:00.575+0000] {logging_mixin.py:188} INFO - [2026-05-17T10:57:00.575+0000] {dagbag.py:545} INFO - Filling up the DagBag from /opt/airflow/dags/playwright_shopee.py
[2026-05-17T10:57:01.034+0000] {logging_mixin.py:188} INFO - 🌐 Membuka Chromium...
[2026-05-17T10:57:01.256+0000] {logging_mixin.py:188} INFO - 🍪 Inject cookies Shopee...
[2026-05-17T10:57:01.260+0000] {logging_mixin.py:188} INFO - ✅ 16 cookies berhasil diload dari /opt/airflow/dags/shopee_cookies.json
[2026-05-17T10:57:01.380+0000] {logging_mixin.py:188} INFO - 🌍 Membuka Shopee search...
[2026-05-17T10:57:07.731+0000] {logging_mixin.py:188} INFO - 📄 URL   : https://shopee.co.id/search?keyword=msi%20gaming
[2026-05-17T10:57:07.863+0000] {logging_mixin.py:188} INFO - 📄 TITLE : Shopee Indonesia | Situs Belanja Online Terlengkap & Terpercaya
[2026-05-17T10:57:08.224+0000] {logging_mixin.py:188} INFO - ❌ Kena traffic verify — cookies mungkin expired.
[2026-05-17T10:57:08.225+0000] {logging_mixin.py:188} INFO - ⚠️  Export ulang cookies dari Chrome dan update shopee_cookies.json
[2026-05-17T10:57:08.719+0000] {logging_mixin.py:188} INFO - [2026-05-17T10:57:08.717+0000] {dagbag.py:355} ERROR - Failed to import: /opt/airflow/dags/playwright_shopee.py
Traceback (most recent call last):
  File "/home/airflow/.local/lib/python3.8/site-packages/airflow/models/dagbag.py", line 351, in parse
    loader.exec_module(new_module)
  File "<frozen importlib._bootstrap_external>", line 843, in exec_module
  File "<frozen importlib._bootstrap>", line 219, in _call_with_frames_removed
  File "/opt/airflow/dags/playwright_shopee.py", line 218, in <module>
    raise RuntimeError(
RuntimeError: Shopee traffic verify detected. Update shopee_cookies.json dari Cookie-Editor.
[2026-05-17T10:57:08.721+0000] {processor.py:842} WARNING - No viable dags retrieved from /opt/airflow/dags/playwright_shopee.py
[2026-05-17T10:57:08.880+0000] {processor.py:183} INFO - Processing /opt/airflow/dags/playwright_shopee.py took 8.314 seconds
[2026-05-17T10:57:39.152+0000] {processor.py:161} INFO - Started process (PID=21631) to work on /opt/airflow/dags/playwright_shopee.py
[2026-05-17T10:57:39.153+0000] {processor.py:830} INFO - Processing file /opt/airflow/dags/playwright_shopee.py for tasks to queue
[2026-05-17T10:57:39.156+0000] {logging_mixin.py:188} INFO - [2026-05-17T10:57:39.156+0000] {dagbag.py:545} INFO - Filling up the DagBag from /opt/airflow/dags/playwright_shopee.py
[2026-05-17T10:57:39.740+0000] {logging_mixin.py:188} INFO - 🌐 Membuka Chromium...
[2026-05-17T10:57:39.931+0000] {logging_mixin.py:188} INFO - 🍪 Inject cookies Shopee...
[2026-05-17T10:57:39.936+0000] {logging_mixin.py:188} INFO - ✅ 16 cookies berhasil diload dari /opt/airflow/dags/shopee_cookies.json
[2026-05-17T10:57:40.044+0000] {logging_mixin.py:188} INFO - 🌍 Membuka Shopee search...
[2026-05-17T10:57:48.346+0000] {logging_mixin.py:188} INFO - 📄 URL   : https://shopee.co.id/search?keyword=msi%20gaming
[2026-05-17T10:57:48.516+0000] {logging_mixin.py:188} INFO - 📄 TITLE : Shopee Indonesia | Situs Belanja Online Terlengkap & Terpercaya
[2026-05-17T10:57:49.461+0000] {logging_mixin.py:188} INFO - ❌ Kena traffic verify — cookies mungkin expired.
[2026-05-17T10:57:49.461+0000] {logging_mixin.py:188} INFO - ⚠️  Export ulang cookies dari Chrome dan update shopee_cookies.json
[2026-05-17T10:57:50.344+0000] {logging_mixin.py:188} INFO - [2026-05-17T10:57:50.342+0000] {dagbag.py:355} ERROR - Failed to import: /opt/airflow/dags/playwright_shopee.py
Traceback (most recent call last):
  File "/home/airflow/.local/lib/python3.8/site-packages/airflow/models/dagbag.py", line 351, in parse
    loader.exec_module(new_module)
  File "<frozen importlib._bootstrap_external>", line 843, in exec_module
  File "<frozen importlib._bootstrap>", line 219, in _call_with_frames_removed
  File "/opt/airflow/dags/playwright_shopee.py", line 218, in <module>
    raise RuntimeError(
RuntimeError: Shopee traffic verify detected. Update shopee_cookies.json dari Cookie-Editor.
[2026-05-17T10:57:50.346+0000] {processor.py:842} WARNING - No viable dags retrieved from /opt/airflow/dags/playwright_shopee.py
[2026-05-17T10:57:50.372+0000] {processor.py:183} INFO - Processing /opt/airflow/dags/playwright_shopee.py took 11.231 seconds
[2026-05-17T10:58:20.684+0000] {processor.py:161} INFO - Started process (PID=21750) to work on /opt/airflow/dags/playwright_shopee.py
[2026-05-17T10:58:20.685+0000] {processor.py:830} INFO - Processing file /opt/airflow/dags/playwright_shopee.py for tasks to queue
[2026-05-17T10:58:20.687+0000] {logging_mixin.py:188} INFO - [2026-05-17T10:58:20.687+0000] {dagbag.py:545} INFO - Filling up the DagBag from /opt/airflow/dags/playwright_shopee.py
[2026-05-17T10:58:21.205+0000] {logging_mixin.py:188} INFO - 🌐 Membuka Chromium...
[2026-05-17T10:58:21.419+0000] {logging_mixin.py:188} INFO - 🍪 Inject cookies Shopee...
[2026-05-17T10:58:21.424+0000] {logging_mixin.py:188} INFO - ✅ 16 cookies berhasil diload dari /opt/airflow/dags/shopee_cookies.json
[2026-05-17T10:58:21.576+0000] {logging_mixin.py:188} INFO - 🌍 Membuka Shopee search...
[2026-05-17T10:58:28.491+0000] {logging_mixin.py:188} INFO - 📄 URL   : https://shopee.co.id/search?keyword=msi%20gaming
[2026-05-17T10:58:29.186+0000] {logging_mixin.py:188} INFO - 📄 TITLE : Shopee Indonesia | Situs Belanja Online Terlengkap & Terpercaya
[2026-05-17T10:58:29.845+0000] {logging_mixin.py:188} INFO - ❌ Kena traffic verify — cookies mungkin expired.
[2026-05-17T10:58:29.846+0000] {logging_mixin.py:188} INFO - ⚠️  Export ulang cookies dari Chrome dan update shopee_cookies.json
[2026-05-17T10:58:30.351+0000] {logging_mixin.py:188} INFO - [2026-05-17T10:58:30.350+0000] {dagbag.py:355} ERROR - Failed to import: /opt/airflow/dags/playwright_shopee.py
Traceback (most recent call last):
  File "/home/airflow/.local/lib/python3.8/site-packages/airflow/models/dagbag.py", line 351, in parse
    loader.exec_module(new_module)
  File "<frozen importlib._bootstrap_external>", line 843, in exec_module
  File "<frozen importlib._bootstrap>", line 219, in _call_with_frames_removed
  File "/opt/airflow/dags/playwright_shopee.py", line 218, in <module>
    raise RuntimeError(
RuntimeError: Shopee traffic verify detected. Update shopee_cookies.json dari Cookie-Editor.
[2026-05-17T10:58:30.352+0000] {processor.py:842} WARNING - No viable dags retrieved from /opt/airflow/dags/playwright_shopee.py
[2026-05-17T10:58:30.377+0000] {processor.py:183} INFO - Processing /opt/airflow/dags/playwright_shopee.py took 9.702 seconds
[2026-05-17T10:59:01.101+0000] {processor.py:161} INFO - Started process (PID=21873) to work on /opt/airflow/dags/playwright_shopee.py
[2026-05-17T10:59:01.102+0000] {processor.py:830} INFO - Processing file /opt/airflow/dags/playwright_shopee.py for tasks to queue
[2026-05-17T10:59:01.104+0000] {logging_mixin.py:188} INFO - [2026-05-17T10:59:01.104+0000] {dagbag.py:545} INFO - Filling up the DagBag from /opt/airflow/dags/playwright_shopee.py
[2026-05-17T10:59:01.682+0000] {logging_mixin.py:188} INFO - 🌐 Membuka Chromium...
[2026-05-17T10:59:01.913+0000] {logging_mixin.py:188} INFO - 🍪 Inject cookies Shopee...
[2026-05-17T10:59:01.916+0000] {logging_mixin.py:188} INFO - ✅ 16 cookies berhasil diload dari /opt/airflow/dags/shopee_cookies.json
[2026-05-17T10:59:02.039+0000] {logging_mixin.py:188} INFO - 🌍 Membuka Shopee search...
[2026-05-17T10:59:10.132+0000] {logging_mixin.py:188} INFO - 📄 URL   : https://shopee.co.id/search?keyword=msi%20gaming
[2026-05-17T10:59:10.373+0000] {logging_mixin.py:188} INFO - 📄 TITLE : Shopee Indonesia | Situs Belanja Online Terlengkap & Terpercaya
[2026-05-17T10:59:10.802+0000] {logging_mixin.py:188} INFO - ❌ Kena traffic verify — cookies mungkin expired.
[2026-05-17T10:59:10.803+0000] {logging_mixin.py:188} INFO - ⚠️  Export ulang cookies dari Chrome dan update shopee_cookies.json
[2026-05-17T10:59:11.617+0000] {logging_mixin.py:188} INFO - [2026-05-17T10:59:11.612+0000] {dagbag.py:355} ERROR - Failed to import: /opt/airflow/dags/playwright_shopee.py
Traceback (most recent call last):
  File "/home/airflow/.local/lib/python3.8/site-packages/airflow/models/dagbag.py", line 351, in parse
    loader.exec_module(new_module)
  File "<frozen importlib._bootstrap_external>", line 843, in exec_module
  File "<frozen importlib._bootstrap>", line 219, in _call_with_frames_removed
  File "/opt/airflow/dags/playwright_shopee.py", line 218, in <module>
    raise RuntimeError(
RuntimeError: Shopee traffic verify detected. Update shopee_cookies.json dari Cookie-Editor.
[2026-05-17T10:59:11.622+0000] {processor.py:842} WARNING - No viable dags retrieved from /opt/airflow/dags/playwright_shopee.py
[2026-05-17T10:59:11.691+0000] {processor.py:183} INFO - Processing /opt/airflow/dags/playwright_shopee.py took 10.596 seconds
[2026-05-17T10:59:42.048+0000] {processor.py:161} INFO - Started process (PID=21993) to work on /opt/airflow/dags/playwright_shopee.py
[2026-05-17T10:59:42.049+0000] {processor.py:830} INFO - Processing file /opt/airflow/dags/playwright_shopee.py for tasks to queue
[2026-05-17T10:59:42.050+0000] {logging_mixin.py:188} INFO - [2026-05-17T10:59:42.050+0000] {dagbag.py:545} INFO - Filling up the DagBag from /opt/airflow/dags/playwright_shopee.py
[2026-05-17T10:59:42.611+0000] {logging_mixin.py:188} INFO - 🌐 Membuka Chromium...
[2026-05-17T10:59:42.851+0000] {logging_mixin.py:188} INFO - 🍪 Inject cookies Shopee...
[2026-05-17T10:59:42.855+0000] {logging_mixin.py:188} INFO - ✅ 16 cookies berhasil diload dari /opt/airflow/dags/shopee_cookies.json
[2026-05-17T10:59:42.954+0000] {logging_mixin.py:188} INFO - 🌍 Membuka Shopee search...
[2026-05-17T10:59:50.110+0000] {logging_mixin.py:188} INFO - 📄 URL   : https://shopee.co.id/search?keyword=msi%20gaming
[2026-05-17T10:59:50.810+0000] {logging_mixin.py:188} INFO - 📄 TITLE : 
[2026-05-17T10:59:52.635+0000] {logging_mixin.py:188} INFO - ❌ Kena traffic verify — cookies mungkin expired.
[2026-05-17T10:59:52.635+0000] {logging_mixin.py:188} INFO - ⚠️  Export ulang cookies dari Chrome dan update shopee_cookies.json
[2026-05-17T10:59:53.190+0000] {logging_mixin.py:188} INFO - [2026-05-17T10:59:53.188+0000] {dagbag.py:355} ERROR - Failed to import: /opt/airflow/dags/playwright_shopee.py
Traceback (most recent call last):
  File "/home/airflow/.local/lib/python3.8/site-packages/airflow/models/dagbag.py", line 351, in parse
    loader.exec_module(new_module)
  File "<frozen importlib._bootstrap_external>", line 843, in exec_module
  File "<frozen importlib._bootstrap>", line 219, in _call_with_frames_removed
  File "/opt/airflow/dags/playwright_shopee.py", line 218, in <module>
    raise RuntimeError(
RuntimeError: Shopee traffic verify detected. Update shopee_cookies.json dari Cookie-Editor.
[2026-05-17T10:59:53.191+0000] {processor.py:842} WARNING - No viable dags retrieved from /opt/airflow/dags/playwright_shopee.py
[2026-05-17T10:59:53.214+0000] {processor.py:183} INFO - Processing /opt/airflow/dags/playwright_shopee.py took 11.176 seconds
[2026-05-17T11:00:23.561+0000] {processor.py:161} INFO - Started process (PID=22112) to work on /opt/airflow/dags/playwright_shopee.py
[2026-05-17T11:00:23.563+0000] {processor.py:830} INFO - Processing file /opt/airflow/dags/playwright_shopee.py for tasks to queue
[2026-05-17T11:00:23.565+0000] {logging_mixin.py:188} INFO - [2026-05-17T11:00:23.564+0000] {dagbag.py:545} INFO - Filling up the DagBag from /opt/airflow/dags/playwright_shopee.py
[2026-05-17T11:00:24.199+0000] {logging_mixin.py:188} INFO - 🌐 Membuka Chromium...
[2026-05-17T11:00:24.466+0000] {logging_mixin.py:188} INFO - 🍪 Inject cookies Shopee...
[2026-05-17T11:00:24.468+0000] {logging_mixin.py:188} INFO - ✅ 16 cookies berhasil diload dari /opt/airflow/dags/shopee_cookies.json
[2026-05-17T11:00:24.584+0000] {logging_mixin.py:188} INFO - 🌍 Membuka Shopee search...
[2026-05-17T11:00:33.278+0000] {logging_mixin.py:188} INFO - 📄 URL   : https://shopee.co.id/search?keyword=msi%20gaming
[2026-05-17T11:00:33.470+0000] {logging_mixin.py:188} INFO - 📄 TITLE : Shopee Indonesia | Situs Belanja Online Terlengkap & Terpercaya
[2026-05-17T11:00:34.090+0000] {logging_mixin.py:188} INFO - ❌ Kena traffic verify — cookies mungkin expired.
[2026-05-17T11:00:34.091+0000] {logging_mixin.py:188} INFO - ⚠️  Export ulang cookies dari Chrome dan update shopee_cookies.json
[2026-05-17T11:00:34.898+0000] {logging_mixin.py:188} INFO - [2026-05-17T11:00:34.897+0000] {dagbag.py:355} ERROR - Failed to import: /opt/airflow/dags/playwright_shopee.py
Traceback (most recent call last):
  File "/home/airflow/.local/lib/python3.8/site-packages/airflow/models/dagbag.py", line 351, in parse
    loader.exec_module(new_module)
  File "<frozen importlib._bootstrap_external>", line 843, in exec_module
  File "<frozen importlib._bootstrap>", line 219, in _call_with_frames_removed
  File "/opt/airflow/dags/playwright_shopee.py", line 218, in <module>
    raise RuntimeError(
RuntimeError: Shopee traffic verify detected. Update shopee_cookies.json dari Cookie-Editor.
[2026-05-17T11:00:34.900+0000] {processor.py:842} WARNING - No viable dags retrieved from /opt/airflow/dags/playwright_shopee.py
[2026-05-17T11:00:34.926+0000] {processor.py:183} INFO - Processing /opt/airflow/dags/playwright_shopee.py took 11.371 seconds
[2026-05-17T11:01:05.222+0000] {processor.py:161} INFO - Started process (PID=22238) to work on /opt/airflow/dags/playwright_shopee.py
[2026-05-17T11:01:05.224+0000] {processor.py:830} INFO - Processing file /opt/airflow/dags/playwright_shopee.py for tasks to queue
[2026-05-17T11:01:05.226+0000] {logging_mixin.py:188} INFO - [2026-05-17T11:01:05.226+0000] {dagbag.py:545} INFO - Filling up the DagBag from /opt/airflow/dags/playwright_shopee.py
[2026-05-17T11:01:05.895+0000] {logging_mixin.py:188} INFO - 🌐 Membuka Chromium...
[2026-05-17T11:01:06.090+0000] {logging_mixin.py:188} INFO - 🍪 Inject cookies Shopee...
[2026-05-17T11:01:06.096+0000] {logging_mixin.py:188} INFO - ✅ 16 cookies berhasil diload dari /opt/airflow/dags/shopee_cookies.json
[2026-05-17T11:01:06.200+0000] {logging_mixin.py:188} INFO - 🌍 Membuka Shopee search...
[2026-05-17T11:01:14.457+0000] {logging_mixin.py:188} INFO - 📄 URL   : https://shopee.co.id/search?keyword=msi%20gaming
[2026-05-17T11:01:14.646+0000] {logging_mixin.py:188} INFO - 📄 TITLE : Shopee Indonesia | Situs Belanja Online Terlengkap & Terpercaya
[2026-05-17T11:01:15.123+0000] {logging_mixin.py:188} INFO - ❌ Kena traffic verify — cookies mungkin expired.
[2026-05-17T11:01:15.124+0000] {logging_mixin.py:188} INFO - ⚠️  Export ulang cookies dari Chrome dan update shopee_cookies.json
[2026-05-17T11:01:15.663+0000] {logging_mixin.py:188} INFO - [2026-05-17T11:01:15.662+0000] {dagbag.py:355} ERROR - Failed to import: /opt/airflow/dags/playwright_shopee.py
Traceback (most recent call last):
  File "/home/airflow/.local/lib/python3.8/site-packages/airflow/models/dagbag.py", line 351, in parse
    loader.exec_module(new_module)
  File "<frozen importlib._bootstrap_external>", line 843, in exec_module
  File "<frozen importlib._bootstrap>", line 219, in _call_with_frames_removed
  File "/opt/airflow/dags/playwright_shopee.py", line 218, in <module>
    raise RuntimeError(
RuntimeError: Shopee traffic verify detected. Update shopee_cookies.json dari Cookie-Editor.
[2026-05-17T11:01:15.664+0000] {processor.py:842} WARNING - No viable dags retrieved from /opt/airflow/dags/playwright_shopee.py
[2026-05-17T11:01:15.691+0000] {processor.py:183} INFO - Processing /opt/airflow/dags/playwright_shopee.py took 10.476 seconds
[2026-05-17T11:01:45.984+0000] {processor.py:161} INFO - Started process (PID=22357) to work on /opt/airflow/dags/playwright_shopee.py
[2026-05-17T11:01:45.985+0000] {processor.py:830} INFO - Processing file /opt/airflow/dags/playwright_shopee.py for tasks to queue
[2026-05-17T11:01:45.987+0000] {logging_mixin.py:188} INFO - [2026-05-17T11:01:45.986+0000] {dagbag.py:545} INFO - Filling up the DagBag from /opt/airflow/dags/playwright_shopee.py
[2026-05-17T11:01:46.491+0000] {logging_mixin.py:188} INFO - 🌐 Membuka Chromium...
[2026-05-17T11:01:46.679+0000] {logging_mixin.py:188} INFO - 🍪 Inject cookies Shopee...
[2026-05-17T11:01:46.683+0000] {logging_mixin.py:188} INFO - ✅ 16 cookies berhasil diload dari /opt/airflow/dags/shopee_cookies.json
[2026-05-17T11:01:46.796+0000] {logging_mixin.py:188} INFO - 🌍 Membuka Shopee search...
[2026-05-17T11:01:52.978+0000] {logging_mixin.py:188} INFO - 📄 URL   : https://shopee.co.id/search?keyword=msi%20gaming
[2026-05-17T11:01:53.560+0000] {logging_mixin.py:188} INFO - 📄 TITLE : 
[2026-05-17T11:01:54.831+0000] {logging_mixin.py:188} INFO - ❌ Kena traffic verify — cookies mungkin expired.
[2026-05-17T11:01:54.832+0000] {logging_mixin.py:188} INFO - ⚠️  Export ulang cookies dari Chrome dan update shopee_cookies.json
[2026-05-17T11:01:55.420+0000] {logging_mixin.py:188} INFO - [2026-05-17T11:01:55.419+0000] {dagbag.py:355} ERROR - Failed to import: /opt/airflow/dags/playwright_shopee.py
Traceback (most recent call last):
  File "/home/airflow/.local/lib/python3.8/site-packages/airflow/models/dagbag.py", line 351, in parse
    loader.exec_module(new_module)
  File "<frozen importlib._bootstrap_external>", line 843, in exec_module
  File "<frozen importlib._bootstrap>", line 219, in _call_with_frames_removed
  File "/opt/airflow/dags/playwright_shopee.py", line 218, in <module>
    raise RuntimeError(
RuntimeError: Shopee traffic verify detected. Update shopee_cookies.json dari Cookie-Editor.
[2026-05-17T11:01:55.421+0000] {processor.py:842} WARNING - No viable dags retrieved from /opt/airflow/dags/playwright_shopee.py
[2026-05-17T11:01:55.456+0000] {processor.py:183} INFO - Processing /opt/airflow/dags/playwright_shopee.py took 9.480 seconds
[2026-05-17T11:02:25.729+0000] {processor.py:161} INFO - Started process (PID=22476) to work on /opt/airflow/dags/playwright_shopee.py
[2026-05-17T11:02:25.730+0000] {processor.py:830} INFO - Processing file /opt/airflow/dags/playwright_shopee.py for tasks to queue
[2026-05-17T11:02:25.732+0000] {logging_mixin.py:188} INFO - [2026-05-17T11:02:25.732+0000] {dagbag.py:545} INFO - Filling up the DagBag from /opt/airflow/dags/playwright_shopee.py
[2026-05-17T11:02:26.306+0000] {logging_mixin.py:188} INFO - 🌐 Membuka Chromium...
[2026-05-17T11:02:26.483+0000] {logging_mixin.py:188} INFO - 🍪 Inject cookies Shopee...
[2026-05-17T11:02:26.487+0000] {logging_mixin.py:188} INFO - ✅ 16 cookies berhasil diload dari /opt/airflow/dags/shopee_cookies.json
[2026-05-17T11:02:26.589+0000] {logging_mixin.py:188} INFO - 🌍 Membuka Shopee search...
[2026-05-17T11:02:35.181+0000] {logging_mixin.py:188} INFO - 📄 URL   : https://shopee.co.id/search?keyword=msi%20gaming
[2026-05-17T11:02:35.503+0000] {logging_mixin.py:188} INFO - 📄 TITLE : Shopee Indonesia | Situs Belanja Online Terlengkap & Terpercaya
[2026-05-17T11:02:36.145+0000] {logging_mixin.py:188} INFO - ❌ Kena traffic verify — cookies mungkin expired.
[2026-05-17T11:02:36.146+0000] {logging_mixin.py:188} INFO - ⚠️  Export ulang cookies dari Chrome dan update shopee_cookies.json
[2026-05-17T11:02:36.806+0000] {logging_mixin.py:188} INFO - [2026-05-17T11:02:36.803+0000] {dagbag.py:355} ERROR - Failed to import: /opt/airflow/dags/playwright_shopee.py
Traceback (most recent call last):
  File "/home/airflow/.local/lib/python3.8/site-packages/airflow/models/dagbag.py", line 351, in parse
    loader.exec_module(new_module)
  File "<frozen importlib._bootstrap_external>", line 843, in exec_module
  File "<frozen importlib._bootstrap>", line 219, in _call_with_frames_removed
  File "/opt/airflow/dags/playwright_shopee.py", line 218, in <module>
    raise RuntimeError(
RuntimeError: Shopee traffic verify detected. Update shopee_cookies.json dari Cookie-Editor.
[2026-05-17T11:02:36.808+0000] {processor.py:842} WARNING - No viable dags retrieved from /opt/airflow/dags/playwright_shopee.py
[2026-05-17T11:02:36.846+0000] {processor.py:183} INFO - Processing /opt/airflow/dags/playwright_shopee.py took 11.122 seconds
[2026-05-17T11:03:07.142+0000] {processor.py:161} INFO - Started process (PID=22602) to work on /opt/airflow/dags/playwright_shopee.py
[2026-05-17T11:03:07.143+0000] {processor.py:830} INFO - Processing file /opt/airflow/dags/playwright_shopee.py for tasks to queue
[2026-05-17T11:03:07.145+0000] {logging_mixin.py:188} INFO - [2026-05-17T11:03:07.145+0000] {dagbag.py:545} INFO - Filling up the DagBag from /opt/airflow/dags/playwright_shopee.py
[2026-05-17T11:03:07.874+0000] {logging_mixin.py:188} INFO - 🌐 Membuka Chromium...
[2026-05-17T11:03:08.128+0000] {logging_mixin.py:188} INFO - 🍪 Inject cookies Shopee...
[2026-05-17T11:03:08.132+0000] {logging_mixin.py:188} INFO - ✅ 16 cookies berhasil diload dari /opt/airflow/dags/shopee_cookies.json
[2026-05-17T11:03:08.239+0000] {logging_mixin.py:188} INFO - 🌍 Membuka Shopee search...
[2026-05-17T11:03:14.169+0000] {logging_mixin.py:188} INFO - 📄 URL   : https://shopee.co.id/search?keyword=msi%20gaming
[2026-05-17T11:03:14.290+0000] {logging_mixin.py:188} INFO - 📄 TITLE : 
[2026-05-17T11:03:16.515+0000] {logging_mixin.py:188} INFO - ❌ Kena traffic verify — cookies mungkin expired.
[2026-05-17T11:03:16.516+0000] {logging_mixin.py:188} INFO - ⚠️  Export ulang cookies dari Chrome dan update shopee_cookies.json
[2026-05-17T11:03:17.098+0000] {logging_mixin.py:188} INFO - [2026-05-17T11:03:17.093+0000] {dagbag.py:355} ERROR - Failed to import: /opt/airflow/dags/playwright_shopee.py
Traceback (most recent call last):
  File "/home/airflow/.local/lib/python3.8/site-packages/airflow/models/dagbag.py", line 351, in parse
    loader.exec_module(new_module)
  File "<frozen importlib._bootstrap_external>", line 843, in exec_module
  File "<frozen importlib._bootstrap>", line 219, in _call_with_frames_removed
  File "/opt/airflow/dags/playwright_shopee.py", line 218, in <module>
    raise RuntimeError(
RuntimeError: Shopee traffic verify detected. Update shopee_cookies.json dari Cookie-Editor.
[2026-05-17T11:03:17.100+0000] {processor.py:842} WARNING - No viable dags retrieved from /opt/airflow/dags/playwright_shopee.py
[2026-05-17T11:03:17.137+0000] {processor.py:183} INFO - Processing /opt/airflow/dags/playwright_shopee.py took 10.004 seconds
[2026-05-17T11:03:47.478+0000] {processor.py:161} INFO - Started process (PID=22721) to work on /opt/airflow/dags/playwright_shopee.py
[2026-05-17T11:03:47.480+0000] {processor.py:830} INFO - Processing file /opt/airflow/dags/playwright_shopee.py for tasks to queue
[2026-05-17T11:03:47.482+0000] {logging_mixin.py:188} INFO - [2026-05-17T11:03:47.481+0000] {dagbag.py:545} INFO - Filling up the DagBag from /opt/airflow/dags/playwright_shopee.py
[2026-05-17T11:03:48.079+0000] {logging_mixin.py:188} INFO - 🌐 Membuka Chromium...
[2026-05-17T11:03:48.308+0000] {logging_mixin.py:188} INFO - 🍪 Inject cookies Shopee...
[2026-05-17T11:03:48.312+0000] {logging_mixin.py:188} INFO - ✅ 16 cookies berhasil diload dari /opt/airflow/dags/shopee_cookies.json
[2026-05-17T11:03:48.417+0000] {logging_mixin.py:188} INFO - 🌍 Membuka Shopee search...
[2026-05-17T11:03:55.514+0000] {logging_mixin.py:188} INFO - 📄 URL   : https://shopee.co.id/search?keyword=msi%20gaming
[2026-05-17T11:03:55.926+0000] {logging_mixin.py:188} INFO - 📄 TITLE : Shopee Indonesia | Situs Belanja Online Terlengkap & Terpercaya
[2026-05-17T11:03:56.505+0000] {logging_mixin.py:188} INFO - ❌ Kena traffic verify — cookies mungkin expired.
[2026-05-17T11:03:56.506+0000] {logging_mixin.py:188} INFO - ⚠️  Export ulang cookies dari Chrome dan update shopee_cookies.json
[2026-05-17T11:03:57.139+0000] {logging_mixin.py:188} INFO - [2026-05-17T11:03:57.135+0000] {dagbag.py:355} ERROR - Failed to import: /opt/airflow/dags/playwright_shopee.py
Traceback (most recent call last):
  File "/home/airflow/.local/lib/python3.8/site-packages/airflow/models/dagbag.py", line 351, in parse
    loader.exec_module(new_module)
  File "<frozen importlib._bootstrap_external>", line 843, in exec_module
  File "<frozen importlib._bootstrap>", line 219, in _call_with_frames_removed
  File "/opt/airflow/dags/playwright_shopee.py", line 218, in <module>
    raise RuntimeError(
RuntimeError: Shopee traffic verify detected. Update shopee_cookies.json dari Cookie-Editor.
[2026-05-17T11:03:57.142+0000] {processor.py:842} WARNING - No viable dags retrieved from /opt/airflow/dags/playwright_shopee.py
[2026-05-17T11:03:57.167+0000] {processor.py:183} INFO - Processing /opt/airflow/dags/playwright_shopee.py took 9.699 seconds
[2026-05-17T11:04:27.470+0000] {processor.py:161} INFO - Started process (PID=22841) to work on /opt/airflow/dags/playwright_shopee.py
[2026-05-17T11:04:27.472+0000] {processor.py:830} INFO - Processing file /opt/airflow/dags/playwright_shopee.py for tasks to queue
[2026-05-17T11:04:27.476+0000] {logging_mixin.py:188} INFO - [2026-05-17T11:04:27.475+0000] {dagbag.py:545} INFO - Filling up the DagBag from /opt/airflow/dags/playwright_shopee.py
[2026-05-17T11:04:28.172+0000] {logging_mixin.py:188} INFO - 🌐 Membuka Chromium...
[2026-05-17T11:04:28.415+0000] {logging_mixin.py:188} INFO - 🍪 Inject cookies Shopee...
[2026-05-17T11:04:28.419+0000] {logging_mixin.py:188} INFO - ✅ 16 cookies berhasil diload dari /opt/airflow/dags/shopee_cookies.json
[2026-05-17T11:04:28.554+0000] {logging_mixin.py:188} INFO - 🌍 Membuka Shopee search...
[2026-05-17T11:04:34.725+0000] {logging_mixin.py:188} INFO - 📄 URL   : https://shopee.co.id/search?keyword=msi%20gaming
[2026-05-17T11:04:35.665+0000] {logging_mixin.py:188} INFO - 📄 TITLE : Shopee Indonesia | Situs Belanja Online Terlengkap & Terpercaya
[2026-05-17T11:04:36.410+0000] {logging_mixin.py:188} INFO - ❌ Kena traffic verify — cookies mungkin expired.
[2026-05-17T11:04:36.411+0000] {logging_mixin.py:188} INFO - ⚠️  Export ulang cookies dari Chrome dan update shopee_cookies.json
[2026-05-17T11:04:37.004+0000] {logging_mixin.py:188} INFO - [2026-05-17T11:04:37.002+0000] {dagbag.py:355} ERROR - Failed to import: /opt/airflow/dags/playwright_shopee.py
Traceback (most recent call last):
  File "/home/airflow/.local/lib/python3.8/site-packages/airflow/models/dagbag.py", line 351, in parse
    loader.exec_module(new_module)
  File "<frozen importlib._bootstrap_external>", line 843, in exec_module
  File "<frozen importlib._bootstrap>", line 219, in _call_with_frames_removed
  File "/opt/airflow/dags/playwright_shopee.py", line 218, in <module>
    raise RuntimeError(
RuntimeError: Shopee traffic verify detected. Update shopee_cookies.json dari Cookie-Editor.
[2026-05-17T11:04:37.006+0000] {processor.py:842} WARNING - No viable dags retrieved from /opt/airflow/dags/playwright_shopee.py
[2026-05-17T11:04:37.030+0000] {processor.py:183} INFO - Processing /opt/airflow/dags/playwright_shopee.py took 9.576 seconds
[2026-05-17T11:05:07.367+0000] {processor.py:161} INFO - Started process (PID=22965) to work on /opt/airflow/dags/playwright_shopee.py
[2026-05-17T11:05:07.368+0000] {processor.py:830} INFO - Processing file /opt/airflow/dags/playwright_shopee.py for tasks to queue
[2026-05-17T11:05:07.370+0000] {logging_mixin.py:188} INFO - [2026-05-17T11:05:07.370+0000] {dagbag.py:545} INFO - Filling up the DagBag from /opt/airflow/dags/playwright_shopee.py
[2026-05-17T11:05:08.025+0000] {logging_mixin.py:188} INFO - 🌐 Membuka Chromium...
[2026-05-17T11:05:08.283+0000] {logging_mixin.py:188} INFO - 🍪 Inject cookies Shopee...
[2026-05-17T11:05:08.287+0000] {logging_mixin.py:188} INFO - ✅ 16 cookies berhasil diload dari /opt/airflow/dags/shopee_cookies.json
[2026-05-17T11:05:08.385+0000] {logging_mixin.py:188} INFO - 🌍 Membuka Shopee search...
[2026-05-17T11:05:15.293+0000] {logging_mixin.py:188} INFO - 📄 URL   : https://shopee.co.id/search?keyword=msi%20gaming
[2026-05-17T11:05:15.825+0000] {logging_mixin.py:188} INFO - 📄 TITLE : Shopee Indonesia | Situs Belanja Online Terlengkap & Terpercaya
[2026-05-17T11:05:16.533+0000] {logging_mixin.py:188} INFO - ❌ Kena traffic verify — cookies mungkin expired.
[2026-05-17T11:05:16.534+0000] {logging_mixin.py:188} INFO - ⚠️  Export ulang cookies dari Chrome dan update shopee_cookies.json
[2026-05-17T11:05:17.132+0000] {logging_mixin.py:188} INFO - [2026-05-17T11:05:17.127+0000] {dagbag.py:355} ERROR - Failed to import: /opt/airflow/dags/playwright_shopee.py
Traceback (most recent call last):
  File "/home/airflow/.local/lib/python3.8/site-packages/airflow/models/dagbag.py", line 351, in parse
    loader.exec_module(new_module)
  File "<frozen importlib._bootstrap_external>", line 843, in exec_module
  File "<frozen importlib._bootstrap>", line 219, in _call_with_frames_removed
  File "/opt/airflow/dags/playwright_shopee.py", line 218, in <module>
    raise RuntimeError(
RuntimeError: Shopee traffic verify detected. Update shopee_cookies.json dari Cookie-Editor.
[2026-05-17T11:05:17.137+0000] {processor.py:842} WARNING - No viable dags retrieved from /opt/airflow/dags/playwright_shopee.py
[2026-05-17T11:05:17.217+0000] {processor.py:183} INFO - Processing /opt/airflow/dags/playwright_shopee.py took 9.856 seconds
[2026-05-17T11:05:47.377+0000] {processor.py:161} INFO - Started process (PID=23084) to work on /opt/airflow/dags/playwright_shopee.py
[2026-05-17T11:05:47.379+0000] {processor.py:830} INFO - Processing file /opt/airflow/dags/playwright_shopee.py for tasks to queue
[2026-05-17T11:05:47.381+0000] {logging_mixin.py:188} INFO - [2026-05-17T11:05:47.381+0000] {dagbag.py:545} INFO - Filling up the DagBag from /opt/airflow/dags/playwright_shopee.py
[2026-05-17T11:05:48.099+0000] {logging_mixin.py:188} INFO - 🌐 Membuka Chromium...
[2026-05-17T11:05:48.306+0000] {logging_mixin.py:188} INFO - 🍪 Inject cookies Shopee...
[2026-05-17T11:05:48.311+0000] {logging_mixin.py:188} INFO - ✅ 16 cookies berhasil diload dari /opt/airflow/dags/shopee_cookies.json
[2026-05-17T11:05:48.442+0000] {logging_mixin.py:188} INFO - 🌍 Membuka Shopee search...
[2026-05-17T11:05:55.012+0000] {logging_mixin.py:188} INFO - 📄 URL   : https://shopee.co.id/search?keyword=msi%20gaming
[2026-05-17T11:05:56.538+0000] {logging_mixin.py:188} INFO - [2026-05-17T11:05:56.532+0000] {dagbag.py:355} ERROR - Failed to import: /opt/airflow/dags/playwright_shopee.py
Traceback (most recent call last):
  File "/home/airflow/.local/lib/python3.8/site-packages/airflow/models/dagbag.py", line 351, in parse
    loader.exec_module(new_module)
  File "<frozen importlib._bootstrap_external>", line 843, in exec_module
  File "<frozen importlib._bootstrap>", line 219, in _call_with_frames_removed
  File "/opt/airflow/dags/playwright_shopee.py", line 208, in <module>
    print("📄 TITLE :", page.title())
  File "/home/airflow/.local/lib/python3.8/site-packages/playwright/sync_api/_generated.py", line 9407, in title
    return mapping.from_maybe_impl(self._sync(self._impl_obj.title()))
  File "/home/airflow/.local/lib/python3.8/site-packages/playwright/_impl/_sync_base.py", line 115, in _sync
    return task.result()
  File "/home/airflow/.local/lib/python3.8/site-packages/playwright/_impl/_page.py", line 742, in title
    return await self._main_frame.title()
  File "/home/airflow/.local/lib/python3.8/site-packages/playwright/_impl/_frame.py", line 776, in title
    return await self._channel.send("title")
  File "/home/airflow/.local/lib/python3.8/site-packages/playwright/_impl/_connection.py", line 59, in send
    return await self._connection.wrap_api_call(
  File "/home/airflow/.local/lib/python3.8/site-packages/playwright/_impl/_connection.py", line 514, in wrap_api_call
    raise rewrite_error(error, f"{parsed_st['apiName']}: {error}") from None
playwright._impl._errors.Error: Page.title: Execution context was destroyed, most likely because of a navigation
[2026-05-17T11:05:56.540+0000] {processor.py:842} WARNING - No viable dags retrieved from /opt/airflow/dags/playwright_shopee.py
[2026-05-17T11:05:56.566+0000] {processor.py:183} INFO - Processing /opt/airflow/dags/playwright_shopee.py took 9.197 seconds
[2026-05-17T11:06:26.857+0000] {processor.py:161} INFO - Started process (PID=23200) to work on /opt/airflow/dags/playwright_shopee.py
[2026-05-17T11:06:26.858+0000] {processor.py:830} INFO - Processing file /opt/airflow/dags/playwright_shopee.py for tasks to queue
[2026-05-17T11:06:26.860+0000] {logging_mixin.py:188} INFO - [2026-05-17T11:06:26.860+0000] {dagbag.py:545} INFO - Filling up the DagBag from /opt/airflow/dags/playwright_shopee.py
[2026-05-17T11:06:27.453+0000] {logging_mixin.py:188} INFO - 🌐 Membuka Chromium...
[2026-05-17T11:06:27.700+0000] {logging_mixin.py:188} INFO - 🍪 Inject cookies Shopee...
[2026-05-17T11:06:27.703+0000] {logging_mixin.py:188} INFO - ✅ 16 cookies berhasil diload dari /opt/airflow/dags/shopee_cookies.json
[2026-05-17T11:06:27.841+0000] {logging_mixin.py:188} INFO - 🌍 Membuka Shopee search...
[2026-05-17T11:06:34.675+0000] {logging_mixin.py:188} INFO - 📄 URL   : https://shopee.co.id/search?keyword=msi%20gaming
[2026-05-17T11:06:35.625+0000] {logging_mixin.py:188} INFO - 📄 TITLE : Shopee Indonesia | Situs Belanja Online Terlengkap & Terpercaya
[2026-05-17T11:06:36.264+0000] {logging_mixin.py:188} INFO - ❌ Kena traffic verify — cookies mungkin expired.
[2026-05-17T11:06:36.265+0000] {logging_mixin.py:188} INFO - ⚠️  Export ulang cookies dari Chrome dan update shopee_cookies.json
[2026-05-17T11:06:36.957+0000] {logging_mixin.py:188} INFO - [2026-05-17T11:06:36.953+0000] {dagbag.py:355} ERROR - Failed to import: /opt/airflow/dags/playwright_shopee.py
Traceback (most recent call last):
  File "/home/airflow/.local/lib/python3.8/site-packages/airflow/models/dagbag.py", line 351, in parse
    loader.exec_module(new_module)
  File "<frozen importlib._bootstrap_external>", line 843, in exec_module
  File "<frozen importlib._bootstrap>", line 219, in _call_with_frames_removed
  File "/opt/airflow/dags/playwright_shopee.py", line 218, in <module>
    raise RuntimeError(
RuntimeError: Shopee traffic verify detected. Update shopee_cookies.json dari Cookie-Editor.
[2026-05-17T11:06:36.960+0000] {processor.py:842} WARNING - No viable dags retrieved from /opt/airflow/dags/playwright_shopee.py
[2026-05-17T11:06:37.005+0000] {processor.py:183} INFO - Processing /opt/airflow/dags/playwright_shopee.py took 10.155 seconds
[2026-05-17T11:07:07.288+0000] {processor.py:161} INFO - Started process (PID=23327) to work on /opt/airflow/dags/playwright_shopee.py
[2026-05-17T11:07:07.289+0000] {processor.py:830} INFO - Processing file /opt/airflow/dags/playwright_shopee.py for tasks to queue
[2026-05-17T11:07:07.292+0000] {logging_mixin.py:188} INFO - [2026-05-17T11:07:07.291+0000] {dagbag.py:545} INFO - Filling up the DagBag from /opt/airflow/dags/playwright_shopee.py
[2026-05-17T11:07:08.084+0000] {logging_mixin.py:188} INFO - 🌐 Membuka Chromium...
[2026-05-17T11:07:08.359+0000] {logging_mixin.py:188} INFO - 🍪 Inject cookies Shopee...
[2026-05-17T11:07:08.416+0000] {logging_mixin.py:188} INFO - ✅ 16 cookies berhasil diload dari /opt/airflow/dags/shopee_cookies.json
[2026-05-17T11:07:08.645+0000] {logging_mixin.py:188} INFO - 🌍 Membuka Shopee search...
[2026-05-17T11:07:16.456+0000] {logging_mixin.py:188} INFO - 📄 URL   : https://shopee.co.id/search?keyword=msi%20gaming
[2026-05-17T11:07:16.644+0000] {logging_mixin.py:188} INFO - 📄 TITLE : Shopee Indonesia | Situs Belanja Online Terlengkap & Terpercaya
[2026-05-17T11:07:17.305+0000] {logging_mixin.py:188} INFO - ❌ Kena traffic verify — cookies mungkin expired.
[2026-05-17T11:07:17.306+0000] {logging_mixin.py:188} INFO - ⚠️  Export ulang cookies dari Chrome dan update shopee_cookies.json
[2026-05-17T11:07:17.950+0000] {logging_mixin.py:188} INFO - [2026-05-17T11:07:17.948+0000] {dagbag.py:355} ERROR - Failed to import: /opt/airflow/dags/playwright_shopee.py
Traceback (most recent call last):
  File "/home/airflow/.local/lib/python3.8/site-packages/airflow/models/dagbag.py", line 351, in parse
    loader.exec_module(new_module)
  File "<frozen importlib._bootstrap_external>", line 843, in exec_module
  File "<frozen importlib._bootstrap>", line 219, in _call_with_frames_removed
  File "/opt/airflow/dags/playwright_shopee.py", line 218, in <module>
    raise RuntimeError(
RuntimeError: Shopee traffic verify detected. Update shopee_cookies.json dari Cookie-Editor.
[2026-05-17T11:07:17.952+0000] {processor.py:842} WARNING - No viable dags retrieved from /opt/airflow/dags/playwright_shopee.py
[2026-05-17T11:07:17.992+0000] {processor.py:183} INFO - Processing /opt/airflow/dags/playwright_shopee.py took 10.716 seconds
[2026-05-17T11:07:48.349+0000] {processor.py:161} INFO - Started process (PID=23446) to work on /opt/airflow/dags/playwright_shopee.py
[2026-05-17T11:07:48.350+0000] {processor.py:830} INFO - Processing file /opt/airflow/dags/playwright_shopee.py for tasks to queue
[2026-05-17T11:07:48.352+0000] {logging_mixin.py:188} INFO - [2026-05-17T11:07:48.352+0000] {dagbag.py:545} INFO - Filling up the DagBag from /opt/airflow/dags/playwright_shopee.py
[2026-05-17T11:07:49.002+0000] {logging_mixin.py:188} INFO - 🌐 Membuka Chromium...
[2026-05-17T11:07:49.205+0000] {logging_mixin.py:188} INFO - 🍪 Inject cookies Shopee...
[2026-05-17T11:07:49.210+0000] {logging_mixin.py:188} INFO - ✅ 16 cookies berhasil diload dari /opt/airflow/dags/shopee_cookies.json
[2026-05-17T11:07:49.311+0000] {logging_mixin.py:188} INFO - 🌍 Membuka Shopee search...
[2026-05-17T11:07:55.663+0000] {logging_mixin.py:188} INFO - 📄 URL   : https://shopee.co.id/search?keyword=msi%20gaming
[2026-05-17T11:07:56.033+0000] {logging_mixin.py:188} INFO - 📄 TITLE : 
[2026-05-17T11:07:57.628+0000] {logging_mixin.py:188} INFO - ❌ Kena traffic verify — cookies mungkin expired.
[2026-05-17T11:07:57.629+0000] {logging_mixin.py:188} INFO - ⚠️  Export ulang cookies dari Chrome dan update shopee_cookies.json
[2026-05-17T11:07:58.223+0000] {logging_mixin.py:188} INFO - [2026-05-17T11:07:58.221+0000] {dagbag.py:355} ERROR - Failed to import: /opt/airflow/dags/playwright_shopee.py
Traceback (most recent call last):
  File "/home/airflow/.local/lib/python3.8/site-packages/airflow/models/dagbag.py", line 351, in parse
    loader.exec_module(new_module)
  File "<frozen importlib._bootstrap_external>", line 843, in exec_module
  File "<frozen importlib._bootstrap>", line 219, in _call_with_frames_removed
  File "/opt/airflow/dags/playwright_shopee.py", line 218, in <module>
    raise RuntimeError(
RuntimeError: Shopee traffic verify detected. Update shopee_cookies.json dari Cookie-Editor.
[2026-05-17T11:07:58.224+0000] {processor.py:842} WARNING - No viable dags retrieved from /opt/airflow/dags/playwright_shopee.py
[2026-05-17T11:07:58.257+0000] {processor.py:183} INFO - Processing /opt/airflow/dags/playwright_shopee.py took 9.917 seconds
[2026-05-17T11:08:28.947+0000] {processor.py:161} INFO - Started process (PID=23564) to work on /opt/airflow/dags/playwright_shopee.py
[2026-05-17T11:08:28.948+0000] {processor.py:830} INFO - Processing file /opt/airflow/dags/playwright_shopee.py for tasks to queue
[2026-05-17T11:08:28.950+0000] {logging_mixin.py:188} INFO - [2026-05-17T11:08:28.950+0000] {dagbag.py:545} INFO - Filling up the DagBag from /opt/airflow/dags/playwright_shopee.py
[2026-05-17T11:08:29.528+0000] {logging_mixin.py:188} INFO - 🌐 Membuka Chromium...
[2026-05-17T11:08:29.750+0000] {logging_mixin.py:188} INFO - 🍪 Inject cookies Shopee...
[2026-05-17T11:08:29.755+0000] {logging_mixin.py:188} INFO - ✅ 16 cookies berhasil diload dari /opt/airflow/dags/shopee_cookies.json
[2026-05-17T11:08:29.868+0000] {logging_mixin.py:188} INFO - 🌍 Membuka Shopee search...
[2026-05-17T11:08:36.967+0000] {logging_mixin.py:188} INFO - 📄 URL   : https://shopee.co.id/search?keyword=msi%20gaming
[2026-05-17T11:08:37.359+0000] {logging_mixin.py:188} INFO - 📄 TITLE : Shopee Indonesia | Situs Belanja Online Terlengkap & Terpercaya
[2026-05-17T11:08:38.031+0000] {logging_mixin.py:188} INFO - ❌ Kena traffic verify — cookies mungkin expired.
[2026-05-17T11:08:38.032+0000] {logging_mixin.py:188} INFO - ⚠️  Export ulang cookies dari Chrome dan update shopee_cookies.json
[2026-05-17T11:08:38.711+0000] {logging_mixin.py:188} INFO - [2026-05-17T11:08:38.710+0000] {dagbag.py:355} ERROR - Failed to import: /opt/airflow/dags/playwright_shopee.py
Traceback (most recent call last):
  File "/home/airflow/.local/lib/python3.8/site-packages/airflow/models/dagbag.py", line 351, in parse
    loader.exec_module(new_module)
  File "<frozen importlib._bootstrap_external>", line 843, in exec_module
  File "<frozen importlib._bootstrap>", line 219, in _call_with_frames_removed
  File "/opt/airflow/dags/playwright_shopee.py", line 218, in <module>
    raise RuntimeError(
RuntimeError: Shopee traffic verify detected. Update shopee_cookies.json dari Cookie-Editor.
[2026-05-17T11:08:38.713+0000] {processor.py:842} WARNING - No viable dags retrieved from /opt/airflow/dags/playwright_shopee.py
[2026-05-17T11:08:38.739+0000] {processor.py:183} INFO - Processing /opt/airflow/dags/playwright_shopee.py took 9.800 seconds
[2026-05-17T11:09:09.048+0000] {processor.py:161} INFO - Started process (PID=23683) to work on /opt/airflow/dags/playwright_shopee.py
[2026-05-17T11:09:09.050+0000] {processor.py:830} INFO - Processing file /opt/airflow/dags/playwright_shopee.py for tasks to queue
[2026-05-17T11:09:09.051+0000] {logging_mixin.py:188} INFO - [2026-05-17T11:09:09.051+0000] {dagbag.py:545} INFO - Filling up the DagBag from /opt/airflow/dags/playwright_shopee.py
[2026-05-17T11:09:09.696+0000] {logging_mixin.py:188} INFO - 🌐 Membuka Chromium...
[2026-05-17T11:09:09.949+0000] {logging_mixin.py:188} INFO - 🍪 Inject cookies Shopee...
[2026-05-17T11:09:09.953+0000] {logging_mixin.py:188} INFO - ✅ 16 cookies berhasil diload dari /opt/airflow/dags/shopee_cookies.json
[2026-05-17T11:09:10.056+0000] {logging_mixin.py:188} INFO - 🌍 Membuka Shopee search...
[2026-05-17T11:09:17.957+0000] {logging_mixin.py:188} INFO - 📄 URL   : https://shopee.co.id/search?keyword=msi%20gaming
[2026-05-17T11:09:18.029+0000] {logging_mixin.py:188} INFO - 📄 TITLE : Shopee Indonesia | Situs Belanja Online Terlengkap & Terpercaya
[2026-05-17T11:09:18.327+0000] {logging_mixin.py:188} INFO - ❌ Kena traffic verify — cookies mungkin expired.
[2026-05-17T11:09:18.328+0000] {logging_mixin.py:188} INFO - ⚠️  Export ulang cookies dari Chrome dan update shopee_cookies.json
[2026-05-17T11:09:19.092+0000] {logging_mixin.py:188} INFO - [2026-05-17T11:09:19.085+0000] {dagbag.py:355} ERROR - Failed to import: /opt/airflow/dags/playwright_shopee.py
Traceback (most recent call last):
  File "/home/airflow/.local/lib/python3.8/site-packages/airflow/models/dagbag.py", line 351, in parse
    loader.exec_module(new_module)
  File "<frozen importlib._bootstrap_external>", line 843, in exec_module
  File "<frozen importlib._bootstrap>", line 219, in _call_with_frames_removed
  File "/opt/airflow/dags/playwright_shopee.py", line 218, in <module>
    raise RuntimeError(
RuntimeError: Shopee traffic verify detected. Update shopee_cookies.json dari Cookie-Editor.
[2026-05-17T11:09:19.096+0000] {processor.py:842} WARNING - No viable dags retrieved from /opt/airflow/dags/playwright_shopee.py
[2026-05-17T11:09:19.135+0000] {processor.py:183} INFO - Processing /opt/airflow/dags/playwright_shopee.py took 10.095 seconds
[2026-05-17T11:09:49.450+0000] {processor.py:161} INFO - Started process (PID=23806) to work on /opt/airflow/dags/playwright_shopee.py
[2026-05-17T11:09:49.452+0000] {processor.py:830} INFO - Processing file /opt/airflow/dags/playwright_shopee.py for tasks to queue
[2026-05-17T11:09:49.454+0000] {logging_mixin.py:188} INFO - [2026-05-17T11:09:49.453+0000] {dagbag.py:545} INFO - Filling up the DagBag from /opt/airflow/dags/playwright_shopee.py
[2026-05-17T11:09:50.022+0000] {logging_mixin.py:188} INFO - 🌐 Membuka Chromium...
[2026-05-17T11:09:50.337+0000] {logging_mixin.py:188} INFO - 🍪 Inject cookies Shopee...
[2026-05-17T11:09:50.340+0000] {logging_mixin.py:188} INFO - ✅ 16 cookies berhasil diload dari /opt/airflow/dags/shopee_cookies.json
[2026-05-17T11:09:50.448+0000] {logging_mixin.py:188} INFO - 🌍 Membuka Shopee search...
[2026-05-17T11:09:57.389+0000] {logging_mixin.py:188} INFO - 📄 URL   : https://shopee.co.id/search?keyword=msi%20gaming
[2026-05-17T11:09:57.909+0000] {logging_mixin.py:188} INFO - 📄 TITLE : Shopee Indonesia | Situs Belanja Online Terlengkap & Terpercaya
[2026-05-17T11:09:58.518+0000] {logging_mixin.py:188} INFO - ❌ Kena traffic verify — cookies mungkin expired.
[2026-05-17T11:09:58.519+0000] {logging_mixin.py:188} INFO - ⚠️  Export ulang cookies dari Chrome dan update shopee_cookies.json
[2026-05-17T11:09:59.207+0000] {logging_mixin.py:188} INFO - [2026-05-17T11:09:59.205+0000] {dagbag.py:355} ERROR - Failed to import: /opt/airflow/dags/playwright_shopee.py
Traceback (most recent call last):
  File "/home/airflow/.local/lib/python3.8/site-packages/airflow/models/dagbag.py", line 351, in parse
    loader.exec_module(new_module)
  File "<frozen importlib._bootstrap_external>", line 843, in exec_module
  File "<frozen importlib._bootstrap>", line 219, in _call_with_frames_removed
  File "/opt/airflow/dags/playwright_shopee.py", line 218, in <module>
    raise RuntimeError(
RuntimeError: Shopee traffic verify detected. Update shopee_cookies.json dari Cookie-Editor.
[2026-05-17T11:09:59.208+0000] {processor.py:842} WARNING - No viable dags retrieved from /opt/airflow/dags/playwright_shopee.py
[2026-05-17T11:09:59.230+0000] {processor.py:183} INFO - Processing /opt/airflow/dags/playwright_shopee.py took 9.787 seconds
[2026-05-17T11:10:29.419+0000] {processor.py:161} INFO - Started process (PID=23925) to work on /opt/airflow/dags/playwright_shopee.py
[2026-05-17T11:10:29.420+0000] {processor.py:830} INFO - Processing file /opt/airflow/dags/playwright_shopee.py for tasks to queue
[2026-05-17T11:10:29.423+0000] {logging_mixin.py:188} INFO - [2026-05-17T11:10:29.423+0000] {dagbag.py:545} INFO - Filling up the DagBag from /opt/airflow/dags/playwright_shopee.py
[2026-05-17T11:10:29.985+0000] {logging_mixin.py:188} INFO - 🌐 Membuka Chromium...
[2026-05-17T11:10:30.199+0000] {logging_mixin.py:188} INFO - 🍪 Inject cookies Shopee...
[2026-05-17T11:10:30.203+0000] {logging_mixin.py:188} INFO - ✅ 16 cookies berhasil diload dari /opt/airflow/dags/shopee_cookies.json
[2026-05-17T11:10:30.343+0000] {logging_mixin.py:188} INFO - 🌍 Membuka Shopee search...
[2026-05-17T11:10:37.856+0000] {logging_mixin.py:188} INFO - 📄 URL   : https://shopee.co.id/search?keyword=msi%20gaming
[2026-05-17T11:10:38.185+0000] {logging_mixin.py:188} INFO - 📄 TITLE : Shopee Indonesia | Situs Belanja Online Terlengkap & Terpercaya
[2026-05-17T11:10:38.737+0000] {logging_mixin.py:188} INFO - ❌ Kena traffic verify — cookies mungkin expired.
[2026-05-17T11:10:38.738+0000] {logging_mixin.py:188} INFO - ⚠️  Export ulang cookies dari Chrome dan update shopee_cookies.json
[2026-05-17T11:10:39.544+0000] {logging_mixin.py:188} INFO - [2026-05-17T11:10:39.542+0000] {dagbag.py:355} ERROR - Failed to import: /opt/airflow/dags/playwright_shopee.py
Traceback (most recent call last):
  File "/home/airflow/.local/lib/python3.8/site-packages/airflow/models/dagbag.py", line 351, in parse
    loader.exec_module(new_module)
  File "<frozen importlib._bootstrap_external>", line 843, in exec_module
  File "<frozen importlib._bootstrap>", line 219, in _call_with_frames_removed
  File "/opt/airflow/dags/playwright_shopee.py", line 218, in <module>
    raise RuntimeError(
RuntimeError: Shopee traffic verify detected. Update shopee_cookies.json dari Cookie-Editor.
[2026-05-17T11:10:39.545+0000] {processor.py:842} WARNING - No viable dags retrieved from /opt/airflow/dags/playwright_shopee.py
[2026-05-17T11:10:39.567+0000] {processor.py:183} INFO - Processing /opt/airflow/dags/playwright_shopee.py took 10.156 seconds
[2026-05-17T11:11:09.888+0000] {processor.py:161} INFO - Started process (PID=24045) to work on /opt/airflow/dags/playwright_shopee.py
[2026-05-17T11:11:09.889+0000] {processor.py:830} INFO - Processing file /opt/airflow/dags/playwright_shopee.py for tasks to queue
[2026-05-17T11:11:09.890+0000] {logging_mixin.py:188} INFO - [2026-05-17T11:11:09.890+0000] {dagbag.py:545} INFO - Filling up the DagBag from /opt/airflow/dags/playwright_shopee.py
[2026-05-17T11:11:10.439+0000] {logging_mixin.py:188} INFO - 🌐 Membuka Chromium...
[2026-05-17T11:11:10.656+0000] {logging_mixin.py:188} INFO - 🍪 Inject cookies Shopee...
[2026-05-17T11:11:10.660+0000] {logging_mixin.py:188} INFO - ✅ 16 cookies berhasil diload dari /opt/airflow/dags/shopee_cookies.json
[2026-05-17T11:11:10.761+0000] {logging_mixin.py:188} INFO - 🌍 Membuka Shopee search...
[2026-05-17T11:11:18.460+0000] {logging_mixin.py:188} INFO - 📄 URL   : https://shopee.co.id/search?keyword=msi%20gaming
[2026-05-17T11:11:19.117+0000] {logging_mixin.py:188} INFO - 📄 TITLE : Shopee Indonesia | Situs Belanja Online Terlengkap & Terpercaya
[2026-05-17T11:11:20.033+0000] {logging_mixin.py:188} INFO - ❌ Kena traffic verify — cookies mungkin expired.
[2026-05-17T11:11:20.033+0000] {logging_mixin.py:188} INFO - ⚠️  Export ulang cookies dari Chrome dan update shopee_cookies.json
[2026-05-17T11:11:20.570+0000] {logging_mixin.py:188} INFO - [2026-05-17T11:11:20.569+0000] {dagbag.py:355} ERROR - Failed to import: /opt/airflow/dags/playwright_shopee.py
Traceback (most recent call last):
  File "/home/airflow/.local/lib/python3.8/site-packages/airflow/models/dagbag.py", line 351, in parse
    loader.exec_module(new_module)
  File "<frozen importlib._bootstrap_external>", line 843, in exec_module
  File "<frozen importlib._bootstrap>", line 219, in _call_with_frames_removed
  File "/opt/airflow/dags/playwright_shopee.py", line 218, in <module>
    raise RuntimeError(
RuntimeError: Shopee traffic verify detected. Update shopee_cookies.json dari Cookie-Editor.
[2026-05-17T11:11:20.572+0000] {processor.py:842} WARNING - No viable dags retrieved from /opt/airflow/dags/playwright_shopee.py
[2026-05-17T11:11:20.593+0000] {processor.py:183} INFO - Processing /opt/airflow/dags/playwright_shopee.py took 10.714 seconds
[2026-05-17T11:11:51.194+0000] {processor.py:161} INFO - Started process (PID=24176) to work on /opt/airflow/dags/playwright_shopee.py
[2026-05-17T11:11:51.195+0000] {processor.py:830} INFO - Processing file /opt/airflow/dags/playwright_shopee.py for tasks to queue
[2026-05-17T11:11:51.197+0000] {logging_mixin.py:188} INFO - [2026-05-17T11:11:51.196+0000] {dagbag.py:545} INFO - Filling up the DagBag from /opt/airflow/dags/playwright_shopee.py
[2026-05-17T11:11:51.641+0000] {logging_mixin.py:188} INFO - 🌐 Membuka Chromium...
[2026-05-17T11:11:51.874+0000] {logging_mixin.py:188} INFO - 🍪 Inject cookies Shopee...
[2026-05-17T11:11:51.882+0000] {logging_mixin.py:188} INFO - ✅ 16 cookies berhasil diload dari /opt/airflow/dags/shopee_cookies.json
[2026-05-17T11:11:51.991+0000] {logging_mixin.py:188} INFO - 🌍 Membuka Shopee search...
[2026-05-17T11:11:58.064+0000] {logging_mixin.py:188} INFO - 📄 URL   : https://shopee.co.id/search?keyword=msi%20gaming
[2026-05-17T11:11:58.416+0000] {logging_mixin.py:188} INFO - 📄 TITLE : 
[2026-05-17T11:12:00.016+0000] {logging_mixin.py:188} INFO - ❌ Kena traffic verify — cookies mungkin expired.
[2026-05-17T11:12:00.019+0000] {logging_mixin.py:188} INFO - ⚠️  Export ulang cookies dari Chrome dan update shopee_cookies.json
[2026-05-17T11:12:00.701+0000] {logging_mixin.py:188} INFO - [2026-05-17T11:12:00.700+0000] {dagbag.py:355} ERROR - Failed to import: /opt/airflow/dags/playwright_shopee.py
Traceback (most recent call last):
  File "/home/airflow/.local/lib/python3.8/site-packages/airflow/models/dagbag.py", line 351, in parse
    loader.exec_module(new_module)
  File "<frozen importlib._bootstrap_external>", line 843, in exec_module
  File "<frozen importlib._bootstrap>", line 219, in _call_with_frames_removed
  File "/opt/airflow/dags/playwright_shopee.py", line 218, in <module>
    raise RuntimeError(
RuntimeError: Shopee traffic verify detected. Update shopee_cookies.json dari Cookie-Editor.
[2026-05-17T11:12:00.703+0000] {processor.py:842} WARNING - No viable dags retrieved from /opt/airflow/dags/playwright_shopee.py
[2026-05-17T11:12:00.727+0000] {processor.py:183} INFO - Processing /opt/airflow/dags/playwright_shopee.py took 9.539 seconds
[2026-05-17T11:12:31.535+0000] {processor.py:161} INFO - Started process (PID=24299) to work on /opt/airflow/dags/playwright_shopee.py
[2026-05-17T11:12:31.536+0000] {processor.py:830} INFO - Processing file /opt/airflow/dags/playwright_shopee.py for tasks to queue
[2026-05-17T11:12:31.538+0000] {logging_mixin.py:188} INFO - [2026-05-17T11:12:31.538+0000] {dagbag.py:545} INFO - Filling up the DagBag from /opt/airflow/dags/playwright_shopee.py
[2026-05-17T11:12:31.982+0000] {logging_mixin.py:188} INFO - 🌐 Membuka Chromium...
[2026-05-17T11:12:32.189+0000] {logging_mixin.py:188} INFO - 🍪 Inject cookies Shopee...
[2026-05-17T11:12:32.193+0000] {logging_mixin.py:188} INFO - ✅ 16 cookies berhasil diload dari /opt/airflow/dags/shopee_cookies.json
[2026-05-17T11:12:32.312+0000] {logging_mixin.py:188} INFO - 🌍 Membuka Shopee search...
[2026-05-17T11:12:39.770+0000] {logging_mixin.py:188} INFO - 📄 URL   : https://shopee.co.id/search?keyword=msi%20gaming
[2026-05-17T11:12:39.835+0000] {logging_mixin.py:188} INFO - 📄 TITLE : Shopee Indonesia | Situs Belanja Online Terlengkap & Terpercaya
[2026-05-17T11:12:40.285+0000] {logging_mixin.py:188} INFO - ❌ Kena traffic verify — cookies mungkin expired.
[2026-05-17T11:12:40.286+0000] {logging_mixin.py:188} INFO - ⚠️  Export ulang cookies dari Chrome dan update shopee_cookies.json
[2026-05-17T11:12:40.858+0000] {logging_mixin.py:188} INFO - [2026-05-17T11:12:40.854+0000] {dagbag.py:355} ERROR - Failed to import: /opt/airflow/dags/playwright_shopee.py
Traceback (most recent call last):
  File "/home/airflow/.local/lib/python3.8/site-packages/airflow/models/dagbag.py", line 351, in parse
    loader.exec_module(new_module)
  File "<frozen importlib._bootstrap_external>", line 843, in exec_module
  File "<frozen importlib._bootstrap>", line 219, in _call_with_frames_removed
  File "/opt/airflow/dags/playwright_shopee.py", line 218, in <module>
    raise RuntimeError(
RuntimeError: Shopee traffic verify detected. Update shopee_cookies.json dari Cookie-Editor.
[2026-05-17T11:12:40.863+0000] {processor.py:842} WARNING - No viable dags retrieved from /opt/airflow/dags/playwright_shopee.py
[2026-05-17T11:12:40.945+0000] {processor.py:183} INFO - Processing /opt/airflow/dags/playwright_shopee.py took 9.417 seconds
[2026-05-17T11:13:11.323+0000] {processor.py:161} INFO - Started process (PID=24419) to work on /opt/airflow/dags/playwright_shopee.py
[2026-05-17T11:13:11.324+0000] {processor.py:830} INFO - Processing file /opt/airflow/dags/playwright_shopee.py for tasks to queue
[2026-05-17T11:13:11.325+0000] {logging_mixin.py:188} INFO - [2026-05-17T11:13:11.325+0000] {dagbag.py:545} INFO - Filling up the DagBag from /opt/airflow/dags/playwright_shopee.py
[2026-05-17T11:13:11.798+0000] {logging_mixin.py:188} INFO - 🌐 Membuka Chromium...
[2026-05-17T11:13:11.990+0000] {logging_mixin.py:188} INFO - 🍪 Inject cookies Shopee...
[2026-05-17T11:13:11.994+0000] {logging_mixin.py:188} INFO - ✅ 16 cookies berhasil diload dari /opt/airflow/dags/shopee_cookies.json
[2026-05-17T11:13:12.098+0000] {logging_mixin.py:188} INFO - 🌍 Membuka Shopee search...
[2026-05-17T11:13:19.463+0000] {logging_mixin.py:188} INFO - 📄 URL   : https://shopee.co.id/search?keyword=msi%20gaming
[2026-05-17T11:13:19.653+0000] {logging_mixin.py:188} INFO - 📄 TITLE : Shopee Indonesia | Situs Belanja Online Terlengkap & Terpercaya
[2026-05-17T11:13:20.118+0000] {logging_mixin.py:188} INFO - ❌ Kena traffic verify — cookies mungkin expired.
[2026-05-17T11:13:20.119+0000] {logging_mixin.py:188} INFO - ⚠️  Export ulang cookies dari Chrome dan update shopee_cookies.json
[2026-05-17T11:13:20.684+0000] {logging_mixin.py:188} INFO - [2026-05-17T11:13:20.683+0000] {dagbag.py:355} ERROR - Failed to import: /opt/airflow/dags/playwright_shopee.py
Traceback (most recent call last):
  File "/home/airflow/.local/lib/python3.8/site-packages/airflow/models/dagbag.py", line 351, in parse
    loader.exec_module(new_module)
  File "<frozen importlib._bootstrap_external>", line 843, in exec_module
  File "<frozen importlib._bootstrap>", line 219, in _call_with_frames_removed
  File "/opt/airflow/dags/playwright_shopee.py", line 218, in <module>
    raise RuntimeError(
RuntimeError: Shopee traffic verify detected. Update shopee_cookies.json dari Cookie-Editor.
[2026-05-17T11:13:20.686+0000] {processor.py:842} WARNING - No viable dags retrieved from /opt/airflow/dags/playwright_shopee.py
[2026-05-17T11:13:20.713+0000] {processor.py:183} INFO - Processing /opt/airflow/dags/playwright_shopee.py took 9.399 seconds
[2026-05-17T11:13:50.993+0000] {processor.py:161} INFO - Started process (PID=24544) to work on /opt/airflow/dags/playwright_shopee.py
[2026-05-17T11:13:50.996+0000] {processor.py:830} INFO - Processing file /opt/airflow/dags/playwright_shopee.py for tasks to queue
[2026-05-17T11:13:50.997+0000] {logging_mixin.py:188} INFO - [2026-05-17T11:13:50.997+0000] {dagbag.py:545} INFO - Filling up the DagBag from /opt/airflow/dags/playwright_shopee.py
[2026-05-17T11:13:51.453+0000] {logging_mixin.py:188} INFO - 🌐 Membuka Chromium...
[2026-05-17T11:13:51.667+0000] {logging_mixin.py:188} INFO - 🍪 Inject cookies Shopee...
[2026-05-17T11:13:51.671+0000] {logging_mixin.py:188} INFO - ✅ 16 cookies berhasil diload dari /opt/airflow/dags/shopee_cookies.json
[2026-05-17T11:13:51.784+0000] {logging_mixin.py:188} INFO - 🌍 Membuka Shopee search...
[2026-05-17T11:13:59.628+0000] {logging_mixin.py:188} INFO - 📄 URL   : https://shopee.co.id/search?keyword=msi%20gaming
[2026-05-17T11:13:59.817+0000] {logging_mixin.py:188} INFO - 📄 TITLE : Shopee Indonesia | Situs Belanja Online Terlengkap & Terpercaya
[2026-05-17T11:14:00.252+0000] {logging_mixin.py:188} INFO - ❌ Kena traffic verify — cookies mungkin expired.
[2026-05-17T11:14:00.253+0000] {logging_mixin.py:188} INFO - ⚠️  Export ulang cookies dari Chrome dan update shopee_cookies.json
[2026-05-17T11:14:01.044+0000] {logging_mixin.py:188} INFO - [2026-05-17T11:14:01.041+0000] {dagbag.py:355} ERROR - Failed to import: /opt/airflow/dags/playwright_shopee.py
Traceback (most recent call last):
  File "/home/airflow/.local/lib/python3.8/site-packages/airflow/models/dagbag.py", line 351, in parse
    loader.exec_module(new_module)
  File "<frozen importlib._bootstrap_external>", line 843, in exec_module
  File "<frozen importlib._bootstrap>", line 219, in _call_with_frames_removed
  File "/opt/airflow/dags/playwright_shopee.py", line 218, in <module>
    raise RuntimeError(
RuntimeError: Shopee traffic verify detected. Update shopee_cookies.json dari Cookie-Editor.
[2026-05-17T11:14:01.045+0000] {processor.py:842} WARNING - No viable dags retrieved from /opt/airflow/dags/playwright_shopee.py
[2026-05-17T11:14:01.069+0000] {processor.py:183} INFO - Processing /opt/airflow/dags/playwright_shopee.py took 10.082 seconds
[2026-05-17T11:14:31.372+0000] {processor.py:161} INFO - Started process (PID=24664) to work on /opt/airflow/dags/playwright_shopee.py
[2026-05-17T11:14:31.373+0000] {processor.py:830} INFO - Processing file /opt/airflow/dags/playwright_shopee.py for tasks to queue
[2026-05-17T11:14:31.375+0000] {logging_mixin.py:188} INFO - [2026-05-17T11:14:31.375+0000] {dagbag.py:545} INFO - Filling up the DagBag from /opt/airflow/dags/playwright_shopee.py
[2026-05-17T11:14:31.815+0000] {logging_mixin.py:188} INFO - 🌐 Membuka Chromium...
[2026-05-17T11:14:32.060+0000] {logging_mixin.py:188} INFO - 🍪 Inject cookies Shopee...
[2026-05-17T11:14:32.065+0000] {logging_mixin.py:188} INFO - ✅ 16 cookies berhasil diload dari /opt/airflow/dags/shopee_cookies.json
[2026-05-17T11:14:32.173+0000] {logging_mixin.py:188} INFO - 🌍 Membuka Shopee search...
[2026-05-17T11:14:40.120+0000] {logging_mixin.py:188} INFO - 📄 URL   : https://shopee.co.id/search?keyword=msi%20gaming
[2026-05-17T11:14:40.618+0000] {logging_mixin.py:188} INFO - 📄 TITLE : Shopee Indonesia | Situs Belanja Online Terlengkap & Terpercaya
[2026-05-17T11:14:41.135+0000] {logging_mixin.py:188} INFO - ❌ Kena traffic verify — cookies mungkin expired.
[2026-05-17T11:14:41.136+0000] {logging_mixin.py:188} INFO - ⚠️  Export ulang cookies dari Chrome dan update shopee_cookies.json
[2026-05-17T11:14:41.648+0000] {logging_mixin.py:188} INFO - [2026-05-17T11:14:41.647+0000] {dagbag.py:355} ERROR - Failed to import: /opt/airflow/dags/playwright_shopee.py
Traceback (most recent call last):
  File "/home/airflow/.local/lib/python3.8/site-packages/airflow/models/dagbag.py", line 351, in parse
    loader.exec_module(new_module)
  File "<frozen importlib._bootstrap_external>", line 843, in exec_module
  File "<frozen importlib._bootstrap>", line 219, in _call_with_frames_removed
  File "/opt/airflow/dags/playwright_shopee.py", line 218, in <module>
    raise RuntimeError(
RuntimeError: Shopee traffic verify detected. Update shopee_cookies.json dari Cookie-Editor.
[2026-05-17T11:14:41.650+0000] {processor.py:842} WARNING - No viable dags retrieved from /opt/airflow/dags/playwright_shopee.py
[2026-05-17T11:14:41.674+0000] {processor.py:183} INFO - Processing /opt/airflow/dags/playwright_shopee.py took 10.309 seconds
[2026-05-17T11:15:11.975+0000] {processor.py:161} INFO - Started process (PID=24784) to work on /opt/airflow/dags/playwright_shopee.py
[2026-05-17T11:15:11.976+0000] {processor.py:830} INFO - Processing file /opt/airflow/dags/playwright_shopee.py for tasks to queue
[2026-05-17T11:15:11.978+0000] {logging_mixin.py:188} INFO - [2026-05-17T11:15:11.978+0000] {dagbag.py:545} INFO - Filling up the DagBag from /opt/airflow/dags/playwright_shopee.py
[2026-05-17T11:15:12.434+0000] {logging_mixin.py:188} INFO - 🌐 Membuka Chromium...
[2026-05-17T11:15:12.670+0000] {logging_mixin.py:188} INFO - 🍪 Inject cookies Shopee...
[2026-05-17T11:15:12.675+0000] {logging_mixin.py:188} INFO - ✅ 16 cookies berhasil diload dari /opt/airflow/dags/shopee_cookies.json
[2026-05-17T11:15:12.778+0000] {logging_mixin.py:188} INFO - 🌍 Membuka Shopee search...
[2026-05-17T11:15:20.986+0000] {logging_mixin.py:188} INFO - 📄 URL   : https://shopee.co.id/search?keyword=msi%20gaming
[2026-05-17T11:15:21.107+0000] {logging_mixin.py:188} INFO - 📄 TITLE : Shopee Indonesia | Situs Belanja Online Terlengkap & Terpercaya
[2026-05-17T11:15:21.544+0000] {logging_mixin.py:188} INFO - ❌ Kena traffic verify — cookies mungkin expired.
[2026-05-17T11:15:21.544+0000] {logging_mixin.py:188} INFO - ⚠️  Export ulang cookies dari Chrome dan update shopee_cookies.json
[2026-05-17T11:15:22.085+0000] {logging_mixin.py:188} INFO - [2026-05-17T11:15:22.082+0000] {dagbag.py:355} ERROR - Failed to import: /opt/airflow/dags/playwright_shopee.py
Traceback (most recent call last):
  File "/home/airflow/.local/lib/python3.8/site-packages/airflow/models/dagbag.py", line 351, in parse
    loader.exec_module(new_module)
  File "<frozen importlib._bootstrap_external>", line 843, in exec_module
  File "<frozen importlib._bootstrap>", line 219, in _call_with_frames_removed
  File "/opt/airflow/dags/playwright_shopee.py", line 218, in <module>
    raise RuntimeError(
RuntimeError: Shopee traffic verify detected. Update shopee_cookies.json dari Cookie-Editor.
[2026-05-17T11:15:22.089+0000] {processor.py:842} WARNING - No viable dags retrieved from /opt/airflow/dags/playwright_shopee.py
[2026-05-17T11:15:22.123+0000] {processor.py:183} INFO - Processing /opt/airflow/dags/playwright_shopee.py took 10.159 seconds
[2026-05-17T11:15:52.712+0000] {processor.py:161} INFO - Started process (PID=24909) to work on /opt/airflow/dags/playwright_shopee.py
[2026-05-17T11:15:52.713+0000] {processor.py:830} INFO - Processing file /opt/airflow/dags/playwright_shopee.py for tasks to queue
[2026-05-17T11:15:52.715+0000] {logging_mixin.py:188} INFO - [2026-05-17T11:15:52.714+0000] {dagbag.py:545} INFO - Filling up the DagBag from /opt/airflow/dags/playwright_shopee.py
[2026-05-17T11:15:53.141+0000] {logging_mixin.py:188} INFO - 🌐 Membuka Chromium...
[2026-05-17T11:15:53.368+0000] {logging_mixin.py:188} INFO - 🍪 Inject cookies Shopee...
[2026-05-17T11:15:53.371+0000] {logging_mixin.py:188} INFO - ✅ 16 cookies berhasil diload dari /opt/airflow/dags/shopee_cookies.json
[2026-05-17T11:15:53.542+0000] {logging_mixin.py:188} INFO - 🌍 Membuka Shopee search...
[2026-05-17T11:16:01.195+0000] {logging_mixin.py:188} INFO - 📄 URL   : https://shopee.co.id/search?keyword=msi%20gaming
[2026-05-17T11:16:01.385+0000] {logging_mixin.py:188} INFO - 📄 TITLE : Shopee Indonesia | Situs Belanja Online Terlengkap & Terpercaya
[2026-05-17T11:16:01.962+0000] {logging_mixin.py:188} INFO - ❌ Kena traffic verify — cookies mungkin expired.
[2026-05-17T11:16:01.964+0000] {logging_mixin.py:188} INFO - ⚠️  Export ulang cookies dari Chrome dan update shopee_cookies.json
[2026-05-17T11:16:03.103+0000] {logging_mixin.py:188} INFO - [2026-05-17T11:16:03.099+0000] {dagbag.py:355} ERROR - Failed to import: /opt/airflow/dags/playwright_shopee.py
Traceback (most recent call last):
  File "/home/airflow/.local/lib/python3.8/site-packages/airflow/models/dagbag.py", line 351, in parse
    loader.exec_module(new_module)
  File "<frozen importlib._bootstrap_external>", line 843, in exec_module
  File "<frozen importlib._bootstrap>", line 219, in _call_with_frames_removed
  File "/opt/airflow/dags/playwright_shopee.py", line 218, in <module>
    raise RuntimeError(
RuntimeError: Shopee traffic verify detected. Update shopee_cookies.json dari Cookie-Editor.
[2026-05-17T11:16:03.107+0000] {processor.py:842} WARNING - No viable dags retrieved from /opt/airflow/dags/playwright_shopee.py
[2026-05-17T11:16:03.145+0000] {processor.py:183} INFO - Processing /opt/airflow/dags/playwright_shopee.py took 10.440 seconds
[2026-05-17T11:16:33.496+0000] {processor.py:161} INFO - Started process (PID=25032) to work on /opt/airflow/dags/playwright_shopee.py
[2026-05-17T11:16:33.497+0000] {processor.py:830} INFO - Processing file /opt/airflow/dags/playwright_shopee.py for tasks to queue
[2026-05-17T11:16:33.499+0000] {logging_mixin.py:188} INFO - [2026-05-17T11:16:33.499+0000] {dagbag.py:545} INFO - Filling up the DagBag from /opt/airflow/dags/playwright_shopee.py
[2026-05-17T11:16:33.964+0000] {logging_mixin.py:188} INFO - 🌐 Membuka Chromium...
[2026-05-17T11:16:34.172+0000] {logging_mixin.py:188} INFO - 🍪 Inject cookies Shopee...
[2026-05-17T11:16:34.175+0000] {logging_mixin.py:188} INFO - ✅ 16 cookies berhasil diload dari /opt/airflow/dags/shopee_cookies.json
[2026-05-17T11:16:34.290+0000] {logging_mixin.py:188} INFO - 🌍 Membuka Shopee search...
[2026-05-17T11:16:41.834+0000] {logging_mixin.py:188} INFO - 📄 URL   : https://shopee.co.id/search?keyword=msi%20gaming
[2026-05-17T11:16:42.008+0000] {logging_mixin.py:188} INFO - 📄 TITLE : Shopee Indonesia | Situs Belanja Online Terlengkap & Terpercaya
[2026-05-17T11:16:42.683+0000] {logging_mixin.py:188} INFO - ❌ Kena traffic verify — cookies mungkin expired.
[2026-05-17T11:16:42.684+0000] {logging_mixin.py:188} INFO - ⚠️  Export ulang cookies dari Chrome dan update shopee_cookies.json
[2026-05-17T11:16:43.261+0000] {logging_mixin.py:188} INFO - [2026-05-17T11:16:43.255+0000] {dagbag.py:355} ERROR - Failed to import: /opt/airflow/dags/playwright_shopee.py
Traceback (most recent call last):
  File "/home/airflow/.local/lib/python3.8/site-packages/airflow/models/dagbag.py", line 351, in parse
    loader.exec_module(new_module)
  File "<frozen importlib._bootstrap_external>", line 843, in exec_module
  File "<frozen importlib._bootstrap>", line 219, in _call_with_frames_removed
  File "/opt/airflow/dags/playwright_shopee.py", line 218, in <module>
    raise RuntimeError(
RuntimeError: Shopee traffic verify detected. Update shopee_cookies.json dari Cookie-Editor.
[2026-05-17T11:16:43.267+0000] {processor.py:842} WARNING - No viable dags retrieved from /opt/airflow/dags/playwright_shopee.py
[2026-05-17T11:16:43.333+0000] {processor.py:183} INFO - Processing /opt/airflow/dags/playwright_shopee.py took 9.843 seconds
[2026-05-17T11:17:13.932+0000] {processor.py:161} INFO - Started process (PID=25151) to work on /opt/airflow/dags/playwright_shopee.py
[2026-05-17T11:17:13.933+0000] {processor.py:830} INFO - Processing file /opt/airflow/dags/playwright_shopee.py for tasks to queue
[2026-05-17T11:17:13.935+0000] {logging_mixin.py:188} INFO - [2026-05-17T11:17:13.935+0000] {dagbag.py:545} INFO - Filling up the DagBag from /opt/airflow/dags/playwright_shopee.py
[2026-05-17T11:17:14.387+0000] {logging_mixin.py:188} INFO - 🌐 Membuka Chromium...
[2026-05-17T11:17:14.627+0000] {logging_mixin.py:188} INFO - 🍪 Inject cookies Shopee...
[2026-05-17T11:17:14.631+0000] {logging_mixin.py:188} INFO - ✅ 16 cookies berhasil diload dari /opt/airflow/dags/shopee_cookies.json
[2026-05-17T11:17:14.738+0000] {logging_mixin.py:188} INFO - 🌍 Membuka Shopee search...
[2026-05-17T11:17:22.727+0000] {logging_mixin.py:188} INFO - 📄 URL   : https://shopee.co.id/search?keyword=msi%20gaming
[2026-05-17T11:17:23.010+0000] {logging_mixin.py:188} INFO - 📄 TITLE : Shopee Indonesia | Situs Belanja Online Terlengkap & Terpercaya
[2026-05-17T11:17:23.640+0000] {logging_mixin.py:188} INFO - ❌ Kena traffic verify — cookies mungkin expired.
[2026-05-17T11:17:23.641+0000] {logging_mixin.py:188} INFO - ⚠️  Export ulang cookies dari Chrome dan update shopee_cookies.json
[2026-05-17T11:17:24.326+0000] {logging_mixin.py:188} INFO - [2026-05-17T11:17:24.324+0000] {dagbag.py:355} ERROR - Failed to import: /opt/airflow/dags/playwright_shopee.py
Traceback (most recent call last):
  File "/home/airflow/.local/lib/python3.8/site-packages/airflow/models/dagbag.py", line 351, in parse
    loader.exec_module(new_module)
  File "<frozen importlib._bootstrap_external>", line 843, in exec_module
  File "<frozen importlib._bootstrap>", line 219, in _call_with_frames_removed
  File "/opt/airflow/dags/playwright_shopee.py", line 218, in <module>
    raise RuntimeError(
RuntimeError: Shopee traffic verify detected. Update shopee_cookies.json dari Cookie-Editor.
[2026-05-17T11:17:24.328+0000] {processor.py:842} WARNING - No viable dags retrieved from /opt/airflow/dags/playwright_shopee.py
[2026-05-17T11:17:24.353+0000] {processor.py:183} INFO - Processing /opt/airflow/dags/playwright_shopee.py took 10.431 seconds
[2026-05-17T11:17:54.602+0000] {processor.py:161} INFO - Started process (PID=25280) to work on /opt/airflow/dags/playwright_shopee.py
[2026-05-17T11:17:54.603+0000] {processor.py:830} INFO - Processing file /opt/airflow/dags/playwright_shopee.py for tasks to queue
[2026-05-17T11:17:54.605+0000] {logging_mixin.py:188} INFO - [2026-05-17T11:17:54.605+0000] {dagbag.py:545} INFO - Filling up the DagBag from /opt/airflow/dags/playwright_shopee.py
[2026-05-17T11:17:55.112+0000] {logging_mixin.py:188} INFO - 🌐 Membuka Chromium...
[2026-05-17T11:17:55.327+0000] {logging_mixin.py:188} INFO - 🍪 Inject cookies Shopee...
[2026-05-17T11:17:55.331+0000] {logging_mixin.py:188} INFO - ✅ 16 cookies berhasil diload dari /opt/airflow/dags/shopee_cookies.json
[2026-05-17T11:17:55.443+0000] {logging_mixin.py:188} INFO - 🌍 Membuka Shopee search...
[2026-05-17T11:18:01.838+0000] {logging_mixin.py:188} INFO - 📄 URL   : https://shopee.co.id/search?keyword=msi%20gaming
[2026-05-17T11:18:02.363+0000] {logging_mixin.py:188} INFO - [2026-05-17T11:18:02.362+0000] {dagbag.py:355} ERROR - Failed to import: /opt/airflow/dags/playwright_shopee.py
Traceback (most recent call last):
  File "/home/airflow/.local/lib/python3.8/site-packages/airflow/models/dagbag.py", line 351, in parse
    loader.exec_module(new_module)
  File "<frozen importlib._bootstrap_external>", line 843, in exec_module
  File "<frozen importlib._bootstrap>", line 219, in _call_with_frames_removed
  File "/opt/airflow/dags/playwright_shopee.py", line 208, in <module>
    print("📄 TITLE :", page.title())
  File "/home/airflow/.local/lib/python3.8/site-packages/playwright/sync_api/_generated.py", line 9407, in title
    return mapping.from_maybe_impl(self._sync(self._impl_obj.title()))
  File "/home/airflow/.local/lib/python3.8/site-packages/playwright/_impl/_sync_base.py", line 115, in _sync
    return task.result()
  File "/home/airflow/.local/lib/python3.8/site-packages/playwright/_impl/_page.py", line 742, in title
    return await self._main_frame.title()
  File "/home/airflow/.local/lib/python3.8/site-packages/playwright/_impl/_frame.py", line 776, in title
    return await self._channel.send("title")
  File "/home/airflow/.local/lib/python3.8/site-packages/playwright/_impl/_connection.py", line 59, in send
    return await self._connection.wrap_api_call(
  File "/home/airflow/.local/lib/python3.8/site-packages/playwright/_impl/_connection.py", line 514, in wrap_api_call
    raise rewrite_error(error, f"{parsed_st['apiName']}: {error}") from None
playwright._impl._errors.Error: Page.title: Execution context was destroyed, most likely because of a navigation
[2026-05-17T11:18:02.364+0000] {processor.py:842} WARNING - No viable dags retrieved from /opt/airflow/dags/playwright_shopee.py
[2026-05-17T11:18:02.387+0000] {processor.py:183} INFO - Processing /opt/airflow/dags/playwright_shopee.py took 7.792 seconds
[2026-05-17T11:18:33.124+0000] {processor.py:161} INFO - Started process (PID=25395) to work on /opt/airflow/dags/playwright_shopee.py
[2026-05-17T11:18:33.126+0000] {processor.py:830} INFO - Processing file /opt/airflow/dags/playwright_shopee.py for tasks to queue
[2026-05-17T11:18:33.127+0000] {logging_mixin.py:188} INFO - [2026-05-17T11:18:33.127+0000] {dagbag.py:545} INFO - Filling up the DagBag from /opt/airflow/dags/playwright_shopee.py
[2026-05-17T11:18:33.640+0000] {logging_mixin.py:188} INFO - 🌐 Membuka Chromium...
[2026-05-17T11:18:33.884+0000] {logging_mixin.py:188} INFO - 🍪 Inject cookies Shopee...
[2026-05-17T11:18:33.887+0000] {logging_mixin.py:188} INFO - ✅ 16 cookies berhasil diload dari /opt/airflow/dags/shopee_cookies.json
[2026-05-17T11:18:34.015+0000] {logging_mixin.py:188} INFO - 🌍 Membuka Shopee search...
[2026-05-17T11:18:41.786+0000] {logging_mixin.py:188} INFO - 📄 URL   : https://shopee.co.id/search?keyword=msi%20gaming
[2026-05-17T11:18:42.002+0000] {logging_mixin.py:188} INFO - 📄 TITLE : Shopee Indonesia | Situs Belanja Online Terlengkap & Terpercaya
[2026-05-17T11:18:42.451+0000] {logging_mixin.py:188} INFO - ❌ Kena traffic verify — cookies mungkin expired.
[2026-05-17T11:18:42.452+0000] {logging_mixin.py:188} INFO - ⚠️  Export ulang cookies dari Chrome dan update shopee_cookies.json
[2026-05-17T11:18:42.855+0000] {logging_mixin.py:188} INFO - [2026-05-17T11:18:42.853+0000] {dagbag.py:355} ERROR - Failed to import: /opt/airflow/dags/playwright_shopee.py
Traceback (most recent call last):
  File "/home/airflow/.local/lib/python3.8/site-packages/airflow/models/dagbag.py", line 351, in parse
    loader.exec_module(new_module)
  File "<frozen importlib._bootstrap_external>", line 843, in exec_module
  File "<frozen importlib._bootstrap>", line 219, in _call_with_frames_removed
  File "/opt/airflow/dags/playwright_shopee.py", line 218, in <module>
    raise RuntimeError(
RuntimeError: Shopee traffic verify detected. Update shopee_cookies.json dari Cookie-Editor.
[2026-05-17T11:18:42.856+0000] {processor.py:842} WARNING - No viable dags retrieved from /opt/airflow/dags/playwright_shopee.py
[2026-05-17T11:18:42.880+0000] {processor.py:183} INFO - Processing /opt/airflow/dags/playwright_shopee.py took 9.763 seconds
[2026-05-17T11:19:13.646+0000] {processor.py:161} INFO - Started process (PID=25515) to work on /opt/airflow/dags/playwright_shopee.py
[2026-05-17T11:19:13.647+0000] {processor.py:830} INFO - Processing file /opt/airflow/dags/playwright_shopee.py for tasks to queue
[2026-05-17T11:19:13.649+0000] {logging_mixin.py:188} INFO - [2026-05-17T11:19:13.649+0000] {dagbag.py:545} INFO - Filling up the DagBag from /opt/airflow/dags/playwright_shopee.py
[2026-05-17T11:19:14.130+0000] {logging_mixin.py:188} INFO - 🌐 Membuka Chromium...
[2026-05-17T11:19:14.351+0000] {logging_mixin.py:188} INFO - 🍪 Inject cookies Shopee...
[2026-05-17T11:19:14.355+0000] {logging_mixin.py:188} INFO - ✅ 16 cookies berhasil diload dari /opt/airflow/dags/shopee_cookies.json
[2026-05-17T11:19:14.471+0000] {logging_mixin.py:188} INFO - 🌍 Membuka Shopee search...
[2026-05-17T11:19:21.002+0000] {logging_mixin.py:188} INFO - 📄 URL   : https://shopee.co.id/search?keyword=msi%20gaming
[2026-05-17T11:19:21.854+0000] {logging_mixin.py:188} INFO - 📄 TITLE : Shopee Indonesia | Situs Belanja Online Terlengkap & Terpercaya
[2026-05-17T11:19:22.594+0000] {logging_mixin.py:188} INFO - ❌ Kena traffic verify — cookies mungkin expired.
[2026-05-17T11:19:22.595+0000] {logging_mixin.py:188} INFO - ⚠️  Export ulang cookies dari Chrome dan update shopee_cookies.json
[2026-05-17T11:19:23.292+0000] {logging_mixin.py:188} INFO - [2026-05-17T11:19:23.290+0000] {dagbag.py:355} ERROR - Failed to import: /opt/airflow/dags/playwright_shopee.py
Traceback (most recent call last):
  File "/home/airflow/.local/lib/python3.8/site-packages/airflow/models/dagbag.py", line 351, in parse
    loader.exec_module(new_module)
  File "<frozen importlib._bootstrap_external>", line 843, in exec_module
  File "<frozen importlib._bootstrap>", line 219, in _call_with_frames_removed
  File "/opt/airflow/dags/playwright_shopee.py", line 218, in <module>
    raise RuntimeError(
RuntimeError: Shopee traffic verify detected. Update shopee_cookies.json dari Cookie-Editor.
[2026-05-17T11:19:23.293+0000] {processor.py:842} WARNING - No viable dags retrieved from /opt/airflow/dags/playwright_shopee.py
[2026-05-17T11:19:23.320+0000] {processor.py:183} INFO - Processing /opt/airflow/dags/playwright_shopee.py took 9.685 seconds
[2026-05-17T11:19:53.628+0000] {processor.py:161} INFO - Started process (PID=25640) to work on /opt/airflow/dags/playwright_shopee.py
[2026-05-17T11:19:53.629+0000] {processor.py:830} INFO - Processing file /opt/airflow/dags/playwright_shopee.py for tasks to queue
[2026-05-17T11:19:53.631+0000] {logging_mixin.py:188} INFO - [2026-05-17T11:19:53.631+0000] {dagbag.py:545} INFO - Filling up the DagBag from /opt/airflow/dags/playwright_shopee.py
[2026-05-17T11:19:54.125+0000] {logging_mixin.py:188} INFO - 🌐 Membuka Chromium...
[2026-05-17T11:19:54.418+0000] {logging_mixin.py:188} INFO - 🍪 Inject cookies Shopee...
[2026-05-17T11:19:54.421+0000] {logging_mixin.py:188} INFO - ✅ 16 cookies berhasil diload dari /opt/airflow/dags/shopee_cookies.json
[2026-05-17T11:19:54.532+0000] {logging_mixin.py:188} INFO - 🌍 Membuka Shopee search...
[2026-05-17T11:20:00.134+0000] {logging_mixin.py:188} INFO - 📄 URL   : https://shopee.co.id/search?keyword=msi%20gaming
[2026-05-17T11:20:00.694+0000] {logging_mixin.py:188} INFO - 📄 TITLE : 
[2026-05-17T11:20:02.347+0000] {logging_mixin.py:188} INFO - ❌ Kena traffic verify — cookies mungkin expired.
[2026-05-17T11:20:02.348+0000] {logging_mixin.py:188} INFO - ⚠️  Export ulang cookies dari Chrome dan update shopee_cookies.json
[2026-05-17T11:20:03.069+0000] {logging_mixin.py:188} INFO - [2026-05-17T11:20:03.068+0000] {dagbag.py:355} ERROR - Failed to import: /opt/airflow/dags/playwright_shopee.py
Traceback (most recent call last):
  File "/home/airflow/.local/lib/python3.8/site-packages/airflow/models/dagbag.py", line 351, in parse
    loader.exec_module(new_module)
  File "<frozen importlib._bootstrap_external>", line 843, in exec_module
  File "<frozen importlib._bootstrap>", line 219, in _call_with_frames_removed
  File "/opt/airflow/dags/playwright_shopee.py", line 218, in <module>
    raise RuntimeError(
RuntimeError: Shopee traffic verify detected. Update shopee_cookies.json dari Cookie-Editor.
[2026-05-17T11:20:03.071+0000] {processor.py:842} WARNING - No viable dags retrieved from /opt/airflow/dags/playwright_shopee.py
[2026-05-17T11:20:03.110+0000] {processor.py:183} INFO - Processing /opt/airflow/dags/playwright_shopee.py took 9.490 seconds
[2026-05-17T11:20:33.412+0000] {processor.py:161} INFO - Started process (PID=25766) to work on /opt/airflow/dags/playwright_shopee.py
[2026-05-17T11:20:33.413+0000] {processor.py:830} INFO - Processing file /opt/airflow/dags/playwright_shopee.py for tasks to queue
[2026-05-17T11:20:33.415+0000] {logging_mixin.py:188} INFO - [2026-05-17T11:20:33.415+0000] {dagbag.py:545} INFO - Filling up the DagBag from /opt/airflow/dags/playwright_shopee.py
[2026-05-17T11:20:33.839+0000] {logging_mixin.py:188} INFO - 🌐 Membuka Chromium...
[2026-05-17T11:20:34.062+0000] {logging_mixin.py:188} INFO - 🍪 Inject cookies Shopee...
[2026-05-17T11:20:34.067+0000] {logging_mixin.py:188} INFO - ✅ 16 cookies berhasil diload dari /opt/airflow/dags/shopee_cookies.json
[2026-05-17T11:20:34.184+0000] {logging_mixin.py:188} INFO - 🌍 Membuka Shopee search...
[2026-05-17T11:20:43.479+0000] {logging_mixin.py:188} INFO - 📄 URL   : https://shopee.co.id/search?keyword=msi%20gaming
[2026-05-17T11:20:43.617+0000] {logging_mixin.py:188} INFO - 📄 TITLE : Shopee Indonesia | Situs Belanja Online Terlengkap & Terpercaya
[2026-05-17T11:20:43.979+0000] {logging_mixin.py:188} INFO - ❌ Kena traffic verify — cookies mungkin expired.
[2026-05-17T11:20:43.980+0000] {logging_mixin.py:188} INFO - ⚠️  Export ulang cookies dari Chrome dan update shopee_cookies.json
[2026-05-17T11:20:44.750+0000] {logging_mixin.py:188} INFO - [2026-05-17T11:20:44.748+0000] {dagbag.py:355} ERROR - Failed to import: /opt/airflow/dags/playwright_shopee.py
Traceback (most recent call last):
  File "/home/airflow/.local/lib/python3.8/site-packages/airflow/models/dagbag.py", line 351, in parse
    loader.exec_module(new_module)
  File "<frozen importlib._bootstrap_external>", line 843, in exec_module
  File "<frozen importlib._bootstrap>", line 219, in _call_with_frames_removed
  File "/opt/airflow/dags/playwright_shopee.py", line 218, in <module>
    raise RuntimeError(
RuntimeError: Shopee traffic verify detected. Update shopee_cookies.json dari Cookie-Editor.
[2026-05-17T11:20:44.751+0000] {processor.py:842} WARNING - No viable dags retrieved from /opt/airflow/dags/playwright_shopee.py
[2026-05-17T11:20:44.780+0000] {processor.py:183} INFO - Processing /opt/airflow/dags/playwright_shopee.py took 11.373 seconds
[2026-05-17T11:21:14.842+0000] {processor.py:161} INFO - Started process (PID=25883) to work on /opt/airflow/dags/playwright_shopee.py
[2026-05-17T11:21:14.844+0000] {processor.py:830} INFO - Processing file /opt/airflow/dags/playwright_shopee.py for tasks to queue
[2026-05-17T11:21:14.845+0000] {logging_mixin.py:188} INFO - [2026-05-17T11:21:14.845+0000] {dagbag.py:545} INFO - Filling up the DagBag from /opt/airflow/dags/playwright_shopee.py
[2026-05-17T11:21:15.297+0000] {logging_mixin.py:188} INFO - 🌐 Membuka Chromium...
[2026-05-17T11:21:15.508+0000] {logging_mixin.py:188} INFO - 🍪 Inject cookies Shopee...
[2026-05-17T11:21:15.511+0000] {logging_mixin.py:188} INFO - ✅ 16 cookies berhasil diload dari /opt/airflow/dags/shopee_cookies.json
[2026-05-17T11:21:15.619+0000] {logging_mixin.py:188} INFO - 🌍 Membuka Shopee search...
[2026-05-17T11:21:21.256+0000] {logging_mixin.py:188} INFO - 📄 URL   : https://shopee.co.id/search?keyword=msi%20gaming
[2026-05-17T11:21:21.661+0000] {logging_mixin.py:188} INFO - [2026-05-17T11:21:21.654+0000] {dagbag.py:355} ERROR - Failed to import: /opt/airflow/dags/playwright_shopee.py
Traceback (most recent call last):
  File "/home/airflow/.local/lib/python3.8/site-packages/airflow/models/dagbag.py", line 351, in parse
    loader.exec_module(new_module)
  File "<frozen importlib._bootstrap_external>", line 843, in exec_module
  File "<frozen importlib._bootstrap>", line 219, in _call_with_frames_removed
  File "/opt/airflow/dags/playwright_shopee.py", line 208, in <module>
    print("📄 TITLE :", page.title())
  File "/home/airflow/.local/lib/python3.8/site-packages/playwright/sync_api/_generated.py", line 9407, in title
    return mapping.from_maybe_impl(self._sync(self._impl_obj.title()))
  File "/home/airflow/.local/lib/python3.8/site-packages/playwright/_impl/_sync_base.py", line 115, in _sync
    return task.result()
  File "/home/airflow/.local/lib/python3.8/site-packages/playwright/_impl/_page.py", line 742, in title
    return await self._main_frame.title()
  File "/home/airflow/.local/lib/python3.8/site-packages/playwright/_impl/_frame.py", line 776, in title
    return await self._channel.send("title")
  File "/home/airflow/.local/lib/python3.8/site-packages/playwright/_impl/_connection.py", line 59, in send
    return await self._connection.wrap_api_call(
  File "/home/airflow/.local/lib/python3.8/site-packages/playwright/_impl/_connection.py", line 514, in wrap_api_call
    raise rewrite_error(error, f"{parsed_st['apiName']}: {error}") from None
playwright._impl._errors.Error: Page.title: Execution context was destroyed, most likely because of a navigation
[2026-05-17T11:21:21.664+0000] {processor.py:842} WARNING - No viable dags retrieved from /opt/airflow/dags/playwright_shopee.py
[2026-05-17T11:21:21.761+0000] {processor.py:183} INFO - Processing /opt/airflow/dags/playwright_shopee.py took 6.927 seconds
[2026-05-17T11:21:52.349+0000] {processor.py:161} INFO - Started process (PID=25997) to work on /opt/airflow/dags/playwright_shopee.py
[2026-05-17T11:21:52.350+0000] {processor.py:830} INFO - Processing file /opt/airflow/dags/playwright_shopee.py for tasks to queue
[2026-05-17T11:21:52.352+0000] {logging_mixin.py:188} INFO - [2026-05-17T11:21:52.352+0000] {dagbag.py:545} INFO - Filling up the DagBag from /opt/airflow/dags/playwright_shopee.py
[2026-05-17T11:21:52.791+0000] {logging_mixin.py:188} INFO - 🌐 Membuka Chromium...
[2026-05-17T11:21:53.001+0000] {logging_mixin.py:188} INFO - 🍪 Inject cookies Shopee...
[2026-05-17T11:21:53.004+0000] {logging_mixin.py:188} INFO - ✅ 16 cookies berhasil diload dari /opt/airflow/dags/shopee_cookies.json
[2026-05-17T11:21:53.117+0000] {logging_mixin.py:188} INFO - 🌍 Membuka Shopee search...
[2026-05-17T11:21:59.201+0000] {logging_mixin.py:188} INFO - 📄 URL   : https://shopee.co.id/search?keyword=msi%20gaming
[2026-05-17T11:21:59.830+0000] {logging_mixin.py:188} INFO - 📄 TITLE : 
[2026-05-17T11:22:01.358+0000] {logging_mixin.py:188} INFO - ❌ Kena traffic verify — cookies mungkin expired.
[2026-05-17T11:22:01.359+0000] {logging_mixin.py:188} INFO - ⚠️  Export ulang cookies dari Chrome dan update shopee_cookies.json
[2026-05-17T11:22:02.076+0000] {logging_mixin.py:188} INFO - [2026-05-17T11:22:02.068+0000] {dagbag.py:355} ERROR - Failed to import: /opt/airflow/dags/playwright_shopee.py
Traceback (most recent call last):
  File "/home/airflow/.local/lib/python3.8/site-packages/airflow/models/dagbag.py", line 351, in parse
    loader.exec_module(new_module)
  File "<frozen importlib._bootstrap_external>", line 843, in exec_module
  File "<frozen importlib._bootstrap>", line 219, in _call_with_frames_removed
  File "/opt/airflow/dags/playwright_shopee.py", line 218, in <module>
    raise RuntimeError(
RuntimeError: Shopee traffic verify detected. Update shopee_cookies.json dari Cookie-Editor.
[2026-05-17T11:22:02.084+0000] {processor.py:842} WARNING - No viable dags retrieved from /opt/airflow/dags/playwright_shopee.py
[2026-05-17T11:22:02.125+0000] {processor.py:183} INFO - Processing /opt/airflow/dags/playwright_shopee.py took 9.782 seconds
[2026-05-17T11:22:32.214+0000] {processor.py:161} INFO - Started process (PID=26123) to work on /opt/airflow/dags/playwright_shopee.py
[2026-05-17T11:22:32.216+0000] {processor.py:830} INFO - Processing file /opt/airflow/dags/playwright_shopee.py for tasks to queue
[2026-05-17T11:22:32.218+0000] {logging_mixin.py:188} INFO - [2026-05-17T11:22:32.218+0000] {dagbag.py:545} INFO - Filling up the DagBag from /opt/airflow/dags/playwright_shopee.py
[2026-05-17T11:22:32.673+0000] {logging_mixin.py:188} INFO - 🌐 Membuka Chromium...
[2026-05-17T11:22:32.925+0000] {logging_mixin.py:188} INFO - 🍪 Inject cookies Shopee...
[2026-05-17T11:22:32.929+0000] {logging_mixin.py:188} INFO - ✅ 16 cookies berhasil diload dari /opt/airflow/dags/shopee_cookies.json
[2026-05-17T11:22:33.028+0000] {logging_mixin.py:188} INFO - 🌍 Membuka Shopee search...
[2026-05-17T11:22:41.482+0000] {logging_mixin.py:188} INFO - 📄 URL   : https://shopee.co.id/search?keyword=msi%20gaming
[2026-05-17T11:22:41.552+0000] {logging_mixin.py:188} INFO - 📄 TITLE : Shopee Indonesia | Situs Belanja Online Terlengkap & Terpercaya
[2026-05-17T11:22:42.031+0000] {logging_mixin.py:188} INFO - ❌ Kena traffic verify — cookies mungkin expired.
[2026-05-17T11:22:42.033+0000] {logging_mixin.py:188} INFO - ⚠️  Export ulang cookies dari Chrome dan update shopee_cookies.json
[2026-05-17T11:22:43.213+0000] {logging_mixin.py:188} INFO - [2026-05-17T11:22:43.212+0000] {dagbag.py:355} ERROR - Failed to import: /opt/airflow/dags/playwright_shopee.py
Traceback (most recent call last):
  File "/home/airflow/.local/lib/python3.8/site-packages/airflow/models/dagbag.py", line 351, in parse
    loader.exec_module(new_module)
  File "<frozen importlib._bootstrap_external>", line 843, in exec_module
  File "<frozen importlib._bootstrap>", line 219, in _call_with_frames_removed
  File "/opt/airflow/dags/playwright_shopee.py", line 218, in <module>
    raise RuntimeError(
RuntimeError: Shopee traffic verify detected. Update shopee_cookies.json dari Cookie-Editor.
[2026-05-17T11:22:43.215+0000] {processor.py:842} WARNING - No viable dags retrieved from /opt/airflow/dags/playwright_shopee.py
[2026-05-17T11:22:43.241+0000] {processor.py:183} INFO - Processing /opt/airflow/dags/playwright_shopee.py took 11.035 seconds
[2026-05-17T11:23:13.547+0000] {processor.py:161} INFO - Started process (PID=26249) to work on /opt/airflow/dags/playwright_shopee.py
[2026-05-17T11:23:13.548+0000] {processor.py:830} INFO - Processing file /opt/airflow/dags/playwright_shopee.py for tasks to queue
[2026-05-17T11:23:13.550+0000] {logging_mixin.py:188} INFO - [2026-05-17T11:23:13.550+0000] {dagbag.py:545} INFO - Filling up the DagBag from /opt/airflow/dags/playwright_shopee.py
[2026-05-17T11:23:14.004+0000] {logging_mixin.py:188} INFO - 🌐 Membuka Chromium...
[2026-05-17T11:23:14.284+0000] {logging_mixin.py:188} INFO - 🍪 Inject cookies Shopee...
[2026-05-17T11:23:14.288+0000] {logging_mixin.py:188} INFO - ✅ 16 cookies berhasil diload dari /opt/airflow/dags/shopee_cookies.json
[2026-05-17T11:23:14.405+0000] {logging_mixin.py:188} INFO - 🌍 Membuka Shopee search...
[2026-05-17T11:23:20.956+0000] {logging_mixin.py:188} INFO - 📄 URL   : https://shopee.co.id/search?keyword=msi%20gaming
[2026-05-17T11:23:21.279+0000] {logging_mixin.py:188} INFO - 📄 TITLE : 
[2026-05-17T11:23:23.512+0000] {logging_mixin.py:188} INFO - ❌ Kena traffic verify — cookies mungkin expired.
[2026-05-17T11:23:23.513+0000] {logging_mixin.py:188} INFO - ⚠️  Export ulang cookies dari Chrome dan update shopee_cookies.json
[2026-05-17T11:23:24.189+0000] {logging_mixin.py:188} INFO - [2026-05-17T11:23:24.187+0000] {dagbag.py:355} ERROR - Failed to import: /opt/airflow/dags/playwright_shopee.py
Traceback (most recent call last):
  File "/home/airflow/.local/lib/python3.8/site-packages/airflow/models/dagbag.py", line 351, in parse
    loader.exec_module(new_module)
  File "<frozen importlib._bootstrap_external>", line 843, in exec_module
  File "<frozen importlib._bootstrap>", line 219, in _call_with_frames_removed
  File "/opt/airflow/dags/playwright_shopee.py", line 218, in <module>
    raise RuntimeError(
RuntimeError: Shopee traffic verify detected. Update shopee_cookies.json dari Cookie-Editor.
[2026-05-17T11:23:24.191+0000] {processor.py:842} WARNING - No viable dags retrieved from /opt/airflow/dags/playwright_shopee.py
[2026-05-17T11:23:24.215+0000] {processor.py:183} INFO - Processing /opt/airflow/dags/playwright_shopee.py took 10.676 seconds
[2026-05-17T11:23:54.501+0000] {processor.py:161} INFO - Started process (PID=26369) to work on /opt/airflow/dags/playwright_shopee.py
[2026-05-17T11:23:54.502+0000] {processor.py:830} INFO - Processing file /opt/airflow/dags/playwright_shopee.py for tasks to queue
[2026-05-17T11:23:54.504+0000] {logging_mixin.py:188} INFO - [2026-05-17T11:23:54.504+0000] {dagbag.py:545} INFO - Filling up the DagBag from /opt/airflow/dags/playwright_shopee.py
[2026-05-17T11:23:54.969+0000] {logging_mixin.py:188} INFO - 🌐 Membuka Chromium...
[2026-05-17T11:23:55.177+0000] {logging_mixin.py:188} INFO - 🍪 Inject cookies Shopee...
[2026-05-17T11:23:55.181+0000] {logging_mixin.py:188} INFO - ✅ 16 cookies berhasil diload dari /opt/airflow/dags/shopee_cookies.json
[2026-05-17T11:23:55.292+0000] {logging_mixin.py:188} INFO - 🌍 Membuka Shopee search...
[2026-05-17T11:24:01.758+0000] {logging_mixin.py:188} INFO - 📄 URL   : https://shopee.co.id/search?keyword=msi%20gaming
[2026-05-17T11:24:02.287+0000] {logging_mixin.py:188} INFO - 📄 TITLE : 
[2026-05-17T11:24:03.487+0000] {logging_mixin.py:188} INFO - ❌ Kena traffic verify — cookies mungkin expired.
[2026-05-17T11:24:03.488+0000] {logging_mixin.py:188} INFO - ⚠️  Export ulang cookies dari Chrome dan update shopee_cookies.json
[2026-05-17T11:24:04.143+0000] {logging_mixin.py:188} INFO - [2026-05-17T11:24:04.140+0000] {dagbag.py:355} ERROR - Failed to import: /opt/airflow/dags/playwright_shopee.py
Traceback (most recent call last):
  File "/home/airflow/.local/lib/python3.8/site-packages/airflow/models/dagbag.py", line 351, in parse
    loader.exec_module(new_module)
  File "<frozen importlib._bootstrap_external>", line 843, in exec_module
  File "<frozen importlib._bootstrap>", line 219, in _call_with_frames_removed
  File "/opt/airflow/dags/playwright_shopee.py", line 218, in <module>
    raise RuntimeError(
RuntimeError: Shopee traffic verify detected. Update shopee_cookies.json dari Cookie-Editor.
[2026-05-17T11:24:04.145+0000] {processor.py:842} WARNING - No viable dags retrieved from /opt/airflow/dags/playwright_shopee.py
[2026-05-17T11:24:04.168+0000] {processor.py:183} INFO - Processing /opt/airflow/dags/playwright_shopee.py took 9.676 seconds
[2026-05-17T11:24:34.438+0000] {processor.py:161} INFO - Started process (PID=26490) to work on /opt/airflow/dags/playwright_shopee.py
[2026-05-17T11:24:34.439+0000] {processor.py:830} INFO - Processing file /opt/airflow/dags/playwright_shopee.py for tasks to queue
[2026-05-17T11:24:34.441+0000] {logging_mixin.py:188} INFO - [2026-05-17T11:24:34.440+0000] {dagbag.py:545} INFO - Filling up the DagBag from /opt/airflow/dags/playwright_shopee.py
[2026-05-17T11:24:34.917+0000] {logging_mixin.py:188} INFO - 🌐 Membuka Chromium...
[2026-05-17T11:24:35.143+0000] {logging_mixin.py:188} INFO - 🍪 Inject cookies Shopee...
[2026-05-17T11:24:35.147+0000] {logging_mixin.py:188} INFO - ✅ 16 cookies berhasil diload dari /opt/airflow/dags/shopee_cookies.json
[2026-05-17T11:24:35.242+0000] {logging_mixin.py:188} INFO - 🌍 Membuka Shopee search...
[2026-05-17T11:24:41.176+0000] {logging_mixin.py:188} INFO - 📄 URL   : https://shopee.co.id/search?keyword=msi%20gaming
[2026-05-17T11:24:41.889+0000] {logging_mixin.py:188} INFO - 📄 TITLE : Jual msi gaming Harga Terbaik & Termurah Mei 2026 | Shopee Indonesia
[2026-05-17T11:24:42.437+0000] {logging_mixin.py:188} INFO - ❌ Kena traffic verify — cookies mungkin expired.
[2026-05-17T11:24:42.438+0000] {logging_mixin.py:188} INFO - ⚠️  Export ulang cookies dari Chrome dan update shopee_cookies.json
[2026-05-17T11:24:44.724+0000] {logging_mixin.py:188} INFO - [2026-05-17T11:24:44.723+0000] {dagbag.py:355} ERROR - Failed to import: /opt/airflow/dags/playwright_shopee.py
Traceback (most recent call last):
  File "/home/airflow/.local/lib/python3.8/site-packages/airflow/models/dagbag.py", line 351, in parse
    loader.exec_module(new_module)
  File "<frozen importlib._bootstrap_external>", line 843, in exec_module
  File "<frozen importlib._bootstrap>", line 219, in _call_with_frames_removed
  File "/opt/airflow/dags/playwright_shopee.py", line 218, in <module>
    raise RuntimeError(
RuntimeError: Shopee traffic verify detected. Update shopee_cookies.json dari Cookie-Editor.
[2026-05-17T11:24:44.725+0000] {processor.py:842} WARNING - No viable dags retrieved from /opt/airflow/dags/playwright_shopee.py
[2026-05-17T11:24:44.750+0000] {processor.py:183} INFO - Processing /opt/airflow/dags/playwright_shopee.py took 10.318 seconds
[2026-05-17T11:25:14.980+0000] {processor.py:161} INFO - Started process (PID=26605) to work on /opt/airflow/dags/playwright_shopee.py
[2026-05-17T11:25:14.981+0000] {processor.py:830} INFO - Processing file /opt/airflow/dags/playwright_shopee.py for tasks to queue
[2026-05-17T11:25:14.982+0000] {logging_mixin.py:188} INFO - [2026-05-17T11:25:14.982+0000] {dagbag.py:545} INFO - Filling up the DagBag from /opt/airflow/dags/playwright_shopee.py
[2026-05-17T11:25:15.426+0000] {logging_mixin.py:188} INFO - 🌐 Membuka Chromium...
[2026-05-17T11:25:15.650+0000] {logging_mixin.py:188} INFO - 🍪 Inject cookies Shopee...
[2026-05-17T11:25:15.655+0000] {logging_mixin.py:188} INFO - ✅ 16 cookies berhasil diload dari /opt/airflow/dags/shopee_cookies.json
[2026-05-17T11:25:15.756+0000] {logging_mixin.py:188} INFO - 🌍 Membuka Shopee search...
[2026-05-17T11:25:23.836+0000] {logging_mixin.py:188} INFO - 📄 URL   : https://shopee.co.id/search?keyword=msi%20gaming
[2026-05-17T11:25:24.121+0000] {logging_mixin.py:188} INFO - 📄 TITLE : Shopee Indonesia | Situs Belanja Online Terlengkap & Terpercaya
[2026-05-17T11:25:24.638+0000] {logging_mixin.py:188} INFO - ❌ Kena traffic verify — cookies mungkin expired.
[2026-05-17T11:25:24.639+0000] {logging_mixin.py:188} INFO - ⚠️  Export ulang cookies dari Chrome dan update shopee_cookies.json
[2026-05-17T11:25:25.142+0000] {logging_mixin.py:188} INFO - [2026-05-17T11:25:25.140+0000] {dagbag.py:355} ERROR - Failed to import: /opt/airflow/dags/playwright_shopee.py
Traceback (most recent call last):
  File "/home/airflow/.local/lib/python3.8/site-packages/airflow/models/dagbag.py", line 351, in parse
    loader.exec_module(new_module)
  File "<frozen importlib._bootstrap_external>", line 843, in exec_module
  File "<frozen importlib._bootstrap>", line 219, in _call_with_frames_removed
  File "/opt/airflow/dags/playwright_shopee.py", line 218, in <module>
    raise RuntimeError(
RuntimeError: Shopee traffic verify detected. Update shopee_cookies.json dari Cookie-Editor.
[2026-05-17T11:25:25.143+0000] {processor.py:842} WARNING - No viable dags retrieved from /opt/airflow/dags/playwright_shopee.py
[2026-05-17T11:25:25.178+0000] {processor.py:183} INFO - Processing /opt/airflow/dags/playwright_shopee.py took 10.208 seconds
[2026-05-17T11:25:55.472+0000] {processor.py:161} INFO - Started process (PID=26724) to work on /opt/airflow/dags/playwright_shopee.py
[2026-05-17T11:25:55.473+0000] {processor.py:830} INFO - Processing file /opt/airflow/dags/playwright_shopee.py for tasks to queue
[2026-05-17T11:25:55.475+0000] {logging_mixin.py:188} INFO - [2026-05-17T11:25:55.475+0000] {dagbag.py:545} INFO - Filling up the DagBag from /opt/airflow/dags/playwright_shopee.py
[2026-05-17T11:25:55.909+0000] {logging_mixin.py:188} INFO - 🌐 Membuka Chromium...
[2026-05-17T11:25:56.145+0000] {logging_mixin.py:188} INFO - 🍪 Inject cookies Shopee...
[2026-05-17T11:25:56.149+0000] {logging_mixin.py:188} INFO - ✅ 16 cookies berhasil diload dari /opt/airflow/dags/shopee_cookies.json
[2026-05-17T11:25:56.266+0000] {logging_mixin.py:188} INFO - 🌍 Membuka Shopee search...
[2026-05-17T11:26:02.955+0000] {logging_mixin.py:188} INFO - 📄 URL   : https://shopee.co.id/search?keyword=msi%20gaming
[2026-05-17T11:26:03.480+0000] {logging_mixin.py:188} INFO - 📄 TITLE : Shopee Indonesia | Situs Belanja Online Terlengkap & Terpercaya
[2026-05-17T11:26:04.145+0000] {logging_mixin.py:188} INFO - ❌ Kena traffic verify — cookies mungkin expired.
[2026-05-17T11:26:04.146+0000] {logging_mixin.py:188} INFO - ⚠️  Export ulang cookies dari Chrome dan update shopee_cookies.json
[2026-05-17T11:26:04.759+0000] {logging_mixin.py:188} INFO - [2026-05-17T11:26:04.753+0000] {dagbag.py:355} ERROR - Failed to import: /opt/airflow/dags/playwright_shopee.py
Traceback (most recent call last):
  File "/home/airflow/.local/lib/python3.8/site-packages/airflow/models/dagbag.py", line 351, in parse
    loader.exec_module(new_module)
  File "<frozen importlib._bootstrap_external>", line 843, in exec_module
  File "<frozen importlib._bootstrap>", line 219, in _call_with_frames_removed
  File "/opt/airflow/dags/playwright_shopee.py", line 218, in <module>
    raise RuntimeError(
RuntimeError: Shopee traffic verify detected. Update shopee_cookies.json dari Cookie-Editor.
[2026-05-17T11:26:04.765+0000] {processor.py:842} WARNING - No viable dags retrieved from /opt/airflow/dags/playwright_shopee.py
[2026-05-17T11:26:04.862+0000] {processor.py:183} INFO - Processing /opt/airflow/dags/playwright_shopee.py took 9.396 seconds
[2026-05-17T11:26:35.118+0000] {processor.py:161} INFO - Started process (PID=26850) to work on /opt/airflow/dags/playwright_shopee.py
[2026-05-17T11:26:35.119+0000] {processor.py:830} INFO - Processing file /opt/airflow/dags/playwright_shopee.py for tasks to queue
[2026-05-17T11:26:35.121+0000] {logging_mixin.py:188} INFO - [2026-05-17T11:26:35.120+0000] {dagbag.py:545} INFO - Filling up the DagBag from /opt/airflow/dags/playwright_shopee.py
[2026-05-17T11:26:35.643+0000] {logging_mixin.py:188} INFO - 🌐 Membuka Chromium...
[2026-05-17T11:26:35.871+0000] {logging_mixin.py:188} INFO - 🍪 Inject cookies Shopee...
[2026-05-17T11:26:35.874+0000] {logging_mixin.py:188} INFO - ✅ 16 cookies berhasil diload dari /opt/airflow/dags/shopee_cookies.json
[2026-05-17T11:26:35.978+0000] {logging_mixin.py:188} INFO - 🌍 Membuka Shopee search...
[2026-05-17T11:26:41.561+0000] {logging_mixin.py:188} INFO - 📄 URL   : https://shopee.co.id/search?keyword=msi%20gaming
[2026-05-17T11:26:41.858+0000] {logging_mixin.py:188} INFO - [2026-05-17T11:26:41.856+0000] {dagbag.py:355} ERROR - Failed to import: /opt/airflow/dags/playwright_shopee.py
Traceback (most recent call last):
  File "/home/airflow/.local/lib/python3.8/site-packages/airflow/models/dagbag.py", line 351, in parse
    loader.exec_module(new_module)
  File "<frozen importlib._bootstrap_external>", line 843, in exec_module
  File "<frozen importlib._bootstrap>", line 219, in _call_with_frames_removed
  File "/opt/airflow/dags/playwright_shopee.py", line 208, in <module>
    print("📄 TITLE :", page.title())
  File "/home/airflow/.local/lib/python3.8/site-packages/playwright/sync_api/_generated.py", line 9407, in title
    return mapping.from_maybe_impl(self._sync(self._impl_obj.title()))
  File "/home/airflow/.local/lib/python3.8/site-packages/playwright/_impl/_sync_base.py", line 115, in _sync
    return task.result()
  File "/home/airflow/.local/lib/python3.8/site-packages/playwright/_impl/_page.py", line 742, in title
    return await self._main_frame.title()
  File "/home/airflow/.local/lib/python3.8/site-packages/playwright/_impl/_frame.py", line 776, in title
    return await self._channel.send("title")
  File "/home/airflow/.local/lib/python3.8/site-packages/playwright/_impl/_connection.py", line 59, in send
    return await self._connection.wrap_api_call(
  File "/home/airflow/.local/lib/python3.8/site-packages/playwright/_impl/_connection.py", line 514, in wrap_api_call
    raise rewrite_error(error, f"{parsed_st['apiName']}: {error}") from None
playwright._impl._errors.Error: Page.title: Execution context was destroyed, most likely because of a navigation
[2026-05-17T11:26:41.858+0000] {processor.py:842} WARNING - No viable dags retrieved from /opt/airflow/dags/playwright_shopee.py
[2026-05-17T11:26:41.880+0000] {processor.py:183} INFO - Processing /opt/airflow/dags/playwright_shopee.py took 6.769 seconds
[2026-05-17T11:27:12.648+0000] {processor.py:161} INFO - Started process (PID=26964) to work on /opt/airflow/dags/playwright_shopee.py
[2026-05-17T11:27:12.649+0000] {processor.py:830} INFO - Processing file /opt/airflow/dags/playwright_shopee.py for tasks to queue
[2026-05-17T11:27:12.651+0000] {logging_mixin.py:188} INFO - [2026-05-17T11:27:12.651+0000] {dagbag.py:545} INFO - Filling up the DagBag from /opt/airflow/dags/playwright_shopee.py
[2026-05-17T11:27:13.096+0000] {logging_mixin.py:188} INFO - 🌐 Membuka Chromium...
[2026-05-17T11:27:13.295+0000] {logging_mixin.py:188} INFO - 🍪 Inject cookies Shopee...
[2026-05-17T11:27:13.299+0000] {logging_mixin.py:188} INFO - ✅ 16 cookies berhasil diload dari /opt/airflow/dags/shopee_cookies.json
[2026-05-17T11:27:13.416+0000] {logging_mixin.py:188} INFO - 🌍 Membuka Shopee search...
[2026-05-17T11:27:20.195+0000] {logging_mixin.py:188} INFO - 📄 URL   : https://shopee.co.id/search?keyword=msi%20gaming
[2026-05-17T11:27:20.669+0000] {logging_mixin.py:188} INFO - 📄 TITLE : Shopee Indonesia | Situs Belanja Online Terlengkap & Terpercaya
[2026-05-17T11:27:21.299+0000] {logging_mixin.py:188} INFO - ❌ Kena traffic verify — cookies mungkin expired.
[2026-05-17T11:27:21.300+0000] {logging_mixin.py:188} INFO - ⚠️  Export ulang cookies dari Chrome dan update shopee_cookies.json
[2026-05-17T11:27:21.723+0000] {logging_mixin.py:188} INFO - [2026-05-17T11:27:21.722+0000] {dagbag.py:355} ERROR - Failed to import: /opt/airflow/dags/playwright_shopee.py
Traceback (most recent call last):
  File "/home/airflow/.local/lib/python3.8/site-packages/airflow/models/dagbag.py", line 351, in parse
    loader.exec_module(new_module)
  File "<frozen importlib._bootstrap_external>", line 843, in exec_module
  File "<frozen importlib._bootstrap>", line 219, in _call_with_frames_removed
  File "/opt/airflow/dags/playwright_shopee.py", line 218, in <module>
    raise RuntimeError(
RuntimeError: Shopee traffic verify detected. Update shopee_cookies.json dari Cookie-Editor.
[2026-05-17T11:27:21.725+0000] {processor.py:842} WARNING - No viable dags retrieved from /opt/airflow/dags/playwright_shopee.py
[2026-05-17T11:27:21.750+0000] {processor.py:183} INFO - Processing /opt/airflow/dags/playwright_shopee.py took 9.111 seconds
[2026-05-17T11:27:52.070+0000] {processor.py:161} INFO - Started process (PID=27083) to work on /opt/airflow/dags/playwright_shopee.py
[2026-05-17T11:27:52.071+0000] {processor.py:830} INFO - Processing file /opt/airflow/dags/playwright_shopee.py for tasks to queue
[2026-05-17T11:27:52.073+0000] {logging_mixin.py:188} INFO - [2026-05-17T11:27:52.073+0000] {dagbag.py:545} INFO - Filling up the DagBag from /opt/airflow/dags/playwright_shopee.py
[2026-05-17T11:27:52.535+0000] {logging_mixin.py:188} INFO - 🌐 Membuka Chromium...
[2026-05-17T11:27:52.741+0000] {logging_mixin.py:188} INFO - 🍪 Inject cookies Shopee...
[2026-05-17T11:27:52.745+0000] {logging_mixin.py:188} INFO - ✅ 16 cookies berhasil diload dari /opt/airflow/dags/shopee_cookies.json
[2026-05-17T11:27:52.918+0000] {logging_mixin.py:188} INFO - 🌍 Membuka Shopee search...
[2026-05-17T11:28:01.539+0000] {logging_mixin.py:188} INFO - 📄 URL   : https://shopee.co.id/search?keyword=msi%20gaming
[2026-05-17T11:28:01.689+0000] {logging_mixin.py:188} INFO - 📄 TITLE : Shopee Indonesia | Situs Belanja Online Terlengkap & Terpercaya
[2026-05-17T11:28:02.504+0000] {logging_mixin.py:188} INFO - ❌ Kena traffic verify — cookies mungkin expired.
[2026-05-17T11:28:02.505+0000] {logging_mixin.py:188} INFO - ⚠️  Export ulang cookies dari Chrome dan update shopee_cookies.json
[2026-05-17T11:28:03.020+0000] {logging_mixin.py:188} INFO - [2026-05-17T11:28:03.018+0000] {dagbag.py:355} ERROR - Failed to import: /opt/airflow/dags/playwright_shopee.py
Traceback (most recent call last):
  File "/home/airflow/.local/lib/python3.8/site-packages/airflow/models/dagbag.py", line 351, in parse
    loader.exec_module(new_module)
  File "<frozen importlib._bootstrap_external>", line 843, in exec_module
  File "<frozen importlib._bootstrap>", line 219, in _call_with_frames_removed
  File "/opt/airflow/dags/playwright_shopee.py", line 218, in <module>
    raise RuntimeError(
RuntimeError: Shopee traffic verify detected. Update shopee_cookies.json dari Cookie-Editor.
[2026-05-17T11:28:03.021+0000] {processor.py:842} WARNING - No viable dags retrieved from /opt/airflow/dags/playwright_shopee.py
[2026-05-17T11:28:03.045+0000] {processor.py:183} INFO - Processing /opt/airflow/dags/playwright_shopee.py took 10.981 seconds
[2026-05-17T11:28:33.844+0000] {processor.py:161} INFO - Started process (PID=27209) to work on /opt/airflow/dags/playwright_shopee.py
[2026-05-17T11:28:33.845+0000] {processor.py:830} INFO - Processing file /opt/airflow/dags/playwright_shopee.py for tasks to queue
[2026-05-17T11:28:33.847+0000] {logging_mixin.py:188} INFO - [2026-05-17T11:28:33.847+0000] {dagbag.py:545} INFO - Filling up the DagBag from /opt/airflow/dags/playwright_shopee.py
[2026-05-17T11:28:34.304+0000] {logging_mixin.py:188} INFO - 🌐 Membuka Chromium...
[2026-05-17T11:28:34.565+0000] {logging_mixin.py:188} INFO - 🍪 Inject cookies Shopee...
[2026-05-17T11:28:34.570+0000] {logging_mixin.py:188} INFO - ✅ 16 cookies berhasil diload dari /opt/airflow/dags/shopee_cookies.json
[2026-05-17T11:28:34.695+0000] {logging_mixin.py:188} INFO - 🌍 Membuka Shopee search...
[2026-05-17T11:28:41.027+0000] {logging_mixin.py:188} INFO - 📄 URL   : https://shopee.co.id/search?keyword=msi%20gaming
[2026-05-17T11:28:41.055+0000] {logging_mixin.py:188} INFO - 📄 TITLE : Shopee Indonesia | Situs Belanja Online Terlengkap & Terpercaya
[2026-05-17T11:28:41.200+0000] {logging_mixin.py:188} INFO - ✅ Session valid, mulai scraping...
[2026-05-17T11:28:41.215+0000] {logging_mixin.py:188} INFO - [2026-05-17T11:28:41.214+0000] {logger.py:96} INFO - {"message": "Waiting for suitable server to become available", "selector": "<function writable_server_selector at 0x7fe3249e7280>", "operation": "createIndexes", "topologyDescription": "<TopologyDescription id: 6a09a669e8c96abbae169485, topology_type: Unknown, servers: [<ServerDescription ('mongodb', 27017) server_type: Unknown, rtt: None>]>", "clientId": {"$oid": "6a09a669e8c96abbae169485"}, "remainingTimeMS": 29}
[2026-05-17T11:28:41.383+0000] {logging_mixin.py:188} INFO - ✅ Terhubung MongoDB: shopee_raw.products
[2026-05-17T11:28:41.384+0000] {logging_mixin.py:188} INFO - 
=================================
[2026-05-17T11:28:41.384+0000] {logging_mixin.py:188} INFO - 📄 PAGE 1/5
[2026-05-17T11:28:41.385+0000] {logging_mixin.py:188} INFO - =================================
[2026-05-17T11:28:41.385+0000] {logging_mixin.py:188} INFO - 🌍 https://shopee.co.id/search?keyword=msi%20gaming&page=0
[2026-05-17T11:28:48.490+0000] {logging_mixin.py:188} INFO - 🖱️ Scrolling...
[2026-05-17T11:29:02.830+0000] {logging_mixin.py:188} INFO - 📄 URL   : https://shopee.co.id/verify/captcha?anti_bot_tracking_id=gqRjZGVrxHSFomtptTE0MjUxOnRyYWNraW5nX2lkX2tleaJrdtEAAaRhbGdv0gAAAGSjZGVrwKJjdMRAAAAADGtcqJDJs1-Cltn8Cf6JkWg1rPErpfdwePwa3ho_3OhpDQBcpi1XBhrKxMv5zu28rufOY1e3GBCfcKyDrqpjaXBoZXJ0ZXh0xQMyAAAADCw9IY2KkOW3qunEhzLHSHHDio6BI3aLnFWCY64bYMtHFgnuGL2Q4Z2iGQb-toJQVeTh-8dgiqMQMG9gB1kbhkRrNA6fPCEjA3eZx6Ui9TSRvxLsJ5AWWlsj3oB78OsmedJ8zkgUXzNack1hw0dhiCF-b47c6FWMA1yG4OioYRTdrkidKWn0IQPbErMH4zpa-18VTGkX8Jq7ACribGpoYoBSBqOStjOcY_VjmPXJt9HZCfQEoPaXqohyVMVrMYROTptJWb-FHuEQUnNbZ7R67vZ6U_u8o0xjNSxJ4OdPu2DPIlZtY26_MR9nemE4Dph4yc7tpYGzxabKwBYRE1iz_Xd4IFWZLVUWclqBznGI_fkklcChWiOxJuNsdYOgrLPCVeKvexGVwSp-jCAy3sJxGfBU2qQ5MDN-3UvO07f9hsDD7wrp9nHpi4vzB0dX5q8clVIfY1dkv5m9MzM3bLw3_MehMiR_jKbX5TSYqqIHC_ffUuj2706HCy43MABAD9U5V4dKCE7QjbZmnC8HRkXOcPhvh2WvZXxUrIl1Ib-sE5ct5lAV4BVuTdu16bQTUC6iICUGyFF-YpzGCy0lhCvPdsSYn9j3b7p3ghhpMGLxg8vie9Kjgp1eWLSxEUgWB6EY5_Z5j-gOyW8XlFO7Isy8XnXw1eV0XsBom2Bw12coH4H2I4CVq7YTp_bAatW_Sh62Qt2Zfs9tma_VloTQbeKLBxTfcoP4mlUZqI-b7b0XgNrLtfxgOfHIskSTdXLi4xllgEVnf1Bnhac8sJzyAhVETZ4EnqTjG73i-rHFyh0dlrattnrCWqQUjxuoxea0v9tPaVxbNZgVbphSMrSl-lZtrynG9ajEqcCMFQYEu5iRmDl0J3QcH4YHfBzo2YvVItFZjJrb9KjTZ0aPi2MEQMfETxcF56hgom0oz4wMt3cGbIS-FAId92ONnnTn3St3kQZz6MTwIxnFpxfXAxec8VuMEso4O8NzYrNeF1p0HtEwSN8jgteLuWoqZTpgxtqhCf6eBGoTezd_ZPNbI7VVzWLJmSjDiiY4ce1-coYyIOt80oCoejprwf6pAhC5gF_-UEA&app_key=Search.PC&client_id=1&next=https%3A%2F%2Fshopee.co.id%2Fverify%2Ftraffic%3F%3Fclient_id%3D%26next%3Dhttps%253A%252F%252Fshopee.co.id%252Fsearch%253Fkeyword%253Dmsi%252520gaming%2526page%253D0%26redirect_type%3D1%26should_replace_history%3Dtrue&redirect_type=2&scene=crawler_item&should_replace_history=true
[2026-05-17T11:29:02.857+0000] {logging_mixin.py:188} INFO - 📄 TITLE : Shopee Indonesia | Situs Belanja Online Terlengkap & Terpercaya
[2026-05-17T11:29:02.979+0000] {logging_mixin.py:188} INFO - 🔍 Mengambil item produk...
[2026-05-17T11:29:03.020+0000] {logging_mixin.py:188} INFO - 📦 Total item ditemukan: 0
[2026-05-17T11:29:03.020+0000] {logging_mixin.py:188} INFO - ❌ Produk kosong, simpan HTML debug.
[2026-05-17T11:29:03.128+0000] {logging_mixin.py:188} INFO - 
=================================
[2026-05-17T11:29:03.129+0000] {logging_mixin.py:188} INFO - 📄 PAGE 2/5
[2026-05-17T11:29:03.129+0000] {logging_mixin.py:188} INFO - =================================
[2026-05-17T11:29:03.129+0000] {logging_mixin.py:188} INFO - 🌍 https://shopee.co.id/search?keyword=msi%20gaming&page=1
[2026-05-17T11:29:03.867+0000] {logging_mixin.py:188} INFO - [2026-05-17T11:29:03.866+0000] {timeout.py:68} ERROR - Process timed out, PID: 27209
[2026-05-17T11:29:34.602+0000] {processor.py:161} INFO - Started process (PID=27344) to work on /opt/airflow/dags/playwright_shopee.py
[2026-05-17T11:29:34.603+0000] {processor.py:830} INFO - Processing file /opt/airflow/dags/playwright_shopee.py for tasks to queue
[2026-05-17T11:29:34.605+0000] {logging_mixin.py:188} INFO - [2026-05-17T11:29:34.605+0000] {dagbag.py:545} INFO - Filling up the DagBag from /opt/airflow/dags/playwright_shopee.py
[2026-05-17T11:29:35.106+0000] {logging_mixin.py:188} INFO - 🌐 Membuka Chromium...
[2026-05-17T11:29:35.380+0000] {logging_mixin.py:188} INFO - 🍪 Inject cookies Shopee...
[2026-05-17T11:29:35.384+0000] {logging_mixin.py:188} INFO - ✅ 16 cookies berhasil diload dari /opt/airflow/dags/shopee_cookies.json
[2026-05-17T11:29:35.490+0000] {logging_mixin.py:188} INFO - 🌍 Membuka Shopee search...
[2026-05-17T11:29:43.492+0000] {logging_mixin.py:188} INFO - 📄 URL   : https://shopee.co.id/search?keyword=msi%20gaming
[2026-05-17T11:29:43.683+0000] {logging_mixin.py:188} INFO - 📄 TITLE : Shopee Indonesia | Situs Belanja Online Terlengkap & Terpercaya
[2026-05-17T11:29:44.035+0000] {logging_mixin.py:188} INFO - ❌ Kena traffic verify — cookies mungkin expired.
[2026-05-17T11:29:44.036+0000] {logging_mixin.py:188} INFO - ⚠️  Export ulang cookies dari Chrome dan update shopee_cookies.json
[2026-05-17T11:29:44.580+0000] {logging_mixin.py:188} INFO - [2026-05-17T11:29:44.577+0000] {dagbag.py:355} ERROR - Failed to import: /opt/airflow/dags/playwright_shopee.py
Traceback (most recent call last):
  File "/home/airflow/.local/lib/python3.8/site-packages/airflow/models/dagbag.py", line 351, in parse
    loader.exec_module(new_module)
  File "<frozen importlib._bootstrap_external>", line 843, in exec_module
  File "<frozen importlib._bootstrap>", line 219, in _call_with_frames_removed
  File "/opt/airflow/dags/playwright_shopee.py", line 218, in <module>
    raise RuntimeError(
RuntimeError: Shopee traffic verify detected. Update shopee_cookies.json dari Cookie-Editor.
[2026-05-17T11:29:44.581+0000] {processor.py:842} WARNING - No viable dags retrieved from /opt/airflow/dags/playwright_shopee.py
[2026-05-17T11:29:44.619+0000] {processor.py:183} INFO - Processing /opt/airflow/dags/playwright_shopee.py took 10.022 seconds
[2026-05-17T11:30:15.141+0000] {processor.py:161} INFO - Started process (PID=27463) to work on /opt/airflow/dags/playwright_shopee.py
[2026-05-17T11:30:15.142+0000] {processor.py:830} INFO - Processing file /opt/airflow/dags/playwright_shopee.py for tasks to queue
[2026-05-17T11:30:15.144+0000] {logging_mixin.py:188} INFO - [2026-05-17T11:30:15.144+0000] {dagbag.py:545} INFO - Filling up the DagBag from /opt/airflow/dags/playwright_shopee.py
[2026-05-17T11:30:15.572+0000] {logging_mixin.py:188} INFO - 🌐 Membuka Chromium...
[2026-05-17T11:30:15.832+0000] {logging_mixin.py:188} INFO - 🍪 Inject cookies Shopee...
[2026-05-17T11:30:15.835+0000] {logging_mixin.py:188} INFO - ✅ 16 cookies berhasil diload dari /opt/airflow/dags/shopee_cookies.json
[2026-05-17T11:30:15.930+0000] {logging_mixin.py:188} INFO - 🌍 Membuka Shopee search...
[2026-05-17T11:30:24.013+0000] {logging_mixin.py:188} INFO - 📄 URL   : https://shopee.co.id/search?keyword=msi%20gaming
[2026-05-17T11:30:24.155+0000] {logging_mixin.py:188} INFO - 📄 TITLE : Shopee Indonesia | Situs Belanja Online Terlengkap & Terpercaya
[2026-05-17T11:30:24.831+0000] {logging_mixin.py:188} INFO - ❌ Kena traffic verify — cookies mungkin expired.
[2026-05-17T11:30:24.832+0000] {logging_mixin.py:188} INFO - ⚠️  Export ulang cookies dari Chrome dan update shopee_cookies.json
[2026-05-17T11:30:25.533+0000] {logging_mixin.py:188} INFO - [2026-05-17T11:30:25.532+0000] {dagbag.py:355} ERROR - Failed to import: /opt/airflow/dags/playwright_shopee.py
Traceback (most recent call last):
  File "/home/airflow/.local/lib/python3.8/site-packages/airflow/models/dagbag.py", line 351, in parse
    loader.exec_module(new_module)
  File "<frozen importlib._bootstrap_external>", line 843, in exec_module
  File "<frozen importlib._bootstrap>", line 219, in _call_with_frames_removed
  File "/opt/airflow/dags/playwright_shopee.py", line 218, in <module>
    raise RuntimeError(
RuntimeError: Shopee traffic verify detected. Update shopee_cookies.json dari Cookie-Editor.
[2026-05-17T11:30:25.534+0000] {processor.py:842} WARNING - No viable dags retrieved from /opt/airflow/dags/playwright_shopee.py
[2026-05-17T11:30:25.570+0000] {processor.py:183} INFO - Processing /opt/airflow/dags/playwright_shopee.py took 10.437 seconds
[2026-05-17T11:30:55.870+0000] {processor.py:161} INFO - Started process (PID=27584) to work on /opt/airflow/dags/playwright_shopee.py
[2026-05-17T11:30:55.871+0000] {processor.py:830} INFO - Processing file /opt/airflow/dags/playwright_shopee.py for tasks to queue
[2026-05-17T11:30:55.873+0000] {logging_mixin.py:188} INFO - [2026-05-17T11:30:55.873+0000] {dagbag.py:545} INFO - Filling up the DagBag from /opt/airflow/dags/playwright_shopee.py
[2026-05-17T11:30:56.292+0000] {logging_mixin.py:188} INFO - 🌐 Membuka Chromium...
[2026-05-17T11:30:56.562+0000] {logging_mixin.py:188} INFO - 🍪 Inject cookies Shopee...
[2026-05-17T11:30:56.567+0000] {logging_mixin.py:188} INFO - ✅ 16 cookies berhasil diload dari /opt/airflow/dags/shopee_cookies.json
[2026-05-17T11:30:56.672+0000] {logging_mixin.py:188} INFO - 🌍 Membuka Shopee search...
[2026-05-17T11:31:03.642+0000] {logging_mixin.py:188} INFO - 📄 URL   : https://shopee.co.id/search?keyword=msi%20gaming
[2026-05-17T11:31:04.117+0000] {logging_mixin.py:188} INFO - 📄 TITLE : Shopee Indonesia | Situs Belanja Online Terlengkap & Terpercaya
[2026-05-17T11:31:04.852+0000] {logging_mixin.py:188} INFO - ❌ Kena traffic verify — cookies mungkin expired.
[2026-05-17T11:31:04.853+0000] {logging_mixin.py:188} INFO - ⚠️  Export ulang cookies dari Chrome dan update shopee_cookies.json
[2026-05-17T11:31:05.373+0000] {logging_mixin.py:188} INFO - [2026-05-17T11:31:05.372+0000] {dagbag.py:355} ERROR - Failed to import: /opt/airflow/dags/playwright_shopee.py
Traceback (most recent call last):
  File "/home/airflow/.local/lib/python3.8/site-packages/airflow/models/dagbag.py", line 351, in parse
    loader.exec_module(new_module)
  File "<frozen importlib._bootstrap_external>", line 843, in exec_module
  File "<frozen importlib._bootstrap>", line 219, in _call_with_frames_removed
  File "/opt/airflow/dags/playwright_shopee.py", line 218, in <module>
    raise RuntimeError(
RuntimeError: Shopee traffic verify detected. Update shopee_cookies.json dari Cookie-Editor.
[2026-05-17T11:31:05.376+0000] {processor.py:842} WARNING - No viable dags retrieved from /opt/airflow/dags/playwright_shopee.py
[2026-05-17T11:31:05.404+0000] {processor.py:183} INFO - Processing /opt/airflow/dags/playwright_shopee.py took 9.540 seconds
[2026-05-17T11:31:35.717+0000] {processor.py:161} INFO - Started process (PID=27708) to work on /opt/airflow/dags/playwright_shopee.py
[2026-05-17T11:31:35.718+0000] {processor.py:830} INFO - Processing file /opt/airflow/dags/playwright_shopee.py for tasks to queue
[2026-05-17T11:31:35.721+0000] {logging_mixin.py:188} INFO - [2026-05-17T11:31:35.720+0000] {dagbag.py:545} INFO - Filling up the DagBag from /opt/airflow/dags/playwright_shopee.py
[2026-05-17T11:31:36.162+0000] {logging_mixin.py:188} INFO - 🌐 Membuka Chromium...
[2026-05-17T11:31:36.406+0000] {logging_mixin.py:188} INFO - 🍪 Inject cookies Shopee...
[2026-05-17T11:31:36.410+0000] {logging_mixin.py:188} INFO - ✅ 16 cookies berhasil diload dari /opt/airflow/dags/shopee_cookies.json
[2026-05-17T11:31:36.518+0000] {logging_mixin.py:188} INFO - 🌍 Membuka Shopee search...
[2026-05-17T11:31:43.921+0000] {logging_mixin.py:188} INFO - 📄 URL   : https://shopee.co.id/search?keyword=msi%20gaming
[2026-05-17T11:31:44.516+0000] {logging_mixin.py:188} INFO - 📄 TITLE : Shopee Indonesia | Situs Belanja Online Terlengkap & Terpercaya
[2026-05-17T11:31:45.616+0000] {logging_mixin.py:188} INFO - ❌ Kena traffic verify — cookies mungkin expired.
[2026-05-17T11:31:45.617+0000] {logging_mixin.py:188} INFO - ⚠️  Export ulang cookies dari Chrome dan update shopee_cookies.json
[2026-05-17T11:31:48.591+0000] {logging_mixin.py:188} INFO - [2026-05-17T11:31:48.589+0000] {dagbag.py:355} ERROR - Failed to import: /opt/airflow/dags/playwright_shopee.py
Traceback (most recent call last):
  File "/home/airflow/.local/lib/python3.8/site-packages/airflow/models/dagbag.py", line 351, in parse
    loader.exec_module(new_module)
  File "<frozen importlib._bootstrap_external>", line 843, in exec_module
  File "<frozen importlib._bootstrap>", line 219, in _call_with_frames_removed
  File "/opt/airflow/dags/playwright_shopee.py", line 218, in <module>
    raise RuntimeError(
RuntimeError: Shopee traffic verify detected. Update shopee_cookies.json dari Cookie-Editor.
[2026-05-17T11:31:48.592+0000] {processor.py:842} WARNING - No viable dags retrieved from /opt/airflow/dags/playwright_shopee.py
[2026-05-17T11:31:48.631+0000] {processor.py:183} INFO - Processing /opt/airflow/dags/playwright_shopee.py took 12.924 seconds
[2026-05-17T11:32:19.278+0000] {processor.py:161} INFO - Started process (PID=27823) to work on /opt/airflow/dags/playwright_shopee.py
[2026-05-17T11:32:19.279+0000] {processor.py:830} INFO - Processing file /opt/airflow/dags/playwright_shopee.py for tasks to queue
[2026-05-17T11:32:19.281+0000] {logging_mixin.py:188} INFO - [2026-05-17T11:32:19.281+0000] {dagbag.py:545} INFO - Filling up the DagBag from /opt/airflow/dags/playwright_shopee.py
[2026-05-17T11:32:19.777+0000] {logging_mixin.py:188} INFO - 🌐 Membuka Chromium...
[2026-05-17T11:32:20.107+0000] {logging_mixin.py:188} INFO - 🍪 Inject cookies Shopee...
[2026-05-17T11:32:20.135+0000] {logging_mixin.py:188} INFO - ✅ 16 cookies berhasil diload dari /opt/airflow/dags/shopee_cookies.json
[2026-05-17T11:32:20.296+0000] {logging_mixin.py:188} INFO - 🌍 Membuka Shopee search...
[2026-05-17T11:32:27.581+0000] {logging_mixin.py:188} INFO - 📄 URL   : https://shopee.co.id/search?keyword=msi%20gaming
[2026-05-17T11:32:28.497+0000] {logging_mixin.py:188} INFO - 📄 TITLE : Shopee Indonesia | Situs Belanja Online Terlengkap & Terpercaya
[2026-05-17T11:32:29.325+0000] {logging_mixin.py:188} INFO - ❌ Kena traffic verify — cookies mungkin expired.
[2026-05-17T11:32:29.326+0000] {logging_mixin.py:188} INFO - ⚠️  Export ulang cookies dari Chrome dan update shopee_cookies.json
[2026-05-17T11:32:29.912+0000] {logging_mixin.py:188} INFO - [2026-05-17T11:32:29.911+0000] {dagbag.py:355} ERROR - Failed to import: /opt/airflow/dags/playwright_shopee.py
Traceback (most recent call last):
  File "/home/airflow/.local/lib/python3.8/site-packages/airflow/models/dagbag.py", line 351, in parse
    loader.exec_module(new_module)
  File "<frozen importlib._bootstrap_external>", line 843, in exec_module
  File "<frozen importlib._bootstrap>", line 219, in _call_with_frames_removed
  File "/opt/airflow/dags/playwright_shopee.py", line 218, in <module>
    raise RuntimeError(
RuntimeError: Shopee traffic verify detected. Update shopee_cookies.json dari Cookie-Editor.
[2026-05-17T11:32:29.914+0000] {processor.py:842} WARNING - No viable dags retrieved from /opt/airflow/dags/playwright_shopee.py
[2026-05-17T11:32:29.942+0000] {processor.py:183} INFO - Processing /opt/airflow/dags/playwright_shopee.py took 10.671 seconds
[2026-05-17T11:33:00.122+0000] {processor.py:161} INFO - Started process (PID=27948) to work on /opt/airflow/dags/playwright_shopee.py
[2026-05-17T11:33:00.123+0000] {processor.py:830} INFO - Processing file /opt/airflow/dags/playwright_shopee.py for tasks to queue
[2026-05-17T11:33:00.125+0000] {logging_mixin.py:188} INFO - [2026-05-17T11:33:00.125+0000] {dagbag.py:545} INFO - Filling up the DagBag from /opt/airflow/dags/playwright_shopee.py
[2026-05-17T11:33:00.644+0000] {logging_mixin.py:188} INFO - 🌐 Membuka Chromium...
[2026-05-17T11:33:00.872+0000] {logging_mixin.py:188} INFO - 🍪 Inject cookies Shopee...
[2026-05-17T11:33:00.877+0000] {logging_mixin.py:188} INFO - ✅ 16 cookies berhasil diload dari /opt/airflow/dags/shopee_cookies.json
[2026-05-17T11:33:01.020+0000] {logging_mixin.py:188} INFO - 🌍 Membuka Shopee search...
[2026-05-17T11:33:08.440+0000] {logging_mixin.py:188} INFO - 📄 URL   : https://shopee.co.id/search?keyword=msi%20gaming
[2026-05-17T11:33:08.646+0000] {logging_mixin.py:188} INFO - 📄 TITLE : Shopee Indonesia | Situs Belanja Online Terlengkap & Terpercaya
[2026-05-17T11:33:09.475+0000] {logging_mixin.py:188} INFO - ❌ Kena traffic verify — cookies mungkin expired.
[2026-05-17T11:33:09.476+0000] {logging_mixin.py:188} INFO - ⚠️  Export ulang cookies dari Chrome dan update shopee_cookies.json
[2026-05-17T11:33:09.944+0000] {logging_mixin.py:188} INFO - [2026-05-17T11:33:09.942+0000] {dagbag.py:355} ERROR - Failed to import: /opt/airflow/dags/playwright_shopee.py
Traceback (most recent call last):
  File "/home/airflow/.local/lib/python3.8/site-packages/airflow/models/dagbag.py", line 351, in parse
    loader.exec_module(new_module)
  File "<frozen importlib._bootstrap_external>", line 843, in exec_module
  File "<frozen importlib._bootstrap>", line 219, in _call_with_frames_removed
  File "/opt/airflow/dags/playwright_shopee.py", line 218, in <module>
    raise RuntimeError(
RuntimeError: Shopee traffic verify detected. Update shopee_cookies.json dari Cookie-Editor.
[2026-05-17T11:33:09.945+0000] {processor.py:842} WARNING - No viable dags retrieved from /opt/airflow/dags/playwright_shopee.py
[2026-05-17T11:33:09.969+0000] {processor.py:183} INFO - Processing /opt/airflow/dags/playwright_shopee.py took 9.853 seconds
[2026-05-17T11:33:40.610+0000] {processor.py:161} INFO - Started process (PID=28073) to work on /opt/airflow/dags/playwright_shopee.py
[2026-05-17T11:33:40.612+0000] {processor.py:830} INFO - Processing file /opt/airflow/dags/playwright_shopee.py for tasks to queue
[2026-05-17T11:33:40.615+0000] {logging_mixin.py:188} INFO - [2026-05-17T11:33:40.615+0000] {dagbag.py:545} INFO - Filling up the DagBag from /opt/airflow/dags/playwright_shopee.py
[2026-05-17T11:33:41.169+0000] {logging_mixin.py:188} INFO - 🌐 Membuka Chromium...
[2026-05-17T11:33:41.388+0000] {logging_mixin.py:188} INFO - 🍪 Inject cookies Shopee...
[2026-05-17T11:33:41.393+0000] {logging_mixin.py:188} INFO - ✅ 16 cookies berhasil diload dari /opt/airflow/dags/shopee_cookies.json
[2026-05-17T11:33:41.509+0000] {logging_mixin.py:188} INFO - 🌍 Membuka Shopee search...
[2026-05-17T11:33:49.022+0000] {logging_mixin.py:188} INFO - 📄 URL   : https://shopee.co.id/search?keyword=msi%20gaming
[2026-05-17T11:33:49.629+0000] {logging_mixin.py:188} INFO - 📄 TITLE : 
[2026-05-17T11:33:50.897+0000] {logging_mixin.py:188} INFO - ❌ Kena traffic verify — cookies mungkin expired.
[2026-05-17T11:33:50.899+0000] {logging_mixin.py:188} INFO - ⚠️  Export ulang cookies dari Chrome dan update shopee_cookies.json
[2026-05-17T11:33:51.640+0000] {logging_mixin.py:188} INFO - [2026-05-17T11:33:51.633+0000] {dagbag.py:355} ERROR - Failed to import: /opt/airflow/dags/playwright_shopee.py
Traceback (most recent call last):
  File "/home/airflow/.local/lib/python3.8/site-packages/airflow/models/dagbag.py", line 351, in parse
    loader.exec_module(new_module)
  File "<frozen importlib._bootstrap_external>", line 843, in exec_module
  File "<frozen importlib._bootstrap>", line 219, in _call_with_frames_removed
  File "/opt/airflow/dags/playwright_shopee.py", line 218, in <module>
    raise RuntimeError(
RuntimeError: Shopee traffic verify detected. Update shopee_cookies.json dari Cookie-Editor.
[2026-05-17T11:33:51.647+0000] {processor.py:842} WARNING - No viable dags retrieved from /opt/airflow/dags/playwright_shopee.py
[2026-05-17T11:33:51.726+0000] {processor.py:183} INFO - Processing /opt/airflow/dags/playwright_shopee.py took 11.125 seconds
[2026-05-17T11:34:22.009+0000] {processor.py:161} INFO - Started process (PID=28197) to work on /opt/airflow/dags/playwright_shopee.py
[2026-05-17T11:34:22.011+0000] {processor.py:830} INFO - Processing file /opt/airflow/dags/playwright_shopee.py for tasks to queue
[2026-05-17T11:34:22.013+0000] {logging_mixin.py:188} INFO - [2026-05-17T11:34:22.012+0000] {dagbag.py:545} INFO - Filling up the DagBag from /opt/airflow/dags/playwright_shopee.py
[2026-05-17T11:34:22.471+0000] {logging_mixin.py:188} INFO - 🌐 Membuka Chromium...
[2026-05-17T11:34:22.666+0000] {logging_mixin.py:188} INFO - 🍪 Inject cookies Shopee...
[2026-05-17T11:34:22.668+0000] {logging_mixin.py:188} INFO - ✅ 16 cookies berhasil diload dari /opt/airflow/dags/shopee_cookies.json
[2026-05-17T11:34:22.833+0000] {logging_mixin.py:188} INFO - 🌍 Membuka Shopee search...
[2026-05-17T11:34:28.998+0000] {logging_mixin.py:188} INFO - 📄 URL   : https://shopee.co.id/search?keyword=msi%20gaming
[2026-05-17T11:34:29.677+0000] {logging_mixin.py:188} INFO - 📄 TITLE : 
[2026-05-17T11:34:31.845+0000] {logging_mixin.py:188} INFO - ❌ Kena traffic verify — cookies mungkin expired.
[2026-05-17T11:34:31.847+0000] {logging_mixin.py:188} INFO - ⚠️  Export ulang cookies dari Chrome dan update shopee_cookies.json
[2026-05-17T11:34:32.459+0000] {logging_mixin.py:188} INFO - [2026-05-17T11:34:32.458+0000] {dagbag.py:355} ERROR - Failed to import: /opt/airflow/dags/playwright_shopee.py
Traceback (most recent call last):
  File "/home/airflow/.local/lib/python3.8/site-packages/airflow/models/dagbag.py", line 351, in parse
    loader.exec_module(new_module)
  File "<frozen importlib._bootstrap_external>", line 843, in exec_module
  File "<frozen importlib._bootstrap>", line 219, in _call_with_frames_removed
  File "/opt/airflow/dags/playwright_shopee.py", line 218, in <module>
    raise RuntimeError(
RuntimeError: Shopee traffic verify detected. Update shopee_cookies.json dari Cookie-Editor.
[2026-05-17T11:34:32.461+0000] {processor.py:842} WARNING - No viable dags retrieved from /opt/airflow/dags/playwright_shopee.py
[2026-05-17T11:34:32.502+0000] {processor.py:183} INFO - Processing /opt/airflow/dags/playwright_shopee.py took 10.499 seconds
[2026-05-17T11:35:02.769+0000] {processor.py:161} INFO - Started process (PID=28321) to work on /opt/airflow/dags/playwright_shopee.py
[2026-05-17T11:35:02.770+0000] {processor.py:830} INFO - Processing file /opt/airflow/dags/playwright_shopee.py for tasks to queue
[2026-05-17T11:35:02.771+0000] {logging_mixin.py:188} INFO - [2026-05-17T11:35:02.771+0000] {dagbag.py:545} INFO - Filling up the DagBag from /opt/airflow/dags/playwright_shopee.py
[2026-05-17T11:35:03.227+0000] {logging_mixin.py:188} INFO - 🌐 Membuka Chromium...
[2026-05-17T11:35:03.459+0000] {logging_mixin.py:188} INFO - 🍪 Inject cookies Shopee...
[2026-05-17T11:35:03.463+0000] {logging_mixin.py:188} INFO - ✅ 16 cookies berhasil diload dari /opt/airflow/dags/shopee_cookies.json
[2026-05-17T11:35:03.566+0000] {logging_mixin.py:188} INFO - 🌍 Membuka Shopee search...
[2026-05-17T11:35:09.341+0000] {logging_mixin.py:188} INFO - 📄 URL   : https://shopee.co.id/search?keyword=msi%20gaming
[2026-05-17T11:35:09.481+0000] {logging_mixin.py:188} INFO - 📄 TITLE : Shopee Indonesia | Situs Belanja Online Terlengkap & Terpercaya
[2026-05-17T11:35:10.283+0000] {logging_mixin.py:188} INFO - ❌ Kena traffic verify — cookies mungkin expired.
[2026-05-17T11:35:10.284+0000] {logging_mixin.py:188} INFO - ⚠️  Export ulang cookies dari Chrome dan update shopee_cookies.json
[2026-05-17T11:35:13.115+0000] {logging_mixin.py:188} INFO - [2026-05-17T11:35:13.108+0000] {dagbag.py:355} ERROR - Failed to import: /opt/airflow/dags/playwright_shopee.py
Traceback (most recent call last):
  File "/home/airflow/.local/lib/python3.8/site-packages/airflow/models/dagbag.py", line 351, in parse
    loader.exec_module(new_module)
  File "<frozen importlib._bootstrap_external>", line 843, in exec_module
  File "<frozen importlib._bootstrap>", line 219, in _call_with_frames_removed
  File "/opt/airflow/dags/playwright_shopee.py", line 218, in <module>
    raise RuntimeError(
RuntimeError: Shopee traffic verify detected. Update shopee_cookies.json dari Cookie-Editor.
[2026-05-17T11:35:13.121+0000] {processor.py:842} WARNING - No viable dags retrieved from /opt/airflow/dags/playwright_shopee.py
[2026-05-17T11:35:13.210+0000] {processor.py:183} INFO - Processing /opt/airflow/dags/playwright_shopee.py took 10.447 seconds
[2026-05-17T11:35:43.555+0000] {processor.py:161} INFO - Started process (PID=28440) to work on /opt/airflow/dags/playwright_shopee.py
[2026-05-17T11:35:43.556+0000] {processor.py:830} INFO - Processing file /opt/airflow/dags/playwright_shopee.py for tasks to queue
[2026-05-17T11:35:43.557+0000] {logging_mixin.py:188} INFO - [2026-05-17T11:35:43.557+0000] {dagbag.py:545} INFO - Filling up the DagBag from /opt/airflow/dags/playwright_shopee.py
[2026-05-17T11:35:43.974+0000] {logging_mixin.py:188} INFO - 🌐 Membuka Chromium...
[2026-05-17T11:35:44.238+0000] {logging_mixin.py:188} INFO - 🍪 Inject cookies Shopee...
[2026-05-17T11:35:44.246+0000] {logging_mixin.py:188} INFO - ✅ 16 cookies berhasil diload dari /opt/airflow/dags/shopee_cookies.json
[2026-05-17T11:35:44.350+0000] {logging_mixin.py:188} INFO - 🌍 Membuka Shopee search...
[2026-05-17T11:35:51.253+0000] {logging_mixin.py:188} INFO - 📄 URL   : https://shopee.co.id/search?keyword=msi%20gaming
[2026-05-17T11:35:51.565+0000] {logging_mixin.py:188} INFO - 📄 TITLE : Shopee Indonesia | Situs Belanja Online Terlengkap & Terpercaya
[2026-05-17T11:35:52.403+0000] {logging_mixin.py:188} INFO - ❌ Kena traffic verify — cookies mungkin expired.
[2026-05-17T11:35:52.404+0000] {logging_mixin.py:188} INFO - ⚠️  Export ulang cookies dari Chrome dan update shopee_cookies.json
[2026-05-17T11:35:52.851+0000] {logging_mixin.py:188} INFO - [2026-05-17T11:35:52.850+0000] {dagbag.py:355} ERROR - Failed to import: /opt/airflow/dags/playwright_shopee.py
Traceback (most recent call last):
  File "/home/airflow/.local/lib/python3.8/site-packages/airflow/models/dagbag.py", line 351, in parse
    loader.exec_module(new_module)
  File "<frozen importlib._bootstrap_external>", line 843, in exec_module
  File "<frozen importlib._bootstrap>", line 219, in _call_with_frames_removed
  File "/opt/airflow/dags/playwright_shopee.py", line 218, in <module>
    raise RuntimeError(
RuntimeError: Shopee traffic verify detected. Update shopee_cookies.json dari Cookie-Editor.
[2026-05-17T11:35:52.853+0000] {processor.py:842} WARNING - No viable dags retrieved from /opt/airflow/dags/playwright_shopee.py
[2026-05-17T11:35:52.879+0000] {processor.py:183} INFO - Processing /opt/airflow/dags/playwright_shopee.py took 9.332 seconds
[2026-05-17T11:36:23.177+0000] {processor.py:161} INFO - Started process (PID=28560) to work on /opt/airflow/dags/playwright_shopee.py
[2026-05-17T11:36:23.178+0000] {processor.py:830} INFO - Processing file /opt/airflow/dags/playwright_shopee.py for tasks to queue
[2026-05-17T11:36:23.180+0000] {logging_mixin.py:188} INFO - [2026-05-17T11:36:23.179+0000] {dagbag.py:545} INFO - Filling up the DagBag from /opt/airflow/dags/playwright_shopee.py
[2026-05-17T11:36:23.609+0000] {logging_mixin.py:188} INFO - 🌐 Membuka Chromium...
[2026-05-17T11:36:23.880+0000] {logging_mixin.py:188} INFO - 🍪 Inject cookies Shopee...
[2026-05-17T11:36:23.884+0000] {logging_mixin.py:188} INFO - ✅ 16 cookies berhasil diload dari /opt/airflow/dags/shopee_cookies.json
[2026-05-17T11:36:23.991+0000] {logging_mixin.py:188} INFO - 🌍 Membuka Shopee search...
[2026-05-17T11:36:32.791+0000] {logging_mixin.py:188} INFO - 📄 URL   : https://shopee.co.id/search?keyword=msi%20gaming
[2026-05-17T11:36:32.973+0000] {logging_mixin.py:188} INFO - 📄 TITLE : Shopee Indonesia | Situs Belanja Online Terlengkap & Terpercaya
[2026-05-17T11:36:34.123+0000] {logging_mixin.py:188} INFO - ❌ Kena traffic verify — cookies mungkin expired.
[2026-05-17T11:36:34.123+0000] {logging_mixin.py:188} INFO - ⚠️  Export ulang cookies dari Chrome dan update shopee_cookies.json
[2026-05-17T11:36:34.457+0000] {logging_mixin.py:188} INFO - [2026-05-17T11:36:34.456+0000] {dagbag.py:355} ERROR - Failed to import: /opt/airflow/dags/playwright_shopee.py
Traceback (most recent call last):
  File "/home/airflow/.local/lib/python3.8/site-packages/airflow/models/dagbag.py", line 351, in parse
    loader.exec_module(new_module)
  File "<frozen importlib._bootstrap_external>", line 843, in exec_module
  File "<frozen importlib._bootstrap>", line 219, in _call_with_frames_removed
  File "/opt/airflow/dags/playwright_shopee.py", line 218, in <module>
    raise RuntimeError(
RuntimeError: Shopee traffic verify detected. Update shopee_cookies.json dari Cookie-Editor.
[2026-05-17T11:36:34.459+0000] {processor.py:842} WARNING - No viable dags retrieved from /opt/airflow/dags/playwright_shopee.py
[2026-05-17T11:36:34.489+0000] {processor.py:183} INFO - Processing /opt/airflow/dags/playwright_shopee.py took 11.319 seconds
[2026-05-17T11:37:04.834+0000] {processor.py:161} INFO - Started process (PID=28686) to work on /opt/airflow/dags/playwright_shopee.py
[2026-05-17T11:37:04.835+0000] {processor.py:830} INFO - Processing file /opt/airflow/dags/playwright_shopee.py for tasks to queue
[2026-05-17T11:37:04.837+0000] {logging_mixin.py:188} INFO - [2026-05-17T11:37:04.837+0000] {dagbag.py:545} INFO - Filling up the DagBag from /opt/airflow/dags/playwright_shopee.py
[2026-05-17T11:37:05.282+0000] {logging_mixin.py:188} INFO - 🌐 Membuka Chromium...
[2026-05-17T11:37:05.535+0000] {logging_mixin.py:188} INFO - 🍪 Inject cookies Shopee...
[2026-05-17T11:37:05.538+0000] {logging_mixin.py:188} INFO - ✅ 16 cookies berhasil diload dari /opt/airflow/dags/shopee_cookies.json
[2026-05-17T11:37:05.652+0000] {logging_mixin.py:188} INFO - 🌍 Membuka Shopee search...
[2026-05-17T11:37:13.281+0000] {logging_mixin.py:188} INFO - 📄 URL   : https://shopee.co.id/search?keyword=msi%20gaming
[2026-05-17T11:37:13.779+0000] {logging_mixin.py:188} INFO - 📄 TITLE : Shopee Indonesia | Situs Belanja Online Terlengkap & Terpercaya
[2026-05-17T11:37:14.336+0000] {logging_mixin.py:188} INFO - ❌ Kena traffic verify — cookies mungkin expired.
[2026-05-17T11:37:14.338+0000] {logging_mixin.py:188} INFO - ⚠️  Export ulang cookies dari Chrome dan update shopee_cookies.json
[2026-05-17T11:37:14.979+0000] {logging_mixin.py:188} INFO - [2026-05-17T11:37:14.978+0000] {dagbag.py:355} ERROR - Failed to import: /opt/airflow/dags/playwright_shopee.py
Traceback (most recent call last):
  File "/home/airflow/.local/lib/python3.8/site-packages/airflow/models/dagbag.py", line 351, in parse
    loader.exec_module(new_module)
  File "<frozen importlib._bootstrap_external>", line 843, in exec_module
  File "<frozen importlib._bootstrap>", line 219, in _call_with_frames_removed
  File "/opt/airflow/dags/playwright_shopee.py", line 218, in <module>
    raise RuntimeError(
RuntimeError: Shopee traffic verify detected. Update shopee_cookies.json dari Cookie-Editor.
[2026-05-17T11:37:14.980+0000] {processor.py:842} WARNING - No viable dags retrieved from /opt/airflow/dags/playwright_shopee.py
[2026-05-17T11:37:15.003+0000] {processor.py:183} INFO - Processing /opt/airflow/dags/playwright_shopee.py took 10.175 seconds
[2026-05-17T11:37:45.312+0000] {processor.py:161} INFO - Started process (PID=28809) to work on /opt/airflow/dags/playwright_shopee.py
[2026-05-17T11:37:45.314+0000] {processor.py:830} INFO - Processing file /opt/airflow/dags/playwright_shopee.py for tasks to queue
[2026-05-17T11:37:45.316+0000] {logging_mixin.py:188} INFO - [2026-05-17T11:37:45.315+0000] {dagbag.py:545} INFO - Filling up the DagBag from /opt/airflow/dags/playwright_shopee.py
[2026-05-17T11:37:45.778+0000] {logging_mixin.py:188} INFO - 🌐 Membuka Chromium...
[2026-05-17T11:37:46.048+0000] {logging_mixin.py:188} INFO - 🍪 Inject cookies Shopee...
[2026-05-17T11:37:46.052+0000] {logging_mixin.py:188} INFO - ✅ 16 cookies berhasil diload dari /opt/airflow/dags/shopee_cookies.json
[2026-05-17T11:37:46.208+0000] {logging_mixin.py:188} INFO - 🌍 Membuka Shopee search...
[2026-05-17T11:37:53.779+0000] {logging_mixin.py:188} INFO - 📄 URL   : https://shopee.co.id/search?keyword=msi%20gaming
[2026-05-17T11:37:54.130+0000] {logging_mixin.py:188} INFO - 📄 TITLE : Shopee Indonesia | Situs Belanja Online Terlengkap & Terpercaya
[2026-05-17T11:37:54.828+0000] {logging_mixin.py:188} INFO - ❌ Kena traffic verify — cookies mungkin expired.
[2026-05-17T11:37:54.829+0000] {logging_mixin.py:188} INFO - ⚠️  Export ulang cookies dari Chrome dan update shopee_cookies.json
[2026-05-17T11:37:55.525+0000] {logging_mixin.py:188} INFO - [2026-05-17T11:37:55.524+0000] {dagbag.py:355} ERROR - Failed to import: /opt/airflow/dags/playwright_shopee.py
Traceback (most recent call last):
  File "/home/airflow/.local/lib/python3.8/site-packages/airflow/models/dagbag.py", line 351, in parse
    loader.exec_module(new_module)
  File "<frozen importlib._bootstrap_external>", line 843, in exec_module
  File "<frozen importlib._bootstrap>", line 219, in _call_with_frames_removed
  File "/opt/airflow/dags/playwright_shopee.py", line 218, in <module>
    raise RuntimeError(
RuntimeError: Shopee traffic verify detected. Update shopee_cookies.json dari Cookie-Editor.
[2026-05-17T11:37:55.526+0000] {processor.py:842} WARNING - No viable dags retrieved from /opt/airflow/dags/playwright_shopee.py
[2026-05-17T11:37:55.554+0000] {processor.py:183} INFO - Processing /opt/airflow/dags/playwright_shopee.py took 10.251 seconds
[2026-05-17T11:38:25.837+0000] {processor.py:161} INFO - Started process (PID=28930) to work on /opt/airflow/dags/playwright_shopee.py
[2026-05-17T11:38:25.838+0000] {processor.py:830} INFO - Processing file /opt/airflow/dags/playwright_shopee.py for tasks to queue
[2026-05-17T11:38:25.840+0000] {logging_mixin.py:188} INFO - [2026-05-17T11:38:25.840+0000] {dagbag.py:545} INFO - Filling up the DagBag from /opt/airflow/dags/playwright_shopee.py
[2026-05-17T11:38:26.282+0000] {logging_mixin.py:188} INFO - 🌐 Membuka Chromium...
[2026-05-17T11:38:26.531+0000] {logging_mixin.py:188} INFO - 🍪 Inject cookies Shopee...
[2026-05-17T11:38:26.535+0000] {logging_mixin.py:188} INFO - ✅ 16 cookies berhasil diload dari /opt/airflow/dags/shopee_cookies.json
[2026-05-17T11:38:26.733+0000] {logging_mixin.py:188} INFO - 🌍 Membuka Shopee search...
[2026-05-17T11:38:34.935+0000] {logging_mixin.py:188} INFO - 📄 URL   : https://shopee.co.id/search?keyword=msi%20gaming
[2026-05-17T11:38:35.067+0000] {logging_mixin.py:188} INFO - 📄 TITLE : Shopee Indonesia | Situs Belanja Online Terlengkap & Terpercaya
[2026-05-17T11:38:35.305+0000] {logging_mixin.py:188} INFO - ❌ Kena traffic verify — cookies mungkin expired.
[2026-05-17T11:38:35.306+0000] {logging_mixin.py:188} INFO - ⚠️  Export ulang cookies dari Chrome dan update shopee_cookies.json
[2026-05-17T11:38:36.006+0000] {logging_mixin.py:188} INFO - [2026-05-17T11:38:36.004+0000] {dagbag.py:355} ERROR - Failed to import: /opt/airflow/dags/playwright_shopee.py
Traceback (most recent call last):
  File "/home/airflow/.local/lib/python3.8/site-packages/airflow/models/dagbag.py", line 351, in parse
    loader.exec_module(new_module)
  File "<frozen importlib._bootstrap_external>", line 843, in exec_module
  File "<frozen importlib._bootstrap>", line 219, in _call_with_frames_removed
  File "/opt/airflow/dags/playwright_shopee.py", line 218, in <module>
    raise RuntimeError(
RuntimeError: Shopee traffic verify detected. Update shopee_cookies.json dari Cookie-Editor.
[2026-05-17T11:38:36.008+0000] {processor.py:842} WARNING - No viable dags retrieved from /opt/airflow/dags/playwright_shopee.py
[2026-05-17T11:38:36.034+0000] {processor.py:183} INFO - Processing /opt/airflow/dags/playwright_shopee.py took 10.205 seconds
[2026-05-17T11:39:06.315+0000] {processor.py:161} INFO - Started process (PID=29052) to work on /opt/airflow/dags/playwright_shopee.py
[2026-05-17T11:39:06.316+0000] {processor.py:830} INFO - Processing file /opt/airflow/dags/playwright_shopee.py for tasks to queue
[2026-05-17T11:39:06.319+0000] {logging_mixin.py:188} INFO - [2026-05-17T11:39:06.318+0000] {dagbag.py:545} INFO - Filling up the DagBag from /opt/airflow/dags/playwright_shopee.py
[2026-05-17T11:39:06.757+0000] {logging_mixin.py:188} INFO - 🌐 Membuka Chromium...
[2026-05-17T11:39:06.971+0000] {logging_mixin.py:188} INFO - 🍪 Inject cookies Shopee...
[2026-05-17T11:39:06.975+0000] {logging_mixin.py:188} INFO - ✅ 16 cookies berhasil diload dari /opt/airflow/dags/shopee_cookies.json
[2026-05-17T11:39:07.082+0000] {logging_mixin.py:188} INFO - 🌍 Membuka Shopee search...
[2026-05-17T11:39:15.543+0000] {logging_mixin.py:188} INFO - 📄 URL   : https://shopee.co.id/search?keyword=msi%20gaming
[2026-05-17T11:39:15.743+0000] {logging_mixin.py:188} INFO - 📄 TITLE : Shopee Indonesia | Situs Belanja Online Terlengkap & Terpercaya
[2026-05-17T11:39:16.501+0000] {logging_mixin.py:188} INFO - ❌ Kena traffic verify — cookies mungkin expired.
[2026-05-17T11:39:16.501+0000] {logging_mixin.py:188} INFO - ⚠️  Export ulang cookies dari Chrome dan update shopee_cookies.json
[2026-05-17T11:39:17.194+0000] {logging_mixin.py:188} INFO - [2026-05-17T11:39:17.193+0000] {dagbag.py:355} ERROR - Failed to import: /opt/airflow/dags/playwright_shopee.py
Traceback (most recent call last):
  File "/home/airflow/.local/lib/python3.8/site-packages/airflow/models/dagbag.py", line 351, in parse
    loader.exec_module(new_module)
  File "<frozen importlib._bootstrap_external>", line 843, in exec_module
  File "<frozen importlib._bootstrap>", line 219, in _call_with_frames_removed
  File "/opt/airflow/dags/playwright_shopee.py", line 218, in <module>
    raise RuntimeError(
RuntimeError: Shopee traffic verify detected. Update shopee_cookies.json dari Cookie-Editor.
[2026-05-17T11:39:17.195+0000] {processor.py:842} WARNING - No viable dags retrieved from /opt/airflow/dags/playwright_shopee.py
[2026-05-17T11:39:17.222+0000] {processor.py:183} INFO - Processing /opt/airflow/dags/playwright_shopee.py took 10.916 seconds
[2026-05-17T11:39:48.014+0000] {processor.py:161} INFO - Started process (PID=29177) to work on /opt/airflow/dags/playwright_shopee.py
[2026-05-17T11:39:48.015+0000] {processor.py:830} INFO - Processing file /opt/airflow/dags/playwright_shopee.py for tasks to queue
[2026-05-17T11:39:48.018+0000] {logging_mixin.py:188} INFO - [2026-05-17T11:39:48.018+0000] {dagbag.py:545} INFO - Filling up the DagBag from /opt/airflow/dags/playwright_shopee.py
[2026-05-17T11:39:48.439+0000] {logging_mixin.py:188} INFO - 🌐 Membuka Chromium...
[2026-05-17T11:39:48.677+0000] {logging_mixin.py:188} INFO - 🍪 Inject cookies Shopee...
[2026-05-17T11:39:48.682+0000] {logging_mixin.py:188} INFO - ✅ 16 cookies berhasil diload dari /opt/airflow/dags/shopee_cookies.json
[2026-05-17T11:39:48.785+0000] {logging_mixin.py:188} INFO - 🌍 Membuka Shopee search...
[2026-05-17T11:39:55.679+0000] {logging_mixin.py:188} INFO - 📄 URL   : https://shopee.co.id/search?keyword=msi%20gaming
[2026-05-17T11:39:55.947+0000] {logging_mixin.py:188} INFO - 📄 TITLE : Shopee Indonesia | Situs Belanja Online Terlengkap & Terpercaya
[2026-05-17T11:39:56.500+0000] {logging_mixin.py:188} INFO - ❌ Kena traffic verify — cookies mungkin expired.
[2026-05-17T11:39:56.501+0000] {logging_mixin.py:188} INFO - ⚠️  Export ulang cookies dari Chrome dan update shopee_cookies.json
[2026-05-17T11:39:57.043+0000] {logging_mixin.py:188} INFO - [2026-05-17T11:39:57.041+0000] {dagbag.py:355} ERROR - Failed to import: /opt/airflow/dags/playwright_shopee.py
Traceback (most recent call last):
  File "/home/airflow/.local/lib/python3.8/site-packages/airflow/models/dagbag.py", line 351, in parse
    loader.exec_module(new_module)
  File "<frozen importlib._bootstrap_external>", line 843, in exec_module
  File "<frozen importlib._bootstrap>", line 219, in _call_with_frames_removed
  File "/opt/airflow/dags/playwright_shopee.py", line 218, in <module>
    raise RuntimeError(
RuntimeError: Shopee traffic verify detected. Update shopee_cookies.json dari Cookie-Editor.
[2026-05-17T11:39:57.047+0000] {processor.py:842} WARNING - No viable dags retrieved from /opt/airflow/dags/playwright_shopee.py
[2026-05-17T11:39:57.106+0000] {processor.py:183} INFO - Processing /opt/airflow/dags/playwright_shopee.py took 9.099 seconds
[2026-05-17T11:40:27.447+0000] {processor.py:161} INFO - Started process (PID=29295) to work on /opt/airflow/dags/playwright_shopee.py
[2026-05-17T11:40:27.448+0000] {processor.py:830} INFO - Processing file /opt/airflow/dags/playwright_shopee.py for tasks to queue
[2026-05-17T11:40:27.450+0000] {logging_mixin.py:188} INFO - [2026-05-17T11:40:27.450+0000] {dagbag.py:545} INFO - Filling up the DagBag from /opt/airflow/dags/playwright_shopee.py
[2026-05-17T11:40:27.916+0000] {logging_mixin.py:188} INFO - 🌐 Membuka Chromium...
[2026-05-17T11:40:28.180+0000] {logging_mixin.py:188} INFO - 🍪 Inject cookies Shopee...
[2026-05-17T11:40:28.183+0000] {logging_mixin.py:188} INFO - ✅ 16 cookies berhasil diload dari /opt/airflow/dags/shopee_cookies.json
[2026-05-17T11:40:28.284+0000] {logging_mixin.py:188} INFO - 🌍 Membuka Shopee search...
[2026-05-17T11:40:36.680+0000] {logging_mixin.py:188} INFO - 📄 URL   : https://shopee.co.id/search?keyword=msi%20gaming
[2026-05-17T11:40:36.766+0000] {logging_mixin.py:188} INFO - 📄 TITLE : Shopee Indonesia | Situs Belanja Online Terlengkap & Terpercaya
[2026-05-17T11:40:37.438+0000] {logging_mixin.py:188} INFO - ❌ Kena traffic verify — cookies mungkin expired.
[2026-05-17T11:40:37.439+0000] {logging_mixin.py:188} INFO - ⚠️  Export ulang cookies dari Chrome dan update shopee_cookies.json
[2026-05-17T11:40:38.398+0000] {logging_mixin.py:188} INFO - [2026-05-17T11:40:38.397+0000] {dagbag.py:355} ERROR - Failed to import: /opt/airflow/dags/playwright_shopee.py
Traceback (most recent call last):
  File "/home/airflow/.local/lib/python3.8/site-packages/airflow/models/dagbag.py", line 351, in parse
    loader.exec_module(new_module)
  File "<frozen importlib._bootstrap_external>", line 843, in exec_module
  File "<frozen importlib._bootstrap>", line 219, in _call_with_frames_removed
  File "/opt/airflow/dags/playwright_shopee.py", line 218, in <module>
    raise RuntimeError(
RuntimeError: Shopee traffic verify detected. Update shopee_cookies.json dari Cookie-Editor.
[2026-05-17T11:40:38.399+0000] {processor.py:842} WARNING - No viable dags retrieved from /opt/airflow/dags/playwright_shopee.py
[2026-05-17T11:40:38.425+0000] {processor.py:183} INFO - Processing /opt/airflow/dags/playwright_shopee.py took 10.985 seconds
[2026-05-17T11:41:08.908+0000] {processor.py:161} INFO - Started process (PID=29415) to work on /opt/airflow/dags/playwright_shopee.py
[2026-05-17T11:41:08.910+0000] {processor.py:830} INFO - Processing file /opt/airflow/dags/playwright_shopee.py for tasks to queue
[2026-05-17T11:41:08.911+0000] {logging_mixin.py:188} INFO - [2026-05-17T11:41:08.911+0000] {dagbag.py:545} INFO - Filling up the DagBag from /opt/airflow/dags/playwright_shopee.py
[2026-05-17T11:41:09.393+0000] {logging_mixin.py:188} INFO - 🌐 Membuka Chromium...
[2026-05-17T11:41:09.612+0000] {logging_mixin.py:188} INFO - 🍪 Inject cookies Shopee...
[2026-05-17T11:41:09.615+0000] {logging_mixin.py:188} INFO - ✅ 16 cookies berhasil diload dari /opt/airflow/dags/shopee_cookies.json
[2026-05-17T11:41:09.715+0000] {logging_mixin.py:188} INFO - 🌍 Membuka Shopee search...
[2026-05-17T11:41:16.229+0000] {logging_mixin.py:188} INFO - 📄 URL   : https://shopee.co.id/search?keyword=msi%20gaming
[2026-05-17T11:41:16.810+0000] {logging_mixin.py:188} INFO - 📄 TITLE : 
[2026-05-17T11:41:18.064+0000] {logging_mixin.py:188} INFO - ❌ Kena traffic verify — cookies mungkin expired.
[2026-05-17T11:41:18.066+0000] {logging_mixin.py:188} INFO - ⚠️  Export ulang cookies dari Chrome dan update shopee_cookies.json
[2026-05-17T11:41:18.745+0000] {logging_mixin.py:188} INFO - [2026-05-17T11:41:18.744+0000] {dagbag.py:355} ERROR - Failed to import: /opt/airflow/dags/playwright_shopee.py
Traceback (most recent call last):
  File "/home/airflow/.local/lib/python3.8/site-packages/airflow/models/dagbag.py", line 351, in parse
    loader.exec_module(new_module)
  File "<frozen importlib._bootstrap_external>", line 843, in exec_module
  File "<frozen importlib._bootstrap>", line 219, in _call_with_frames_removed
  File "/opt/airflow/dags/playwright_shopee.py", line 218, in <module>
    raise RuntimeError(
RuntimeError: Shopee traffic verify detected. Update shopee_cookies.json dari Cookie-Editor.
[2026-05-17T11:41:18.747+0000] {processor.py:842} WARNING - No viable dags retrieved from /opt/airflow/dags/playwright_shopee.py
[2026-05-17T11:41:18.772+0000] {processor.py:183} INFO - Processing /opt/airflow/dags/playwright_shopee.py took 9.873 seconds
[2026-05-17T11:41:49.473+0000] {processor.py:161} INFO - Started process (PID=29540) to work on /opt/airflow/dags/playwright_shopee.py
[2026-05-17T11:41:49.474+0000] {processor.py:830} INFO - Processing file /opt/airflow/dags/playwright_shopee.py for tasks to queue
[2026-05-17T11:41:49.476+0000] {logging_mixin.py:188} INFO - [2026-05-17T11:41:49.476+0000] {dagbag.py:545} INFO - Filling up the DagBag from /opt/airflow/dags/playwright_shopee.py
[2026-05-17T11:41:49.896+0000] {logging_mixin.py:188} INFO - 🌐 Membuka Chromium...
[2026-05-17T11:41:50.104+0000] {logging_mixin.py:188} INFO - 🍪 Inject cookies Shopee...
[2026-05-17T11:41:50.108+0000] {logging_mixin.py:188} INFO - ✅ 16 cookies berhasil diload dari /opt/airflow/dags/shopee_cookies.json
[2026-05-17T11:41:50.213+0000] {logging_mixin.py:188} INFO - 🌍 Membuka Shopee search...
[2026-05-17T11:41:57.622+0000] {logging_mixin.py:188} INFO - 📄 URL   : https://shopee.co.id/search?keyword=msi%20gaming
[2026-05-17T11:41:58.414+0000] {logging_mixin.py:188} INFO - 📄 TITLE : Shopee Indonesia | Situs Belanja Online Terlengkap & Terpercaya
[2026-05-17T11:41:59.091+0000] {logging_mixin.py:188} INFO - ❌ Kena traffic verify — cookies mungkin expired.
[2026-05-17T11:41:59.092+0000] {logging_mixin.py:188} INFO - ⚠️  Export ulang cookies dari Chrome dan update shopee_cookies.json
[2026-05-17T11:41:59.597+0000] {logging_mixin.py:188} INFO - [2026-05-17T11:41:59.594+0000] {dagbag.py:355} ERROR - Failed to import: /opt/airflow/dags/playwright_shopee.py
Traceback (most recent call last):
  File "/home/airflow/.local/lib/python3.8/site-packages/airflow/models/dagbag.py", line 351, in parse
    loader.exec_module(new_module)
  File "<frozen importlib._bootstrap_external>", line 843, in exec_module
  File "<frozen importlib._bootstrap>", line 219, in _call_with_frames_removed
  File "/opt/airflow/dags/playwright_shopee.py", line 218, in <module>
    raise RuntimeError(
RuntimeError: Shopee traffic verify detected. Update shopee_cookies.json dari Cookie-Editor.
[2026-05-17T11:41:59.601+0000] {processor.py:842} WARNING - No viable dags retrieved from /opt/airflow/dags/playwright_shopee.py
[2026-05-17T11:41:59.644+0000] {processor.py:183} INFO - Processing /opt/airflow/dags/playwright_shopee.py took 10.177 seconds
[2026-05-17T11:42:30.022+0000] {processor.py:161} INFO - Started process (PID=29660) to work on /opt/airflow/dags/playwright_shopee.py
[2026-05-17T11:42:30.024+0000] {processor.py:830} INFO - Processing file /opt/airflow/dags/playwright_shopee.py for tasks to queue
[2026-05-17T11:42:30.027+0000] {logging_mixin.py:188} INFO - [2026-05-17T11:42:30.027+0000] {dagbag.py:545} INFO - Filling up the DagBag from /opt/airflow/dags/playwright_shopee.py
[2026-05-17T11:42:30.764+0000] {logging_mixin.py:188} INFO - 🌐 Membuka Chromium...
[2026-05-17T11:42:31.106+0000] {logging_mixin.py:188} INFO - 🍪 Inject cookies Shopee...
[2026-05-17T11:42:31.112+0000] {logging_mixin.py:188} INFO - ✅ 16 cookies berhasil diload dari /opt/airflow/dags/shopee_cookies.json
[2026-05-17T11:42:31.284+0000] {logging_mixin.py:188} INFO - 🌍 Membuka Shopee search...
[2026-05-17T11:42:38.791+0000] {logging_mixin.py:188} INFO - 📄 URL   : https://shopee.co.id/search?keyword=msi%20gaming
[2026-05-17T11:42:39.924+0000] {logging_mixin.py:188} INFO - 📄 TITLE : Jual msi gaming Harga Terbaik & Termurah Mei 2026 | Shopee Indonesia
[2026-05-17T11:42:42.547+0000] {logging_mixin.py:188} INFO - ❌ Kena traffic verify — cookies mungkin expired.
[2026-05-17T11:42:42.549+0000] {logging_mixin.py:188} INFO - ⚠️  Export ulang cookies dari Chrome dan update shopee_cookies.json
[2026-05-17T11:42:42.936+0000] {logging_mixin.py:188} INFO - [2026-05-17T11:42:42.934+0000] {dagbag.py:355} ERROR - Failed to import: /opt/airflow/dags/playwright_shopee.py
Traceback (most recent call last):
  File "/home/airflow/.local/lib/python3.8/site-packages/airflow/models/dagbag.py", line 351, in parse
    loader.exec_module(new_module)
  File "<frozen importlib._bootstrap_external>", line 843, in exec_module
  File "<frozen importlib._bootstrap>", line 219, in _call_with_frames_removed
  File "/opt/airflow/dags/playwright_shopee.py", line 218, in <module>
    raise RuntimeError(
RuntimeError: Shopee traffic verify detected. Update shopee_cookies.json dari Cookie-Editor.
[2026-05-17T11:42:42.938+0000] {processor.py:842} WARNING - No viable dags retrieved from /opt/airflow/dags/playwright_shopee.py
[2026-05-17T11:42:42.972+0000] {processor.py:183} INFO - Processing /opt/airflow/dags/playwright_shopee.py took 12.961 seconds
[2026-05-17T11:43:13.357+0000] {processor.py:161} INFO - Started process (PID=29782) to work on /opt/airflow/dags/playwright_shopee.py
[2026-05-17T11:43:13.359+0000] {processor.py:830} INFO - Processing file /opt/airflow/dags/playwright_shopee.py for tasks to queue
[2026-05-17T11:43:13.362+0000] {logging_mixin.py:188} INFO - [2026-05-17T11:43:13.361+0000] {dagbag.py:545} INFO - Filling up the DagBag from /opt/airflow/dags/playwright_shopee.py
[2026-05-17T11:43:14.132+0000] {logging_mixin.py:188} INFO - 🌐 Membuka Chromium...
[2026-05-17T11:43:14.430+0000] {logging_mixin.py:188} INFO - 🍪 Inject cookies Shopee...
[2026-05-17T11:43:14.438+0000] {logging_mixin.py:188} INFO - ✅ 16 cookies berhasil diload dari /opt/airflow/dags/shopee_cookies.json
[2026-05-17T11:43:14.619+0000] {logging_mixin.py:188} INFO - 🌍 Membuka Shopee search...
[2026-05-17T11:43:21.813+0000] {logging_mixin.py:188} INFO - 📄 URL   : https://shopee.co.id/search?keyword=msi%20gaming
[2026-05-17T11:43:22.088+0000] {logging_mixin.py:188} INFO - 📄 TITLE : Shopee Indonesia | Situs Belanja Online Terlengkap & Terpercaya
[2026-05-17T11:43:25.206+0000] {logging_mixin.py:188} INFO - ❌ Cookies tidak valid atau sudah expired.
[2026-05-17T11:43:25.473+0000] {logging_mixin.py:188} INFO - [2026-05-17T11:43:25.470+0000] {dagbag.py:355} ERROR - Failed to import: /opt/airflow/dags/playwright_shopee.py
Traceback (most recent call last):
  File "/home/airflow/.local/lib/python3.8/site-packages/airflow/models/dagbag.py", line 351, in parse
    loader.exec_module(new_module)
  File "<frozen importlib._bootstrap_external>", line 843, in exec_module
  File "<frozen importlib._bootstrap>", line 219, in _call_with_frames_removed
  File "/opt/airflow/dags/playwright_shopee.py", line 228, in <module>
    raise RuntimeError("Cookies tidak valid. Export ulang dari Chrome.")
RuntimeError: Cookies tidak valid. Export ulang dari Chrome.
[2026-05-17T11:43:25.478+0000] {processor.py:842} WARNING - No viable dags retrieved from /opt/airflow/dags/playwright_shopee.py
[2026-05-17T11:43:25.550+0000] {processor.py:183} INFO - Processing /opt/airflow/dags/playwright_shopee.py took 12.204 seconds
[2026-05-17T11:43:56.060+0000] {processor.py:161} INFO - Started process (PID=29900) to work on /opt/airflow/dags/playwright_shopee.py
[2026-05-17T11:43:56.062+0000] {processor.py:830} INFO - Processing file /opt/airflow/dags/playwright_shopee.py for tasks to queue
[2026-05-17T11:43:56.066+0000] {logging_mixin.py:188} INFO - [2026-05-17T11:43:56.065+0000] {dagbag.py:545} INFO - Filling up the DagBag from /opt/airflow/dags/playwright_shopee.py
[2026-05-17T11:43:57.148+0000] {logging_mixin.py:188} INFO - 🌐 Membuka Chromium...
[2026-05-17T11:43:57.725+0000] {logging_mixin.py:188} INFO - 🍪 Inject cookies Shopee...
[2026-05-17T11:43:57.730+0000] {logging_mixin.py:188} INFO - ✅ 16 cookies berhasil diload dari /opt/airflow/dags/shopee_cookies.json
[2026-05-17T11:43:58.039+0000] {logging_mixin.py:188} INFO - 🌍 Membuka Shopee search...
[2026-05-17T11:44:05.219+0000] {logging_mixin.py:188} INFO - 📄 URL   : https://shopee.co.id/search?keyword=msi%20gaming
[2026-05-17T11:44:05.596+0000] {logging_mixin.py:188} INFO - 📄 TITLE : Shopee Indonesia | Situs Belanja Online Terlengkap & Terpercaya
[2026-05-17T11:44:10.291+0000] {logging_mixin.py:188} INFO - ❌ Cookies tidak valid atau sudah expired.
[2026-05-17T11:44:10.659+0000] {logging_mixin.py:188} INFO - [2026-05-17T11:44:10.656+0000] {dagbag.py:355} ERROR - Failed to import: /opt/airflow/dags/playwright_shopee.py
Traceback (most recent call last):
  File "/home/airflow/.local/lib/python3.8/site-packages/airflow/models/dagbag.py", line 351, in parse
    loader.exec_module(new_module)
  File "<frozen importlib._bootstrap_external>", line 843, in exec_module
  File "<frozen importlib._bootstrap>", line 219, in _call_with_frames_removed
  File "/opt/airflow/dags/playwright_shopee.py", line 228, in <module>
    raise RuntimeError("Cookies tidak valid. Export ulang dari Chrome.")
RuntimeError: Cookies tidak valid. Export ulang dari Chrome.
[2026-05-17T11:44:10.661+0000] {processor.py:842} WARNING - No viable dags retrieved from /opt/airflow/dags/playwright_shopee.py
[2026-05-17T11:44:10.723+0000] {processor.py:183} INFO - Processing /opt/airflow/dags/playwright_shopee.py took 14.688 seconds
[2026-05-17T11:44:41.356+0000] {processor.py:161} INFO - Started process (PID=30019) to work on /opt/airflow/dags/playwright_shopee.py
[2026-05-17T11:44:41.360+0000] {processor.py:830} INFO - Processing file /opt/airflow/dags/playwright_shopee.py for tasks to queue
[2026-05-17T11:44:41.367+0000] {logging_mixin.py:188} INFO - [2026-05-17T11:44:41.364+0000] {dagbag.py:545} INFO - Filling up the DagBag from /opt/airflow/dags/playwright_shopee.py
[2026-05-17T11:44:42.417+0000] {logging_mixin.py:188} INFO - 🌐 Membuka Chromium...
[2026-05-17T11:44:43.001+0000] {logging_mixin.py:188} INFO - 🍪 Inject cookies Shopee...
[2026-05-17T11:44:43.007+0000] {logging_mixin.py:188} INFO - ✅ 16 cookies berhasil diload dari /opt/airflow/dags/shopee_cookies.json
[2026-05-17T11:44:43.250+0000] {logging_mixin.py:188} INFO - 🌍 Membuka Shopee search...
[2026-05-17T11:44:51.826+0000] {logging_mixin.py:188} INFO - 📄 URL   : https://shopee.co.id/search?keyword=msi%20gaming
[2026-05-17T11:44:54.271+0000] {logging_mixin.py:188} INFO - 📄 TITLE : Jual msi gaming Harga Terbaik & Termurah Mei 2026 | Shopee Indonesia
[2026-05-17T11:44:56.156+0000] {logging_mixin.py:188} INFO - ❌ Kena traffic verify — cookies mungkin expired.
[2026-05-17T11:44:56.158+0000] {logging_mixin.py:188} INFO - ⚠️  Export ulang cookies dari Chrome dan update shopee_cookies.json
[2026-05-17T11:45:00.567+0000] {logging_mixin.py:188} INFO - [2026-05-17T11:45:00.564+0000] {dagbag.py:355} ERROR - Failed to import: /opt/airflow/dags/playwright_shopee.py
Traceback (most recent call last):
  File "/home/airflow/.local/lib/python3.8/site-packages/airflow/models/dagbag.py", line 351, in parse
    loader.exec_module(new_module)
  File "<frozen importlib._bootstrap_external>", line 843, in exec_module
  File "<frozen importlib._bootstrap>", line 219, in _call_with_frames_removed
  File "/opt/airflow/dags/playwright_shopee.py", line 218, in <module>
    raise RuntimeError(
RuntimeError: Shopee traffic verify detected. Update shopee_cookies.json dari Cookie-Editor.
[2026-05-17T11:45:00.570+0000] {processor.py:842} WARNING - No viable dags retrieved from /opt/airflow/dags/playwright_shopee.py
[2026-05-17T11:45:00.629+0000] {processor.py:183} INFO - Processing /opt/airflow/dags/playwright_shopee.py took 19.295 seconds
[2026-05-17T11:45:30.985+0000] {processor.py:161} INFO - Started process (PID=30154) to work on /opt/airflow/dags/playwright_shopee.py
[2026-05-17T11:45:30.988+0000] {processor.py:830} INFO - Processing file /opt/airflow/dags/playwright_shopee.py for tasks to queue
[2026-05-17T11:45:30.993+0000] {logging_mixin.py:188} INFO - [2026-05-17T11:45:30.992+0000] {dagbag.py:545} INFO - Filling up the DagBag from /opt/airflow/dags/playwright_shopee.py
[2026-05-17T11:45:32.171+0000] {logging_mixin.py:188} INFO - 🌐 Membuka Chromium...
[2026-05-17T11:45:32.631+0000] {logging_mixin.py:188} INFO - 🍪 Inject cookies Shopee...
[2026-05-17T11:45:32.638+0000] {logging_mixin.py:188} INFO - ✅ 16 cookies berhasil diload dari /opt/airflow/dags/shopee_cookies.json
[2026-05-17T11:45:32.894+0000] {logging_mixin.py:188} INFO - 🌍 Membuka Shopee search...
[2026-05-17T11:45:40.930+0000] {logging_mixin.py:188} INFO - 📄 URL   : https://shopee.co.id/search?keyword=msi%20gaming
[2026-05-17T11:45:41.730+0000] {logging_mixin.py:188} INFO - 📄 TITLE : Shopee Indonesia | Situs Belanja Online Terlengkap & Terpercaya
[2026-05-17T11:45:45.845+0000] {logging_mixin.py:188} INFO - ❌ Cookies tidak valid atau sudah expired.
[2026-05-17T11:45:46.037+0000] {logging_mixin.py:188} INFO - [2026-05-17T11:45:46.035+0000] {dagbag.py:355} ERROR - Failed to import: /opt/airflow/dags/playwright_shopee.py
Traceback (most recent call last):
  File "/home/airflow/.local/lib/python3.8/site-packages/airflow/models/dagbag.py", line 351, in parse
    loader.exec_module(new_module)
  File "<frozen importlib._bootstrap_external>", line 843, in exec_module
  File "<frozen importlib._bootstrap>", line 219, in _call_with_frames_removed
  File "/opt/airflow/dags/playwright_shopee.py", line 228, in <module>
    raise RuntimeError("Cookies tidak valid. Export ulang dari Chrome.")
RuntimeError: Cookies tidak valid. Export ulang dari Chrome.
[2026-05-17T11:45:46.040+0000] {processor.py:842} WARNING - No viable dags retrieved from /opt/airflow/dags/playwright_shopee.py
[2026-05-17T11:45:46.127+0000] {processor.py:183} INFO - Processing /opt/airflow/dags/playwright_shopee.py took 15.167 seconds
[2026-05-17T11:46:16.871+0000] {processor.py:161} INFO - Started process (PID=30274) to work on /opt/airflow/dags/playwright_shopee.py
[2026-05-17T11:46:16.874+0000] {processor.py:830} INFO - Processing file /opt/airflow/dags/playwright_shopee.py for tasks to queue
[2026-05-17T11:46:16.881+0000] {logging_mixin.py:188} INFO - [2026-05-17T11:46:16.880+0000] {dagbag.py:545} INFO - Filling up the DagBag from /opt/airflow/dags/playwright_shopee.py
[2026-05-17T11:46:18.203+0000] {logging_mixin.py:188} INFO - 🌐 Membuka Chromium...
[2026-05-17T11:46:18.811+0000] {logging_mixin.py:188} INFO - 🍪 Inject cookies Shopee...
[2026-05-17T11:46:18.861+0000] {logging_mixin.py:188} INFO - ✅ 16 cookies berhasil diload dari /opt/airflow/dags/shopee_cookies.json
[2026-05-17T11:46:19.413+0000] {logging_mixin.py:188} INFO - 🌍 Membuka Shopee search...
[2026-05-17T11:46:28.343+0000] {logging_mixin.py:188} INFO - 📄 URL   : https://shopee.co.id/search?keyword=msi%20gaming
[2026-05-17T11:46:29.219+0000] {logging_mixin.py:188} INFO - 📄 TITLE : Shopee Indonesia | Situs Belanja Online Terlengkap & Terpercaya
[2026-05-17T11:46:30.961+0000] {logging_mixin.py:188} INFO - ❌ Cookies tidak valid atau sudah expired.
[2026-05-17T11:46:31.272+0000] {logging_mixin.py:188} INFO - [2026-05-17T11:46:31.268+0000] {dagbag.py:355} ERROR - Failed to import: /opt/airflow/dags/playwright_shopee.py
Traceback (most recent call last):
  File "/home/airflow/.local/lib/python3.8/site-packages/airflow/models/dagbag.py", line 351, in parse
    loader.exec_module(new_module)
  File "<frozen importlib._bootstrap_external>", line 843, in exec_module
  File "<frozen importlib._bootstrap>", line 219, in _call_with_frames_removed
  File "/opt/airflow/dags/playwright_shopee.py", line 228, in <module>
    raise RuntimeError("Cookies tidak valid. Export ulang dari Chrome.")
RuntimeError: Cookies tidak valid. Export ulang dari Chrome.
[2026-05-17T11:46:31.276+0000] {processor.py:842} WARNING - No viable dags retrieved from /opt/airflow/dags/playwright_shopee.py
[2026-05-17T11:46:31.361+0000] {processor.py:183} INFO - Processing /opt/airflow/dags/playwright_shopee.py took 14.523 seconds
[2026-05-17T11:47:01.942+0000] {processor.py:161} INFO - Started process (PID=30381) to work on /opt/airflow/dags/playwright_shopee.py
[2026-05-17T11:47:01.944+0000] {processor.py:830} INFO - Processing file /opt/airflow/dags/playwright_shopee.py for tasks to queue
[2026-05-17T11:47:01.949+0000] {logging_mixin.py:188} INFO - [2026-05-17T11:47:01.948+0000] {dagbag.py:545} INFO - Filling up the DagBag from /opt/airflow/dags/playwright_shopee.py
[2026-05-17T11:47:04.320+0000] {logging_mixin.py:188} INFO - 🌐 Membuka Chromium...
[2026-05-17T11:47:07.704+0000] {logging_mixin.py:188} INFO - 🍪 Inject cookies Shopee...
[2026-05-17T11:47:07.713+0000] {logging_mixin.py:188} INFO - ✅ 16 cookies berhasil diload dari /opt/airflow/dags/shopee_cookies.json
[2026-05-17T11:47:08.170+0000] {logging_mixin.py:188} INFO - 🌍 Membuka Shopee search...
[2026-05-17T11:47:15.461+0000] {logging_mixin.py:188} INFO - 📄 URL   : https://shopee.co.id/search?keyword=msi%20gaming
[2026-05-17T11:47:15.934+0000] {logging_mixin.py:188} INFO - 📄 TITLE : Shopee Indonesia | Situs Belanja Online Terlengkap & Terpercaya
[2026-05-17T11:47:19.524+0000] {logging_mixin.py:188} INFO - ❌ Cookies tidak valid atau sudah expired.
[2026-05-17T11:47:19.857+0000] {logging_mixin.py:188} INFO - [2026-05-17T11:47:19.854+0000] {dagbag.py:355} ERROR - Failed to import: /opt/airflow/dags/playwright_shopee.py
Traceback (most recent call last):
  File "/home/airflow/.local/lib/python3.8/site-packages/airflow/models/dagbag.py", line 351, in parse
    loader.exec_module(new_module)
  File "<frozen importlib._bootstrap_external>", line 843, in exec_module
  File "<frozen importlib._bootstrap>", line 219, in _call_with_frames_removed
  File "/opt/airflow/dags/playwright_shopee.py", line 228, in <module>
    raise RuntimeError("Cookies tidak valid. Export ulang dari Chrome.")
RuntimeError: Cookies tidak valid. Export ulang dari Chrome.
[2026-05-17T11:47:19.864+0000] {processor.py:842} WARNING - No viable dags retrieved from /opt/airflow/dags/playwright_shopee.py
[2026-05-17T11:47:20.079+0000] {processor.py:183} INFO - Processing /opt/airflow/dags/playwright_shopee.py took 18.152 seconds
[2026-05-17T11:47:50.444+0000] {processor.py:161} INFO - Started process (PID=30480) to work on /opt/airflow/dags/playwright_shopee.py
[2026-05-17T11:47:50.448+0000] {processor.py:830} INFO - Processing file /opt/airflow/dags/playwright_shopee.py for tasks to queue
[2026-05-17T11:47:50.452+0000] {logging_mixin.py:188} INFO - [2026-05-17T11:47:50.452+0000] {dagbag.py:545} INFO - Filling up the DagBag from /opt/airflow/dags/playwright_shopee.py
[2026-05-17T11:47:51.908+0000] {logging_mixin.py:188} INFO - 🌐 Membuka Chromium...
[2026-05-17T11:47:52.479+0000] {logging_mixin.py:188} INFO - 🍪 Inject cookies Shopee...
[2026-05-17T11:47:52.484+0000] {logging_mixin.py:188} INFO - ✅ 16 cookies berhasil diload dari /opt/airflow/dags/shopee_cookies.json
[2026-05-17T11:47:52.745+0000] {logging_mixin.py:188} INFO - 🌍 Membuka Shopee search...
[2026-05-17T11:47:58.586+0000] {logging_mixin.py:188} INFO - 📄 URL   : https://shopee.co.id/search?keyword=msi%20gaming
[2026-05-17T11:47:58.752+0000] {logging_mixin.py:188} INFO - 📄 TITLE : Shopee Indonesia | Situs Belanja Online Terlengkap & Terpercaya
[2026-05-17T11:48:00.482+0000] {logging_mixin.py:188} INFO - ❌ Cookies tidak valid atau sudah expired.
[2026-05-17T11:48:00.705+0000] {logging_mixin.py:188} INFO - [2026-05-17T11:48:00.703+0000] {dagbag.py:355} ERROR - Failed to import: /opt/airflow/dags/playwright_shopee.py
Traceback (most recent call last):
  File "/home/airflow/.local/lib/python3.8/site-packages/airflow/models/dagbag.py", line 351, in parse
    loader.exec_module(new_module)
  File "<frozen importlib._bootstrap_external>", line 843, in exec_module
  File "<frozen importlib._bootstrap>", line 219, in _call_with_frames_removed
  File "/opt/airflow/dags/playwright_shopee.py", line 228, in <module>
    raise RuntimeError("Cookies tidak valid. Export ulang dari Chrome.")
RuntimeError: Cookies tidak valid. Export ulang dari Chrome.
[2026-05-17T11:48:00.708+0000] {processor.py:842} WARNING - No viable dags retrieved from /opt/airflow/dags/playwright_shopee.py
[2026-05-17T11:48:00.752+0000] {processor.py:183} INFO - Processing /opt/airflow/dags/playwright_shopee.py took 10.327 seconds
[2026-05-17T11:48:30.945+0000] {processor.py:161} INFO - Started process (PID=30603) to work on /opt/airflow/dags/playwright_shopee.py
[2026-05-17T11:48:30.947+0000] {processor.py:830} INFO - Processing file /opt/airflow/dags/playwright_shopee.py for tasks to queue
[2026-05-17T11:48:30.950+0000] {logging_mixin.py:188} INFO - [2026-05-17T11:48:30.949+0000] {dagbag.py:545} INFO - Filling up the DagBag from /opt/airflow/dags/playwright_shopee.py
[2026-05-17T11:48:31.776+0000] {logging_mixin.py:188} INFO - 🌐 Membuka Chromium...
[2026-05-17T11:48:32.317+0000] {logging_mixin.py:188} INFO - 🍪 Inject cookies Shopee...
[2026-05-17T11:48:32.323+0000] {logging_mixin.py:188} INFO - ✅ 16 cookies berhasil diload dari /opt/airflow/dags/shopee_cookies.json
[2026-05-17T11:48:32.746+0000] {logging_mixin.py:188} INFO - 🌍 Membuka Shopee search...
[2026-05-17T11:48:42.752+0000] {logging_mixin.py:188} INFO - 📄 URL   : https://shopee.co.id/search?keyword=msi%20gaming
[2026-05-17T11:48:43.215+0000] {logging_mixin.py:188} INFO - 📄 TITLE : Shopee Indonesia | Situs Belanja Online Terlengkap & Terpercaya
[2026-05-17T11:48:46.005+0000] {logging_mixin.py:188} INFO - ❌ Cookies tidak valid atau sudah expired.
[2026-05-17T11:48:46.175+0000] {logging_mixin.py:188} INFO - [2026-05-17T11:48:46.172+0000] {dagbag.py:355} ERROR - Failed to import: /opt/airflow/dags/playwright_shopee.py
Traceback (most recent call last):
  File "/home/airflow/.local/lib/python3.8/site-packages/airflow/models/dagbag.py", line 351, in parse
    loader.exec_module(new_module)
  File "<frozen importlib._bootstrap_external>", line 843, in exec_module
  File "<frozen importlib._bootstrap>", line 219, in _call_with_frames_removed
  File "/opt/airflow/dags/playwright_shopee.py", line 228, in <module>
    raise RuntimeError("Cookies tidak valid. Export ulang dari Chrome.")
RuntimeError: Cookies tidak valid. Export ulang dari Chrome.
[2026-05-17T11:48:46.181+0000] {processor.py:842} WARNING - No viable dags retrieved from /opt/airflow/dags/playwright_shopee.py
[2026-05-17T11:48:46.226+0000] {processor.py:183} INFO - Processing /opt/airflow/dags/playwright_shopee.py took 15.290 seconds
[2026-05-17T11:49:16.660+0000] {processor.py:161} INFO - Started process (PID=30721) to work on /opt/airflow/dags/playwright_shopee.py
[2026-05-17T11:49:16.662+0000] {processor.py:830} INFO - Processing file /opt/airflow/dags/playwright_shopee.py for tasks to queue
[2026-05-17T11:49:16.663+0000] {logging_mixin.py:188} INFO - [2026-05-17T11:49:16.663+0000] {dagbag.py:545} INFO - Filling up the DagBag from /opt/airflow/dags/playwright_shopee.py
[2026-05-17T11:49:17.480+0000] {logging_mixin.py:188} INFO - 🌐 Membuka Chromium...
[2026-05-17T11:49:17.865+0000] {logging_mixin.py:188} INFO - 🍪 Inject cookies Shopee...
[2026-05-17T11:49:17.871+0000] {logging_mixin.py:188} INFO - ✅ 16 cookies berhasil diload dari /opt/airflow/dags/shopee_cookies.json
[2026-05-17T11:49:18.098+0000] {logging_mixin.py:188} INFO - 🌍 Membuka Shopee search...
[2026-05-17T11:49:24.856+0000] {logging_mixin.py:188} INFO - 📄 URL   : https://shopee.co.id/search?keyword=msi%20gaming
[2026-05-17T11:49:25.274+0000] {logging_mixin.py:188} INFO - 📄 TITLE : Shopee Indonesia | Situs Belanja Online Terlengkap & Terpercaya
[2026-05-17T11:49:28.574+0000] {logging_mixin.py:188} INFO - ❌ Cookies tidak valid atau sudah expired.
[2026-05-17T11:49:28.804+0000] {logging_mixin.py:188} INFO - [2026-05-17T11:49:28.801+0000] {dagbag.py:355} ERROR - Failed to import: /opt/airflow/dags/playwright_shopee.py
Traceback (most recent call last):
  File "/home/airflow/.local/lib/python3.8/site-packages/airflow/models/dagbag.py", line 351, in parse
    loader.exec_module(new_module)
  File "<frozen importlib._bootstrap_external>", line 843, in exec_module
  File "<frozen importlib._bootstrap>", line 219, in _call_with_frames_removed
  File "/opt/airflow/dags/playwright_shopee.py", line 228, in <module>
    raise RuntimeError("Cookies tidak valid. Export ulang dari Chrome.")
RuntimeError: Cookies tidak valid. Export ulang dari Chrome.
[2026-05-17T11:49:28.807+0000] {processor.py:842} WARNING - No viable dags retrieved from /opt/airflow/dags/playwright_shopee.py
[2026-05-17T11:49:28.858+0000] {processor.py:183} INFO - Processing /opt/airflow/dags/playwright_shopee.py took 12.209 seconds
[2026-05-17T11:49:59.267+0000] {processor.py:161} INFO - Started process (PID=30843) to work on /opt/airflow/dags/playwright_shopee.py
[2026-05-17T11:49:59.269+0000] {processor.py:830} INFO - Processing file /opt/airflow/dags/playwright_shopee.py for tasks to queue
[2026-05-17T11:49:59.273+0000] {logging_mixin.py:188} INFO - [2026-05-17T11:49:59.272+0000] {dagbag.py:545} INFO - Filling up the DagBag from /opt/airflow/dags/playwright_shopee.py
[2026-05-17T11:50:00.188+0000] {logging_mixin.py:188} INFO - 🌐 Membuka Chromium...
[2026-05-17T11:50:00.588+0000] {logging_mixin.py:188} INFO - 🍪 Inject cookies Shopee...
[2026-05-17T11:50:00.595+0000] {logging_mixin.py:188} INFO - ✅ 16 cookies berhasil diload dari /opt/airflow/dags/shopee_cookies.json
[2026-05-17T11:50:00.804+0000] {logging_mixin.py:188} INFO - 🌍 Membuka Shopee search...
[2026-05-17T11:50:07.021+0000] {logging_mixin.py:188} INFO - 📄 URL   : https://shopee.co.id/search?keyword=msi%20gaming
[2026-05-17T11:50:07.468+0000] {logging_mixin.py:188} INFO - 📄 TITLE : Shopee Indonesia | Situs Belanja Online Terlengkap & Terpercaya
[2026-05-17T11:50:11.020+0000] {logging_mixin.py:188} INFO - ❌ Cookies tidak valid atau sudah expired.
[2026-05-17T11:50:11.265+0000] {logging_mixin.py:188} INFO - [2026-05-17T11:50:11.264+0000] {dagbag.py:355} ERROR - Failed to import: /opt/airflow/dags/playwright_shopee.py
Traceback (most recent call last):
  File "/home/airflow/.local/lib/python3.8/site-packages/airflow/models/dagbag.py", line 351, in parse
    loader.exec_module(new_module)
  File "<frozen importlib._bootstrap_external>", line 843, in exec_module
  File "<frozen importlib._bootstrap>", line 219, in _call_with_frames_removed
  File "/opt/airflow/dags/playwright_shopee.py", line 228, in <module>
    raise RuntimeError("Cookies tidak valid. Export ulang dari Chrome.")
RuntimeError: Cookies tidak valid. Export ulang dari Chrome.
[2026-05-17T11:50:11.267+0000] {processor.py:842} WARNING - No viable dags retrieved from /opt/airflow/dags/playwright_shopee.py
[2026-05-17T11:50:11.325+0000] {processor.py:183} INFO - Processing /opt/airflow/dags/playwright_shopee.py took 12.075 seconds
[2026-05-17T11:50:41.468+0000] {processor.py:161} INFO - Started process (PID=30962) to work on /opt/airflow/dags/playwright_shopee.py
[2026-05-17T11:50:41.469+0000] {processor.py:830} INFO - Processing file /opt/airflow/dags/playwright_shopee.py for tasks to queue
[2026-05-17T11:50:41.473+0000] {logging_mixin.py:188} INFO - [2026-05-17T11:50:41.472+0000] {dagbag.py:545} INFO - Filling up the DagBag from /opt/airflow/dags/playwright_shopee.py
[2026-05-17T11:50:42.426+0000] {logging_mixin.py:188} INFO - 🌐 Membuka Chromium...
[2026-05-17T11:50:42.800+0000] {logging_mixin.py:188} INFO - 🍪 Inject cookies Shopee...
[2026-05-17T11:50:42.809+0000] {logging_mixin.py:188} INFO - ✅ 16 cookies berhasil diload dari /opt/airflow/dags/shopee_cookies.json
[2026-05-17T11:50:43.028+0000] {logging_mixin.py:188} INFO - 🌍 Membuka Shopee search...
[2026-05-17T11:50:51.078+0000] {logging_mixin.py:188} INFO - 📄 URL   : https://shopee.co.id/search?keyword=msi%20gaming
[2026-05-17T11:50:51.470+0000] {logging_mixin.py:188} INFO - 📄 TITLE : Shopee Indonesia | Situs Belanja Online Terlengkap & Terpercaya
[2026-05-17T11:50:54.537+0000] {logging_mixin.py:188} INFO - ❌ Cookies tidak valid atau sudah expired.
[2026-05-17T11:50:54.770+0000] {logging_mixin.py:188} INFO - [2026-05-17T11:50:54.766+0000] {dagbag.py:355} ERROR - Failed to import: /opt/airflow/dags/playwright_shopee.py
Traceback (most recent call last):
  File "/home/airflow/.local/lib/python3.8/site-packages/airflow/models/dagbag.py", line 351, in parse
    loader.exec_module(new_module)
  File "<frozen importlib._bootstrap_external>", line 843, in exec_module
  File "<frozen importlib._bootstrap>", line 219, in _call_with_frames_removed
  File "/opt/airflow/dags/playwright_shopee.py", line 228, in <module>
    raise RuntimeError("Cookies tidak valid. Export ulang dari Chrome.")
RuntimeError: Cookies tidak valid. Export ulang dari Chrome.
[2026-05-17T11:50:54.773+0000] {processor.py:842} WARNING - No viable dags retrieved from /opt/airflow/dags/playwright_shopee.py
[2026-05-17T11:50:54.882+0000] {processor.py:183} INFO - Processing /opt/airflow/dags/playwright_shopee.py took 13.427 seconds
[2026-05-17T11:51:25.287+0000] {processor.py:161} INFO - Started process (PID=31079) to work on /opt/airflow/dags/playwright_shopee.py
[2026-05-17T11:51:25.289+0000] {processor.py:830} INFO - Processing file /opt/airflow/dags/playwright_shopee.py for tasks to queue
[2026-05-17T11:51:25.293+0000] {logging_mixin.py:188} INFO - [2026-05-17T11:51:25.292+0000] {dagbag.py:545} INFO - Filling up the DagBag from /opt/airflow/dags/playwright_shopee.py
[2026-05-17T11:51:25.979+0000] {logging_mixin.py:188} INFO - 🌐 Membuka Chromium...
[2026-05-17T11:51:26.299+0000] {logging_mixin.py:188} INFO - 🍪 Inject cookies Shopee...
[2026-05-17T11:51:26.305+0000] {logging_mixin.py:188} INFO - ✅ 16 cookies berhasil diload dari /opt/airflow/dags/shopee_cookies.json
[2026-05-17T11:51:26.497+0000] {logging_mixin.py:188} INFO - 🌍 Membuka Shopee search...
[2026-05-17T11:51:32.337+0000] {logging_mixin.py:188} INFO - 📄 URL   : https://shopee.co.id/search?keyword=msi%20gaming
[2026-05-17T11:51:33.585+0000] {logging_mixin.py:188} INFO - 📄 TITLE : Jual msi gaming Harga Terbaik & Termurah Mei 2026 | Shopee Indonesia
[2026-05-17T11:51:35.259+0000] {logging_mixin.py:188} INFO - ❌ Kena traffic verify — cookies mungkin expired.
[2026-05-17T11:51:35.262+0000] {logging_mixin.py:188} INFO - ⚠️  Export ulang cookies dari Chrome dan update shopee_cookies.json
[2026-05-17T11:51:39.160+0000] {logging_mixin.py:188} INFO - [2026-05-17T11:51:39.158+0000] {dagbag.py:355} ERROR - Failed to import: /opt/airflow/dags/playwright_shopee.py
Traceback (most recent call last):
  File "/home/airflow/.local/lib/python3.8/site-packages/airflow/models/dagbag.py", line 351, in parse
    loader.exec_module(new_module)
  File "<frozen importlib._bootstrap_external>", line 843, in exec_module
  File "<frozen importlib._bootstrap>", line 219, in _call_with_frames_removed
  File "/opt/airflow/dags/playwright_shopee.py", line 218, in <module>
    raise RuntimeError(
RuntimeError: Shopee traffic verify detected. Update shopee_cookies.json dari Cookie-Editor.
[2026-05-17T11:51:39.162+0000] {processor.py:842} WARNING - No viable dags retrieved from /opt/airflow/dags/playwright_shopee.py
[2026-05-17T11:51:39.198+0000] {processor.py:183} INFO - Processing /opt/airflow/dags/playwright_shopee.py took 13.924 seconds
[2026-05-17T11:52:09.354+0000] {processor.py:161} INFO - Started process (PID=31201) to work on /opt/airflow/dags/playwright_shopee.py
[2026-05-17T11:52:09.356+0000] {processor.py:830} INFO - Processing file /opt/airflow/dags/playwright_shopee.py for tasks to queue
[2026-05-17T11:52:09.360+0000] {logging_mixin.py:188} INFO - [2026-05-17T11:52:09.359+0000] {dagbag.py:545} INFO - Filling up the DagBag from /opt/airflow/dags/playwright_shopee.py
[2026-05-17T11:52:10.525+0000] {logging_mixin.py:188} INFO - 🌐 Membuka Chromium...
[2026-05-17T11:52:11.096+0000] {logging_mixin.py:188} INFO - 🍪 Inject cookies Shopee...
[2026-05-17T11:52:11.104+0000] {logging_mixin.py:188} INFO - ✅ 16 cookies berhasil diload dari /opt/airflow/dags/shopee_cookies.json
[2026-05-17T11:52:11.399+0000] {logging_mixin.py:188} INFO - 🌍 Membuka Shopee search...
[2026-05-17T11:52:18.496+0000] {logging_mixin.py:188} INFO - 📄 URL   : https://shopee.co.id/search?keyword=msi%20gaming
[2026-05-17T11:52:18.639+0000] {logging_mixin.py:188} INFO - 📄 TITLE : Shopee Indonesia | Situs Belanja Online Terlengkap & Terpercaya
[2026-05-17T11:52:21.229+0000] {logging_mixin.py:188} INFO - ❌ Cookies tidak valid atau sudah expired.
[2026-05-17T11:52:21.510+0000] {logging_mixin.py:188} INFO - [2026-05-17T11:52:21.507+0000] {dagbag.py:355} ERROR - Failed to import: /opt/airflow/dags/playwright_shopee.py
Traceback (most recent call last):
  File "/home/airflow/.local/lib/python3.8/site-packages/airflow/models/dagbag.py", line 351, in parse
    loader.exec_module(new_module)
  File "<frozen importlib._bootstrap_external>", line 843, in exec_module
  File "<frozen importlib._bootstrap>", line 219, in _call_with_frames_removed
  File "/opt/airflow/dags/playwright_shopee.py", line 228, in <module>
    raise RuntimeError("Cookies tidak valid. Export ulang dari Chrome.")
RuntimeError: Cookies tidak valid. Export ulang dari Chrome.
[2026-05-17T11:52:21.514+0000] {processor.py:842} WARNING - No viable dags retrieved from /opt/airflow/dags/playwright_shopee.py
[2026-05-17T11:52:21.567+0000] {processor.py:183} INFO - Processing /opt/airflow/dags/playwright_shopee.py took 12.224 seconds
[2026-05-17T11:52:51.898+0000] {processor.py:161} INFO - Started process (PID=31321) to work on /opt/airflow/dags/playwright_shopee.py
[2026-05-17T11:52:51.900+0000] {processor.py:830} INFO - Processing file /opt/airflow/dags/playwright_shopee.py for tasks to queue
[2026-05-17T11:52:51.904+0000] {logging_mixin.py:188} INFO - [2026-05-17T11:52:51.903+0000] {dagbag.py:545} INFO - Filling up the DagBag from /opt/airflow/dags/playwright_shopee.py
[2026-05-17T11:52:52.738+0000] {logging_mixin.py:188} INFO - 🌐 Membuka Chromium...
[2026-05-17T11:52:53.072+0000] {logging_mixin.py:188} INFO - 🍪 Inject cookies Shopee...
[2026-05-17T11:52:53.077+0000] {logging_mixin.py:188} INFO - ✅ 16 cookies berhasil diload dari /opt/airflow/dags/shopee_cookies.json
[2026-05-17T11:52:53.277+0000] {logging_mixin.py:188} INFO - 🌍 Membuka Shopee search...
[2026-05-17T11:53:00.261+0000] {logging_mixin.py:188} INFO - 📄 URL   : https://shopee.co.id/search?keyword=msi%20gaming
[2026-05-17T11:53:00.693+0000] {logging_mixin.py:188} INFO - 📄 TITLE : Shopee Indonesia | Situs Belanja Online Terlengkap & Terpercaya
[2026-05-17T11:53:03.773+0000] {logging_mixin.py:188} INFO - ❌ Kena traffic verify — cookies mungkin expired.
[2026-05-17T11:53:03.774+0000] {logging_mixin.py:188} INFO - ⚠️  Export ulang cookies dari Chrome dan update shopee_cookies.json
[2026-05-17T11:53:05.452+0000] {logging_mixin.py:188} INFO - [2026-05-17T11:53:05.449+0000] {dagbag.py:355} ERROR - Failed to import: /opt/airflow/dags/playwright_shopee.py
Traceback (most recent call last):
  File "/home/airflow/.local/lib/python3.8/site-packages/airflow/models/dagbag.py", line 351, in parse
    loader.exec_module(new_module)
  File "<frozen importlib._bootstrap_external>", line 843, in exec_module
  File "<frozen importlib._bootstrap>", line 219, in _call_with_frames_removed
  File "/opt/airflow/dags/playwright_shopee.py", line 218, in <module>
    raise RuntimeError(
RuntimeError: Shopee traffic verify detected. Update shopee_cookies.json dari Cookie-Editor.
[2026-05-17T11:53:05.457+0000] {processor.py:842} WARNING - No viable dags retrieved from /opt/airflow/dags/playwright_shopee.py
[2026-05-17T11:53:05.528+0000] {processor.py:183} INFO - Processing /opt/airflow/dags/playwright_shopee.py took 13.641 seconds
[2026-05-17T11:53:35.647+0000] {processor.py:161} INFO - Started process (PID=31441) to work on /opt/airflow/dags/playwright_shopee.py
[2026-05-17T11:53:35.649+0000] {processor.py:830} INFO - Processing file /opt/airflow/dags/playwright_shopee.py for tasks to queue
[2026-05-17T11:53:35.653+0000] {logging_mixin.py:188} INFO - [2026-05-17T11:53:35.652+0000] {dagbag.py:545} INFO - Filling up the DagBag from /opt/airflow/dags/playwright_shopee.py
[2026-05-17T11:53:36.445+0000] {logging_mixin.py:188} INFO - 🌐 Membuka Chromium...
[2026-05-17T11:53:36.808+0000] {logging_mixin.py:188} INFO - 🍪 Inject cookies Shopee...
[2026-05-17T11:53:36.814+0000] {logging_mixin.py:188} INFO - ✅ 16 cookies berhasil diload dari /opt/airflow/dags/shopee_cookies.json
[2026-05-17T11:53:37.039+0000] {logging_mixin.py:188} INFO - 🌍 Membuka Shopee search...
[2026-05-17T11:53:45.474+0000] {logging_mixin.py:188} INFO - 📄 URL   : https://shopee.co.id/search?keyword=msi%20gaming
[2026-05-17T11:53:46.036+0000] {logging_mixin.py:188} INFO - 📄 TITLE : Shopee Indonesia | Situs Belanja Online Terlengkap & Terpercaya
[2026-05-17T11:53:49.456+0000] {logging_mixin.py:188} INFO - ❌ Kena traffic verify — cookies mungkin expired.
[2026-05-17T11:53:49.458+0000] {logging_mixin.py:188} INFO - ⚠️  Export ulang cookies dari Chrome dan update shopee_cookies.json
[2026-05-17T11:53:53.031+0000] {logging_mixin.py:188} INFO - [2026-05-17T11:53:53.029+0000] {dagbag.py:355} ERROR - Failed to import: /opt/airflow/dags/playwright_shopee.py
Traceback (most recent call last):
  File "/home/airflow/.local/lib/python3.8/site-packages/airflow/models/dagbag.py", line 351, in parse
    loader.exec_module(new_module)
  File "<frozen importlib._bootstrap_external>", line 843, in exec_module
  File "<frozen importlib._bootstrap>", line 219, in _call_with_frames_removed
  File "/opt/airflow/dags/playwright_shopee.py", line 218, in <module>
    raise RuntimeError(
RuntimeError: Shopee traffic verify detected. Update shopee_cookies.json dari Cookie-Editor.
[2026-05-17T11:53:53.034+0000] {processor.py:842} WARNING - No viable dags retrieved from /opt/airflow/dags/playwright_shopee.py
[2026-05-17T11:53:53.098+0000] {processor.py:183} INFO - Processing /opt/airflow/dags/playwright_shopee.py took 17.471 seconds
[2026-05-17T11:54:23.625+0000] {processor.py:161} INFO - Started process (PID=31568) to work on /opt/airflow/dags/playwright_shopee.py
[2026-05-17T11:54:23.627+0000] {processor.py:830} INFO - Processing file /opt/airflow/dags/playwright_shopee.py for tasks to queue
[2026-05-17T11:54:23.632+0000] {logging_mixin.py:188} INFO - [2026-05-17T11:54:23.631+0000] {dagbag.py:545} INFO - Filling up the DagBag from /opt/airflow/dags/playwright_shopee.py
[2026-05-17T11:54:24.515+0000] {logging_mixin.py:188} INFO - 🌐 Membuka Chromium...
[2026-05-17T11:54:24.895+0000] {logging_mixin.py:188} INFO - 🍪 Inject cookies Shopee...
[2026-05-17T11:54:24.900+0000] {logging_mixin.py:188} INFO - ✅ 16 cookies berhasil diload dari /opt/airflow/dags/shopee_cookies.json
[2026-05-17T11:54:25.260+0000] {logging_mixin.py:188} INFO - 🌍 Membuka Shopee search...
[2026-05-17T11:54:31.624+0000] {logging_mixin.py:188} INFO - 📄 URL   : https://shopee.co.id/search?keyword=msi%20gaming
[2026-05-17T11:54:32.075+0000] {logging_mixin.py:188} INFO - 📄 TITLE : Shopee Indonesia | Situs Belanja Online Terlengkap & Terpercaya
[2026-05-17T11:54:36.255+0000] {logging_mixin.py:188} INFO - ❌ Cookies tidak valid atau sudah expired.
[2026-05-17T11:54:36.466+0000] {logging_mixin.py:188} INFO - [2026-05-17T11:54:36.463+0000] {dagbag.py:355} ERROR - Failed to import: /opt/airflow/dags/playwright_shopee.py
Traceback (most recent call last):
  File "/home/airflow/.local/lib/python3.8/site-packages/airflow/models/dagbag.py", line 351, in parse
    loader.exec_module(new_module)
  File "<frozen importlib._bootstrap_external>", line 843, in exec_module
  File "<frozen importlib._bootstrap>", line 219, in _call_with_frames_removed
  File "/opt/airflow/dags/playwright_shopee.py", line 228, in <module>
    raise RuntimeError("Cookies tidak valid. Export ulang dari Chrome.")
RuntimeError: Cookies tidak valid. Export ulang dari Chrome.
[2026-05-17T11:54:36.469+0000] {processor.py:842} WARNING - No viable dags retrieved from /opt/airflow/dags/playwright_shopee.py
[2026-05-17T11:54:36.529+0000] {processor.py:183} INFO - Processing /opt/airflow/dags/playwright_shopee.py took 12.919 seconds
[2026-05-17T11:55:06.805+0000] {processor.py:161} INFO - Started process (PID=31685) to work on /opt/airflow/dags/playwright_shopee.py
[2026-05-17T11:55:06.808+0000] {processor.py:830} INFO - Processing file /opt/airflow/dags/playwright_shopee.py for tasks to queue
[2026-05-17T11:55:06.812+0000] {logging_mixin.py:188} INFO - [2026-05-17T11:55:06.812+0000] {dagbag.py:545} INFO - Filling up the DagBag from /opt/airflow/dags/playwright_shopee.py
[2026-05-17T11:55:07.794+0000] {logging_mixin.py:188} INFO - 🌐 Membuka Chromium...
[2026-05-17T11:55:08.342+0000] {logging_mixin.py:188} INFO - 🍪 Inject cookies Shopee...
[2026-05-17T11:55:08.348+0000] {logging_mixin.py:188} INFO - ✅ 16 cookies berhasil diload dari /opt/airflow/dags/shopee_cookies.json
[2026-05-17T11:55:09.288+0000] {logging_mixin.py:188} INFO - 🌍 Membuka Shopee search...
[2026-05-17T11:55:18.687+0000] {logging_mixin.py:188} INFO - 📄 URL   : https://shopee.co.id/search?keyword=msi%20gaming
[2026-05-17T11:55:19.227+0000] {logging_mixin.py:188} INFO - 📄 TITLE : Jual msi gaming Harga Terbaik & Termurah Mei 2026 | Shopee Indonesia
[2026-05-17T11:55:20.949+0000] {logging_mixin.py:188} INFO - ❌ Kena traffic verify — cookies mungkin expired.
[2026-05-17T11:55:20.951+0000] {logging_mixin.py:188} INFO - ⚠️  Export ulang cookies dari Chrome dan update shopee_cookies.json
[2026-05-17T11:55:25.291+0000] {logging_mixin.py:188} INFO - [2026-05-17T11:55:25.286+0000] {dagbag.py:355} ERROR - Failed to import: /opt/airflow/dags/playwright_shopee.py
Traceback (most recent call last):
  File "/home/airflow/.local/lib/python3.8/site-packages/airflow/models/dagbag.py", line 351, in parse
    loader.exec_module(new_module)
  File "<frozen importlib._bootstrap_external>", line 843, in exec_module
  File "<frozen importlib._bootstrap>", line 219, in _call_with_frames_removed
  File "/opt/airflow/dags/playwright_shopee.py", line 218, in <module>
    raise RuntimeError(
RuntimeError: Shopee traffic verify detected. Update shopee_cookies.json dari Cookie-Editor.
[2026-05-17T11:55:25.297+0000] {processor.py:842} WARNING - No viable dags retrieved from /opt/airflow/dags/playwright_shopee.py
[2026-05-17T11:55:25.378+0000] {processor.py:183} INFO - Processing /opt/airflow/dags/playwright_shopee.py took 18.585 seconds
[2026-05-17T11:55:55.952+0000] {processor.py:161} INFO - Started process (PID=31806) to work on /opt/airflow/dags/playwright_shopee.py
[2026-05-17T11:55:55.953+0000] {processor.py:830} INFO - Processing file /opt/airflow/dags/playwright_shopee.py for tasks to queue
[2026-05-17T11:55:55.955+0000] {logging_mixin.py:188} INFO - [2026-05-17T11:55:55.955+0000] {dagbag.py:545} INFO - Filling up the DagBag from /opt/airflow/dags/playwright_shopee.py
[2026-05-17T11:55:56.779+0000] {logging_mixin.py:188} INFO - 🌐 Membuka Chromium...
[2026-05-17T11:55:57.134+0000] {logging_mixin.py:188} INFO - 🍪 Inject cookies Shopee...
[2026-05-17T11:55:57.138+0000] {logging_mixin.py:188} INFO - ✅ 16 cookies berhasil diload dari /opt/airflow/dags/shopee_cookies.json
[2026-05-17T11:55:57.446+0000] {logging_mixin.py:188} INFO - 🌍 Membuka Shopee search...
[2026-05-17T11:56:05.165+0000] {logging_mixin.py:188} INFO - 📄 URL   : https://shopee.co.id/search?keyword=msi%20gaming
[2026-05-17T11:56:06.175+0000] {logging_mixin.py:188} INFO - 📄 TITLE : Shopee Indonesia | Situs Belanja Online Terlengkap & Terpercaya
[2026-05-17T11:56:08.595+0000] {logging_mixin.py:188} INFO - ❌ Cookies tidak valid atau sudah expired.
[2026-05-17T11:56:08.909+0000] {logging_mixin.py:188} INFO - [2026-05-17T11:56:08.907+0000] {dagbag.py:355} ERROR - Failed to import: /opt/airflow/dags/playwright_shopee.py
Traceback (most recent call last):
  File "/home/airflow/.local/lib/python3.8/site-packages/airflow/models/dagbag.py", line 351, in parse
    loader.exec_module(new_module)
  File "<frozen importlib._bootstrap_external>", line 843, in exec_module
  File "<frozen importlib._bootstrap>", line 219, in _call_with_frames_removed
  File "/opt/airflow/dags/playwright_shopee.py", line 228, in <module>
    raise RuntimeError("Cookies tidak valid. Export ulang dari Chrome.")
RuntimeError: Cookies tidak valid. Export ulang dari Chrome.
[2026-05-17T11:56:08.912+0000] {processor.py:842} WARNING - No viable dags retrieved from /opt/airflow/dags/playwright_shopee.py
[2026-05-17T11:56:08.972+0000] {processor.py:183} INFO - Processing /opt/airflow/dags/playwright_shopee.py took 13.027 seconds
[2026-05-17T11:56:39.466+0000] {processor.py:161} INFO - Started process (PID=31923) to work on /opt/airflow/dags/playwright_shopee.py
[2026-05-17T11:56:39.468+0000] {processor.py:830} INFO - Processing file /opt/airflow/dags/playwright_shopee.py for tasks to queue
[2026-05-17T11:56:39.476+0000] {logging_mixin.py:188} INFO - [2026-05-17T11:56:39.475+0000] {dagbag.py:545} INFO - Filling up the DagBag from /opt/airflow/dags/playwright_shopee.py
[2026-05-17T11:56:40.478+0000] {logging_mixin.py:188} INFO - 🌐 Membuka Chromium...
[2026-05-17T11:56:40.965+0000] {logging_mixin.py:188} INFO - 🍪 Inject cookies Shopee...
[2026-05-17T11:56:40.970+0000] {logging_mixin.py:188} INFO - ✅ 16 cookies berhasil diload dari /opt/airflow/dags/shopee_cookies.json
[2026-05-17T11:56:41.242+0000] {logging_mixin.py:188} INFO - 🌍 Membuka Shopee search...
[2026-05-17T11:56:47.382+0000] {logging_mixin.py:188} INFO - 📄 URL   : https://shopee.co.id/search?keyword=msi%20gaming
[2026-05-17T11:56:47.715+0000] {logging_mixin.py:188} INFO - 📄 TITLE : Shopee Indonesia | Situs Belanja Online Terlengkap & Terpercaya
[2026-05-17T11:56:49.437+0000] {logging_mixin.py:188} INFO - ❌ Cookies tidak valid atau sudah expired.
[2026-05-17T11:56:49.615+0000] {logging_mixin.py:188} INFO - [2026-05-17T11:56:49.613+0000] {dagbag.py:355} ERROR - Failed to import: /opt/airflow/dags/playwright_shopee.py
Traceback (most recent call last):
  File "/home/airflow/.local/lib/python3.8/site-packages/airflow/models/dagbag.py", line 351, in parse
    loader.exec_module(new_module)
  File "<frozen importlib._bootstrap_external>", line 843, in exec_module
  File "<frozen importlib._bootstrap>", line 219, in _call_with_frames_removed
  File "/opt/airflow/dags/playwright_shopee.py", line 228, in <module>
    raise RuntimeError("Cookies tidak valid. Export ulang dari Chrome.")
RuntimeError: Cookies tidak valid. Export ulang dari Chrome.
[2026-05-17T11:56:49.616+0000] {processor.py:842} WARNING - No viable dags retrieved from /opt/airflow/dags/playwright_shopee.py
[2026-05-17T11:56:49.650+0000] {processor.py:183} INFO - Processing /opt/airflow/dags/playwright_shopee.py took 10.203 seconds
[2026-05-17T11:57:20.046+0000] {processor.py:161} INFO - Started process (PID=32045) to work on /opt/airflow/dags/playwright_shopee.py
[2026-05-17T11:57:20.047+0000] {processor.py:830} INFO - Processing file /opt/airflow/dags/playwright_shopee.py for tasks to queue
[2026-05-17T11:57:20.050+0000] {logging_mixin.py:188} INFO - [2026-05-17T11:57:20.049+0000] {dagbag.py:545} INFO - Filling up the DagBag from /opt/airflow/dags/playwright_shopee.py
[2026-05-17T11:57:20.990+0000] {logging_mixin.py:188} INFO - 🌐 Membuka Chromium...
[2026-05-17T11:57:21.347+0000] {logging_mixin.py:188} INFO - 🍪 Inject cookies Shopee...
[2026-05-17T11:57:21.353+0000] {logging_mixin.py:188} INFO - ✅ 16 cookies berhasil diload dari /opt/airflow/dags/shopee_cookies.json
[2026-05-17T11:57:21.613+0000] {logging_mixin.py:188} INFO - 🌍 Membuka Shopee search...
[2026-05-17T11:57:29.569+0000] {logging_mixin.py:188} INFO - 📄 URL   : https://shopee.co.id/search?keyword=msi%20gaming
[2026-05-17T11:57:30.092+0000] {logging_mixin.py:188} INFO - 📄 TITLE : Shopee Indonesia | Situs Belanja Online Terlengkap & Terpercaya
[2026-05-17T11:57:34.594+0000] {logging_mixin.py:188} INFO - ❌ Cookies tidak valid atau sudah expired.
[2026-05-17T11:57:34.835+0000] {logging_mixin.py:188} INFO - [2026-05-17T11:57:34.833+0000] {dagbag.py:355} ERROR - Failed to import: /opt/airflow/dags/playwright_shopee.py
Traceback (most recent call last):
  File "/home/airflow/.local/lib/python3.8/site-packages/airflow/models/dagbag.py", line 351, in parse
    loader.exec_module(new_module)
  File "<frozen importlib._bootstrap_external>", line 843, in exec_module
  File "<frozen importlib._bootstrap>", line 219, in _call_with_frames_removed
  File "/opt/airflow/dags/playwright_shopee.py", line 228, in <module>
    raise RuntimeError("Cookies tidak valid. Export ulang dari Chrome.")
RuntimeError: Cookies tidak valid. Export ulang dari Chrome.
[2026-05-17T11:57:34.839+0000] {processor.py:842} WARNING - No viable dags retrieved from /opt/airflow/dags/playwright_shopee.py
[2026-05-17T11:57:34.911+0000] {processor.py:183} INFO - Processing /opt/airflow/dags/playwright_shopee.py took 14.879 seconds
[2026-05-17T11:58:05.669+0000] {processor.py:161} INFO - Started process (PID=32164) to work on /opt/airflow/dags/playwright_shopee.py
[2026-05-17T11:58:05.673+0000] {processor.py:830} INFO - Processing file /opt/airflow/dags/playwright_shopee.py for tasks to queue
[2026-05-17T11:58:05.679+0000] {logging_mixin.py:188} INFO - [2026-05-17T11:58:05.677+0000] {dagbag.py:545} INFO - Filling up the DagBag from /opt/airflow/dags/playwright_shopee.py
[2026-05-17T11:58:06.480+0000] {logging_mixin.py:188} INFO - 🌐 Membuka Chromium...
[2026-05-17T11:58:07.023+0000] {logging_mixin.py:188} INFO - 🍪 Inject cookies Shopee...
[2026-05-17T11:58:07.028+0000] {logging_mixin.py:188} INFO - ✅ 16 cookies berhasil diload dari /opt/airflow/dags/shopee_cookies.json
[2026-05-17T11:58:07.195+0000] {logging_mixin.py:188} INFO - 🌍 Membuka Shopee search...
[2026-05-17T11:58:15.646+0000] {logging_mixin.py:188} INFO - 📄 URL   : https://shopee.co.id/search?keyword=msi%20gaming
[2026-05-17T11:58:16.349+0000] {logging_mixin.py:188} INFO - [2026-05-17T11:58:16.347+0000] {dagbag.py:355} ERROR - Failed to import: /opt/airflow/dags/playwright_shopee.py
Traceback (most recent call last):
  File "/home/airflow/.local/lib/python3.8/site-packages/airflow/models/dagbag.py", line 351, in parse
    loader.exec_module(new_module)
  File "<frozen importlib._bootstrap_external>", line 843, in exec_module
  File "<frozen importlib._bootstrap>", line 219, in _call_with_frames_removed
  File "/opt/airflow/dags/playwright_shopee.py", line 208, in <module>
    print("📄 TITLE :", page.title())
  File "/home/airflow/.local/lib/python3.8/site-packages/playwright/sync_api/_generated.py", line 9407, in title
    return mapping.from_maybe_impl(self._sync(self._impl_obj.title()))
  File "/home/airflow/.local/lib/python3.8/site-packages/playwright/_impl/_sync_base.py", line 115, in _sync
    return task.result()
  File "/home/airflow/.local/lib/python3.8/site-packages/playwright/_impl/_page.py", line 742, in title
    return await self._main_frame.title()
  File "/home/airflow/.local/lib/python3.8/site-packages/playwright/_impl/_frame.py", line 776, in title
    return await self._channel.send("title")
  File "/home/airflow/.local/lib/python3.8/site-packages/playwright/_impl/_connection.py", line 59, in send
    return await self._connection.wrap_api_call(
  File "/home/airflow/.local/lib/python3.8/site-packages/playwright/_impl/_connection.py", line 514, in wrap_api_call
    raise rewrite_error(error, f"{parsed_st['apiName']}: {error}") from None
playwright._impl._errors.Error: Page.title: Execution context was destroyed, most likely because of a navigation
[2026-05-17T11:58:16.350+0000] {processor.py:842} WARNING - No viable dags retrieved from /opt/airflow/dags/playwright_shopee.py
[2026-05-17T11:58:16.394+0000] {processor.py:183} INFO - Processing /opt/airflow/dags/playwright_shopee.py took 10.740 seconds
[2026-05-17T11:58:46.741+0000] {processor.py:161} INFO - Started process (PID=32290) to work on /opt/airflow/dags/playwright_shopee.py
[2026-05-17T11:58:46.742+0000] {processor.py:830} INFO - Processing file /opt/airflow/dags/playwright_shopee.py for tasks to queue
[2026-05-17T11:58:46.745+0000] {logging_mixin.py:188} INFO - [2026-05-17T11:58:46.744+0000] {dagbag.py:545} INFO - Filling up the DagBag from /opt/airflow/dags/playwright_shopee.py
[2026-05-17T11:58:47.654+0000] {logging_mixin.py:188} INFO - 🌐 Membuka Chromium...
[2026-05-17T11:58:48.038+0000] {logging_mixin.py:188} INFO - 🍪 Inject cookies Shopee...
[2026-05-17T11:58:48.045+0000] {logging_mixin.py:188} INFO - ✅ 16 cookies berhasil diload dari /opt/airflow/dags/shopee_cookies.json
[2026-05-17T11:58:48.225+0000] {logging_mixin.py:188} INFO - 🌍 Membuka Shopee search...
[2026-05-17T11:58:54.125+0000] {logging_mixin.py:188} INFO - 📄 URL   : https://shopee.co.id/search?keyword=msi%20gaming
[2026-05-17T11:58:54.391+0000] {logging_mixin.py:188} INFO - 📄 TITLE : Shopee Indonesia | Situs Belanja Online Terlengkap & Terpercaya
[2026-05-17T11:58:58.473+0000] {logging_mixin.py:188} INFO - ❌ Cookies tidak valid atau sudah expired.
[2026-05-17T11:58:58.672+0000] {logging_mixin.py:188} INFO - [2026-05-17T11:58:58.670+0000] {dagbag.py:355} ERROR - Failed to import: /opt/airflow/dags/playwright_shopee.py
Traceback (most recent call last):
  File "/home/airflow/.local/lib/python3.8/site-packages/airflow/models/dagbag.py", line 351, in parse
    loader.exec_module(new_module)
  File "<frozen importlib._bootstrap_external>", line 843, in exec_module
  File "<frozen importlib._bootstrap>", line 219, in _call_with_frames_removed
  File "/opt/airflow/dags/playwright_shopee.py", line 228, in <module>
    raise RuntimeError("Cookies tidak valid. Export ulang dari Chrome.")
RuntimeError: Cookies tidak valid. Export ulang dari Chrome.
[2026-05-17T11:58:58.675+0000] {processor.py:842} WARNING - No viable dags retrieved from /opt/airflow/dags/playwright_shopee.py
[2026-05-17T11:58:58.735+0000] {processor.py:183} INFO - Processing /opt/airflow/dags/playwright_shopee.py took 12.008 seconds
[2026-05-17T11:59:29.097+0000] {processor.py:161} INFO - Started process (PID=32408) to work on /opt/airflow/dags/playwright_shopee.py
[2026-05-17T11:59:29.100+0000] {processor.py:830} INFO - Processing file /opt/airflow/dags/playwright_shopee.py for tasks to queue
[2026-05-17T11:59:29.103+0000] {logging_mixin.py:188} INFO - [2026-05-17T11:59:29.103+0000] {dagbag.py:545} INFO - Filling up the DagBag from /opt/airflow/dags/playwright_shopee.py
[2026-05-17T11:59:29.826+0000] {logging_mixin.py:188} INFO - 🌐 Membuka Chromium...
[2026-05-17T11:59:30.157+0000] {logging_mixin.py:188} INFO - 🍪 Inject cookies Shopee...
[2026-05-17T11:59:30.162+0000] {logging_mixin.py:188} INFO - ✅ 16 cookies berhasil diload dari /opt/airflow/dags/shopee_cookies.json
[2026-05-17T11:59:30.415+0000] {logging_mixin.py:188} INFO - 🌍 Membuka Shopee search...
[2026-05-17T11:59:37.334+0000] {logging_mixin.py:188} INFO - 📄 URL   : https://shopee.co.id/search?keyword=msi%20gaming
[2026-05-17T11:59:37.596+0000] {logging_mixin.py:188} INFO - 📄 TITLE : Shopee Indonesia | Situs Belanja Online Terlengkap & Terpercaya
[2026-05-17T11:59:41.402+0000] {logging_mixin.py:188} INFO - ❌ Cookies tidak valid atau sudah expired.
[2026-05-17T11:59:41.570+0000] {logging_mixin.py:188} INFO - [2026-05-17T11:59:41.569+0000] {dagbag.py:355} ERROR - Failed to import: /opt/airflow/dags/playwright_shopee.py
Traceback (most recent call last):
  File "/home/airflow/.local/lib/python3.8/site-packages/airflow/models/dagbag.py", line 351, in parse
    loader.exec_module(new_module)
  File "<frozen importlib._bootstrap_external>", line 843, in exec_module
  File "<frozen importlib._bootstrap>", line 219, in _call_with_frames_removed
  File "/opt/airflow/dags/playwright_shopee.py", line 228, in <module>
    raise RuntimeError("Cookies tidak valid. Export ulang dari Chrome.")
RuntimeError: Cookies tidak valid. Export ulang dari Chrome.
[2026-05-17T11:59:41.572+0000] {processor.py:842} WARNING - No viable dags retrieved from /opt/airflow/dags/playwright_shopee.py
[2026-05-17T11:59:41.607+0000] {processor.py:183} INFO - Processing /opt/airflow/dags/playwright_shopee.py took 12.522 seconds
[2026-05-17T12:00:12.009+0000] {processor.py:161} INFO - Started process (PID=32526) to work on /opt/airflow/dags/playwright_shopee.py
[2026-05-17T12:00:12.011+0000] {processor.py:830} INFO - Processing file /opt/airflow/dags/playwright_shopee.py for tasks to queue
[2026-05-17T12:00:12.014+0000] {logging_mixin.py:188} INFO - [2026-05-17T12:00:12.014+0000] {dagbag.py:545} INFO - Filling up the DagBag from /opt/airflow/dags/playwright_shopee.py
[2026-05-17T12:00:12.914+0000] {logging_mixin.py:188} INFO - 🌐 Membuka Chromium...
[2026-05-17T12:00:13.326+0000] {logging_mixin.py:188} INFO - 🍪 Inject cookies Shopee...
[2026-05-17T12:00:13.331+0000] {logging_mixin.py:188} INFO - ✅ 16 cookies berhasil diload dari /opt/airflow/dags/shopee_cookies.json
[2026-05-17T12:00:13.528+0000] {logging_mixin.py:188} INFO - 🌍 Membuka Shopee search...
[2026-05-17T12:00:21.242+0000] {logging_mixin.py:188} INFO - 📄 URL   : https://shopee.co.id/search?keyword=msi%20gaming
[2026-05-17T12:00:21.778+0000] {logging_mixin.py:188} INFO - 📄 TITLE : Shopee Indonesia | Situs Belanja Online Terlengkap & Terpercaya
[2026-05-17T12:00:26.463+0000] {logging_mixin.py:188} INFO - ❌ Kena traffic verify — cookies mungkin expired.
[2026-05-17T12:00:26.465+0000] {logging_mixin.py:188} INFO - ⚠️  Export ulang cookies dari Chrome dan update shopee_cookies.json
[2026-05-17T12:00:29.725+0000] {logging_mixin.py:188} INFO - [2026-05-17T12:00:29.722+0000] {dagbag.py:355} ERROR - Failed to import: /opt/airflow/dags/playwright_shopee.py
Traceback (most recent call last):
  File "/home/airflow/.local/lib/python3.8/site-packages/airflow/models/dagbag.py", line 351, in parse
    loader.exec_module(new_module)
  File "<frozen importlib._bootstrap_external>", line 843, in exec_module
  File "<frozen importlib._bootstrap>", line 219, in _call_with_frames_removed
  File "/opt/airflow/dags/playwright_shopee.py", line 218, in <module>
    raise RuntimeError(
RuntimeError: Shopee traffic verify detected. Update shopee_cookies.json dari Cookie-Editor.
[2026-05-17T12:00:29.728+0000] {processor.py:842} WARNING - No viable dags retrieved from /opt/airflow/dags/playwright_shopee.py
[2026-05-17T12:00:29.771+0000] {processor.py:183} INFO - Processing /opt/airflow/dags/playwright_shopee.py took 17.779 seconds
[2026-05-17T12:01:00.181+0000] {processor.py:161} INFO - Started process (PID=32658) to work on /opt/airflow/dags/playwright_shopee.py
[2026-05-17T12:01:00.183+0000] {processor.py:830} INFO - Processing file /opt/airflow/dags/playwright_shopee.py for tasks to queue
[2026-05-17T12:01:00.185+0000] {logging_mixin.py:188} INFO - [2026-05-17T12:01:00.185+0000] {dagbag.py:545} INFO - Filling up the DagBag from /opt/airflow/dags/playwright_shopee.py
[2026-05-17T12:01:00.992+0000] {logging_mixin.py:188} INFO - 🌐 Membuka Chromium...
[2026-05-17T12:01:01.350+0000] {logging_mixin.py:188} INFO - 🍪 Inject cookies Shopee...
[2026-05-17T12:01:01.356+0000] {logging_mixin.py:188} INFO - ✅ 16 cookies berhasil diload dari /opt/airflow/dags/shopee_cookies.json
[2026-05-17T12:01:01.579+0000] {logging_mixin.py:188} INFO - 🌍 Membuka Shopee search...
[2026-05-17T12:01:07.821+0000] {logging_mixin.py:188} INFO - 📄 URL   : https://shopee.co.id/search?keyword=msi%20gaming
[2026-05-17T12:01:08.320+0000] {logging_mixin.py:188} INFO - 📄 TITLE : Shopee Indonesia | Situs Belanja Online Terlengkap & Terpercaya
[2026-05-17T12:01:11.501+0000] {logging_mixin.py:188} INFO - ❌ Kena traffic verify — cookies mungkin expired.
[2026-05-17T12:01:11.502+0000] {logging_mixin.py:188} INFO - ⚠️  Export ulang cookies dari Chrome dan update shopee_cookies.json
[2026-05-17T12:01:16.038+0000] {logging_mixin.py:188} INFO - [2026-05-17T12:01:16.036+0000] {dagbag.py:355} ERROR - Failed to import: /opt/airflow/dags/playwright_shopee.py
Traceback (most recent call last):
  File "/home/airflow/.local/lib/python3.8/site-packages/airflow/models/dagbag.py", line 351, in parse
    loader.exec_module(new_module)
  File "<frozen importlib._bootstrap_external>", line 843, in exec_module
  File "<frozen importlib._bootstrap>", line 219, in _call_with_frames_removed
  File "/opt/airflow/dags/playwright_shopee.py", line 218, in <module>
    raise RuntimeError(
RuntimeError: Shopee traffic verify detected. Update shopee_cookies.json dari Cookie-Editor.
[2026-05-17T12:01:16.040+0000] {processor.py:842} WARNING - No viable dags retrieved from /opt/airflow/dags/playwright_shopee.py
[2026-05-17T12:01:16.098+0000] {processor.py:183} INFO - Processing /opt/airflow/dags/playwright_shopee.py took 15.925 seconds
[2026-05-17T12:01:46.558+0000] {processor.py:161} INFO - Started process (PID=32772) to work on /opt/airflow/dags/playwright_shopee.py
[2026-05-17T12:01:46.566+0000] {processor.py:830} INFO - Processing file /opt/airflow/dags/playwright_shopee.py for tasks to queue
[2026-05-17T12:01:46.579+0000] {logging_mixin.py:188} INFO - [2026-05-17T12:01:46.577+0000] {dagbag.py:545} INFO - Filling up the DagBag from /opt/airflow/dags/playwright_shopee.py
[2026-05-17T12:01:47.888+0000] {logging_mixin.py:188} INFO - 🌐 Membuka Chromium...
[2026-05-17T12:01:48.418+0000] {logging_mixin.py:188} INFO - 🍪 Inject cookies Shopee...
[2026-05-17T12:01:48.426+0000] {logging_mixin.py:188} INFO - ✅ 16 cookies berhasil diload dari /opt/airflow/dags/shopee_cookies.json
[2026-05-17T12:01:48.769+0000] {logging_mixin.py:188} INFO - 🌍 Membuka Shopee search...
[2026-05-17T12:01:55.912+0000] {logging_mixin.py:188} INFO - 📄 URL   : https://shopee.co.id/search?keyword=msi%20gaming
[2026-05-17T12:01:56.663+0000] {logging_mixin.py:188} INFO - 📄 TITLE : Shopee Indonesia | Situs Belanja Online Terlengkap & Terpercaya
[2026-05-17T12:01:59.453+0000] {logging_mixin.py:188} INFO - ❌ Kena traffic verify — cookies mungkin expired.
[2026-05-17T12:01:59.454+0000] {logging_mixin.py:188} INFO - ⚠️  Export ulang cookies dari Chrome dan update shopee_cookies.json
[2026-05-17T12:02:01.189+0000] {logging_mixin.py:188} INFO - [2026-05-17T12:02:01.186+0000] {dagbag.py:355} ERROR - Failed to import: /opt/airflow/dags/playwright_shopee.py
Traceback (most recent call last):
  File "/home/airflow/.local/lib/python3.8/site-packages/airflow/models/dagbag.py", line 351, in parse
    loader.exec_module(new_module)
  File "<frozen importlib._bootstrap_external>", line 843, in exec_module
  File "<frozen importlib._bootstrap>", line 219, in _call_with_frames_removed
  File "/opt/airflow/dags/playwright_shopee.py", line 218, in <module>
    raise RuntimeError(
RuntimeError: Shopee traffic verify detected. Update shopee_cookies.json dari Cookie-Editor.
[2026-05-17T12:02:01.192+0000] {processor.py:842} WARNING - No viable dags retrieved from /opt/airflow/dags/playwright_shopee.py
[2026-05-17T12:02:01.248+0000] {processor.py:183} INFO - Processing /opt/airflow/dags/playwright_shopee.py took 14.716 seconds
[2026-05-17T12:02:31.689+0000] {processor.py:161} INFO - Started process (PID=32894) to work on /opt/airflow/dags/playwright_shopee.py
[2026-05-17T12:02:31.692+0000] {processor.py:830} INFO - Processing file /opt/airflow/dags/playwright_shopee.py for tasks to queue
[2026-05-17T12:02:31.699+0000] {logging_mixin.py:188} INFO - [2026-05-17T12:02:31.698+0000] {dagbag.py:545} INFO - Filling up the DagBag from /opt/airflow/dags/playwright_shopee.py
[2026-05-17T12:02:32.957+0000] {logging_mixin.py:188} INFO - 🌐 Membuka Chromium...
[2026-05-17T12:02:33.502+0000] {logging_mixin.py:188} INFO - 🍪 Inject cookies Shopee...
[2026-05-17T12:02:33.511+0000] {logging_mixin.py:188} INFO - ✅ 16 cookies berhasil diload dari /opt/airflow/dags/shopee_cookies.json
[2026-05-17T12:02:34.023+0000] {logging_mixin.py:188} INFO - 🌍 Membuka Shopee search...
[2026-05-17T12:02:41.884+0000] {logging_mixin.py:188} INFO - 📄 URL   : https://shopee.co.id/search?keyword=msi%20gaming
[2026-05-17T12:02:42.305+0000] {logging_mixin.py:188} INFO - 📄 TITLE : Shopee Indonesia | Situs Belanja Online Terlengkap & Terpercaya
[2026-05-17T12:02:45.769+0000] {logging_mixin.py:188} INFO - ❌ Cookies tidak valid atau sudah expired.
[2026-05-17T12:02:45.985+0000] {logging_mixin.py:188} INFO - [2026-05-17T12:02:45.980+0000] {dagbag.py:355} ERROR - Failed to import: /opt/airflow/dags/playwright_shopee.py
Traceback (most recent call last):
  File "/home/airflow/.local/lib/python3.8/site-packages/airflow/models/dagbag.py", line 351, in parse
    loader.exec_module(new_module)
  File "<frozen importlib._bootstrap_external>", line 843, in exec_module
  File "<frozen importlib._bootstrap>", line 219, in _call_with_frames_removed
  File "/opt/airflow/dags/playwright_shopee.py", line 228, in <module>
    raise RuntimeError("Cookies tidak valid. Export ulang dari Chrome.")
RuntimeError: Cookies tidak valid. Export ulang dari Chrome.
[2026-05-17T12:02:45.988+0000] {processor.py:842} WARNING - No viable dags retrieved from /opt/airflow/dags/playwright_shopee.py
[2026-05-17T12:02:46.027+0000] {processor.py:183} INFO - Processing /opt/airflow/dags/playwright_shopee.py took 14.358 seconds
[2026-05-17T12:03:16.631+0000] {processor.py:161} INFO - Started process (PID=33012) to work on /opt/airflow/dags/playwright_shopee.py
[2026-05-17T12:03:16.633+0000] {processor.py:830} INFO - Processing file /opt/airflow/dags/playwright_shopee.py for tasks to queue
[2026-05-17T12:03:16.636+0000] {logging_mixin.py:188} INFO - [2026-05-17T12:03:16.635+0000] {dagbag.py:545} INFO - Filling up the DagBag from /opt/airflow/dags/playwright_shopee.py
[2026-05-17T12:03:17.456+0000] {logging_mixin.py:188} INFO - 🌐 Membuka Chromium...
[2026-05-17T12:03:17.829+0000] {logging_mixin.py:188} INFO - 🍪 Inject cookies Shopee...
[2026-05-17T12:03:17.835+0000] {logging_mixin.py:188} INFO - ✅ 16 cookies berhasil diload dari /opt/airflow/dags/shopee_cookies.json
[2026-05-17T12:03:18.171+0000] {logging_mixin.py:188} INFO - 🌍 Membuka Shopee search...
[2026-05-17T12:03:24.241+0000] {logging_mixin.py:188} INFO - 📄 URL   : https://shopee.co.id/search?keyword=msi%20gaming
[2026-05-17T12:03:24.905+0000] {logging_mixin.py:188} INFO - 📄 TITLE : Shopee Indonesia | Situs Belanja Online Terlengkap & Terpercaya
[2026-05-17T12:03:28.797+0000] {logging_mixin.py:188} INFO - ❌ Cookies tidak valid atau sudah expired.
[2026-05-17T12:03:28.971+0000] {logging_mixin.py:188} INFO - [2026-05-17T12:03:28.969+0000] {dagbag.py:355} ERROR - Failed to import: /opt/airflow/dags/playwright_shopee.py
Traceback (most recent call last):
  File "/home/airflow/.local/lib/python3.8/site-packages/airflow/models/dagbag.py", line 351, in parse
    loader.exec_module(new_module)
  File "<frozen importlib._bootstrap_external>", line 843, in exec_module
  File "<frozen importlib._bootstrap>", line 219, in _call_with_frames_removed
  File "/opt/airflow/dags/playwright_shopee.py", line 228, in <module>
    raise RuntimeError("Cookies tidak valid. Export ulang dari Chrome.")
RuntimeError: Cookies tidak valid. Export ulang dari Chrome.
[2026-05-17T12:03:28.973+0000] {processor.py:842} WARNING - No viable dags retrieved from /opt/airflow/dags/playwright_shopee.py
[2026-05-17T12:03:29.015+0000] {processor.py:183} INFO - Processing /opt/airflow/dags/playwright_shopee.py took 12.396 seconds
[2026-05-17T12:03:59.377+0000] {processor.py:161} INFO - Started process (PID=33137) to work on /opt/airflow/dags/playwright_shopee.py
[2026-05-17T12:03:59.379+0000] {processor.py:830} INFO - Processing file /opt/airflow/dags/playwright_shopee.py for tasks to queue
[2026-05-17T12:03:59.382+0000] {logging_mixin.py:188} INFO - [2026-05-17T12:03:59.381+0000] {dagbag.py:545} INFO - Filling up the DagBag from /opt/airflow/dags/playwright_shopee.py
[2026-05-17T12:04:00.169+0000] {logging_mixin.py:188} INFO - 🌐 Membuka Chromium...
[2026-05-17T12:04:00.602+0000] {logging_mixin.py:188} INFO - 🍪 Inject cookies Shopee...
[2026-05-17T12:04:00.701+0000] {logging_mixin.py:188} INFO - ✅ 16 cookies berhasil diload dari /opt/airflow/dags/shopee_cookies.json
[2026-05-17T12:04:00.971+0000] {logging_mixin.py:188} INFO - 🌍 Membuka Shopee search...
[2026-05-17T12:04:07.038+0000] {logging_mixin.py:188} INFO - 📄 URL   : https://shopee.co.id/search?keyword=msi%20gaming
[2026-05-17T12:04:07.272+0000] {logging_mixin.py:188} INFO - 📄 TITLE : Shopee Indonesia | Situs Belanja Online Terlengkap & Terpercaya
[2026-05-17T12:04:16.284+0000] {logging_mixin.py:188} INFO - ❌ Kena traffic verify — cookies mungkin expired.
[2026-05-17T12:04:16.285+0000] {logging_mixin.py:188} INFO - ⚠️  Export ulang cookies dari Chrome dan update shopee_cookies.json
[2026-05-17T12:04:20.964+0000] {logging_mixin.py:188} INFO - [2026-05-17T12:04:20.962+0000] {dagbag.py:355} ERROR - Failed to import: /opt/airflow/dags/playwright_shopee.py
Traceback (most recent call last):
  File "/home/airflow/.local/lib/python3.8/site-packages/airflow/models/dagbag.py", line 351, in parse
    loader.exec_module(new_module)
  File "<frozen importlib._bootstrap_external>", line 843, in exec_module
  File "<frozen importlib._bootstrap>", line 219, in _call_with_frames_removed
  File "/opt/airflow/dags/playwright_shopee.py", line 218, in <module>
    raise RuntimeError(
RuntimeError: Shopee traffic verify detected. Update shopee_cookies.json dari Cookie-Editor.
[2026-05-17T12:04:20.966+0000] {processor.py:842} WARNING - No viable dags retrieved from /opt/airflow/dags/playwright_shopee.py
[2026-05-17T12:04:21.012+0000] {processor.py:183} INFO - Processing /opt/airflow/dags/playwright_shopee.py took 21.649 seconds
[2026-05-17T12:04:51.164+0000] {processor.py:161} INFO - Started process (PID=33255) to work on /opt/airflow/dags/playwright_shopee.py
[2026-05-17T12:04:51.169+0000] {processor.py:830} INFO - Processing file /opt/airflow/dags/playwright_shopee.py for tasks to queue
[2026-05-17T12:04:51.174+0000] {logging_mixin.py:188} INFO - [2026-05-17T12:04:51.173+0000] {dagbag.py:545} INFO - Filling up the DagBag from /opt/airflow/dags/playwright_shopee.py
[2026-05-17T12:04:52.471+0000] {logging_mixin.py:188} INFO - 🌐 Membuka Chromium...
[2026-05-17T12:04:52.909+0000] {logging_mixin.py:188} INFO - 🍪 Inject cookies Shopee...
[2026-05-17T12:04:52.914+0000] {logging_mixin.py:188} INFO - ✅ 16 cookies berhasil diload dari /opt/airflow/dags/shopee_cookies.json
[2026-05-17T12:04:53.149+0000] {logging_mixin.py:188} INFO - 🌍 Membuka Shopee search...
[2026-05-17T12:05:02.750+0000] {logging_mixin.py:188} INFO - 📄 URL   : https://shopee.co.id/search?keyword=msi%20gaming
[2026-05-17T12:05:03.322+0000] {logging_mixin.py:188} INFO - 📄 TITLE : Shopee Indonesia | Situs Belanja Online Terlengkap & Terpercaya
[2026-05-17T12:05:07.121+0000] {logging_mixin.py:188} INFO - ❌ Cookies tidak valid atau sudah expired.
[2026-05-17T12:05:07.484+0000] {logging_mixin.py:188} INFO - [2026-05-17T12:05:07.481+0000] {dagbag.py:355} ERROR - Failed to import: /opt/airflow/dags/playwright_shopee.py
Traceback (most recent call last):
  File "/home/airflow/.local/lib/python3.8/site-packages/airflow/models/dagbag.py", line 351, in parse
    loader.exec_module(new_module)
  File "<frozen importlib._bootstrap_external>", line 843, in exec_module
  File "<frozen importlib._bootstrap>", line 219, in _call_with_frames_removed
  File "/opt/airflow/dags/playwright_shopee.py", line 228, in <module>
    raise RuntimeError("Cookies tidak valid. Export ulang dari Chrome.")
RuntimeError: Cookies tidak valid. Export ulang dari Chrome.
[2026-05-17T12:05:07.488+0000] {processor.py:842} WARNING - No viable dags retrieved from /opt/airflow/dags/playwright_shopee.py
[2026-05-17T12:05:07.551+0000] {processor.py:183} INFO - Processing /opt/airflow/dags/playwright_shopee.py took 16.408 seconds
[2026-05-17T12:05:37.658+0000] {processor.py:161} INFO - Started process (PID=33380) to work on /opt/airflow/dags/playwright_shopee.py
[2026-05-17T12:05:37.660+0000] {processor.py:830} INFO - Processing file /opt/airflow/dags/playwright_shopee.py for tasks to queue
[2026-05-17T12:05:37.664+0000] {logging_mixin.py:188} INFO - [2026-05-17T12:05:37.664+0000] {dagbag.py:545} INFO - Filling up the DagBag from /opt/airflow/dags/playwright_shopee.py
[2026-05-17T12:05:38.633+0000] {logging_mixin.py:188} INFO - 🌐 Membuka Chromium...
[2026-05-17T12:05:38.998+0000] {logging_mixin.py:188} INFO - 🍪 Inject cookies Shopee...
[2026-05-17T12:05:39.005+0000] {logging_mixin.py:188} INFO - ✅ 16 cookies berhasil diload dari /opt/airflow/dags/shopee_cookies.json
[2026-05-17T12:05:39.186+0000] {logging_mixin.py:188} INFO - 🌍 Membuka Shopee search...
[2026-05-17T12:05:48.762+0000] {logging_mixin.py:188} INFO - 📄 URL   : https://shopee.co.id/search?keyword=msi%20gaming
[2026-05-17T12:05:49.820+0000] {logging_mixin.py:188} INFO - 📄 TITLE : Jual msi gaming Harga Terbaik & Termurah Mei 2026 | Shopee Indonesia
[2026-05-17T12:05:51.339+0000] {logging_mixin.py:188} INFO - ❌ Kena traffic verify — cookies mungkin expired.
[2026-05-17T12:05:51.342+0000] {logging_mixin.py:188} INFO - ⚠️  Export ulang cookies dari Chrome dan update shopee_cookies.json
[2026-05-17T12:05:54.983+0000] {logging_mixin.py:188} INFO - [2026-05-17T12:05:54.981+0000] {dagbag.py:355} ERROR - Failed to import: /opt/airflow/dags/playwright_shopee.py
Traceback (most recent call last):
  File "/home/airflow/.local/lib/python3.8/site-packages/airflow/models/dagbag.py", line 351, in parse
    loader.exec_module(new_module)
  File "<frozen importlib._bootstrap_external>", line 843, in exec_module
  File "<frozen importlib._bootstrap>", line 219, in _call_with_frames_removed
  File "/opt/airflow/dags/playwright_shopee.py", line 218, in <module>
    raise RuntimeError(
RuntimeError: Shopee traffic verify detected. Update shopee_cookies.json dari Cookie-Editor.
[2026-05-17T12:05:54.985+0000] {processor.py:842} WARNING - No viable dags retrieved from /opt/airflow/dags/playwright_shopee.py
[2026-05-17T12:05:55.038+0000] {processor.py:183} INFO - Processing /opt/airflow/dags/playwright_shopee.py took 17.401 seconds
[2026-05-17T12:06:25.403+0000] {processor.py:161} INFO - Started process (PID=33510) to work on /opt/airflow/dags/playwright_shopee.py
[2026-05-17T12:06:25.404+0000] {processor.py:830} INFO - Processing file /opt/airflow/dags/playwright_shopee.py for tasks to queue
[2026-05-17T12:06:25.407+0000] {logging_mixin.py:188} INFO - [2026-05-17T12:06:25.407+0000] {dagbag.py:545} INFO - Filling up the DagBag from /opt/airflow/dags/playwright_shopee.py
[2026-05-17T12:06:26.542+0000] {logging_mixin.py:188} INFO - 🌐 Membuka Chromium...
[2026-05-17T12:06:26.809+0000] {logging_mixin.py:188} INFO - 🍪 Inject cookies Shopee...
[2026-05-17T12:06:26.817+0000] {logging_mixin.py:188} INFO - ✅ 16 cookies berhasil diload dari /opt/airflow/dags/shopee_cookies.json
[2026-05-17T12:06:27.017+0000] {logging_mixin.py:188} INFO - 🌍 Membuka Shopee search...
[2026-05-17T12:06:35.950+0000] {logging_mixin.py:188} INFO - 📄 URL   : https://shopee.co.id/search?keyword=msi%20gaming
[2026-05-17T12:06:37.809+0000] {logging_mixin.py:188} INFO - 📄 TITLE : Shopee Indonesia | Situs Belanja Online Terlengkap & Terpercaya
[2026-05-17T12:06:39.080+0000] {logging_mixin.py:188} INFO - ❌ Cookies tidak valid atau sudah expired.
[2026-05-17T12:06:39.369+0000] {logging_mixin.py:188} INFO - [2026-05-17T12:06:39.365+0000] {dagbag.py:355} ERROR - Failed to import: /opt/airflow/dags/playwright_shopee.py
Traceback (most recent call last):
  File "/home/airflow/.local/lib/python3.8/site-packages/airflow/models/dagbag.py", line 351, in parse
    loader.exec_module(new_module)
  File "<frozen importlib._bootstrap_external>", line 843, in exec_module
  File "<frozen importlib._bootstrap>", line 219, in _call_with_frames_removed
  File "/opt/airflow/dags/playwright_shopee.py", line 228, in <module>
    raise RuntimeError("Cookies tidak valid. Export ulang dari Chrome.")
RuntimeError: Cookies tidak valid. Export ulang dari Chrome.
[2026-05-17T12:06:39.372+0000] {processor.py:842} WARNING - No viable dags retrieved from /opt/airflow/dags/playwright_shopee.py
[2026-05-17T12:06:43.988+0000] {processor.py:183} INFO - Processing /opt/airflow/dags/playwright_shopee.py took 18.594 seconds
[2026-05-17T12:07:16.663+0000] {processor.py:161} INFO - Started process (PID=33635) to work on /opt/airflow/dags/playwright_shopee.py
[2026-05-17T12:07:16.667+0000] {processor.py:830} INFO - Processing file /opt/airflow/dags/playwright_shopee.py for tasks to queue
[2026-05-17T12:07:16.673+0000] {logging_mixin.py:188} INFO - [2026-05-17T12:07:16.672+0000] {dagbag.py:545} INFO - Filling up the DagBag from /opt/airflow/dags/playwright_shopee.py
[2026-05-17T12:07:22.812+0000] {logging_mixin.py:188} INFO - 🌐 Membuka Chromium...
[2026-05-17T12:07:26.550+0000] {logging_mixin.py:188} INFO - 🍪 Inject cookies Shopee...
[2026-05-17T12:07:26.569+0000] {logging_mixin.py:188} INFO - ✅ 16 cookies berhasil diload dari /opt/airflow/dags/shopee_cookies.json
[2026-05-17T12:07:28.656+0000] {logging_mixin.py:188} INFO - 🌍 Membuka Shopee search...
[2026-05-17T12:07:36.014+0000] {logging_mixin.py:188} INFO - 📄 URL   : https://shopee.co.id/search?keyword=msi%20gaming
[2026-05-17T12:07:37.294+0000] {logging_mixin.py:188} INFO - 📄 TITLE : Shopee Indonesia | Situs Belanja Online Terlengkap & Terpercaya
[2026-05-17T12:07:44.742+0000] {logging_mixin.py:188} INFO - ❌ Cookies tidak valid atau sudah expired.
[2026-05-17T12:07:45.780+0000] {logging_mixin.py:188} INFO - [2026-05-17T12:07:45.772+0000] {dagbag.py:355} ERROR - Failed to import: /opt/airflow/dags/playwright_shopee.py
Traceback (most recent call last):
  File "/home/airflow/.local/lib/python3.8/site-packages/airflow/models/dagbag.py", line 351, in parse
    loader.exec_module(new_module)
  File "<frozen importlib._bootstrap_external>", line 843, in exec_module
  File "<frozen importlib._bootstrap>", line 219, in _call_with_frames_removed
  File "/opt/airflow/dags/playwright_shopee.py", line 228, in <module>
    raise RuntimeError("Cookies tidak valid. Export ulang dari Chrome.")
RuntimeError: Cookies tidak valid. Export ulang dari Chrome.
[2026-05-17T12:07:45.788+0000] {processor.py:842} WARNING - No viable dags retrieved from /opt/airflow/dags/playwright_shopee.py
[2026-05-17T12:07:46.022+0000] {processor.py:183} INFO - Processing /opt/airflow/dags/playwright_shopee.py took 29.387 seconds
[2026-05-17T12:08:16.913+0000] {processor.py:161} INFO - Started process (PID=33738) to work on /opt/airflow/dags/playwright_shopee.py
[2026-05-17T12:08:16.918+0000] {processor.py:830} INFO - Processing file /opt/airflow/dags/playwright_shopee.py for tasks to queue
[2026-05-17T12:08:16.924+0000] {logging_mixin.py:188} INFO - [2026-05-17T12:08:16.923+0000] {dagbag.py:545} INFO - Filling up the DagBag from /opt/airflow/dags/playwright_shopee.py
[2026-05-17T12:08:19.330+0000] {logging_mixin.py:188} INFO - 🌐 Membuka Chromium...
[2026-05-17T12:08:20.286+0000] {logging_mixin.py:188} INFO - 🍪 Inject cookies Shopee...
[2026-05-17T12:08:20.297+0000] {logging_mixin.py:188} INFO - ✅ 16 cookies berhasil diload dari /opt/airflow/dags/shopee_cookies.json
[2026-05-17T12:08:20.838+0000] {logging_mixin.py:188} INFO - 🌍 Membuka Shopee search...
[2026-05-17T12:08:28.892+0000] {logging_mixin.py:188} INFO - 📄 URL   : https://shopee.co.id/search?keyword=msi%20gaming
[2026-05-17T12:08:29.362+0000] {logging_mixin.py:188} INFO - 📄 TITLE : Shopee Indonesia | Situs Belanja Online Terlengkap & Terpercaya
[2026-05-17T12:08:33.310+0000] {logging_mixin.py:188} INFO - ❌ Cookies tidak valid atau sudah expired.
[2026-05-17T12:08:33.638+0000] {logging_mixin.py:188} INFO - [2026-05-17T12:08:33.635+0000] {dagbag.py:355} ERROR - Failed to import: /opt/airflow/dags/playwright_shopee.py
Traceback (most recent call last):
  File "/home/airflow/.local/lib/python3.8/site-packages/airflow/models/dagbag.py", line 351, in parse
    loader.exec_module(new_module)
  File "<frozen importlib._bootstrap_external>", line 843, in exec_module
  File "<frozen importlib._bootstrap>", line 219, in _call_with_frames_removed
  File "/opt/airflow/dags/playwright_shopee.py", line 228, in <module>
    raise RuntimeError("Cookies tidak valid. Export ulang dari Chrome.")
RuntimeError: Cookies tidak valid. Export ulang dari Chrome.
[2026-05-17T12:08:33.643+0000] {processor.py:842} WARNING - No viable dags retrieved from /opt/airflow/dags/playwright_shopee.py
[2026-05-17T12:08:33.769+0000] {processor.py:183} INFO - Processing /opt/airflow/dags/playwright_shopee.py took 16.884 seconds
[2026-05-17T12:09:04.309+0000] {processor.py:161} INFO - Started process (PID=33855) to work on /opt/airflow/dags/playwright_shopee.py
[2026-05-17T12:09:04.311+0000] {processor.py:830} INFO - Processing file /opt/airflow/dags/playwright_shopee.py for tasks to queue
[2026-05-17T12:09:04.315+0000] {logging_mixin.py:188} INFO - [2026-05-17T12:09:04.315+0000] {dagbag.py:545} INFO - Filling up the DagBag from /opt/airflow/dags/playwright_shopee.py
[2026-05-17T12:09:05.149+0000] {logging_mixin.py:188} INFO - 🌐 Membuka Chromium...
[2026-05-17T12:09:05.459+0000] {logging_mixin.py:188} INFO - 🍪 Inject cookies Shopee...
[2026-05-17T12:09:05.465+0000] {logging_mixin.py:188} INFO - ✅ 16 cookies berhasil diload dari /opt/airflow/dags/shopee_cookies.json
[2026-05-17T12:09:05.646+0000] {logging_mixin.py:188} INFO - 🌍 Membuka Shopee search...
[2026-05-17T12:09:11.652+0000] {logging_mixin.py:188} INFO - 📄 URL   : https://shopee.co.id/search?keyword=msi%20gaming
[2026-05-17T12:09:12.091+0000] {logging_mixin.py:188} INFO - 📄 TITLE : Shopee Indonesia | Situs Belanja Online Terlengkap & Terpercaya
[2026-05-17T12:09:13.858+0000] {logging_mixin.py:188} INFO - ❌ Cookies tidak valid atau sudah expired.
[2026-05-17T12:09:14.083+0000] {logging_mixin.py:188} INFO - [2026-05-17T12:09:14.081+0000] {dagbag.py:355} ERROR - Failed to import: /opt/airflow/dags/playwright_shopee.py
Traceback (most recent call last):
  File "/home/airflow/.local/lib/python3.8/site-packages/airflow/models/dagbag.py", line 351, in parse
    loader.exec_module(new_module)
  File "<frozen importlib._bootstrap_external>", line 843, in exec_module
  File "<frozen importlib._bootstrap>", line 219, in _call_with_frames_removed
  File "/opt/airflow/dags/playwright_shopee.py", line 228, in <module>
    raise RuntimeError("Cookies tidak valid. Export ulang dari Chrome.")
RuntimeError: Cookies tidak valid. Export ulang dari Chrome.
[2026-05-17T12:09:14.085+0000] {processor.py:842} WARNING - No viable dags retrieved from /opt/airflow/dags/playwright_shopee.py
[2026-05-17T12:09:17.069+0000] {processor.py:183} INFO - Processing /opt/airflow/dags/playwright_shopee.py took 12.778 seconds
[2026-05-17T12:09:47.525+0000] {processor.py:161} INFO - Started process (PID=33977) to work on /opt/airflow/dags/playwright_shopee.py
[2026-05-17T12:09:47.527+0000] {processor.py:830} INFO - Processing file /opt/airflow/dags/playwright_shopee.py for tasks to queue
[2026-05-17T12:09:47.531+0000] {logging_mixin.py:188} INFO - [2026-05-17T12:09:47.530+0000] {dagbag.py:545} INFO - Filling up the DagBag from /opt/airflow/dags/playwright_shopee.py
[2026-05-17T12:09:48.475+0000] {logging_mixin.py:188} INFO - 🌐 Membuka Chromium...
[2026-05-17T12:09:48.934+0000] {logging_mixin.py:188} INFO - 🍪 Inject cookies Shopee...
[2026-05-17T12:09:48.940+0000] {logging_mixin.py:188} INFO - ✅ 16 cookies berhasil diload dari /opt/airflow/dags/shopee_cookies.json
[2026-05-17T12:09:49.163+0000] {logging_mixin.py:188} INFO - 🌍 Membuka Shopee search...
[2026-05-17T12:09:55.991+0000] {logging_mixin.py:188} INFO - 📄 URL   : https://shopee.co.id/search?keyword=msi%20gaming
[2026-05-17T12:09:56.602+0000] {logging_mixin.py:188} INFO - 📄 TITLE : Shopee Indonesia | Situs Belanja Online Terlengkap & Terpercaya
[2026-05-17T12:10:00.724+0000] {logging_mixin.py:188} INFO - ❌ Cookies tidak valid atau sudah expired.
[2026-05-17T12:10:00.958+0000] {logging_mixin.py:188} INFO - [2026-05-17T12:10:00.956+0000] {dagbag.py:355} ERROR - Failed to import: /opt/airflow/dags/playwright_shopee.py
Traceback (most recent call last):
  File "/home/airflow/.local/lib/python3.8/site-packages/airflow/models/dagbag.py", line 351, in parse
    loader.exec_module(new_module)
  File "<frozen importlib._bootstrap_external>", line 843, in exec_module
  File "<frozen importlib._bootstrap>", line 219, in _call_with_frames_removed
  File "/opt/airflow/dags/playwright_shopee.py", line 228, in <module>
    raise RuntimeError("Cookies tidak valid. Export ulang dari Chrome.")
RuntimeError: Cookies tidak valid. Export ulang dari Chrome.
[2026-05-17T12:10:00.961+0000] {processor.py:842} WARNING - No viable dags retrieved from /opt/airflow/dags/playwright_shopee.py
[2026-05-17T12:10:01.020+0000] {processor.py:183} INFO - Processing /opt/airflow/dags/playwright_shopee.py took 13.512 seconds
[2026-05-17T12:10:31.663+0000] {processor.py:161} INFO - Started process (PID=34096) to work on /opt/airflow/dags/playwright_shopee.py
[2026-05-17T12:10:31.668+0000] {processor.py:830} INFO - Processing file /opt/airflow/dags/playwright_shopee.py for tasks to queue
[2026-05-17T12:10:31.673+0000] {logging_mixin.py:188} INFO - [2026-05-17T12:10:31.672+0000] {dagbag.py:545} INFO - Filling up the DagBag from /opt/airflow/dags/playwright_shopee.py
[2026-05-17T12:10:33.123+0000] {logging_mixin.py:188} INFO - 🌐 Membuka Chromium...
[2026-05-17T12:10:34.902+0000] {logging_mixin.py:188} INFO - 🍪 Inject cookies Shopee...
[2026-05-17T12:10:34.914+0000] {logging_mixin.py:188} INFO - ✅ 16 cookies berhasil diload dari /opt/airflow/dags/shopee_cookies.json
[2026-05-17T12:10:35.428+0000] {logging_mixin.py:188} INFO - 🌍 Membuka Shopee search...
[2026-05-17T12:10:42.163+0000] {logging_mixin.py:188} INFO - 📄 URL   : https://shopee.co.id/search?keyword=msi%20gaming
[2026-05-17T12:10:42.986+0000] {logging_mixin.py:188} INFO - 📄 TITLE : Shopee Indonesia | Situs Belanja Online Terlengkap & Terpercaya
[2026-05-17T12:10:44.408+0000] {logging_mixin.py:188} INFO - ❌ Cookies tidak valid atau sudah expired.
[2026-05-17T12:10:44.611+0000] {logging_mixin.py:188} INFO - [2026-05-17T12:10:44.609+0000] {dagbag.py:355} ERROR - Failed to import: /opt/airflow/dags/playwright_shopee.py
Traceback (most recent call last):
  File "/home/airflow/.local/lib/python3.8/site-packages/airflow/models/dagbag.py", line 351, in parse
    loader.exec_module(new_module)
  File "<frozen importlib._bootstrap_external>", line 843, in exec_module
  File "<frozen importlib._bootstrap>", line 219, in _call_with_frames_removed
  File "/opt/airflow/dags/playwright_shopee.py", line 228, in <module>
    raise RuntimeError("Cookies tidak valid. Export ulang dari Chrome.")
RuntimeError: Cookies tidak valid. Export ulang dari Chrome.
[2026-05-17T12:10:44.613+0000] {processor.py:842} WARNING - No viable dags retrieved from /opt/airflow/dags/playwright_shopee.py
[2026-05-17T12:10:44.663+0000] {processor.py:183} INFO - Processing /opt/airflow/dags/playwright_shopee.py took 13.032 seconds
[2026-05-17T12:11:15.266+0000] {processor.py:161} INFO - Started process (PID=34197) to work on /opt/airflow/dags/playwright_shopee.py
[2026-05-17T12:11:15.268+0000] {processor.py:830} INFO - Processing file /opt/airflow/dags/playwright_shopee.py for tasks to queue
[2026-05-17T12:11:15.272+0000] {logging_mixin.py:188} INFO - [2026-05-17T12:11:15.272+0000] {dagbag.py:545} INFO - Filling up the DagBag from /opt/airflow/dags/playwright_shopee.py
[2026-05-17T12:11:16.699+0000] {logging_mixin.py:188} INFO - 🌐 Membuka Chromium...
[2026-05-17T12:11:17.111+0000] {logging_mixin.py:188} INFO - 🍪 Inject cookies Shopee...
[2026-05-17T12:11:17.120+0000] {logging_mixin.py:188} INFO - ✅ 16 cookies berhasil diload dari /opt/airflow/dags/shopee_cookies.json
[2026-05-17T12:11:17.564+0000] {logging_mixin.py:188} INFO - 🌍 Membuka Shopee search...
[2026-05-17T12:11:26.100+0000] {logging_mixin.py:188} INFO - 📄 URL   : https://shopee.co.id/search?keyword=msi%20gaming
[2026-05-17T12:11:27.302+0000] {logging_mixin.py:188} INFO - 📄 TITLE : Shopee Indonesia | Situs Belanja Online Terlengkap & Terpercaya
[2026-05-17T12:11:30.588+0000] {logging_mixin.py:188} INFO - ❌ Cookies tidak valid atau sudah expired.
[2026-05-17T12:11:30.825+0000] {logging_mixin.py:188} INFO - [2026-05-17T12:11:30.821+0000] {dagbag.py:355} ERROR - Failed to import: /opt/airflow/dags/playwright_shopee.py
Traceback (most recent call last):
  File "/home/airflow/.local/lib/python3.8/site-packages/airflow/models/dagbag.py", line 351, in parse
    loader.exec_module(new_module)
  File "<frozen importlib._bootstrap_external>", line 843, in exec_module
  File "<frozen importlib._bootstrap>", line 219, in _call_with_frames_removed
  File "/opt/airflow/dags/playwright_shopee.py", line 228, in <module>
    raise RuntimeError("Cookies tidak valid. Export ulang dari Chrome.")
RuntimeError: Cookies tidak valid. Export ulang dari Chrome.
[2026-05-17T12:11:30.828+0000] {processor.py:842} WARNING - No viable dags retrieved from /opt/airflow/dags/playwright_shopee.py
[2026-05-17T12:11:30.873+0000] {processor.py:183} INFO - Processing /opt/airflow/dags/playwright_shopee.py took 15.634 seconds
[2026-05-17T12:12:01.271+0000] {processor.py:161} INFO - Started process (PID=34320) to work on /opt/airflow/dags/playwright_shopee.py
[2026-05-17T12:12:01.274+0000] {processor.py:830} INFO - Processing file /opt/airflow/dags/playwright_shopee.py for tasks to queue
[2026-05-17T12:12:01.280+0000] {logging_mixin.py:188} INFO - [2026-05-17T12:12:01.279+0000] {dagbag.py:545} INFO - Filling up the DagBag from /opt/airflow/dags/playwright_shopee.py
[2026-05-17T12:12:04.211+0000] {logging_mixin.py:188} INFO - 🌐 Membuka Chromium...
[2026-05-17T12:12:05.477+0000] {logging_mixin.py:188} INFO - 🍪 Inject cookies Shopee...
[2026-05-17T12:12:05.532+0000] {logging_mixin.py:188} INFO - ✅ 16 cookies berhasil diload dari /opt/airflow/dags/shopee_cookies.json
[2026-05-17T12:12:06.244+0000] {logging_mixin.py:188} INFO - 🌍 Membuka Shopee search...
[2026-05-17T12:12:13.295+0000] {logging_mixin.py:188} INFO - 📄 URL   : https://shopee.co.id/search?keyword=msi%20gaming
[2026-05-17T12:12:16.860+0000] {logging_mixin.py:188} INFO - 📄 TITLE : Shopee Indonesia | Situs Belanja Online Terlengkap & Terpercaya
[2026-05-17T12:12:20.737+0000] {logging_mixin.py:188} INFO - ❌ Cookies tidak valid atau sudah expired.
[2026-05-17T12:12:21.236+0000] {logging_mixin.py:188} INFO - [2026-05-17T12:12:21.228+0000] {dagbag.py:355} ERROR - Failed to import: /opt/airflow/dags/playwright_shopee.py
Traceback (most recent call last):
  File "/home/airflow/.local/lib/python3.8/site-packages/airflow/models/dagbag.py", line 351, in parse
    loader.exec_module(new_module)
  File "<frozen importlib._bootstrap_external>", line 843, in exec_module
  File "<frozen importlib._bootstrap>", line 219, in _call_with_frames_removed
  File "/opt/airflow/dags/playwright_shopee.py", line 228, in <module>
    raise RuntimeError("Cookies tidak valid. Export ulang dari Chrome.")
RuntimeError: Cookies tidak valid. Export ulang dari Chrome.
[2026-05-17T12:12:21.246+0000] {processor.py:842} WARNING - No viable dags retrieved from /opt/airflow/dags/playwright_shopee.py
[2026-05-17T12:12:21.389+0000] {processor.py:183} INFO - Processing /opt/airflow/dags/playwright_shopee.py took 20.153 seconds
[2026-05-17T12:12:51.880+0000] {processor.py:161} INFO - Started process (PID=34438) to work on /opt/airflow/dags/playwright_shopee.py
[2026-05-17T12:12:51.882+0000] {processor.py:830} INFO - Processing file /opt/airflow/dags/playwright_shopee.py for tasks to queue
[2026-05-17T12:12:51.886+0000] {logging_mixin.py:188} INFO - [2026-05-17T12:12:51.885+0000] {dagbag.py:545} INFO - Filling up the DagBag from /opt/airflow/dags/playwright_shopee.py
[2026-05-17T12:12:52.837+0000] {logging_mixin.py:188} INFO - 🌐 Membuka Chromium...
[2026-05-17T12:12:53.268+0000] {logging_mixin.py:188} INFO - 🍪 Inject cookies Shopee...
[2026-05-17T12:12:53.275+0000] {logging_mixin.py:188} INFO - ✅ 16 cookies berhasil diload dari /opt/airflow/dags/shopee_cookies.json
[2026-05-17T12:12:53.562+0000] {logging_mixin.py:188} INFO - 🌍 Membuka Shopee search...
[2026-05-17T12:13:00.067+0000] {logging_mixin.py:188} INFO - 📄 URL   : https://shopee.co.id/search?keyword=msi%20gaming
[2026-05-17T12:13:00.528+0000] {logging_mixin.py:188} INFO - 📄 TITLE : Shopee Indonesia | Situs Belanja Online Terlengkap & Terpercaya
[2026-05-17T12:13:04.311+0000] {logging_mixin.py:188} INFO - ❌ Cookies tidak valid atau sudah expired.
[2026-05-17T12:13:04.809+0000] {logging_mixin.py:188} INFO - [2026-05-17T12:13:04.805+0000] {dagbag.py:355} ERROR - Failed to import: /opt/airflow/dags/playwright_shopee.py
Traceback (most recent call last):
  File "/home/airflow/.local/lib/python3.8/site-packages/airflow/models/dagbag.py", line 351, in parse
    loader.exec_module(new_module)
  File "<frozen importlib._bootstrap_external>", line 843, in exec_module
  File "<frozen importlib._bootstrap>", line 219, in _call_with_frames_removed
  File "/opt/airflow/dags/playwright_shopee.py", line 228, in <module>
    raise RuntimeError("Cookies tidak valid. Export ulang dari Chrome.")
RuntimeError: Cookies tidak valid. Export ulang dari Chrome.
[2026-05-17T12:13:04.811+0000] {processor.py:842} WARNING - No viable dags retrieved from /opt/airflow/dags/playwright_shopee.py
[2026-05-17T12:13:04.862+0000] {processor.py:183} INFO - Processing /opt/airflow/dags/playwright_shopee.py took 13.001 seconds
[2026-05-17T12:13:35.256+0000] {processor.py:161} INFO - Started process (PID=34561) to work on /opt/airflow/dags/playwright_shopee.py
[2026-05-17T12:13:35.258+0000] {processor.py:830} INFO - Processing file /opt/airflow/dags/playwright_shopee.py for tasks to queue
[2026-05-17T12:13:35.260+0000] {logging_mixin.py:188} INFO - [2026-05-17T12:13:35.260+0000] {dagbag.py:545} INFO - Filling up the DagBag from /opt/airflow/dags/playwright_shopee.py
[2026-05-17T12:13:36.429+0000] {logging_mixin.py:188} INFO - 🌐 Membuka Chromium...
[2026-05-17T12:13:36.834+0000] {logging_mixin.py:188} INFO - 🍪 Inject cookies Shopee...
[2026-05-17T12:13:36.852+0000] {logging_mixin.py:188} INFO - ✅ 16 cookies berhasil diload dari /opt/airflow/dags/shopee_cookies.json
[2026-05-17T12:13:37.214+0000] {logging_mixin.py:188} INFO - 🌍 Membuka Shopee search...
[2026-05-17T12:13:45.444+0000] {logging_mixin.py:188} INFO - 📄 URL   : https://shopee.co.id/search?keyword=msi%20gaming
[2026-05-17T12:13:46.842+0000] {logging_mixin.py:188} INFO - 📄 TITLE : Shopee Indonesia | Situs Belanja Online Terlengkap & Terpercaya
[2026-05-17T12:13:51.200+0000] {logging_mixin.py:188} INFO - ❌ Cookies tidak valid atau sudah expired.
[2026-05-17T12:13:51.499+0000] {logging_mixin.py:188} INFO - [2026-05-17T12:13:51.496+0000] {dagbag.py:355} ERROR - Failed to import: /opt/airflow/dags/playwright_shopee.py
Traceback (most recent call last):
  File "/home/airflow/.local/lib/python3.8/site-packages/airflow/models/dagbag.py", line 351, in parse
    loader.exec_module(new_module)
  File "<frozen importlib._bootstrap_external>", line 843, in exec_module
  File "<frozen importlib._bootstrap>", line 219, in _call_with_frames_removed
  File "/opt/airflow/dags/playwright_shopee.py", line 228, in <module>
    raise RuntimeError("Cookies tidak valid. Export ulang dari Chrome.")
RuntimeError: Cookies tidak valid. Export ulang dari Chrome.
[2026-05-17T12:13:51.502+0000] {processor.py:842} WARNING - No viable dags retrieved from /opt/airflow/dags/playwright_shopee.py
[2026-05-17T12:13:51.579+0000] {processor.py:183} INFO - Processing /opt/airflow/dags/playwright_shopee.py took 16.334 seconds
[2026-05-17T12:14:21.830+0000] {processor.py:161} INFO - Started process (PID=34681) to work on /opt/airflow/dags/playwright_shopee.py
[2026-05-17T12:14:21.832+0000] {processor.py:830} INFO - Processing file /opt/airflow/dags/playwright_shopee.py for tasks to queue
[2026-05-17T12:14:21.836+0000] {logging_mixin.py:188} INFO - [2026-05-17T12:14:21.836+0000] {dagbag.py:545} INFO - Filling up the DagBag from /opt/airflow/dags/playwright_shopee.py
[2026-05-17T12:14:23.137+0000] {logging_mixin.py:188} INFO - 🌐 Membuka Chromium...
[2026-05-17T12:14:23.537+0000] {logging_mixin.py:188} INFO - 🍪 Inject cookies Shopee...
[2026-05-17T12:14:23.545+0000] {logging_mixin.py:188} INFO - ✅ 16 cookies berhasil diload dari /opt/airflow/dags/shopee_cookies.json
[2026-05-17T12:14:23.797+0000] {logging_mixin.py:188} INFO - 🌍 Membuka Shopee search...
[2026-05-17T12:14:33.187+0000] {logging_mixin.py:188} INFO - 📄 URL   : https://shopee.co.id/search?keyword=msi%20gaming
[2026-05-17T12:14:33.905+0000] {logging_mixin.py:188} INFO - 📄 TITLE : Shopee Indonesia | Situs Belanja Online Terlengkap & Terpercaya
[2026-05-17T12:14:38.202+0000] {logging_mixin.py:188} INFO - ❌ Cookies tidak valid atau sudah expired.
[2026-05-17T12:14:38.627+0000] {logging_mixin.py:188} INFO - [2026-05-17T12:14:38.606+0000] {dagbag.py:355} ERROR - Failed to import: /opt/airflow/dags/playwright_shopee.py
Traceback (most recent call last):
  File "/home/airflow/.local/lib/python3.8/site-packages/airflow/models/dagbag.py", line 351, in parse
    loader.exec_module(new_module)
  File "<frozen importlib._bootstrap_external>", line 843, in exec_module
  File "<frozen importlib._bootstrap>", line 219, in _call_with_frames_removed
  File "/opt/airflow/dags/playwright_shopee.py", line 228, in <module>
    raise RuntimeError("Cookies tidak valid. Export ulang dari Chrome.")
RuntimeError: Cookies tidak valid. Export ulang dari Chrome.
[2026-05-17T12:14:38.639+0000] {processor.py:842} WARNING - No viable dags retrieved from /opt/airflow/dags/playwright_shopee.py
[2026-05-17T12:14:38.743+0000] {processor.py:183} INFO - Processing /opt/airflow/dags/playwright_shopee.py took 16.944 seconds
[2026-05-17T12:15:09.227+0000] {processor.py:161} INFO - Started process (PID=34804) to work on /opt/airflow/dags/playwright_shopee.py
[2026-05-17T12:15:09.229+0000] {processor.py:830} INFO - Processing file /opt/airflow/dags/playwright_shopee.py for tasks to queue
[2026-05-17T12:15:09.235+0000] {logging_mixin.py:188} INFO - [2026-05-17T12:15:09.234+0000] {dagbag.py:545} INFO - Filling up the DagBag from /opt/airflow/dags/playwright_shopee.py
[2026-05-17T12:15:11.338+0000] {logging_mixin.py:188} INFO - 🌐 Membuka Chromium...
[2026-05-17T12:15:11.987+0000] {logging_mixin.py:188} INFO - 🍪 Inject cookies Shopee...
[2026-05-17T12:15:11.994+0000] {logging_mixin.py:188} INFO - ✅ 16 cookies berhasil diload dari /opt/airflow/dags/shopee_cookies.json
[2026-05-17T12:15:12.372+0000] {logging_mixin.py:188} INFO - 🌍 Membuka Shopee search...
[2026-05-17T12:15:20.101+0000] {logging_mixin.py:188} INFO - 📄 URL   : https://shopee.co.id/search?keyword=msi%20gaming
[2026-05-17T12:15:25.889+0000] {logging_mixin.py:188} INFO - 📄 TITLE : Shopee Indonesia | Situs Belanja Online Terlengkap & Terpercaya
[2026-05-17T12:15:28.454+0000] {logging_mixin.py:188} INFO - ❌ Cookies tidak valid atau sudah expired.
[2026-05-17T12:15:28.811+0000] {logging_mixin.py:188} INFO - [2026-05-17T12:15:28.804+0000] {dagbag.py:355} ERROR - Failed to import: /opt/airflow/dags/playwright_shopee.py
Traceback (most recent call last):
  File "/home/airflow/.local/lib/python3.8/site-packages/airflow/models/dagbag.py", line 351, in parse
    loader.exec_module(new_module)
  File "<frozen importlib._bootstrap_external>", line 843, in exec_module
  File "<frozen importlib._bootstrap>", line 219, in _call_with_frames_removed
  File "/opt/airflow/dags/playwright_shopee.py", line 228, in <module>
    raise RuntimeError("Cookies tidak valid. Export ulang dari Chrome.")
RuntimeError: Cookies tidak valid. Export ulang dari Chrome.
[2026-05-17T12:15:28.819+0000] {processor.py:842} WARNING - No viable dags retrieved from /opt/airflow/dags/playwright_shopee.py
[2026-05-17T12:15:28.895+0000] {processor.py:183} INFO - Processing /opt/airflow/dags/playwright_shopee.py took 19.681 seconds
[2026-05-17T12:15:59.039+0000] {processor.py:161} INFO - Started process (PID=34905) to work on /opt/airflow/dags/playwright_shopee.py
[2026-05-17T12:15:59.041+0000] {processor.py:830} INFO - Processing file /opt/airflow/dags/playwright_shopee.py for tasks to queue
[2026-05-17T12:15:59.045+0000] {logging_mixin.py:188} INFO - [2026-05-17T12:15:59.045+0000] {dagbag.py:545} INFO - Filling up the DagBag from /opt/airflow/dags/playwright_shopee.py
[2026-05-17T12:16:00.939+0000] {logging_mixin.py:188} INFO - 🌐 Membuka Chromium...
[2026-05-17T12:16:01.840+0000] {logging_mixin.py:188} INFO - 🍪 Inject cookies Shopee...
[2026-05-17T12:16:01.849+0000] {logging_mixin.py:188} INFO - ✅ 16 cookies berhasil diload dari /opt/airflow/dags/shopee_cookies.json
[2026-05-17T12:16:02.279+0000] {logging_mixin.py:188} INFO - 🌍 Membuka Shopee search...
[2026-05-17T12:16:09.427+0000] {logging_mixin.py:188} INFO - 📄 URL   : https://shopee.co.id/search?keyword=msi%20gaming
[2026-05-17T12:16:10.120+0000] {logging_mixin.py:188} INFO - 📄 TITLE : Shopee Indonesia | Situs Belanja Online Terlengkap & Terpercaya
[2026-05-17T12:16:14.537+0000] {logging_mixin.py:188} INFO - ❌ Cookies tidak valid atau sudah expired.
[2026-05-17T12:16:14.763+0000] {logging_mixin.py:188} INFO - [2026-05-17T12:16:14.757+0000] {dagbag.py:355} ERROR - Failed to import: /opt/airflow/dags/playwright_shopee.py
Traceback (most recent call last):
  File "/home/airflow/.local/lib/python3.8/site-packages/airflow/models/dagbag.py", line 351, in parse
    loader.exec_module(new_module)
  File "<frozen importlib._bootstrap_external>", line 843, in exec_module
  File "<frozen importlib._bootstrap>", line 219, in _call_with_frames_removed
  File "/opt/airflow/dags/playwright_shopee.py", line 228, in <module>
    raise RuntimeError("Cookies tidak valid. Export ulang dari Chrome.")
RuntimeError: Cookies tidak valid. Export ulang dari Chrome.
[2026-05-17T12:16:14.766+0000] {processor.py:842} WARNING - No viable dags retrieved from /opt/airflow/dags/playwright_shopee.py
[2026-05-17T12:16:14.821+0000] {processor.py:183} INFO - Processing /opt/airflow/dags/playwright_shopee.py took 15.808 seconds
[2026-05-17T12:16:45.242+0000] {processor.py:161} INFO - Started process (PID=35028) to work on /opt/airflow/dags/playwright_shopee.py
[2026-05-17T12:16:45.243+0000] {processor.py:830} INFO - Processing file /opt/airflow/dags/playwright_shopee.py for tasks to queue
[2026-05-17T12:16:45.246+0000] {logging_mixin.py:188} INFO - [2026-05-17T12:16:45.246+0000] {dagbag.py:545} INFO - Filling up the DagBag from /opt/airflow/dags/playwright_shopee.py
[2026-05-17T12:16:46.344+0000] {logging_mixin.py:188} INFO - 🌐 Membuka Chromium...
[2026-05-17T12:16:46.744+0000] {logging_mixin.py:188} INFO - 🍪 Inject cookies Shopee...
[2026-05-17T12:16:46.750+0000] {logging_mixin.py:188} INFO - ✅ 16 cookies berhasil diload dari /opt/airflow/dags/shopee_cookies.json
[2026-05-17T12:16:46.955+0000] {logging_mixin.py:188} INFO - 🌍 Membuka Shopee search...
[2026-05-17T12:16:55.635+0000] {logging_mixin.py:188} INFO - 📄 URL   : https://shopee.co.id/search?keyword=msi%20gaming
[2026-05-17T12:16:56.194+0000] {logging_mixin.py:188} INFO - 📄 TITLE : Shopee Indonesia | Situs Belanja Online Terlengkap & Terpercaya
[2026-05-17T12:16:58.127+0000] {logging_mixin.py:188} INFO - ❌ Cookies tidak valid atau sudah expired.
[2026-05-17T12:16:58.325+0000] {logging_mixin.py:188} INFO - [2026-05-17T12:16:58.323+0000] {dagbag.py:355} ERROR - Failed to import: /opt/airflow/dags/playwright_shopee.py
Traceback (most recent call last):
  File "/home/airflow/.local/lib/python3.8/site-packages/airflow/models/dagbag.py", line 351, in parse
    loader.exec_module(new_module)
  File "<frozen importlib._bootstrap_external>", line 843, in exec_module
  File "<frozen importlib._bootstrap>", line 219, in _call_with_frames_removed
  File "/opt/airflow/dags/playwright_shopee.py", line 228, in <module>
    raise RuntimeError("Cookies tidak valid. Export ulang dari Chrome.")
RuntimeError: Cookies tidak valid. Export ulang dari Chrome.
[2026-05-17T12:16:58.328+0000] {processor.py:842} WARNING - No viable dags retrieved from /opt/airflow/dags/playwright_shopee.py
[2026-05-17T12:16:58.379+0000] {processor.py:183} INFO - Processing /opt/airflow/dags/playwright_shopee.py took 13.152 seconds
[2026-05-17T12:17:28.979+0000] {processor.py:161} INFO - Started process (PID=35147) to work on /opt/airflow/dags/playwright_shopee.py
[2026-05-17T12:17:28.983+0000] {processor.py:830} INFO - Processing file /opt/airflow/dags/playwright_shopee.py for tasks to queue
[2026-05-17T12:17:28.988+0000] {logging_mixin.py:188} INFO - [2026-05-17T12:17:28.987+0000] {dagbag.py:545} INFO - Filling up the DagBag from /opt/airflow/dags/playwright_shopee.py
[2026-05-17T12:17:30.338+0000] {logging_mixin.py:188} INFO - 🌐 Membuka Chromium...
[2026-05-17T12:17:30.705+0000] {logging_mixin.py:188} INFO - 🍪 Inject cookies Shopee...
[2026-05-17T12:17:30.712+0000] {logging_mixin.py:188} INFO - ✅ 16 cookies berhasil diload dari /opt/airflow/dags/shopee_cookies.json
[2026-05-17T12:17:31.005+0000] {logging_mixin.py:188} INFO - 🌍 Membuka Shopee search...
[2026-05-17T12:17:37.918+0000] {logging_mixin.py:188} INFO - 📄 URL   : https://shopee.co.id/search?keyword=msi%20gaming
[2026-05-17T12:17:38.476+0000] {logging_mixin.py:188} INFO - 📄 TITLE : Shopee Indonesia | Situs Belanja Online Terlengkap & Terpercaya
[2026-05-17T12:17:41.632+0000] {logging_mixin.py:188} INFO - ❌ Cookies tidak valid atau sudah expired.
[2026-05-17T12:17:41.991+0000] {logging_mixin.py:188} INFO - [2026-05-17T12:17:41.935+0000] {dagbag.py:355} ERROR - Failed to import: /opt/airflow/dags/playwright_shopee.py
Traceback (most recent call last):
  File "/home/airflow/.local/lib/python3.8/site-packages/airflow/models/dagbag.py", line 351, in parse
    loader.exec_module(new_module)
  File "<frozen importlib._bootstrap_external>", line 843, in exec_module
  File "<frozen importlib._bootstrap>", line 219, in _call_with_frames_removed
  File "/opt/airflow/dags/playwright_shopee.py", line 228, in <module>
    raise RuntimeError("Cookies tidak valid. Export ulang dari Chrome.")
RuntimeError: Cookies tidak valid. Export ulang dari Chrome.
[2026-05-17T12:17:42.003+0000] {processor.py:842} WARNING - No viable dags retrieved from /opt/airflow/dags/playwright_shopee.py
[2026-05-17T12:17:42.105+0000] {processor.py:183} INFO - Processing /opt/airflow/dags/playwright_shopee.py took 13.155 seconds
[2026-05-17T12:18:12.865+0000] {processor.py:161} INFO - Started process (PID=35271) to work on /opt/airflow/dags/playwright_shopee.py
[2026-05-17T12:18:12.867+0000] {processor.py:830} INFO - Processing file /opt/airflow/dags/playwright_shopee.py for tasks to queue
[2026-05-17T12:18:12.872+0000] {logging_mixin.py:188} INFO - [2026-05-17T12:18:12.871+0000] {dagbag.py:545} INFO - Filling up the DagBag from /opt/airflow/dags/playwright_shopee.py
[2026-05-17T12:18:13.965+0000] {logging_mixin.py:188} INFO - 🌐 Membuka Chromium...
[2026-05-17T12:18:14.440+0000] {logging_mixin.py:188} INFO - 🍪 Inject cookies Shopee...
[2026-05-17T12:18:14.447+0000] {logging_mixin.py:188} INFO - ✅ 16 cookies berhasil diload dari /opt/airflow/dags/shopee_cookies.json
[2026-05-17T12:18:14.789+0000] {logging_mixin.py:188} INFO - 🌍 Membuka Shopee search...
[2026-05-17T12:18:22.692+0000] {logging_mixin.py:188} INFO - 📄 URL   : https://shopee.co.id/search?keyword=msi%20gaming
[2026-05-17T12:18:22.939+0000] {logging_mixin.py:188} INFO - 📄 TITLE : Jual msi gaming Harga Terbaik & Termurah Mei 2026 | Shopee Indonesia
[2026-05-17T12:18:26.882+0000] {logging_mixin.py:188} INFO - ❌ Kena traffic verify — cookies mungkin expired.
[2026-05-17T12:18:26.883+0000] {logging_mixin.py:188} INFO - ⚠️  Export ulang cookies dari Chrome dan update shopee_cookies.json
[2026-05-17T12:18:27.653+0000] {logging_mixin.py:188} INFO - [2026-05-17T12:18:27.651+0000] {dagbag.py:355} ERROR - Failed to import: /opt/airflow/dags/playwright_shopee.py
Traceback (most recent call last):
  File "/home/airflow/.local/lib/python3.8/site-packages/airflow/models/dagbag.py", line 351, in parse
    loader.exec_module(new_module)
  File "<frozen importlib._bootstrap_external>", line 843, in exec_module
  File "<frozen importlib._bootstrap>", line 219, in _call_with_frames_removed
  File "/opt/airflow/dags/playwright_shopee.py", line 218, in <module>
    raise RuntimeError(
RuntimeError: Shopee traffic verify detected. Update shopee_cookies.json dari Cookie-Editor.
[2026-05-17T12:18:27.656+0000] {processor.py:842} WARNING - No viable dags retrieved from /opt/airflow/dags/playwright_shopee.py
[2026-05-17T12:18:27.692+0000] {processor.py:183} INFO - Processing /opt/airflow/dags/playwright_shopee.py took 14.843 seconds
[2026-05-17T12:18:58.177+0000] {processor.py:161} INFO - Started process (PID=35388) to work on /opt/airflow/dags/playwright_shopee.py
[2026-05-17T12:18:58.185+0000] {processor.py:830} INFO - Processing file /opt/airflow/dags/playwright_shopee.py for tasks to queue
[2026-05-17T12:18:58.189+0000] {logging_mixin.py:188} INFO - [2026-05-17T12:18:58.188+0000] {dagbag.py:545} INFO - Filling up the DagBag from /opt/airflow/dags/playwright_shopee.py
[2026-05-17T12:18:59.340+0000] {logging_mixin.py:188} INFO - 🌐 Membuka Chromium...
[2026-05-17T12:18:59.751+0000] {logging_mixin.py:188} INFO - 🍪 Inject cookies Shopee...
[2026-05-17T12:18:59.757+0000] {logging_mixin.py:188} INFO - ✅ 16 cookies berhasil diload dari /opt/airflow/dags/shopee_cookies.json
[2026-05-17T12:19:00.014+0000] {logging_mixin.py:188} INFO - 🌍 Membuka Shopee search...
[2026-05-17T12:19:08.548+0000] {logging_mixin.py:188} INFO - 📄 URL   : https://shopee.co.id/search?keyword=msi%20gaming
[2026-05-17T12:19:09.228+0000] {logging_mixin.py:188} INFO - 📄 TITLE : Shopee Indonesia | Situs Belanja Online Terlengkap & Terpercaya
[2026-05-17T12:19:14.448+0000] {logging_mixin.py:188} INFO - ❌ Kena traffic verify — cookies mungkin expired.
[2026-05-17T12:19:14.449+0000] {logging_mixin.py:188} INFO - ⚠️  Export ulang cookies dari Chrome dan update shopee_cookies.json
[2026-05-17T12:19:17.378+0000] {logging_mixin.py:188} INFO - [2026-05-17T12:19:17.376+0000] {dagbag.py:355} ERROR - Failed to import: /opt/airflow/dags/playwright_shopee.py
Traceback (most recent call last):
  File "/home/airflow/.local/lib/python3.8/site-packages/airflow/models/dagbag.py", line 351, in parse
    loader.exec_module(new_module)
  File "<frozen importlib._bootstrap_external>", line 843, in exec_module
  File "<frozen importlib._bootstrap>", line 219, in _call_with_frames_removed
  File "/opt/airflow/dags/playwright_shopee.py", line 218, in <module>
    raise RuntimeError(
RuntimeError: Shopee traffic verify detected. Update shopee_cookies.json dari Cookie-Editor.
[2026-05-17T12:19:17.381+0000] {processor.py:842} WARNING - No viable dags retrieved from /opt/airflow/dags/playwright_shopee.py
[2026-05-17T12:19:17.436+0000] {processor.py:183} INFO - Processing /opt/airflow/dags/playwright_shopee.py took 19.282 seconds
[2026-05-17T12:19:47.835+0000] {processor.py:161} INFO - Started process (PID=35524) to work on /opt/airflow/dags/playwright_shopee.py
[2026-05-17T12:19:47.837+0000] {processor.py:830} INFO - Processing file /opt/airflow/dags/playwright_shopee.py for tasks to queue
[2026-05-17T12:19:47.843+0000] {logging_mixin.py:188} INFO - [2026-05-17T12:19:47.842+0000] {dagbag.py:545} INFO - Filling up the DagBag from /opt/airflow/dags/playwright_shopee.py
[2026-05-17T12:19:49.360+0000] {logging_mixin.py:188} INFO - 🌐 Membuka Chromium...
[2026-05-17T12:19:49.843+0000] {logging_mixin.py:188} INFO - 🍪 Inject cookies Shopee...
[2026-05-17T12:19:49.849+0000] {logging_mixin.py:188} INFO - ✅ 16 cookies berhasil diload dari /opt/airflow/dags/shopee_cookies.json
[2026-05-17T12:19:50.074+0000] {logging_mixin.py:188} INFO - 🌍 Membuka Shopee search...
[2026-05-17T12:19:55.824+0000] {logging_mixin.py:188} INFO - 📄 URL   : https://shopee.co.id/search?keyword=msi%20gaming
[2026-05-17T12:19:56.352+0000] {logging_mixin.py:188} INFO - 📄 TITLE : Shopee Indonesia | Situs Belanja Online Terlengkap & Terpercaya
[2026-05-17T12:19:59.867+0000] {logging_mixin.py:188} INFO - ❌ Cookies tidak valid atau sudah expired.
[2026-05-17T12:20:00.182+0000] {logging_mixin.py:188} INFO - [2026-05-17T12:20:00.179+0000] {dagbag.py:355} ERROR - Failed to import: /opt/airflow/dags/playwright_shopee.py
Traceback (most recent call last):
  File "/home/airflow/.local/lib/python3.8/site-packages/airflow/models/dagbag.py", line 351, in parse
    loader.exec_module(new_module)
  File "<frozen importlib._bootstrap_external>", line 843, in exec_module
  File "<frozen importlib._bootstrap>", line 219, in _call_with_frames_removed
  File "/opt/airflow/dags/playwright_shopee.py", line 228, in <module>
    raise RuntimeError("Cookies tidak valid. Export ulang dari Chrome.")
RuntimeError: Cookies tidak valid. Export ulang dari Chrome.
[2026-05-17T12:20:00.185+0000] {processor.py:842} WARNING - No viable dags retrieved from /opt/airflow/dags/playwright_shopee.py
[2026-05-17T12:20:00.244+0000] {processor.py:183} INFO - Processing /opt/airflow/dags/playwright_shopee.py took 12.433 seconds
[2026-05-17T12:20:30.744+0000] {processor.py:161} INFO - Started process (PID=35643) to work on /opt/airflow/dags/playwright_shopee.py
[2026-05-17T12:20:30.747+0000] {processor.py:830} INFO - Processing file /opt/airflow/dags/playwright_shopee.py for tasks to queue
[2026-05-17T12:20:30.750+0000] {logging_mixin.py:188} INFO - [2026-05-17T12:20:30.750+0000] {dagbag.py:545} INFO - Filling up the DagBag from /opt/airflow/dags/playwright_shopee.py
[2026-05-17T12:20:31.758+0000] {logging_mixin.py:188} INFO - 🌐 Membuka Chromium...
[2026-05-17T12:20:32.134+0000] {logging_mixin.py:188} INFO - 🍪 Inject cookies Shopee...
[2026-05-17T12:20:32.141+0000] {logging_mixin.py:188} INFO - ✅ 16 cookies berhasil diload dari /opt/airflow/dags/shopee_cookies.json
[2026-05-17T12:20:32.341+0000] {logging_mixin.py:188} INFO - 🌍 Membuka Shopee search...
[2026-05-17T12:20:39.691+0000] {logging_mixin.py:188} INFO - 📄 URL   : https://shopee.co.id/search?keyword=msi%20gaming
[2026-05-17T12:20:40.426+0000] {logging_mixin.py:188} INFO - 📄 TITLE : Shopee Indonesia | Situs Belanja Online Terlengkap & Terpercaya
[2026-05-17T12:20:42.868+0000] {logging_mixin.py:188} INFO - ❌ Cookies tidak valid atau sudah expired.
[2026-05-17T12:20:43.070+0000] {logging_mixin.py:188} INFO - [2026-05-17T12:20:43.067+0000] {dagbag.py:355} ERROR - Failed to import: /opt/airflow/dags/playwright_shopee.py
Traceback (most recent call last):
  File "/home/airflow/.local/lib/python3.8/site-packages/airflow/models/dagbag.py", line 351, in parse
    loader.exec_module(new_module)
  File "<frozen importlib._bootstrap_external>", line 843, in exec_module
  File "<frozen importlib._bootstrap>", line 219, in _call_with_frames_removed
  File "/opt/airflow/dags/playwright_shopee.py", line 228, in <module>
    raise RuntimeError("Cookies tidak valid. Export ulang dari Chrome.")
RuntimeError: Cookies tidak valid. Export ulang dari Chrome.
[2026-05-17T12:20:43.073+0000] {processor.py:842} WARNING - No viable dags retrieved from /opt/airflow/dags/playwright_shopee.py
[2026-05-17T12:20:43.122+0000] {processor.py:183} INFO - Processing /opt/airflow/dags/playwright_shopee.py took 12.394 seconds
[2026-05-17T12:21:13.544+0000] {processor.py:161} INFO - Started process (PID=35762) to work on /opt/airflow/dags/playwright_shopee.py
[2026-05-17T12:21:13.546+0000] {processor.py:830} INFO - Processing file /opt/airflow/dags/playwright_shopee.py for tasks to queue
[2026-05-17T12:21:13.553+0000] {logging_mixin.py:188} INFO - [2026-05-17T12:21:13.552+0000] {dagbag.py:545} INFO - Filling up the DagBag from /opt/airflow/dags/playwright_shopee.py
[2026-05-17T12:21:14.818+0000] {logging_mixin.py:188} INFO - 🌐 Membuka Chromium...
[2026-05-17T12:21:15.172+0000] {logging_mixin.py:188} INFO - 🍪 Inject cookies Shopee...
[2026-05-17T12:21:15.179+0000] {logging_mixin.py:188} INFO - ✅ 16 cookies berhasil diload dari /opt/airflow/dags/shopee_cookies.json
[2026-05-17T12:21:15.485+0000] {logging_mixin.py:188} INFO - 🌍 Membuka Shopee search...
[2026-05-17T12:21:22.989+0000] {logging_mixin.py:188} INFO - 📄 URL   : https://shopee.co.id/search?keyword=msi%20gaming
[2026-05-17T12:21:23.415+0000] {logging_mixin.py:188} INFO - 📄 TITLE : Shopee Indonesia | Situs Belanja Online Terlengkap & Terpercaya
[2026-05-17T12:21:26.756+0000] {logging_mixin.py:188} INFO - ❌ Cookies tidak valid atau sudah expired.
[2026-05-17T12:21:27.319+0000] {logging_mixin.py:188} INFO - [2026-05-17T12:21:27.313+0000] {dagbag.py:355} ERROR - Failed to import: /opt/airflow/dags/playwright_shopee.py
Traceback (most recent call last):
  File "/home/airflow/.local/lib/python3.8/site-packages/airflow/models/dagbag.py", line 351, in parse
    loader.exec_module(new_module)
  File "<frozen importlib._bootstrap_external>", line 843, in exec_module
  File "<frozen importlib._bootstrap>", line 219, in _call_with_frames_removed
  File "/opt/airflow/dags/playwright_shopee.py", line 228, in <module>
    raise RuntimeError("Cookies tidak valid. Export ulang dari Chrome.")
RuntimeError: Cookies tidak valid. Export ulang dari Chrome.
[2026-05-17T12:21:27.323+0000] {processor.py:842} WARNING - No viable dags retrieved from /opt/airflow/dags/playwright_shopee.py
[2026-05-17T12:21:27.397+0000] {processor.py:183} INFO - Processing /opt/airflow/dags/playwright_shopee.py took 13.870 seconds
[2026-05-17T12:21:58.002+0000] {processor.py:161} INFO - Started process (PID=35886) to work on /opt/airflow/dags/playwright_shopee.py
[2026-05-17T12:21:58.005+0000] {processor.py:830} INFO - Processing file /opt/airflow/dags/playwright_shopee.py for tasks to queue
[2026-05-17T12:21:58.012+0000] {logging_mixin.py:188} INFO - [2026-05-17T12:21:58.010+0000] {dagbag.py:545} INFO - Filling up the DagBag from /opt/airflow/dags/playwright_shopee.py
[2026-05-17T12:21:59.493+0000] {logging_mixin.py:188} INFO - 🌐 Membuka Chromium...
[2026-05-17T12:21:59.917+0000] {logging_mixin.py:188} INFO - 🍪 Inject cookies Shopee...
[2026-05-17T12:21:59.921+0000] {logging_mixin.py:188} INFO - ✅ 16 cookies berhasil diload dari /opt/airflow/dags/shopee_cookies.json
[2026-05-17T12:22:00.155+0000] {logging_mixin.py:188} INFO - 🌍 Membuka Shopee search...
[2026-05-17T12:22:06.749+0000] {logging_mixin.py:188} INFO - 📄 URL   : https://shopee.co.id/search?keyword=msi%20gaming
[2026-05-17T12:22:08.628+0000] {logging_mixin.py:188} INFO - 📄 TITLE : Jual msi gaming Harga Terbaik & Termurah Mei 2026 | Shopee Indonesia
[2026-05-17T12:22:10.498+0000] {logging_mixin.py:188} INFO - ❌ Kena traffic verify — cookies mungkin expired.
[2026-05-17T12:22:10.499+0000] {logging_mixin.py:188} INFO - ⚠️  Export ulang cookies dari Chrome dan update shopee_cookies.json
[2026-05-17T12:22:12.253+0000] {logging_mixin.py:188} INFO - [2026-05-17T12:22:12.251+0000] {dagbag.py:355} ERROR - Failed to import: /opt/airflow/dags/playwright_shopee.py
Traceback (most recent call last):
  File "/home/airflow/.local/lib/python3.8/site-packages/airflow/models/dagbag.py", line 351, in parse
    loader.exec_module(new_module)
  File "<frozen importlib._bootstrap_external>", line 843, in exec_module
  File "<frozen importlib._bootstrap>", line 219, in _call_with_frames_removed
  File "/opt/airflow/dags/playwright_shopee.py", line 218, in <module>
    raise RuntimeError(
RuntimeError: Shopee traffic verify detected. Update shopee_cookies.json dari Cookie-Editor.
[2026-05-17T12:22:12.255+0000] {processor.py:842} WARNING - No viable dags retrieved from /opt/airflow/dags/playwright_shopee.py
[2026-05-17T12:22:12.291+0000] {processor.py:183} INFO - Processing /opt/airflow/dags/playwright_shopee.py took 14.314 seconds
[2026-05-17T12:22:42.624+0000] {processor.py:161} INFO - Started process (PID=36013) to work on /opt/airflow/dags/playwright_shopee.py
[2026-05-17T12:22:42.626+0000] {processor.py:830} INFO - Processing file /opt/airflow/dags/playwright_shopee.py for tasks to queue
[2026-05-17T12:22:42.630+0000] {logging_mixin.py:188} INFO - [2026-05-17T12:22:42.629+0000] {dagbag.py:545} INFO - Filling up the DagBag from /opt/airflow/dags/playwright_shopee.py
[2026-05-17T12:22:43.708+0000] {logging_mixin.py:188} INFO - 🌐 Membuka Chromium...
[2026-05-17T12:22:44.057+0000] {logging_mixin.py:188} INFO - 🍪 Inject cookies Shopee...
[2026-05-17T12:22:44.064+0000] {logging_mixin.py:188} INFO - ✅ 16 cookies berhasil diload dari /opt/airflow/dags/shopee_cookies.json
[2026-05-17T12:22:44.284+0000] {logging_mixin.py:188} INFO - 🌍 Membuka Shopee search...
[2026-05-17T12:22:50.236+0000] {logging_mixin.py:188} INFO - 📄 URL   : https://shopee.co.id/search?keyword=msi%20gaming
[2026-05-17T12:22:50.883+0000] {logging_mixin.py:188} INFO - 📄 TITLE : Shopee Indonesia | Situs Belanja Online Terlengkap & Terpercaya
[2026-05-17T12:22:54.468+0000] {logging_mixin.py:188} INFO - ❌ Cookies tidak valid atau sudah expired.
[2026-05-17T12:22:54.662+0000] {logging_mixin.py:188} INFO - [2026-05-17T12:22:54.659+0000] {dagbag.py:355} ERROR - Failed to import: /opt/airflow/dags/playwright_shopee.py
Traceback (most recent call last):
  File "/home/airflow/.local/lib/python3.8/site-packages/airflow/models/dagbag.py", line 351, in parse
    loader.exec_module(new_module)
  File "<frozen importlib._bootstrap_external>", line 843, in exec_module
  File "<frozen importlib._bootstrap>", line 219, in _call_with_frames_removed
  File "/opt/airflow/dags/playwright_shopee.py", line 228, in <module>
    raise RuntimeError("Cookies tidak valid. Export ulang dari Chrome.")
RuntimeError: Cookies tidak valid. Export ulang dari Chrome.
[2026-05-17T12:22:54.664+0000] {processor.py:842} WARNING - No viable dags retrieved from /opt/airflow/dags/playwright_shopee.py
[2026-05-17T12:22:54.691+0000] {processor.py:183} INFO - Processing /opt/airflow/dags/playwright_shopee.py took 12.078 seconds
[2026-05-17T12:23:25.078+0000] {processor.py:161} INFO - Started process (PID=36133) to work on /opt/airflow/dags/playwright_shopee.py
[2026-05-17T12:23:25.080+0000] {processor.py:830} INFO - Processing file /opt/airflow/dags/playwright_shopee.py for tasks to queue
[2026-05-17T12:23:25.083+0000] {logging_mixin.py:188} INFO - [2026-05-17T12:23:25.082+0000] {dagbag.py:545} INFO - Filling up the DagBag from /opt/airflow/dags/playwright_shopee.py
[2026-05-17T12:23:25.936+0000] {logging_mixin.py:188} INFO - 🌐 Membuka Chromium...
[2026-05-17T12:23:26.333+0000] {logging_mixin.py:188} INFO - 🍪 Inject cookies Shopee...
[2026-05-17T12:23:26.339+0000] {logging_mixin.py:188} INFO - ✅ 16 cookies berhasil diload dari /opt/airflow/dags/shopee_cookies.json
[2026-05-17T12:23:26.536+0000] {logging_mixin.py:188} INFO - 🌍 Membuka Shopee search...
[2026-05-17T12:23:32.729+0000] {logging_mixin.py:188} INFO - 📄 URL   : https://shopee.co.id/search?keyword=msi%20gaming
[2026-05-17T12:23:33.545+0000] {logging_mixin.py:188} INFO - 📄 TITLE : Shopee Indonesia | Situs Belanja Online Terlengkap & Terpercaya
[2026-05-17T12:23:36.773+0000] {logging_mixin.py:188} INFO - ❌ Cookies tidak valid atau sudah expired.
[2026-05-17T12:23:37.010+0000] {logging_mixin.py:188} INFO - [2026-05-17T12:23:37.007+0000] {dagbag.py:355} ERROR - Failed to import: /opt/airflow/dags/playwright_shopee.py
Traceback (most recent call last):
  File "/home/airflow/.local/lib/python3.8/site-packages/airflow/models/dagbag.py", line 351, in parse
    loader.exec_module(new_module)
  File "<frozen importlib._bootstrap_external>", line 843, in exec_module
  File "<frozen importlib._bootstrap>", line 219, in _call_with_frames_removed
  File "/opt/airflow/dags/playwright_shopee.py", line 228, in <module>
    raise RuntimeError("Cookies tidak valid. Export ulang dari Chrome.")
RuntimeError: Cookies tidak valid. Export ulang dari Chrome.
[2026-05-17T12:23:37.011+0000] {processor.py:842} WARNING - No viable dags retrieved from /opt/airflow/dags/playwright_shopee.py
[2026-05-17T12:23:37.045+0000] {processor.py:183} INFO - Processing /opt/airflow/dags/playwright_shopee.py took 11.986 seconds
[2026-05-17T12:24:07.390+0000] {processor.py:161} INFO - Started process (PID=36251) to work on /opt/airflow/dags/playwright_shopee.py
[2026-05-17T12:24:07.392+0000] {processor.py:830} INFO - Processing file /opt/airflow/dags/playwright_shopee.py for tasks to queue
[2026-05-17T12:24:07.394+0000] {logging_mixin.py:188} INFO - [2026-05-17T12:24:07.394+0000] {dagbag.py:545} INFO - Filling up the DagBag from /opt/airflow/dags/playwright_shopee.py
[2026-05-17T12:24:08.507+0000] {logging_mixin.py:188} INFO - 🌐 Membuka Chromium...
[2026-05-17T12:24:08.973+0000] {logging_mixin.py:188} INFO - 🍪 Inject cookies Shopee...
[2026-05-17T12:24:08.978+0000] {logging_mixin.py:188} INFO - ✅ 16 cookies berhasil diload dari /opt/airflow/dags/shopee_cookies.json
[2026-05-17T12:24:09.250+0000] {logging_mixin.py:188} INFO - 🌍 Membuka Shopee search...
[2026-05-17T12:24:16.939+0000] {logging_mixin.py:188} INFO - 📄 URL   : https://shopee.co.id/search?keyword=msi%20gaming
[2026-05-17T12:24:17.837+0000] {logging_mixin.py:188} INFO - 📄 TITLE : Jual msi gaming Harga Terbaik & Termurah Mei 2026 | Shopee Indonesia
[2026-05-17T12:24:19.341+0000] {logging_mixin.py:188} INFO - ❌ Kena traffic verify — cookies mungkin expired.
[2026-05-17T12:24:19.343+0000] {logging_mixin.py:188} INFO - ⚠️  Export ulang cookies dari Chrome dan update shopee_cookies.json
[2026-05-17T12:24:23.860+0000] {logging_mixin.py:188} INFO - [2026-05-17T12:24:23.857+0000] {dagbag.py:355} ERROR - Failed to import: /opt/airflow/dags/playwright_shopee.py
Traceback (most recent call last):
  File "/home/airflow/.local/lib/python3.8/site-packages/airflow/models/dagbag.py", line 351, in parse
    loader.exec_module(new_module)
  File "<frozen importlib._bootstrap_external>", line 843, in exec_module
  File "<frozen importlib._bootstrap>", line 219, in _call_with_frames_removed
  File "/opt/airflow/dags/playwright_shopee.py", line 218, in <module>
    raise RuntimeError(
RuntimeError: Shopee traffic verify detected. Update shopee_cookies.json dari Cookie-Editor.
[2026-05-17T12:24:23.863+0000] {processor.py:842} WARNING - No viable dags retrieved from /opt/airflow/dags/playwright_shopee.py
[2026-05-17T12:24:23.933+0000] {processor.py:183} INFO - Processing /opt/airflow/dags/playwright_shopee.py took 16.553 seconds
[2026-05-17T12:24:54.351+0000] {processor.py:161} INFO - Started process (PID=36365) to work on /opt/airflow/dags/playwright_shopee.py
[2026-05-17T12:24:54.353+0000] {processor.py:830} INFO - Processing file /opt/airflow/dags/playwright_shopee.py for tasks to queue
[2026-05-17T12:24:54.357+0000] {logging_mixin.py:188} INFO - [2026-05-17T12:24:54.356+0000] {dagbag.py:545} INFO - Filling up the DagBag from /opt/airflow/dags/playwright_shopee.py
[2026-05-17T12:24:55.569+0000] {logging_mixin.py:188} INFO - 🌐 Membuka Chromium...
[2026-05-17T12:24:56.123+0000] {logging_mixin.py:188} INFO - 🍪 Inject cookies Shopee...
[2026-05-17T12:24:56.130+0000] {logging_mixin.py:188} INFO - ✅ 16 cookies berhasil diload dari /opt/airflow/dags/shopee_cookies.json
[2026-05-17T12:24:56.393+0000] {logging_mixin.py:188} INFO - 🌍 Membuka Shopee search...
[2026-05-17T12:25:04.832+0000] {logging_mixin.py:188} INFO - 📄 URL   : https://shopee.co.id/search?keyword=msi%20gaming
[2026-05-17T12:25:06.103+0000] {logging_mixin.py:188} INFO - 📄 TITLE : Jual msi gaming Harga Terbaik & Termurah Mei 2026 | Shopee Indonesia
[2026-05-17T12:25:08.300+0000] {logging_mixin.py:188} INFO - ❌ Kena traffic verify — cookies mungkin expired.
[2026-05-17T12:25:08.301+0000] {logging_mixin.py:188} INFO - ⚠️  Export ulang cookies dari Chrome dan update shopee_cookies.json
[2026-05-17T12:25:10.845+0000] {logging_mixin.py:188} INFO - [2026-05-17T12:25:10.843+0000] {dagbag.py:355} ERROR - Failed to import: /opt/airflow/dags/playwright_shopee.py
Traceback (most recent call last):
  File "/home/airflow/.local/lib/python3.8/site-packages/airflow/models/dagbag.py", line 351, in parse
    loader.exec_module(new_module)
  File "<frozen importlib._bootstrap_external>", line 843, in exec_module
  File "<frozen importlib._bootstrap>", line 219, in _call_with_frames_removed
  File "/opt/airflow/dags/playwright_shopee.py", line 218, in <module>
    raise RuntimeError(
RuntimeError: Shopee traffic verify detected. Update shopee_cookies.json dari Cookie-Editor.
[2026-05-17T12:25:10.847+0000] {processor.py:842} WARNING - No viable dags retrieved from /opt/airflow/dags/playwright_shopee.py
[2026-05-17T12:25:10.891+0000] {processor.py:183} INFO - Processing /opt/airflow/dags/playwright_shopee.py took 16.560 seconds
[2026-05-17T12:25:41.083+0000] {processor.py:161} INFO - Started process (PID=36500) to work on /opt/airflow/dags/playwright_shopee.py
[2026-05-17T12:25:41.086+0000] {processor.py:830} INFO - Processing file /opt/airflow/dags/playwright_shopee.py for tasks to queue
[2026-05-17T12:25:41.089+0000] {logging_mixin.py:188} INFO - [2026-05-17T12:25:41.088+0000] {dagbag.py:545} INFO - Filling up the DagBag from /opt/airflow/dags/playwright_shopee.py
[2026-05-17T12:25:41.954+0000] {logging_mixin.py:188} INFO - 🌐 Membuka Chromium...
[2026-05-17T12:25:42.244+0000] {logging_mixin.py:188} INFO - 🍪 Inject cookies Shopee...
[2026-05-17T12:25:42.250+0000] {logging_mixin.py:188} INFO - ✅ 16 cookies berhasil diload dari /opt/airflow/dags/shopee_cookies.json
[2026-05-17T12:25:42.428+0000] {logging_mixin.py:188} INFO - 🌍 Membuka Shopee search...
[2026-05-17T12:25:51.079+0000] {logging_mixin.py:188} INFO - 📄 URL   : https://shopee.co.id/search?keyword=msi%20gaming
[2026-05-17T12:25:51.819+0000] {logging_mixin.py:188} INFO - 📄 TITLE : Shopee Indonesia | Situs Belanja Online Terlengkap & Terpercaya
[2026-05-17T12:25:52.677+0000] {logging_mixin.py:188} INFO - ❌ Kena traffic verify — cookies mungkin expired.
[2026-05-17T12:25:52.678+0000] {logging_mixin.py:188} INFO - ⚠️  Export ulang cookies dari Chrome dan update shopee_cookies.json
[2026-05-17T12:25:54.768+0000] {logging_mixin.py:188} INFO - [2026-05-17T12:25:54.765+0000] {dagbag.py:355} ERROR - Failed to import: /opt/airflow/dags/playwright_shopee.py
Traceback (most recent call last):
  File "/home/airflow/.local/lib/python3.8/site-packages/airflow/models/dagbag.py", line 351, in parse
    loader.exec_module(new_module)
  File "<frozen importlib._bootstrap_external>", line 843, in exec_module
  File "<frozen importlib._bootstrap>", line 219, in _call_with_frames_removed
  File "/opt/airflow/dags/playwright_shopee.py", line 218, in <module>
    raise RuntimeError(
RuntimeError: Shopee traffic verify detected. Update shopee_cookies.json dari Cookie-Editor.
[2026-05-17T12:25:54.771+0000] {processor.py:842} WARNING - No viable dags retrieved from /opt/airflow/dags/playwright_shopee.py
[2026-05-17T12:25:54.849+0000] {processor.py:183} INFO - Processing /opt/airflow/dags/playwright_shopee.py took 13.779 seconds
[2026-05-17T12:26:25.117+0000] {processor.py:161} INFO - Started process (PID=36625) to work on /opt/airflow/dags/playwright_shopee.py
[2026-05-17T12:26:25.118+0000] {processor.py:830} INFO - Processing file /opt/airflow/dags/playwright_shopee.py for tasks to queue
[2026-05-17T12:26:25.121+0000] {logging_mixin.py:188} INFO - [2026-05-17T12:26:25.120+0000] {dagbag.py:545} INFO - Filling up the DagBag from /opt/airflow/dags/playwright_shopee.py
[2026-05-17T12:26:25.965+0000] {logging_mixin.py:188} INFO - 🌐 Membuka Chromium...
[2026-05-17T12:26:26.289+0000] {logging_mixin.py:188} INFO - 🍪 Inject cookies Shopee...
[2026-05-17T12:26:26.295+0000] {logging_mixin.py:188} INFO - ✅ 16 cookies berhasil diload dari /opt/airflow/dags/shopee_cookies.json
[2026-05-17T12:26:26.480+0000] {logging_mixin.py:188} INFO - 🌍 Membuka Shopee search...
[2026-05-17T12:26:34.831+0000] {logging_mixin.py:188} INFO - 📄 URL   : https://shopee.co.id/search?keyword=msi%20gaming
[2026-05-17T12:26:35.818+0000] {logging_mixin.py:188} INFO - 📄 TITLE : Jual msi gaming Harga Terbaik & Termurah Mei 2026 | Shopee Indonesia
[2026-05-17T12:26:37.167+0000] {logging_mixin.py:188} INFO - ❌ Kena traffic verify — cookies mungkin expired.
[2026-05-17T12:26:37.169+0000] {logging_mixin.py:188} INFO - ⚠️  Export ulang cookies dari Chrome dan update shopee_cookies.json
[2026-05-17T12:26:38.008+0000] {logging_mixin.py:188} INFO - [2026-05-17T12:26:38.002+0000] {dagbag.py:355} ERROR - Failed to import: /opt/airflow/dags/playwright_shopee.py
Traceback (most recent call last):
  File "/home/airflow/.local/lib/python3.8/site-packages/airflow/models/dagbag.py", line 351, in parse
    loader.exec_module(new_module)
  File "<frozen importlib._bootstrap_external>", line 843, in exec_module
  File "<frozen importlib._bootstrap>", line 219, in _call_with_frames_removed
  File "/opt/airflow/dags/playwright_shopee.py", line 218, in <module>
    raise RuntimeError(
RuntimeError: Shopee traffic verify detected. Update shopee_cookies.json dari Cookie-Editor.
[2026-05-17T12:26:38.011+0000] {processor.py:842} WARNING - No viable dags retrieved from /opt/airflow/dags/playwright_shopee.py
[2026-05-17T12:26:38.054+0000] {processor.py:183} INFO - Processing /opt/airflow/dags/playwright_shopee.py took 12.949 seconds
[2026-05-17T12:27:08.367+0000] {processor.py:161} INFO - Started process (PID=36745) to work on /opt/airflow/dags/playwright_shopee.py
[2026-05-17T12:27:08.368+0000] {processor.py:830} INFO - Processing file /opt/airflow/dags/playwright_shopee.py for tasks to queue
[2026-05-17T12:27:08.370+0000] {logging_mixin.py:188} INFO - [2026-05-17T12:27:08.370+0000] {dagbag.py:545} INFO - Filling up the DagBag from /opt/airflow/dags/playwright_shopee.py
[2026-05-17T12:27:09.302+0000] {logging_mixin.py:188} INFO - 🌐 Membuka Chromium...
[2026-05-17T12:27:09.623+0000] {logging_mixin.py:188} INFO - 🍪 Inject cookies Shopee...
[2026-05-17T12:27:09.628+0000] {logging_mixin.py:188} INFO - ✅ 16 cookies berhasil diload dari /opt/airflow/dags/shopee_cookies.json
[2026-05-17T12:27:09.800+0000] {logging_mixin.py:188} INFO - 🌍 Membuka Shopee search...
[2026-05-17T12:27:16.278+0000] {logging_mixin.py:188} INFO - 📄 URL   : https://shopee.co.id/search?keyword=msi%20gaming
[2026-05-17T12:27:18.166+0000] {logging_mixin.py:188} INFO - 📄 TITLE : Jual msi gaming Harga Terbaik & Termurah Mei 2026 | Shopee Indonesia
[2026-05-17T12:27:20.394+0000] {logging_mixin.py:188} INFO - ❌ Kena traffic verify — cookies mungkin expired.
[2026-05-17T12:27:20.395+0000] {logging_mixin.py:188} INFO - ⚠️  Export ulang cookies dari Chrome dan update shopee_cookies.json
[2026-05-17T12:27:23.181+0000] {logging_mixin.py:188} INFO - [2026-05-17T12:27:23.180+0000] {dagbag.py:355} ERROR - Failed to import: /opt/airflow/dags/playwright_shopee.py
Traceback (most recent call last):
  File "/home/airflow/.local/lib/python3.8/site-packages/airflow/models/dagbag.py", line 351, in parse
    loader.exec_module(new_module)
  File "<frozen importlib._bootstrap_external>", line 843, in exec_module
  File "<frozen importlib._bootstrap>", line 219, in _call_with_frames_removed
  File "/opt/airflow/dags/playwright_shopee.py", line 218, in <module>
    raise RuntimeError(
RuntimeError: Shopee traffic verify detected. Update shopee_cookies.json dari Cookie-Editor.
[2026-05-17T12:27:23.183+0000] {processor.py:842} WARNING - No viable dags retrieved from /opt/airflow/dags/playwright_shopee.py
[2026-05-17T12:27:23.215+0000] {processor.py:183} INFO - Processing /opt/airflow/dags/playwright_shopee.py took 14.855 seconds
[2026-05-17T12:27:53.547+0000] {processor.py:161} INFO - Started process (PID=36874) to work on /opt/airflow/dags/playwright_shopee.py
[2026-05-17T12:27:53.549+0000] {processor.py:830} INFO - Processing file /opt/airflow/dags/playwright_shopee.py for tasks to queue
[2026-05-17T12:27:53.553+0000] {logging_mixin.py:188} INFO - [2026-05-17T12:27:53.552+0000] {dagbag.py:545} INFO - Filling up the DagBag from /opt/airflow/dags/playwright_shopee.py
[2026-05-17T12:27:54.313+0000] {logging_mixin.py:188} INFO - 🌐 Membuka Chromium...
[2026-05-17T12:27:54.627+0000] {logging_mixin.py:188} INFO - 🍪 Inject cookies Shopee...
[2026-05-17T12:27:54.633+0000] {logging_mixin.py:188} INFO - ✅ 16 cookies berhasil diload dari /opt/airflow/dags/shopee_cookies.json
[2026-05-17T12:27:54.833+0000] {logging_mixin.py:188} INFO - 🌍 Membuka Shopee search...
[2026-05-17T12:28:01.254+0000] {logging_mixin.py:188} INFO - 📄 URL   : https://shopee.co.id/search?keyword=msi%20gaming
[2026-05-17T12:28:01.685+0000] {logging_mixin.py:188} INFO - 📄 TITLE : Shopee Indonesia | Situs Belanja Online Terlengkap & Terpercaya
[2026-05-17T12:28:03.481+0000] {logging_mixin.py:188} INFO - ❌ Cookies tidak valid atau sudah expired.
[2026-05-17T12:28:03.718+0000] {logging_mixin.py:188} INFO - [2026-05-17T12:28:03.714+0000] {dagbag.py:355} ERROR - Failed to import: /opt/airflow/dags/playwright_shopee.py
Traceback (most recent call last):
  File "/home/airflow/.local/lib/python3.8/site-packages/airflow/models/dagbag.py", line 351, in parse
    loader.exec_module(new_module)
  File "<frozen importlib._bootstrap_external>", line 843, in exec_module
  File "<frozen importlib._bootstrap>", line 219, in _call_with_frames_removed
  File "/opt/airflow/dags/playwright_shopee.py", line 228, in <module>
    raise RuntimeError("Cookies tidak valid. Export ulang dari Chrome.")
RuntimeError: Cookies tidak valid. Export ulang dari Chrome.
[2026-05-17T12:28:03.720+0000] {processor.py:842} WARNING - No viable dags retrieved from /opt/airflow/dags/playwright_shopee.py
[2026-05-17T12:28:03.759+0000] {processor.py:183} INFO - Processing /opt/airflow/dags/playwright_shopee.py took 10.227 seconds
[2026-05-17T12:28:34.073+0000] {processor.py:161} INFO - Started process (PID=36996) to work on /opt/airflow/dags/playwright_shopee.py
[2026-05-17T12:28:34.074+0000] {processor.py:830} INFO - Processing file /opt/airflow/dags/playwright_shopee.py for tasks to queue
[2026-05-17T12:28:34.076+0000] {logging_mixin.py:188} INFO - [2026-05-17T12:28:34.076+0000] {dagbag.py:545} INFO - Filling up the DagBag from /opt/airflow/dags/playwright_shopee.py
[2026-05-17T12:28:34.988+0000] {logging_mixin.py:188} INFO - 🌐 Membuka Chromium...
[2026-05-17T12:28:35.421+0000] {logging_mixin.py:188} INFO - 🍪 Inject cookies Shopee...
[2026-05-17T12:28:35.428+0000] {logging_mixin.py:188} INFO - ✅ 16 cookies berhasil diload dari /opt/airflow/dags/shopee_cookies.json
[2026-05-17T12:28:35.664+0000] {logging_mixin.py:188} INFO - 🌍 Membuka Shopee search...
[2026-05-17T12:28:44.105+0000] {logging_mixin.py:188} INFO - 📄 URL   : https://shopee.co.id/search?keyword=msi%20gaming
[2026-05-17T12:28:45.285+0000] {logging_mixin.py:188} INFO - 📄 TITLE : Shopee Indonesia | Situs Belanja Online Terlengkap & Terpercaya
[2026-05-17T12:28:45.918+0000] {logging_mixin.py:188} INFO - ❌ Kena traffic verify — cookies mungkin expired.
[2026-05-17T12:28:45.919+0000] {logging_mixin.py:188} INFO - ⚠️  Export ulang cookies dari Chrome dan update shopee_cookies.json
[2026-05-17T12:28:48.513+0000] {logging_mixin.py:188} INFO - [2026-05-17T12:28:48.511+0000] {dagbag.py:355} ERROR - Failed to import: /opt/airflow/dags/playwright_shopee.py
Traceback (most recent call last):
  File "/home/airflow/.local/lib/python3.8/site-packages/airflow/models/dagbag.py", line 351, in parse
    loader.exec_module(new_module)
  File "<frozen importlib._bootstrap_external>", line 843, in exec_module
  File "<frozen importlib._bootstrap>", line 219, in _call_with_frames_removed
  File "/opt/airflow/dags/playwright_shopee.py", line 218, in <module>
    raise RuntimeError(
RuntimeError: Shopee traffic verify detected. Update shopee_cookies.json dari Cookie-Editor.
[2026-05-17T12:28:48.515+0000] {processor.py:842} WARNING - No viable dags retrieved from /opt/airflow/dags/playwright_shopee.py
[2026-05-17T12:28:48.553+0000] {processor.py:183} INFO - Processing /opt/airflow/dags/playwright_shopee.py took 14.488 seconds
[2026-05-17T12:29:18.961+0000] {processor.py:161} INFO - Started process (PID=37122) to work on /opt/airflow/dags/playwright_shopee.py
[2026-05-17T12:29:18.963+0000] {processor.py:830} INFO - Processing file /opt/airflow/dags/playwright_shopee.py for tasks to queue
[2026-05-17T12:29:18.966+0000] {logging_mixin.py:188} INFO - [2026-05-17T12:29:18.966+0000] {dagbag.py:545} INFO - Filling up the DagBag from /opt/airflow/dags/playwright_shopee.py
[2026-05-17T12:29:20.036+0000] {logging_mixin.py:188} INFO - 🌐 Membuka Chromium...
[2026-05-17T12:29:20.393+0000] {logging_mixin.py:188} INFO - 🍪 Inject cookies Shopee...
[2026-05-17T12:29:20.397+0000] {logging_mixin.py:188} INFO - ✅ 16 cookies berhasil diload dari /opt/airflow/dags/shopee_cookies.json
[2026-05-17T12:29:20.795+0000] {logging_mixin.py:188} INFO - 🌍 Membuka Shopee search...
[2026-05-17T12:29:27.896+0000] {logging_mixin.py:188} INFO - 📄 URL   : https://shopee.co.id/search?keyword=msi%20gaming
[2026-05-17T12:29:28.200+0000] {logging_mixin.py:188} INFO - 📄 TITLE : Shopee Indonesia | Situs Belanja Online Terlengkap & Terpercaya
[2026-05-17T12:29:31.330+0000] {logging_mixin.py:188} INFO - ❌ Kena traffic verify — cookies mungkin expired.
[2026-05-17T12:29:31.331+0000] {logging_mixin.py:188} INFO - ⚠️  Export ulang cookies dari Chrome dan update shopee_cookies.json
[2026-05-17T12:29:33.877+0000] {logging_mixin.py:188} INFO - [2026-05-17T12:29:33.875+0000] {dagbag.py:355} ERROR - Failed to import: /opt/airflow/dags/playwright_shopee.py
Traceback (most recent call last):
  File "/home/airflow/.local/lib/python3.8/site-packages/airflow/models/dagbag.py", line 351, in parse
    loader.exec_module(new_module)
  File "<frozen importlib._bootstrap_external>", line 843, in exec_module
  File "<frozen importlib._bootstrap>", line 219, in _call_with_frames_removed
  File "/opt/airflow/dags/playwright_shopee.py", line 218, in <module>
    raise RuntimeError(
RuntimeError: Shopee traffic verify detected. Update shopee_cookies.json dari Cookie-Editor.
[2026-05-17T12:29:33.880+0000] {processor.py:842} WARNING - No viable dags retrieved from /opt/airflow/dags/playwright_shopee.py
[2026-05-17T12:29:33.932+0000] {processor.py:183} INFO - Processing /opt/airflow/dags/playwright_shopee.py took 14.986 seconds
[2026-05-17T12:30:04.320+0000] {processor.py:161} INFO - Started process (PID=37253) to work on /opt/airflow/dags/playwright_shopee.py
[2026-05-17T12:30:04.322+0000] {processor.py:830} INFO - Processing file /opt/airflow/dags/playwright_shopee.py for tasks to queue
[2026-05-17T12:30:04.326+0000] {logging_mixin.py:188} INFO - [2026-05-17T12:30:04.325+0000] {dagbag.py:545} INFO - Filling up the DagBag from /opt/airflow/dags/playwright_shopee.py
[2026-05-17T12:30:05.045+0000] {logging_mixin.py:188} INFO - 🌐 Membuka Chromium...
[2026-05-17T12:30:05.560+0000] {logging_mixin.py:188} INFO - 🍪 Inject cookies Shopee...
[2026-05-17T12:30:05.567+0000] {logging_mixin.py:188} INFO - ✅ 16 cookies berhasil diload dari /opt/airflow/dags/shopee_cookies.json
[2026-05-17T12:30:05.795+0000] {logging_mixin.py:188} INFO - 🌍 Membuka Shopee search...
[2026-05-17T12:30:12.373+0000] {logging_mixin.py:188} INFO - 📄 URL   : https://shopee.co.id/search?keyword=msi%20gaming
[2026-05-17T12:30:12.472+0000] {logging_mixin.py:188} INFO - 📄 TITLE : Shopee Indonesia | Situs Belanja Online Terlengkap & Terpercaya
[2026-05-17T12:30:13.856+0000] {logging_mixin.py:188} INFO - ❌ Cookies tidak valid atau sudah expired.
[2026-05-17T12:30:14.046+0000] {logging_mixin.py:188} INFO - [2026-05-17T12:30:14.044+0000] {dagbag.py:355} ERROR - Failed to import: /opt/airflow/dags/playwright_shopee.py
Traceback (most recent call last):
  File "/home/airflow/.local/lib/python3.8/site-packages/airflow/models/dagbag.py", line 351, in parse
    loader.exec_module(new_module)
  File "<frozen importlib._bootstrap_external>", line 843, in exec_module
  File "<frozen importlib._bootstrap>", line 219, in _call_with_frames_removed
  File "/opt/airflow/dags/playwright_shopee.py", line 228, in <module>
    raise RuntimeError("Cookies tidak valid. Export ulang dari Chrome.")
RuntimeError: Cookies tidak valid. Export ulang dari Chrome.
[2026-05-17T12:30:14.047+0000] {processor.py:842} WARNING - No viable dags retrieved from /opt/airflow/dags/playwright_shopee.py
[2026-05-17T12:30:14.076+0000] {processor.py:183} INFO - Processing /opt/airflow/dags/playwright_shopee.py took 9.781 seconds
[2026-05-17T12:30:44.457+0000] {processor.py:161} INFO - Started process (PID=37368) to work on /opt/airflow/dags/playwright_shopee.py
[2026-05-17T12:30:44.459+0000] {processor.py:830} INFO - Processing file /opt/airflow/dags/playwright_shopee.py for tasks to queue
[2026-05-17T12:30:44.462+0000] {logging_mixin.py:188} INFO - [2026-05-17T12:30:44.462+0000] {dagbag.py:545} INFO - Filling up the DagBag from /opt/airflow/dags/playwright_shopee.py
[2026-05-17T12:30:45.402+0000] {logging_mixin.py:188} INFO - 🌐 Membuka Chromium...
[2026-05-17T12:30:45.725+0000] {logging_mixin.py:188} INFO - 🍪 Inject cookies Shopee...
[2026-05-17T12:30:45.731+0000] {logging_mixin.py:188} INFO - ✅ 16 cookies berhasil diload dari /opt/airflow/dags/shopee_cookies.json
[2026-05-17T12:30:45.899+0000] {logging_mixin.py:188} INFO - 🌍 Membuka Shopee search...
[2026-05-17T12:30:52.578+0000] {logging_mixin.py:188} INFO - 📄 URL   : https://shopee.co.id/search?keyword=msi%20gaming
[2026-05-17T12:30:52.992+0000] {logging_mixin.py:188} INFO - 📄 TITLE : Jual msi gaming Harga Terbaik & Termurah Mei 2026 | Shopee Indonesia
[2026-05-17T12:30:56.654+0000] {logging_mixin.py:188} INFO - ❌ Kena traffic verify — cookies mungkin expired.
[2026-05-17T12:30:56.655+0000] {logging_mixin.py:188} INFO - ⚠️  Export ulang cookies dari Chrome dan update shopee_cookies.json
[2026-05-17T12:30:59.056+0000] {logging_mixin.py:188} INFO - [2026-05-17T12:30:59.054+0000] {dagbag.py:355} ERROR - Failed to import: /opt/airflow/dags/playwright_shopee.py
Traceback (most recent call last):
  File "/home/airflow/.local/lib/python3.8/site-packages/airflow/models/dagbag.py", line 351, in parse
    loader.exec_module(new_module)
  File "<frozen importlib._bootstrap_external>", line 843, in exec_module
  File "<frozen importlib._bootstrap>", line 219, in _call_with_frames_removed
  File "/opt/airflow/dags/playwright_shopee.py", line 218, in <module>
    raise RuntimeError(
RuntimeError: Shopee traffic verify detected. Update shopee_cookies.json dari Cookie-Editor.
[2026-05-17T12:30:59.059+0000] {processor.py:842} WARNING - No viable dags retrieved from /opt/airflow/dags/playwright_shopee.py
[2026-05-17T12:30:59.106+0000] {processor.py:183} INFO - Processing /opt/airflow/dags/playwright_shopee.py took 14.662 seconds
[2026-05-17T12:31:29.227+0000] {processor.py:161} INFO - Started process (PID=37498) to work on /opt/airflow/dags/playwright_shopee.py
[2026-05-17T12:31:29.229+0000] {processor.py:830} INFO - Processing file /opt/airflow/dags/playwright_shopee.py for tasks to queue
[2026-05-17T12:31:29.233+0000] {logging_mixin.py:188} INFO - [2026-05-17T12:31:29.233+0000] {dagbag.py:545} INFO - Filling up the DagBag from /opt/airflow/dags/playwright_shopee.py
[2026-05-17T12:31:30.114+0000] {logging_mixin.py:188} INFO - 🌐 Membuka Chromium...
[2026-05-17T12:31:30.408+0000] {logging_mixin.py:188} INFO - 🍪 Inject cookies Shopee...
[2026-05-17T12:31:30.413+0000] {logging_mixin.py:188} INFO - ✅ 16 cookies berhasil diload dari /opt/airflow/dags/shopee_cookies.json
[2026-05-17T12:31:30.636+0000] {logging_mixin.py:188} INFO - 🌍 Membuka Shopee search...
[2026-05-17T12:31:37.335+0000] {logging_mixin.py:188} INFO - 📄 URL   : https://shopee.co.id/search?keyword=msi%20gaming
[2026-05-17T12:31:37.534+0000] {logging_mixin.py:188} INFO - 📄 TITLE : Shopee Indonesia | Situs Belanja Online Terlengkap & Terpercaya
[2026-05-17T12:31:40.768+0000] {logging_mixin.py:188} INFO - ❌ Kena traffic verify — cookies mungkin expired.
[2026-05-17T12:31:40.769+0000] {logging_mixin.py:188} INFO - ⚠️  Export ulang cookies dari Chrome dan update shopee_cookies.json
[2026-05-17T12:31:43.208+0000] {logging_mixin.py:188} INFO - [2026-05-17T12:31:43.206+0000] {dagbag.py:355} ERROR - Failed to import: /opt/airflow/dags/playwright_shopee.py
Traceback (most recent call last):
  File "/home/airflow/.local/lib/python3.8/site-packages/airflow/models/dagbag.py", line 351, in parse
    loader.exec_module(new_module)
  File "<frozen importlib._bootstrap_external>", line 843, in exec_module
  File "<frozen importlib._bootstrap>", line 219, in _call_with_frames_removed
  File "/opt/airflow/dags/playwright_shopee.py", line 218, in <module>
    raise RuntimeError(
RuntimeError: Shopee traffic verify detected. Update shopee_cookies.json dari Cookie-Editor.
[2026-05-17T12:31:43.210+0000] {processor.py:842} WARNING - No viable dags retrieved from /opt/airflow/dags/playwright_shopee.py
[2026-05-17T12:31:43.243+0000] {processor.py:183} INFO - Processing /opt/airflow/dags/playwright_shopee.py took 14.037 seconds
[2026-05-17T12:32:13.565+0000] {processor.py:161} INFO - Started process (PID=37628) to work on /opt/airflow/dags/playwright_shopee.py
[2026-05-17T12:32:13.567+0000] {processor.py:830} INFO - Processing file /opt/airflow/dags/playwright_shopee.py for tasks to queue
[2026-05-17T12:32:13.570+0000] {logging_mixin.py:188} INFO - [2026-05-17T12:32:13.569+0000] {dagbag.py:545} INFO - Filling up the DagBag from /opt/airflow/dags/playwright_shopee.py
[2026-05-17T12:32:14.290+0000] {logging_mixin.py:188} INFO - 🌐 Membuka Chromium...
[2026-05-17T12:32:14.600+0000] {logging_mixin.py:188} INFO - 🍪 Inject cookies Shopee...
[2026-05-17T12:32:14.608+0000] {logging_mixin.py:188} INFO - ✅ 16 cookies berhasil diload dari /opt/airflow/dags/shopee_cookies.json
[2026-05-17T12:32:14.847+0000] {logging_mixin.py:188} INFO - 🌍 Membuka Shopee search...
[2026-05-17T12:32:22.843+0000] {logging_mixin.py:188} INFO - 📄 URL   : https://shopee.co.id/search?keyword=msi%20gaming
[2026-05-17T12:32:23.486+0000] {logging_mixin.py:188} INFO - 📄 TITLE : Jual msi gaming Harga Terbaik & Termurah Mei 2026 | Shopee Indonesia
[2026-05-17T12:32:25.066+0000] {logging_mixin.py:188} INFO - ❌ Kena traffic verify — cookies mungkin expired.
[2026-05-17T12:32:25.067+0000] {logging_mixin.py:188} INFO - ⚠️  Export ulang cookies dari Chrome dan update shopee_cookies.json
[2026-05-17T12:32:28.552+0000] {logging_mixin.py:188} INFO - [2026-05-17T12:32:28.551+0000] {dagbag.py:355} ERROR - Failed to import: /opt/airflow/dags/playwright_shopee.py
Traceback (most recent call last):
  File "/home/airflow/.local/lib/python3.8/site-packages/airflow/models/dagbag.py", line 351, in parse
    loader.exec_module(new_module)
  File "<frozen importlib._bootstrap_external>", line 843, in exec_module
  File "<frozen importlib._bootstrap>", line 219, in _call_with_frames_removed
  File "/opt/airflow/dags/playwright_shopee.py", line 218, in <module>
    raise RuntimeError(
RuntimeError: Shopee traffic verify detected. Update shopee_cookies.json dari Cookie-Editor.
[2026-05-17T12:32:28.554+0000] {processor.py:842} WARNING - No viable dags retrieved from /opt/airflow/dags/playwright_shopee.py
[2026-05-17T12:32:28.583+0000] {processor.py:183} INFO - Processing /opt/airflow/dags/playwright_shopee.py took 15.027 seconds
[2026-05-17T12:32:58.668+0000] {processor.py:161} INFO - Started process (PID=37744) to work on /opt/airflow/dags/playwright_shopee.py
[2026-05-17T12:32:58.670+0000] {processor.py:830} INFO - Processing file /opt/airflow/dags/playwright_shopee.py for tasks to queue
[2026-05-17T12:32:58.673+0000] {logging_mixin.py:188} INFO - [2026-05-17T12:32:58.672+0000] {dagbag.py:545} INFO - Filling up the DagBag from /opt/airflow/dags/playwright_shopee.py
[2026-05-17T12:32:59.481+0000] {logging_mixin.py:188} INFO - 🌐 Membuka Chromium...
[2026-05-17T12:32:59.875+0000] {logging_mixin.py:188} INFO - 🍪 Inject cookies Shopee...
[2026-05-17T12:32:59.882+0000] {logging_mixin.py:188} INFO - ✅ 16 cookies berhasil diload dari /opt/airflow/dags/shopee_cookies.json
[2026-05-17T12:33:00.050+0000] {logging_mixin.py:188} INFO - 🌍 Membuka Shopee search...
[2026-05-17T12:33:08.454+0000] {logging_mixin.py:188} INFO - 📄 URL   : https://shopee.co.id/search?keyword=msi%20gaming
[2026-05-17T12:33:09.142+0000] {logging_mixin.py:188} INFO - 📄 TITLE : Jual msi gaming Harga Terbaik & Termurah Mei 2026 | Shopee Indonesia
[2026-05-17T12:33:10.702+0000] {logging_mixin.py:188} INFO - ❌ Kena traffic verify — cookies mungkin expired.
[2026-05-17T12:33:10.705+0000] {logging_mixin.py:188} INFO - ⚠️  Export ulang cookies dari Chrome dan update shopee_cookies.json
[2026-05-17T12:33:12.665+0000] {logging_mixin.py:188} INFO - [2026-05-17T12:33:12.663+0000] {dagbag.py:355} ERROR - Failed to import: /opt/airflow/dags/playwright_shopee.py
Traceback (most recent call last):
  File "/home/airflow/.local/lib/python3.8/site-packages/airflow/models/dagbag.py", line 351, in parse
    loader.exec_module(new_module)
  File "<frozen importlib._bootstrap_external>", line 843, in exec_module
  File "<frozen importlib._bootstrap>", line 219, in _call_with_frames_removed
  File "/opt/airflow/dags/playwright_shopee.py", line 218, in <module>
    raise RuntimeError(
RuntimeError: Shopee traffic verify detected. Update shopee_cookies.json dari Cookie-Editor.
[2026-05-17T12:33:12.667+0000] {processor.py:842} WARNING - No viable dags retrieved from /opt/airflow/dags/playwright_shopee.py
[2026-05-17T12:33:12.699+0000] {processor.py:183} INFO - Processing /opt/airflow/dags/playwright_shopee.py took 14.043 seconds
[2026-05-17T12:33:43.031+0000] {processor.py:161} INFO - Started process (PID=37874) to work on /opt/airflow/dags/playwright_shopee.py
[2026-05-17T12:33:43.033+0000] {processor.py:830} INFO - Processing file /opt/airflow/dags/playwright_shopee.py for tasks to queue
[2026-05-17T12:33:43.035+0000] {logging_mixin.py:188} INFO - [2026-05-17T12:33:43.034+0000] {dagbag.py:545} INFO - Filling up the DagBag from /opt/airflow/dags/playwright_shopee.py
[2026-05-17T12:33:43.708+0000] {logging_mixin.py:188} INFO - 🌐 Membuka Chromium...
[2026-05-17T12:33:44.014+0000] {logging_mixin.py:188} INFO - 🍪 Inject cookies Shopee...
[2026-05-17T12:33:44.019+0000] {logging_mixin.py:188} INFO - ✅ 16 cookies berhasil diload dari /opt/airflow/dags/shopee_cookies.json
[2026-05-17T12:33:44.200+0000] {logging_mixin.py:188} INFO - 🌍 Membuka Shopee search...
[2026-05-17T12:33:51.008+0000] {logging_mixin.py:188} INFO - 📄 URL   : https://shopee.co.id/search?keyword=msi%20gaming
[2026-05-17T12:33:51.609+0000] {logging_mixin.py:188} INFO - 📄 TITLE : Shopee Indonesia | Situs Belanja Online Terlengkap & Terpercaya
[2026-05-17T12:33:54.946+0000] {logging_mixin.py:188} INFO - ❌ Kena traffic verify — cookies mungkin expired.
[2026-05-17T12:33:54.947+0000] {logging_mixin.py:188} INFO - ⚠️  Export ulang cookies dari Chrome dan update shopee_cookies.json
[2026-05-17T12:33:57.037+0000] {logging_mixin.py:188} INFO - [2026-05-17T12:33:57.036+0000] {dagbag.py:355} ERROR - Failed to import: /opt/airflow/dags/playwright_shopee.py
Traceback (most recent call last):
  File "/home/airflow/.local/lib/python3.8/site-packages/airflow/models/dagbag.py", line 351, in parse
    loader.exec_module(new_module)
  File "<frozen importlib._bootstrap_external>", line 843, in exec_module
  File "<frozen importlib._bootstrap>", line 219, in _call_with_frames_removed
  File "/opt/airflow/dags/playwright_shopee.py", line 218, in <module>
    raise RuntimeError(
RuntimeError: Shopee traffic verify detected. Update shopee_cookies.json dari Cookie-Editor.
[2026-05-17T12:33:57.039+0000] {processor.py:842} WARNING - No viable dags retrieved from /opt/airflow/dags/playwright_shopee.py
[2026-05-17T12:33:57.082+0000] {processor.py:183} INFO - Processing /opt/airflow/dags/playwright_shopee.py took 14.059 seconds
[2026-05-17T12:34:27.328+0000] {processor.py:161} INFO - Started process (PID=38001) to work on /opt/airflow/dags/playwright_shopee.py
[2026-05-17T12:34:27.330+0000] {processor.py:830} INFO - Processing file /opt/airflow/dags/playwright_shopee.py for tasks to queue
[2026-05-17T12:34:27.334+0000] {logging_mixin.py:188} INFO - [2026-05-17T12:34:27.333+0000] {dagbag.py:545} INFO - Filling up the DagBag from /opt/airflow/dags/playwright_shopee.py
[2026-05-17T12:34:28.088+0000] {logging_mixin.py:188} INFO - 🌐 Membuka Chromium...
[2026-05-17T12:34:28.407+0000] {logging_mixin.py:188} INFO - 🍪 Inject cookies Shopee...
[2026-05-17T12:34:28.412+0000] {logging_mixin.py:188} INFO - ✅ 16 cookies berhasil diload dari /opt/airflow/dags/shopee_cookies.json
[2026-05-17T12:34:28.577+0000] {logging_mixin.py:188} INFO - 🌍 Membuka Shopee search...
[2026-05-17T12:34:36.566+0000] {logging_mixin.py:188} INFO - 📄 URL   : https://shopee.co.id/search?keyword=msi%20gaming
[2026-05-17T12:34:36.997+0000] {logging_mixin.py:188} INFO - 📄 TITLE : Jual msi gaming Harga Terbaik & Termurah Mei 2026 | Shopee Indonesia
[2026-05-17T12:34:38.790+0000] {logging_mixin.py:188} INFO - ❌ Kena traffic verify — cookies mungkin expired.
[2026-05-17T12:34:38.791+0000] {logging_mixin.py:188} INFO - ⚠️  Export ulang cookies dari Chrome dan update shopee_cookies.json
[2026-05-17T12:34:42.396+0000] {logging_mixin.py:188} INFO - [2026-05-17T12:34:42.394+0000] {dagbag.py:355} ERROR - Failed to import: /opt/airflow/dags/playwright_shopee.py
Traceback (most recent call last):
  File "/home/airflow/.local/lib/python3.8/site-packages/airflow/models/dagbag.py", line 351, in parse
    loader.exec_module(new_module)
  File "<frozen importlib._bootstrap_external>", line 843, in exec_module
  File "<frozen importlib._bootstrap>", line 219, in _call_with_frames_removed
  File "/opt/airflow/dags/playwright_shopee.py", line 218, in <module>
    raise RuntimeError(
RuntimeError: Shopee traffic verify detected. Update shopee_cookies.json dari Cookie-Editor.
[2026-05-17T12:34:42.398+0000] {processor.py:842} WARNING - No viable dags retrieved from /opt/airflow/dags/playwright_shopee.py
[2026-05-17T12:34:42.434+0000] {processor.py:183} INFO - Processing /opt/airflow/dags/playwright_shopee.py took 15.119 seconds
[2026-05-17T12:35:12.746+0000] {processor.py:161} INFO - Started process (PID=38121) to work on /opt/airflow/dags/playwright_shopee.py
[2026-05-17T12:35:12.747+0000] {processor.py:830} INFO - Processing file /opt/airflow/dags/playwright_shopee.py for tasks to queue
[2026-05-17T12:35:12.749+0000] {logging_mixin.py:188} INFO - [2026-05-17T12:35:12.749+0000] {dagbag.py:545} INFO - Filling up the DagBag from /opt/airflow/dags/playwright_shopee.py
[2026-05-17T12:35:13.474+0000] {logging_mixin.py:188} INFO - 🌐 Membuka Chromium...
[2026-05-17T12:35:13.794+0000] {logging_mixin.py:188} INFO - 🍪 Inject cookies Shopee...
[2026-05-17T12:35:13.799+0000] {logging_mixin.py:188} INFO - ✅ 16 cookies berhasil diload dari /opt/airflow/dags/shopee_cookies.json
[2026-05-17T12:35:13.976+0000] {logging_mixin.py:188} INFO - 🌍 Membuka Shopee search...
[2026-05-17T12:35:20.211+0000] {logging_mixin.py:188} INFO - 📄 URL   : https://shopee.co.id/search?keyword=msi%20gaming
[2026-05-17T12:35:20.762+0000] {logging_mixin.py:188} INFO - 📄 TITLE : Shopee Indonesia | Situs Belanja Online Terlengkap & Terpercaya
[2026-05-17T12:35:25.021+0000] {logging_mixin.py:188} INFO - ❌ Kena traffic verify — cookies mungkin expired.
[2026-05-17T12:35:25.024+0000] {logging_mixin.py:188} INFO - ⚠️  Export ulang cookies dari Chrome dan update shopee_cookies.json
[2026-05-17T12:35:27.584+0000] {logging_mixin.py:188} INFO - [2026-05-17T12:35:27.580+0000] {dagbag.py:355} ERROR - Failed to import: /opt/airflow/dags/playwright_shopee.py
Traceback (most recent call last):
  File "/home/airflow/.local/lib/python3.8/site-packages/airflow/models/dagbag.py", line 351, in parse
    loader.exec_module(new_module)
  File "<frozen importlib._bootstrap_external>", line 843, in exec_module
  File "<frozen importlib._bootstrap>", line 219, in _call_with_frames_removed
  File "/opt/airflow/dags/playwright_shopee.py", line 218, in <module>
    raise RuntimeError(
RuntimeError: Shopee traffic verify detected. Update shopee_cookies.json dari Cookie-Editor.
[2026-05-17T12:35:27.587+0000] {processor.py:842} WARNING - No viable dags retrieved from /opt/airflow/dags/playwright_shopee.py
[2026-05-17T12:35:27.697+0000] {processor.py:183} INFO - Processing /opt/airflow/dags/playwright_shopee.py took 14.958 seconds
[2026-05-17T12:35:58.117+0000] {processor.py:161} INFO - Started process (PID=38237) to work on /opt/airflow/dags/playwright_shopee.py
[2026-05-17T12:35:58.120+0000] {processor.py:830} INFO - Processing file /opt/airflow/dags/playwright_shopee.py for tasks to queue
[2026-05-17T12:35:58.123+0000] {logging_mixin.py:188} INFO - [2026-05-17T12:35:58.123+0000] {dagbag.py:545} INFO - Filling up the DagBag from /opt/airflow/dags/playwright_shopee.py
[2026-05-17T12:35:59.450+0000] {logging_mixin.py:188} INFO - 🌐 Membuka Chromium...
[2026-05-17T12:36:00.558+0000] {logging_mixin.py:188} INFO - 🍪 Inject cookies Shopee...
[2026-05-17T12:36:00.565+0000] {logging_mixin.py:188} INFO - ✅ 16 cookies berhasil diload dari /opt/airflow/dags/shopee_cookies.json
[2026-05-17T12:36:00.861+0000] {logging_mixin.py:188} INFO - 🌍 Membuka Shopee search...
[2026-05-17T12:36:07.093+0000] {logging_mixin.py:188} INFO - 📄 URL   : https://shopee.co.id/search?keyword=msi%20gaming
[2026-05-17T12:36:08.427+0000] {logging_mixin.py:188} INFO - 📄 TITLE : Shopee Indonesia | Situs Belanja Online Terlengkap & Terpercaya
[2026-05-17T12:36:12.261+0000] {logging_mixin.py:188} INFO - ❌ Cookies tidak valid atau sudah expired.
[2026-05-17T12:36:12.471+0000] {logging_mixin.py:188} INFO - [2026-05-17T12:36:12.468+0000] {dagbag.py:355} ERROR - Failed to import: /opt/airflow/dags/playwright_shopee.py
Traceback (most recent call last):
  File "/home/airflow/.local/lib/python3.8/site-packages/airflow/models/dagbag.py", line 351, in parse
    loader.exec_module(new_module)
  File "<frozen importlib._bootstrap_external>", line 843, in exec_module
  File "<frozen importlib._bootstrap>", line 219, in _call_with_frames_removed
  File "/opt/airflow/dags/playwright_shopee.py", line 228, in <module>
    raise RuntimeError("Cookies tidak valid. Export ulang dari Chrome.")
RuntimeError: Cookies tidak valid. Export ulang dari Chrome.
[2026-05-17T12:36:12.474+0000] {processor.py:842} WARNING - No viable dags retrieved from /opt/airflow/dags/playwright_shopee.py
[2026-05-17T12:36:12.529+0000] {processor.py:183} INFO - Processing /opt/airflow/dags/playwright_shopee.py took 14.424 seconds
[2026-05-17T12:36:43.107+0000] {processor.py:161} INFO - Started process (PID=38355) to work on /opt/airflow/dags/playwright_shopee.py
[2026-05-17T12:36:43.115+0000] {processor.py:830} INFO - Processing file /opt/airflow/dags/playwright_shopee.py for tasks to queue
[2026-05-17T12:36:43.125+0000] {logging_mixin.py:188} INFO - [2026-05-17T12:36:43.122+0000] {dagbag.py:545} INFO - Filling up the DagBag from /opt/airflow/dags/playwright_shopee.py
[2026-05-17T12:36:44.845+0000] {logging_mixin.py:188} INFO - 🌐 Membuka Chromium...
[2026-05-17T12:36:45.297+0000] {logging_mixin.py:188} INFO - 🍪 Inject cookies Shopee...
[2026-05-17T12:36:45.306+0000] {logging_mixin.py:188} INFO - ✅ 16 cookies berhasil diload dari /opt/airflow/dags/shopee_cookies.json
[2026-05-17T12:36:45.608+0000] {logging_mixin.py:188} INFO - 🌍 Membuka Shopee search...
[2026-05-17T12:36:51.875+0000] {logging_mixin.py:188} INFO - 📄 URL   : https://shopee.co.id/search?keyword=msi%20gaming
[2026-05-17T12:36:52.237+0000] {logging_mixin.py:188} INFO - 📄 TITLE : Shopee Indonesia | Situs Belanja Online Terlengkap & Terpercaya
[2026-05-17T12:36:54.308+0000] {logging_mixin.py:188} INFO - ❌ Cookies tidak valid atau sudah expired.
[2026-05-17T12:36:54.508+0000] {logging_mixin.py:188} INFO - [2026-05-17T12:36:54.506+0000] {dagbag.py:355} ERROR - Failed to import: /opt/airflow/dags/playwright_shopee.py
Traceback (most recent call last):
  File "/home/airflow/.local/lib/python3.8/site-packages/airflow/models/dagbag.py", line 351, in parse
    loader.exec_module(new_module)
  File "<frozen importlib._bootstrap_external>", line 843, in exec_module
  File "<frozen importlib._bootstrap>", line 219, in _call_with_frames_removed
  File "/opt/airflow/dags/playwright_shopee.py", line 228, in <module>
    raise RuntimeError("Cookies tidak valid. Export ulang dari Chrome.")
RuntimeError: Cookies tidak valid. Export ulang dari Chrome.
[2026-05-17T12:36:54.510+0000] {processor.py:842} WARNING - No viable dags retrieved from /opt/airflow/dags/playwright_shopee.py
[2026-05-17T12:36:54.550+0000] {processor.py:183} INFO - Processing /opt/airflow/dags/playwright_shopee.py took 11.467 seconds
[2026-05-17T12:37:24.942+0000] {processor.py:161} INFO - Started process (PID=38478) to work on /opt/airflow/dags/playwright_shopee.py
[2026-05-17T12:37:24.946+0000] {processor.py:830} INFO - Processing file /opt/airflow/dags/playwright_shopee.py for tasks to queue
[2026-05-17T12:37:24.949+0000] {logging_mixin.py:188} INFO - [2026-05-17T12:37:24.949+0000] {dagbag.py:545} INFO - Filling up the DagBag from /opt/airflow/dags/playwright_shopee.py
[2026-05-17T12:37:25.833+0000] {logging_mixin.py:188} INFO - 🌐 Membuka Chromium...
[2026-05-17T12:37:26.183+0000] {logging_mixin.py:188} INFO - 🍪 Inject cookies Shopee...
[2026-05-17T12:37:26.189+0000] {logging_mixin.py:188} INFO - ✅ 16 cookies berhasil diload dari /opt/airflow/dags/shopee_cookies.json
[2026-05-17T12:37:26.396+0000] {logging_mixin.py:188} INFO - 🌍 Membuka Shopee search...
[2026-05-17T12:37:32.095+0000] {logging_mixin.py:188} INFO - 📄 URL   : https://shopee.co.id/search?keyword=msi%20gaming
[2026-05-17T12:37:32.760+0000] {logging_mixin.py:188} INFO - 📄 TITLE : Shopee Indonesia | Situs Belanja Online Terlengkap & Terpercaya
[2026-05-17T12:37:36.877+0000] {logging_mixin.py:188} INFO - ❌ Cookies tidak valid atau sudah expired.
[2026-05-17T12:37:37.132+0000] {logging_mixin.py:188} INFO - [2026-05-17T12:37:37.130+0000] {dagbag.py:355} ERROR - Failed to import: /opt/airflow/dags/playwright_shopee.py
Traceback (most recent call last):
  File "/home/airflow/.local/lib/python3.8/site-packages/airflow/models/dagbag.py", line 351, in parse
    loader.exec_module(new_module)
  File "<frozen importlib._bootstrap_external>", line 843, in exec_module
  File "<frozen importlib._bootstrap>", line 219, in _call_with_frames_removed
  File "/opt/airflow/dags/playwright_shopee.py", line 228, in <module>
    raise RuntimeError("Cookies tidak valid. Export ulang dari Chrome.")
RuntimeError: Cookies tidak valid. Export ulang dari Chrome.
[2026-05-17T12:37:37.134+0000] {processor.py:842} WARNING - No viable dags retrieved from /opt/airflow/dags/playwright_shopee.py
[2026-05-17T12:37:37.194+0000] {processor.py:183} INFO - Processing /opt/airflow/dags/playwright_shopee.py took 12.264 seconds
[2026-05-17T12:38:07.602+0000] {processor.py:161} INFO - Started process (PID=38596) to work on /opt/airflow/dags/playwright_shopee.py
[2026-05-17T12:38:07.606+0000] {processor.py:830} INFO - Processing file /opt/airflow/dags/playwright_shopee.py for tasks to queue
[2026-05-17T12:38:07.610+0000] {logging_mixin.py:188} INFO - [2026-05-17T12:38:07.609+0000] {dagbag.py:545} INFO - Filling up the DagBag from /opt/airflow/dags/playwright_shopee.py
[2026-05-17T12:38:08.509+0000] {logging_mixin.py:188} INFO - 🌐 Membuka Chromium...
[2026-05-17T12:38:08.846+0000] {logging_mixin.py:188} INFO - 🍪 Inject cookies Shopee...
[2026-05-17T12:38:08.852+0000] {logging_mixin.py:188} INFO - ✅ 16 cookies berhasil diload dari /opt/airflow/dags/shopee_cookies.json
[2026-05-17T12:38:09.130+0000] {logging_mixin.py:188} INFO - 🌍 Membuka Shopee search...
[2026-05-17T12:38:16.256+0000] {logging_mixin.py:188} INFO - 📄 URL   : https://shopee.co.id/search?keyword=msi%20gaming
[2026-05-17T12:38:17.325+0000] {logging_mixin.py:188} INFO - 📄 TITLE : Shopee Indonesia | Situs Belanja Online Terlengkap & Terpercaya
[2026-05-17T12:38:20.798+0000] {logging_mixin.py:188} INFO - ❌ Cookies tidak valid atau sudah expired.
[2026-05-17T12:38:20.985+0000] {logging_mixin.py:188} INFO - [2026-05-17T12:38:20.983+0000] {dagbag.py:355} ERROR - Failed to import: /opt/airflow/dags/playwright_shopee.py
Traceback (most recent call last):
  File "/home/airflow/.local/lib/python3.8/site-packages/airflow/models/dagbag.py", line 351, in parse
    loader.exec_module(new_module)
  File "<frozen importlib._bootstrap_external>", line 843, in exec_module
  File "<frozen importlib._bootstrap>", line 219, in _call_with_frames_removed
  File "/opt/airflow/dags/playwright_shopee.py", line 228, in <module>
    raise RuntimeError("Cookies tidak valid. Export ulang dari Chrome.")
RuntimeError: Cookies tidak valid. Export ulang dari Chrome.
[2026-05-17T12:38:20.987+0000] {processor.py:842} WARNING - No viable dags retrieved from /opt/airflow/dags/playwright_shopee.py
[2026-05-17T12:38:21.030+0000] {processor.py:183} INFO - Processing /opt/airflow/dags/playwright_shopee.py took 13.456 seconds
[2026-05-17T12:38:51.357+0000] {processor.py:161} INFO - Started process (PID=38720) to work on /opt/airflow/dags/playwright_shopee.py
[2026-05-17T12:38:51.359+0000] {processor.py:830} INFO - Processing file /opt/airflow/dags/playwright_shopee.py for tasks to queue
[2026-05-17T12:38:51.368+0000] {logging_mixin.py:188} INFO - [2026-05-17T12:38:51.367+0000] {dagbag.py:545} INFO - Filling up the DagBag from /opt/airflow/dags/playwright_shopee.py
[2026-05-17T12:38:52.622+0000] {logging_mixin.py:188} INFO - 🌐 Membuka Chromium...
[2026-05-17T12:38:53.156+0000] {logging_mixin.py:188} INFO - 🍪 Inject cookies Shopee...
[2026-05-17T12:38:53.165+0000] {logging_mixin.py:188} INFO - ✅ 16 cookies berhasil diload dari /opt/airflow/dags/shopee_cookies.json
[2026-05-17T12:38:53.412+0000] {logging_mixin.py:188} INFO - 🌍 Membuka Shopee search...
[2026-05-17T12:39:01.115+0000] {logging_mixin.py:188} INFO - 📄 URL   : https://shopee.co.id/search?keyword=msi%20gaming
[2026-05-17T12:39:01.690+0000] {logging_mixin.py:188} INFO - 📄 TITLE : Shopee Indonesia | Situs Belanja Online Terlengkap & Terpercaya
[2026-05-17T12:39:04.452+0000] {logging_mixin.py:188} INFO - ❌ Cookies tidak valid atau sudah expired.
[2026-05-17T12:39:04.691+0000] {logging_mixin.py:188} INFO - [2026-05-17T12:39:04.686+0000] {dagbag.py:355} ERROR - Failed to import: /opt/airflow/dags/playwright_shopee.py
Traceback (most recent call last):
  File "/home/airflow/.local/lib/python3.8/site-packages/airflow/models/dagbag.py", line 351, in parse
    loader.exec_module(new_module)
  File "<frozen importlib._bootstrap_external>", line 843, in exec_module
  File "<frozen importlib._bootstrap>", line 219, in _call_with_frames_removed
  File "/opt/airflow/dags/playwright_shopee.py", line 228, in <module>
    raise RuntimeError("Cookies tidak valid. Export ulang dari Chrome.")
RuntimeError: Cookies tidak valid. Export ulang dari Chrome.
[2026-05-17T12:39:04.695+0000] {processor.py:842} WARNING - No viable dags retrieved from /opt/airflow/dags/playwright_shopee.py
[2026-05-17T12:39:04.744+0000] {processor.py:183} INFO - Processing /opt/airflow/dags/playwright_shopee.py took 13.403 seconds
[2026-05-17T12:39:35.177+0000] {processor.py:161} INFO - Started process (PID=38840) to work on /opt/airflow/dags/playwright_shopee.py
[2026-05-17T12:39:35.179+0000] {processor.py:830} INFO - Processing file /opt/airflow/dags/playwright_shopee.py for tasks to queue
[2026-05-17T12:39:35.184+0000] {logging_mixin.py:188} INFO - [2026-05-17T12:39:35.183+0000] {dagbag.py:545} INFO - Filling up the DagBag from /opt/airflow/dags/playwright_shopee.py
[2026-05-17T12:39:36.233+0000] {logging_mixin.py:188} INFO - 🌐 Membuka Chromium...
[2026-05-17T12:39:36.570+0000] {logging_mixin.py:188} INFO - 🍪 Inject cookies Shopee...
[2026-05-17T12:39:36.577+0000] {logging_mixin.py:188} INFO - ✅ 16 cookies berhasil diload dari /opt/airflow/dags/shopee_cookies.json
[2026-05-17T12:39:36.783+0000] {logging_mixin.py:188} INFO - 🌍 Membuka Shopee search...
[2026-05-17T12:39:44.328+0000] {logging_mixin.py:188} INFO - 📄 URL   : https://shopee.co.id/search?keyword=msi%20gaming
[2026-05-17T12:39:44.763+0000] {logging_mixin.py:188} INFO - 📄 TITLE : Shopee Indonesia | Situs Belanja Online Terlengkap & Terpercaya
[2026-05-17T12:39:47.373+0000] {logging_mixin.py:188} INFO - ❌ Cookies tidak valid atau sudah expired.
[2026-05-17T12:39:47.684+0000] {logging_mixin.py:188} INFO - [2026-05-17T12:39:47.681+0000] {dagbag.py:355} ERROR - Failed to import: /opt/airflow/dags/playwright_shopee.py
Traceback (most recent call last):
  File "/home/airflow/.local/lib/python3.8/site-packages/airflow/models/dagbag.py", line 351, in parse
    loader.exec_module(new_module)
  File "<frozen importlib._bootstrap_external>", line 843, in exec_module
  File "<frozen importlib._bootstrap>", line 219, in _call_with_frames_removed
  File "/opt/airflow/dags/playwright_shopee.py", line 228, in <module>
    raise RuntimeError("Cookies tidak valid. Export ulang dari Chrome.")
RuntimeError: Cookies tidak valid. Export ulang dari Chrome.
[2026-05-17T12:39:47.687+0000] {processor.py:842} WARNING - No viable dags retrieved from /opt/airflow/dags/playwright_shopee.py
[2026-05-17T12:39:47.744+0000] {processor.py:183} INFO - Processing /opt/airflow/dags/playwright_shopee.py took 12.578 seconds
[2026-05-17T12:40:18.103+0000] {processor.py:161} INFO - Started process (PID=38960) to work on /opt/airflow/dags/playwright_shopee.py
[2026-05-17T12:40:18.105+0000] {processor.py:830} INFO - Processing file /opt/airflow/dags/playwright_shopee.py for tasks to queue
[2026-05-17T12:40:18.108+0000] {logging_mixin.py:188} INFO - [2026-05-17T12:40:18.108+0000] {dagbag.py:545} INFO - Filling up the DagBag from /opt/airflow/dags/playwright_shopee.py
[2026-05-17T12:40:18.856+0000] {logging_mixin.py:188} INFO - 🌐 Membuka Chromium...
[2026-05-17T12:40:19.295+0000] {logging_mixin.py:188} INFO - 🍪 Inject cookies Shopee...
[2026-05-17T12:40:19.301+0000] {logging_mixin.py:188} INFO - ✅ 16 cookies berhasil diload dari /opt/airflow/dags/shopee_cookies.json
[2026-05-17T12:40:19.529+0000] {logging_mixin.py:188} INFO - 🌍 Membuka Shopee search...
[2026-05-17T12:40:27.225+0000] {logging_mixin.py:188} INFO - 📄 URL   : https://shopee.co.id/search?keyword=msi%20gaming
[2026-05-17T12:40:27.876+0000] {logging_mixin.py:188} INFO - 📄 TITLE : Shopee Indonesia | Situs Belanja Online Terlengkap & Terpercaya
[2026-05-17T12:40:31.095+0000] {logging_mixin.py:188} INFO - ❌ Kena traffic verify — cookies mungkin expired.
[2026-05-17T12:40:31.096+0000] {logging_mixin.py:188} INFO - ⚠️  Export ulang cookies dari Chrome dan update shopee_cookies.json
[2026-05-17T12:40:32.840+0000] {logging_mixin.py:188} INFO - [2026-05-17T12:40:32.837+0000] {dagbag.py:355} ERROR - Failed to import: /opt/airflow/dags/playwright_shopee.py
Traceback (most recent call last):
  File "/home/airflow/.local/lib/python3.8/site-packages/airflow/models/dagbag.py", line 351, in parse
    loader.exec_module(new_module)
  File "<frozen importlib._bootstrap_external>", line 843, in exec_module
  File "<frozen importlib._bootstrap>", line 219, in _call_with_frames_removed
  File "/opt/airflow/dags/playwright_shopee.py", line 218, in <module>
    raise RuntimeError(
RuntimeError: Shopee traffic verify detected. Update shopee_cookies.json dari Cookie-Editor.
[2026-05-17T12:40:32.844+0000] {processor.py:842} WARNING - No viable dags retrieved from /opt/airflow/dags/playwright_shopee.py
[2026-05-17T12:40:32.894+0000] {processor.py:183} INFO - Processing /opt/airflow/dags/playwright_shopee.py took 14.805 seconds
[2026-05-17T12:41:03.265+0000] {processor.py:161} INFO - Started process (PID=39081) to work on /opt/airflow/dags/playwright_shopee.py
[2026-05-17T12:41:03.268+0000] {processor.py:830} INFO - Processing file /opt/airflow/dags/playwright_shopee.py for tasks to queue
[2026-05-17T12:41:03.273+0000] {logging_mixin.py:188} INFO - [2026-05-17T12:41:03.272+0000] {dagbag.py:545} INFO - Filling up the DagBag from /opt/airflow/dags/playwright_shopee.py
[2026-05-17T12:41:04.443+0000] {logging_mixin.py:188} INFO - 🌐 Membuka Chromium...
[2026-05-17T12:41:04.801+0000] {logging_mixin.py:188} INFO - 🍪 Inject cookies Shopee...
[2026-05-17T12:41:04.809+0000] {logging_mixin.py:188} INFO - ✅ 16 cookies berhasil diload dari /opt/airflow/dags/shopee_cookies.json
[2026-05-17T12:41:05.001+0000] {logging_mixin.py:188} INFO - 🌍 Membuka Shopee search...
[2026-05-17T12:41:12.999+0000] {logging_mixin.py:188} INFO - 📄 URL   : https://shopee.co.id/search?keyword=msi%20gaming
[2026-05-17T12:41:15.134+0000] {logging_mixin.py:188} INFO - 📄 TITLE : Jual msi gaming Harga Terbaik & Termurah Mei 2026 | Shopee Indonesia
[2026-05-17T12:41:16.811+0000] {logging_mixin.py:188} INFO - ❌ Kena traffic verify — cookies mungkin expired.
[2026-05-17T12:41:16.812+0000] {logging_mixin.py:188} INFO - ⚠️  Export ulang cookies dari Chrome dan update shopee_cookies.json
[2026-05-17T12:41:19.114+0000] {logging_mixin.py:188} INFO - [2026-05-17T12:41:19.113+0000] {dagbag.py:355} ERROR - Failed to import: /opt/airflow/dags/playwright_shopee.py
Traceback (most recent call last):
  File "/home/airflow/.local/lib/python3.8/site-packages/airflow/models/dagbag.py", line 351, in parse
    loader.exec_module(new_module)
  File "<frozen importlib._bootstrap_external>", line 843, in exec_module
  File "<frozen importlib._bootstrap>", line 219, in _call_with_frames_removed
  File "/opt/airflow/dags/playwright_shopee.py", line 218, in <module>
    raise RuntimeError(
RuntimeError: Shopee traffic verify detected. Update shopee_cookies.json dari Cookie-Editor.
[2026-05-17T12:41:19.116+0000] {processor.py:842} WARNING - No viable dags retrieved from /opt/airflow/dags/playwright_shopee.py
[2026-05-17T12:41:19.167+0000] {processor.py:183} INFO - Processing /opt/airflow/dags/playwright_shopee.py took 15.914 seconds
[2026-05-17T12:41:49.744+0000] {processor.py:161} INFO - Started process (PID=39208) to work on /opt/airflow/dags/playwright_shopee.py
[2026-05-17T12:41:49.746+0000] {processor.py:830} INFO - Processing file /opt/airflow/dags/playwright_shopee.py for tasks to queue
[2026-05-17T12:41:49.750+0000] {logging_mixin.py:188} INFO - [2026-05-17T12:41:49.750+0000] {dagbag.py:545} INFO - Filling up the DagBag from /opt/airflow/dags/playwright_shopee.py
[2026-05-17T12:41:50.933+0000] {logging_mixin.py:188} INFO - 🌐 Membuka Chromium...
[2026-05-17T12:41:51.316+0000] {logging_mixin.py:188} INFO - 🍪 Inject cookies Shopee...
[2026-05-17T12:41:51.322+0000] {logging_mixin.py:188} INFO - ✅ 16 cookies berhasil diload dari /opt/airflow/dags/shopee_cookies.json
[2026-05-17T12:41:51.544+0000] {logging_mixin.py:188} INFO - 🌍 Membuka Shopee search...
[2026-05-17T12:41:57.593+0000] {logging_mixin.py:188} INFO - 📄 URL   : https://shopee.co.id/search?keyword=msi%20gaming
[2026-05-17T12:41:58.314+0000] {logging_mixin.py:188} INFO - 📄 TITLE : Shopee Indonesia | Situs Belanja Online Terlengkap & Terpercaya
[2026-05-17T12:42:01.882+0000] {logging_mixin.py:188} INFO - ❌ Cookies tidak valid atau sudah expired.
[2026-05-17T12:42:02.125+0000] {logging_mixin.py:188} INFO - [2026-05-17T12:42:02.122+0000] {dagbag.py:355} ERROR - Failed to import: /opt/airflow/dags/playwright_shopee.py
Traceback (most recent call last):
  File "/home/airflow/.local/lib/python3.8/site-packages/airflow/models/dagbag.py", line 351, in parse
    loader.exec_module(new_module)
  File "<frozen importlib._bootstrap_external>", line 843, in exec_module
  File "<frozen importlib._bootstrap>", line 219, in _call_with_frames_removed
  File "/opt/airflow/dags/playwright_shopee.py", line 228, in <module>
    raise RuntimeError("Cookies tidak valid. Export ulang dari Chrome.")
RuntimeError: Cookies tidak valid. Export ulang dari Chrome.
[2026-05-17T12:42:02.127+0000] {processor.py:842} WARNING - No viable dags retrieved from /opt/airflow/dags/playwright_shopee.py
[2026-05-17T12:42:02.182+0000] {processor.py:183} INFO - Processing /opt/airflow/dags/playwright_shopee.py took 12.672 seconds
[2026-05-17T12:42:33.164+0000] {processor.py:161} INFO - Started process (PID=39330) to work on /opt/airflow/dags/playwright_shopee.py
[2026-05-17T12:42:33.166+0000] {processor.py:830} INFO - Processing file /opt/airflow/dags/playwright_shopee.py for tasks to queue
[2026-05-17T12:42:33.169+0000] {logging_mixin.py:188} INFO - [2026-05-17T12:42:33.168+0000] {dagbag.py:545} INFO - Filling up the DagBag from /opt/airflow/dags/playwright_shopee.py
[2026-05-17T12:42:34.189+0000] {logging_mixin.py:188} INFO - 🌐 Membuka Chromium...
[2026-05-17T12:42:34.565+0000] {logging_mixin.py:188} INFO - 🍪 Inject cookies Shopee...
[2026-05-17T12:42:34.571+0000] {logging_mixin.py:188} INFO - ✅ 16 cookies berhasil diload dari /opt/airflow/dags/shopee_cookies.json
[2026-05-17T12:42:34.796+0000] {logging_mixin.py:188} INFO - 🌍 Membuka Shopee search...
[2026-05-17T12:42:43.059+0000] {logging_mixin.py:188} INFO - 📄 URL   : https://shopee.co.id/search?keyword=msi%20gaming
[2026-05-17T12:42:43.865+0000] {logging_mixin.py:188} INFO - 📄 TITLE : Shopee Indonesia | Situs Belanja Online Terlengkap & Terpercaya
[2026-05-17T12:42:45.976+0000] {logging_mixin.py:188} INFO - ❌ Cookies tidak valid atau sudah expired.
[2026-05-17T12:42:46.157+0000] {logging_mixin.py:188} INFO - [2026-05-17T12:42:46.153+0000] {dagbag.py:355} ERROR - Failed to import: /opt/airflow/dags/playwright_shopee.py
Traceback (most recent call last):
  File "/home/airflow/.local/lib/python3.8/site-packages/airflow/models/dagbag.py", line 351, in parse
    loader.exec_module(new_module)
  File "<frozen importlib._bootstrap_external>", line 843, in exec_module
  File "<frozen importlib._bootstrap>", line 219, in _call_with_frames_removed
  File "/opt/airflow/dags/playwright_shopee.py", line 228, in <module>
    raise RuntimeError("Cookies tidak valid. Export ulang dari Chrome.")
RuntimeError: Cookies tidak valid. Export ulang dari Chrome.
[2026-05-17T12:42:46.160+0000] {processor.py:842} WARNING - No viable dags retrieved from /opt/airflow/dags/playwright_shopee.py
[2026-05-17T12:42:46.222+0000] {processor.py:183} INFO - Processing /opt/airflow/dags/playwright_shopee.py took 13.070 seconds
[2026-05-17T12:43:16.677+0000] {processor.py:161} INFO - Started process (PID=39447) to work on /opt/airflow/dags/playwright_shopee.py
[2026-05-17T12:43:16.678+0000] {processor.py:830} INFO - Processing file /opt/airflow/dags/playwright_shopee.py for tasks to queue
[2026-05-17T12:43:16.681+0000] {logging_mixin.py:188} INFO - [2026-05-17T12:43:16.681+0000] {dagbag.py:545} INFO - Filling up the DagBag from /opt/airflow/dags/playwright_shopee.py
[2026-05-17T12:43:17.487+0000] {logging_mixin.py:188} INFO - 🌐 Membuka Chromium...
[2026-05-17T12:43:17.851+0000] {logging_mixin.py:188} INFO - 🍪 Inject cookies Shopee...
[2026-05-17T12:43:17.856+0000] {logging_mixin.py:188} INFO - ✅ 16 cookies berhasil diload dari /opt/airflow/dags/shopee_cookies.json
[2026-05-17T12:43:18.054+0000] {logging_mixin.py:188} INFO - 🌍 Membuka Shopee search...
[2026-05-17T12:43:25.957+0000] {logging_mixin.py:188} INFO - 📄 URL   : https://shopee.co.id/search?keyword=msi%20gaming
[2026-05-17T12:43:26.369+0000] {logging_mixin.py:188} INFO - 📄 TITLE : Shopee Indonesia | Situs Belanja Online Terlengkap & Terpercaya
[2026-05-17T12:43:29.025+0000] {logging_mixin.py:188} INFO - ❌ Kena traffic verify — cookies mungkin expired.
[2026-05-17T12:43:29.026+0000] {logging_mixin.py:188} INFO - ⚠️  Export ulang cookies dari Chrome dan update shopee_cookies.json
[2026-05-17T12:43:32.841+0000] {logging_mixin.py:188} INFO - [2026-05-17T12:43:32.838+0000] {dagbag.py:355} ERROR - Failed to import: /opt/airflow/dags/playwright_shopee.py
Traceback (most recent call last):
  File "/home/airflow/.local/lib/python3.8/site-packages/airflow/models/dagbag.py", line 351, in parse
    loader.exec_module(new_module)
  File "<frozen importlib._bootstrap_external>", line 843, in exec_module
  File "<frozen importlib._bootstrap>", line 219, in _call_with_frames_removed
  File "/opt/airflow/dags/playwright_shopee.py", line 218, in <module>
    raise RuntimeError(
RuntimeError: Shopee traffic verify detected. Update shopee_cookies.json dari Cookie-Editor.
[2026-05-17T12:43:32.843+0000] {processor.py:842} WARNING - No viable dags retrieved from /opt/airflow/dags/playwright_shopee.py
[2026-05-17T12:43:32.910+0000] {processor.py:183} INFO - Processing /opt/airflow/dags/playwright_shopee.py took 16.245 seconds
[2026-05-17T12:44:03.335+0000] {processor.py:161} INFO - Started process (PID=39578) to work on /opt/airflow/dags/playwright_shopee.py
[2026-05-17T12:44:03.338+0000] {processor.py:830} INFO - Processing file /opt/airflow/dags/playwright_shopee.py for tasks to queue
[2026-05-17T12:44:03.342+0000] {logging_mixin.py:188} INFO - [2026-05-17T12:44:03.341+0000] {dagbag.py:545} INFO - Filling up the DagBag from /opt/airflow/dags/playwright_shopee.py
[2026-05-17T12:44:04.226+0000] {logging_mixin.py:188} INFO - 🌐 Membuka Chromium...
[2026-05-17T12:44:04.620+0000] {logging_mixin.py:188} INFO - 🍪 Inject cookies Shopee...
[2026-05-17T12:44:04.626+0000] {logging_mixin.py:188} INFO - ✅ 16 cookies berhasil diload dari /opt/airflow/dags/shopee_cookies.json
[2026-05-17T12:44:04.823+0000] {logging_mixin.py:188} INFO - 🌍 Membuka Shopee search...
[2026-05-17T12:44:10.533+0000] {logging_mixin.py:188} INFO - 📄 URL   : https://shopee.co.id/search?keyword=msi%20gaming
[2026-05-17T12:44:10.926+0000] {logging_mixin.py:188} INFO - 📄 TITLE : Shopee Indonesia | Situs Belanja Online Terlengkap & Terpercaya
[2026-05-17T12:44:14.146+0000] {logging_mixin.py:188} INFO - ❌ Cookies tidak valid atau sudah expired.
[2026-05-17T12:44:14.354+0000] {logging_mixin.py:188} INFO - [2026-05-17T12:44:14.352+0000] {dagbag.py:355} ERROR - Failed to import: /opt/airflow/dags/playwright_shopee.py
Traceback (most recent call last):
  File "/home/airflow/.local/lib/python3.8/site-packages/airflow/models/dagbag.py", line 351, in parse
    loader.exec_module(new_module)
  File "<frozen importlib._bootstrap_external>", line 843, in exec_module
  File "<frozen importlib._bootstrap>", line 219, in _call_with_frames_removed
  File "/opt/airflow/dags/playwright_shopee.py", line 228, in <module>
    raise RuntimeError("Cookies tidak valid. Export ulang dari Chrome.")
RuntimeError: Cookies tidak valid. Export ulang dari Chrome.
[2026-05-17T12:44:14.356+0000] {processor.py:842} WARNING - No viable dags retrieved from /opt/airflow/dags/playwright_shopee.py
[2026-05-17T12:44:14.403+0000] {processor.py:183} INFO - Processing /opt/airflow/dags/playwright_shopee.py took 11.086 seconds
[2026-05-17T12:44:44.783+0000] {processor.py:161} INFO - Started process (PID=39692) to work on /opt/airflow/dags/playwright_shopee.py
[2026-05-17T12:44:44.785+0000] {processor.py:830} INFO - Processing file /opt/airflow/dags/playwright_shopee.py for tasks to queue
[2026-05-17T12:44:44.787+0000] {logging_mixin.py:188} INFO - [2026-05-17T12:44:44.787+0000] {dagbag.py:545} INFO - Filling up the DagBag from /opt/airflow/dags/playwright_shopee.py
[2026-05-17T12:44:45.651+0000] {logging_mixin.py:188} INFO - 🌐 Membuka Chromium...
[2026-05-17T12:44:45.990+0000] {logging_mixin.py:188} INFO - 🍪 Inject cookies Shopee...
[2026-05-17T12:44:45.997+0000] {logging_mixin.py:188} INFO - ✅ 16 cookies berhasil diload dari /opt/airflow/dags/shopee_cookies.json
[2026-05-17T12:44:46.205+0000] {logging_mixin.py:188} INFO - 🌍 Membuka Shopee search...
[2026-05-17T12:44:53.280+0000] {logging_mixin.py:188} INFO - 📄 URL   : https://shopee.co.id/search?keyword=msi%20gaming
[2026-05-17T12:44:53.500+0000] {logging_mixin.py:188} INFO - 📄 TITLE : Shopee Indonesia | Situs Belanja Online Terlengkap & Terpercaya
[2026-05-17T12:44:56.941+0000] {logging_mixin.py:188} INFO - ❌ Cookies tidak valid atau sudah expired.
[2026-05-17T12:44:57.213+0000] {logging_mixin.py:188} INFO - [2026-05-17T12:44:57.211+0000] {dagbag.py:355} ERROR - Failed to import: /opt/airflow/dags/playwright_shopee.py
Traceback (most recent call last):
  File "/home/airflow/.local/lib/python3.8/site-packages/airflow/models/dagbag.py", line 351, in parse
    loader.exec_module(new_module)
  File "<frozen importlib._bootstrap_external>", line 843, in exec_module
  File "<frozen importlib._bootstrap>", line 219, in _call_with_frames_removed
  File "/opt/airflow/dags/playwright_shopee.py", line 228, in <module>
    raise RuntimeError("Cookies tidak valid. Export ulang dari Chrome.")
RuntimeError: Cookies tidak valid. Export ulang dari Chrome.
[2026-05-17T12:44:57.215+0000] {processor.py:842} WARNING - No viable dags retrieved from /opt/airflow/dags/playwright_shopee.py
[2026-05-17T12:44:57.266+0000] {processor.py:183} INFO - Processing /opt/airflow/dags/playwright_shopee.py took 12.489 seconds
[2026-05-17T12:45:27.749+0000] {processor.py:161} INFO - Started process (PID=39808) to work on /opt/airflow/dags/playwright_shopee.py
[2026-05-17T12:45:27.751+0000] {processor.py:830} INFO - Processing file /opt/airflow/dags/playwright_shopee.py for tasks to queue
[2026-05-17T12:45:27.755+0000] {logging_mixin.py:188} INFO - [2026-05-17T12:45:27.754+0000] {dagbag.py:545} INFO - Filling up the DagBag from /opt/airflow/dags/playwright_shopee.py
[2026-05-17T12:45:29.060+0000] {logging_mixin.py:188} INFO - 🌐 Membuka Chromium...
[2026-05-17T12:45:29.520+0000] {logging_mixin.py:188} INFO - 🍪 Inject cookies Shopee...
[2026-05-17T12:45:29.528+0000] {logging_mixin.py:188} INFO - ✅ 16 cookies berhasil diload dari /opt/airflow/dags/shopee_cookies.json
[2026-05-17T12:45:29.880+0000] {logging_mixin.py:188} INFO - 🌍 Membuka Shopee search...
[2026-05-17T12:45:36.149+0000] {logging_mixin.py:188} INFO - 📄 URL   : https://shopee.co.id/search?keyword=msi%20gaming
[2026-05-17T12:45:36.610+0000] {logging_mixin.py:188} INFO - 📄 TITLE : Shopee Indonesia | Situs Belanja Online Terlengkap & Terpercaya
[2026-05-17T12:45:39.645+0000] {logging_mixin.py:188} INFO - ❌ Cookies tidak valid atau sudah expired.
[2026-05-17T12:45:39.819+0000] {logging_mixin.py:188} INFO - [2026-05-17T12:45:39.816+0000] {dagbag.py:355} ERROR - Failed to import: /opt/airflow/dags/playwright_shopee.py
Traceback (most recent call last):
  File "/home/airflow/.local/lib/python3.8/site-packages/airflow/models/dagbag.py", line 351, in parse
    loader.exec_module(new_module)
  File "<frozen importlib._bootstrap_external>", line 843, in exec_module
  File "<frozen importlib._bootstrap>", line 219, in _call_with_frames_removed
  File "/opt/airflow/dags/playwright_shopee.py", line 228, in <module>
    raise RuntimeError("Cookies tidak valid. Export ulang dari Chrome.")
RuntimeError: Cookies tidak valid. Export ulang dari Chrome.
[2026-05-17T12:45:39.822+0000] {processor.py:842} WARNING - No viable dags retrieved from /opt/airflow/dags/playwright_shopee.py
[2026-05-17T12:45:39.864+0000] {processor.py:183} INFO - Processing /opt/airflow/dags/playwright_shopee.py took 12.133 seconds
[2026-05-17T12:46:10.261+0000] {processor.py:161} INFO - Started process (PID=39930) to work on /opt/airflow/dags/playwright_shopee.py
[2026-05-17T12:46:10.262+0000] {processor.py:830} INFO - Processing file /opt/airflow/dags/playwright_shopee.py for tasks to queue
[2026-05-17T12:46:10.264+0000] {logging_mixin.py:188} INFO - [2026-05-17T12:46:10.264+0000] {dagbag.py:545} INFO - Filling up the DagBag from /opt/airflow/dags/playwright_shopee.py
[2026-05-17T12:46:11.112+0000] {logging_mixin.py:188} INFO - 🌐 Membuka Chromium...
[2026-05-17T12:46:11.538+0000] {logging_mixin.py:188} INFO - 🍪 Inject cookies Shopee...
[2026-05-17T12:46:11.543+0000] {logging_mixin.py:188} INFO - ✅ 16 cookies berhasil diload dari /opt/airflow/dags/shopee_cookies.json
[2026-05-17T12:46:11.741+0000] {logging_mixin.py:188} INFO - 🌍 Membuka Shopee search...
[2026-05-17T12:46:17.704+0000] {logging_mixin.py:188} INFO - 📄 URL   : https://shopee.co.id/search?keyword=msi%20gaming
[2026-05-17T12:46:18.187+0000] {logging_mixin.py:188} INFO - 📄 TITLE : Shopee Indonesia | Situs Belanja Online Terlengkap & Terpercaya
[2026-05-17T12:46:21.137+0000] {logging_mixin.py:188} INFO - ❌ Kena traffic verify — cookies mungkin expired.
[2026-05-17T12:46:21.138+0000] {logging_mixin.py:188} INFO - ⚠️  Export ulang cookies dari Chrome dan update shopee_cookies.json
[2026-05-17T12:46:22.593+0000] {logging_mixin.py:188} INFO - [2026-05-17T12:46:22.590+0000] {dagbag.py:355} ERROR - Failed to import: /opt/airflow/dags/playwright_shopee.py
Traceback (most recent call last):
  File "/home/airflow/.local/lib/python3.8/site-packages/airflow/models/dagbag.py", line 351, in parse
    loader.exec_module(new_module)
  File "<frozen importlib._bootstrap_external>", line 843, in exec_module
  File "<frozen importlib._bootstrap>", line 219, in _call_with_frames_removed
  File "/opt/airflow/dags/playwright_shopee.py", line 218, in <module>
    raise RuntimeError(
RuntimeError: Shopee traffic verify detected. Update shopee_cookies.json dari Cookie-Editor.
[2026-05-17T12:46:22.599+0000] {processor.py:842} WARNING - No viable dags retrieved from /opt/airflow/dags/playwright_shopee.py
[2026-05-17T12:46:22.640+0000] {processor.py:183} INFO - Processing /opt/airflow/dags/playwright_shopee.py took 12.390 seconds
[2026-05-17T12:46:53.008+0000] {processor.py:161} INFO - Started process (PID=40047) to work on /opt/airflow/dags/playwright_shopee.py
[2026-05-17T12:46:53.011+0000] {processor.py:830} INFO - Processing file /opt/airflow/dags/playwright_shopee.py for tasks to queue
[2026-05-17T12:46:53.015+0000] {logging_mixin.py:188} INFO - [2026-05-17T12:46:53.014+0000] {dagbag.py:545} INFO - Filling up the DagBag from /opt/airflow/dags/playwright_shopee.py
[2026-05-17T12:46:53.755+0000] {logging_mixin.py:188} INFO - 🌐 Membuka Chromium...
[2026-05-17T12:46:54.139+0000] {logging_mixin.py:188} INFO - 🍪 Inject cookies Shopee...
[2026-05-17T12:46:54.144+0000] {logging_mixin.py:188} INFO - ✅ 16 cookies berhasil diload dari /opt/airflow/dags/shopee_cookies.json
[2026-05-17T12:46:54.348+0000] {logging_mixin.py:188} INFO - 🌍 Membuka Shopee search...
[2026-05-17T12:47:01.192+0000] {logging_mixin.py:188} INFO - 📄 URL   : https://shopee.co.id/search?keyword=msi%20gaming
[2026-05-17T12:47:01.764+0000] {logging_mixin.py:188} INFO - 📄 TITLE : Shopee Indonesia | Situs Belanja Online Terlengkap & Terpercaya
[2026-05-17T12:47:05.082+0000] {logging_mixin.py:188} INFO - ❌ Cookies tidak valid atau sudah expired.
[2026-05-17T12:47:05.275+0000] {logging_mixin.py:188} INFO - [2026-05-17T12:47:05.274+0000] {dagbag.py:355} ERROR - Failed to import: /opt/airflow/dags/playwright_shopee.py
Traceback (most recent call last):
  File "/home/airflow/.local/lib/python3.8/site-packages/airflow/models/dagbag.py", line 351, in parse
    loader.exec_module(new_module)
  File "<frozen importlib._bootstrap_external>", line 843, in exec_module
  File "<frozen importlib._bootstrap>", line 219, in _call_with_frames_removed
  File "/opt/airflow/dags/playwright_shopee.py", line 228, in <module>
    raise RuntimeError("Cookies tidak valid. Export ulang dari Chrome.")
RuntimeError: Cookies tidak valid. Export ulang dari Chrome.
[2026-05-17T12:47:05.278+0000] {processor.py:842} WARNING - No viable dags retrieved from /opt/airflow/dags/playwright_shopee.py
[2026-05-17T12:47:05.318+0000] {processor.py:183} INFO - Processing /opt/airflow/dags/playwright_shopee.py took 12.326 seconds
[2026-05-17T12:47:35.663+0000] {processor.py:161} INFO - Started process (PID=40170) to work on /opt/airflow/dags/playwright_shopee.py
[2026-05-17T12:47:35.665+0000] {processor.py:830} INFO - Processing file /opt/airflow/dags/playwright_shopee.py for tasks to queue
[2026-05-17T12:47:35.668+0000] {logging_mixin.py:188} INFO - [2026-05-17T12:47:35.668+0000] {dagbag.py:545} INFO - Filling up the DagBag from /opt/airflow/dags/playwright_shopee.py
[2026-05-17T12:47:36.607+0000] {logging_mixin.py:188} INFO - 🌐 Membuka Chromium...
[2026-05-17T12:47:37.002+0000] {logging_mixin.py:188} INFO - 🍪 Inject cookies Shopee...
[2026-05-17T12:47:37.007+0000] {logging_mixin.py:188} INFO - ✅ 16 cookies berhasil diload dari /opt/airflow/dags/shopee_cookies.json
[2026-05-17T12:47:37.209+0000] {logging_mixin.py:188} INFO - 🌍 Membuka Shopee search...
[2026-05-17T12:47:44.840+0000] {logging_mixin.py:188} INFO - 📄 URL   : https://shopee.co.id/search?keyword=msi%20gaming
[2026-05-17T12:47:47.281+0000] {logging_mixin.py:188} INFO - 📄 TITLE : Jual msi gaming Harga Terbaik & Termurah Mei 2026 | Shopee Indonesia
[2026-05-17T12:47:49.069+0000] {logging_mixin.py:188} INFO - ❌ Kena traffic verify — cookies mungkin expired.
[2026-05-17T12:47:49.083+0000] {logging_mixin.py:188} INFO - ⚠️  Export ulang cookies dari Chrome dan update shopee_cookies.json
[2026-05-17T12:47:52.013+0000] {logging_mixin.py:188} INFO - [2026-05-17T12:47:52.004+0000] {dagbag.py:355} ERROR - Failed to import: /opt/airflow/dags/playwright_shopee.py
Traceback (most recent call last):
  File "/home/airflow/.local/lib/python3.8/site-packages/airflow/models/dagbag.py", line 351, in parse
    loader.exec_module(new_module)
  File "<frozen importlib._bootstrap_external>", line 843, in exec_module
  File "<frozen importlib._bootstrap>", line 219, in _call_with_frames_removed
  File "/opt/airflow/dags/playwright_shopee.py", line 218, in <module>
    raise RuntimeError(
RuntimeError: Shopee traffic verify detected. Update shopee_cookies.json dari Cookie-Editor.
[2026-05-17T12:47:52.017+0000] {processor.py:842} WARNING - No viable dags retrieved from /opt/airflow/dags/playwright_shopee.py
[2026-05-17T12:47:52.080+0000] {processor.py:183} INFO - Processing /opt/airflow/dags/playwright_shopee.py took 16.424 seconds
[2026-05-17T12:48:22.459+0000] {processor.py:161} INFO - Started process (PID=40300) to work on /opt/airflow/dags/playwright_shopee.py
[2026-05-17T12:48:22.461+0000] {processor.py:830} INFO - Processing file /opt/airflow/dags/playwright_shopee.py for tasks to queue
[2026-05-17T12:48:22.465+0000] {logging_mixin.py:188} INFO - [2026-05-17T12:48:22.464+0000] {dagbag.py:545} INFO - Filling up the DagBag from /opt/airflow/dags/playwright_shopee.py
[2026-05-17T12:48:23.287+0000] {logging_mixin.py:188} INFO - 🌐 Membuka Chromium...
[2026-05-17T12:48:23.604+0000] {logging_mixin.py:188} INFO - 🍪 Inject cookies Shopee...
[2026-05-17T12:48:23.609+0000] {logging_mixin.py:188} INFO - ✅ 16 cookies berhasil diload dari /opt/airflow/dags/shopee_cookies.json
[2026-05-17T12:48:23.788+0000] {logging_mixin.py:188} INFO - 🌍 Membuka Shopee search...
[2026-05-17T12:48:29.983+0000] {logging_mixin.py:188} INFO - 📄 URL   : https://shopee.co.id/search?keyword=msi%20gaming
[2026-05-17T12:48:30.505+0000] {logging_mixin.py:188} INFO - 📄 TITLE : Shopee Indonesia | Situs Belanja Online Terlengkap & Terpercaya
[2026-05-17T12:48:33.871+0000] {logging_mixin.py:188} INFO - ❌ Cookies tidak valid atau sudah expired.
[2026-05-17T12:48:34.102+0000] {logging_mixin.py:188} INFO - [2026-05-17T12:48:34.100+0000] {dagbag.py:355} ERROR - Failed to import: /opt/airflow/dags/playwright_shopee.py
Traceback (most recent call last):
  File "/home/airflow/.local/lib/python3.8/site-packages/airflow/models/dagbag.py", line 351, in parse
    loader.exec_module(new_module)
  File "<frozen importlib._bootstrap_external>", line 843, in exec_module
  File "<frozen importlib._bootstrap>", line 219, in _call_with_frames_removed
  File "/opt/airflow/dags/playwright_shopee.py", line 228, in <module>
    raise RuntimeError("Cookies tidak valid. Export ulang dari Chrome.")
RuntimeError: Cookies tidak valid. Export ulang dari Chrome.
[2026-05-17T12:48:34.104+0000] {processor.py:842} WARNING - No viable dags retrieved from /opt/airflow/dags/playwright_shopee.py
[2026-05-17T12:48:34.152+0000] {processor.py:183} INFO - Processing /opt/airflow/dags/playwright_shopee.py took 11.707 seconds
[2026-05-17T12:49:04.499+0000] {processor.py:161} INFO - Started process (PID=40417) to work on /opt/airflow/dags/playwright_shopee.py
[2026-05-17T12:49:04.504+0000] {processor.py:830} INFO - Processing file /opt/airflow/dags/playwright_shopee.py for tasks to queue
[2026-05-17T12:49:04.507+0000] {logging_mixin.py:188} INFO - [2026-05-17T12:49:04.507+0000] {dagbag.py:545} INFO - Filling up the DagBag from /opt/airflow/dags/playwright_shopee.py
[2026-05-17T12:49:05.360+0000] {logging_mixin.py:188} INFO - 🌐 Membuka Chromium...
[2026-05-17T12:49:05.814+0000] {logging_mixin.py:188} INFO - 🍪 Inject cookies Shopee...
[2026-05-17T12:49:05.820+0000] {logging_mixin.py:188} INFO - ✅ 16 cookies berhasil diload dari /opt/airflow/dags/shopee_cookies.json
[2026-05-17T12:49:06.023+0000] {logging_mixin.py:188} INFO - 🌍 Membuka Shopee search...
[2026-05-17T12:49:13.454+0000] {logging_mixin.py:188} INFO - 📄 URL   : https://shopee.co.id/search?keyword=msi%20gaming
[2026-05-17T12:49:14.466+0000] {logging_mixin.py:188} INFO - 📄 TITLE : Shopee Indonesia | Situs Belanja Online Terlengkap & Terpercaya
[2026-05-17T12:49:16.716+0000] {logging_mixin.py:188} INFO - ❌ Cookies tidak valid atau sudah expired.
[2026-05-17T12:49:16.931+0000] {logging_mixin.py:188} INFO - [2026-05-17T12:49:16.929+0000] {dagbag.py:355} ERROR - Failed to import: /opt/airflow/dags/playwright_shopee.py
Traceback (most recent call last):
  File "/home/airflow/.local/lib/python3.8/site-packages/airflow/models/dagbag.py", line 351, in parse
    loader.exec_module(new_module)
  File "<frozen importlib._bootstrap_external>", line 843, in exec_module
  File "<frozen importlib._bootstrap>", line 219, in _call_with_frames_removed
  File "/opt/airflow/dags/playwright_shopee.py", line 228, in <module>
    raise RuntimeError("Cookies tidak valid. Export ulang dari Chrome.")
RuntimeError: Cookies tidak valid. Export ulang dari Chrome.
[2026-05-17T12:49:16.934+0000] {processor.py:842} WARNING - No viable dags retrieved from /opt/airflow/dags/playwright_shopee.py
[2026-05-17T12:49:16.979+0000] {processor.py:183} INFO - Processing /opt/airflow/dags/playwright_shopee.py took 12.494 seconds
[2026-05-17T12:49:47.313+0000] {processor.py:161} INFO - Started process (PID=40537) to work on /opt/airflow/dags/playwright_shopee.py
[2026-05-17T12:49:47.314+0000] {processor.py:830} INFO - Processing file /opt/airflow/dags/playwright_shopee.py for tasks to queue
[2026-05-17T12:49:47.317+0000] {logging_mixin.py:188} INFO - [2026-05-17T12:49:47.316+0000] {dagbag.py:545} INFO - Filling up the DagBag from /opt/airflow/dags/playwright_shopee.py
[2026-05-17T12:49:48.195+0000] {logging_mixin.py:188} INFO - 🌐 Membuka Chromium...
[2026-05-17T12:49:48.567+0000] {logging_mixin.py:188} INFO - 🍪 Inject cookies Shopee...
[2026-05-17T12:49:48.572+0000] {logging_mixin.py:188} INFO - ✅ 16 cookies berhasil diload dari /opt/airflow/dags/shopee_cookies.json
[2026-05-17T12:49:48.803+0000] {logging_mixin.py:188} INFO - 🌍 Membuka Shopee search...
[2026-05-17T12:49:56.683+0000] {logging_mixin.py:188} INFO - 📄 URL   : https://shopee.co.id/search?keyword=msi%20gaming
[2026-05-17T12:49:57.299+0000] {logging_mixin.py:188} INFO - 📄 TITLE : Shopee Indonesia | Situs Belanja Online Terlengkap & Terpercaya
[2026-05-17T12:49:59.446+0000] {logging_mixin.py:188} INFO - ❌ Kena traffic verify — cookies mungkin expired.
[2026-05-17T12:49:59.448+0000] {logging_mixin.py:188} INFO - ⚠️  Export ulang cookies dari Chrome dan update shopee_cookies.json
[2026-05-17T12:50:04.329+0000] {logging_mixin.py:188} INFO - [2026-05-17T12:50:04.327+0000] {dagbag.py:355} ERROR - Failed to import: /opt/airflow/dags/playwright_shopee.py
Traceback (most recent call last):
  File "/home/airflow/.local/lib/python3.8/site-packages/airflow/models/dagbag.py", line 351, in parse
    loader.exec_module(new_module)
  File "<frozen importlib._bootstrap_external>", line 843, in exec_module
  File "<frozen importlib._bootstrap>", line 219, in _call_with_frames_removed
  File "/opt/airflow/dags/playwright_shopee.py", line 218, in <module>
    raise RuntimeError(
RuntimeError: Shopee traffic verify detected. Update shopee_cookies.json dari Cookie-Editor.
[2026-05-17T12:50:04.331+0000] {processor.py:842} WARNING - No viable dags retrieved from /opt/airflow/dags/playwright_shopee.py
[2026-05-17T12:50:04.375+0000] {processor.py:183} INFO - Processing /opt/airflow/dags/playwright_shopee.py took 17.074 seconds
[2026-05-17T12:50:34.693+0000] {processor.py:161} INFO - Started process (PID=40667) to work on /opt/airflow/dags/playwright_shopee.py
[2026-05-17T12:50:34.695+0000] {processor.py:830} INFO - Processing file /opt/airflow/dags/playwright_shopee.py for tasks to queue
[2026-05-17T12:50:34.698+0000] {logging_mixin.py:188} INFO - [2026-05-17T12:50:34.697+0000] {dagbag.py:545} INFO - Filling up the DagBag from /opt/airflow/dags/playwright_shopee.py
[2026-05-17T12:50:35.571+0000] {logging_mixin.py:188} INFO - 🌐 Membuka Chromium...
[2026-05-17T12:50:35.864+0000] {logging_mixin.py:188} INFO - 🍪 Inject cookies Shopee...
[2026-05-17T12:50:35.870+0000] {logging_mixin.py:188} INFO - ✅ 16 cookies berhasil diload dari /opt/airflow/dags/shopee_cookies.json
[2026-05-17T12:50:36.050+0000] {logging_mixin.py:188} INFO - 🌍 Membuka Shopee search...
[2026-05-17T12:50:42.240+0000] {logging_mixin.py:188} INFO - 📄 URL   : https://shopee.co.id/search?keyword=msi%20gaming
[2026-05-17T12:50:42.821+0000] {logging_mixin.py:188} INFO - 📄 TITLE : Shopee Indonesia | Situs Belanja Online Terlengkap & Terpercaya
[2026-05-17T12:50:45.396+0000] {logging_mixin.py:188} INFO - ❌ Cookies tidak valid atau sudah expired.
[2026-05-17T12:50:45.650+0000] {logging_mixin.py:188} INFO - [2026-05-17T12:50:45.648+0000] {dagbag.py:355} ERROR - Failed to import: /opt/airflow/dags/playwright_shopee.py
Traceback (most recent call last):
  File "/home/airflow/.local/lib/python3.8/site-packages/airflow/models/dagbag.py", line 351, in parse
    loader.exec_module(new_module)
  File "<frozen importlib._bootstrap_external>", line 843, in exec_module
  File "<frozen importlib._bootstrap>", line 219, in _call_with_frames_removed
  File "/opt/airflow/dags/playwright_shopee.py", line 228, in <module>
    raise RuntimeError("Cookies tidak valid. Export ulang dari Chrome.")
RuntimeError: Cookies tidak valid. Export ulang dari Chrome.
[2026-05-17T12:50:45.652+0000] {processor.py:842} WARNING - No viable dags retrieved from /opt/airflow/dags/playwright_shopee.py
[2026-05-17T12:50:45.700+0000] {processor.py:183} INFO - Processing /opt/airflow/dags/playwright_shopee.py took 11.018 seconds
[2026-05-17T12:51:16.055+0000] {processor.py:161} INFO - Started process (PID=40789) to work on /opt/airflow/dags/playwright_shopee.py
[2026-05-17T12:51:16.057+0000] {processor.py:830} INFO - Processing file /opt/airflow/dags/playwright_shopee.py for tasks to queue
[2026-05-17T12:51:16.059+0000] {logging_mixin.py:188} INFO - [2026-05-17T12:51:16.059+0000] {dagbag.py:545} INFO - Filling up the DagBag from /opt/airflow/dags/playwright_shopee.py
[2026-05-17T12:51:16.841+0000] {logging_mixin.py:188} INFO - 🌐 Membuka Chromium...
[2026-05-17T12:51:17.136+0000] {logging_mixin.py:188} INFO - 🍪 Inject cookies Shopee...
[2026-05-17T12:51:17.143+0000] {logging_mixin.py:188} INFO - ✅ 16 cookies berhasil diload dari /opt/airflow/dags/shopee_cookies.json
[2026-05-17T12:51:17.315+0000] {logging_mixin.py:188} INFO - 🌍 Membuka Shopee search...
[2026-05-17T12:51:25.863+0000] {logging_mixin.py:188} INFO - 📄 URL   : https://shopee.co.id/search?keyword=msi%20gaming
[2026-05-17T12:51:26.290+0000] {logging_mixin.py:188} INFO - 📄 TITLE : Jual msi gaming Harga Terbaik & Termurah Mei 2026 | Shopee Indonesia
[2026-05-17T12:51:28.033+0000] {logging_mixin.py:188} INFO - ❌ Kena traffic verify — cookies mungkin expired.
[2026-05-17T12:51:28.034+0000] {logging_mixin.py:188} INFO - ⚠️  Export ulang cookies dari Chrome dan update shopee_cookies.json
[2026-05-17T12:51:30.770+0000] {logging_mixin.py:188} INFO - [2026-05-17T12:51:30.768+0000] {dagbag.py:355} ERROR - Failed to import: /opt/airflow/dags/playwright_shopee.py
Traceback (most recent call last):
  File "/home/airflow/.local/lib/python3.8/site-packages/airflow/models/dagbag.py", line 351, in parse
    loader.exec_module(new_module)
  File "<frozen importlib._bootstrap_external>", line 843, in exec_module
  File "<frozen importlib._bootstrap>", line 219, in _call_with_frames_removed
  File "/opt/airflow/dags/playwright_shopee.py", line 218, in <module>
    raise RuntimeError(
RuntimeError: Shopee traffic verify detected. Update shopee_cookies.json dari Cookie-Editor.
[2026-05-17T12:51:30.772+0000] {processor.py:842} WARNING - No viable dags retrieved from /opt/airflow/dags/playwright_shopee.py
[2026-05-17T12:51:30.816+0000] {processor.py:183} INFO - Processing /opt/airflow/dags/playwright_shopee.py took 14.777 seconds
[2026-05-17T12:52:01.192+0000] {processor.py:161} INFO - Started process (PID=40920) to work on /opt/airflow/dags/playwright_shopee.py
[2026-05-17T12:52:01.193+0000] {processor.py:830} INFO - Processing file /opt/airflow/dags/playwright_shopee.py for tasks to queue
[2026-05-17T12:52:01.198+0000] {logging_mixin.py:188} INFO - [2026-05-17T12:52:01.197+0000] {dagbag.py:545} INFO - Filling up the DagBag from /opt/airflow/dags/playwright_shopee.py
[2026-05-17T12:52:01.987+0000] {logging_mixin.py:188} INFO - 🌐 Membuka Chromium...
[2026-05-17T12:52:02.351+0000] {logging_mixin.py:188} INFO - 🍪 Inject cookies Shopee...
[2026-05-17T12:52:02.357+0000] {logging_mixin.py:188} INFO - ✅ 16 cookies berhasil diload dari /opt/airflow/dags/shopee_cookies.json
[2026-05-17T12:52:02.657+0000] {logging_mixin.py:188} INFO - 🌍 Membuka Shopee search...
[2026-05-17T12:52:08.977+0000] {logging_mixin.py:188} INFO - 📄 URL   : https://shopee.co.id/search?keyword=msi%20gaming
[2026-05-17T12:52:09.677+0000] {logging_mixin.py:188} INFO - 📄 TITLE : Shopee Indonesia | Situs Belanja Online Terlengkap & Terpercaya
[2026-05-17T12:52:14.218+0000] {logging_mixin.py:188} INFO - ❌ Cookies tidak valid atau sudah expired.
[2026-05-17T12:52:14.448+0000] {logging_mixin.py:188} INFO - [2026-05-17T12:52:14.439+0000] {dagbag.py:355} ERROR - Failed to import: /opt/airflow/dags/playwright_shopee.py
Traceback (most recent call last):
  File "/home/airflow/.local/lib/python3.8/site-packages/airflow/models/dagbag.py", line 351, in parse
    loader.exec_module(new_module)
  File "<frozen importlib._bootstrap_external>", line 843, in exec_module
  File "<frozen importlib._bootstrap>", line 219, in _call_with_frames_removed
  File "/opt/airflow/dags/playwright_shopee.py", line 228, in <module>
    raise RuntimeError("Cookies tidak valid. Export ulang dari Chrome.")
RuntimeError: Cookies tidak valid. Export ulang dari Chrome.
[2026-05-17T12:52:14.455+0000] {processor.py:842} WARNING - No viable dags retrieved from /opt/airflow/dags/playwright_shopee.py
[2026-05-17T12:52:14.510+0000] {processor.py:183} INFO - Processing /opt/airflow/dags/playwright_shopee.py took 13.328 seconds
[2026-05-17T12:52:44.948+0000] {processor.py:161} INFO - Started process (PID=41043) to work on /opt/airflow/dags/playwright_shopee.py
[2026-05-17T12:52:44.949+0000] {processor.py:830} INFO - Processing file /opt/airflow/dags/playwright_shopee.py for tasks to queue
[2026-05-17T12:52:44.953+0000] {logging_mixin.py:188} INFO - [2026-05-17T12:52:44.952+0000] {dagbag.py:545} INFO - Filling up the DagBag from /opt/airflow/dags/playwright_shopee.py
[2026-05-17T12:52:45.873+0000] {logging_mixin.py:188} INFO - 🌐 Membuka Chromium...
[2026-05-17T12:52:46.364+0000] {logging_mixin.py:188} INFO - 🍪 Inject cookies Shopee...
[2026-05-17T12:52:46.369+0000] {logging_mixin.py:188} INFO - ✅ 16 cookies berhasil diload dari /opt/airflow/dags/shopee_cookies.json
[2026-05-17T12:52:46.617+0000] {logging_mixin.py:188} INFO - 🌍 Membuka Shopee search...
[2026-05-17T12:52:52.523+0000] {logging_mixin.py:188} INFO - 📄 URL   : https://shopee.co.id/search?keyword=msi%20gaming
[2026-05-17T12:52:53.009+0000] {logging_mixin.py:188} INFO - 📄 TITLE : Shopee Indonesia | Situs Belanja Online Terlengkap & Terpercaya
[2026-05-17T12:52:55.163+0000] {logging_mixin.py:188} INFO - ❌ Cookies tidak valid atau sudah expired.
[2026-05-17T12:52:55.400+0000] {logging_mixin.py:188} INFO - [2026-05-17T12:52:55.398+0000] {dagbag.py:355} ERROR - Failed to import: /opt/airflow/dags/playwright_shopee.py
Traceback (most recent call last):
  File "/home/airflow/.local/lib/python3.8/site-packages/airflow/models/dagbag.py", line 351, in parse
    loader.exec_module(new_module)
  File "<frozen importlib._bootstrap_external>", line 843, in exec_module
  File "<frozen importlib._bootstrap>", line 219, in _call_with_frames_removed
  File "/opt/airflow/dags/playwright_shopee.py", line 228, in <module>
    raise RuntimeError("Cookies tidak valid. Export ulang dari Chrome.")
RuntimeError: Cookies tidak valid. Export ulang dari Chrome.
[2026-05-17T12:52:55.402+0000] {processor.py:842} WARNING - No viable dags retrieved from /opt/airflow/dags/playwright_shopee.py
[2026-05-17T12:52:55.448+0000] {processor.py:183} INFO - Processing /opt/airflow/dags/playwright_shopee.py took 10.516 seconds
[2026-05-17T12:53:25.793+0000] {processor.py:161} INFO - Started process (PID=41160) to work on /opt/airflow/dags/playwright_shopee.py
[2026-05-17T12:53:25.794+0000] {processor.py:830} INFO - Processing file /opt/airflow/dags/playwright_shopee.py for tasks to queue
[2026-05-17T12:53:25.797+0000] {logging_mixin.py:188} INFO - [2026-05-17T12:53:25.796+0000] {dagbag.py:545} INFO - Filling up the DagBag from /opt/airflow/dags/playwright_shopee.py
[2026-05-17T12:53:26.652+0000] {logging_mixin.py:188} INFO - 🌐 Membuka Chromium...
[2026-05-17T12:53:26.948+0000] {logging_mixin.py:188} INFO - 🍪 Inject cookies Shopee...
[2026-05-17T12:53:26.955+0000] {logging_mixin.py:188} INFO - ✅ 16 cookies berhasil diload dari /opt/airflow/dags/shopee_cookies.json
[2026-05-17T12:53:27.161+0000] {logging_mixin.py:188} INFO - 🌍 Membuka Shopee search...
[2026-05-17T12:53:35.884+0000] {logging_mixin.py:188} INFO - 📄 URL   : https://shopee.co.id/search?keyword=msi%20gaming
[2026-05-17T12:53:36.970+0000] {logging_mixin.py:188} INFO - 📄 TITLE : Jual msi gaming Harga Terbaik & Termurah Mei 2026 | Shopee Indonesia
[2026-05-17T12:53:38.160+0000] {logging_mixin.py:188} INFO - ❌ Kena traffic verify — cookies mungkin expired.
[2026-05-17T12:53:38.162+0000] {logging_mixin.py:188} INFO - ⚠️  Export ulang cookies dari Chrome dan update shopee_cookies.json
[2026-05-17T12:53:42.612+0000] {logging_mixin.py:188} INFO - [2026-05-17T12:53:42.610+0000] {dagbag.py:355} ERROR - Failed to import: /opt/airflow/dags/playwright_shopee.py
Traceback (most recent call last):
  File "/home/airflow/.local/lib/python3.8/site-packages/airflow/models/dagbag.py", line 351, in parse
    loader.exec_module(new_module)
  File "<frozen importlib._bootstrap_external>", line 843, in exec_module
  File "<frozen importlib._bootstrap>", line 219, in _call_with_frames_removed
  File "/opt/airflow/dags/playwright_shopee.py", line 218, in <module>
    raise RuntimeError(
RuntimeError: Shopee traffic verify detected. Update shopee_cookies.json dari Cookie-Editor.
[2026-05-17T12:53:42.616+0000] {processor.py:842} WARNING - No viable dags retrieved from /opt/airflow/dags/playwright_shopee.py
[2026-05-17T12:53:42.665+0000] {processor.py:183} INFO - Processing /opt/airflow/dags/playwright_shopee.py took 16.885 seconds
[2026-05-17T12:54:13.088+0000] {processor.py:161} INFO - Started process (PID=41276) to work on /opt/airflow/dags/playwright_shopee.py
[2026-05-17T12:54:13.091+0000] {processor.py:830} INFO - Processing file /opt/airflow/dags/playwright_shopee.py for tasks to queue
[2026-05-17T12:54:13.097+0000] {logging_mixin.py:188} INFO - [2026-05-17T12:54:13.096+0000] {dagbag.py:545} INFO - Filling up the DagBag from /opt/airflow/dags/playwright_shopee.py
[2026-05-17T12:54:14.408+0000] {logging_mixin.py:188} INFO - 🌐 Membuka Chromium...
[2026-05-17T12:54:14.857+0000] {logging_mixin.py:188} INFO - 🍪 Inject cookies Shopee...
[2026-05-17T12:54:14.862+0000] {logging_mixin.py:188} INFO - ✅ 16 cookies berhasil diload dari /opt/airflow/dags/shopee_cookies.json
[2026-05-17T12:54:15.115+0000] {logging_mixin.py:188} INFO - 🌍 Membuka Shopee search...
[2026-05-17T12:54:22.039+0000] {logging_mixin.py:188} INFO - 📄 URL   : https://shopee.co.id/search?keyword=msi%20gaming
[2026-05-17T12:54:22.855+0000] {logging_mixin.py:188} INFO - 📄 TITLE : Shopee Indonesia | Situs Belanja Online Terlengkap & Terpercaya
[2026-05-17T12:54:25.380+0000] {logging_mixin.py:188} INFO - ❌ Cookies tidak valid atau sudah expired.
[2026-05-17T12:54:25.560+0000] {logging_mixin.py:188} INFO - [2026-05-17T12:54:25.558+0000] {dagbag.py:355} ERROR - Failed to import: /opt/airflow/dags/playwright_shopee.py
Traceback (most recent call last):
  File "/home/airflow/.local/lib/python3.8/site-packages/airflow/models/dagbag.py", line 351, in parse
    loader.exec_module(new_module)
  File "<frozen importlib._bootstrap_external>", line 843, in exec_module
  File "<frozen importlib._bootstrap>", line 219, in _call_with_frames_removed
  File "/opt/airflow/dags/playwright_shopee.py", line 228, in <module>
    raise RuntimeError("Cookies tidak valid. Export ulang dari Chrome.")
RuntimeError: Cookies tidak valid. Export ulang dari Chrome.
[2026-05-17T12:54:25.563+0000] {processor.py:842} WARNING - No viable dags retrieved from /opt/airflow/dags/playwright_shopee.py
[2026-05-17T12:54:25.615+0000] {processor.py:183} INFO - Processing /opt/airflow/dags/playwright_shopee.py took 12.553 seconds
[2026-05-17T12:54:55.980+0000] {processor.py:161} INFO - Started process (PID=41399) to work on /opt/airflow/dags/playwright_shopee.py
[2026-05-17T12:54:55.981+0000] {processor.py:830} INFO - Processing file /opt/airflow/dags/playwright_shopee.py for tasks to queue
[2026-05-17T12:54:55.983+0000] {logging_mixin.py:188} INFO - [2026-05-17T12:54:55.983+0000] {dagbag.py:545} INFO - Filling up the DagBag from /opt/airflow/dags/playwright_shopee.py
[2026-05-17T12:54:56.847+0000] {logging_mixin.py:188} INFO - 🌐 Membuka Chromium...
[2026-05-17T12:54:57.222+0000] {logging_mixin.py:188} INFO - 🍪 Inject cookies Shopee...
[2026-05-17T12:54:57.230+0000] {logging_mixin.py:188} INFO - ✅ 16 cookies berhasil diload dari /opt/airflow/dags/shopee_cookies.json
[2026-05-17T12:54:57.503+0000] {logging_mixin.py:188} INFO - 🌍 Membuka Shopee search...
[2026-05-17T12:55:05.284+0000] {logging_mixin.py:188} INFO - 📄 URL   : https://shopee.co.id/search?keyword=msi%20gaming
[2026-05-17T12:55:06.382+0000] {logging_mixin.py:188} INFO - 📄 TITLE : Shopee Indonesia | Situs Belanja Online Terlengkap & Terpercaya
[2026-05-17T12:55:08.451+0000] {logging_mixin.py:188} INFO - ❌ Cookies tidak valid atau sudah expired.
[2026-05-17T12:55:08.764+0000] {logging_mixin.py:188} INFO - [2026-05-17T12:55:08.760+0000] {dagbag.py:355} ERROR - Failed to import: /opt/airflow/dags/playwright_shopee.py
Traceback (most recent call last):
  File "/home/airflow/.local/lib/python3.8/site-packages/airflow/models/dagbag.py", line 351, in parse
    loader.exec_module(new_module)
  File "<frozen importlib._bootstrap_external>", line 843, in exec_module
  File "<frozen importlib._bootstrap>", line 219, in _call_with_frames_removed
  File "/opt/airflow/dags/playwright_shopee.py", line 228, in <module>
    raise RuntimeError("Cookies tidak valid. Export ulang dari Chrome.")
RuntimeError: Cookies tidak valid. Export ulang dari Chrome.
[2026-05-17T12:55:08.768+0000] {processor.py:842} WARNING - No viable dags retrieved from /opt/airflow/dags/playwright_shopee.py
[2026-05-17T12:55:08.829+0000] {processor.py:183} INFO - Processing /opt/airflow/dags/playwright_shopee.py took 12.859 seconds
[2026-05-17T12:55:39.143+0000] {processor.py:161} INFO - Started process (PID=41520) to work on /opt/airflow/dags/playwright_shopee.py
[2026-05-17T12:55:39.145+0000] {processor.py:830} INFO - Processing file /opt/airflow/dags/playwright_shopee.py for tasks to queue
[2026-05-17T12:55:39.148+0000] {logging_mixin.py:188} INFO - [2026-05-17T12:55:39.147+0000] {dagbag.py:545} INFO - Filling up the DagBag from /opt/airflow/dags/playwright_shopee.py
[2026-05-17T12:55:39.904+0000] {logging_mixin.py:188} INFO - 🌐 Membuka Chromium...
[2026-05-17T12:55:40.304+0000] {logging_mixin.py:188} INFO - 🍪 Inject cookies Shopee...
[2026-05-17T12:55:40.311+0000] {logging_mixin.py:188} INFO - ✅ 16 cookies berhasil diload dari /opt/airflow/dags/shopee_cookies.json
[2026-05-17T12:55:40.570+0000] {logging_mixin.py:188} INFO - 🌍 Membuka Shopee search...
[2026-05-17T12:55:48.791+0000] {logging_mixin.py:188} INFO - 📄 URL   : https://shopee.co.id/search?keyword=msi%20gaming
[2026-05-17T12:55:50.000+0000] {logging_mixin.py:188} INFO - 📄 TITLE : Jual msi gaming Harga Terbaik & Termurah Mei 2026 | Shopee Indonesia
[2026-05-17T12:55:51.408+0000] {logging_mixin.py:188} INFO - ❌ Kena traffic verify — cookies mungkin expired.
[2026-05-17T12:55:51.409+0000] {logging_mixin.py:188} INFO - ⚠️  Export ulang cookies dari Chrome dan update shopee_cookies.json
[2026-05-17T12:55:54.959+0000] {logging_mixin.py:188} INFO - [2026-05-17T12:55:54.957+0000] {dagbag.py:355} ERROR - Failed to import: /opt/airflow/dags/playwright_shopee.py
Traceback (most recent call last):
  File "/home/airflow/.local/lib/python3.8/site-packages/airflow/models/dagbag.py", line 351, in parse
    loader.exec_module(new_module)
  File "<frozen importlib._bootstrap_external>", line 843, in exec_module
  File "<frozen importlib._bootstrap>", line 219, in _call_with_frames_removed
  File "/opt/airflow/dags/playwright_shopee.py", line 218, in <module>
    raise RuntimeError(
RuntimeError: Shopee traffic verify detected. Update shopee_cookies.json dari Cookie-Editor.
[2026-05-17T12:55:54.961+0000] {processor.py:842} WARNING - No viable dags retrieved from /opt/airflow/dags/playwright_shopee.py
[2026-05-17T12:55:54.999+0000] {processor.py:183} INFO - Processing /opt/airflow/dags/playwright_shopee.py took 15.866 seconds
[2026-05-17T12:56:25.321+0000] {processor.py:161} INFO - Started process (PID=41655) to work on /opt/airflow/dags/playwright_shopee.py
[2026-05-17T12:56:25.323+0000] {processor.py:830} INFO - Processing file /opt/airflow/dags/playwright_shopee.py for tasks to queue
[2026-05-17T12:56:25.327+0000] {logging_mixin.py:188} INFO - [2026-05-17T12:56:25.326+0000] {dagbag.py:545} INFO - Filling up the DagBag from /opt/airflow/dags/playwright_shopee.py
[2026-05-17T12:56:26.040+0000] {logging_mixin.py:188} INFO - 🌐 Membuka Chromium...
[2026-05-17T12:56:26.345+0000] {logging_mixin.py:188} INFO - 🍪 Inject cookies Shopee...
[2026-05-17T12:56:26.351+0000] {logging_mixin.py:188} INFO - ✅ 16 cookies berhasil diload dari /opt/airflow/dags/shopee_cookies.json
[2026-05-17T12:56:26.533+0000] {logging_mixin.py:188} INFO - 🌍 Membuka Shopee search...
[2026-05-17T12:56:32.972+0000] {logging_mixin.py:188} INFO - 📄 URL   : https://shopee.co.id/search?keyword=msi%20gaming
[2026-05-17T12:56:33.506+0000] {logging_mixin.py:188} INFO - 📄 TITLE : Shopee Indonesia | Situs Belanja Online Terlengkap & Terpercaya
[2026-05-17T12:56:36.679+0000] {logging_mixin.py:188} INFO - ❌ Kena traffic verify — cookies mungkin expired.
[2026-05-17T12:56:36.680+0000] {logging_mixin.py:188} INFO - ⚠️  Export ulang cookies dari Chrome dan update shopee_cookies.json
[2026-05-17T12:56:37.959+0000] {logging_mixin.py:188} INFO - [2026-05-17T12:56:37.958+0000] {dagbag.py:355} ERROR - Failed to import: /opt/airflow/dags/playwright_shopee.py
Traceback (most recent call last):
  File "/home/airflow/.local/lib/python3.8/site-packages/airflow/models/dagbag.py", line 351, in parse
    loader.exec_module(new_module)
  File "<frozen importlib._bootstrap_external>", line 843, in exec_module
  File "<frozen importlib._bootstrap>", line 219, in _call_with_frames_removed
  File "/opt/airflow/dags/playwright_shopee.py", line 218, in <module>
    raise RuntimeError(
RuntimeError: Shopee traffic verify detected. Update shopee_cookies.json dari Cookie-Editor.
[2026-05-17T12:56:37.961+0000] {processor.py:842} WARNING - No viable dags retrieved from /opt/airflow/dags/playwright_shopee.py
[2026-05-17T12:56:37.994+0000] {processor.py:183} INFO - Processing /opt/airflow/dags/playwright_shopee.py took 12.689 seconds
[2026-05-17T12:57:08.320+0000] {processor.py:161} INFO - Started process (PID=41771) to work on /opt/airflow/dags/playwright_shopee.py
[2026-05-17T12:57:08.322+0000] {processor.py:830} INFO - Processing file /opt/airflow/dags/playwright_shopee.py for tasks to queue
[2026-05-17T12:57:08.324+0000] {logging_mixin.py:188} INFO - [2026-05-17T12:57:08.324+0000] {dagbag.py:545} INFO - Filling up the DagBag from /opt/airflow/dags/playwright_shopee.py
[2026-05-17T12:57:09.098+0000] {logging_mixin.py:188} INFO - 🌐 Membuka Chromium...
[2026-05-17T12:57:09.503+0000] {logging_mixin.py:188} INFO - 🍪 Inject cookies Shopee...
[2026-05-17T12:57:09.510+0000] {logging_mixin.py:188} INFO - ✅ 16 cookies berhasil diload dari /opt/airflow/dags/shopee_cookies.json
[2026-05-17T12:57:09.737+0000] {logging_mixin.py:188} INFO - 🌍 Membuka Shopee search...
[2026-05-17T12:57:16.640+0000] {logging_mixin.py:188} INFO - 📄 URL   : https://shopee.co.id/search?keyword=msi%20gaming
[2026-05-17T12:57:17.368+0000] {logging_mixin.py:188} INFO - 📄 TITLE : Shopee Indonesia | Situs Belanja Online Terlengkap & Terpercaya
[2026-05-17T12:57:20.518+0000] {logging_mixin.py:188} INFO - ❌ Cookies tidak valid atau sudah expired.
[2026-05-17T12:57:20.812+0000] {logging_mixin.py:188} INFO - [2026-05-17T12:57:20.807+0000] {dagbag.py:355} ERROR - Failed to import: /opt/airflow/dags/playwright_shopee.py
Traceback (most recent call last):
  File "/home/airflow/.local/lib/python3.8/site-packages/airflow/models/dagbag.py", line 351, in parse
    loader.exec_module(new_module)
  File "<frozen importlib._bootstrap_external>", line 843, in exec_module
  File "<frozen importlib._bootstrap>", line 219, in _call_with_frames_removed
  File "/opt/airflow/dags/playwright_shopee.py", line 228, in <module>
    raise RuntimeError("Cookies tidak valid. Export ulang dari Chrome.")
RuntimeError: Cookies tidak valid. Export ulang dari Chrome.
[2026-05-17T12:57:20.818+0000] {processor.py:842} WARNING - No viable dags retrieved from /opt/airflow/dags/playwright_shopee.py
[2026-05-17T12:57:20.879+0000] {processor.py:183} INFO - Processing /opt/airflow/dags/playwright_shopee.py took 12.568 seconds
[2026-05-17T12:57:51.252+0000] {processor.py:161} INFO - Started process (PID=41888) to work on /opt/airflow/dags/playwright_shopee.py
[2026-05-17T12:57:51.255+0000] {processor.py:830} INFO - Processing file /opt/airflow/dags/playwright_shopee.py for tasks to queue
[2026-05-17T12:57:51.257+0000] {logging_mixin.py:188} INFO - [2026-05-17T12:57:51.257+0000] {dagbag.py:545} INFO - Filling up the DagBag from /opt/airflow/dags/playwright_shopee.py
[2026-05-17T12:57:52.121+0000] {logging_mixin.py:188} INFO - 🌐 Membuka Chromium...
[2026-05-17T12:57:52.469+0000] {logging_mixin.py:188} INFO - 🍪 Inject cookies Shopee...
[2026-05-17T12:57:52.476+0000] {logging_mixin.py:188} INFO - ✅ 16 cookies berhasil diload dari /opt/airflow/dags/shopee_cookies.json
[2026-05-17T12:57:52.686+0000] {logging_mixin.py:188} INFO - 🌍 Membuka Shopee search...
[2026-05-17T12:58:00.151+0000] {logging_mixin.py:188} INFO - 📄 URL   : https://shopee.co.id/search?keyword=msi%20gaming
[2026-05-17T12:58:01.884+0000] {logging_mixin.py:188} INFO - 📄 TITLE : Jual msi gaming Harga Terbaik & Termurah Mei 2026 | Shopee Indonesia
[2026-05-17T12:58:04.148+0000] {logging_mixin.py:188} INFO - ❌ Kena traffic verify — cookies mungkin expired.
[2026-05-17T12:58:04.150+0000] {logging_mixin.py:188} INFO - ⚠️  Export ulang cookies dari Chrome dan update shopee_cookies.json
[2026-05-17T12:58:04.608+0000] {logging_mixin.py:188} INFO - [2026-05-17T12:58:04.606+0000] {dagbag.py:355} ERROR - Failed to import: /opt/airflow/dags/playwright_shopee.py
Traceback (most recent call last):
  File "/home/airflow/.local/lib/python3.8/site-packages/airflow/models/dagbag.py", line 351, in parse
    loader.exec_module(new_module)
  File "<frozen importlib._bootstrap_external>", line 843, in exec_module
  File "<frozen importlib._bootstrap>", line 219, in _call_with_frames_removed
  File "/opt/airflow/dags/playwright_shopee.py", line 218, in <module>
    raise RuntimeError(
RuntimeError: Shopee traffic verify detected. Update shopee_cookies.json dari Cookie-Editor.
[2026-05-17T12:58:04.610+0000] {processor.py:842} WARNING - No viable dags retrieved from /opt/airflow/dags/playwright_shopee.py
[2026-05-17T12:58:04.670+0000] {processor.py:183} INFO - Processing /opt/airflow/dags/playwright_shopee.py took 13.429 seconds
[2026-05-17T12:58:35.099+0000] {processor.py:161} INFO - Started process (PID=42008) to work on /opt/airflow/dags/playwright_shopee.py
[2026-05-17T12:58:35.101+0000] {processor.py:830} INFO - Processing file /opt/airflow/dags/playwright_shopee.py for tasks to queue
[2026-05-17T12:58:35.104+0000] {logging_mixin.py:188} INFO - [2026-05-17T12:58:35.103+0000] {dagbag.py:545} INFO - Filling up the DagBag from /opt/airflow/dags/playwright_shopee.py
[2026-05-17T12:58:35.936+0000] {logging_mixin.py:188} INFO - 🌐 Membuka Chromium...
[2026-05-17T12:58:36.240+0000] {logging_mixin.py:188} INFO - 🍪 Inject cookies Shopee...
[2026-05-17T12:58:36.246+0000] {logging_mixin.py:188} INFO - ✅ 16 cookies berhasil diload dari /opt/airflow/dags/shopee_cookies.json
[2026-05-17T12:58:36.445+0000] {logging_mixin.py:188} INFO - 🌍 Membuka Shopee search...
[2026-05-17T12:58:43.824+0000] {logging_mixin.py:188} INFO - 📄 URL   : https://shopee.co.id/search?keyword=msi%20gaming
[2026-05-17T12:58:46.458+0000] {logging_mixin.py:188} INFO - 📄 TITLE : Jual msi gaming Harga Terbaik & Termurah Mei 2026 | Shopee Indonesia
[2026-05-17T12:58:48.429+0000] {logging_mixin.py:188} INFO - ❌ Kena traffic verify — cookies mungkin expired.
[2026-05-17T12:58:48.431+0000] {logging_mixin.py:188} INFO - ⚠️  Export ulang cookies dari Chrome dan update shopee_cookies.json
[2026-05-17T12:58:49.218+0000] {logging_mixin.py:188} INFO - [2026-05-17T12:58:49.216+0000] {dagbag.py:355} ERROR - Failed to import: /opt/airflow/dags/playwright_shopee.py
Traceback (most recent call last):
  File "/home/airflow/.local/lib/python3.8/site-packages/airflow/models/dagbag.py", line 351, in parse
    loader.exec_module(new_module)
  File "<frozen importlib._bootstrap_external>", line 843, in exec_module
  File "<frozen importlib._bootstrap>", line 219, in _call_with_frames_removed
  File "/opt/airflow/dags/playwright_shopee.py", line 218, in <module>
    raise RuntimeError(
RuntimeError: Shopee traffic verify detected. Update shopee_cookies.json dari Cookie-Editor.
[2026-05-17T12:58:49.220+0000] {processor.py:842} WARNING - No viable dags retrieved from /opt/airflow/dags/playwright_shopee.py
[2026-05-17T12:58:49.257+0000] {processor.py:183} INFO - Processing /opt/airflow/dags/playwright_shopee.py took 14.167 seconds
[2026-05-17T12:59:19.918+0000] {processor.py:161} INFO - Started process (PID=42121) to work on /opt/airflow/dags/playwright_shopee.py
[2026-05-17T12:59:19.920+0000] {processor.py:830} INFO - Processing file /opt/airflow/dags/playwright_shopee.py for tasks to queue
[2026-05-17T12:59:19.923+0000] {logging_mixin.py:188} INFO - [2026-05-17T12:59:19.922+0000] {dagbag.py:545} INFO - Filling up the DagBag from /opt/airflow/dags/playwright_shopee.py
[2026-05-17T12:59:21.058+0000] {logging_mixin.py:188} INFO - 🌐 Membuka Chromium...
[2026-05-17T12:59:21.418+0000] {logging_mixin.py:188} INFO - 🍪 Inject cookies Shopee...
[2026-05-17T12:59:21.426+0000] {logging_mixin.py:188} INFO - ✅ 16 cookies berhasil diload dari /opt/airflow/dags/shopee_cookies.json
[2026-05-17T12:59:21.640+0000] {logging_mixin.py:188} INFO - 🌍 Membuka Shopee search...
[2026-05-17T12:59:27.475+0000] {logging_mixin.py:188} INFO - 📄 URL   : https://shopee.co.id/search?keyword=msi%20gaming
[2026-05-17T12:59:28.109+0000] {logging_mixin.py:188} INFO - 📄 TITLE : Shopee Indonesia | Situs Belanja Online Terlengkap & Terpercaya
[2026-05-17T12:59:31.375+0000] {logging_mixin.py:188} INFO - ❌ Cookies tidak valid atau sudah expired.
[2026-05-17T12:59:31.573+0000] {logging_mixin.py:188} INFO - [2026-05-17T12:59:31.571+0000] {dagbag.py:355} ERROR - Failed to import: /opt/airflow/dags/playwright_shopee.py
Traceback (most recent call last):
  File "/home/airflow/.local/lib/python3.8/site-packages/airflow/models/dagbag.py", line 351, in parse
    loader.exec_module(new_module)
  File "<frozen importlib._bootstrap_external>", line 843, in exec_module
  File "<frozen importlib._bootstrap>", line 219, in _call_with_frames_removed
  File "/opt/airflow/dags/playwright_shopee.py", line 228, in <module>
    raise RuntimeError("Cookies tidak valid. Export ulang dari Chrome.")
RuntimeError: Cookies tidak valid. Export ulang dari Chrome.
[2026-05-17T12:59:31.575+0000] {processor.py:842} WARNING - No viable dags retrieved from /opt/airflow/dags/playwright_shopee.py
[2026-05-17T12:59:31.620+0000] {processor.py:183} INFO - Processing /opt/airflow/dags/playwright_shopee.py took 11.714 seconds
[2026-05-17T13:00:02.009+0000] {processor.py:161} INFO - Started process (PID=42241) to work on /opt/airflow/dags/playwright_shopee.py
[2026-05-17T13:00:02.012+0000] {processor.py:830} INFO - Processing file /opt/airflow/dags/playwright_shopee.py for tasks to queue
[2026-05-17T13:00:02.017+0000] {logging_mixin.py:188} INFO - [2026-05-17T13:00:02.016+0000] {dagbag.py:545} INFO - Filling up the DagBag from /opt/airflow/dags/playwright_shopee.py
[2026-05-17T13:00:02.865+0000] {logging_mixin.py:188} INFO - 🌐 Membuka Chromium...
[2026-05-17T13:00:03.214+0000] {logging_mixin.py:188} INFO - 🍪 Inject cookies Shopee...
[2026-05-17T13:00:03.220+0000] {logging_mixin.py:188} INFO - ✅ 16 cookies berhasil diload dari /opt/airflow/dags/shopee_cookies.json
[2026-05-17T13:00:03.423+0000] {logging_mixin.py:188} INFO - 🌍 Membuka Shopee search...
[2026-05-17T13:00:09.426+0000] {logging_mixin.py:188} INFO - 📄 URL   : https://shopee.co.id/search?keyword=msi%20gaming
[2026-05-17T13:00:09.923+0000] {logging_mixin.py:188} INFO - 📄 TITLE : Shopee Indonesia | Situs Belanja Online Terlengkap & Terpercaya
[2026-05-17T13:00:13.133+0000] {logging_mixin.py:188} INFO - ❌ Cookies tidak valid atau sudah expired.
[2026-05-17T13:00:13.365+0000] {logging_mixin.py:188} INFO - [2026-05-17T13:00:13.363+0000] {dagbag.py:355} ERROR - Failed to import: /opt/airflow/dags/playwright_shopee.py
Traceback (most recent call last):
  File "/home/airflow/.local/lib/python3.8/site-packages/airflow/models/dagbag.py", line 351, in parse
    loader.exec_module(new_module)
  File "<frozen importlib._bootstrap_external>", line 843, in exec_module
  File "<frozen importlib._bootstrap>", line 219, in _call_with_frames_removed
  File "/opt/airflow/dags/playwright_shopee.py", line 228, in <module>
    raise RuntimeError("Cookies tidak valid. Export ulang dari Chrome.")
RuntimeError: Cookies tidak valid. Export ulang dari Chrome.
[2026-05-17T13:00:13.367+0000] {processor.py:842} WARNING - No viable dags retrieved from /opt/airflow/dags/playwright_shopee.py
[2026-05-17T13:00:13.411+0000] {processor.py:183} INFO - Processing /opt/airflow/dags/playwright_shopee.py took 11.419 seconds
[2026-05-17T13:00:43.845+0000] {processor.py:161} INFO - Started process (PID=42358) to work on /opt/airflow/dags/playwright_shopee.py
[2026-05-17T13:00:43.849+0000] {processor.py:830} INFO - Processing file /opt/airflow/dags/playwright_shopee.py for tasks to queue
[2026-05-17T13:00:43.853+0000] {logging_mixin.py:188} INFO - [2026-05-17T13:00:43.852+0000] {dagbag.py:545} INFO - Filling up the DagBag from /opt/airflow/dags/playwright_shopee.py
[2026-05-17T13:00:44.796+0000] {logging_mixin.py:188} INFO - 🌐 Membuka Chromium...
[2026-05-17T13:00:45.211+0000] {logging_mixin.py:188} INFO - 🍪 Inject cookies Shopee...
[2026-05-17T13:00:45.219+0000] {logging_mixin.py:188} INFO - ✅ 16 cookies berhasil diload dari /opt/airflow/dags/shopee_cookies.json
[2026-05-17T13:00:45.540+0000] {logging_mixin.py:188} INFO - 🌍 Membuka Shopee search...
[2026-05-17T13:00:52.114+0000] {logging_mixin.py:188} INFO - 📄 URL   : https://shopee.co.id/search?keyword=msi%20gaming
[2026-05-17T13:00:52.367+0000] {logging_mixin.py:188} INFO - 📄 TITLE : Shopee Indonesia | Situs Belanja Online Terlengkap & Terpercaya
[2026-05-17T13:00:55.585+0000] {logging_mixin.py:188} INFO - ❌ Kena traffic verify — cookies mungkin expired.
[2026-05-17T13:00:55.586+0000] {logging_mixin.py:188} INFO - ⚠️  Export ulang cookies dari Chrome dan update shopee_cookies.json
[2026-05-17T13:00:56.856+0000] {logging_mixin.py:188} INFO - [2026-05-17T13:00:56.854+0000] {dagbag.py:355} ERROR - Failed to import: /opt/airflow/dags/playwright_shopee.py
Traceback (most recent call last):
  File "/home/airflow/.local/lib/python3.8/site-packages/airflow/models/dagbag.py", line 351, in parse
    loader.exec_module(new_module)
  File "<frozen importlib._bootstrap_external>", line 843, in exec_module
  File "<frozen importlib._bootstrap>", line 219, in _call_with_frames_removed
  File "/opt/airflow/dags/playwright_shopee.py", line 218, in <module>
    raise RuntimeError(
RuntimeError: Shopee traffic verify detected. Update shopee_cookies.json dari Cookie-Editor.
[2026-05-17T13:00:56.858+0000] {processor.py:842} WARNING - No viable dags retrieved from /opt/airflow/dags/playwright_shopee.py
[2026-05-17T13:00:56.902+0000] {processor.py:183} INFO - Processing /opt/airflow/dags/playwright_shopee.py took 13.075 seconds
[2026-05-17T13:01:27.386+0000] {processor.py:161} INFO - Started process (PID=42478) to work on /opt/airflow/dags/playwright_shopee.py
[2026-05-17T13:01:27.387+0000] {processor.py:830} INFO - Processing file /opt/airflow/dags/playwright_shopee.py for tasks to queue
[2026-05-17T13:01:27.390+0000] {logging_mixin.py:188} INFO - [2026-05-17T13:01:27.389+0000] {dagbag.py:545} INFO - Filling up the DagBag from /opt/airflow/dags/playwright_shopee.py
[2026-05-17T13:01:28.145+0000] {logging_mixin.py:188} INFO - 🌐 Membuka Chromium...
[2026-05-17T13:01:28.476+0000] {logging_mixin.py:188} INFO - 🍪 Inject cookies Shopee...
[2026-05-17T13:01:28.484+0000] {logging_mixin.py:188} INFO - ✅ 16 cookies berhasil diload dari /opt/airflow/dags/shopee_cookies.json
[2026-05-17T13:01:28.662+0000] {logging_mixin.py:188} INFO - 🌍 Membuka Shopee search...
[2026-05-17T13:01:36.139+0000] {logging_mixin.py:188} INFO - 📄 URL   : https://shopee.co.id/search?keyword=msi%20gaming
[2026-05-17T13:01:38.030+0000] {logging_mixin.py:188} INFO - 📄 TITLE : Jual msi gaming Harga Terbaik & Termurah Mei 2026 | Shopee Indonesia
[2026-05-17T13:01:39.194+0000] {logging_mixin.py:188} INFO - ❌ Kena traffic verify — cookies mungkin expired.
[2026-05-17T13:01:39.195+0000] {logging_mixin.py:188} INFO - ⚠️  Export ulang cookies dari Chrome dan update shopee_cookies.json
[2026-05-17T13:01:41.970+0000] {logging_mixin.py:188} INFO - [2026-05-17T13:01:41.968+0000] {dagbag.py:355} ERROR - Failed to import: /opt/airflow/dags/playwright_shopee.py
Traceback (most recent call last):
  File "/home/airflow/.local/lib/python3.8/site-packages/airflow/models/dagbag.py", line 351, in parse
    loader.exec_module(new_module)
  File "<frozen importlib._bootstrap_external>", line 843, in exec_module
  File "<frozen importlib._bootstrap>", line 219, in _call_with_frames_removed
  File "/opt/airflow/dags/playwright_shopee.py", line 218, in <module>
    raise RuntimeError(
RuntimeError: Shopee traffic verify detected. Update shopee_cookies.json dari Cookie-Editor.
[2026-05-17T13:01:41.972+0000] {processor.py:842} WARNING - No viable dags retrieved from /opt/airflow/dags/playwright_shopee.py
[2026-05-17T13:01:42.003+0000] {processor.py:183} INFO - Processing /opt/airflow/dags/playwright_shopee.py took 14.627 seconds
[2026-05-17T13:02:12.314+0000] {processor.py:161} INFO - Started process (PID=42602) to work on /opt/airflow/dags/playwright_shopee.py
[2026-05-17T13:02:12.315+0000] {processor.py:830} INFO - Processing file /opt/airflow/dags/playwright_shopee.py for tasks to queue
[2026-05-17T13:02:12.321+0000] {logging_mixin.py:188} INFO - [2026-05-17T13:02:12.320+0000] {dagbag.py:545} INFO - Filling up the DagBag from /opt/airflow/dags/playwright_shopee.py
[2026-05-17T13:02:13.140+0000] {logging_mixin.py:188} INFO - 🌐 Membuka Chromium...
[2026-05-17T13:02:13.462+0000] {logging_mixin.py:188} INFO - 🍪 Inject cookies Shopee...
[2026-05-17T13:02:13.470+0000] {logging_mixin.py:188} INFO - ✅ 16 cookies berhasil diload dari /opt/airflow/dags/shopee_cookies.json
[2026-05-17T13:02:13.687+0000] {logging_mixin.py:188} INFO - 🌍 Membuka Shopee search...
[2026-05-17T13:02:21.439+0000] {logging_mixin.py:188} INFO - 📄 URL   : https://shopee.co.id/search?keyword=msi%20gaming
[2026-05-17T13:02:22.053+0000] {logging_mixin.py:188} INFO - 📄 TITLE : Shopee Indonesia | Situs Belanja Online Terlengkap & Terpercaya
[2026-05-17T13:02:26.988+0000] {logging_mixin.py:188} INFO - ❌ Kena traffic verify — cookies mungkin expired.
[2026-05-17T13:02:26.990+0000] {logging_mixin.py:188} INFO - ⚠️  Export ulang cookies dari Chrome dan update shopee_cookies.json
[2026-05-17T13:02:33.473+0000] {logging_mixin.py:188} INFO - [2026-05-17T13:02:33.470+0000] {dagbag.py:355} ERROR - Failed to import: /opt/airflow/dags/playwright_shopee.py
Traceback (most recent call last):
  File "/home/airflow/.local/lib/python3.8/site-packages/airflow/models/dagbag.py", line 351, in parse
    loader.exec_module(new_module)
  File "<frozen importlib._bootstrap_external>", line 843, in exec_module
  File "<frozen importlib._bootstrap>", line 219, in _call_with_frames_removed
  File "/opt/airflow/dags/playwright_shopee.py", line 218, in <module>
    raise RuntimeError(
RuntimeError: Shopee traffic verify detected. Update shopee_cookies.json dari Cookie-Editor.
[2026-05-17T13:02:33.477+0000] {processor.py:842} WARNING - No viable dags retrieved from /opt/airflow/dags/playwright_shopee.py
[2026-05-17T13:02:33.535+0000] {processor.py:183} INFO - Processing /opt/airflow/dags/playwright_shopee.py took 21.232 seconds
[2026-05-17T13:03:03.875+0000] {processor.py:161} INFO - Started process (PID=42723) to work on /opt/airflow/dags/playwright_shopee.py
[2026-05-17T13:03:03.876+0000] {processor.py:830} INFO - Processing file /opt/airflow/dags/playwright_shopee.py for tasks to queue
[2026-05-17T13:03:03.879+0000] {logging_mixin.py:188} INFO - [2026-05-17T13:03:03.878+0000] {dagbag.py:545} INFO - Filling up the DagBag from /opt/airflow/dags/playwright_shopee.py
[2026-05-17T13:03:04.789+0000] {logging_mixin.py:188} INFO - 🌐 Membuka Chromium...
[2026-05-17T13:03:05.185+0000] {logging_mixin.py:188} INFO - 🍪 Inject cookies Shopee...
[2026-05-17T13:03:05.191+0000] {logging_mixin.py:188} INFO - ✅ 16 cookies berhasil diload dari /opt/airflow/dags/shopee_cookies.json
[2026-05-17T13:03:05.427+0000] {logging_mixin.py:188} INFO - 🌍 Membuka Shopee search...
[2026-05-17T13:03:13.273+0000] {logging_mixin.py:188} INFO - 📄 URL   : https://shopee.co.id/search?keyword=msi%20gaming
[2026-05-17T13:03:13.411+0000] {logging_mixin.py:188} INFO - 📄 TITLE : Shopee Indonesia | Situs Belanja Online Terlengkap & Terpercaya
[2026-05-17T13:03:16.854+0000] {logging_mixin.py:188} INFO - ❌ Kena traffic verify — cookies mungkin expired.
[2026-05-17T13:03:16.855+0000] {logging_mixin.py:188} INFO - ⚠️  Export ulang cookies dari Chrome dan update shopee_cookies.json
[2026-05-17T13:03:17.592+0000] {logging_mixin.py:188} INFO - [2026-05-17T13:03:17.590+0000] {dagbag.py:355} ERROR - Failed to import: /opt/airflow/dags/playwright_shopee.py
Traceback (most recent call last):
  File "/home/airflow/.local/lib/python3.8/site-packages/airflow/models/dagbag.py", line 351, in parse
    loader.exec_module(new_module)
  File "<frozen importlib._bootstrap_external>", line 843, in exec_module
  File "<frozen importlib._bootstrap>", line 219, in _call_with_frames_removed
  File "/opt/airflow/dags/playwright_shopee.py", line 218, in <module>
    raise RuntimeError(
RuntimeError: Shopee traffic verify detected. Update shopee_cookies.json dari Cookie-Editor.
[2026-05-17T13:03:17.594+0000] {processor.py:842} WARNING - No viable dags retrieved from /opt/airflow/dags/playwright_shopee.py
[2026-05-17T13:03:17.649+0000] {processor.py:183} INFO - Processing /opt/airflow/dags/playwright_shopee.py took 13.784 seconds
[2026-05-17T13:03:47.972+0000] {processor.py:161} INFO - Started process (PID=42840) to work on /opt/airflow/dags/playwright_shopee.py
[2026-05-17T13:03:47.975+0000] {processor.py:830} INFO - Processing file /opt/airflow/dags/playwright_shopee.py for tasks to queue
[2026-05-17T13:03:47.977+0000] {logging_mixin.py:188} INFO - [2026-05-17T13:03:47.977+0000] {dagbag.py:545} INFO - Filling up the DagBag from /opt/airflow/dags/playwright_shopee.py
[2026-05-17T13:03:48.695+0000] {logging_mixin.py:188} INFO - 🌐 Membuka Chromium...
[2026-05-17T13:03:49.016+0000] {logging_mixin.py:188} INFO - 🍪 Inject cookies Shopee...
[2026-05-17T13:03:49.026+0000] {logging_mixin.py:188} INFO - ✅ 16 cookies berhasil diload dari /opt/airflow/dags/shopee_cookies.json
[2026-05-17T13:03:49.211+0000] {logging_mixin.py:188} INFO - 🌍 Membuka Shopee search...
[2026-05-17T13:03:57.820+0000] {logging_mixin.py:188} INFO - 📄 URL   : https://shopee.co.id/search?keyword=msi%20gaming
[2026-05-17T13:03:58.392+0000] {logging_mixin.py:188} INFO - 📄 TITLE : Jual msi gaming Harga Terbaik & Termurah Mei 2026 | Shopee Indonesia
[2026-05-17T13:03:59.690+0000] {logging_mixin.py:188} INFO - ❌ Kena traffic verify — cookies mungkin expired.
[2026-05-17T13:03:59.691+0000] {logging_mixin.py:188} INFO - ⚠️  Export ulang cookies dari Chrome dan update shopee_cookies.json
[2026-05-17T13:04:02.472+0000] {logging_mixin.py:188} INFO - [2026-05-17T13:04:02.471+0000] {dagbag.py:355} ERROR - Failed to import: /opt/airflow/dags/playwright_shopee.py
Traceback (most recent call last):
  File "/home/airflow/.local/lib/python3.8/site-packages/airflow/models/dagbag.py", line 351, in parse
    loader.exec_module(new_module)
  File "<frozen importlib._bootstrap_external>", line 843, in exec_module
  File "<frozen importlib._bootstrap>", line 219, in _call_with_frames_removed
  File "/opt/airflow/dags/playwright_shopee.py", line 218, in <module>
    raise RuntimeError(
RuntimeError: Shopee traffic verify detected. Update shopee_cookies.json dari Cookie-Editor.
[2026-05-17T13:04:02.474+0000] {processor.py:842} WARNING - No viable dags retrieved from /opt/airflow/dags/playwright_shopee.py
[2026-05-17T13:04:02.505+0000] {processor.py:183} INFO - Processing /opt/airflow/dags/playwright_shopee.py took 14.548 seconds
[2026-05-17T13:04:32.821+0000] {processor.py:161} INFO - Started process (PID=42971) to work on /opt/airflow/dags/playwright_shopee.py
[2026-05-17T13:04:32.822+0000] {processor.py:830} INFO - Processing file /opt/airflow/dags/playwright_shopee.py for tasks to queue
[2026-05-17T13:04:32.825+0000] {logging_mixin.py:188} INFO - [2026-05-17T13:04:32.824+0000] {dagbag.py:545} INFO - Filling up the DagBag from /opt/airflow/dags/playwright_shopee.py
[2026-05-17T13:04:33.699+0000] {logging_mixin.py:188} INFO - 🌐 Membuka Chromium...
[2026-05-17T13:04:34.013+0000] {logging_mixin.py:188} INFO - 🍪 Inject cookies Shopee...
[2026-05-17T13:04:34.019+0000] {logging_mixin.py:188} INFO - ✅ 16 cookies berhasil diload dari /opt/airflow/dags/shopee_cookies.json
[2026-05-17T13:04:34.231+0000] {logging_mixin.py:188} INFO - 🌍 Membuka Shopee search...
[2026-05-17T13:04:41.158+0000] {logging_mixin.py:188} INFO - 📄 URL   : https://shopee.co.id/search?keyword=msi%20gaming
[2026-05-17T13:04:41.613+0000] {logging_mixin.py:188} INFO - 📄 TITLE : Jual msi gaming Harga Terbaik & Termurah Mei 2026 | Shopee Indonesia
[2026-05-17T13:04:44.669+0000] {logging_mixin.py:188} INFO - ❌ Kena traffic verify — cookies mungkin expired.
[2026-05-17T13:04:44.670+0000] {logging_mixin.py:188} INFO - ⚠️  Export ulang cookies dari Chrome dan update shopee_cookies.json
[2026-05-17T13:04:45.549+0000] {logging_mixin.py:188} INFO - [2026-05-17T13:04:45.547+0000] {dagbag.py:355} ERROR - Failed to import: /opt/airflow/dags/playwright_shopee.py
Traceback (most recent call last):
  File "/home/airflow/.local/lib/python3.8/site-packages/airflow/models/dagbag.py", line 351, in parse
    loader.exec_module(new_module)
  File "<frozen importlib._bootstrap_external>", line 843, in exec_module
  File "<frozen importlib._bootstrap>", line 219, in _call_with_frames_removed
  File "/opt/airflow/dags/playwright_shopee.py", line 218, in <module>
    raise RuntimeError(
RuntimeError: Shopee traffic verify detected. Update shopee_cookies.json dari Cookie-Editor.
[2026-05-17T13:04:45.553+0000] {processor.py:842} WARNING - No viable dags retrieved from /opt/airflow/dags/playwright_shopee.py
[2026-05-17T13:04:45.596+0000] {processor.py:183} INFO - Processing /opt/airflow/dags/playwright_shopee.py took 12.781 seconds
[2026-05-17T13:05:15.909+0000] {processor.py:161} INFO - Started process (PID=43088) to work on /opt/airflow/dags/playwright_shopee.py
[2026-05-17T13:05:15.911+0000] {processor.py:830} INFO - Processing file /opt/airflow/dags/playwright_shopee.py for tasks to queue
[2026-05-17T13:05:15.913+0000] {logging_mixin.py:188} INFO - [2026-05-17T13:05:15.913+0000] {dagbag.py:545} INFO - Filling up the DagBag from /opt/airflow/dags/playwright_shopee.py
[2026-05-17T13:05:16.722+0000] {logging_mixin.py:188} INFO - 🌐 Membuka Chromium...
[2026-05-17T13:05:17.054+0000] {logging_mixin.py:188} INFO - 🍪 Inject cookies Shopee...
[2026-05-17T13:05:17.063+0000] {logging_mixin.py:188} INFO - ✅ 16 cookies berhasil diload dari /opt/airflow/dags/shopee_cookies.json
[2026-05-17T13:05:17.289+0000] {logging_mixin.py:188} INFO - 🌍 Membuka Shopee search...
[2026-05-17T13:05:24.056+0000] {logging_mixin.py:188} INFO - 📄 URL   : https://shopee.co.id/search?keyword=msi%20gaming
[2026-05-17T13:05:24.591+0000] {logging_mixin.py:188} INFO - 📄 TITLE : Shopee Indonesia | Situs Belanja Online Terlengkap & Terpercaya
[2026-05-17T13:05:27.172+0000] {logging_mixin.py:188} INFO - ❌ Cookies tidak valid atau sudah expired.
[2026-05-17T13:05:27.355+0000] {logging_mixin.py:188} INFO - [2026-05-17T13:05:27.353+0000] {dagbag.py:355} ERROR - Failed to import: /opt/airflow/dags/playwright_shopee.py
Traceback (most recent call last):
  File "/home/airflow/.local/lib/python3.8/site-packages/airflow/models/dagbag.py", line 351, in parse
    loader.exec_module(new_module)
  File "<frozen importlib._bootstrap_external>", line 843, in exec_module
  File "<frozen importlib._bootstrap>", line 219, in _call_with_frames_removed
  File "/opt/airflow/dags/playwright_shopee.py", line 228, in <module>
    raise RuntimeError("Cookies tidak valid. Export ulang dari Chrome.")
RuntimeError: Cookies tidak valid. Export ulang dari Chrome.
[2026-05-17T13:05:27.357+0000] {processor.py:842} WARNING - No viable dags retrieved from /opt/airflow/dags/playwright_shopee.py
[2026-05-17T13:05:27.399+0000] {processor.py:183} INFO - Processing /opt/airflow/dags/playwright_shopee.py took 11.499 seconds
[2026-05-17T13:05:57.759+0000] {processor.py:161} INFO - Started process (PID=43205) to work on /opt/airflow/dags/playwright_shopee.py
[2026-05-17T13:05:57.761+0000] {processor.py:830} INFO - Processing file /opt/airflow/dags/playwright_shopee.py for tasks to queue
[2026-05-17T13:05:57.766+0000] {logging_mixin.py:188} INFO - [2026-05-17T13:05:57.765+0000] {dagbag.py:545} INFO - Filling up the DagBag from /opt/airflow/dags/playwright_shopee.py
[2026-05-17T13:05:58.526+0000] {logging_mixin.py:188} INFO - 🌐 Membuka Chromium...
[2026-05-17T13:05:58.973+0000] {logging_mixin.py:188} INFO - 🍪 Inject cookies Shopee...
[2026-05-17T13:05:58.979+0000] {logging_mixin.py:188} INFO - ✅ 16 cookies berhasil diload dari /opt/airflow/dags/shopee_cookies.json
[2026-05-17T13:05:59.167+0000] {logging_mixin.py:188} INFO - 🌍 Membuka Shopee search...
[2026-05-17T13:06:05.596+0000] {logging_mixin.py:188} INFO - 📄 URL   : https://shopee.co.id/search?keyword=msi%20gaming
[2026-05-17T13:06:06.080+0000] {logging_mixin.py:188} INFO - 📄 TITLE : Shopee Indonesia | Situs Belanja Online Terlengkap & Terpercaya
[2026-05-17T13:06:09.615+0000] {logging_mixin.py:188} INFO - ❌ Kena traffic verify — cookies mungkin expired.
[2026-05-17T13:06:09.616+0000] {logging_mixin.py:188} INFO - ⚠️  Export ulang cookies dari Chrome dan update shopee_cookies.json
[2026-05-17T13:06:10.973+0000] {logging_mixin.py:188} INFO - [2026-05-17T13:06:10.970+0000] {dagbag.py:355} ERROR - Failed to import: /opt/airflow/dags/playwright_shopee.py
Traceback (most recent call last):
  File "/home/airflow/.local/lib/python3.8/site-packages/airflow/models/dagbag.py", line 351, in parse
    loader.exec_module(new_module)
  File "<frozen importlib._bootstrap_external>", line 843, in exec_module
  File "<frozen importlib._bootstrap>", line 219, in _call_with_frames_removed
  File "/opt/airflow/dags/playwright_shopee.py", line 218, in <module>
    raise RuntimeError(
RuntimeError: Shopee traffic verify detected. Update shopee_cookies.json dari Cookie-Editor.
[2026-05-17T13:06:10.976+0000] {processor.py:842} WARNING - No viable dags retrieved from /opt/airflow/dags/playwright_shopee.py
[2026-05-17T13:06:11.029+0000] {processor.py:183} INFO - Processing /opt/airflow/dags/playwright_shopee.py took 13.284 seconds
[2026-05-17T13:06:41.428+0000] {processor.py:161} INFO - Started process (PID=43326) to work on /opt/airflow/dags/playwright_shopee.py
[2026-05-17T13:06:41.429+0000] {processor.py:830} INFO - Processing file /opt/airflow/dags/playwright_shopee.py for tasks to queue
[2026-05-17T13:06:41.434+0000] {logging_mixin.py:188} INFO - [2026-05-17T13:06:41.433+0000] {dagbag.py:545} INFO - Filling up the DagBag from /opt/airflow/dags/playwright_shopee.py
[2026-05-17T13:06:42.144+0000] {logging_mixin.py:188} INFO - 🌐 Membuka Chromium...
[2026-05-17T13:06:42.466+0000] {logging_mixin.py:188} INFO - 🍪 Inject cookies Shopee...
[2026-05-17T13:06:42.472+0000] {logging_mixin.py:188} INFO - ✅ 16 cookies berhasil diload dari /opt/airflow/dags/shopee_cookies.json
[2026-05-17T13:06:42.796+0000] {logging_mixin.py:188} INFO - 🌍 Membuka Shopee search...
[2026-05-17T13:06:49.304+0000] {logging_mixin.py:188} INFO - 📄 URL   : https://shopee.co.id/search?keyword=msi%20gaming
[2026-05-17T13:06:49.571+0000] {logging_mixin.py:188} INFO - 📄 TITLE : Shopee Indonesia | Situs Belanja Online Terlengkap & Terpercaya
[2026-05-17T13:06:53.704+0000] {logging_mixin.py:188} INFO - ❌ Kena traffic verify — cookies mungkin expired.
[2026-05-17T13:06:53.705+0000] {logging_mixin.py:188} INFO - ⚠️  Export ulang cookies dari Chrome dan update shopee_cookies.json
[2026-05-17T13:06:58.109+0000] {logging_mixin.py:188} INFO - [2026-05-17T13:06:58.108+0000] {dagbag.py:355} ERROR - Failed to import: /opt/airflow/dags/playwright_shopee.py
Traceback (most recent call last):
  File "/home/airflow/.local/lib/python3.8/site-packages/airflow/models/dagbag.py", line 351, in parse
    loader.exec_module(new_module)
  File "<frozen importlib._bootstrap_external>", line 843, in exec_module
  File "<frozen importlib._bootstrap>", line 219, in _call_with_frames_removed
  File "/opt/airflow/dags/playwright_shopee.py", line 218, in <module>
    raise RuntimeError(
RuntimeError: Shopee traffic verify detected. Update shopee_cookies.json dari Cookie-Editor.
[2026-05-17T13:06:58.111+0000] {processor.py:842} WARNING - No viable dags retrieved from /opt/airflow/dags/playwright_shopee.py
[2026-05-17T13:06:58.146+0000] {processor.py:183} INFO - Processing /opt/airflow/dags/playwright_shopee.py took 16.726 seconds
[2026-05-17T13:07:28.461+0000] {processor.py:161} INFO - Started process (PID=43442) to work on /opt/airflow/dags/playwright_shopee.py
[2026-05-17T13:07:28.462+0000] {processor.py:830} INFO - Processing file /opt/airflow/dags/playwright_shopee.py for tasks to queue
[2026-05-17T13:07:28.465+0000] {logging_mixin.py:188} INFO - [2026-05-17T13:07:28.464+0000] {dagbag.py:545} INFO - Filling up the DagBag from /opt/airflow/dags/playwright_shopee.py
[2026-05-17T13:07:29.270+0000] {logging_mixin.py:188} INFO - 🌐 Membuka Chromium...
[2026-05-17T13:07:29.586+0000] {logging_mixin.py:188} INFO - 🍪 Inject cookies Shopee...
[2026-05-17T13:07:29.593+0000] {logging_mixin.py:188} INFO - ✅ 16 cookies berhasil diload dari /opt/airflow/dags/shopee_cookies.json
[2026-05-17T13:07:29.809+0000] {logging_mixin.py:188} INFO - 🌍 Membuka Shopee search...
[2026-05-17T13:07:36.678+0000] {logging_mixin.py:188} INFO - 📄 URL   : https://shopee.co.id/search?keyword=msi%20gaming
[2026-05-17T13:07:37.658+0000] {logging_mixin.py:188} INFO - 📄 TITLE : Shopee Indonesia | Situs Belanja Online Terlengkap & Terpercaya
[2026-05-17T13:07:40.397+0000] {logging_mixin.py:188} INFO - ❌ Kena traffic verify — cookies mungkin expired.
[2026-05-17T13:07:40.399+0000] {logging_mixin.py:188} INFO - ⚠️  Export ulang cookies dari Chrome dan update shopee_cookies.json
[2026-05-17T13:07:44.467+0000] {logging_mixin.py:188} INFO - [2026-05-17T13:07:44.465+0000] {dagbag.py:355} ERROR - Failed to import: /opt/airflow/dags/playwright_shopee.py
Traceback (most recent call last):
  File "/home/airflow/.local/lib/python3.8/site-packages/airflow/models/dagbag.py", line 351, in parse
    loader.exec_module(new_module)
  File "<frozen importlib._bootstrap_external>", line 843, in exec_module
  File "<frozen importlib._bootstrap>", line 219, in _call_with_frames_removed
  File "/opt/airflow/dags/playwright_shopee.py", line 218, in <module>
    raise RuntimeError(
RuntimeError: Shopee traffic verify detected. Update shopee_cookies.json dari Cookie-Editor.
[2026-05-17T13:07:44.469+0000] {processor.py:842} WARNING - No viable dags retrieved from /opt/airflow/dags/playwright_shopee.py
[2026-05-17T13:07:44.507+0000] {processor.py:183} INFO - Processing /opt/airflow/dags/playwright_shopee.py took 16.060 seconds
[2026-05-17T13:08:14.822+0000] {processor.py:161} INFO - Started process (PID=43563) to work on /opt/airflow/dags/playwright_shopee.py
[2026-05-17T13:08:14.824+0000] {processor.py:830} INFO - Processing file /opt/airflow/dags/playwright_shopee.py for tasks to queue
[2026-05-17T13:08:14.826+0000] {logging_mixin.py:188} INFO - [2026-05-17T13:08:14.826+0000] {dagbag.py:545} INFO - Filling up the DagBag from /opt/airflow/dags/playwright_shopee.py
[2026-05-17T13:08:15.662+0000] {logging_mixin.py:188} INFO - 🌐 Membuka Chromium...
[2026-05-17T13:08:15.984+0000] {logging_mixin.py:188} INFO - 🍪 Inject cookies Shopee...
[2026-05-17T13:08:15.990+0000] {logging_mixin.py:188} INFO - ✅ 16 cookies berhasil diload dari /opt/airflow/dags/shopee_cookies.json
[2026-05-17T13:08:16.197+0000] {logging_mixin.py:188} INFO - 🌍 Membuka Shopee search...
[2026-05-17T13:08:22.785+0000] {logging_mixin.py:188} INFO - 📄 URL   : https://shopee.co.id/search?keyword=msi%20gaming
[2026-05-17T13:08:23.204+0000] {logging_mixin.py:188} INFO - 📄 TITLE : Shopee Indonesia | Situs Belanja Online Terlengkap & Terpercaya
[2026-05-17T13:08:26.083+0000] {logging_mixin.py:188} INFO - ❌ Cookies tidak valid atau sudah expired.
[2026-05-17T13:08:26.300+0000] {logging_mixin.py:188} INFO - [2026-05-17T13:08:26.296+0000] {dagbag.py:355} ERROR - Failed to import: /opt/airflow/dags/playwright_shopee.py
Traceback (most recent call last):
  File "/home/airflow/.local/lib/python3.8/site-packages/airflow/models/dagbag.py", line 351, in parse
    loader.exec_module(new_module)
  File "<frozen importlib._bootstrap_external>", line 843, in exec_module
  File "<frozen importlib._bootstrap>", line 219, in _call_with_frames_removed
  File "/opt/airflow/dags/playwright_shopee.py", line 228, in <module>
    raise RuntimeError("Cookies tidak valid. Export ulang dari Chrome.")
RuntimeError: Cookies tidak valid. Export ulang dari Chrome.
[2026-05-17T13:08:26.307+0000] {processor.py:842} WARNING - No viable dags retrieved from /opt/airflow/dags/playwright_shopee.py
[2026-05-17T13:08:26.366+0000] {processor.py:183} INFO - Processing /opt/airflow/dags/playwright_shopee.py took 11.552 seconds
[2026-05-17T13:08:56.700+0000] {processor.py:161} INFO - Started process (PID=43680) to work on /opt/airflow/dags/playwright_shopee.py
[2026-05-17T13:08:56.703+0000] {processor.py:830} INFO - Processing file /opt/airflow/dags/playwright_shopee.py for tasks to queue
[2026-05-17T13:08:56.706+0000] {logging_mixin.py:188} INFO - [2026-05-17T13:08:56.706+0000] {dagbag.py:545} INFO - Filling up the DagBag from /opt/airflow/dags/playwright_shopee.py
[2026-05-17T13:08:57.515+0000] {logging_mixin.py:188} INFO - 🌐 Membuka Chromium...
[2026-05-17T13:08:57.861+0000] {logging_mixin.py:188} INFO - 🍪 Inject cookies Shopee...
[2026-05-17T13:08:57.866+0000] {logging_mixin.py:188} INFO - ✅ 16 cookies berhasil diload dari /opt/airflow/dags/shopee_cookies.json
[2026-05-17T13:08:58.084+0000] {logging_mixin.py:188} INFO - 🌍 Membuka Shopee search...
[2026-05-17T13:09:06.302+0000] {logging_mixin.py:188} INFO - 📄 URL   : https://shopee.co.id/search?keyword=msi%20gaming
[2026-05-17T13:09:07.876+0000] {logging_mixin.py:188} INFO - 📄 TITLE : Jual msi gaming Harga Terbaik & Termurah Mei 2026 | Shopee Indonesia
[2026-05-17T13:09:10.197+0000] {logging_mixin.py:188} INFO - ❌ Kena traffic verify — cookies mungkin expired.
[2026-05-17T13:09:10.198+0000] {logging_mixin.py:188} INFO - ⚠️  Export ulang cookies dari Chrome dan update shopee_cookies.json
[2026-05-17T13:09:13.010+0000] {logging_mixin.py:188} INFO - [2026-05-17T13:09:13.008+0000] {dagbag.py:355} ERROR - Failed to import: /opt/airflow/dags/playwright_shopee.py
Traceback (most recent call last):
  File "/home/airflow/.local/lib/python3.8/site-packages/airflow/models/dagbag.py", line 351, in parse
    loader.exec_module(new_module)
  File "<frozen importlib._bootstrap_external>", line 843, in exec_module
  File "<frozen importlib._bootstrap>", line 219, in _call_with_frames_removed
  File "/opt/airflow/dags/playwright_shopee.py", line 218, in <module>
    raise RuntimeError(
RuntimeError: Shopee traffic verify detected. Update shopee_cookies.json dari Cookie-Editor.
[2026-05-17T13:09:13.013+0000] {processor.py:842} WARNING - No viable dags retrieved from /opt/airflow/dags/playwright_shopee.py
[2026-05-17T13:09:13.051+0000] {processor.py:183} INFO - Processing /opt/airflow/dags/playwright_shopee.py took 16.364 seconds
[2026-05-17T13:09:43.438+0000] {processor.py:161} INFO - Started process (PID=43811) to work on /opt/airflow/dags/playwright_shopee.py
[2026-05-17T13:09:43.441+0000] {processor.py:830} INFO - Processing file /opt/airflow/dags/playwright_shopee.py for tasks to queue
[2026-05-17T13:09:43.446+0000] {logging_mixin.py:188} INFO - [2026-05-17T13:09:43.445+0000] {dagbag.py:545} INFO - Filling up the DagBag from /opt/airflow/dags/playwright_shopee.py
[2026-05-17T13:09:44.282+0000] {logging_mixin.py:188} INFO - 🌐 Membuka Chromium...
[2026-05-17T13:09:44.514+0000] {logging_mixin.py:188} INFO - 🍪 Inject cookies Shopee...
[2026-05-17T13:09:44.520+0000] {logging_mixin.py:188} INFO - ✅ 16 cookies berhasil diload dari /opt/airflow/dags/shopee_cookies.json
[2026-05-17T13:09:44.672+0000] {logging_mixin.py:188} INFO - 🌍 Membuka Shopee search...
[2026-05-17T13:09:51.024+0000] {logging_mixin.py:188} INFO - 📄 URL   : https://shopee.co.id/search?keyword=msi%20gaming
[2026-05-17T13:09:52.821+0000] {logging_mixin.py:188} INFO - 📄 TITLE : Jual msi gaming Harga Terbaik & Termurah Mei 2026 | Shopee Indonesia
[2026-05-17T13:09:56.696+0000] {logging_mixin.py:188} INFO - ❌ Kena traffic verify — cookies mungkin expired.
[2026-05-17T13:09:56.708+0000] {logging_mixin.py:188} INFO - ⚠️  Export ulang cookies dari Chrome dan update shopee_cookies.json
[2026-05-17T13:09:58.778+0000] {logging_mixin.py:188} INFO - [2026-05-17T13:09:58.770+0000] {dagbag.py:355} ERROR - Failed to import: /opt/airflow/dags/playwright_shopee.py
Traceback (most recent call last):
  File "/home/airflow/.local/lib/python3.8/site-packages/airflow/models/dagbag.py", line 351, in parse
    loader.exec_module(new_module)
  File "<frozen importlib._bootstrap_external>", line 843, in exec_module
  File "<frozen importlib._bootstrap>", line 219, in _call_with_frames_removed
  File "/opt/airflow/dags/playwright_shopee.py", line 218, in <module>
    raise RuntimeError(
RuntimeError: Shopee traffic verify detected. Update shopee_cookies.json dari Cookie-Editor.
[2026-05-17T13:09:58.795+0000] {processor.py:842} WARNING - No viable dags retrieved from /opt/airflow/dags/playwright_shopee.py
[2026-05-17T13:09:58.918+0000] {processor.py:183} INFO - Processing /opt/airflow/dags/playwright_shopee.py took 15.496 seconds
[2026-05-17T13:10:29.349+0000] {processor.py:161} INFO - Started process (PID=43929) to work on /opt/airflow/dags/playwright_shopee.py
[2026-05-17T13:10:29.350+0000] {processor.py:830} INFO - Processing file /opt/airflow/dags/playwright_shopee.py for tasks to queue
[2026-05-17T13:10:29.353+0000] {logging_mixin.py:188} INFO - [2026-05-17T13:10:29.352+0000] {dagbag.py:545} INFO - Filling up the DagBag from /opt/airflow/dags/playwright_shopee.py
[2026-05-17T13:10:30.171+0000] {logging_mixin.py:188} INFO - 🌐 Membuka Chromium...
[2026-05-17T13:10:30.451+0000] {logging_mixin.py:188} INFO - 🍪 Inject cookies Shopee...
[2026-05-17T13:10:30.458+0000] {logging_mixin.py:188} INFO - ✅ 16 cookies berhasil diload dari /opt/airflow/dags/shopee_cookies.json
[2026-05-17T13:10:30.665+0000] {logging_mixin.py:188} INFO - 🌍 Membuka Shopee search...
[2026-05-17T13:10:38.546+0000] {logging_mixin.py:188} INFO - 📄 URL   : https://shopee.co.id/search?keyword=msi%20gaming
[2026-05-17T13:10:39.555+0000] {logging_mixin.py:188} INFO - 📄 TITLE : Shopee Indonesia | Situs Belanja Online Terlengkap & Terpercaya
[2026-05-17T13:10:42.270+0000] {logging_mixin.py:188} INFO - ❌ Cookies tidak valid atau sudah expired.
[2026-05-17T13:10:42.479+0000] {logging_mixin.py:188} INFO - [2026-05-17T13:10:42.476+0000] {dagbag.py:355} ERROR - Failed to import: /opt/airflow/dags/playwright_shopee.py
Traceback (most recent call last):
  File "/home/airflow/.local/lib/python3.8/site-packages/airflow/models/dagbag.py", line 351, in parse
    loader.exec_module(new_module)
  File "<frozen importlib._bootstrap_external>", line 843, in exec_module
  File "<frozen importlib._bootstrap>", line 219, in _call_with_frames_removed
  File "/opt/airflow/dags/playwright_shopee.py", line 228, in <module>
    raise RuntimeError("Cookies tidak valid. Export ulang dari Chrome.")
RuntimeError: Cookies tidak valid. Export ulang dari Chrome.
[2026-05-17T13:10:42.481+0000] {processor.py:842} WARNING - No viable dags retrieved from /opt/airflow/dags/playwright_shopee.py
[2026-05-17T13:10:42.510+0000] {processor.py:183} INFO - Processing /opt/airflow/dags/playwright_shopee.py took 13.175 seconds
[2026-05-17T13:11:12.883+0000] {processor.py:161} INFO - Started process (PID=44045) to work on /opt/airflow/dags/playwright_shopee.py
[2026-05-17T13:11:12.886+0000] {processor.py:830} INFO - Processing file /opt/airflow/dags/playwright_shopee.py for tasks to queue
[2026-05-17T13:11:12.889+0000] {logging_mixin.py:188} INFO - [2026-05-17T13:11:12.889+0000] {dagbag.py:545} INFO - Filling up the DagBag from /opt/airflow/dags/playwright_shopee.py
[2026-05-17T13:11:13.855+0000] {logging_mixin.py:188} INFO - 🌐 Membuka Chromium...
[2026-05-17T13:11:14.236+0000] {logging_mixin.py:188} INFO - 🍪 Inject cookies Shopee...
[2026-05-17T13:11:14.242+0000] {logging_mixin.py:188} INFO - ✅ 16 cookies berhasil diload dari /opt/airflow/dags/shopee_cookies.json
[2026-05-17T13:11:14.498+0000] {logging_mixin.py:188} INFO - 🌍 Membuka Shopee search...
[2026-05-17T13:11:21.768+0000] {logging_mixin.py:188} INFO - 📄 URL   : https://shopee.co.id/search?keyword=msi%20gaming
[2026-05-17T13:11:22.445+0000] {logging_mixin.py:188} INFO - 📄 TITLE : Shopee Indonesia | Situs Belanja Online Terlengkap & Terpercaya
[2026-05-17T13:11:25.024+0000] {logging_mixin.py:188} INFO - ❌ Cookies tidak valid atau sudah expired.
[2026-05-17T13:11:25.214+0000] {logging_mixin.py:188} INFO - [2026-05-17T13:11:25.212+0000] {dagbag.py:355} ERROR - Failed to import: /opt/airflow/dags/playwright_shopee.py
Traceback (most recent call last):
  File "/home/airflow/.local/lib/python3.8/site-packages/airflow/models/dagbag.py", line 351, in parse
    loader.exec_module(new_module)
  File "<frozen importlib._bootstrap_external>", line 843, in exec_module
  File "<frozen importlib._bootstrap>", line 219, in _call_with_frames_removed
  File "/opt/airflow/dags/playwright_shopee.py", line 228, in <module>
    raise RuntimeError("Cookies tidak valid. Export ulang dari Chrome.")
RuntimeError: Cookies tidak valid. Export ulang dari Chrome.
[2026-05-17T13:11:25.217+0000] {processor.py:842} WARNING - No viable dags retrieved from /opt/airflow/dags/playwright_shopee.py
[2026-05-17T13:11:25.264+0000] {processor.py:183} INFO - Processing /opt/airflow/dags/playwright_shopee.py took 12.400 seconds
[2026-05-17T13:11:55.687+0000] {processor.py:161} INFO - Started process (PID=44168) to work on /opt/airflow/dags/playwright_shopee.py
[2026-05-17T13:11:55.689+0000] {processor.py:830} INFO - Processing file /opt/airflow/dags/playwright_shopee.py for tasks to queue
[2026-05-17T13:11:55.693+0000] {logging_mixin.py:188} INFO - [2026-05-17T13:11:55.692+0000] {dagbag.py:545} INFO - Filling up the DagBag from /opt/airflow/dags/playwright_shopee.py
[2026-05-17T13:11:56.617+0000] {logging_mixin.py:188} INFO - 🌐 Membuka Chromium...
[2026-05-17T13:11:56.913+0000] {logging_mixin.py:188} INFO - 🍪 Inject cookies Shopee...
[2026-05-17T13:11:56.921+0000] {logging_mixin.py:188} INFO - ✅ 16 cookies berhasil diload dari /opt/airflow/dags/shopee_cookies.json
[2026-05-17T13:11:57.132+0000] {logging_mixin.py:188} INFO - 🌍 Membuka Shopee search...
[2026-05-17T13:12:06.303+0000] {logging_mixin.py:188} INFO - 📄 URL   : https://shopee.co.id/search?keyword=msi%20gaming
[2026-05-17T13:12:07.721+0000] {logging_mixin.py:188} INFO - 📄 TITLE : Shopee Indonesia | Situs Belanja Online Terlengkap & Terpercaya
[2026-05-17T13:12:10.542+0000] {logging_mixin.py:188} INFO - ❌ Kena traffic verify — cookies mungkin expired.
[2026-05-17T13:12:10.545+0000] {logging_mixin.py:188} INFO - ⚠️  Export ulang cookies dari Chrome dan update shopee_cookies.json
[2026-05-17T13:12:12.210+0000] {logging_mixin.py:188} INFO - [2026-05-17T13:12:12.207+0000] {dagbag.py:355} ERROR - Failed to import: /opt/airflow/dags/playwright_shopee.py
Traceback (most recent call last):
  File "/home/airflow/.local/lib/python3.8/site-packages/airflow/models/dagbag.py", line 351, in parse
    loader.exec_module(new_module)
  File "<frozen importlib._bootstrap_external>", line 843, in exec_module
  File "<frozen importlib._bootstrap>", line 219, in _call_with_frames_removed
  File "/opt/airflow/dags/playwright_shopee.py", line 218, in <module>
    raise RuntimeError(
RuntimeError: Shopee traffic verify detected. Update shopee_cookies.json dari Cookie-Editor.
[2026-05-17T13:12:12.213+0000] {processor.py:842} WARNING - No viable dags retrieved from /opt/airflow/dags/playwright_shopee.py
[2026-05-17T13:12:12.284+0000] {processor.py:183} INFO - Processing /opt/airflow/dags/playwright_shopee.py took 16.614 seconds
[2026-05-17T13:12:42.723+0000] {processor.py:161} INFO - Started process (PID=44286) to work on /opt/airflow/dags/playwright_shopee.py
[2026-05-17T13:12:42.725+0000] {processor.py:830} INFO - Processing file /opt/airflow/dags/playwright_shopee.py for tasks to queue
[2026-05-17T13:12:42.730+0000] {logging_mixin.py:188} INFO - [2026-05-17T13:12:42.729+0000] {dagbag.py:545} INFO - Filling up the DagBag from /opt/airflow/dags/playwright_shopee.py
[2026-05-17T13:12:43.674+0000] {logging_mixin.py:188} INFO - 🌐 Membuka Chromium...
[2026-05-17T13:12:44.094+0000] {logging_mixin.py:188} INFO - 🍪 Inject cookies Shopee...
[2026-05-17T13:12:44.102+0000] {logging_mixin.py:188} INFO - ✅ 16 cookies berhasil diload dari /opt/airflow/dags/shopee_cookies.json
[2026-05-17T13:12:44.334+0000] {logging_mixin.py:188} INFO - 🌍 Membuka Shopee search...
[2026-05-17T13:12:51.841+0000] {logging_mixin.py:188} INFO - 📄 URL   : https://shopee.co.id/search?keyword=msi%20gaming
[2026-05-17T13:12:52.171+0000] {logging_mixin.py:188} INFO - 📄 TITLE : Shopee Indonesia | Situs Belanja Online Terlengkap & Terpercaya
[2026-05-17T13:12:55.730+0000] {logging_mixin.py:188} INFO - ❌ Cookies tidak valid atau sudah expired.
[2026-05-17T13:12:55.969+0000] {logging_mixin.py:188} INFO - [2026-05-17T13:12:55.960+0000] {dagbag.py:355} ERROR - Failed to import: /opt/airflow/dags/playwright_shopee.py
Traceback (most recent call last):
  File "/home/airflow/.local/lib/python3.8/site-packages/airflow/models/dagbag.py", line 351, in parse
    loader.exec_module(new_module)
  File "<frozen importlib._bootstrap_external>", line 843, in exec_module
  File "<frozen importlib._bootstrap>", line 219, in _call_with_frames_removed
  File "/opt/airflow/dags/playwright_shopee.py", line 228, in <module>
    raise RuntimeError("Cookies tidak valid. Export ulang dari Chrome.")
RuntimeError: Cookies tidak valid. Export ulang dari Chrome.
[2026-05-17T13:12:55.977+0000] {processor.py:842} WARNING - No viable dags retrieved from /opt/airflow/dags/playwright_shopee.py
[2026-05-17T13:12:56.056+0000] {processor.py:183} INFO - Processing /opt/airflow/dags/playwright_shopee.py took 13.349 seconds
[2026-05-17T13:13:26.485+0000] {processor.py:161} INFO - Started process (PID=44407) to work on /opt/airflow/dags/playwright_shopee.py
[2026-05-17T13:13:26.487+0000] {processor.py:830} INFO - Processing file /opt/airflow/dags/playwright_shopee.py for tasks to queue
[2026-05-17T13:13:26.491+0000] {logging_mixin.py:188} INFO - [2026-05-17T13:13:26.491+0000] {dagbag.py:545} INFO - Filling up the DagBag from /opt/airflow/dags/playwright_shopee.py
[2026-05-17T13:13:27.471+0000] {logging_mixin.py:188} INFO - 🌐 Membuka Chromium...
[2026-05-17T13:13:27.920+0000] {logging_mixin.py:188} INFO - 🍪 Inject cookies Shopee...
[2026-05-17T13:13:27.926+0000] {logging_mixin.py:188} INFO - ✅ 16 cookies berhasil diload dari /opt/airflow/dags/shopee_cookies.json
[2026-05-17T13:13:28.174+0000] {logging_mixin.py:188} INFO - 🌍 Membuka Shopee search...
[2026-05-17T13:13:34.197+0000] {logging_mixin.py:188} INFO - 📄 URL   : https://shopee.co.id/search?keyword=msi%20gaming
[2026-05-17T13:13:34.480+0000] {logging_mixin.py:188} INFO - 📄 TITLE : Shopee Indonesia | Situs Belanja Online Terlengkap & Terpercaya
[2026-05-17T13:13:36.422+0000] {logging_mixin.py:188} INFO - ❌ Cookies tidak valid atau sudah expired.
[2026-05-17T13:13:36.663+0000] {logging_mixin.py:188} INFO - [2026-05-17T13:13:36.661+0000] {dagbag.py:355} ERROR - Failed to import: /opt/airflow/dags/playwright_shopee.py
Traceback (most recent call last):
  File "/home/airflow/.local/lib/python3.8/site-packages/airflow/models/dagbag.py", line 351, in parse
    loader.exec_module(new_module)
  File "<frozen importlib._bootstrap_external>", line 843, in exec_module
  File "<frozen importlib._bootstrap>", line 219, in _call_with_frames_removed
  File "/opt/airflow/dags/playwright_shopee.py", line 228, in <module>
    raise RuntimeError("Cookies tidak valid. Export ulang dari Chrome.")
RuntimeError: Cookies tidak valid. Export ulang dari Chrome.
[2026-05-17T13:13:36.666+0000] {processor.py:842} WARNING - No viable dags retrieved from /opt/airflow/dags/playwright_shopee.py
[2026-05-17T13:13:36.716+0000] {processor.py:183} INFO - Processing /opt/airflow/dags/playwright_shopee.py took 10.247 seconds
[2026-05-17T13:14:07.116+0000] {processor.py:161} INFO - Started process (PID=44523) to work on /opt/airflow/dags/playwright_shopee.py
[2026-05-17T13:14:07.118+0000] {processor.py:830} INFO - Processing file /opt/airflow/dags/playwright_shopee.py for tasks to queue
[2026-05-17T13:14:07.121+0000] {logging_mixin.py:188} INFO - [2026-05-17T13:14:07.120+0000] {dagbag.py:545} INFO - Filling up the DagBag from /opt/airflow/dags/playwright_shopee.py
[2026-05-17T13:14:08.170+0000] {logging_mixin.py:188} INFO - 🌐 Membuka Chromium...
[2026-05-17T13:14:08.823+0000] {logging_mixin.py:188} INFO - 🍪 Inject cookies Shopee...
[2026-05-17T13:14:08.831+0000] {logging_mixin.py:188} INFO - ✅ 16 cookies berhasil diload dari /opt/airflow/dags/shopee_cookies.json
[2026-05-17T13:14:09.114+0000] {logging_mixin.py:188} INFO - 🌍 Membuka Shopee search...
[2026-05-17T13:14:17.008+0000] {logging_mixin.py:188} INFO - 📄 URL   : https://shopee.co.id/search?keyword=msi%20gaming
[2026-05-17T13:14:17.629+0000] {logging_mixin.py:188} INFO - 📄 TITLE : Shopee Indonesia | Situs Belanja Online Terlengkap & Terpercaya
[2026-05-17T13:14:21.825+0000] {logging_mixin.py:188} INFO - ❌ Cookies tidak valid atau sudah expired.
[2026-05-17T13:14:22.288+0000] {logging_mixin.py:188} INFO - [2026-05-17T13:14:22.283+0000] {dagbag.py:355} ERROR - Failed to import: /opt/airflow/dags/playwright_shopee.py
Traceback (most recent call last):
  File "/home/airflow/.local/lib/python3.8/site-packages/airflow/models/dagbag.py", line 351, in parse
    loader.exec_module(new_module)
  File "<frozen importlib._bootstrap_external>", line 843, in exec_module
  File "<frozen importlib._bootstrap>", line 219, in _call_with_frames_removed
  File "/opt/airflow/dags/playwright_shopee.py", line 228, in <module>
    raise RuntimeError("Cookies tidak valid. Export ulang dari Chrome.")
RuntimeError: Cookies tidak valid. Export ulang dari Chrome.
[2026-05-17T13:14:22.293+0000] {processor.py:842} WARNING - No viable dags retrieved from /opt/airflow/dags/playwright_shopee.py
[2026-05-17T13:14:22.452+0000] {processor.py:183} INFO - Processing /opt/airflow/dags/playwright_shopee.py took 15.352 seconds
[2026-05-17T13:14:52.997+0000] {processor.py:161} INFO - Started process (PID=44646) to work on /opt/airflow/dags/playwright_shopee.py
[2026-05-17T13:14:52.999+0000] {processor.py:830} INFO - Processing file /opt/airflow/dags/playwright_shopee.py for tasks to queue
[2026-05-17T13:14:53.003+0000] {logging_mixin.py:188} INFO - [2026-05-17T13:14:53.002+0000] {dagbag.py:545} INFO - Filling up the DagBag from /opt/airflow/dags/playwright_shopee.py
[2026-05-17T13:14:55.033+0000] {logging_mixin.py:188} INFO - 🌐 Membuka Chromium...
[2026-05-17T13:14:55.811+0000] {logging_mixin.py:188} INFO - 🍪 Inject cookies Shopee...
[2026-05-17T13:14:55.817+0000] {logging_mixin.py:188} INFO - ✅ 16 cookies berhasil diload dari /opt/airflow/dags/shopee_cookies.json
[2026-05-17T13:14:56.239+0000] {logging_mixin.py:188} INFO - 🌍 Membuka Shopee search...
[2026-05-17T13:15:02.566+0000] {logging_mixin.py:188} INFO - 📄 URL   : https://shopee.co.id/search?keyword=msi%20gaming
[2026-05-17T13:15:03.174+0000] {logging_mixin.py:188} INFO - 📄 TITLE : Shopee Indonesia | Situs Belanja Online Terlengkap & Terpercaya
[2026-05-17T13:15:06.318+0000] {logging_mixin.py:188} INFO - ❌ Cookies tidak valid atau sudah expired.
[2026-05-17T13:15:06.718+0000] {logging_mixin.py:188} INFO - [2026-05-17T13:15:06.714+0000] {dagbag.py:355} ERROR - Failed to import: /opt/airflow/dags/playwright_shopee.py
Traceback (most recent call last):
  File "/home/airflow/.local/lib/python3.8/site-packages/airflow/models/dagbag.py", line 351, in parse
    loader.exec_module(new_module)
  File "<frozen importlib._bootstrap_external>", line 843, in exec_module
  File "<frozen importlib._bootstrap>", line 219, in _call_with_frames_removed
  File "/opt/airflow/dags/playwright_shopee.py", line 228, in <module>
    raise RuntimeError("Cookies tidak valid. Export ulang dari Chrome.")
RuntimeError: Cookies tidak valid. Export ulang dari Chrome.
[2026-05-17T13:15:06.723+0000] {processor.py:842} WARNING - No viable dags retrieved from /opt/airflow/dags/playwright_shopee.py
[2026-05-17T13:15:06.814+0000] {processor.py:183} INFO - Processing /opt/airflow/dags/playwright_shopee.py took 13.834 seconds
[2026-05-17T13:15:37.479+0000] {processor.py:161} INFO - Started process (PID=44762) to work on /opt/airflow/dags/playwright_shopee.py
[2026-05-17T13:15:37.482+0000] {processor.py:830} INFO - Processing file /opt/airflow/dags/playwright_shopee.py for tasks to queue
[2026-05-17T13:15:37.508+0000] {logging_mixin.py:188} INFO - [2026-05-17T13:15:37.498+0000] {dagbag.py:545} INFO - Filling up the DagBag from /opt/airflow/dags/playwright_shopee.py
[2026-05-17T13:15:39.529+0000] {logging_mixin.py:188} INFO - 🌐 Membuka Chromium...
[2026-05-17T13:15:40.164+0000] {logging_mixin.py:188} INFO - 🍪 Inject cookies Shopee...
[2026-05-17T13:15:40.169+0000] {logging_mixin.py:188} INFO - ✅ 16 cookies berhasil diload dari /opt/airflow/dags/shopee_cookies.json
[2026-05-17T13:15:40.585+0000] {logging_mixin.py:188} INFO - 🌍 Membuka Shopee search...
[2026-05-17T13:15:48.966+0000] {logging_mixin.py:188} INFO - 📄 URL   : https://shopee.co.id/search?keyword=msi%20gaming
[2026-05-17T13:15:49.446+0000] {logging_mixin.py:188} INFO - 📄 TITLE : Shopee Indonesia | Situs Belanja Online Terlengkap & Terpercaya
[2026-05-17T13:15:58.450+0000] {logging_mixin.py:188} INFO - ❌ Kena traffic verify — cookies mungkin expired.
[2026-05-17T13:15:58.455+0000] {logging_mixin.py:188} INFO - ⚠️  Export ulang cookies dari Chrome dan update shopee_cookies.json
[2026-05-17T13:16:00.088+0000] {logging_mixin.py:188} INFO - [2026-05-17T13:16:00.086+0000] {dagbag.py:355} ERROR - Failed to import: /opt/airflow/dags/playwright_shopee.py
Traceback (most recent call last):
  File "/home/airflow/.local/lib/python3.8/site-packages/airflow/models/dagbag.py", line 351, in parse
    loader.exec_module(new_module)
  File "<frozen importlib._bootstrap_external>", line 843, in exec_module
  File "<frozen importlib._bootstrap>", line 219, in _call_with_frames_removed
  File "/opt/airflow/dags/playwright_shopee.py", line 218, in <module>
    raise RuntimeError(
RuntimeError: Shopee traffic verify detected. Update shopee_cookies.json dari Cookie-Editor.
[2026-05-17T13:16:00.092+0000] {processor.py:842} WARNING - No viable dags retrieved from /opt/airflow/dags/playwright_shopee.py
[2026-05-17T13:16:00.191+0000] {processor.py:183} INFO - Processing /opt/airflow/dags/playwright_shopee.py took 22.732 seconds
[2026-05-17T13:16:30.874+0000] {processor.py:161} INFO - Started process (PID=44883) to work on /opt/airflow/dags/playwright_shopee.py
[2026-05-17T13:16:30.887+0000] {processor.py:830} INFO - Processing file /opt/airflow/dags/playwright_shopee.py for tasks to queue
[2026-05-17T13:16:30.892+0000] {logging_mixin.py:188} INFO - [2026-05-17T13:16:30.891+0000] {dagbag.py:545} INFO - Filling up the DagBag from /opt/airflow/dags/playwright_shopee.py
[2026-05-17T13:16:36.613+0000] {logging_mixin.py:188} INFO - 🌐 Membuka Chromium...
[2026-05-17T13:16:39.509+0000] {logging_mixin.py:188} INFO - 🍪 Inject cookies Shopee...
[2026-05-17T13:16:39.534+0000] {logging_mixin.py:188} INFO - ✅ 16 cookies berhasil diload dari /opt/airflow/dags/shopee_cookies.json
[2026-05-17T13:16:42.364+0000] {logging_mixin.py:188} INFO - 🌍 Membuka Shopee search...
[2026-05-17T13:16:52.289+0000] {logging_mixin.py:188} INFO - 📄 URL   : https://shopee.co.id/search?keyword=msi%20gaming
[2026-05-17T13:16:52.597+0000] {logging_mixin.py:188} INFO - 📄 TITLE : Shopee Indonesia | Situs Belanja Online Terlengkap & Terpercaya
[2026-05-17T13:16:54.473+0000] {logging_mixin.py:188} INFO - ❌ Cookies tidak valid atau sudah expired.
[2026-05-17T13:16:54.785+0000] {logging_mixin.py:188} INFO - [2026-05-17T13:16:54.779+0000] {dagbag.py:355} ERROR - Failed to import: /opt/airflow/dags/playwright_shopee.py
Traceback (most recent call last):
  File "/home/airflow/.local/lib/python3.8/site-packages/airflow/models/dagbag.py", line 351, in parse
    loader.exec_module(new_module)
  File "<frozen importlib._bootstrap_external>", line 843, in exec_module
  File "<frozen importlib._bootstrap>", line 219, in _call_with_frames_removed
  File "/opt/airflow/dags/playwright_shopee.py", line 228, in <module>
    raise RuntimeError("Cookies tidak valid. Export ulang dari Chrome.")
RuntimeError: Cookies tidak valid. Export ulang dari Chrome.
[2026-05-17T13:16:54.791+0000] {processor.py:842} WARNING - No viable dags retrieved from /opt/airflow/dags/playwright_shopee.py
[2026-05-17T13:16:54.897+0000] {processor.py:183} INFO - Processing /opt/airflow/dags/playwright_shopee.py took 24.046 seconds
