[2026-05-27T01:40:14.201+0000] {processor.py:161} INFO - Started process (PID=171) to work on /opt/airflow/dags/playwright_shopee.py
[2026-05-27T01:40:14.221+0000] {processor.py:830} INFO - Processing file /opt/airflow/dags/playwright_shopee.py for tasks to queue
[2026-05-27T01:40:14.257+0000] {logging_mixin.py:188} INFO - [2026-05-27T01:40:14.252+0000] {dagbag.py:545} INFO - Filling up the DagBag from /opt/airflow/dags/playwright_shopee.py
[2026-05-27T01:40:19.286+0000] {logging_mixin.py:188} INFO - 🌐 Membuka Chromium...
[2026-05-27T01:40:22.040+0000] {logging_mixin.py:188} INFO - 🍪 Inject cookies Shopee...
[2026-05-27T01:40:22.056+0000] {logging_mixin.py:188} INFO - ✅ 16 cookies berhasil diload dari /opt/airflow/dags/shopee_cookies.json
[2026-05-27T01:40:22.715+0000] {logging_mixin.py:188} INFO - 🌍 Membuka Shopee search...
[2026-05-27T01:40:30.482+0000] {logging_mixin.py:188} INFO - 📄 URL   : https://shopee.co.id/search?keyword=msi%20gaming
[2026-05-27T01:40:32.526+0000] {logging_mixin.py:188} INFO - 📄 TITLE : Shopee Indonesia | Situs Belanja Online Terlengkap & Terpercaya
[2026-05-27T01:40:34.811+0000] {logging_mixin.py:188} INFO - ❌ Cookies tidak valid atau sudah expired.
[2026-05-27T01:40:35.137+0000] {logging_mixin.py:188} INFO - [2026-05-27T01:40:35.133+0000] {dagbag.py:355} ERROR - Failed to import: /opt/airflow/dags/playwright_shopee.py
Traceback (most recent call last):
  File "/home/airflow/.local/lib/python3.8/site-packages/airflow/models/dagbag.py", line 351, in parse
    loader.exec_module(new_module)
  File "<frozen importlib._bootstrap_external>", line 843, in exec_module
  File "<frozen importlib._bootstrap>", line 219, in _call_with_frames_removed
  File "/opt/airflow/dags/playwright_shopee.py", line 228, in <module>
    raise RuntimeError("Cookies tidak valid. Export ulang dari Chrome.")
RuntimeError: Cookies tidak valid. Export ulang dari Chrome.
[2026-05-27T01:40:35.142+0000] {processor.py:842} WARNING - No viable dags retrieved from /opt/airflow/dags/playwright_shopee.py
[2026-05-27T01:40:35.311+0000] {processor.py:183} INFO - Processing /opt/airflow/dags/playwright_shopee.py took 21.222 seconds
[2026-05-27T01:41:05.827+0000] {processor.py:161} INFO - Started process (PID=293) to work on /opt/airflow/dags/playwright_shopee.py
[2026-05-27T01:41:05.828+0000] {processor.py:830} INFO - Processing file /opt/airflow/dags/playwright_shopee.py for tasks to queue
[2026-05-27T01:41:05.831+0000] {logging_mixin.py:188} INFO - [2026-05-27T01:41:05.831+0000] {dagbag.py:545} INFO - Filling up the DagBag from /opt/airflow/dags/playwright_shopee.py
[2026-05-27T01:41:06.971+0000] {logging_mixin.py:188} INFO - 🌐 Membuka Chromium...
[2026-05-27T01:41:08.152+0000] {logging_mixin.py:188} INFO - 🍪 Inject cookies Shopee...
[2026-05-27T01:41:08.182+0000] {logging_mixin.py:188} INFO - ✅ 16 cookies berhasil diload dari /opt/airflow/dags/shopee_cookies.json
[2026-05-27T01:41:08.910+0000] {logging_mixin.py:188} INFO - 🌍 Membuka Shopee search...
[2026-05-27T01:41:16.671+0000] {logging_mixin.py:188} INFO - 📄 URL   : https://shopee.co.id/search?keyword=msi%20gaming
[2026-05-27T01:41:17.443+0000] {logging_mixin.py:188} INFO - 📄 TITLE : Shopee Indonesia | Situs Belanja Online Terlengkap & Terpercaya
[2026-05-27T01:41:18.598+0000] {logging_mixin.py:188} INFO - ❌ Cookies tidak valid atau sudah expired.
[2026-05-27T01:41:18.821+0000] {logging_mixin.py:188} INFO - [2026-05-27T01:41:18.819+0000] {dagbag.py:355} ERROR - Failed to import: /opt/airflow/dags/playwright_shopee.py
Traceback (most recent call last):
  File "/home/airflow/.local/lib/python3.8/site-packages/airflow/models/dagbag.py", line 351, in parse
    loader.exec_module(new_module)
  File "<frozen importlib._bootstrap_external>", line 843, in exec_module
  File "<frozen importlib._bootstrap>", line 219, in _call_with_frames_removed
  File "/opt/airflow/dags/playwright_shopee.py", line 228, in <module>
    raise RuntimeError("Cookies tidak valid. Export ulang dari Chrome.")
RuntimeError: Cookies tidak valid. Export ulang dari Chrome.
[2026-05-27T01:41:18.823+0000] {processor.py:842} WARNING - No viable dags retrieved from /opt/airflow/dags/playwright_shopee.py
[2026-05-27T01:41:18.859+0000] {processor.py:183} INFO - Processing /opt/airflow/dags/playwright_shopee.py took 13.044 seconds
[2026-05-27T01:41:49.812+0000] {processor.py:161} INFO - Started process (PID=415) to work on /opt/airflow/dags/playwright_shopee.py
[2026-05-27T01:41:49.813+0000] {processor.py:830} INFO - Processing file /opt/airflow/dags/playwright_shopee.py for tasks to queue
[2026-05-27T01:41:49.815+0000] {logging_mixin.py:188} INFO - [2026-05-27T01:41:49.815+0000] {dagbag.py:545} INFO - Filling up the DagBag from /opt/airflow/dags/playwright_shopee.py
[2026-05-27T01:41:50.340+0000] {logging_mixin.py:188} INFO - 🌐 Membuka Chromium...
[2026-05-27T01:41:50.685+0000] {logging_mixin.py:188} INFO - 🍪 Inject cookies Shopee...
[2026-05-27T01:41:50.690+0000] {logging_mixin.py:188} INFO - ✅ 16 cookies berhasil diload dari /opt/airflow/dags/shopee_cookies.json
[2026-05-27T01:41:50.818+0000] {logging_mixin.py:188} INFO - 🌍 Membuka Shopee search...
[2026-05-27T01:41:57.932+0000] {logging_mixin.py:188} INFO - 📄 URL   : https://shopee.co.id/search?keyword=msi%20gaming
[2026-05-27T01:41:58.547+0000] {logging_mixin.py:188} INFO - [2026-05-27T01:41:58.544+0000] {dagbag.py:355} ERROR - Failed to import: /opt/airflow/dags/playwright_shopee.py
Traceback (most recent call last):
  File "/home/airflow/.local/lib/python3.8/site-packages/airflow/models/dagbag.py", line 351, in parse
    loader.exec_module(new_module)
  File "<frozen importlib._bootstrap_external>", line 843, in exec_module
  File "<frozen importlib._bootstrap>", line 219, in _call_with_frames_removed
  File "/opt/airflow/dags/playwright_shopee.py", line 208, in <module>
    print("📄 TITLE :", page.title())
  File "/home/airflow/.local/lib/python3.8/site-packages/playwright/sync_api/_generated.py", line 9407, in title
    return mapping.from_maybe_impl(self._sync(self._impl_obj.title()))
  File "/home/airflow/.local/lib/python3.8/site-packages/playwright/_impl/_sync_base.py", line 115, in _sync
    return task.result()
  File "/home/airflow/.local/lib/python3.8/site-packages/playwright/_impl/_page.py", line 742, in title
    return await self._main_frame.title()
  File "/home/airflow/.local/lib/python3.8/site-packages/playwright/_impl/_frame.py", line 776, in title
    return await self._channel.send("title")
  File "/home/airflow/.local/lib/python3.8/site-packages/playwright/_impl/_connection.py", line 59, in send
    return await self._connection.wrap_api_call(
  File "/home/airflow/.local/lib/python3.8/site-packages/playwright/_impl/_connection.py", line 514, in wrap_api_call
    raise rewrite_error(error, f"{parsed_st['apiName']}: {error}") from None
playwright._impl._errors.Error: Page.title: Execution context was destroyed, most likely because of a navigation
[2026-05-27T01:41:58.548+0000] {processor.py:842} WARNING - No viable dags retrieved from /opt/airflow/dags/playwright_shopee.py
[2026-05-27T01:41:58.580+0000] {processor.py:183} INFO - Processing /opt/airflow/dags/playwright_shopee.py took 8.779 seconds
[2026-05-27T01:42:28.669+0000] {processor.py:161} INFO - Started process (PID=544) to work on /opt/airflow/dags/playwright_shopee.py
[2026-05-27T01:42:28.670+0000] {processor.py:830} INFO - Processing file /opt/airflow/dags/playwright_shopee.py for tasks to queue
[2026-05-27T01:42:28.672+0000] {logging_mixin.py:188} INFO - [2026-05-27T01:42:28.672+0000] {dagbag.py:545} INFO - Filling up the DagBag from /opt/airflow/dags/playwright_shopee.py
[2026-05-27T01:42:29.191+0000] {logging_mixin.py:188} INFO - 🌐 Membuka Chromium...
[2026-05-27T01:42:29.479+0000] {logging_mixin.py:188} INFO - 🍪 Inject cookies Shopee...
[2026-05-27T01:42:29.484+0000] {logging_mixin.py:188} INFO - ✅ 16 cookies berhasil diload dari /opt/airflow/dags/shopee_cookies.json
[2026-05-27T01:42:29.616+0000] {logging_mixin.py:188} INFO - 🌍 Membuka Shopee search...
[2026-05-27T01:42:37.925+0000] {logging_mixin.py:188} INFO - 📄 URL   : https://shopee.co.id/search?keyword=msi%20gaming
[2026-05-27T01:42:38.089+0000] {logging_mixin.py:188} INFO - 📄 TITLE : Shopee Indonesia | Situs Belanja Online Terlengkap & Terpercaya
[2026-05-27T01:42:38.881+0000] {logging_mixin.py:188} INFO - ❌ Kena traffic verify — cookies mungkin expired.
[2026-05-27T01:42:38.883+0000] {logging_mixin.py:188} INFO - ⚠️  Export ulang cookies dari Chrome dan update shopee_cookies.json
[2026-05-27T01:42:42.190+0000] {logging_mixin.py:188} INFO - [2026-05-27T01:42:42.189+0000] {dagbag.py:355} ERROR - Failed to import: /opt/airflow/dags/playwright_shopee.py
Traceback (most recent call last):
  File "/home/airflow/.local/lib/python3.8/site-packages/airflow/models/dagbag.py", line 351, in parse
    loader.exec_module(new_module)
  File "<frozen importlib._bootstrap_external>", line 843, in exec_module
  File "<frozen importlib._bootstrap>", line 219, in _call_with_frames_removed
  File "/opt/airflow/dags/playwright_shopee.py", line 218, in <module>
    raise RuntimeError(
RuntimeError: Shopee traffic verify detected. Update shopee_cookies.json dari Cookie-Editor.
[2026-05-27T01:42:42.191+0000] {processor.py:842} WARNING - No viable dags retrieved from /opt/airflow/dags/playwright_shopee.py
[2026-05-27T01:42:42.214+0000] {processor.py:183} INFO - Processing /opt/airflow/dags/playwright_shopee.py took 13.553 seconds
[2026-05-27T01:43:12.297+0000] {processor.py:161} INFO - Started process (PID=665) to work on /opt/airflow/dags/playwright_shopee.py
[2026-05-27T01:43:12.298+0000] {processor.py:830} INFO - Processing file /opt/airflow/dags/playwright_shopee.py for tasks to queue
[2026-05-27T01:43:12.301+0000] {logging_mixin.py:188} INFO - [2026-05-27T01:43:12.300+0000] {dagbag.py:545} INFO - Filling up the DagBag from /opt/airflow/dags/playwright_shopee.py
[2026-05-27T01:43:12.843+0000] {logging_mixin.py:188} INFO - 🌐 Membuka Chromium...
[2026-05-27T01:43:13.101+0000] {logging_mixin.py:188} INFO - 🍪 Inject cookies Shopee...
[2026-05-27T01:43:13.107+0000] {logging_mixin.py:188} INFO - ✅ 16 cookies berhasil diload dari /opt/airflow/dags/shopee_cookies.json
[2026-05-27T01:43:13.227+0000] {logging_mixin.py:188} INFO - 🌍 Membuka Shopee search...
[2026-05-27T01:43:21.516+0000] {logging_mixin.py:188} INFO - 📄 URL   : https://shopee.co.id/search?keyword=msi%20gaming
[2026-05-27T01:43:22.020+0000] {logging_mixin.py:188} INFO - 📄 TITLE : 
[2026-05-27T01:43:24.144+0000] {logging_mixin.py:188} INFO - ❌ Kena traffic verify — cookies mungkin expired.
[2026-05-27T01:43:24.145+0000] {logging_mixin.py:188} INFO - ⚠️  Export ulang cookies dari Chrome dan update shopee_cookies.json
[2026-05-27T01:43:24.879+0000] {logging_mixin.py:188} INFO - [2026-05-27T01:43:24.877+0000] {dagbag.py:355} ERROR - Failed to import: /opt/airflow/dags/playwright_shopee.py
Traceback (most recent call last):
  File "/home/airflow/.local/lib/python3.8/site-packages/airflow/models/dagbag.py", line 351, in parse
    loader.exec_module(new_module)
  File "<frozen importlib._bootstrap_external>", line 843, in exec_module
  File "<frozen importlib._bootstrap>", line 219, in _call_with_frames_removed
  File "/opt/airflow/dags/playwright_shopee.py", line 218, in <module>
    raise RuntimeError(
RuntimeError: Shopee traffic verify detected. Update shopee_cookies.json dari Cookie-Editor.
[2026-05-27T01:43:24.880+0000] {processor.py:842} WARNING - No viable dags retrieved from /opt/airflow/dags/playwright_shopee.py
[2026-05-27T01:43:24.909+0000] {processor.py:183} INFO - Processing /opt/airflow/dags/playwright_shopee.py took 12.625 seconds
[2026-05-27T01:43:55.306+0000] {processor.py:161} INFO - Started process (PID=805) to work on /opt/airflow/dags/playwright_shopee.py
[2026-05-27T01:43:55.312+0000] {processor.py:830} INFO - Processing file /opt/airflow/dags/playwright_shopee.py for tasks to queue
[2026-05-27T01:43:55.316+0000] {logging_mixin.py:188} INFO - [2026-05-27T01:43:55.315+0000] {dagbag.py:545} INFO - Filling up the DagBag from /opt/airflow/dags/playwright_shopee.py
[2026-05-27T01:43:56.077+0000] {logging_mixin.py:188} INFO - 🌐 Membuka Chromium...
[2026-05-27T01:43:56.510+0000] {logging_mixin.py:188} INFO - 🍪 Inject cookies Shopee...
[2026-05-27T01:43:56.516+0000] {logging_mixin.py:188} INFO - ✅ 16 cookies berhasil diload dari /opt/airflow/dags/shopee_cookies.json
[2026-05-27T01:43:56.808+0000] {logging_mixin.py:188} INFO - 🌍 Membuka Shopee search...
[2026-05-27T01:44:04.404+0000] {logging_mixin.py:188} INFO - 📄 URL   : https://shopee.co.id/search?keyword=msi%20gaming
[2026-05-27T01:44:04.507+0000] {logging_mixin.py:188} INFO - 📄 TITLE : Shopee Indonesia | Situs Belanja Online Terlengkap & Terpercaya
[2026-05-27T01:44:05.014+0000] {logging_mixin.py:188} INFO - ✅ Session valid, mulai scraping...
[2026-05-27T01:44:05.027+0000] {logging_mixin.py:188} INFO - [2026-05-27T01:44:05.026+0000] {logger.py:96} INFO - {"message": "Waiting for suitable server to become available", "selector": "<function writable_server_selector at 0x7fedaab51280>", "operation": "createIndexes", "topologyDescription": "<TopologyDescription id: 6a164c65998bcdfb838c0dce, topology_type: Unknown, servers: [<ServerDescription ('mongodb', 27017) server_type: Unknown, rtt: None>]>", "clientId": {"$oid": "6a164c65998bcdfb838c0dce"}, "remainingTimeMS": 29}
[2026-05-27T01:44:05.099+0000] {logging_mixin.py:188} INFO - ✅ Terhubung MongoDB: shopee_raw.products
[2026-05-27T01:44:05.099+0000] {logging_mixin.py:188} INFO - 
=================================
[2026-05-27T01:44:05.100+0000] {logging_mixin.py:188} INFO - 📄 PAGE 1/5
[2026-05-27T01:44:05.101+0000] {logging_mixin.py:188} INFO - =================================
[2026-05-27T01:44:05.101+0000] {logging_mixin.py:188} INFO - 🌍 https://shopee.co.id/search?keyword=msi%20gaming&page=0
[2026-05-27T01:44:11.682+0000] {logging_mixin.py:188} INFO - 🖱️ Scrolling...
[2026-05-27T01:44:24.721+0000] {logging_mixin.py:188} INFO - 📄 URL   : https://shopee.co.id/verify/traffic/error?home_url=https%3A%2F%2Fshopee.co.id&is_logged_in=false&next=https%3A%2F%2Fshopee.co.id%2Fsearch%3Fkeyword%3Dmsi%2520gaming%26page%3D0&tracking_id=169414bfc27-4d64-41e4-bd2c-6601648381a0&type=4
[2026-05-27T01:44:24.754+0000] {logging_mixin.py:188} INFO - 📄 TITLE : Shopee Indonesia | Situs Belanja Online Terlengkap & Terpercaya
[2026-05-27T01:44:24.893+0000] {logging_mixin.py:188} INFO - 🔍 Mengambil item produk...
[2026-05-27T01:44:24.947+0000] {logging_mixin.py:188} INFO - 📦 Total item ditemukan: 0
[2026-05-27T01:44:24.948+0000] {logging_mixin.py:188} INFO - ❌ Produk kosong, simpan HTML debug.
[2026-05-27T01:44:24.990+0000] {logging_mixin.py:188} INFO - 
=================================
[2026-05-27T01:44:24.990+0000] {logging_mixin.py:188} INFO - 📄 PAGE 2/5
[2026-05-27T01:44:24.991+0000] {logging_mixin.py:188} INFO - =================================
[2026-05-27T01:44:24.991+0000] {logging_mixin.py:188} INFO - 🌍 https://shopee.co.id/search?keyword=msi%20gaming&page=1
[2026-05-27T01:44:25.328+0000] {logging_mixin.py:188} INFO - [2026-05-27T01:44:25.328+0000] {timeout.py:68} ERROR - Process timed out, PID: 805
[2026-05-27T01:44:55.683+0000] {processor.py:161} INFO - Started process (PID=949) to work on /opt/airflow/dags/playwright_shopee.py
[2026-05-27T01:44:55.684+0000] {processor.py:830} INFO - Processing file /opt/airflow/dags/playwright_shopee.py for tasks to queue
[2026-05-27T01:44:55.686+0000] {logging_mixin.py:188} INFO - [2026-05-27T01:44:55.686+0000] {dagbag.py:545} INFO - Filling up the DagBag from /opt/airflow/dags/playwright_shopee.py
[2026-05-27T01:44:56.144+0000] {logging_mixin.py:188} INFO - 🌐 Membuka Chromium...
[2026-05-27T01:44:56.349+0000] {logging_mixin.py:188} INFO - 🍪 Inject cookies Shopee...
[2026-05-27T01:44:56.351+0000] {logging_mixin.py:188} INFO - ✅ 16 cookies berhasil diload dari /opt/airflow/dags/shopee_cookies.json
[2026-05-27T01:44:56.457+0000] {logging_mixin.py:188} INFO - 🌍 Membuka Shopee search...
[2026-05-27T01:45:06.432+0000] {logging_mixin.py:188} INFO - 📄 URL   : https://shopee.co.id/search?keyword=msi%20gaming
[2026-05-27T01:45:07.713+0000] {logging_mixin.py:188} INFO - 📄 TITLE : Shopee Indonesia | Situs Belanja Online Terlengkap & Terpercaya
[2026-05-27T01:45:09.441+0000] {logging_mixin.py:188} INFO - ❌ Cookies tidak valid atau sudah expired.
[2026-05-27T01:45:09.644+0000] {logging_mixin.py:188} INFO - [2026-05-27T01:45:09.642+0000] {dagbag.py:355} ERROR - Failed to import: /opt/airflow/dags/playwright_shopee.py
Traceback (most recent call last):
  File "/home/airflow/.local/lib/python3.8/site-packages/airflow/models/dagbag.py", line 351, in parse
    loader.exec_module(new_module)
  File "<frozen importlib._bootstrap_external>", line 843, in exec_module
  File "<frozen importlib._bootstrap>", line 219, in _call_with_frames_removed
  File "/opt/airflow/dags/playwright_shopee.py", line 228, in <module>
    raise RuntimeError("Cookies tidak valid. Export ulang dari Chrome.")
RuntimeError: Cookies tidak valid. Export ulang dari Chrome.
[2026-05-27T01:45:09.646+0000] {processor.py:842} WARNING - No viable dags retrieved from /opt/airflow/dags/playwright_shopee.py
[2026-05-27T01:45:09.692+0000] {processor.py:183} INFO - Processing /opt/airflow/dags/playwright_shopee.py took 14.016 seconds
[2026-05-27T01:45:40.536+0000] {processor.py:161} INFO - Started process (PID=1055) to work on /opt/airflow/dags/playwright_shopee.py
[2026-05-27T01:45:40.537+0000] {processor.py:830} INFO - Processing file /opt/airflow/dags/playwright_shopee.py for tasks to queue
[2026-05-27T01:45:40.539+0000] {logging_mixin.py:188} INFO - [2026-05-27T01:45:40.539+0000] {dagbag.py:545} INFO - Filling up the DagBag from /opt/airflow/dags/playwright_shopee.py
[2026-05-27T01:45:41.087+0000] {logging_mixin.py:188} INFO - 🌐 Membuka Chromium...
[2026-05-27T01:45:41.362+0000] {logging_mixin.py:188} INFO - 🍪 Inject cookies Shopee...
[2026-05-27T01:45:41.364+0000] {logging_mixin.py:188} INFO - ✅ 16 cookies berhasil diload dari /opt/airflow/dags/shopee_cookies.json
[2026-05-27T01:45:41.473+0000] {logging_mixin.py:188} INFO - 🌍 Membuka Shopee search...
[2026-05-27T01:45:50.976+0000] {logging_mixin.py:188} INFO - 📄 URL   : https://shopee.co.id/search?keyword=msi%20gaming
[2026-05-27T01:45:51.653+0000] {logging_mixin.py:188} INFO - 📄 TITLE : Shopee Indonesia | Situs Belanja Online Terlengkap & Terpercaya
[2026-05-27T01:45:53.567+0000] {logging_mixin.py:188} INFO - ❌ Cookies tidak valid atau sudah expired.
[2026-05-27T01:45:53.731+0000] {logging_mixin.py:188} INFO - [2026-05-27T01:45:53.730+0000] {dagbag.py:355} ERROR - Failed to import: /opt/airflow/dags/playwright_shopee.py
Traceback (most recent call last):
  File "/home/airflow/.local/lib/python3.8/site-packages/airflow/models/dagbag.py", line 351, in parse
    loader.exec_module(new_module)
  File "<frozen importlib._bootstrap_external>", line 843, in exec_module
  File "<frozen importlib._bootstrap>", line 219, in _call_with_frames_removed
  File "/opt/airflow/dags/playwright_shopee.py", line 228, in <module>
    raise RuntimeError("Cookies tidak valid. Export ulang dari Chrome.")
RuntimeError: Cookies tidak valid. Export ulang dari Chrome.
[2026-05-27T01:45:53.734+0000] {processor.py:842} WARNING - No viable dags retrieved from /opt/airflow/dags/playwright_shopee.py
[2026-05-27T01:45:53.775+0000] {processor.py:183} INFO - Processing /opt/airflow/dags/playwright_shopee.py took 13.252 seconds
[2026-05-27T01:46:24.419+0000] {processor.py:161} INFO - Started process (PID=1180) to work on /opt/airflow/dags/playwright_shopee.py
[2026-05-27T01:46:24.420+0000] {processor.py:830} INFO - Processing file /opt/airflow/dags/playwright_shopee.py for tasks to queue
[2026-05-27T01:46:24.422+0000] {logging_mixin.py:188} INFO - [2026-05-27T01:46:24.421+0000] {dagbag.py:545} INFO - Filling up the DagBag from /opt/airflow/dags/playwright_shopee.py
[2026-05-27T01:46:24.932+0000] {logging_mixin.py:188} INFO - 🌐 Membuka Chromium...
[2026-05-27T01:46:25.394+0000] {logging_mixin.py:188} INFO - 🍪 Inject cookies Shopee...
[2026-05-27T01:46:25.398+0000] {logging_mixin.py:188} INFO - ✅ 16 cookies berhasil diload dari /opt/airflow/dags/shopee_cookies.json
[2026-05-27T01:46:25.644+0000] {logging_mixin.py:188} INFO - 🌍 Membuka Shopee search...
[2026-05-27T01:46:32.329+0000] {logging_mixin.py:188} INFO - 📄 URL   : https://shopee.co.id/search?keyword=msi%20gaming
[2026-05-27T01:46:32.625+0000] {logging_mixin.py:188} INFO - 📄 TITLE : Shopee Indonesia | Situs Belanja Online Terlengkap & Terpercaya
[2026-05-27T01:46:33.065+0000] {logging_mixin.py:188} INFO - ❌ Cookies tidak valid atau sudah expired.
[2026-05-27T01:46:33.207+0000] {logging_mixin.py:188} INFO - [2026-05-27T01:46:33.204+0000] {dagbag.py:355} ERROR - Failed to import: /opt/airflow/dags/playwright_shopee.py
Traceback (most recent call last):
  File "/home/airflow/.local/lib/python3.8/site-packages/airflow/models/dagbag.py", line 351, in parse
    loader.exec_module(new_module)
  File "<frozen importlib._bootstrap_external>", line 843, in exec_module
  File "<frozen importlib._bootstrap>", line 219, in _call_with_frames_removed
  File "/opt/airflow/dags/playwright_shopee.py", line 228, in <module>
    raise RuntimeError("Cookies tidak valid. Export ulang dari Chrome.")
RuntimeError: Cookies tidak valid. Export ulang dari Chrome.
[2026-05-27T01:46:33.209+0000] {processor.py:842} WARNING - No viable dags retrieved from /opt/airflow/dags/playwright_shopee.py
[2026-05-27T01:46:33.250+0000] {processor.py:183} INFO - Processing /opt/airflow/dags/playwright_shopee.py took 8.837 seconds
[2026-05-27T01:47:03.739+0000] {processor.py:161} INFO - Started process (PID=1312) to work on /opt/airflow/dags/playwright_shopee.py
[2026-05-27T01:47:03.740+0000] {processor.py:830} INFO - Processing file /opt/airflow/dags/playwright_shopee.py for tasks to queue
[2026-05-27T01:47:03.742+0000] {logging_mixin.py:188} INFO - [2026-05-27T01:47:03.741+0000] {dagbag.py:545} INFO - Filling up the DagBag from /opt/airflow/dags/playwright_shopee.py
[2026-05-27T01:47:04.187+0000] {logging_mixin.py:188} INFO - 🌐 Membuka Chromium...
[2026-05-27T01:47:04.422+0000] {logging_mixin.py:188} INFO - 🍪 Inject cookies Shopee...
[2026-05-27T01:47:04.426+0000] {logging_mixin.py:188} INFO - ✅ 16 cookies berhasil diload dari /opt/airflow/dags/shopee_cookies.json
[2026-05-27T01:47:04.546+0000] {logging_mixin.py:188} INFO - 🌍 Membuka Shopee search...
[2026-05-27T01:47:10.309+0000] {logging_mixin.py:188} INFO - 📄 URL   : https://shopee.co.id/search?keyword=msi%20gaming
[2026-05-27T01:47:11.205+0000] {logging_mixin.py:188} INFO - 📄 TITLE : Shopee Indonesia | Situs Belanja Online Terlengkap & Terpercaya
[2026-05-27T01:47:12.316+0000] {logging_mixin.py:188} INFO - ❌ Cookies tidak valid atau sudah expired.
[2026-05-27T01:47:12.453+0000] {logging_mixin.py:188} INFO - [2026-05-27T01:47:12.450+0000] {dagbag.py:355} ERROR - Failed to import: /opt/airflow/dags/playwright_shopee.py
Traceback (most recent call last):
  File "/home/airflow/.local/lib/python3.8/site-packages/airflow/models/dagbag.py", line 351, in parse
    loader.exec_module(new_module)
  File "<frozen importlib._bootstrap_external>", line 843, in exec_module
  File "<frozen importlib._bootstrap>", line 219, in _call_with_frames_removed
  File "/opt/airflow/dags/playwright_shopee.py", line 228, in <module>
    raise RuntimeError("Cookies tidak valid. Export ulang dari Chrome.")
RuntimeError: Cookies tidak valid. Export ulang dari Chrome.
[2026-05-27T01:47:12.457+0000] {processor.py:842} WARNING - No viable dags retrieved from /opt/airflow/dags/playwright_shopee.py
[2026-05-27T01:47:12.526+0000] {processor.py:183} INFO - Processing /opt/airflow/dags/playwright_shopee.py took 8.793 seconds
[2026-05-27T01:47:43.112+0000] {processor.py:161} INFO - Started process (PID=1418) to work on /opt/airflow/dags/playwright_shopee.py
[2026-05-27T01:47:43.114+0000] {processor.py:830} INFO - Processing file /opt/airflow/dags/playwright_shopee.py for tasks to queue
[2026-05-27T01:47:43.117+0000] {logging_mixin.py:188} INFO - [2026-05-27T01:47:43.116+0000] {dagbag.py:545} INFO - Filling up the DagBag from /opt/airflow/dags/playwright_shopee.py
[2026-05-27T01:47:43.861+0000] {logging_mixin.py:188} INFO - 🌐 Membuka Chromium...
[2026-05-27T01:47:44.193+0000] {logging_mixin.py:188} INFO - 🍪 Inject cookies Shopee...
[2026-05-27T01:47:44.197+0000] {logging_mixin.py:188} INFO - ✅ 16 cookies berhasil diload dari /opt/airflow/dags/shopee_cookies.json
[2026-05-27T01:47:44.361+0000] {logging_mixin.py:188} INFO - 🌍 Membuka Shopee search...
[2026-05-27T01:47:51.527+0000] {logging_mixin.py:188} INFO - 📄 URL   : https://shopee.co.id/search?keyword=msi%20gaming
[2026-05-27T01:47:51.552+0000] {logging_mixin.py:188} INFO - 📄 TITLE : Shopee Indonesia | Situs Belanja Online Terlengkap & Terpercaya
[2026-05-27T01:47:51.788+0000] {logging_mixin.py:188} INFO - ✅ Session valid, mulai scraping...
[2026-05-27T01:47:51.797+0000] {logging_mixin.py:188} INFO - [2026-05-27T01:47:51.796+0000] {logger.py:96} INFO - {"message": "Waiting for suitable server to become available", "selector": "<function writable_server_selector at 0x7fedaab4e280>", "operation": "createIndexes", "topologyDescription": "<TopologyDescription id: 6a164d4772e42ac3c5289488, topology_type: Unknown, servers: [<ServerDescription ('mongodb', 27017) server_type: Unknown, rtt: None>]>", "clientId": {"$oid": "6a164d4772e42ac3c5289488"}, "remainingTimeMS": 29}
[2026-05-27T01:47:51.823+0000] {logging_mixin.py:188} INFO - ✅ Terhubung MongoDB: shopee_raw.products
[2026-05-27T01:47:51.823+0000] {logging_mixin.py:188} INFO - 
=================================
[2026-05-27T01:47:51.824+0000] {logging_mixin.py:188} INFO - 📄 PAGE 1/5
[2026-05-27T01:47:51.824+0000] {logging_mixin.py:188} INFO - =================================
[2026-05-27T01:47:51.825+0000] {logging_mixin.py:188} INFO - 🌍 https://shopee.co.id/search?keyword=msi%20gaming&page=0
[2026-05-27T01:47:59.259+0000] {logging_mixin.py:188} INFO - 🖱️ Scrolling...
[2026-05-27T01:48:12.515+0000] {logging_mixin.py:188} INFO - 📄 URL   : https://shopee.co.id/verify/traffic/error?home_url=https%3A%2F%2Fshopee.co.id&is_logged_in=false&next=https%3A%2F%2Fshopee.co.id%2Fsearch%3Fkeyword%3Dmsi%2520gaming%26page%3D0&tracking_id=203ee11a416-9133-4d1a-b57d-1ab5d04fb296&type=4
[2026-05-27T01:48:12.550+0000] {logging_mixin.py:188} INFO - 📄 TITLE : Shopee Indonesia | Situs Belanja Online Terlengkap & Terpercaya
[2026-05-27T01:48:12.676+0000] {logging_mixin.py:188} INFO - 🔍 Mengambil item produk...
[2026-05-27T01:48:12.737+0000] {logging_mixin.py:188} INFO - 📦 Total item ditemukan: 0
[2026-05-27T01:48:12.738+0000] {logging_mixin.py:188} INFO - ❌ Produk kosong, simpan HTML debug.
[2026-05-27T01:48:12.791+0000] {logging_mixin.py:188} INFO - 
=================================
[2026-05-27T01:48:12.792+0000] {logging_mixin.py:188} INFO - 📄 PAGE 2/5
[2026-05-27T01:48:12.792+0000] {logging_mixin.py:188} INFO - =================================
[2026-05-27T01:48:12.793+0000] {logging_mixin.py:188} INFO - 🌍 https://shopee.co.id/search?keyword=msi%20gaming&page=1
[2026-05-27T01:48:13.127+0000] {logging_mixin.py:188} INFO - [2026-05-27T01:48:13.127+0000] {timeout.py:68} ERROR - Process timed out, PID: 1418
[2026-05-27T01:48:43.490+0000] {processor.py:161} INFO - Started process (PID=1562) to work on /opt/airflow/dags/playwright_shopee.py
[2026-05-27T01:48:43.491+0000] {processor.py:830} INFO - Processing file /opt/airflow/dags/playwright_shopee.py for tasks to queue
[2026-05-27T01:48:43.492+0000] {logging_mixin.py:188} INFO - [2026-05-27T01:48:43.492+0000] {dagbag.py:545} INFO - Filling up the DagBag from /opt/airflow/dags/playwright_shopee.py
[2026-05-27T01:48:43.978+0000] {logging_mixin.py:188} INFO - 🌐 Membuka Chromium...
[2026-05-27T01:48:44.195+0000] {logging_mixin.py:188} INFO - 🍪 Inject cookies Shopee...
[2026-05-27T01:48:44.197+0000] {logging_mixin.py:188} INFO - ✅ 16 cookies berhasil diload dari /opt/airflow/dags/shopee_cookies.json
[2026-05-27T01:48:44.312+0000] {logging_mixin.py:188} INFO - 🌍 Membuka Shopee search...
[2026-05-27T01:48:52.196+0000] {logging_mixin.py:188} INFO - 📄 URL   : https://shopee.co.id/search?keyword=msi%20gaming
[2026-05-27T01:48:52.556+0000] {logging_mixin.py:188} INFO - [2026-05-27T01:48:52.555+0000] {dagbag.py:355} ERROR - Failed to import: /opt/airflow/dags/playwright_shopee.py
Traceback (most recent call last):
  File "/home/airflow/.local/lib/python3.8/site-packages/airflow/models/dagbag.py", line 351, in parse
    loader.exec_module(new_module)
  File "<frozen importlib._bootstrap_external>", line 843, in exec_module
  File "<frozen importlib._bootstrap>", line 219, in _call_with_frames_removed
  File "/opt/airflow/dags/playwright_shopee.py", line 208, in <module>
    print("📄 TITLE :", page.title())
  File "/home/airflow/.local/lib/python3.8/site-packages/playwright/sync_api/_generated.py", line 9407, in title
    return mapping.from_maybe_impl(self._sync(self._impl_obj.title()))
  File "/home/airflow/.local/lib/python3.8/site-packages/playwright/_impl/_sync_base.py", line 115, in _sync
    return task.result()
  File "/home/airflow/.local/lib/python3.8/site-packages/playwright/_impl/_page.py", line 742, in title
    return await self._main_frame.title()
  File "/home/airflow/.local/lib/python3.8/site-packages/playwright/_impl/_frame.py", line 776, in title
    return await self._channel.send("title")
  File "/home/airflow/.local/lib/python3.8/site-packages/playwright/_impl/_connection.py", line 59, in send
    return await self._connection.wrap_api_call(
  File "/home/airflow/.local/lib/python3.8/site-packages/playwright/_impl/_connection.py", line 514, in wrap_api_call
    raise rewrite_error(error, f"{parsed_st['apiName']}: {error}") from None
playwright._impl._errors.Error: Page.title: Execution context was destroyed, most likely because of a navigation
[2026-05-27T01:48:52.557+0000] {processor.py:842} WARNING - No viable dags retrieved from /opt/airflow/dags/playwright_shopee.py
[2026-05-27T01:48:52.580+0000] {processor.py:183} INFO - Processing /opt/airflow/dags/playwright_shopee.py took 9.098 seconds
[2026-05-27T01:49:23.189+0000] {processor.py:161} INFO - Started process (PID=1685) to work on /opt/airflow/dags/playwright_shopee.py
[2026-05-27T01:49:23.190+0000] {processor.py:830} INFO - Processing file /opt/airflow/dags/playwright_shopee.py for tasks to queue
[2026-05-27T01:49:23.192+0000] {logging_mixin.py:188} INFO - [2026-05-27T01:49:23.192+0000] {dagbag.py:545} INFO - Filling up the DagBag from /opt/airflow/dags/playwright_shopee.py
[2026-05-27T01:49:23.657+0000] {logging_mixin.py:188} INFO - 🌐 Membuka Chromium...
[2026-05-27T01:49:23.849+0000] {logging_mixin.py:188} INFO - 🍪 Inject cookies Shopee...
[2026-05-27T01:49:23.851+0000] {logging_mixin.py:188} INFO - ✅ 16 cookies berhasil diload dari /opt/airflow/dags/shopee_cookies.json
[2026-05-27T01:49:23.953+0000] {logging_mixin.py:188} INFO - 🌍 Membuka Shopee search...
[2026-05-27T01:49:32.300+0000] {logging_mixin.py:188} INFO - 📄 URL   : https://shopee.co.id/search?keyword=msi%20gaming
[2026-05-27T01:49:32.990+0000] {logging_mixin.py:188} INFO - 📄 TITLE : 
[2026-05-27T01:49:34.299+0000] {logging_mixin.py:188} INFO - ❌ Kena traffic verify — cookies mungkin expired.
[2026-05-27T01:49:34.300+0000] {logging_mixin.py:188} INFO - ⚠️  Export ulang cookies dari Chrome dan update shopee_cookies.json
[2026-05-27T01:49:34.896+0000] {logging_mixin.py:188} INFO - [2026-05-27T01:49:34.895+0000] {dagbag.py:355} ERROR - Failed to import: /opt/airflow/dags/playwright_shopee.py
Traceback (most recent call last):
  File "/home/airflow/.local/lib/python3.8/site-packages/airflow/models/dagbag.py", line 351, in parse
    loader.exec_module(new_module)
  File "<frozen importlib._bootstrap_external>", line 843, in exec_module
  File "<frozen importlib._bootstrap>", line 219, in _call_with_frames_removed
  File "/opt/airflow/dags/playwright_shopee.py", line 218, in <module>
    raise RuntimeError(
RuntimeError: Shopee traffic verify detected. Update shopee_cookies.json dari Cookie-Editor.
[2026-05-27T01:49:34.897+0000] {processor.py:842} WARNING - No viable dags retrieved from /opt/airflow/dags/playwright_shopee.py
[2026-05-27T01:49:34.929+0000] {processor.py:183} INFO - Processing /opt/airflow/dags/playwright_shopee.py took 11.747 seconds
[2026-05-27T01:50:05.423+0000] {processor.py:161} INFO - Started process (PID=1828) to work on /opt/airflow/dags/playwright_shopee.py
[2026-05-27T01:50:05.424+0000] {processor.py:830} INFO - Processing file /opt/airflow/dags/playwright_shopee.py for tasks to queue
[2026-05-27T01:50:05.425+0000] {logging_mixin.py:188} INFO - [2026-05-27T01:50:05.425+0000] {dagbag.py:545} INFO - Filling up the DagBag from /opt/airflow/dags/playwright_shopee.py
[2026-05-27T01:50:05.840+0000] {logging_mixin.py:188} INFO - 🌐 Membuka Chromium...
[2026-05-27T01:50:06.101+0000] {logging_mixin.py:188} INFO - 🍪 Inject cookies Shopee...
[2026-05-27T01:50:06.103+0000] {logging_mixin.py:188} INFO - ✅ 16 cookies berhasil diload dari /opt/airflow/dags/shopee_cookies.json
[2026-05-27T01:50:06.223+0000] {logging_mixin.py:188} INFO - 🌍 Membuka Shopee search...
[2026-05-27T01:50:13.726+0000] {logging_mixin.py:188} INFO - 📄 URL   : https://shopee.co.id/search?keyword=msi%20gaming
[2026-05-27T01:50:14.064+0000] {logging_mixin.py:188} INFO - 📄 TITLE : 
[2026-05-27T01:50:15.772+0000] {logging_mixin.py:188} INFO - ❌ Kena traffic verify — cookies mungkin expired.
[2026-05-27T01:50:15.773+0000] {logging_mixin.py:188} INFO - ⚠️  Export ulang cookies dari Chrome dan update shopee_cookies.json
[2026-05-27T01:50:16.142+0000] {logging_mixin.py:188} INFO - [2026-05-27T01:50:16.140+0000] {dagbag.py:355} ERROR - Failed to import: /opt/airflow/dags/playwright_shopee.py
Traceback (most recent call last):
  File "/home/airflow/.local/lib/python3.8/site-packages/airflow/models/dagbag.py", line 351, in parse
    loader.exec_module(new_module)
  File "<frozen importlib._bootstrap_external>", line 843, in exec_module
  File "<frozen importlib._bootstrap>", line 219, in _call_with_frames_removed
  File "/opt/airflow/dags/playwright_shopee.py", line 218, in <module>
    raise RuntimeError(
RuntimeError: Shopee traffic verify detected. Update shopee_cookies.json dari Cookie-Editor.
[2026-05-27T01:50:16.143+0000] {processor.py:842} WARNING - No viable dags retrieved from /opt/airflow/dags/playwright_shopee.py
[2026-05-27T01:50:16.172+0000] {processor.py:183} INFO - Processing /opt/airflow/dags/playwright_shopee.py took 10.754 seconds
[2026-05-27T01:50:47.209+0000] {processor.py:161} INFO - Started process (PID=1954) to work on /opt/airflow/dags/playwright_shopee.py
[2026-05-27T01:50:47.210+0000] {processor.py:830} INFO - Processing file /opt/airflow/dags/playwright_shopee.py for tasks to queue
[2026-05-27T01:50:47.211+0000] {logging_mixin.py:188} INFO - [2026-05-27T01:50:47.211+0000] {dagbag.py:545} INFO - Filling up the DagBag from /opt/airflow/dags/playwright_shopee.py
[2026-05-27T01:50:47.636+0000] {logging_mixin.py:188} INFO - 🌐 Membuka Chromium...
[2026-05-27T01:50:47.860+0000] {logging_mixin.py:188} INFO - 🍪 Inject cookies Shopee...
[2026-05-27T01:50:47.862+0000] {logging_mixin.py:188} INFO - ✅ 16 cookies berhasil diload dari /opt/airflow/dags/shopee_cookies.json
[2026-05-27T01:50:47.956+0000] {logging_mixin.py:188} INFO - 🌍 Membuka Shopee search...
[2026-05-27T01:50:54.827+0000] {logging_mixin.py:188} INFO - 📄 URL   : https://shopee.co.id/search?keyword=msi%20gaming
[2026-05-27T01:50:55.103+0000] {logging_mixin.py:188} INFO - 📄 TITLE : 
[2026-05-27T01:50:56.845+0000] {logging_mixin.py:188} INFO - ❌ Kena traffic verify — cookies mungkin expired.
[2026-05-27T01:50:56.846+0000] {logging_mixin.py:188} INFO - ⚠️  Export ulang cookies dari Chrome dan update shopee_cookies.json
[2026-05-27T01:50:57.237+0000] {logging_mixin.py:188} INFO - [2026-05-27T01:50:57.236+0000] {dagbag.py:355} ERROR - Failed to import: /opt/airflow/dags/playwright_shopee.py
Traceback (most recent call last):
  File "/home/airflow/.local/lib/python3.8/site-packages/airflow/models/dagbag.py", line 351, in parse
    loader.exec_module(new_module)
  File "<frozen importlib._bootstrap_external>", line 843, in exec_module
  File "<frozen importlib._bootstrap>", line 219, in _call_with_frames_removed
  File "/opt/airflow/dags/playwright_shopee.py", line 218, in <module>
    raise RuntimeError(
RuntimeError: Shopee traffic verify detected. Update shopee_cookies.json dari Cookie-Editor.
[2026-05-27T01:50:57.239+0000] {processor.py:842} WARNING - No viable dags retrieved from /opt/airflow/dags/playwright_shopee.py
[2026-05-27T01:50:57.262+0000] {processor.py:183} INFO - Processing /opt/airflow/dags/playwright_shopee.py took 10.072 seconds
[2026-05-27T01:51:27.838+0000] {processor.py:161} INFO - Started process (PID=2081) to work on /opt/airflow/dags/playwright_shopee.py
[2026-05-27T01:51:27.838+0000] {processor.py:830} INFO - Processing file /opt/airflow/dags/playwright_shopee.py for tasks to queue
[2026-05-27T01:51:27.840+0000] {logging_mixin.py:188} INFO - [2026-05-27T01:51:27.840+0000] {dagbag.py:545} INFO - Filling up the DagBag from /opt/airflow/dags/playwright_shopee.py
[2026-05-27T01:51:28.343+0000] {logging_mixin.py:188} INFO - 🌐 Membuka Chromium...
[2026-05-27T01:51:28.594+0000] {logging_mixin.py:188} INFO - 🍪 Inject cookies Shopee...
[2026-05-27T01:51:28.598+0000] {logging_mixin.py:188} INFO - ✅ 16 cookies berhasil diload dari /opt/airflow/dags/shopee_cookies.json
[2026-05-27T01:51:28.744+0000] {logging_mixin.py:188} INFO - 🌍 Membuka Shopee search...
[2026-05-27T01:51:35.697+0000] {logging_mixin.py:188} INFO - 📄 URL   : https://shopee.co.id/search?keyword=msi%20gaming
[2026-05-27T01:51:35.845+0000] {logging_mixin.py:188} INFO - 📄 TITLE : Shopee Indonesia | Situs Belanja Online Terlengkap & Terpercaya
[2026-05-27T01:51:38.087+0000] {logging_mixin.py:188} INFO - ❌ Kena traffic verify — cookies mungkin expired.
[2026-05-27T01:51:38.089+0000] {logging_mixin.py:188} INFO - ⚠️  Export ulang cookies dari Chrome dan update shopee_cookies.json
[2026-05-27T01:51:42.159+0000] {logging_mixin.py:188} INFO - [2026-05-27T01:51:42.158+0000] {dagbag.py:355} ERROR - Failed to import: /opt/airflow/dags/playwright_shopee.py
Traceback (most recent call last):
  File "/home/airflow/.local/lib/python3.8/site-packages/airflow/models/dagbag.py", line 351, in parse
    loader.exec_module(new_module)
  File "<frozen importlib._bootstrap_external>", line 843, in exec_module
  File "<frozen importlib._bootstrap>", line 219, in _call_with_frames_removed
  File "/opt/airflow/dags/playwright_shopee.py", line 218, in <module>
    raise RuntimeError(
RuntimeError: Shopee traffic verify detected. Update shopee_cookies.json dari Cookie-Editor.
[2026-05-27T01:51:42.161+0000] {processor.py:842} WARNING - No viable dags retrieved from /opt/airflow/dags/playwright_shopee.py
[2026-05-27T01:51:42.194+0000] {processor.py:183} INFO - Processing /opt/airflow/dags/playwright_shopee.py took 14.363 seconds
[2026-05-27T01:52:12.908+0000] {processor.py:161} INFO - Started process (PID=2214) to work on /opt/airflow/dags/playwright_shopee.py
[2026-05-27T01:52:12.909+0000] {processor.py:830} INFO - Processing file /opt/airflow/dags/playwright_shopee.py for tasks to queue
[2026-05-27T01:52:12.910+0000] {logging_mixin.py:188} INFO - [2026-05-27T01:52:12.910+0000] {dagbag.py:545} INFO - Filling up the DagBag from /opt/airflow/dags/playwright_shopee.py
[2026-05-27T01:52:13.424+0000] {logging_mixin.py:188} INFO - 🌐 Membuka Chromium...
[2026-05-27T01:52:13.772+0000] {logging_mixin.py:188} INFO - 🍪 Inject cookies Shopee...
[2026-05-27T01:52:13.803+0000] {logging_mixin.py:188} INFO - ✅ 16 cookies berhasil diload dari /opt/airflow/dags/shopee_cookies.json
[2026-05-27T01:52:13.986+0000] {logging_mixin.py:188} INFO - 🌍 Membuka Shopee search...
[2026-05-27T01:52:21.412+0000] {logging_mixin.py:188} INFO - 📄 URL   : https://shopee.co.id/search?keyword=msi%20gaming
[2026-05-27T01:52:21.701+0000] {logging_mixin.py:188} INFO - 📄 TITLE : Shopee Indonesia | Situs Belanja Online Terlengkap & Terpercaya
[2026-05-27T01:52:22.695+0000] {logging_mixin.py:188} INFO - ❌ Kena traffic verify — cookies mungkin expired.
[2026-05-27T01:52:22.696+0000] {logging_mixin.py:188} INFO - ⚠️  Export ulang cookies dari Chrome dan update shopee_cookies.json
[2026-05-27T01:52:25.696+0000] {logging_mixin.py:188} INFO - [2026-05-27T01:52:25.693+0000] {dagbag.py:355} ERROR - Failed to import: /opt/airflow/dags/playwright_shopee.py
Traceback (most recent call last):
  File "/home/airflow/.local/lib/python3.8/site-packages/airflow/models/dagbag.py", line 351, in parse
    loader.exec_module(new_module)
  File "<frozen importlib._bootstrap_external>", line 843, in exec_module
  File "<frozen importlib._bootstrap>", line 219, in _call_with_frames_removed
  File "/opt/airflow/dags/playwright_shopee.py", line 218, in <module>
    raise RuntimeError(
RuntimeError: Shopee traffic verify detected. Update shopee_cookies.json dari Cookie-Editor.
[2026-05-27T01:52:25.699+0000] {processor.py:842} WARNING - No viable dags retrieved from /opt/airflow/dags/playwright_shopee.py
[2026-05-27T01:52:25.730+0000] {processor.py:183} INFO - Processing /opt/airflow/dags/playwright_shopee.py took 12.832 seconds
[2026-05-27T01:52:55.915+0000] {processor.py:161} INFO - Started process (PID=2338) to work on /opt/airflow/dags/playwright_shopee.py
[2026-05-27T01:52:55.917+0000] {processor.py:830} INFO - Processing file /opt/airflow/dags/playwright_shopee.py for tasks to queue
[2026-05-27T01:52:55.920+0000] {logging_mixin.py:188} INFO - [2026-05-27T01:52:55.919+0000] {dagbag.py:545} INFO - Filling up the DagBag from /opt/airflow/dags/playwright_shopee.py
[2026-05-27T01:52:56.619+0000] {logging_mixin.py:188} INFO - 🌐 Membuka Chromium...
[2026-05-27T01:52:56.924+0000] {logging_mixin.py:188} INFO - 🍪 Inject cookies Shopee...
[2026-05-27T01:52:56.930+0000] {logging_mixin.py:188} INFO - ✅ 16 cookies berhasil diload dari /opt/airflow/dags/shopee_cookies.json
[2026-05-27T01:52:57.070+0000] {logging_mixin.py:188} INFO - 🌍 Membuka Shopee search...
[2026-05-27T01:53:05.309+0000] {logging_mixin.py:188} INFO - 📄 URL   : https://shopee.co.id/search?keyword=msi%20gaming
[2026-05-27T01:53:05.694+0000] {logging_mixin.py:188} INFO - [2026-05-27T01:53:05.693+0000] {dagbag.py:355} ERROR - Failed to import: /opt/airflow/dags/playwright_shopee.py
Traceback (most recent call last):
  File "/home/airflow/.local/lib/python3.8/site-packages/airflow/models/dagbag.py", line 351, in parse
    loader.exec_module(new_module)
  File "<frozen importlib._bootstrap_external>", line 843, in exec_module
  File "<frozen importlib._bootstrap>", line 219, in _call_with_frames_removed
  File "/opt/airflow/dags/playwright_shopee.py", line 208, in <module>
    print("📄 TITLE :", page.title())
  File "/home/airflow/.local/lib/python3.8/site-packages/playwright/sync_api/_generated.py", line 9407, in title
    return mapping.from_maybe_impl(self._sync(self._impl_obj.title()))
  File "/home/airflow/.local/lib/python3.8/site-packages/playwright/_impl/_sync_base.py", line 115, in _sync
    return task.result()
  File "/home/airflow/.local/lib/python3.8/site-packages/playwright/_impl/_page.py", line 742, in title
    return await self._main_frame.title()
  File "/home/airflow/.local/lib/python3.8/site-packages/playwright/_impl/_frame.py", line 776, in title
    return await self._channel.send("title")
  File "/home/airflow/.local/lib/python3.8/site-packages/playwright/_impl/_connection.py", line 59, in send
    return await self._connection.wrap_api_call(
  File "/home/airflow/.local/lib/python3.8/site-packages/playwright/_impl/_connection.py", line 514, in wrap_api_call
    raise rewrite_error(error, f"{parsed_st['apiName']}: {error}") from None
playwright._impl._errors.Error: Page.title: Execution context was destroyed, most likely because of a navigation
[2026-05-27T01:53:05.695+0000] {processor.py:842} WARNING - No viable dags retrieved from /opt/airflow/dags/playwright_shopee.py
[2026-05-27T01:53:05.725+0000] {processor.py:183} INFO - Processing /opt/airflow/dags/playwright_shopee.py took 9.824 seconds
[2026-05-27T01:53:36.018+0000] {processor.py:161} INFO - Started process (PID=2463) to work on /opt/airflow/dags/playwright_shopee.py
[2026-05-27T01:53:36.019+0000] {processor.py:830} INFO - Processing file /opt/airflow/dags/playwright_shopee.py for tasks to queue
[2026-05-27T01:53:36.021+0000] {logging_mixin.py:188} INFO - [2026-05-27T01:53:36.021+0000] {dagbag.py:545} INFO - Filling up the DagBag from /opt/airflow/dags/playwright_shopee.py
[2026-05-27T01:53:36.784+0000] {logging_mixin.py:188} INFO - 🌐 Membuka Chromium...
[2026-05-27T01:53:37.034+0000] {logging_mixin.py:188} INFO - 🍪 Inject cookies Shopee...
[2026-05-27T01:53:37.038+0000] {logging_mixin.py:188} INFO - ✅ 16 cookies berhasil diload dari /opt/airflow/dags/shopee_cookies.json
[2026-05-27T01:53:37.177+0000] {logging_mixin.py:188} INFO - 🌍 Membuka Shopee search...
[2026-05-27T01:53:46.247+0000] {logging_mixin.py:188} INFO - 📄 URL   : https://shopee.co.id/search?keyword=msi%20gaming
[2026-05-27T01:53:46.570+0000] {logging_mixin.py:188} INFO - 📄 TITLE : Jual msi gaming Harga Terbaik & Termurah Mei 2026 | Shopee Indonesia
[2026-05-27T01:53:47.519+0000] {logging_mixin.py:188} INFO - ❌ Kena traffic verify — cookies mungkin expired.
[2026-05-27T01:53:47.520+0000] {logging_mixin.py:188} INFO - ⚠️  Export ulang cookies dari Chrome dan update shopee_cookies.json
[2026-05-27T01:53:47.881+0000] {logging_mixin.py:188} INFO - [2026-05-27T01:53:47.880+0000] {dagbag.py:355} ERROR - Failed to import: /opt/airflow/dags/playwright_shopee.py
Traceback (most recent call last):
  File "/home/airflow/.local/lib/python3.8/site-packages/airflow/models/dagbag.py", line 351, in parse
    loader.exec_module(new_module)
  File "<frozen importlib._bootstrap_external>", line 843, in exec_module
  File "<frozen importlib._bootstrap>", line 219, in _call_with_frames_removed
  File "/opt/airflow/dags/playwright_shopee.py", line 218, in <module>
    raise RuntimeError(
RuntimeError: Shopee traffic verify detected. Update shopee_cookies.json dari Cookie-Editor.
[2026-05-27T01:53:47.883+0000] {processor.py:842} WARNING - No viable dags retrieved from /opt/airflow/dags/playwright_shopee.py
[2026-05-27T01:53:47.923+0000] {processor.py:183} INFO - Processing /opt/airflow/dags/playwright_shopee.py took 11.915 seconds
[2026-05-27T01:54:18.062+0000] {processor.py:161} INFO - Started process (PID=2591) to work on /opt/airflow/dags/playwright_shopee.py
[2026-05-27T01:54:18.063+0000] {processor.py:830} INFO - Processing file /opt/airflow/dags/playwright_shopee.py for tasks to queue
[2026-05-27T01:54:18.065+0000] {logging_mixin.py:188} INFO - [2026-05-27T01:54:18.065+0000] {dagbag.py:545} INFO - Filling up the DagBag from /opt/airflow/dags/playwright_shopee.py
[2026-05-27T01:54:18.647+0000] {logging_mixin.py:188} INFO - 🌐 Membuka Chromium...
[2026-05-27T01:54:18.862+0000] {logging_mixin.py:188} INFO - 🍪 Inject cookies Shopee...
[2026-05-27T01:54:18.864+0000] {logging_mixin.py:188} INFO - ✅ 16 cookies berhasil diload dari /opt/airflow/dags/shopee_cookies.json
[2026-05-27T01:54:18.975+0000] {logging_mixin.py:188} INFO - 🌍 Membuka Shopee search...
[2026-05-27T01:54:25.028+0000] {logging_mixin.py:188} INFO - 📄 URL   : https://shopee.co.id/search?keyword=msi%20gaming
[2026-05-27T01:54:25.956+0000] {logging_mixin.py:188} INFO - 📄 TITLE : Jual msi gaming Harga Terbaik & Termurah Mei 2026 | Shopee Indonesia
[2026-05-27T01:54:26.939+0000] {logging_mixin.py:188} INFO - ❌ Kena traffic verify — cookies mungkin expired.
[2026-05-27T01:54:26.940+0000] {logging_mixin.py:188} INFO - ⚠️  Export ulang cookies dari Chrome dan update shopee_cookies.json
[2026-05-27T01:54:29.801+0000] {logging_mixin.py:188} INFO - [2026-05-27T01:54:29.799+0000] {dagbag.py:355} ERROR - Failed to import: /opt/airflow/dags/playwright_shopee.py
Traceback (most recent call last):
  File "/home/airflow/.local/lib/python3.8/site-packages/airflow/models/dagbag.py", line 351, in parse
    loader.exec_module(new_module)
  File "<frozen importlib._bootstrap_external>", line 843, in exec_module
  File "<frozen importlib._bootstrap>", line 219, in _call_with_frames_removed
  File "/opt/airflow/dags/playwright_shopee.py", line 218, in <module>
    raise RuntimeError(
RuntimeError: Shopee traffic verify detected. Update shopee_cookies.json dari Cookie-Editor.
[2026-05-27T01:54:29.802+0000] {processor.py:842} WARNING - No viable dags retrieved from /opt/airflow/dags/playwright_shopee.py
[2026-05-27T01:54:29.828+0000] {processor.py:183} INFO - Processing /opt/airflow/dags/playwright_shopee.py took 11.775 seconds
[2026-05-27T01:55:00.474+0000] {processor.py:161} INFO - Started process (PID=2712) to work on /opt/airflow/dags/playwright_shopee.py
[2026-05-27T01:55:00.475+0000] {processor.py:830} INFO - Processing file /opt/airflow/dags/playwright_shopee.py for tasks to queue
[2026-05-27T01:55:00.477+0000] {logging_mixin.py:188} INFO - [2026-05-27T01:55:00.477+0000] {dagbag.py:545} INFO - Filling up the DagBag from /opt/airflow/dags/playwright_shopee.py
[2026-05-27T01:55:00.970+0000] {logging_mixin.py:188} INFO - 🌐 Membuka Chromium...
[2026-05-27T01:55:01.248+0000] {logging_mixin.py:188} INFO - 🍪 Inject cookies Shopee...
[2026-05-27T01:55:01.250+0000] {logging_mixin.py:188} INFO - ✅ 16 cookies berhasil diload dari /opt/airflow/dags/shopee_cookies.json
[2026-05-27T01:55:01.353+0000] {logging_mixin.py:188} INFO - 🌍 Membuka Shopee search...
[2026-05-27T01:55:08.537+0000] {logging_mixin.py:188} INFO - 📄 URL   : https://shopee.co.id/search?keyword=msi%20gaming
[2026-05-27T01:55:09.016+0000] {logging_mixin.py:188} INFO - 📄 TITLE : Shopee Indonesia | Situs Belanja Online Terlengkap & Terpercaya
[2026-05-27T01:55:11.737+0000] {logging_mixin.py:188} INFO - [2026-05-27T01:55:11.735+0000] {dagbag.py:355} ERROR - Failed to import: /opt/airflow/dags/playwright_shopee.py
Traceback (most recent call last):
  File "/home/airflow/.local/lib/python3.8/site-packages/airflow/models/dagbag.py", line 351, in parse
    loader.exec_module(new_module)
  File "<frozen importlib._bootstrap_external>", line 843, in exec_module
  File "<frozen importlib._bootstrap>", line 219, in _call_with_frames_removed
  File "/opt/airflow/dags/playwright_shopee.py", line 224, in <module>
    content = page.content()
  File "/home/airflow/.local/lib/python3.8/site-packages/playwright/sync_api/_generated.py", line 8582, in content
    return mapping.from_maybe_impl(self._sync(self._impl_obj.content()))
  File "/home/airflow/.local/lib/python3.8/site-packages/playwright/_impl/_sync_base.py", line 115, in _sync
    return task.result()
  File "/home/airflow/.local/lib/python3.8/site-packages/playwright/_impl/_page.py", line 502, in content
    return await self._main_frame.content()
  File "/home/airflow/.local/lib/python3.8/site-packages/playwright/_impl/_frame.py", line 416, in content
    return await self._channel.send("content")
  File "/home/airflow/.local/lib/python3.8/site-packages/playwright/_impl/_connection.py", line 59, in send
    return await self._connection.wrap_api_call(
  File "/home/airflow/.local/lib/python3.8/site-packages/playwright/_impl/_connection.py", line 514, in wrap_api_call
    raise rewrite_error(error, f"{parsed_st['apiName']}: {error}") from None
playwright._impl._errors.Error: Page.content: Unable to retrieve content because the page is navigating and changing the content.
[2026-05-27T01:55:11.737+0000] {processor.py:842} WARNING - No viable dags retrieved from /opt/airflow/dags/playwright_shopee.py
[2026-05-27T01:55:11.769+0000] {processor.py:183} INFO - Processing /opt/airflow/dags/playwright_shopee.py took 11.301 seconds
[2026-05-27T01:55:41.857+0000] {processor.py:161} INFO - Started process (PID=2845) to work on /opt/airflow/dags/playwright_shopee.py
[2026-05-27T01:55:41.858+0000] {processor.py:830} INFO - Processing file /opt/airflow/dags/playwright_shopee.py for tasks to queue
[2026-05-27T01:55:41.860+0000] {logging_mixin.py:188} INFO - [2026-05-27T01:55:41.860+0000] {dagbag.py:545} INFO - Filling up the DagBag from /opt/airflow/dags/playwright_shopee.py
[2026-05-27T01:55:42.416+0000] {logging_mixin.py:188} INFO - 🌐 Membuka Chromium...
[2026-05-27T01:55:42.663+0000] {logging_mixin.py:188} INFO - 🍪 Inject cookies Shopee...
[2026-05-27T01:55:42.667+0000] {logging_mixin.py:188} INFO - ✅ 16 cookies berhasil diload dari /opt/airflow/dags/shopee_cookies.json
[2026-05-27T01:55:42.788+0000] {logging_mixin.py:188} INFO - 🌍 Membuka Shopee search...
[2026-05-27T01:55:50.145+0000] {logging_mixin.py:188} INFO - 📄 URL   : https://shopee.co.id/search?keyword=msi%20gaming
[2026-05-27T01:55:51.249+0000] {logging_mixin.py:188} INFO - 📄 TITLE : Jual msi gaming Harga Terbaik & Termurah Mei 2026 | Shopee Indonesia
[2026-05-27T01:55:51.884+0000] {logging_mixin.py:188} INFO - ❌ Kena traffic verify — cookies mungkin expired.
[2026-05-27T01:55:51.885+0000] {logging_mixin.py:188} INFO - ⚠️  Export ulang cookies dari Chrome dan update shopee_cookies.json
[2026-05-27T01:55:56.518+0000] {logging_mixin.py:188} INFO - [2026-05-27T01:55:56.516+0000] {dagbag.py:355} ERROR - Failed to import: /opt/airflow/dags/playwright_shopee.py
Traceback (most recent call last):
  File "/home/airflow/.local/lib/python3.8/site-packages/airflow/models/dagbag.py", line 351, in parse
    loader.exec_module(new_module)
  File "<frozen importlib._bootstrap_external>", line 843, in exec_module
  File "<frozen importlib._bootstrap>", line 219, in _call_with_frames_removed
  File "/opt/airflow/dags/playwright_shopee.py", line 218, in <module>
    raise RuntimeError(
RuntimeError: Shopee traffic verify detected. Update shopee_cookies.json dari Cookie-Editor.
[2026-05-27T01:55:56.520+0000] {processor.py:842} WARNING - No viable dags retrieved from /opt/airflow/dags/playwright_shopee.py
[2026-05-27T01:55:56.554+0000] {processor.py:183} INFO - Processing /opt/airflow/dags/playwright_shopee.py took 14.706 seconds
[2026-05-27T01:56:27.355+0000] {processor.py:161} INFO - Started process (PID=2968) to work on /opt/airflow/dags/playwright_shopee.py
[2026-05-27T01:56:27.359+0000] {processor.py:830} INFO - Processing file /opt/airflow/dags/playwright_shopee.py for tasks to queue
[2026-05-27T01:56:27.364+0000] {logging_mixin.py:188} INFO - [2026-05-27T01:56:27.364+0000] {dagbag.py:545} INFO - Filling up the DagBag from /opt/airflow/dags/playwright_shopee.py
[2026-05-27T01:56:28.281+0000] {logging_mixin.py:188} INFO - 🌐 Membuka Chromium...
[2026-05-27T01:56:28.683+0000] {logging_mixin.py:188} INFO - 🍪 Inject cookies Shopee...
[2026-05-27T01:56:28.686+0000] {logging_mixin.py:188} INFO - ✅ 16 cookies berhasil diload dari /opt/airflow/dags/shopee_cookies.json
[2026-05-27T01:56:28.832+0000] {logging_mixin.py:188} INFO - 🌍 Membuka Shopee search...
[2026-05-27T01:56:34.888+0000] {logging_mixin.py:188} INFO - 📄 URL   : https://shopee.co.id/search?keyword=msi%20gaming
[2026-05-27T01:56:35.517+0000] {logging_mixin.py:188} INFO - 📄 TITLE : Shopee Indonesia | Situs Belanja Online Terlengkap & Terpercaya
[2026-05-27T01:56:38.287+0000] {logging_mixin.py:188} INFO - ❌ Cookies tidak valid atau sudah expired.
[2026-05-27T01:56:38.473+0000] {logging_mixin.py:188} INFO - [2026-05-27T01:56:38.471+0000] {dagbag.py:355} ERROR - Failed to import: /opt/airflow/dags/playwright_shopee.py
Traceback (most recent call last):
  File "/home/airflow/.local/lib/python3.8/site-packages/airflow/models/dagbag.py", line 351, in parse
    loader.exec_module(new_module)
  File "<frozen importlib._bootstrap_external>", line 843, in exec_module
  File "<frozen importlib._bootstrap>", line 219, in _call_with_frames_removed
  File "/opt/airflow/dags/playwright_shopee.py", line 228, in <module>
    raise RuntimeError("Cookies tidak valid. Export ulang dari Chrome.")
RuntimeError: Cookies tidak valid. Export ulang dari Chrome.
[2026-05-27T01:56:38.475+0000] {processor.py:842} WARNING - No viable dags retrieved from /opt/airflow/dags/playwright_shopee.py
[2026-05-27T01:56:38.521+0000] {processor.py:183} INFO - Processing /opt/airflow/dags/playwright_shopee.py took 11.180 seconds
[2026-05-27T01:57:08.975+0000] {processor.py:161} INFO - Started process (PID=3093) to work on /opt/airflow/dags/playwright_shopee.py
[2026-05-27T01:57:08.979+0000] {processor.py:830} INFO - Processing file /opt/airflow/dags/playwright_shopee.py for tasks to queue
[2026-05-27T01:57:08.981+0000] {logging_mixin.py:188} INFO - [2026-05-27T01:57:08.981+0000] {dagbag.py:545} INFO - Filling up the DagBag from /opt/airflow/dags/playwright_shopee.py
[2026-05-27T01:57:09.905+0000] {logging_mixin.py:188} INFO - 🌐 Membuka Chromium...
[2026-05-27T01:57:10.372+0000] {logging_mixin.py:188} INFO - 🍪 Inject cookies Shopee...
[2026-05-27T01:57:10.378+0000] {logging_mixin.py:188} INFO - ✅ 16 cookies berhasil diload dari /opt/airflow/dags/shopee_cookies.json
[2026-05-27T01:57:10.578+0000] {logging_mixin.py:188} INFO - 🌍 Membuka Shopee search...
[2026-05-27T01:57:17.135+0000] {logging_mixin.py:188} INFO - 📄 URL   : https://shopee.co.id/search?keyword=msi%20gaming
[2026-05-27T01:57:17.893+0000] {logging_mixin.py:188} INFO - 📄 TITLE : Shopee Indonesia | Situs Belanja Online Terlengkap & Terpercaya
[2026-05-27T01:57:19.126+0000] {logging_mixin.py:188} INFO - ❌ Cookies tidak valid atau sudah expired.
[2026-05-27T01:57:19.302+0000] {logging_mixin.py:188} INFO - [2026-05-27T01:57:19.300+0000] {dagbag.py:355} ERROR - Failed to import: /opt/airflow/dags/playwright_shopee.py
Traceback (most recent call last):
  File "/home/airflow/.local/lib/python3.8/site-packages/airflow/models/dagbag.py", line 351, in parse
    loader.exec_module(new_module)
  File "<frozen importlib._bootstrap_external>", line 843, in exec_module
  File "<frozen importlib._bootstrap>", line 219, in _call_with_frames_removed
  File "/opt/airflow/dags/playwright_shopee.py", line 228, in <module>
    raise RuntimeError("Cookies tidak valid. Export ulang dari Chrome.")
RuntimeError: Cookies tidak valid. Export ulang dari Chrome.
[2026-05-27T01:57:19.304+0000] {processor.py:842} WARNING - No viable dags retrieved from /opt/airflow/dags/playwright_shopee.py
[2026-05-27T01:57:19.356+0000] {processor.py:183} INFO - Processing /opt/airflow/dags/playwright_shopee.py took 10.389 seconds
[2026-05-27T01:57:50.113+0000] {processor.py:161} INFO - Started process (PID=3228) to work on /opt/airflow/dags/playwright_shopee.py
[2026-05-27T01:57:50.115+0000] {processor.py:830} INFO - Processing file /opt/airflow/dags/playwright_shopee.py for tasks to queue
[2026-05-27T01:57:50.118+0000] {logging_mixin.py:188} INFO - [2026-05-27T01:57:50.118+0000] {dagbag.py:545} INFO - Filling up the DagBag from /opt/airflow/dags/playwright_shopee.py
[2026-05-27T01:57:50.774+0000] {logging_mixin.py:188} INFO - 🌐 Membuka Chromium...
[2026-05-27T01:57:51.194+0000] {logging_mixin.py:188} INFO - 🍪 Inject cookies Shopee...
[2026-05-27T01:57:51.202+0000] {logging_mixin.py:188} INFO - ✅ 16 cookies berhasil diload dari /opt/airflow/dags/shopee_cookies.json
[2026-05-27T01:57:51.382+0000] {logging_mixin.py:188} INFO - 🌍 Membuka Shopee search...
[2026-05-27T01:58:01.444+0000] {logging_mixin.py:188} INFO - 📄 URL   : https://shopee.co.id/search?keyword=msi%20gaming
[2026-05-27T01:58:01.857+0000] {logging_mixin.py:188} INFO - 📄 TITLE : Shopee Indonesia | Situs Belanja Online Terlengkap & Terpercaya
[2026-05-27T01:58:03.959+0000] {logging_mixin.py:188} INFO - ❌ Cookies tidak valid atau sudah expired.
[2026-05-27T01:58:04.123+0000] {logging_mixin.py:188} INFO - [2026-05-27T01:58:04.121+0000] {dagbag.py:355} ERROR - Failed to import: /opt/airflow/dags/playwright_shopee.py
Traceback (most recent call last):
  File "/home/airflow/.local/lib/python3.8/site-packages/airflow/models/dagbag.py", line 351, in parse
    loader.exec_module(new_module)
  File "<frozen importlib._bootstrap_external>", line 843, in exec_module
  File "<frozen importlib._bootstrap>", line 219, in _call_with_frames_removed
  File "/opt/airflow/dags/playwright_shopee.py", line 228, in <module>
    raise RuntimeError("Cookies tidak valid. Export ulang dari Chrome.")
RuntimeError: Cookies tidak valid. Export ulang dari Chrome.
[2026-05-27T01:58:04.124+0000] {processor.py:842} WARNING - No viable dags retrieved from /opt/airflow/dags/playwright_shopee.py
[2026-05-27T01:58:04.155+0000] {processor.py:183} INFO - Processing /opt/airflow/dags/playwright_shopee.py took 14.053 seconds
[2026-05-27T01:58:34.854+0000] {processor.py:161} INFO - Started process (PID=3352) to work on /opt/airflow/dags/playwright_shopee.py
[2026-05-27T01:58:34.856+0000] {processor.py:830} INFO - Processing file /opt/airflow/dags/playwright_shopee.py for tasks to queue
[2026-05-27T01:58:34.858+0000] {logging_mixin.py:188} INFO - [2026-05-27T01:58:34.857+0000] {dagbag.py:545} INFO - Filling up the DagBag from /opt/airflow/dags/playwright_shopee.py
[2026-05-27T01:58:35.438+0000] {logging_mixin.py:188} INFO - 🌐 Membuka Chromium...
[2026-05-27T01:58:35.784+0000] {logging_mixin.py:188} INFO - 🍪 Inject cookies Shopee...
[2026-05-27T01:58:35.787+0000] {logging_mixin.py:188} INFO - ✅ 16 cookies berhasil diload dari /opt/airflow/dags/shopee_cookies.json
[2026-05-27T01:58:35.926+0000] {logging_mixin.py:188} INFO - 🌍 Membuka Shopee search...
[2026-05-27T01:58:45.616+0000] {logging_mixin.py:188} INFO - 📄 URL   : https://shopee.co.id/search?keyword=msi%20gaming
[2026-05-27T01:58:45.965+0000] {logging_mixin.py:188} INFO - 📄 TITLE : Shopee Indonesia | Situs Belanja Online Terlengkap & Terpercaya
[2026-05-27T01:58:49.305+0000] {logging_mixin.py:188} INFO - ❌ Cookies tidak valid atau sudah expired.
[2026-05-27T01:58:49.468+0000] {logging_mixin.py:188} INFO - [2026-05-27T01:58:49.466+0000] {dagbag.py:355} ERROR - Failed to import: /opt/airflow/dags/playwright_shopee.py
Traceback (most recent call last):
  File "/home/airflow/.local/lib/python3.8/site-packages/airflow/models/dagbag.py", line 351, in parse
    loader.exec_module(new_module)
  File "<frozen importlib._bootstrap_external>", line 843, in exec_module
  File "<frozen importlib._bootstrap>", line 219, in _call_with_frames_removed
  File "/opt/airflow/dags/playwright_shopee.py", line 228, in <module>
    raise RuntimeError("Cookies tidak valid. Export ulang dari Chrome.")
RuntimeError: Cookies tidak valid. Export ulang dari Chrome.
[2026-05-27T01:58:49.469+0000] {processor.py:842} WARNING - No viable dags retrieved from /opt/airflow/dags/playwright_shopee.py
[2026-05-27T01:58:49.496+0000] {processor.py:183} INFO - Processing /opt/airflow/dags/playwright_shopee.py took 14.650 seconds
[2026-05-27T01:59:19.789+0000] {processor.py:161} INFO - Started process (PID=3487) to work on /opt/airflow/dags/playwright_shopee.py
[2026-05-27T01:59:19.792+0000] {processor.py:830} INFO - Processing file /opt/airflow/dags/playwright_shopee.py for tasks to queue
[2026-05-27T01:59:19.797+0000] {logging_mixin.py:188} INFO - [2026-05-27T01:59:19.796+0000] {dagbag.py:545} INFO - Filling up the DagBag from /opt/airflow/dags/playwright_shopee.py
[2026-05-27T01:59:20.839+0000] {logging_mixin.py:188} INFO - 🌐 Membuka Chromium...
[2026-05-27T01:59:21.577+0000] {logging_mixin.py:188} INFO - 🍪 Inject cookies Shopee...
[2026-05-27T01:59:21.590+0000] {logging_mixin.py:188} INFO - ✅ 16 cookies berhasil diload dari /opt/airflow/dags/shopee_cookies.json
[2026-05-27T01:59:22.207+0000] {logging_mixin.py:188} INFO - 🌍 Membuka Shopee search...
[2026-05-27T01:59:35.260+0000] {logging_mixin.py:188} INFO - 📄 URL   : https://shopee.co.id/search?keyword=msi%20gaming
[2026-05-27T01:59:35.979+0000] {logging_mixin.py:188} INFO - 📄 TITLE : Shopee Indonesia | Situs Belanja Online Terlengkap & Terpercaya
[2026-05-27T01:59:37.463+0000] {logging_mixin.py:188} INFO - ❌ Cookies tidak valid atau sudah expired.
[2026-05-27T01:59:37.639+0000] {logging_mixin.py:188} INFO - [2026-05-27T01:59:37.637+0000] {dagbag.py:355} ERROR - Failed to import: /opt/airflow/dags/playwright_shopee.py
Traceback (most recent call last):
  File "/home/airflow/.local/lib/python3.8/site-packages/airflow/models/dagbag.py", line 351, in parse
    loader.exec_module(new_module)
  File "<frozen importlib._bootstrap_external>", line 843, in exec_module
  File "<frozen importlib._bootstrap>", line 219, in _call_with_frames_removed
  File "/opt/airflow/dags/playwright_shopee.py", line 228, in <module>
    raise RuntimeError("Cookies tidak valid. Export ulang dari Chrome.")
RuntimeError: Cookies tidak valid. Export ulang dari Chrome.
[2026-05-27T01:59:37.641+0000] {processor.py:842} WARNING - No viable dags retrieved from /opt/airflow/dags/playwright_shopee.py
[2026-05-27T01:59:37.678+0000] {processor.py:183} INFO - Processing /opt/airflow/dags/playwright_shopee.py took 17.912 seconds
[2026-05-27T02:00:08.411+0000] {processor.py:161} INFO - Started process (PID=3607) to work on /opt/airflow/dags/playwright_shopee.py
[2026-05-27T02:00:08.413+0000] {processor.py:830} INFO - Processing file /opt/airflow/dags/playwright_shopee.py for tasks to queue
[2026-05-27T02:00:08.417+0000] {logging_mixin.py:188} INFO - [2026-05-27T02:00:08.416+0000] {dagbag.py:545} INFO - Filling up the DagBag from /opt/airflow/dags/playwright_shopee.py
[2026-05-27T02:00:09.575+0000] {logging_mixin.py:188} INFO - 🌐 Membuka Chromium...
[2026-05-27T02:00:10.093+0000] {logging_mixin.py:188} INFO - 🍪 Inject cookies Shopee...
[2026-05-27T02:00:10.100+0000] {logging_mixin.py:188} INFO - ✅ 16 cookies berhasil diload dari /opt/airflow/dags/shopee_cookies.json
[2026-05-27T02:00:10.391+0000] {logging_mixin.py:188} INFO - 🌍 Membuka Shopee search...
[2026-05-27T02:00:20.060+0000] {logging_mixin.py:188} INFO - 📄 URL   : https://shopee.co.id/search?keyword=msi%20gaming
[2026-05-27T02:00:20.486+0000] {logging_mixin.py:188} INFO - 📄 TITLE : Shopee Indonesia | Situs Belanja Online Terlengkap & Terpercaya
[2026-05-27T02:00:22.300+0000] {logging_mixin.py:188} INFO - ❌ Cookies tidak valid atau sudah expired.
[2026-05-27T02:00:22.450+0000] {logging_mixin.py:188} INFO - [2026-05-27T02:00:22.448+0000] {dagbag.py:355} ERROR - Failed to import: /opt/airflow/dags/playwright_shopee.py
Traceback (most recent call last):
  File "/home/airflow/.local/lib/python3.8/site-packages/airflow/models/dagbag.py", line 351, in parse
    loader.exec_module(new_module)
  File "<frozen importlib._bootstrap_external>", line 843, in exec_module
  File "<frozen importlib._bootstrap>", line 219, in _call_with_frames_removed
  File "/opt/airflow/dags/playwright_shopee.py", line 228, in <module>
    raise RuntimeError("Cookies tidak valid. Export ulang dari Chrome.")
RuntimeError: Cookies tidak valid. Export ulang dari Chrome.
[2026-05-27T02:00:22.451+0000] {processor.py:842} WARNING - No viable dags retrieved from /opt/airflow/dags/playwright_shopee.py
[2026-05-27T02:00:22.478+0000] {processor.py:183} INFO - Processing /opt/airflow/dags/playwright_shopee.py took 14.084 seconds
[2026-05-27T02:00:53.293+0000] {processor.py:161} INFO - Started process (PID=3741) to work on /opt/airflow/dags/playwright_shopee.py
[2026-05-27T02:00:53.295+0000] {processor.py:830} INFO - Processing file /opt/airflow/dags/playwright_shopee.py for tasks to queue
[2026-05-27T02:00:53.299+0000] {logging_mixin.py:188} INFO - [2026-05-27T02:00:53.298+0000] {dagbag.py:545} INFO - Filling up the DagBag from /opt/airflow/dags/playwright_shopee.py
[2026-05-27T02:00:54.096+0000] {logging_mixin.py:188} INFO - 🌐 Membuka Chromium...
[2026-05-27T02:00:54.397+0000] {logging_mixin.py:188} INFO - 🍪 Inject cookies Shopee...
[2026-05-27T02:00:54.401+0000] {logging_mixin.py:188} INFO - ✅ 16 cookies berhasil diload dari /opt/airflow/dags/shopee_cookies.json
[2026-05-27T02:00:54.603+0000] {logging_mixin.py:188} INFO - 🌍 Membuka Shopee search...
[2026-05-27T02:01:02.110+0000] {logging_mixin.py:188} INFO - 📄 URL   : https://shopee.co.id/search?keyword=msi%20gaming
[2026-05-27T02:01:02.201+0000] {logging_mixin.py:188} INFO - 📄 TITLE : Shopee Indonesia | Situs Belanja Online Terlengkap & Terpercaya
[2026-05-27T02:01:03.373+0000] {logging_mixin.py:188} INFO - ❌ Cookies tidak valid atau sudah expired.
[2026-05-27T02:01:03.549+0000] {logging_mixin.py:188} INFO - [2026-05-27T02:01:03.547+0000] {dagbag.py:355} ERROR - Failed to import: /opt/airflow/dags/playwright_shopee.py
Traceback (most recent call last):
  File "/home/airflow/.local/lib/python3.8/site-packages/airflow/models/dagbag.py", line 351, in parse
    loader.exec_module(new_module)
  File "<frozen importlib._bootstrap_external>", line 843, in exec_module
  File "<frozen importlib._bootstrap>", line 219, in _call_with_frames_removed
  File "/opt/airflow/dags/playwright_shopee.py", line 228, in <module>
    raise RuntimeError("Cookies tidak valid. Export ulang dari Chrome.")
RuntimeError: Cookies tidak valid. Export ulang dari Chrome.
[2026-05-27T02:01:03.552+0000] {processor.py:842} WARNING - No viable dags retrieved from /opt/airflow/dags/playwright_shopee.py
[2026-05-27T02:01:03.600+0000] {processor.py:183} INFO - Processing /opt/airflow/dags/playwright_shopee.py took 10.322 seconds
[2026-05-27T02:01:34.343+0000] {processor.py:161} INFO - Started process (PID=3863) to work on /opt/airflow/dags/playwright_shopee.py
[2026-05-27T02:01:34.344+0000] {processor.py:830} INFO - Processing file /opt/airflow/dags/playwright_shopee.py for tasks to queue
[2026-05-27T02:01:34.346+0000] {logging_mixin.py:188} INFO - [2026-05-27T02:01:34.346+0000] {dagbag.py:545} INFO - Filling up the DagBag from /opt/airflow/dags/playwright_shopee.py
[2026-05-27T02:01:35.083+0000] {logging_mixin.py:188} INFO - 🌐 Membuka Chromium...
[2026-05-27T02:01:35.353+0000] {logging_mixin.py:188} INFO - 🍪 Inject cookies Shopee...
[2026-05-27T02:01:35.356+0000] {logging_mixin.py:188} INFO - ✅ 16 cookies berhasil diload dari /opt/airflow/dags/shopee_cookies.json
[2026-05-27T02:01:35.499+0000] {logging_mixin.py:188} INFO - 🌍 Membuka Shopee search...
[2026-05-27T02:01:44.554+0000] {logging_mixin.py:188} INFO - 📄 URL   : https://shopee.co.id/search?keyword=msi%20gaming
[2026-05-27T02:01:45.483+0000] {logging_mixin.py:188} INFO - 📄 TITLE : Shopee Indonesia | Situs Belanja Online Terlengkap & Terpercaya
[2026-05-27T02:01:47.570+0000] {logging_mixin.py:188} INFO - ❌ Cookies tidak valid atau sudah expired.
[2026-05-27T02:01:47.717+0000] {logging_mixin.py:188} INFO - [2026-05-27T02:01:47.715+0000] {dagbag.py:355} ERROR - Failed to import: /opt/airflow/dags/playwright_shopee.py
Traceback (most recent call last):
  File "/home/airflow/.local/lib/python3.8/site-packages/airflow/models/dagbag.py", line 351, in parse
    loader.exec_module(new_module)
  File "<frozen importlib._bootstrap_external>", line 843, in exec_module
  File "<frozen importlib._bootstrap>", line 219, in _call_with_frames_removed
  File "/opt/airflow/dags/playwright_shopee.py", line 228, in <module>
    raise RuntimeError("Cookies tidak valid. Export ulang dari Chrome.")
RuntimeError: Cookies tidak valid. Export ulang dari Chrome.
[2026-05-27T02:01:47.719+0000] {processor.py:842} WARNING - No viable dags retrieved from /opt/airflow/dags/playwright_shopee.py
[2026-05-27T02:01:47.750+0000] {processor.py:183} INFO - Processing /opt/airflow/dags/playwright_shopee.py took 13.414 seconds
[2026-05-27T02:02:18.190+0000] {processor.py:161} INFO - Started process (PID=3984) to work on /opt/airflow/dags/playwright_shopee.py
[2026-05-27T02:02:18.191+0000] {processor.py:830} INFO - Processing file /opt/airflow/dags/playwright_shopee.py for tasks to queue
[2026-05-27T02:02:18.195+0000] {logging_mixin.py:188} INFO - [2026-05-27T02:02:18.194+0000] {dagbag.py:545} INFO - Filling up the DagBag from /opt/airflow/dags/playwright_shopee.py
[2026-05-27T02:02:19.331+0000] {logging_mixin.py:188} INFO - 🌐 Membuka Chromium...
[2026-05-27T02:02:19.767+0000] {logging_mixin.py:188} INFO - 🍪 Inject cookies Shopee...
[2026-05-27T02:02:19.773+0000] {logging_mixin.py:188} INFO - ✅ 16 cookies berhasil diload dari /opt/airflow/dags/shopee_cookies.json
[2026-05-27T02:02:19.996+0000] {logging_mixin.py:188} INFO - 🌍 Membuka Shopee search...
[2026-05-27T02:02:26.163+0000] {logging_mixin.py:188} INFO - 📄 URL   : https://shopee.co.id/search?keyword=msi%20gaming
[2026-05-27T02:02:26.667+0000] {logging_mixin.py:188} INFO - 📄 TITLE : Shopee Indonesia | Situs Belanja Online Terlengkap & Terpercaya
[2026-05-27T02:02:28.758+0000] {logging_mixin.py:188} INFO - ❌ Cookies tidak valid atau sudah expired.
[2026-05-27T02:02:28.925+0000] {logging_mixin.py:188} INFO - [2026-05-27T02:02:28.923+0000] {dagbag.py:355} ERROR - Failed to import: /opt/airflow/dags/playwright_shopee.py
Traceback (most recent call last):
  File "/home/airflow/.local/lib/python3.8/site-packages/airflow/models/dagbag.py", line 351, in parse
    loader.exec_module(new_module)
  File "<frozen importlib._bootstrap_external>", line 843, in exec_module
  File "<frozen importlib._bootstrap>", line 219, in _call_with_frames_removed
  File "/opt/airflow/dags/playwright_shopee.py", line 228, in <module>
    raise RuntimeError("Cookies tidak valid. Export ulang dari Chrome.")
RuntimeError: Cookies tidak valid. Export ulang dari Chrome.
[2026-05-27T02:02:28.929+0000] {processor.py:842} WARNING - No viable dags retrieved from /opt/airflow/dags/playwright_shopee.py
[2026-05-27T02:02:28.983+0000] {processor.py:183} INFO - Processing /opt/airflow/dags/playwright_shopee.py took 10.808 seconds
[2026-05-27T02:02:59.330+0000] {processor.py:161} INFO - Started process (PID=4115) to work on /opt/airflow/dags/playwright_shopee.py
[2026-05-27T02:02:59.331+0000] {processor.py:830} INFO - Processing file /opt/airflow/dags/playwright_shopee.py for tasks to queue
[2026-05-27T02:02:59.333+0000] {logging_mixin.py:188} INFO - [2026-05-27T02:02:59.332+0000] {dagbag.py:545} INFO - Filling up the DagBag from /opt/airflow/dags/playwright_shopee.py
[2026-05-27T02:03:00.017+0000] {logging_mixin.py:188} INFO - 🌐 Membuka Chromium...
[2026-05-27T02:03:00.318+0000] {logging_mixin.py:188} INFO - 🍪 Inject cookies Shopee...
[2026-05-27T02:03:00.323+0000] {logging_mixin.py:188} INFO - ✅ 16 cookies berhasil diload dari /opt/airflow/dags/shopee_cookies.json
[2026-05-27T02:03:00.451+0000] {logging_mixin.py:188} INFO - 🌍 Membuka Shopee search...
[2026-05-27T02:03:08.628+0000] {logging_mixin.py:188} INFO - 📄 URL   : https://shopee.co.id/search?keyword=msi%20gaming
[2026-05-27T02:03:08.940+0000] {logging_mixin.py:188} INFO - 📄 TITLE : Shopee Indonesia | Situs Belanja Online Terlengkap & Terpercaya
[2026-05-27T02:03:10.900+0000] {logging_mixin.py:188} INFO - ❌ Cookies tidak valid atau sudah expired.
[2026-05-27T02:03:11.066+0000] {logging_mixin.py:188} INFO - [2026-05-27T02:03:11.064+0000] {dagbag.py:355} ERROR - Failed to import: /opt/airflow/dags/playwright_shopee.py
Traceback (most recent call last):
  File "/home/airflow/.local/lib/python3.8/site-packages/airflow/models/dagbag.py", line 351, in parse
    loader.exec_module(new_module)
  File "<frozen importlib._bootstrap_external>", line 843, in exec_module
  File "<frozen importlib._bootstrap>", line 219, in _call_with_frames_removed
  File "/opt/airflow/dags/playwright_shopee.py", line 228, in <module>
    raise RuntimeError("Cookies tidak valid. Export ulang dari Chrome.")
RuntimeError: Cookies tidak valid. Export ulang dari Chrome.
[2026-05-27T02:03:11.068+0000] {processor.py:842} WARNING - No viable dags retrieved from /opt/airflow/dags/playwright_shopee.py
[2026-05-27T02:03:11.107+0000] {processor.py:183} INFO - Processing /opt/airflow/dags/playwright_shopee.py took 11.819 seconds
[2026-05-27T02:03:41.783+0000] {processor.py:161} INFO - Started process (PID=4238) to work on /opt/airflow/dags/playwright_shopee.py
[2026-05-27T02:03:41.785+0000] {processor.py:830} INFO - Processing file /opt/airflow/dags/playwright_shopee.py for tasks to queue
[2026-05-27T02:03:41.787+0000] {logging_mixin.py:188} INFO - [2026-05-27T02:03:41.787+0000] {dagbag.py:545} INFO - Filling up the DagBag from /opt/airflow/dags/playwright_shopee.py
[2026-05-27T02:03:42.427+0000] {logging_mixin.py:188} INFO - 🌐 Membuka Chromium...
[2026-05-27T02:03:42.780+0000] {logging_mixin.py:188} INFO - 🍪 Inject cookies Shopee...
[2026-05-27T02:03:42.784+0000] {logging_mixin.py:188} INFO - ✅ 16 cookies berhasil diload dari /opt/airflow/dags/shopee_cookies.json
[2026-05-27T02:03:42.956+0000] {logging_mixin.py:188} INFO - 🌍 Membuka Shopee search...
[2026-05-27T02:03:49.659+0000] {logging_mixin.py:188} INFO - 📄 URL   : https://shopee.co.id/search?keyword=msi%20gaming
[2026-05-27T02:03:49.886+0000] {logging_mixin.py:188} INFO - 📄 TITLE : Shopee Indonesia | Situs Belanja Online Terlengkap & Terpercaya
[2026-05-27T02:03:52.022+0000] {logging_mixin.py:188} INFO - ❌ Cookies tidak valid atau sudah expired.
[2026-05-27T02:03:52.176+0000] {logging_mixin.py:188} INFO - [2026-05-27T02:03:52.174+0000] {dagbag.py:355} ERROR - Failed to import: /opt/airflow/dags/playwright_shopee.py
Traceback (most recent call last):
  File "/home/airflow/.local/lib/python3.8/site-packages/airflow/models/dagbag.py", line 351, in parse
    loader.exec_module(new_module)
  File "<frozen importlib._bootstrap_external>", line 843, in exec_module
  File "<frozen importlib._bootstrap>", line 219, in _call_with_frames_removed
  File "/opt/airflow/dags/playwright_shopee.py", line 228, in <module>
    raise RuntimeError("Cookies tidak valid. Export ulang dari Chrome.")
RuntimeError: Cookies tidak valid. Export ulang dari Chrome.
[2026-05-27T02:03:52.177+0000] {processor.py:842} WARNING - No viable dags retrieved from /opt/airflow/dags/playwright_shopee.py
[2026-05-27T02:03:52.208+0000] {processor.py:183} INFO - Processing /opt/airflow/dags/playwright_shopee.py took 10.435 seconds
[2026-05-27T02:04:22.485+0000] {processor.py:161} INFO - Started process (PID=4369) to work on /opt/airflow/dags/playwright_shopee.py
[2026-05-27T02:04:22.486+0000] {processor.py:830} INFO - Processing file /opt/airflow/dags/playwright_shopee.py for tasks to queue
[2026-05-27T02:04:22.488+0000] {logging_mixin.py:188} INFO - [2026-05-27T02:04:22.488+0000] {dagbag.py:545} INFO - Filling up the DagBag from /opt/airflow/dags/playwright_shopee.py
[2026-05-27T02:04:23.272+0000] {logging_mixin.py:188} INFO - 🌐 Membuka Chromium...
[2026-05-27T02:04:23.606+0000] {logging_mixin.py:188} INFO - 🍪 Inject cookies Shopee...
[2026-05-27T02:04:23.610+0000] {logging_mixin.py:188} INFO - ✅ 16 cookies berhasil diload dari /opt/airflow/dags/shopee_cookies.json
[2026-05-27T02:04:23.757+0000] {logging_mixin.py:188} INFO - 🌍 Membuka Shopee search...
[2026-05-27T02:04:30.974+0000] {logging_mixin.py:188} INFO - 📄 URL   : https://shopee.co.id/search?keyword=msi%20gaming
[2026-05-27T02:04:31.495+0000] {logging_mixin.py:188} INFO - 📄 TITLE : Shopee Indonesia | Situs Belanja Online Terlengkap & Terpercaya
[2026-05-27T02:04:33.368+0000] {logging_mixin.py:188} INFO - ❌ Cookies tidak valid atau sudah expired.
[2026-05-27T02:04:33.530+0000] {logging_mixin.py:188} INFO - [2026-05-27T02:04:33.527+0000] {dagbag.py:355} ERROR - Failed to import: /opt/airflow/dags/playwright_shopee.py
Traceback (most recent call last):
  File "/home/airflow/.local/lib/python3.8/site-packages/airflow/models/dagbag.py", line 351, in parse
    loader.exec_module(new_module)
  File "<frozen importlib._bootstrap_external>", line 843, in exec_module
  File "<frozen importlib._bootstrap>", line 219, in _call_with_frames_removed
  File "/opt/airflow/dags/playwright_shopee.py", line 228, in <module>
    raise RuntimeError("Cookies tidak valid. Export ulang dari Chrome.")
RuntimeError: Cookies tidak valid. Export ulang dari Chrome.
[2026-05-27T02:04:33.532+0000] {processor.py:842} WARNING - No viable dags retrieved from /opt/airflow/dags/playwright_shopee.py
[2026-05-27T02:04:33.569+0000] {processor.py:183} INFO - Processing /opt/airflow/dags/playwright_shopee.py took 11.094 seconds
[2026-05-27T02:05:04.006+0000] {processor.py:161} INFO - Started process (PID=4509) to work on /opt/airflow/dags/playwright_shopee.py
[2026-05-27T02:05:04.006+0000] {processor.py:830} INFO - Processing file /opt/airflow/dags/playwright_shopee.py for tasks to queue
[2026-05-27T02:05:04.008+0000] {logging_mixin.py:188} INFO - [2026-05-27T02:05:04.008+0000] {dagbag.py:545} INFO - Filling up the DagBag from /opt/airflow/dags/playwright_shopee.py
[2026-05-27T02:05:04.600+0000] {logging_mixin.py:188} INFO - 🌐 Membuka Chromium...
[2026-05-27T02:05:04.980+0000] {logging_mixin.py:188} INFO - 🍪 Inject cookies Shopee...
[2026-05-27T02:05:04.983+0000] {logging_mixin.py:188} INFO - ✅ 16 cookies berhasil diload dari /opt/airflow/dags/shopee_cookies.json
[2026-05-27T02:05:05.202+0000] {logging_mixin.py:188} INFO - 🌍 Membuka Shopee search...
[2026-05-27T02:05:11.557+0000] {logging_mixin.py:188} INFO - 📄 URL   : https://shopee.co.id/search?keyword=msi%20gaming
[2026-05-27T02:05:11.895+0000] {logging_mixin.py:188} INFO - 📄 TITLE : Shopee Indonesia | Situs Belanja Online Terlengkap & Terpercaya
[2026-05-27T02:05:13.115+0000] {logging_mixin.py:188} INFO - ❌ Cookies tidak valid atau sudah expired.
[2026-05-27T02:05:13.260+0000] {logging_mixin.py:188} INFO - [2026-05-27T02:05:13.256+0000] {dagbag.py:355} ERROR - Failed to import: /opt/airflow/dags/playwright_shopee.py
Traceback (most recent call last):
  File "/home/airflow/.local/lib/python3.8/site-packages/airflow/models/dagbag.py", line 351, in parse
    loader.exec_module(new_module)
  File "<frozen importlib._bootstrap_external>", line 843, in exec_module
  File "<frozen importlib._bootstrap>", line 219, in _call_with_frames_removed
  File "/opt/airflow/dags/playwright_shopee.py", line 228, in <module>
    raise RuntimeError("Cookies tidak valid. Export ulang dari Chrome.")
RuntimeError: Cookies tidak valid. Export ulang dari Chrome.
[2026-05-27T02:05:13.262+0000] {processor.py:842} WARNING - No viable dags retrieved from /opt/airflow/dags/playwright_shopee.py
[2026-05-27T02:05:13.299+0000] {processor.py:183} INFO - Processing /opt/airflow/dags/playwright_shopee.py took 9.299 seconds
[2026-05-27T02:05:43.788+0000] {processor.py:161} INFO - Started process (PID=4633) to work on /opt/airflow/dags/playwright_shopee.py
[2026-05-27T02:05:43.789+0000] {processor.py:830} INFO - Processing file /opt/airflow/dags/playwright_shopee.py for tasks to queue
[2026-05-27T02:05:43.792+0000] {logging_mixin.py:188} INFO - [2026-05-27T02:05:43.791+0000] {dagbag.py:545} INFO - Filling up the DagBag from /opt/airflow/dags/playwright_shopee.py
[2026-05-27T02:05:44.357+0000] {logging_mixin.py:188} INFO - 🌐 Membuka Chromium...
[2026-05-27T02:05:44.745+0000] {logging_mixin.py:188} INFO - 🍪 Inject cookies Shopee...
[2026-05-27T02:05:44.750+0000] {logging_mixin.py:188} INFO - ✅ 16 cookies berhasil diload dari /opt/airflow/dags/shopee_cookies.json
[2026-05-27T02:05:44.888+0000] {logging_mixin.py:188} INFO - 🌍 Membuka Shopee search...
[2026-05-27T02:05:51.906+0000] {logging_mixin.py:188} INFO - 📄 URL   : https://shopee.co.id/search?keyword=msi%20gaming
[2026-05-27T02:05:52.921+0000] {logging_mixin.py:188} INFO - 📄 TITLE : Shopee Indonesia | Situs Belanja Online Terlengkap & Terpercaya
[2026-05-27T02:05:53.817+0000] {logging_mixin.py:188} INFO - ❌ Cookies tidak valid atau sudah expired.
[2026-05-27T02:05:53.955+0000] {logging_mixin.py:188} INFO - [2026-05-27T02:05:53.954+0000] {dagbag.py:355} ERROR - Failed to import: /opt/airflow/dags/playwright_shopee.py
Traceback (most recent call last):
  File "/home/airflow/.local/lib/python3.8/site-packages/airflow/models/dagbag.py", line 351, in parse
    loader.exec_module(new_module)
  File "<frozen importlib._bootstrap_external>", line 843, in exec_module
  File "<frozen importlib._bootstrap>", line 219, in _call_with_frames_removed
  File "/opt/airflow/dags/playwright_shopee.py", line 228, in <module>
    raise RuntimeError("Cookies tidak valid. Export ulang dari Chrome.")
RuntimeError: Cookies tidak valid. Export ulang dari Chrome.
[2026-05-27T02:05:53.957+0000] {processor.py:842} WARNING - No viable dags retrieved from /opt/airflow/dags/playwright_shopee.py
[2026-05-27T02:05:53.983+0000] {processor.py:183} INFO - Processing /opt/airflow/dags/playwright_shopee.py took 10.205 seconds
[2026-05-27T02:06:24.527+0000] {processor.py:161} INFO - Started process (PID=4739) to work on /opt/airflow/dags/playwright_shopee.py
[2026-05-27T02:06:24.528+0000] {processor.py:830} INFO - Processing file /opt/airflow/dags/playwright_shopee.py for tasks to queue
[2026-05-27T02:06:24.530+0000] {logging_mixin.py:188} INFO - [2026-05-27T02:06:24.530+0000] {dagbag.py:545} INFO - Filling up the DagBag from /opt/airflow/dags/playwright_shopee.py
[2026-05-27T02:06:25.362+0000] {logging_mixin.py:188} INFO - 🌐 Membuka Chromium...
[2026-05-27T02:06:25.667+0000] {logging_mixin.py:188} INFO - 🍪 Inject cookies Shopee...
[2026-05-27T02:06:25.674+0000] {logging_mixin.py:188} INFO - ✅ 16 cookies berhasil diload dari /opt/airflow/dags/shopee_cookies.json
[2026-05-27T02:06:25.849+0000] {logging_mixin.py:188} INFO - 🌍 Membuka Shopee search...
[2026-05-27T02:06:31.890+0000] {logging_mixin.py:188} INFO - 📄 URL   : https://shopee.co.id/search?keyword=msi%20gaming
[2026-05-27T02:06:32.010+0000] {logging_mixin.py:188} INFO - 📄 TITLE : Shopee Indonesia | Situs Belanja Online Terlengkap & Terpercaya
[2026-05-27T02:06:34.724+0000] {logging_mixin.py:188} INFO - ✅ Session valid, mulai scraping...
[2026-05-27T02:06:34.751+0000] {logging_mixin.py:188} INFO - [2026-05-27T02:06:34.742+0000] {logger.py:96} INFO - {"message": "Waiting for suitable server to become available", "selector": "<function writable_server_selector at 0x7fedaab57820>", "operation": "createIndexes", "topologyDescription": "<TopologyDescription id: 6a1651aa8ebfffb719a7f272, topology_type: Unknown, servers: [<ServerDescription ('mongodb', 27017) server_type: Unknown, rtt: None>]>", "clientId": {"$oid": "6a1651aa8ebfffb719a7f272"}, "remainingTimeMS": 29}
[2026-05-27T02:06:34.802+0000] {logging_mixin.py:188} INFO - ✅ Terhubung MongoDB: shopee_raw.products
[2026-05-27T02:06:34.805+0000] {logging_mixin.py:188} INFO - 
=================================
[2026-05-27T02:06:34.806+0000] {logging_mixin.py:188} INFO - 📄 PAGE 1/5
[2026-05-27T02:06:34.810+0000] {logging_mixin.py:188} INFO - =================================
[2026-05-27T02:06:34.811+0000] {logging_mixin.py:188} INFO - 🌍 https://shopee.co.id/search?keyword=msi%20gaming&page=0
[2026-05-27T02:06:41.301+0000] {logging_mixin.py:188} INFO - 🖱️ Scrolling...
[2026-05-27T02:06:54.539+0000] {logging_mixin.py:188} INFO - [2026-05-27T02:06:54.538+0000] {timeout.py:68} ERROR - Process timed out, PID: 4739
[2026-05-27T02:07:25.070+0000] {processor.py:161} INFO - Started process (PID=4880) to work on /opt/airflow/dags/playwright_shopee.py
[2026-05-27T02:07:25.071+0000] {processor.py:830} INFO - Processing file /opt/airflow/dags/playwright_shopee.py for tasks to queue
[2026-05-27T02:07:25.073+0000] {logging_mixin.py:188} INFO - [2026-05-27T02:07:25.072+0000] {dagbag.py:545} INFO - Filling up the DagBag from /opt/airflow/dags/playwright_shopee.py
[2026-05-27T02:07:25.716+0000] {logging_mixin.py:188} INFO - 🌐 Membuka Chromium...
[2026-05-27T02:07:26.046+0000] {logging_mixin.py:188} INFO - 🍪 Inject cookies Shopee...
[2026-05-27T02:07:26.051+0000] {logging_mixin.py:188} INFO - ✅ 16 cookies berhasil diload dari /opt/airflow/dags/shopee_cookies.json
[2026-05-27T02:07:26.177+0000] {logging_mixin.py:188} INFO - 🌍 Membuka Shopee search...
[2026-05-27T02:07:35.541+0000] {logging_mixin.py:188} INFO - 📄 URL   : https://shopee.co.id/search?keyword=msi%20gaming
[2026-05-27T02:07:36.232+0000] {logging_mixin.py:188} INFO - 📄 TITLE : Jual msi gaming Harga Terbaik & Termurah Mei 2026 | Shopee Indonesia
[2026-05-27T02:07:37.182+0000] {logging_mixin.py:188} INFO - ❌ Kena traffic verify — cookies mungkin expired.
[2026-05-27T02:07:37.183+0000] {logging_mixin.py:188} INFO - ⚠️  Export ulang cookies dari Chrome dan update shopee_cookies.json
[2026-05-27T02:07:40.592+0000] {logging_mixin.py:188} INFO - [2026-05-27T02:07:40.591+0000] {dagbag.py:355} ERROR - Failed to import: /opt/airflow/dags/playwright_shopee.py
Traceback (most recent call last):
  File "/home/airflow/.local/lib/python3.8/site-packages/airflow/models/dagbag.py", line 351, in parse
    loader.exec_module(new_module)
  File "<frozen importlib._bootstrap_external>", line 843, in exec_module
  File "<frozen importlib._bootstrap>", line 219, in _call_with_frames_removed
  File "/opt/airflow/dags/playwright_shopee.py", line 218, in <module>
    raise RuntimeError(
RuntimeError: Shopee traffic verify detected. Update shopee_cookies.json dari Cookie-Editor.
[2026-05-27T02:07:40.594+0000] {processor.py:842} WARNING - No viable dags retrieved from /opt/airflow/dags/playwright_shopee.py
[2026-05-27T02:07:40.624+0000] {processor.py:183} INFO - Processing /opt/airflow/dags/playwright_shopee.py took 15.561 seconds
[2026-05-27T02:08:11.150+0000] {processor.py:161} INFO - Started process (PID=5010) to work on /opt/airflow/dags/playwright_shopee.py
[2026-05-27T02:08:11.151+0000] {processor.py:830} INFO - Processing file /opt/airflow/dags/playwright_shopee.py for tasks to queue
[2026-05-27T02:08:11.153+0000] {logging_mixin.py:188} INFO - [2026-05-27T02:08:11.153+0000] {dagbag.py:545} INFO - Filling up the DagBag from /opt/airflow/dags/playwright_shopee.py
[2026-05-27T02:08:11.803+0000] {logging_mixin.py:188} INFO - 🌐 Membuka Chromium...
[2026-05-27T02:08:12.059+0000] {logging_mixin.py:188} INFO - 🍪 Inject cookies Shopee...
[2026-05-27T02:08:12.063+0000] {logging_mixin.py:188} INFO - ✅ 16 cookies berhasil diload dari /opt/airflow/dags/shopee_cookies.json
[2026-05-27T02:08:12.212+0000] {logging_mixin.py:188} INFO - 🌍 Membuka Shopee search...
[2026-05-27T02:08:18.001+0000] {logging_mixin.py:188} INFO - 📄 URL   : https://shopee.co.id/search?keyword=msi%20gaming
[2026-05-27T02:08:18.333+0000] {logging_mixin.py:188} INFO - 📄 TITLE : Shopee Indonesia | Situs Belanja Online Terlengkap & Terpercaya
[2026-05-27T02:08:19.320+0000] {logging_mixin.py:188} INFO - ❌ Cookies tidak valid atau sudah expired.
[2026-05-27T02:08:19.496+0000] {logging_mixin.py:188} INFO - [2026-05-27T02:08:19.493+0000] {dagbag.py:355} ERROR - Failed to import: /opt/airflow/dags/playwright_shopee.py
Traceback (most recent call last):
  File "/home/airflow/.local/lib/python3.8/site-packages/airflow/models/dagbag.py", line 351, in parse
    loader.exec_module(new_module)
  File "<frozen importlib._bootstrap_external>", line 843, in exec_module
  File "<frozen importlib._bootstrap>", line 219, in _call_with_frames_removed
  File "/opt/airflow/dags/playwright_shopee.py", line 228, in <module>
    raise RuntimeError("Cookies tidak valid. Export ulang dari Chrome.")
RuntimeError: Cookies tidak valid. Export ulang dari Chrome.
[2026-05-27T02:08:19.499+0000] {processor.py:842} WARNING - No viable dags retrieved from /opt/airflow/dags/playwright_shopee.py
[2026-05-27T02:08:19.523+0000] {processor.py:183} INFO - Processing /opt/airflow/dags/playwright_shopee.py took 8.381 seconds
[2026-05-27T02:08:49.911+0000] {processor.py:161} INFO - Started process (PID=5116) to work on /opt/airflow/dags/playwright_shopee.py
[2026-05-27T02:08:49.913+0000] {processor.py:830} INFO - Processing file /opt/airflow/dags/playwright_shopee.py for tasks to queue
[2026-05-27T02:08:49.915+0000] {logging_mixin.py:188} INFO - [2026-05-27T02:08:49.915+0000] {dagbag.py:545} INFO - Filling up the DagBag from /opt/airflow/dags/playwright_shopee.py
[2026-05-27T02:08:50.469+0000] {logging_mixin.py:188} INFO - 🌐 Membuka Chromium...
[2026-05-27T02:08:50.675+0000] {logging_mixin.py:188} INFO - 🍪 Inject cookies Shopee...
[2026-05-27T02:08:50.679+0000] {logging_mixin.py:188} INFO - ✅ 16 cookies berhasil diload dari /opt/airflow/dags/shopee_cookies.json
[2026-05-27T02:08:50.798+0000] {logging_mixin.py:188} INFO - 🌍 Membuka Shopee search...
[2026-05-27T02:08:57.705+0000] {logging_mixin.py:188} INFO - 📄 URL   : https://shopee.co.id/search?keyword=msi%20gaming
[2026-05-27T02:08:58.398+0000] {logging_mixin.py:188} INFO - 📄 TITLE : Shopee Indonesia | Situs Belanja Online Terlengkap & Terpercaya
[2026-05-27T02:08:59.307+0000] {logging_mixin.py:188} INFO - ❌ Cookies tidak valid atau sudah expired.
[2026-05-27T02:08:59.436+0000] {logging_mixin.py:188} INFO - [2026-05-27T02:08:59.434+0000] {dagbag.py:355} ERROR - Failed to import: /opt/airflow/dags/playwright_shopee.py
Traceback (most recent call last):
  File "/home/airflow/.local/lib/python3.8/site-packages/airflow/models/dagbag.py", line 351, in parse
    loader.exec_module(new_module)
  File "<frozen importlib._bootstrap_external>", line 843, in exec_module
  File "<frozen importlib._bootstrap>", line 219, in _call_with_frames_removed
  File "/opt/airflow/dags/playwright_shopee.py", line 228, in <module>
    raise RuntimeError("Cookies tidak valid. Export ulang dari Chrome.")
RuntimeError: Cookies tidak valid. Export ulang dari Chrome.
[2026-05-27T02:08:59.437+0000] {processor.py:842} WARNING - No viable dags retrieved from /opt/airflow/dags/playwright_shopee.py
[2026-05-27T02:08:59.463+0000] {processor.py:183} INFO - Processing /opt/airflow/dags/playwright_shopee.py took 9.577 seconds
[2026-05-27T02:09:29.760+0000] {processor.py:161} INFO - Started process (PID=5223) to work on /opt/airflow/dags/playwright_shopee.py
[2026-05-27T02:09:29.761+0000] {processor.py:830} INFO - Processing file /opt/airflow/dags/playwright_shopee.py for tasks to queue
[2026-05-27T02:09:29.763+0000] {logging_mixin.py:188} INFO - [2026-05-27T02:09:29.762+0000] {dagbag.py:545} INFO - Filling up the DagBag from /opt/airflow/dags/playwright_shopee.py
[2026-05-27T02:09:30.326+0000] {logging_mixin.py:188} INFO - 🌐 Membuka Chromium...
[2026-05-27T02:09:30.569+0000] {logging_mixin.py:188} INFO - 🍪 Inject cookies Shopee...
[2026-05-27T02:09:30.573+0000] {logging_mixin.py:188} INFO - ✅ 16 cookies berhasil diload dari /opt/airflow/dags/shopee_cookies.json
[2026-05-27T02:09:30.711+0000] {logging_mixin.py:188} INFO - 🌍 Membuka Shopee search...
[2026-05-27T02:09:45.498+0000] {logging_mixin.py:188} INFO - 📄 URL   : https://shopee.co.id/search?keyword=msi%20gaming
[2026-05-27T02:09:46.290+0000] {logging_mixin.py:188} INFO - [2026-05-27T02:09:46.287+0000] {dagbag.py:355} ERROR - Failed to import: /opt/airflow/dags/playwright_shopee.py
Traceback (most recent call last):
  File "/home/airflow/.local/lib/python3.8/site-packages/airflow/models/dagbag.py", line 351, in parse
    loader.exec_module(new_module)
  File "<frozen importlib._bootstrap_external>", line 843, in exec_module
  File "<frozen importlib._bootstrap>", line 219, in _call_with_frames_removed
  File "/opt/airflow/dags/playwright_shopee.py", line 208, in <module>
    print("📄 TITLE :", page.title())
  File "/home/airflow/.local/lib/python3.8/site-packages/playwright/sync_api/_generated.py", line 9407, in title
    return mapping.from_maybe_impl(self._sync(self._impl_obj.title()))
  File "/home/airflow/.local/lib/python3.8/site-packages/playwright/_impl/_sync_base.py", line 115, in _sync
    return task.result()
  File "/home/airflow/.local/lib/python3.8/site-packages/playwright/_impl/_page.py", line 742, in title
    return await self._main_frame.title()
  File "/home/airflow/.local/lib/python3.8/site-packages/playwright/_impl/_frame.py", line 776, in title
    return await self._channel.send("title")
  File "/home/airflow/.local/lib/python3.8/site-packages/playwright/_impl/_connection.py", line 59, in send
    return await self._connection.wrap_api_call(
  File "/home/airflow/.local/lib/python3.8/site-packages/playwright/_impl/_connection.py", line 514, in wrap_api_call
    raise rewrite_error(error, f"{parsed_st['apiName']}: {error}") from None
playwright._impl._errors.Error: Page.title: Execution context was destroyed, most likely because of a navigation
[2026-05-27T02:09:46.291+0000] {processor.py:842} WARNING - No viable dags retrieved from /opt/airflow/dags/playwright_shopee.py
[2026-05-27T02:09:46.315+0000] {processor.py:183} INFO - Processing /opt/airflow/dags/playwright_shopee.py took 16.560 seconds
[2026-05-27T02:10:16.964+0000] {processor.py:161} INFO - Started process (PID=5357) to work on /opt/airflow/dags/playwright_shopee.py
[2026-05-27T02:10:16.965+0000] {processor.py:830} INFO - Processing file /opt/airflow/dags/playwright_shopee.py for tasks to queue
[2026-05-27T02:10:16.971+0000] {logging_mixin.py:188} INFO - [2026-05-27T02:10:16.971+0000] {dagbag.py:545} INFO - Filling up the DagBag from /opt/airflow/dags/playwright_shopee.py
[2026-05-27T02:10:17.471+0000] {logging_mixin.py:188} INFO - 🌐 Membuka Chromium...
[2026-05-27T02:10:17.692+0000] {logging_mixin.py:188} INFO - 🍪 Inject cookies Shopee...
[2026-05-27T02:10:17.694+0000] {logging_mixin.py:188} INFO - ✅ 16 cookies berhasil diload dari /opt/airflow/dags/shopee_cookies.json
[2026-05-27T02:10:17.802+0000] {logging_mixin.py:188} INFO - 🌍 Membuka Shopee search...
[2026-05-27T02:10:27.220+0000] {logging_mixin.py:188} INFO - 📄 URL   : https://shopee.co.id/search?keyword=msi%20gaming
[2026-05-27T02:10:27.419+0000] {logging_mixin.py:188} INFO - 📄 TITLE : Shopee Indonesia | Situs Belanja Online Terlengkap & Terpercaya
[2026-05-27T02:10:29.323+0000] {logging_mixin.py:188} INFO - ❌ Kena traffic verify — cookies mungkin expired.
[2026-05-27T02:10:29.323+0000] {logging_mixin.py:188} INFO - ⚠️  Export ulang cookies dari Chrome dan update shopee_cookies.json
[2026-05-27T02:10:32.887+0000] {logging_mixin.py:188} INFO - [2026-05-27T02:10:32.884+0000] {dagbag.py:355} ERROR - Failed to import: /opt/airflow/dags/playwright_shopee.py
Traceback (most recent call last):
  File "/home/airflow/.local/lib/python3.8/site-packages/airflow/models/dagbag.py", line 351, in parse
    loader.exec_module(new_module)
  File "<frozen importlib._bootstrap_external>", line 843, in exec_module
  File "<frozen importlib._bootstrap>", line 219, in _call_with_frames_removed
  File "/opt/airflow/dags/playwright_shopee.py", line 218, in <module>
    raise RuntimeError(
RuntimeError: Shopee traffic verify detected. Update shopee_cookies.json dari Cookie-Editor.
[2026-05-27T02:10:32.889+0000] {processor.py:842} WARNING - No viable dags retrieved from /opt/airflow/dags/playwright_shopee.py
[2026-05-27T02:10:32.930+0000] {processor.py:183} INFO - Processing /opt/airflow/dags/playwright_shopee.py took 15.977 seconds
[2026-05-27T02:11:03.623+0000] {processor.py:161} INFO - Started process (PID=5488) to work on /opt/airflow/dags/playwright_shopee.py
[2026-05-27T02:11:03.624+0000] {processor.py:830} INFO - Processing file /opt/airflow/dags/playwright_shopee.py for tasks to queue
[2026-05-27T02:11:03.625+0000] {logging_mixin.py:188} INFO - [2026-05-27T02:11:03.625+0000] {dagbag.py:545} INFO - Filling up the DagBag from /opt/airflow/dags/playwright_shopee.py
[2026-05-27T02:11:04.257+0000] {logging_mixin.py:188} INFO - 🌐 Membuka Chromium...
[2026-05-27T02:11:04.580+0000] {logging_mixin.py:188} INFO - 🍪 Inject cookies Shopee...
[2026-05-27T02:11:04.583+0000] {logging_mixin.py:188} INFO - ✅ 16 cookies berhasil diload dari /opt/airflow/dags/shopee_cookies.json
[2026-05-27T02:11:04.689+0000] {logging_mixin.py:188} INFO - 🌍 Membuka Shopee search...
[2026-05-27T02:11:13.251+0000] {logging_mixin.py:188} INFO - 📄 URL   : https://shopee.co.id/search?keyword=msi%20gaming
[2026-05-27T02:11:13.590+0000] {logging_mixin.py:188} INFO - 📄 TITLE : Shopee Indonesia | Situs Belanja Online Terlengkap & Terpercaya
[2026-05-27T02:11:14.384+0000] {logging_mixin.py:188} INFO - ❌ Cookies tidak valid atau sudah expired.
[2026-05-27T02:11:14.498+0000] {logging_mixin.py:188} INFO - [2026-05-27T02:11:14.497+0000] {dagbag.py:355} ERROR - Failed to import: /opt/airflow/dags/playwright_shopee.py
Traceback (most recent call last):
  File "/home/airflow/.local/lib/python3.8/site-packages/airflow/models/dagbag.py", line 351, in parse
    loader.exec_module(new_module)
  File "<frozen importlib._bootstrap_external>", line 843, in exec_module
  File "<frozen importlib._bootstrap>", line 219, in _call_with_frames_removed
  File "/opt/airflow/dags/playwright_shopee.py", line 228, in <module>
    raise RuntimeError("Cookies tidak valid. Export ulang dari Chrome.")
RuntimeError: Cookies tidak valid. Export ulang dari Chrome.
[2026-05-27T02:11:14.500+0000] {processor.py:842} WARNING - No viable dags retrieved from /opt/airflow/dags/playwright_shopee.py
[2026-05-27T02:11:14.526+0000] {processor.py:183} INFO - Processing /opt/airflow/dags/playwright_shopee.py took 10.909 seconds
[2026-05-27T02:11:44.627+0000] {processor.py:161} INFO - Started process (PID=5610) to work on /opt/airflow/dags/playwright_shopee.py
[2026-05-27T02:11:44.629+0000] {processor.py:830} INFO - Processing file /opt/airflow/dags/playwright_shopee.py for tasks to queue
[2026-05-27T02:11:44.631+0000] {logging_mixin.py:188} INFO - [2026-05-27T02:11:44.630+0000] {dagbag.py:545} INFO - Filling up the DagBag from /opt/airflow/dags/playwright_shopee.py
[2026-05-27T02:11:45.205+0000] {logging_mixin.py:188} INFO - 🌐 Membuka Chromium...
[2026-05-27T02:11:45.455+0000] {logging_mixin.py:188} INFO - 🍪 Inject cookies Shopee...
[2026-05-27T02:11:45.457+0000] {logging_mixin.py:188} INFO - ✅ 16 cookies berhasil diload dari /opt/airflow/dags/shopee_cookies.json
[2026-05-27T02:11:45.563+0000] {logging_mixin.py:188} INFO - 🌍 Membuka Shopee search...
[2026-05-27T02:11:53.482+0000] {logging_mixin.py:188} INFO - 📄 URL   : https://shopee.co.id/search?keyword=msi%20gaming
[2026-05-27T02:11:53.710+0000] {logging_mixin.py:188} INFO - 📄 TITLE : Shopee Indonesia | Situs Belanja Online Terlengkap & Terpercaya
[2026-05-27T02:11:55.518+0000] {logging_mixin.py:188} INFO - ❌ Kena traffic verify — cookies mungkin expired.
[2026-05-27T02:11:55.519+0000] {logging_mixin.py:188} INFO - ⚠️  Export ulang cookies dari Chrome dan update shopee_cookies.json
[2026-05-27T02:11:58.650+0000] {logging_mixin.py:188} INFO - [2026-05-27T02:11:58.649+0000] {dagbag.py:355} ERROR - Failed to import: /opt/airflow/dags/playwright_shopee.py
Traceback (most recent call last):
  File "/home/airflow/.local/lib/python3.8/site-packages/airflow/models/dagbag.py", line 351, in parse
    loader.exec_module(new_module)
  File "<frozen importlib._bootstrap_external>", line 843, in exec_module
  File "<frozen importlib._bootstrap>", line 219, in _call_with_frames_removed
  File "/opt/airflow/dags/playwright_shopee.py", line 218, in <module>
    raise RuntimeError(
RuntimeError: Shopee traffic verify detected. Update shopee_cookies.json dari Cookie-Editor.
[2026-05-27T02:11:58.651+0000] {processor.py:842} WARNING - No viable dags retrieved from /opt/airflow/dags/playwright_shopee.py
[2026-05-27T02:11:58.681+0000] {processor.py:183} INFO - Processing /opt/airflow/dags/playwright_shopee.py took 14.060 seconds
[2026-05-27T02:12:29.029+0000] {processor.py:161} INFO - Started process (PID=5734) to work on /opt/airflow/dags/playwright_shopee.py
[2026-05-27T02:12:29.030+0000] {processor.py:830} INFO - Processing file /opt/airflow/dags/playwright_shopee.py for tasks to queue
[2026-05-27T02:12:29.032+0000] {logging_mixin.py:188} INFO - [2026-05-27T02:12:29.031+0000] {dagbag.py:545} INFO - Filling up the DagBag from /opt/airflow/dags/playwright_shopee.py
[2026-05-27T02:12:29.589+0000] {logging_mixin.py:188} INFO - 🌐 Membuka Chromium...
[2026-05-27T02:12:29.822+0000] {logging_mixin.py:188} INFO - 🍪 Inject cookies Shopee...
[2026-05-27T02:12:29.824+0000] {logging_mixin.py:188} INFO - ✅ 16 cookies berhasil diload dari /opt/airflow/dags/shopee_cookies.json
[2026-05-27T02:12:29.924+0000] {logging_mixin.py:188} INFO - 🌍 Membuka Shopee search...
[2026-05-27T02:12:37.613+0000] {logging_mixin.py:188} INFO - 📄 URL   : https://shopee.co.id/search?keyword=msi%20gaming
[2026-05-27T02:12:37.801+0000] {logging_mixin.py:188} INFO - 📄 TITLE : Shopee Indonesia | Situs Belanja Online Terlengkap & Terpercaya
[2026-05-27T02:12:39.815+0000] {logging_mixin.py:188} INFO - [2026-05-27T02:12:39.813+0000] {dagbag.py:355} ERROR - Failed to import: /opt/airflow/dags/playwright_shopee.py
Traceback (most recent call last):
  File "/home/airflow/.local/lib/python3.8/site-packages/airflow/models/dagbag.py", line 351, in parse
    loader.exec_module(new_module)
  File "<frozen importlib._bootstrap_external>", line 843, in exec_module
  File "<frozen importlib._bootstrap>", line 219, in _call_with_frames_removed
  File "/opt/airflow/dags/playwright_shopee.py", line 224, in <module>
    content = page.content()
  File "/home/airflow/.local/lib/python3.8/site-packages/playwright/sync_api/_generated.py", line 8582, in content
    return mapping.from_maybe_impl(self._sync(self._impl_obj.content()))
  File "/home/airflow/.local/lib/python3.8/site-packages/playwright/_impl/_sync_base.py", line 115, in _sync
    return task.result()
  File "/home/airflow/.local/lib/python3.8/site-packages/playwright/_impl/_page.py", line 502, in content
    return await self._main_frame.content()
  File "/home/airflow/.local/lib/python3.8/site-packages/playwright/_impl/_frame.py", line 416, in content
    return await self._channel.send("content")
  File "/home/airflow/.local/lib/python3.8/site-packages/playwright/_impl/_connection.py", line 59, in send
    return await self._connection.wrap_api_call(
  File "/home/airflow/.local/lib/python3.8/site-packages/playwright/_impl/_connection.py", line 514, in wrap_api_call
    raise rewrite_error(error, f"{parsed_st['apiName']}: {error}") from None
playwright._impl._errors.Error: Page.content: Unable to retrieve content because the page is navigating and changing the content.
[2026-05-27T02:12:39.816+0000] {processor.py:842} WARNING - No viable dags retrieved from /opt/airflow/dags/playwright_shopee.py
[2026-05-27T02:12:39.841+0000] {processor.py:183} INFO - Processing /opt/airflow/dags/playwright_shopee.py took 10.818 seconds
[2026-05-27T02:13:10.052+0000] {processor.py:161} INFO - Started process (PID=5867) to work on /opt/airflow/dags/playwright_shopee.py
[2026-05-27T02:13:10.052+0000] {processor.py:830} INFO - Processing file /opt/airflow/dags/playwright_shopee.py for tasks to queue
[2026-05-27T02:13:10.054+0000] {logging_mixin.py:188} INFO - [2026-05-27T02:13:10.054+0000] {dagbag.py:545} INFO - Filling up the DagBag from /opt/airflow/dags/playwright_shopee.py
[2026-05-27T02:13:10.608+0000] {logging_mixin.py:188} INFO - 🌐 Membuka Chromium...
[2026-05-27T02:13:10.816+0000] {logging_mixin.py:188} INFO - 🍪 Inject cookies Shopee...
[2026-05-27T02:13:10.819+0000] {logging_mixin.py:188} INFO - ✅ 16 cookies berhasil diload dari /opt/airflow/dags/shopee_cookies.json
[2026-05-27T02:13:10.930+0000] {logging_mixin.py:188} INFO - 🌍 Membuka Shopee search...
[2026-05-27T02:13:18.290+0000] {logging_mixin.py:188} INFO - 📄 URL   : https://shopee.co.id/search?keyword=msi%20gaming
[2026-05-27T02:13:18.604+0000] {logging_mixin.py:188} INFO - 📄 TITLE : Shopee Indonesia | Situs Belanja Online Terlengkap & Terpercaya
[2026-05-27T02:13:19.584+0000] {logging_mixin.py:188} INFO - ❌ Cookies tidak valid atau sudah expired.
[2026-05-27T02:13:19.712+0000] {logging_mixin.py:188} INFO - [2026-05-27T02:13:19.710+0000] {dagbag.py:355} ERROR - Failed to import: /opt/airflow/dags/playwright_shopee.py
Traceback (most recent call last):
  File "/home/airflow/.local/lib/python3.8/site-packages/airflow/models/dagbag.py", line 351, in parse
    loader.exec_module(new_module)
  File "<frozen importlib._bootstrap_external>", line 843, in exec_module
  File "<frozen importlib._bootstrap>", line 219, in _call_with_frames_removed
  File "/opt/airflow/dags/playwright_shopee.py", line 228, in <module>
    raise RuntimeError("Cookies tidak valid. Export ulang dari Chrome.")
RuntimeError: Cookies tidak valid. Export ulang dari Chrome.
[2026-05-27T02:13:19.715+0000] {processor.py:842} WARNING - No viable dags retrieved from /opt/airflow/dags/playwright_shopee.py
[2026-05-27T02:13:19.756+0000] {processor.py:183} INFO - Processing /opt/airflow/dags/playwright_shopee.py took 9.711 seconds
[2026-05-27T02:13:50.280+0000] {processor.py:161} INFO - Started process (PID=5990) to work on /opt/airflow/dags/playwright_shopee.py
[2026-05-27T02:13:50.282+0000] {processor.py:830} INFO - Processing file /opt/airflow/dags/playwright_shopee.py for tasks to queue
[2026-05-27T02:13:50.284+0000] {logging_mixin.py:188} INFO - [2026-05-27T02:13:50.284+0000] {dagbag.py:545} INFO - Filling up the DagBag from /opt/airflow/dags/playwright_shopee.py
[2026-05-27T02:13:50.828+0000] {logging_mixin.py:188} INFO - 🌐 Membuka Chromium...
[2026-05-27T02:13:51.078+0000] {logging_mixin.py:188} INFO - 🍪 Inject cookies Shopee...
[2026-05-27T02:13:51.080+0000] {logging_mixin.py:188} INFO - ✅ 16 cookies berhasil diload dari /opt/airflow/dags/shopee_cookies.json
[2026-05-27T02:13:51.178+0000] {logging_mixin.py:188} INFO - 🌍 Membuka Shopee search...
[2026-05-27T02:13:58.357+0000] {logging_mixin.py:188} INFO - 📄 URL   : https://shopee.co.id/search?keyword=msi%20gaming
[2026-05-27T02:13:58.393+0000] {logging_mixin.py:188} INFO - 📄 TITLE : Shopee Indonesia | Situs Belanja Online Terlengkap & Terpercaya
[2026-05-27T02:13:58.792+0000] {logging_mixin.py:188} INFO - ❌ Cookies tidak valid atau sudah expired.
[2026-05-27T02:13:58.971+0000] {logging_mixin.py:188} INFO - [2026-05-27T02:13:58.970+0000] {dagbag.py:355} ERROR - Failed to import: /opt/airflow/dags/playwright_shopee.py
Traceback (most recent call last):
  File "/home/airflow/.local/lib/python3.8/site-packages/airflow/models/dagbag.py", line 351, in parse
    loader.exec_module(new_module)
  File "<frozen importlib._bootstrap_external>", line 843, in exec_module
  File "<frozen importlib._bootstrap>", line 219, in _call_with_frames_removed
  File "/opt/airflow/dags/playwright_shopee.py", line 228, in <module>
    raise RuntimeError("Cookies tidak valid. Export ulang dari Chrome.")
RuntimeError: Cookies tidak valid. Export ulang dari Chrome.
[2026-05-27T02:13:58.972+0000] {processor.py:842} WARNING - No viable dags retrieved from /opt/airflow/dags/playwright_shopee.py
[2026-05-27T02:13:58.996+0000] {processor.py:183} INFO - Processing /opt/airflow/dags/playwright_shopee.py took 8.724 seconds
[2026-05-27T02:14:29.966+0000] {processor.py:161} INFO - Started process (PID=6110) to work on /opt/airflow/dags/playwright_shopee.py
[2026-05-27T02:14:29.967+0000] {processor.py:830} INFO - Processing file /opt/airflow/dags/playwright_shopee.py for tasks to queue
[2026-05-27T02:14:29.969+0000] {logging_mixin.py:188} INFO - [2026-05-27T02:14:29.969+0000] {dagbag.py:545} INFO - Filling up the DagBag from /opt/airflow/dags/playwright_shopee.py
[2026-05-27T02:14:30.603+0000] {logging_mixin.py:188} INFO - 🌐 Membuka Chromium...
[2026-05-27T02:14:30.793+0000] {logging_mixin.py:188} INFO - 🍪 Inject cookies Shopee...
[2026-05-27T02:14:30.796+0000] {logging_mixin.py:188} INFO - ✅ 16 cookies berhasil diload dari /opt/airflow/dags/shopee_cookies.json
[2026-05-27T02:14:30.890+0000] {logging_mixin.py:188} INFO - 🌍 Membuka Shopee search...
[2026-05-27T02:14:39.531+0000] {logging_mixin.py:188} INFO - 📄 URL   : https://shopee.co.id/search?keyword=msi%20gaming
[2026-05-27T02:14:39.784+0000] {logging_mixin.py:188} INFO - 📄 TITLE : Shopee Indonesia | Situs Belanja Online Terlengkap & Terpercaya
[2026-05-27T02:14:41.155+0000] {logging_mixin.py:188} INFO - ❌ Cookies tidak valid atau sudah expired.
[2026-05-27T02:14:41.297+0000] {logging_mixin.py:188} INFO - [2026-05-27T02:14:41.295+0000] {dagbag.py:355} ERROR - Failed to import: /opt/airflow/dags/playwright_shopee.py
Traceback (most recent call last):
  File "/home/airflow/.local/lib/python3.8/site-packages/airflow/models/dagbag.py", line 351, in parse
    loader.exec_module(new_module)
  File "<frozen importlib._bootstrap_external>", line 843, in exec_module
  File "<frozen importlib._bootstrap>", line 219, in _call_with_frames_removed
  File "/opt/airflow/dags/playwright_shopee.py", line 228, in <module>
    raise RuntimeError("Cookies tidak valid. Export ulang dari Chrome.")
RuntimeError: Cookies tidak valid. Export ulang dari Chrome.
[2026-05-27T02:14:41.298+0000] {processor.py:842} WARNING - No viable dags retrieved from /opt/airflow/dags/playwright_shopee.py
[2026-05-27T02:14:41.322+0000] {processor.py:183} INFO - Processing /opt/airflow/dags/playwright_shopee.py took 11.364 seconds
[2026-05-27T02:15:12.006+0000] {processor.py:161} INFO - Started process (PID=6243) to work on /opt/airflow/dags/playwright_shopee.py
[2026-05-27T02:15:12.007+0000] {processor.py:830} INFO - Processing file /opt/airflow/dags/playwright_shopee.py for tasks to queue
[2026-05-27T02:15:12.009+0000] {logging_mixin.py:188} INFO - [2026-05-27T02:15:12.009+0000] {dagbag.py:545} INFO - Filling up the DagBag from /opt/airflow/dags/playwright_shopee.py
[2026-05-27T02:15:12.560+0000] {logging_mixin.py:188} INFO - 🌐 Membuka Chromium...
[2026-05-27T02:15:12.846+0000] {logging_mixin.py:188} INFO - 🍪 Inject cookies Shopee...
[2026-05-27T02:15:12.849+0000] {logging_mixin.py:188} INFO - ✅ 16 cookies berhasil diload dari /opt/airflow/dags/shopee_cookies.json
[2026-05-27T02:15:12.951+0000] {logging_mixin.py:188} INFO - 🌍 Membuka Shopee search...
[2026-05-27T02:15:20.754+0000] {logging_mixin.py:188} INFO - 📄 URL   : https://shopee.co.id/search?keyword=msi%20gaming
[2026-05-27T02:15:21.177+0000] {logging_mixin.py:188} INFO - 📄 TITLE : Shopee Indonesia | Situs Belanja Online Terlengkap & Terpercaya
[2026-05-27T02:15:21.761+0000] {logging_mixin.py:188} INFO - ❌ Cookies tidak valid atau sudah expired.
[2026-05-27T02:15:21.891+0000] {logging_mixin.py:188} INFO - [2026-05-27T02:15:21.890+0000] {dagbag.py:355} ERROR - Failed to import: /opt/airflow/dags/playwright_shopee.py
Traceback (most recent call last):
  File "/home/airflow/.local/lib/python3.8/site-packages/airflow/models/dagbag.py", line 351, in parse
    loader.exec_module(new_module)
  File "<frozen importlib._bootstrap_external>", line 843, in exec_module
  File "<frozen importlib._bootstrap>", line 219, in _call_with_frames_removed
  File "/opt/airflow/dags/playwright_shopee.py", line 228, in <module>
    raise RuntimeError("Cookies tidak valid. Export ulang dari Chrome.")
RuntimeError: Cookies tidak valid. Export ulang dari Chrome.
[2026-05-27T02:15:21.893+0000] {processor.py:842} WARNING - No viable dags retrieved from /opt/airflow/dags/playwright_shopee.py
[2026-05-27T02:15:21.929+0000] {processor.py:183} INFO - Processing /opt/airflow/dags/playwright_shopee.py took 9.931 seconds
[2026-05-27T02:15:52.635+0000] {processor.py:161} INFO - Started process (PID=6365) to work on /opt/airflow/dags/playwright_shopee.py
[2026-05-27T02:15:52.636+0000] {processor.py:830} INFO - Processing file /opt/airflow/dags/playwright_shopee.py for tasks to queue
[2026-05-27T02:15:52.638+0000] {logging_mixin.py:188} INFO - [2026-05-27T02:15:52.638+0000] {dagbag.py:545} INFO - Filling up the DagBag from /opt/airflow/dags/playwright_shopee.py
[2026-05-27T02:15:53.296+0000] {logging_mixin.py:188} INFO - 🌐 Membuka Chromium...
[2026-05-27T02:15:53.576+0000] {logging_mixin.py:188} INFO - 🍪 Inject cookies Shopee...
[2026-05-27T02:15:53.579+0000] {logging_mixin.py:188} INFO - ✅ 16 cookies berhasil diload dari /opt/airflow/dags/shopee_cookies.json
[2026-05-27T02:15:53.683+0000] {logging_mixin.py:188} INFO - 🌍 Membuka Shopee search...
[2026-05-27T02:16:01.861+0000] {logging_mixin.py:188} INFO - 📄 URL   : https://shopee.co.id/search?keyword=msi%20gaming
[2026-05-27T02:16:02.318+0000] {logging_mixin.py:188} INFO - 📄 TITLE : Shopee Indonesia | Situs Belanja Online Terlengkap & Terpercaya
[2026-05-27T02:16:03.988+0000] {logging_mixin.py:188} INFO - ❌ Kena traffic verify — cookies mungkin expired.
[2026-05-27T02:16:03.990+0000] {logging_mixin.py:188} INFO - ⚠️  Export ulang cookies dari Chrome dan update shopee_cookies.json
[2026-05-27T02:16:06.431+0000] {logging_mixin.py:188} INFO - [2026-05-27T02:16:06.429+0000] {dagbag.py:355} ERROR - Failed to import: /opt/airflow/dags/playwright_shopee.py
Traceback (most recent call last):
  File "/home/airflow/.local/lib/python3.8/site-packages/airflow/models/dagbag.py", line 351, in parse
    loader.exec_module(new_module)
  File "<frozen importlib._bootstrap_external>", line 843, in exec_module
  File "<frozen importlib._bootstrap>", line 219, in _call_with_frames_removed
  File "/opt/airflow/dags/playwright_shopee.py", line 218, in <module>
    raise RuntimeError(
RuntimeError: Shopee traffic verify detected. Update shopee_cookies.json dari Cookie-Editor.
[2026-05-27T02:16:06.432+0000] {processor.py:842} WARNING - No viable dags retrieved from /opt/airflow/dags/playwright_shopee.py
[2026-05-27T02:16:06.465+0000] {processor.py:183} INFO - Processing /opt/airflow/dags/playwright_shopee.py took 13.836 seconds
[2026-05-27T02:16:37.081+0000] {processor.py:161} INFO - Started process (PID=6487) to work on /opt/airflow/dags/playwright_shopee.py
[2026-05-27T02:16:37.082+0000] {processor.py:830} INFO - Processing file /opt/airflow/dags/playwright_shopee.py for tasks to queue
[2026-05-27T02:16:37.084+0000] {logging_mixin.py:188} INFO - [2026-05-27T02:16:37.084+0000] {dagbag.py:545} INFO - Filling up the DagBag from /opt/airflow/dags/playwright_shopee.py
[2026-05-27T02:16:37.739+0000] {logging_mixin.py:188} INFO - 🌐 Membuka Chromium...
[2026-05-27T02:16:37.975+0000] {logging_mixin.py:188} INFO - 🍪 Inject cookies Shopee...
[2026-05-27T02:16:37.977+0000] {logging_mixin.py:188} INFO - ✅ 16 cookies berhasil diload dari /opt/airflow/dags/shopee_cookies.json
[2026-05-27T02:16:38.068+0000] {logging_mixin.py:188} INFO - 🌍 Membuka Shopee search...
[2026-05-27T02:16:44.568+0000] {logging_mixin.py:188} INFO - 📄 URL   : https://shopee.co.id/search?keyword=msi%20gaming
[2026-05-27T02:16:44.798+0000] {logging_mixin.py:188} INFO - 📄 TITLE : Shopee Indonesia | Situs Belanja Online Terlengkap & Terpercaya
[2026-05-27T02:16:47.187+0000] {logging_mixin.py:188} INFO - [2026-05-27T02:16:47.186+0000] {dagbag.py:355} ERROR - Failed to import: /opt/airflow/dags/playwright_shopee.py
Traceback (most recent call last):
  File "/home/airflow/.local/lib/python3.8/site-packages/airflow/models/dagbag.py", line 351, in parse
    loader.exec_module(new_module)
  File "<frozen importlib._bootstrap_external>", line 843, in exec_module
  File "<frozen importlib._bootstrap>", line 219, in _call_with_frames_removed
  File "/opt/airflow/dags/playwright_shopee.py", line 224, in <module>
    content = page.content()
  File "/home/airflow/.local/lib/python3.8/site-packages/playwright/sync_api/_generated.py", line 8582, in content
    return mapping.from_maybe_impl(self._sync(self._impl_obj.content()))
  File "/home/airflow/.local/lib/python3.8/site-packages/playwright/_impl/_sync_base.py", line 115, in _sync
    return task.result()
  File "/home/airflow/.local/lib/python3.8/site-packages/playwright/_impl/_page.py", line 502, in content
    return await self._main_frame.content()
  File "/home/airflow/.local/lib/python3.8/site-packages/playwright/_impl/_frame.py", line 416, in content
    return await self._channel.send("content")
  File "/home/airflow/.local/lib/python3.8/site-packages/playwright/_impl/_connection.py", line 59, in send
    return await self._connection.wrap_api_call(
  File "/home/airflow/.local/lib/python3.8/site-packages/playwright/_impl/_connection.py", line 514, in wrap_api_call
    raise rewrite_error(error, f"{parsed_st['apiName']}: {error}") from None
playwright._impl._errors.Error: Page.content: Unable to retrieve content because the page is navigating and changing the content.
[2026-05-27T02:16:47.188+0000] {processor.py:842} WARNING - No viable dags retrieved from /opt/airflow/dags/playwright_shopee.py
[2026-05-27T02:16:47.223+0000] {processor.py:183} INFO - Processing /opt/airflow/dags/playwright_shopee.py took 10.150 seconds
[2026-05-27T02:17:17.335+0000] {processor.py:161} INFO - Started process (PID=6620) to work on /opt/airflow/dags/playwright_shopee.py
[2026-05-27T02:17:17.336+0000] {processor.py:830} INFO - Processing file /opt/airflow/dags/playwright_shopee.py for tasks to queue
[2026-05-27T02:17:17.339+0000] {logging_mixin.py:188} INFO - [2026-05-27T02:17:17.338+0000] {dagbag.py:545} INFO - Filling up the DagBag from /opt/airflow/dags/playwright_shopee.py
[2026-05-27T02:17:17.950+0000] {logging_mixin.py:188} INFO - 🌐 Membuka Chromium...
[2026-05-27T02:17:18.162+0000] {logging_mixin.py:188} INFO - 🍪 Inject cookies Shopee...
[2026-05-27T02:17:18.165+0000] {logging_mixin.py:188} INFO - ✅ 16 cookies berhasil diload dari /opt/airflow/dags/shopee_cookies.json
[2026-05-27T02:17:18.284+0000] {logging_mixin.py:188} INFO - 🌍 Membuka Shopee search...
[2026-05-27T02:17:26.379+0000] {logging_mixin.py:188} INFO - 📄 URL   : https://shopee.co.id/search?keyword=msi%20gaming
[2026-05-27T02:17:26.600+0000] {logging_mixin.py:188} INFO - 📄 TITLE : Shopee Indonesia | Situs Belanja Online Terlengkap & Terpercaya
[2026-05-27T02:17:28.175+0000] {logging_mixin.py:188} INFO - ❌ Kena traffic verify — cookies mungkin expired.
[2026-05-27T02:17:28.176+0000] {logging_mixin.py:188} INFO - ⚠️  Export ulang cookies dari Chrome dan update shopee_cookies.json
[2026-05-27T02:17:30.716+0000] {logging_mixin.py:188} INFO - [2026-05-27T02:17:30.714+0000] {dagbag.py:355} ERROR - Failed to import: /opt/airflow/dags/playwright_shopee.py
Traceback (most recent call last):
  File "/home/airflow/.local/lib/python3.8/site-packages/airflow/models/dagbag.py", line 351, in parse
    loader.exec_module(new_module)
  File "<frozen importlib._bootstrap_external>", line 843, in exec_module
  File "<frozen importlib._bootstrap>", line 219, in _call_with_frames_removed
  File "/opt/airflow/dags/playwright_shopee.py", line 218, in <module>
    raise RuntimeError(
RuntimeError: Shopee traffic verify detected. Update shopee_cookies.json dari Cookie-Editor.
[2026-05-27T02:17:30.717+0000] {processor.py:842} WARNING - No viable dags retrieved from /opt/airflow/dags/playwright_shopee.py
[2026-05-27T02:17:30.737+0000] {processor.py:183} INFO - Processing /opt/airflow/dags/playwright_shopee.py took 13.413 seconds
[2026-05-27T02:18:01.231+0000] {processor.py:161} INFO - Started process (PID=6743) to work on /opt/airflow/dags/playwright_shopee.py
[2026-05-27T02:18:01.232+0000] {processor.py:830} INFO - Processing file /opt/airflow/dags/playwright_shopee.py for tasks to queue
[2026-05-27T02:18:01.234+0000] {logging_mixin.py:188} INFO - [2026-05-27T02:18:01.233+0000] {dagbag.py:545} INFO - Filling up the DagBag from /opt/airflow/dags/playwright_shopee.py
[2026-05-27T02:18:01.787+0000] {logging_mixin.py:188} INFO - 🌐 Membuka Chromium...
[2026-05-27T02:18:02.025+0000] {logging_mixin.py:188} INFO - 🍪 Inject cookies Shopee...
[2026-05-27T02:18:02.027+0000] {logging_mixin.py:188} INFO - ✅ 16 cookies berhasil diload dari /opt/airflow/dags/shopee_cookies.json
[2026-05-27T02:18:02.119+0000] {logging_mixin.py:188} INFO - 🌍 Membuka Shopee search...
[2026-05-27T02:18:12.506+0000] {logging_mixin.py:188} INFO - 📄 URL   : https://shopee.co.id/search?keyword=msi%20gaming
[2026-05-27T02:18:12.820+0000] {logging_mixin.py:188} INFO - 📄 TITLE : 
[2026-05-27T02:18:14.606+0000] {logging_mixin.py:188} INFO - ❌ Kena traffic verify — cookies mungkin expired.
[2026-05-27T02:18:14.609+0000] {logging_mixin.py:188} INFO - ⚠️  Export ulang cookies dari Chrome dan update shopee_cookies.json
[2026-05-27T02:18:15.168+0000] {logging_mixin.py:188} INFO - [2026-05-27T02:18:15.167+0000] {dagbag.py:355} ERROR - Failed to import: /opt/airflow/dags/playwright_shopee.py
Traceback (most recent call last):
  File "/home/airflow/.local/lib/python3.8/site-packages/airflow/models/dagbag.py", line 351, in parse
    loader.exec_module(new_module)
  File "<frozen importlib._bootstrap_external>", line 843, in exec_module
  File "<frozen importlib._bootstrap>", line 219, in _call_with_frames_removed
  File "/opt/airflow/dags/playwright_shopee.py", line 218, in <module>
    raise RuntimeError(
RuntimeError: Shopee traffic verify detected. Update shopee_cookies.json dari Cookie-Editor.
[2026-05-27T02:18:15.170+0000] {processor.py:842} WARNING - No viable dags retrieved from /opt/airflow/dags/playwright_shopee.py
[2026-05-27T02:18:15.189+0000] {processor.py:183} INFO - Processing /opt/airflow/dags/playwright_shopee.py took 13.964 seconds
[2026-05-27T02:18:45.530+0000] {processor.py:161} INFO - Started process (PID=6883) to work on /opt/airflow/dags/playwright_shopee.py
[2026-05-27T02:18:45.531+0000] {processor.py:830} INFO - Processing file /opt/airflow/dags/playwright_shopee.py for tasks to queue
[2026-05-27T02:18:45.532+0000] {logging_mixin.py:188} INFO - [2026-05-27T02:18:45.532+0000] {dagbag.py:545} INFO - Filling up the DagBag from /opt/airflow/dags/playwright_shopee.py
[2026-05-27T02:18:46.034+0000] {logging_mixin.py:188} INFO - 🌐 Membuka Chromium...
[2026-05-27T02:18:46.231+0000] {logging_mixin.py:188} INFO - 🍪 Inject cookies Shopee...
[2026-05-27T02:18:46.235+0000] {logging_mixin.py:188} INFO - ✅ 16 cookies berhasil diload dari /opt/airflow/dags/shopee_cookies.json
[2026-05-27T02:18:46.349+0000] {logging_mixin.py:188} INFO - 🌍 Membuka Shopee search...
[2026-05-27T02:18:52.431+0000] {logging_mixin.py:188} INFO - 📄 URL   : https://shopee.co.id/search?keyword=msi%20gaming
[2026-05-27T02:18:52.469+0000] {logging_mixin.py:188} INFO - 📄 TITLE : Shopee Indonesia | Situs Belanja Online Terlengkap & Terpercaya
[2026-05-27T02:18:52.801+0000] {logging_mixin.py:188} INFO - ❌ Cookies tidak valid atau sudah expired.
[2026-05-27T02:18:52.918+0000] {logging_mixin.py:188} INFO - [2026-05-27T02:18:52.917+0000] {dagbag.py:355} ERROR - Failed to import: /opt/airflow/dags/playwright_shopee.py
Traceback (most recent call last):
  File "/home/airflow/.local/lib/python3.8/site-packages/airflow/models/dagbag.py", line 351, in parse
    loader.exec_module(new_module)
  File "<frozen importlib._bootstrap_external>", line 843, in exec_module
  File "<frozen importlib._bootstrap>", line 219, in _call_with_frames_removed
  File "/opt/airflow/dags/playwright_shopee.py", line 228, in <module>
    raise RuntimeError("Cookies tidak valid. Export ulang dari Chrome.")
RuntimeError: Cookies tidak valid. Export ulang dari Chrome.
[2026-05-27T02:18:52.919+0000] {processor.py:842} WARNING - No viable dags retrieved from /opt/airflow/dags/playwright_shopee.py
[2026-05-27T02:18:52.942+0000] {processor.py:183} INFO - Processing /opt/airflow/dags/playwright_shopee.py took 7.420 seconds
[2026-05-27T02:19:23.501+0000] {processor.py:161} INFO - Started process (PID=7004) to work on /opt/airflow/dags/playwright_shopee.py
[2026-05-27T02:19:23.502+0000] {processor.py:830} INFO - Processing file /opt/airflow/dags/playwright_shopee.py for tasks to queue
[2026-05-27T02:19:23.504+0000] {logging_mixin.py:188} INFO - [2026-05-27T02:19:23.504+0000] {dagbag.py:545} INFO - Filling up the DagBag from /opt/airflow/dags/playwright_shopee.py
[2026-05-27T02:19:24.034+0000] {logging_mixin.py:188} INFO - 🌐 Membuka Chromium...
[2026-05-27T02:19:24.232+0000] {logging_mixin.py:188} INFO - 🍪 Inject cookies Shopee...
[2026-05-27T02:19:24.235+0000] {logging_mixin.py:188} INFO - ✅ 16 cookies berhasil diload dari /opt/airflow/dags/shopee_cookies.json
[2026-05-27T02:19:24.337+0000] {logging_mixin.py:188} INFO - 🌍 Membuka Shopee search...
[2026-05-27T02:19:31.039+0000] {logging_mixin.py:188} INFO - 📄 URL   : https://shopee.co.id/search?keyword=msi%20gaming
[2026-05-27T02:19:31.067+0000] {logging_mixin.py:188} INFO - 📄 TITLE : Shopee Indonesia | Situs Belanja Online Terlengkap & Terpercaya
[2026-05-27T02:19:42.323+0000] {logging_mixin.py:188} INFO - ✅ Session valid, mulai scraping...
[2026-05-27T02:19:42.334+0000] {logging_mixin.py:188} INFO - [2026-05-27T02:19:42.333+0000] {logger.py:96} INFO - {"message": "Waiting for suitable server to become available", "selector": "<function writable_server_selector at 0x7fedaffbc940>", "operation": "createIndexes", "topologyDescription": "<TopologyDescription id: 6a1654be45fd73a7efe5ab37, topology_type: Unknown, servers: [<ServerDescription ('mongodb', 27017) server_type: Unknown, rtt: None>]>", "clientId": {"$oid": "6a1654be45fd73a7efe5ab37"}, "remainingTimeMS": 29}
[2026-05-27T02:19:42.370+0000] {logging_mixin.py:188} INFO - ✅ Terhubung MongoDB: shopee_raw.products
[2026-05-27T02:19:42.371+0000] {logging_mixin.py:188} INFO - 
=================================
[2026-05-27T02:19:42.371+0000] {logging_mixin.py:188} INFO - 📄 PAGE 1/5
[2026-05-27T02:19:42.372+0000] {logging_mixin.py:188} INFO - =================================
[2026-05-27T02:19:42.372+0000] {logging_mixin.py:188} INFO - 🌍 https://shopee.co.id/search?keyword=msi%20gaming&page=0
[2026-05-27T02:19:48.347+0000] {logging_mixin.py:188} INFO - 🖱️ Scrolling...
[2026-05-27T02:19:53.511+0000] {logging_mixin.py:188} INFO - [2026-05-27T02:19:53.510+0000] {timeout.py:68} ERROR - Process timed out, PID: 7004
[2026-05-27T02:20:24.179+0000] {processor.py:161} INFO - Started process (PID=7145) to work on /opt/airflow/dags/playwright_shopee.py
[2026-05-27T02:20:24.180+0000] {processor.py:830} INFO - Processing file /opt/airflow/dags/playwright_shopee.py for tasks to queue
[2026-05-27T02:20:24.181+0000] {logging_mixin.py:188} INFO - [2026-05-27T02:20:24.181+0000] {dagbag.py:545} INFO - Filling up the DagBag from /opt/airflow/dags/playwright_shopee.py
[2026-05-27T02:20:24.732+0000] {logging_mixin.py:188} INFO - 🌐 Membuka Chromium...
[2026-05-27T02:20:24.972+0000] {logging_mixin.py:188} INFO - 🍪 Inject cookies Shopee...
[2026-05-27T02:20:24.977+0000] {logging_mixin.py:188} INFO - ✅ 16 cookies berhasil diload dari /opt/airflow/dags/shopee_cookies.json
[2026-05-27T02:20:25.084+0000] {logging_mixin.py:188} INFO - 🌍 Membuka Shopee search...
[2026-05-27T02:20:37.165+0000] {logging_mixin.py:188} INFO - 📄 URL   : https://shopee.co.id/search?keyword=msi%20gaming
[2026-05-27T02:20:37.778+0000] {logging_mixin.py:188} INFO - 📄 TITLE : Shopee Indonesia | Situs Belanja Online Terlengkap & Terpercaya
[2026-05-27T02:20:38.525+0000] {logging_mixin.py:188} INFO - ❌ Kena traffic verify — cookies mungkin expired.
[2026-05-27T02:20:38.526+0000] {logging_mixin.py:188} INFO - ⚠️  Export ulang cookies dari Chrome dan update shopee_cookies.json
[2026-05-27T02:20:38.890+0000] {logging_mixin.py:188} INFO - [2026-05-27T02:20:38.889+0000] {dagbag.py:355} ERROR - Failed to import: /opt/airflow/dags/playwright_shopee.py
Traceback (most recent call last):
  File "/home/airflow/.local/lib/python3.8/site-packages/airflow/models/dagbag.py", line 351, in parse
    loader.exec_module(new_module)
  File "<frozen importlib._bootstrap_external>", line 843, in exec_module
  File "<frozen importlib._bootstrap>", line 219, in _call_with_frames_removed
  File "/opt/airflow/dags/playwright_shopee.py", line 218, in <module>
    raise RuntimeError(
RuntimeError: Shopee traffic verify detected. Update shopee_cookies.json dari Cookie-Editor.
[2026-05-27T02:20:38.891+0000] {processor.py:842} WARNING - No viable dags retrieved from /opt/airflow/dags/playwright_shopee.py
[2026-05-27T02:20:38.912+0000] {processor.py:183} INFO - Processing /opt/airflow/dags/playwright_shopee.py took 14.738 seconds
[2026-05-27T02:21:08.999+0000] {processor.py:161} INFO - Started process (PID=7273) to work on /opt/airflow/dags/playwright_shopee.py
[2026-05-27T02:21:09.000+0000] {processor.py:830} INFO - Processing file /opt/airflow/dags/playwright_shopee.py for tasks to queue
[2026-05-27T02:21:09.003+0000] {logging_mixin.py:188} INFO - [2026-05-27T02:21:09.002+0000] {dagbag.py:545} INFO - Filling up the DagBag from /opt/airflow/dags/playwright_shopee.py
[2026-05-27T02:21:09.559+0000] {logging_mixin.py:188} INFO - 🌐 Membuka Chromium...
[2026-05-27T02:21:09.809+0000] {logging_mixin.py:188} INFO - 🍪 Inject cookies Shopee...
[2026-05-27T02:21:09.812+0000] {logging_mixin.py:188} INFO - ✅ 16 cookies berhasil diload dari /opt/airflow/dags/shopee_cookies.json
[2026-05-27T02:21:09.912+0000] {logging_mixin.py:188} INFO - 🌍 Membuka Shopee search...
[2026-05-27T02:21:16.556+0000] {logging_mixin.py:188} INFO - 📄 URL   : https://shopee.co.id/search?keyword=msi%20gaming
[2026-05-27T02:21:16.894+0000] {logging_mixin.py:188} INFO - 📄 TITLE : Shopee Indonesia | Situs Belanja Online Terlengkap & Terpercaya
[2026-05-27T02:21:17.520+0000] {logging_mixin.py:188} INFO - ❌ Cookies tidak valid atau sudah expired.
[2026-05-27T02:21:17.669+0000] {logging_mixin.py:188} INFO - [2026-05-27T02:21:17.667+0000] {dagbag.py:355} ERROR - Failed to import: /opt/airflow/dags/playwright_shopee.py
Traceback (most recent call last):
  File "/home/airflow/.local/lib/python3.8/site-packages/airflow/models/dagbag.py", line 351, in parse
    loader.exec_module(new_module)
  File "<frozen importlib._bootstrap_external>", line 843, in exec_module
  File "<frozen importlib._bootstrap>", line 219, in _call_with_frames_removed
  File "/opt/airflow/dags/playwright_shopee.py", line 228, in <module>
    raise RuntimeError("Cookies tidak valid. Export ulang dari Chrome.")
RuntimeError: Cookies tidak valid. Export ulang dari Chrome.
[2026-05-27T02:21:17.670+0000] {processor.py:842} WARNING - No viable dags retrieved from /opt/airflow/dags/playwright_shopee.py
[2026-05-27T02:21:17.693+0000] {processor.py:183} INFO - Processing /opt/airflow/dags/playwright_shopee.py took 8.701 seconds
[2026-05-27T02:21:48.298+0000] {processor.py:161} INFO - Started process (PID=7405) to work on /opt/airflow/dags/playwright_shopee.py
[2026-05-27T02:21:48.298+0000] {processor.py:830} INFO - Processing file /opt/airflow/dags/playwright_shopee.py for tasks to queue
[2026-05-27T02:21:48.300+0000] {logging_mixin.py:188} INFO - [2026-05-27T02:21:48.300+0000] {dagbag.py:545} INFO - Filling up the DagBag from /opt/airflow/dags/playwright_shopee.py
[2026-05-27T02:21:48.830+0000] {logging_mixin.py:188} INFO - 🌐 Membuka Chromium...
[2026-05-27T02:21:49.036+0000] {logging_mixin.py:188} INFO - 🍪 Inject cookies Shopee...
[2026-05-27T02:21:49.038+0000] {logging_mixin.py:188} INFO - ✅ 16 cookies berhasil diload dari /opt/airflow/dags/shopee_cookies.json
[2026-05-27T02:21:49.140+0000] {logging_mixin.py:188} INFO - 🌍 Membuka Shopee search...
[2026-05-27T02:21:58.874+0000] {logging_mixin.py:188} INFO - 📄 URL   : https://shopee.co.id/search?keyword=msi%20gaming
[2026-05-27T02:21:59.047+0000] {logging_mixin.py:188} INFO - 📄 TITLE : 
[2026-05-27T02:22:00.967+0000] {logging_mixin.py:188} INFO - ❌ Kena traffic verify — cookies mungkin expired.
[2026-05-27T02:22:00.968+0000] {logging_mixin.py:188} INFO - ⚠️  Export ulang cookies dari Chrome dan update shopee_cookies.json
[2026-05-27T02:22:01.357+0000] {logging_mixin.py:188} INFO - [2026-05-27T02:22:01.356+0000] {dagbag.py:355} ERROR - Failed to import: /opt/airflow/dags/playwright_shopee.py
Traceback (most recent call last):
  File "/home/airflow/.local/lib/python3.8/site-packages/airflow/models/dagbag.py", line 351, in parse
    loader.exec_module(new_module)
  File "<frozen importlib._bootstrap_external>", line 843, in exec_module
  File "<frozen importlib._bootstrap>", line 219, in _call_with_frames_removed
  File "/opt/airflow/dags/playwright_shopee.py", line 218, in <module>
    raise RuntimeError(
RuntimeError: Shopee traffic verify detected. Update shopee_cookies.json dari Cookie-Editor.
[2026-05-27T02:22:01.359+0000] {processor.py:842} WARNING - No viable dags retrieved from /opt/airflow/dags/playwright_shopee.py
[2026-05-27T02:22:01.381+0000] {processor.py:183} INFO - Processing /opt/airflow/dags/playwright_shopee.py took 13.091 seconds
[2026-05-27T02:22:32.077+0000] {processor.py:161} INFO - Started process (PID=7532) to work on /opt/airflow/dags/playwright_shopee.py
[2026-05-27T02:22:32.079+0000] {processor.py:830} INFO - Processing file /opt/airflow/dags/playwright_shopee.py for tasks to queue
[2026-05-27T02:22:32.080+0000] {logging_mixin.py:188} INFO - [2026-05-27T02:22:32.080+0000] {dagbag.py:545} INFO - Filling up the DagBag from /opt/airflow/dags/playwright_shopee.py
[2026-05-27T02:22:32.616+0000] {logging_mixin.py:188} INFO - 🌐 Membuka Chromium...
[2026-05-27T02:22:32.815+0000] {logging_mixin.py:188} INFO - 🍪 Inject cookies Shopee...
[2026-05-27T02:22:32.817+0000] {logging_mixin.py:188} INFO - ✅ 16 cookies berhasil diload dari /opt/airflow/dags/shopee_cookies.json
[2026-05-27T02:22:32.909+0000] {logging_mixin.py:188} INFO - 🌍 Membuka Shopee search...
[2026-05-27T02:22:38.574+0000] {logging_mixin.py:188} INFO - 📄 URL   : https://shopee.co.id/search?keyword=msi%20gaming
[2026-05-27T02:22:38.604+0000] {logging_mixin.py:188} INFO - 📄 TITLE : Shopee Indonesia | Situs Belanja Online Terlengkap & Terpercaya
[2026-05-27T02:22:39.472+0000] {logging_mixin.py:188} INFO - ✅ Session valid, mulai scraping...
[2026-05-27T02:22:39.477+0000] {logging_mixin.py:188} INFO - [2026-05-27T02:22:39.477+0000] {logger.py:96} INFO - {"message": "Waiting for suitable server to become available", "selector": "<function writable_server_selector at 0x7fedaffcbaf0>", "operation": "createIndexes", "topologyDescription": "<TopologyDescription id: 6a16556f5eacda198482ec70, topology_type: Unknown, servers: [<ServerDescription ('mongodb', 27017) server_type: Unknown, rtt: None>]>", "clientId": {"$oid": "6a16556f5eacda198482ec70"}, "remainingTimeMS": 29}
[2026-05-27T02:22:39.491+0000] {logging_mixin.py:188} INFO - ✅ Terhubung MongoDB: shopee_raw.products
[2026-05-27T02:22:39.492+0000] {logging_mixin.py:188} INFO - 
=================================
[2026-05-27T02:22:39.492+0000] {logging_mixin.py:188} INFO - 📄 PAGE 1/5
[2026-05-27T02:22:39.493+0000] {logging_mixin.py:188} INFO - =================================
[2026-05-27T02:22:39.493+0000] {logging_mixin.py:188} INFO - 🌍 https://shopee.co.id/search?keyword=msi%20gaming&page=0
[2026-05-27T02:22:46.238+0000] {logging_mixin.py:188} INFO - 🖱️ Scrolling...
[2026-05-27T02:23:01.513+0000] {logging_mixin.py:188} INFO - 📄 URL   : https://shopee.co.id/verify/traffic/error?home_url=https%3A%2F%2Fshopee.co.id&is_logged_in=false&next=https%3A%2F%2Fshopee.co.id%2Fsearch%3Fkeyword%3Dmsi%2520gaming%26page%3D0&tracking_id=3578f2b9102-ff7f-4baa-afd8-b7345cf0802c&type=4
[2026-05-27T02:23:01.543+0000] {logging_mixin.py:188} INFO - 📄 TITLE : Shopee Indonesia | Situs Belanja Online Terlengkap & Terpercaya
[2026-05-27T02:23:01.663+0000] {logging_mixin.py:188} INFO - 🔍 Mengambil item produk...
[2026-05-27T02:23:01.711+0000] {logging_mixin.py:188} INFO - 📦 Total item ditemukan: 0
[2026-05-27T02:23:01.712+0000] {logging_mixin.py:188} INFO - ❌ Produk kosong, simpan HTML debug.
[2026-05-27T02:23:01.748+0000] {logging_mixin.py:188} INFO - 
=================================
[2026-05-27T02:23:01.749+0000] {logging_mixin.py:188} INFO - 📄 PAGE 2/5
[2026-05-27T02:23:01.749+0000] {logging_mixin.py:188} INFO - =================================
[2026-05-27T02:23:01.750+0000] {logging_mixin.py:188} INFO - 🌍 https://shopee.co.id/search?keyword=msi%20gaming&page=1
[2026-05-27T02:23:02.085+0000] {logging_mixin.py:188} INFO - [2026-05-27T02:23:02.084+0000] {timeout.py:68} ERROR - Process timed out, PID: 7532
[2026-05-27T02:23:32.809+0000] {processor.py:161} INFO - Started process (PID=7677) to work on /opt/airflow/dags/playwright_shopee.py
[2026-05-27T02:23:32.810+0000] {processor.py:830} INFO - Processing file /opt/airflow/dags/playwright_shopee.py for tasks to queue
[2026-05-27T02:23:32.812+0000] {logging_mixin.py:188} INFO - [2026-05-27T02:23:32.812+0000] {dagbag.py:545} INFO - Filling up the DagBag from /opt/airflow/dags/playwright_shopee.py
[2026-05-27T02:23:33.359+0000] {logging_mixin.py:188} INFO - 🌐 Membuka Chromium...
[2026-05-27T02:23:33.549+0000] {logging_mixin.py:188} INFO - 🍪 Inject cookies Shopee...
[2026-05-27T02:23:33.551+0000] {logging_mixin.py:188} INFO - ✅ 16 cookies berhasil diload dari /opt/airflow/dags/shopee_cookies.json
[2026-05-27T02:23:33.658+0000] {logging_mixin.py:188} INFO - 🌍 Membuka Shopee search...
[2026-05-27T02:23:45.552+0000] {logging_mixin.py:188} INFO - 📄 URL   : https://shopee.co.id/search?keyword=msi%20gaming
[2026-05-27T02:23:45.901+0000] {logging_mixin.py:188} INFO - 📄 TITLE : Shopee Indonesia | Situs Belanja Online Terlengkap & Terpercaya
[2026-05-27T02:23:46.638+0000] {logging_mixin.py:188} INFO - ❌ Kena traffic verify — cookies mungkin expired.
[2026-05-27T02:23:46.639+0000] {logging_mixin.py:188} INFO - ⚠️  Export ulang cookies dari Chrome dan update shopee_cookies.json
[2026-05-27T02:23:46.949+0000] {logging_mixin.py:188} INFO - [2026-05-27T02:23:46.947+0000] {dagbag.py:355} ERROR - Failed to import: /opt/airflow/dags/playwright_shopee.py
Traceback (most recent call last):
  File "/home/airflow/.local/lib/python3.8/site-packages/airflow/models/dagbag.py", line 351, in parse
    loader.exec_module(new_module)
  File "<frozen importlib._bootstrap_external>", line 843, in exec_module
  File "<frozen importlib._bootstrap>", line 219, in _call_with_frames_removed
  File "/opt/airflow/dags/playwright_shopee.py", line 218, in <module>
    raise RuntimeError(
RuntimeError: Shopee traffic verify detected. Update shopee_cookies.json dari Cookie-Editor.
[2026-05-27T02:23:46.950+0000] {processor.py:842} WARNING - No viable dags retrieved from /opt/airflow/dags/playwright_shopee.py
[2026-05-27T02:23:46.976+0000] {processor.py:183} INFO - Processing /opt/airflow/dags/playwright_shopee.py took 14.172 seconds
[2026-05-27T02:24:17.593+0000] {processor.py:161} INFO - Started process (PID=7807) to work on /opt/airflow/dags/playwright_shopee.py
[2026-05-27T02:24:17.596+0000] {processor.py:830} INFO - Processing file /opt/airflow/dags/playwright_shopee.py for tasks to queue
[2026-05-27T02:24:17.599+0000] {logging_mixin.py:188} INFO - [2026-05-27T02:24:17.599+0000] {dagbag.py:545} INFO - Filling up the DagBag from /opt/airflow/dags/playwright_shopee.py
[2026-05-27T02:24:18.178+0000] {logging_mixin.py:188} INFO - 🌐 Membuka Chromium...
[2026-05-27T02:24:18.439+0000] {logging_mixin.py:188} INFO - 🍪 Inject cookies Shopee...
[2026-05-27T02:24:18.441+0000] {logging_mixin.py:188} INFO - ✅ 16 cookies berhasil diload dari /opt/airflow/dags/shopee_cookies.json
[2026-05-27T02:24:18.557+0000] {logging_mixin.py:188} INFO - 🌍 Membuka Shopee search...
[2026-05-27T02:24:24.831+0000] {logging_mixin.py:188} INFO - 📄 URL   : https://shopee.co.id/search?keyword=msi%20gaming
[2026-05-27T02:24:25.311+0000] {logging_mixin.py:188} INFO - 📄 TITLE : Shopee Indonesia | Situs Belanja Online Terlengkap & Terpercaya
[2026-05-27T02:24:26.085+0000] {logging_mixin.py:188} INFO - ❌ Cookies tidak valid atau sudah expired.
[2026-05-27T02:24:26.197+0000] {logging_mixin.py:188} INFO - [2026-05-27T02:24:26.196+0000] {dagbag.py:355} ERROR - Failed to import: /opt/airflow/dags/playwright_shopee.py
Traceback (most recent call last):
  File "/home/airflow/.local/lib/python3.8/site-packages/airflow/models/dagbag.py", line 351, in parse
    loader.exec_module(new_module)
  File "<frozen importlib._bootstrap_external>", line 843, in exec_module
  File "<frozen importlib._bootstrap>", line 219, in _call_with_frames_removed
  File "/opt/airflow/dags/playwright_shopee.py", line 228, in <module>
    raise RuntimeError("Cookies tidak valid. Export ulang dari Chrome.")
RuntimeError: Cookies tidak valid. Export ulang dari Chrome.
[2026-05-27T02:24:26.198+0000] {processor.py:842} WARNING - No viable dags retrieved from /opt/airflow/dags/playwright_shopee.py
[2026-05-27T02:24:26.225+0000] {processor.py:183} INFO - Processing /opt/airflow/dags/playwright_shopee.py took 8.639 seconds
[2026-05-27T02:24:56.557+0000] {processor.py:161} INFO - Started process (PID=7939) to work on /opt/airflow/dags/playwright_shopee.py
[2026-05-27T02:24:56.558+0000] {processor.py:830} INFO - Processing file /opt/airflow/dags/playwright_shopee.py for tasks to queue
[2026-05-27T02:24:56.560+0000] {logging_mixin.py:188} INFO - [2026-05-27T02:24:56.560+0000] {dagbag.py:545} INFO - Filling up the DagBag from /opt/airflow/dags/playwright_shopee.py
[2026-05-27T02:24:57.007+0000] {logging_mixin.py:188} INFO - 🌐 Membuka Chromium...
[2026-05-27T02:24:57.226+0000] {logging_mixin.py:188} INFO - 🍪 Inject cookies Shopee...
[2026-05-27T02:24:57.229+0000] {logging_mixin.py:188} INFO - ✅ 16 cookies berhasil diload dari /opt/airflow/dags/shopee_cookies.json
[2026-05-27T02:24:57.332+0000] {logging_mixin.py:188} INFO - 🌍 Membuka Shopee search...
[2026-05-27T02:25:03.179+0000] {logging_mixin.py:188} INFO - 📄 URL   : https://shopee.co.id/search?keyword=msi%20gaming
[2026-05-27T02:25:03.206+0000] {logging_mixin.py:188} INFO - 📄 TITLE : Shopee Indonesia | Situs Belanja Online Terlengkap & Terpercaya
[2026-05-27T02:25:03.390+0000] {logging_mixin.py:188} INFO - ✅ Session valid, mulai scraping...
[2026-05-27T02:25:03.398+0000] {logging_mixin.py:188} INFO - [2026-05-27T02:25:03.397+0000] {logger.py:96} INFO - {"message": "Waiting for suitable server to become available", "selector": "<function writable_server_selector at 0x7fedaffb9ee0>", "operation": "createIndexes", "topologyDescription": "<TopologyDescription id: 6a1655ff9e9ef8f8e5fdff91, topology_type: Unknown, servers: [<ServerDescription ('mongodb', 27017) server_type: Unknown, rtt: None>]>", "clientId": {"$oid": "6a1655ff9e9ef8f8e5fdff91"}, "remainingTimeMS": 29}
[2026-05-27T02:25:03.415+0000] {logging_mixin.py:188} INFO - ✅ Terhubung MongoDB: shopee_raw.products
[2026-05-27T02:25:03.416+0000] {logging_mixin.py:188} INFO - 
=================================
[2026-05-27T02:25:03.416+0000] {logging_mixin.py:188} INFO - 📄 PAGE 1/5
[2026-05-27T02:25:03.417+0000] {logging_mixin.py:188} INFO - =================================
[2026-05-27T02:25:03.418+0000] {logging_mixin.py:188} INFO - 🌍 https://shopee.co.id/search?keyword=msi%20gaming&page=0
[2026-05-27T02:25:10.736+0000] {logging_mixin.py:188} INFO - 🖱️ Scrolling...
[2026-05-27T02:25:26.568+0000] {logging_mixin.py:188} INFO - [2026-05-27T02:25:26.568+0000] {timeout.py:68} ERROR - Process timed out, PID: 7939
[2026-05-27T02:25:56.960+0000] {processor.py:161} INFO - Started process (PID=8085) to work on /opt/airflow/dags/playwright_shopee.py
[2026-05-27T02:25:56.960+0000] {processor.py:830} INFO - Processing file /opt/airflow/dags/playwright_shopee.py for tasks to queue
[2026-05-27T02:25:56.962+0000] {logging_mixin.py:188} INFO - [2026-05-27T02:25:56.962+0000] {dagbag.py:545} INFO - Filling up the DagBag from /opt/airflow/dags/playwright_shopee.py
[2026-05-27T02:25:57.401+0000] {logging_mixin.py:188} INFO - 🌐 Membuka Chromium...
[2026-05-27T02:25:57.678+0000] {logging_mixin.py:188} INFO - 🍪 Inject cookies Shopee...
[2026-05-27T02:25:57.682+0000] {logging_mixin.py:188} INFO - ✅ 16 cookies berhasil diload dari /opt/airflow/dags/shopee_cookies.json
[2026-05-27T02:25:57.844+0000] {logging_mixin.py:188} INFO - 🌍 Membuka Shopee search...
[2026-05-27T02:26:05.876+0000] {logging_mixin.py:188} INFO - 📄 URL   : https://shopee.co.id/search?keyword=msi%20gaming
[2026-05-27T02:26:05.989+0000] {logging_mixin.py:188} INFO - 📄 TITLE : 
[2026-05-27T02:26:11.826+0000] {logging_mixin.py:188} INFO - ❌ Kena traffic verify — cookies mungkin expired.
[2026-05-27T02:26:11.828+0000] {logging_mixin.py:188} INFO - ⚠️  Export ulang cookies dari Chrome dan update shopee_cookies.json
[2026-05-27T02:26:12.384+0000] {logging_mixin.py:188} INFO - [2026-05-27T02:26:12.383+0000] {dagbag.py:355} ERROR - Failed to import: /opt/airflow/dags/playwright_shopee.py
Traceback (most recent call last):
  File "/home/airflow/.local/lib/python3.8/site-packages/airflow/models/dagbag.py", line 351, in parse
    loader.exec_module(new_module)
  File "<frozen importlib._bootstrap_external>", line 843, in exec_module
  File "<frozen importlib._bootstrap>", line 219, in _call_with_frames_removed
  File "/opt/airflow/dags/playwright_shopee.py", line 218, in <module>
    raise RuntimeError(
RuntimeError: Shopee traffic verify detected. Update shopee_cookies.json dari Cookie-Editor.
[2026-05-27T02:26:12.385+0000] {processor.py:842} WARNING - No viable dags retrieved from /opt/airflow/dags/playwright_shopee.py
[2026-05-27T02:26:12.415+0000] {processor.py:183} INFO - Processing /opt/airflow/dags/playwright_shopee.py took 15.460 seconds
[2026-05-27T02:26:42.668+0000] {processor.py:161} INFO - Started process (PID=8218) to work on /opt/airflow/dags/playwright_shopee.py
[2026-05-27T02:26:42.669+0000] {processor.py:830} INFO - Processing file /opt/airflow/dags/playwright_shopee.py for tasks to queue
[2026-05-27T02:26:42.671+0000] {logging_mixin.py:188} INFO - [2026-05-27T02:26:42.671+0000] {dagbag.py:545} INFO - Filling up the DagBag from /opt/airflow/dags/playwright_shopee.py
[2026-05-27T02:26:43.097+0000] {logging_mixin.py:188} INFO - 🌐 Membuka Chromium...
[2026-05-27T02:26:43.317+0000] {logging_mixin.py:188} INFO - 🍪 Inject cookies Shopee...
[2026-05-27T02:26:43.320+0000] {logging_mixin.py:188} INFO - ✅ 16 cookies berhasil diload dari /opt/airflow/dags/shopee_cookies.json
[2026-05-27T02:26:43.429+0000] {logging_mixin.py:188} INFO - 🌍 Membuka Shopee search...
[2026-05-27T02:26:49.372+0000] {logging_mixin.py:188} INFO - 📄 URL   : https://shopee.co.id/search?keyword=msi%20gaming
[2026-05-27T02:26:49.426+0000] {logging_mixin.py:188} INFO - 📄 TITLE : Shopee Indonesia | Situs Belanja Online Terlengkap & Terpercaya
[2026-05-27T02:26:49.604+0000] {logging_mixin.py:188} INFO - ✅ Session valid, mulai scraping...
[2026-05-27T02:26:49.609+0000] {logging_mixin.py:188} INFO - [2026-05-27T02:26:49.609+0000] {logger.py:96} INFO - {"message": "Waiting for suitable server to become available", "selector": "<function writable_server_selector at 0x7fedaffb8ee0>", "operation": "createIndexes", "topologyDescription": "<TopologyDescription id: 6a16566920d0aa32ef14b2d8, topology_type: Unknown, servers: [<ServerDescription ('mongodb', 27017) server_type: Unknown, rtt: None>]>", "clientId": {"$oid": "6a16566920d0aa32ef14b2d8"}, "remainingTimeMS": 29}
[2026-05-27T02:26:49.626+0000] {logging_mixin.py:188} INFO - ✅ Terhubung MongoDB: shopee_raw.products
[2026-05-27T02:26:49.627+0000] {logging_mixin.py:188} INFO - 
=================================
[2026-05-27T02:26:49.628+0000] {logging_mixin.py:188} INFO - 📄 PAGE 1/5
[2026-05-27T02:26:49.628+0000] {logging_mixin.py:188} INFO - =================================
[2026-05-27T02:26:49.628+0000] {logging_mixin.py:188} INFO - 🌍 https://shopee.co.id/search?keyword=msi%20gaming&page=0
[2026-05-27T02:26:56.245+0000] {logging_mixin.py:188} INFO - 🖱️ Scrolling...
[2026-05-27T02:27:10.245+0000] {logging_mixin.py:188} INFO - 📄 URL   : https://shopee.co.id/verify/traffic/error?home_url=https%3A%2F%2Fshopee.co.id&is_logged_in=false&next=https%3A%2F%2Fshopee.co.id%2Fsearch%3Fkeyword%3Dmsi%2520gaming%26page%3D0&tracking_id=5428ed3d940-276e-4fa7-8d0c-317d2e239457&type=4
[2026-05-27T02:27:10.292+0000] {logging_mixin.py:188} INFO - 📄 TITLE : Shopee Indonesia | Situs Belanja Online Terlengkap & Terpercaya
[2026-05-27T02:27:10.431+0000] {logging_mixin.py:188} INFO - 🔍 Mengambil item produk...
[2026-05-27T02:27:10.477+0000] {logging_mixin.py:188} INFO - 📦 Total item ditemukan: 0
[2026-05-27T02:27:10.478+0000] {logging_mixin.py:188} INFO - ❌ Produk kosong, simpan HTML debug.
[2026-05-27T02:27:10.518+0000] {logging_mixin.py:188} INFO - 
=================================
[2026-05-27T02:27:10.519+0000] {logging_mixin.py:188} INFO - 📄 PAGE 2/5
[2026-05-27T02:27:10.519+0000] {logging_mixin.py:188} INFO - =================================
[2026-05-27T02:27:10.520+0000] {logging_mixin.py:188} INFO - 🌍 https://shopee.co.id/search?keyword=msi%20gaming&page=1
[2026-05-27T02:27:12.678+0000] {logging_mixin.py:188} INFO - [2026-05-27T02:27:12.678+0000] {timeout.py:68} ERROR - Process timed out, PID: 8218
[2026-05-27T02:27:43.173+0000] {processor.py:161} INFO - Started process (PID=8360) to work on /opt/airflow/dags/playwright_shopee.py
[2026-05-27T02:27:43.174+0000] {processor.py:830} INFO - Processing file /opt/airflow/dags/playwright_shopee.py for tasks to queue
[2026-05-27T02:27:43.176+0000] {logging_mixin.py:188} INFO - [2026-05-27T02:27:43.175+0000] {dagbag.py:545} INFO - Filling up the DagBag from /opt/airflow/dags/playwright_shopee.py
[2026-05-27T02:27:43.605+0000] {logging_mixin.py:188} INFO - 🌐 Membuka Chromium...
[2026-05-27T02:27:43.886+0000] {logging_mixin.py:188} INFO - 🍪 Inject cookies Shopee...
[2026-05-27T02:27:43.890+0000] {logging_mixin.py:188} INFO - ✅ 16 cookies berhasil diload dari /opt/airflow/dags/shopee_cookies.json
[2026-05-27T02:27:43.997+0000] {logging_mixin.py:188} INFO - 🌍 Membuka Shopee search...
[2026-05-27T02:27:51.834+0000] {logging_mixin.py:188} INFO - 📄 URL   : https://shopee.co.id/search?keyword=msi%20gaming
[2026-05-27T02:27:52.229+0000] {logging_mixin.py:188} INFO - 📄 TITLE : Shopee Indonesia | Situs Belanja Online Terlengkap & Terpercaya
[2026-05-27T02:27:53.165+0000] {logging_mixin.py:188} INFO - ❌ Cookies tidak valid atau sudah expired.
[2026-05-27T02:27:53.297+0000] {logging_mixin.py:188} INFO - [2026-05-27T02:27:53.296+0000] {dagbag.py:355} ERROR - Failed to import: /opt/airflow/dags/playwright_shopee.py
Traceback (most recent call last):
  File "/home/airflow/.local/lib/python3.8/site-packages/airflow/models/dagbag.py", line 351, in parse
    loader.exec_module(new_module)
  File "<frozen importlib._bootstrap_external>", line 843, in exec_module
  File "<frozen importlib._bootstrap>", line 219, in _call_with_frames_removed
  File "/opt/airflow/dags/playwright_shopee.py", line 228, in <module>
    raise RuntimeError("Cookies tidak valid. Export ulang dari Chrome.")
RuntimeError: Cookies tidak valid. Export ulang dari Chrome.
[2026-05-27T02:27:53.299+0000] {processor.py:842} WARNING - No viable dags retrieved from /opt/airflow/dags/playwright_shopee.py
[2026-05-27T02:27:53.326+0000] {processor.py:183} INFO - Processing /opt/airflow/dags/playwright_shopee.py took 10.162 seconds
[2026-05-27T02:28:23.892+0000] {processor.py:161} INFO - Started process (PID=8484) to work on /opt/airflow/dags/playwright_shopee.py
[2026-05-27T02:28:23.893+0000] {processor.py:830} INFO - Processing file /opt/airflow/dags/playwright_shopee.py for tasks to queue
[2026-05-27T02:28:23.895+0000] {logging_mixin.py:188} INFO - [2026-05-27T02:28:23.895+0000] {dagbag.py:545} INFO - Filling up the DagBag from /opt/airflow/dags/playwright_shopee.py
[2026-05-27T02:28:24.353+0000] {logging_mixin.py:188} INFO - 🌐 Membuka Chromium...
[2026-05-27T02:28:24.553+0000] {logging_mixin.py:188} INFO - 🍪 Inject cookies Shopee...
[2026-05-27T02:28:24.555+0000] {logging_mixin.py:188} INFO - ✅ 16 cookies berhasil diload dari /opt/airflow/dags/shopee_cookies.json
[2026-05-27T02:28:24.646+0000] {logging_mixin.py:188} INFO - 🌍 Membuka Shopee search...
[2026-05-27T02:28:33.551+0000] {logging_mixin.py:188} INFO - 📄 URL   : https://shopee.co.id/search?keyword=msi%20gaming
[2026-05-27T02:28:34.094+0000] {logging_mixin.py:188} INFO - [2026-05-27T02:28:34.093+0000] {dagbag.py:355} ERROR - Failed to import: /opt/airflow/dags/playwright_shopee.py
Traceback (most recent call last):
  File "/home/airflow/.local/lib/python3.8/site-packages/airflow/models/dagbag.py", line 351, in parse
    loader.exec_module(new_module)
  File "<frozen importlib._bootstrap_external>", line 843, in exec_module
  File "<frozen importlib._bootstrap>", line 219, in _call_with_frames_removed
  File "/opt/airflow/dags/playwright_shopee.py", line 208, in <module>
    print("📄 TITLE :", page.title())
  File "/home/airflow/.local/lib/python3.8/site-packages/playwright/sync_api/_generated.py", line 9407, in title
    return mapping.from_maybe_impl(self._sync(self._impl_obj.title()))
  File "/home/airflow/.local/lib/python3.8/site-packages/playwright/_impl/_sync_base.py", line 115, in _sync
    return task.result()
  File "/home/airflow/.local/lib/python3.8/site-packages/playwright/_impl/_page.py", line 742, in title
    return await self._main_frame.title()
  File "/home/airflow/.local/lib/python3.8/site-packages/playwright/_impl/_frame.py", line 776, in title
    return await self._channel.send("title")
  File "/home/airflow/.local/lib/python3.8/site-packages/playwright/_impl/_connection.py", line 59, in send
    return await self._connection.wrap_api_call(
  File "/home/airflow/.local/lib/python3.8/site-packages/playwright/_impl/_connection.py", line 514, in wrap_api_call
    raise rewrite_error(error, f"{parsed_st['apiName']}: {error}") from None
playwright._impl._errors.Error: Page.title: Execution context was destroyed, most likely because of a navigation
[2026-05-27T02:28:34.094+0000] {processor.py:842} WARNING - No viable dags retrieved from /opt/airflow/dags/playwright_shopee.py
[2026-05-27T02:28:34.121+0000] {processor.py:183} INFO - Processing /opt/airflow/dags/playwright_shopee.py took 10.236 seconds
[2026-05-27T02:29:04.672+0000] {processor.py:161} INFO - Started process (PID=8614) to work on /opt/airflow/dags/playwright_shopee.py
[2026-05-27T02:29:04.673+0000] {processor.py:830} INFO - Processing file /opt/airflow/dags/playwright_shopee.py for tasks to queue
[2026-05-27T02:29:04.675+0000] {logging_mixin.py:188} INFO - [2026-05-27T02:29:04.675+0000] {dagbag.py:545} INFO - Filling up the DagBag from /opt/airflow/dags/playwright_shopee.py
[2026-05-27T02:29:05.107+0000] {logging_mixin.py:188} INFO - 🌐 Membuka Chromium...
[2026-05-27T02:29:05.332+0000] {logging_mixin.py:188} INFO - 🍪 Inject cookies Shopee...
[2026-05-27T02:29:05.335+0000] {logging_mixin.py:188} INFO - ✅ 16 cookies berhasil diload dari /opt/airflow/dags/shopee_cookies.json
[2026-05-27T02:29:05.424+0000] {logging_mixin.py:188} INFO - 🌍 Membuka Shopee search...
[2026-05-27T02:29:11.275+0000] {logging_mixin.py:188} INFO - 📄 URL   : https://shopee.co.id/search?keyword=msi%20gaming
[2026-05-27T02:29:11.734+0000] {logging_mixin.py:188} INFO - 📄 TITLE : Shopee Indonesia | Situs Belanja Online Terlengkap & Terpercaya
[2026-05-27T02:29:12.616+0000] {logging_mixin.py:188} INFO - ❌ Cookies tidak valid atau sudah expired.
[2026-05-27T02:29:12.752+0000] {logging_mixin.py:188} INFO - [2026-05-27T02:29:12.751+0000] {dagbag.py:355} ERROR - Failed to import: /opt/airflow/dags/playwright_shopee.py
Traceback (most recent call last):
  File "/home/airflow/.local/lib/python3.8/site-packages/airflow/models/dagbag.py", line 351, in parse
    loader.exec_module(new_module)
  File "<frozen importlib._bootstrap_external>", line 843, in exec_module
  File "<frozen importlib._bootstrap>", line 219, in _call_with_frames_removed
  File "/opt/airflow/dags/playwright_shopee.py", line 228, in <module>
    raise RuntimeError("Cookies tidak valid. Export ulang dari Chrome.")
RuntimeError: Cookies tidak valid. Export ulang dari Chrome.
[2026-05-27T02:29:12.753+0000] {processor.py:842} WARNING - No viable dags retrieved from /opt/airflow/dags/playwright_shopee.py
[2026-05-27T02:29:12.789+0000] {processor.py:183} INFO - Processing /opt/airflow/dags/playwright_shopee.py took 8.125 seconds
[2026-05-27T02:29:43.259+0000] {processor.py:161} INFO - Started process (PID=8719) to work on /opt/airflow/dags/playwright_shopee.py
[2026-05-27T02:29:43.260+0000] {processor.py:830} INFO - Processing file /opt/airflow/dags/playwright_shopee.py for tasks to queue
[2026-05-27T02:29:43.261+0000] {logging_mixin.py:188} INFO - [2026-05-27T02:29:43.261+0000] {dagbag.py:545} INFO - Filling up the DagBag from /opt/airflow/dags/playwright_shopee.py
[2026-05-27T02:29:43.696+0000] {logging_mixin.py:188} INFO - 🌐 Membuka Chromium...
[2026-05-27T02:29:43.878+0000] {logging_mixin.py:188} INFO - 🍪 Inject cookies Shopee...
[2026-05-27T02:29:43.881+0000] {logging_mixin.py:188} INFO - ✅ 16 cookies berhasil diload dari /opt/airflow/dags/shopee_cookies.json
[2026-05-27T02:29:43.984+0000] {logging_mixin.py:188} INFO - 🌍 Membuka Shopee search...
[2026-05-27T02:29:51.773+0000] {logging_mixin.py:188} INFO - 📄 URL   : https://shopee.co.id/search?keyword=msi%20gaming
[2026-05-27T02:29:52.205+0000] {logging_mixin.py:188} INFO - 📄 TITLE : Jual msi gaming Harga Terbaik & Termurah Mei 2026 | Shopee Indonesia
[2026-05-27T02:29:52.777+0000] {logging_mixin.py:188} INFO - ❌ Kena traffic verify — cookies mungkin expired.
[2026-05-27T02:29:52.778+0000] {logging_mixin.py:188} INFO - ⚠️  Export ulang cookies dari Chrome dan update shopee_cookies.json
[2026-05-27T02:29:55.271+0000] {logging_mixin.py:188} INFO - [2026-05-27T02:29:55.270+0000] {dagbag.py:355} ERROR - Failed to import: /opt/airflow/dags/playwright_shopee.py
Traceback (most recent call last):
  File "/home/airflow/.local/lib/python3.8/site-packages/airflow/models/dagbag.py", line 351, in parse
    loader.exec_module(new_module)
  File "<frozen importlib._bootstrap_external>", line 843, in exec_module
  File "<frozen importlib._bootstrap>", line 219, in _call_with_frames_removed
  File "/opt/airflow/dags/playwright_shopee.py", line 218, in <module>
    raise RuntimeError(
RuntimeError: Shopee traffic verify detected. Update shopee_cookies.json dari Cookie-Editor.
[2026-05-27T02:29:55.273+0000] {processor.py:842} WARNING - No viable dags retrieved from /opt/airflow/dags/playwright_shopee.py
[2026-05-27T02:29:55.300+0000] {processor.py:183} INFO - Processing /opt/airflow/dags/playwright_shopee.py took 12.048 seconds
[2026-05-27T02:30:25.992+0000] {processor.py:161} INFO - Started process (PID=8839) to work on /opt/airflow/dags/playwright_shopee.py
[2026-05-27T02:30:25.993+0000] {processor.py:830} INFO - Processing file /opt/airflow/dags/playwright_shopee.py for tasks to queue
[2026-05-27T02:30:25.994+0000] {logging_mixin.py:188} INFO - [2026-05-27T02:30:25.994+0000] {dagbag.py:545} INFO - Filling up the DagBag from /opt/airflow/dags/playwright_shopee.py
[2026-05-27T02:30:26.418+0000] {logging_mixin.py:188} INFO - 🌐 Membuka Chromium...
[2026-05-27T02:30:26.641+0000] {logging_mixin.py:188} INFO - 🍪 Inject cookies Shopee...
[2026-05-27T02:30:26.643+0000] {logging_mixin.py:188} INFO - ✅ 16 cookies berhasil diload dari /opt/airflow/dags/shopee_cookies.json
[2026-05-27T02:30:26.741+0000] {logging_mixin.py:188} INFO - 🌍 Membuka Shopee search...
[2026-05-27T02:30:37.760+0000] {logging_mixin.py:188} INFO - 📄 URL   : https://shopee.co.id/search?keyword=msi%20gaming
[2026-05-27T02:30:38.040+0000] {logging_mixin.py:188} INFO - 📄 TITLE : 
[2026-05-27T02:30:39.933+0000] {logging_mixin.py:188} INFO - ❌ Kena traffic verify — cookies mungkin expired.
[2026-05-27T02:30:39.934+0000] {logging_mixin.py:188} INFO - ⚠️  Export ulang cookies dari Chrome dan update shopee_cookies.json
[2026-05-27T02:30:40.316+0000] {logging_mixin.py:188} INFO - [2026-05-27T02:30:40.314+0000] {dagbag.py:355} ERROR - Failed to import: /opt/airflow/dags/playwright_shopee.py
Traceback (most recent call last):
  File "/home/airflow/.local/lib/python3.8/site-packages/airflow/models/dagbag.py", line 351, in parse
    loader.exec_module(new_module)
  File "<frozen importlib._bootstrap_external>", line 843, in exec_module
  File "<frozen importlib._bootstrap>", line 219, in _call_with_frames_removed
  File "/opt/airflow/dags/playwright_shopee.py", line 218, in <module>
    raise RuntimeError(
RuntimeError: Shopee traffic verify detected. Update shopee_cookies.json dari Cookie-Editor.
[2026-05-27T02:30:40.317+0000] {processor.py:842} WARNING - No viable dags retrieved from /opt/airflow/dags/playwright_shopee.py
[2026-05-27T02:30:40.339+0000] {processor.py:183} INFO - Processing /opt/airflow/dags/playwright_shopee.py took 14.353 seconds
[2026-05-27T02:31:10.895+0000] {processor.py:161} INFO - Started process (PID=8973) to work on /opt/airflow/dags/playwright_shopee.py
[2026-05-27T02:31:10.896+0000] {processor.py:830} INFO - Processing file /opt/airflow/dags/playwright_shopee.py for tasks to queue
[2026-05-27T02:31:10.898+0000] {logging_mixin.py:188} INFO - [2026-05-27T02:31:10.898+0000] {dagbag.py:545} INFO - Filling up the DagBag from /opt/airflow/dags/playwright_shopee.py
[2026-05-27T02:31:11.303+0000] {logging_mixin.py:188} INFO - 🌐 Membuka Chromium...
[2026-05-27T02:31:11.543+0000] {logging_mixin.py:188} INFO - 🍪 Inject cookies Shopee...
[2026-05-27T02:31:11.546+0000] {logging_mixin.py:188} INFO - ✅ 16 cookies berhasil diload dari /opt/airflow/dags/shopee_cookies.json
[2026-05-27T02:31:11.645+0000] {logging_mixin.py:188} INFO - 🌍 Membuka Shopee search...
[2026-05-27T02:31:19.968+0000] {logging_mixin.py:188} INFO - 📄 URL   : https://shopee.co.id/search?keyword=msi%20gaming
[2026-05-27T02:31:20.460+0000] {logging_mixin.py:188} INFO - 📄 TITLE : Shopee Indonesia | Situs Belanja Online Terlengkap & Terpercaya
[2026-05-27T02:31:21.505+0000] {logging_mixin.py:188} INFO - ❌ Kena traffic verify — cookies mungkin expired.
[2026-05-27T02:31:21.506+0000] {logging_mixin.py:188} INFO - ⚠️  Export ulang cookies dari Chrome dan update shopee_cookies.json
[2026-05-27T02:31:24.151+0000] {logging_mixin.py:188} INFO - [2026-05-27T02:31:24.149+0000] {dagbag.py:355} ERROR - Failed to import: /opt/airflow/dags/playwright_shopee.py
Traceback (most recent call last):
  File "/home/airflow/.local/lib/python3.8/site-packages/airflow/models/dagbag.py", line 351, in parse
    loader.exec_module(new_module)
  File "<frozen importlib._bootstrap_external>", line 843, in exec_module
  File "<frozen importlib._bootstrap>", line 219, in _call_with_frames_removed
  File "/opt/airflow/dags/playwright_shopee.py", line 218, in <module>
    raise RuntimeError(
RuntimeError: Shopee traffic verify detected. Update shopee_cookies.json dari Cookie-Editor.
[2026-05-27T02:31:24.153+0000] {processor.py:842} WARNING - No viable dags retrieved from /opt/airflow/dags/playwright_shopee.py
[2026-05-27T02:31:24.193+0000] {processor.py:183} INFO - Processing /opt/airflow/dags/playwright_shopee.py took 13.305 seconds
[2026-05-27T02:31:54.556+0000] {processor.py:161} INFO - Started process (PID=9095) to work on /opt/airflow/dags/playwright_shopee.py
[2026-05-27T02:31:54.557+0000] {processor.py:830} INFO - Processing file /opt/airflow/dags/playwright_shopee.py for tasks to queue
[2026-05-27T02:31:54.558+0000] {logging_mixin.py:188} INFO - [2026-05-27T02:31:54.558+0000] {dagbag.py:545} INFO - Filling up the DagBag from /opt/airflow/dags/playwright_shopee.py
[2026-05-27T02:31:54.993+0000] {logging_mixin.py:188} INFO - 🌐 Membuka Chromium...
[2026-05-27T02:31:55.323+0000] {logging_mixin.py:188} INFO - 🍪 Inject cookies Shopee...
[2026-05-27T02:31:55.336+0000] {logging_mixin.py:188} INFO - ✅ 16 cookies berhasil diload dari /opt/airflow/dags/shopee_cookies.json
[2026-05-27T02:31:55.474+0000] {logging_mixin.py:188} INFO - 🌍 Membuka Shopee search...
[2026-05-27T02:32:01.910+0000] {logging_mixin.py:188} INFO - 📄 URL   : https://shopee.co.id/search?keyword=msi%20gaming
[2026-05-27T02:32:02.086+0000] {logging_mixin.py:188} INFO - 📄 TITLE : Shopee Indonesia | Situs Belanja Online Terlengkap & Terpercaya
[2026-05-27T02:32:03.914+0000] {logging_mixin.py:188} INFO - ❌ Kena traffic verify — cookies mungkin expired.
[2026-05-27T02:32:03.914+0000] {logging_mixin.py:188} INFO - ⚠️  Export ulang cookies dari Chrome dan update shopee_cookies.json
[2026-05-27T02:32:04.232+0000] {logging_mixin.py:188} INFO - [2026-05-27T02:32:04.231+0000] {dagbag.py:355} ERROR - Failed to import: /opt/airflow/dags/playwright_shopee.py
Traceback (most recent call last):
  File "/home/airflow/.local/lib/python3.8/site-packages/airflow/models/dagbag.py", line 351, in parse
    loader.exec_module(new_module)
  File "<frozen importlib._bootstrap_external>", line 843, in exec_module
  File "<frozen importlib._bootstrap>", line 219, in _call_with_frames_removed
  File "/opt/airflow/dags/playwright_shopee.py", line 218, in <module>
    raise RuntimeError(
RuntimeError: Shopee traffic verify detected. Update shopee_cookies.json dari Cookie-Editor.
[2026-05-27T02:32:04.233+0000] {processor.py:842} WARNING - No viable dags retrieved from /opt/airflow/dags/playwright_shopee.py
[2026-05-27T02:32:04.279+0000] {processor.py:183} INFO - Processing /opt/airflow/dags/playwright_shopee.py took 9.729 seconds
[2026-05-27T02:32:34.745+0000] {processor.py:161} INFO - Started process (PID=9225) to work on /opt/airflow/dags/playwright_shopee.py
[2026-05-27T02:32:34.746+0000] {processor.py:830} INFO - Processing file /opt/airflow/dags/playwright_shopee.py for tasks to queue
[2026-05-27T02:32:34.748+0000] {logging_mixin.py:188} INFO - [2026-05-27T02:32:34.747+0000] {dagbag.py:545} INFO - Filling up the DagBag from /opt/airflow/dags/playwright_shopee.py
[2026-05-27T02:32:35.218+0000] {logging_mixin.py:188} INFO - 🌐 Membuka Chromium...
[2026-05-27T02:32:35.425+0000] {logging_mixin.py:188} INFO - 🍪 Inject cookies Shopee...
[2026-05-27T02:32:35.428+0000] {logging_mixin.py:188} INFO - ✅ 16 cookies berhasil diload dari /opt/airflow/dags/shopee_cookies.json
[2026-05-27T02:32:35.535+0000] {logging_mixin.py:188} INFO - 🌍 Membuka Shopee search...
[2026-05-27T02:32:46.228+0000] {logging_mixin.py:188} INFO - 📄 URL   : https://shopee.co.id/search?keyword=msi%20gaming
[2026-05-27T02:32:46.448+0000] {logging_mixin.py:188} INFO - [2026-05-27T02:32:46.447+0000] {dagbag.py:355} ERROR - Failed to import: /opt/airflow/dags/playwright_shopee.py
Traceback (most recent call last):
  File "/home/airflow/.local/lib/python3.8/site-packages/airflow/models/dagbag.py", line 351, in parse
    loader.exec_module(new_module)
  File "<frozen importlib._bootstrap_external>", line 843, in exec_module
  File "<frozen importlib._bootstrap>", line 219, in _call_with_frames_removed
  File "/opt/airflow/dags/playwright_shopee.py", line 208, in <module>
    print("📄 TITLE :", page.title())
  File "/home/airflow/.local/lib/python3.8/site-packages/playwright/sync_api/_generated.py", line 9407, in title
    return mapping.from_maybe_impl(self._sync(self._impl_obj.title()))
  File "/home/airflow/.local/lib/python3.8/site-packages/playwright/_impl/_sync_base.py", line 115, in _sync
    return task.result()
  File "/home/airflow/.local/lib/python3.8/site-packages/playwright/_impl/_page.py", line 742, in title
    return await self._main_frame.title()
  File "/home/airflow/.local/lib/python3.8/site-packages/playwright/_impl/_frame.py", line 776, in title
    return await self._channel.send("title")
  File "/home/airflow/.local/lib/python3.8/site-packages/playwright/_impl/_connection.py", line 59, in send
    return await self._connection.wrap_api_call(
  File "/home/airflow/.local/lib/python3.8/site-packages/playwright/_impl/_connection.py", line 514, in wrap_api_call
    raise rewrite_error(error, f"{parsed_st['apiName']}: {error}") from None
playwright._impl._errors.Error: Page.title: Execution context was destroyed, most likely because of a navigation
[2026-05-27T02:32:46.449+0000] {processor.py:842} WARNING - No viable dags retrieved from /opt/airflow/dags/playwright_shopee.py
[2026-05-27T02:32:46.471+0000] {processor.py:183} INFO - Processing /opt/airflow/dags/playwright_shopee.py took 11.731 seconds
[2026-05-27T02:33:17.369+0000] {processor.py:161} INFO - Started process (PID=9341) to work on /opt/airflow/dags/playwright_shopee.py
[2026-05-27T02:33:17.370+0000] {processor.py:830} INFO - Processing file /opt/airflow/dags/playwright_shopee.py for tasks to queue
[2026-05-27T02:33:17.372+0000] {logging_mixin.py:188} INFO - [2026-05-27T02:33:17.372+0000] {dagbag.py:545} INFO - Filling up the DagBag from /opt/airflow/dags/playwright_shopee.py
[2026-05-27T02:33:17.804+0000] {logging_mixin.py:188} INFO - 🌐 Membuka Chromium...
[2026-05-27T02:33:18.025+0000] {logging_mixin.py:188} INFO - 🍪 Inject cookies Shopee...
[2026-05-27T02:33:18.027+0000] {logging_mixin.py:188} INFO - ✅ 16 cookies berhasil diload dari /opt/airflow/dags/shopee_cookies.json
[2026-05-27T02:33:18.137+0000] {logging_mixin.py:188} INFO - 🌍 Membuka Shopee search...
[2026-05-27T02:33:26.304+0000] {logging_mixin.py:188} INFO - 📄 URL   : https://shopee.co.id/search?keyword=msi%20gaming
[2026-05-27T02:33:26.546+0000] {logging_mixin.py:188} INFO - [2026-05-27T02:33:26.545+0000] {dagbag.py:355} ERROR - Failed to import: /opt/airflow/dags/playwright_shopee.py
Traceback (most recent call last):
  File "/home/airflow/.local/lib/python3.8/site-packages/airflow/models/dagbag.py", line 351, in parse
    loader.exec_module(new_module)
  File "<frozen importlib._bootstrap_external>", line 843, in exec_module
  File "<frozen importlib._bootstrap>", line 219, in _call_with_frames_removed
  File "/opt/airflow/dags/playwright_shopee.py", line 208, in <module>
    print("📄 TITLE :", page.title())
  File "/home/airflow/.local/lib/python3.8/site-packages/playwright/sync_api/_generated.py", line 9407, in title
    return mapping.from_maybe_impl(self._sync(self._impl_obj.title()))
  File "/home/airflow/.local/lib/python3.8/site-packages/playwright/_impl/_sync_base.py", line 115, in _sync
    return task.result()
  File "/home/airflow/.local/lib/python3.8/site-packages/playwright/_impl/_page.py", line 742, in title
    return await self._main_frame.title()
  File "/home/airflow/.local/lib/python3.8/site-packages/playwright/_impl/_frame.py", line 776, in title
    return await self._channel.send("title")
  File "/home/airflow/.local/lib/python3.8/site-packages/playwright/_impl/_connection.py", line 59, in send
    return await self._connection.wrap_api_call(
  File "/home/airflow/.local/lib/python3.8/site-packages/playwright/_impl/_connection.py", line 514, in wrap_api_call
    raise rewrite_error(error, f"{parsed_st['apiName']}: {error}") from None
playwright._impl._errors.Error: Page.title: Execution context was destroyed, most likely because of a navigation
[2026-05-27T02:33:26.547+0000] {processor.py:842} WARNING - No viable dags retrieved from /opt/airflow/dags/playwright_shopee.py
[2026-05-27T02:33:26.573+0000] {processor.py:183} INFO - Processing /opt/airflow/dags/playwright_shopee.py took 9.212 seconds
[2026-05-27T02:33:56.914+0000] {processor.py:161} INFO - Started process (PID=9460) to work on /opt/airflow/dags/playwright_shopee.py
[2026-05-27T02:33:56.915+0000] {processor.py:830} INFO - Processing file /opt/airflow/dags/playwright_shopee.py for tasks to queue
[2026-05-27T02:33:56.917+0000] {logging_mixin.py:188} INFO - [2026-05-27T02:33:56.916+0000] {dagbag.py:545} INFO - Filling up the DagBag from /opt/airflow/dags/playwright_shopee.py
[2026-05-27T02:33:57.344+0000] {logging_mixin.py:188} INFO - 🌐 Membuka Chromium...
[2026-05-27T02:33:57.562+0000] {logging_mixin.py:188} INFO - 🍪 Inject cookies Shopee...
[2026-05-27T02:33:57.564+0000] {logging_mixin.py:188} INFO - ✅ 16 cookies berhasil diload dari /opt/airflow/dags/shopee_cookies.json
[2026-05-27T02:33:57.655+0000] {logging_mixin.py:188} INFO - 🌍 Membuka Shopee search...
[2026-05-27T02:34:06.267+0000] {logging_mixin.py:188} INFO - 📄 URL   : https://shopee.co.id/search?keyword=msi%20gaming
[2026-05-27T02:34:06.892+0000] {logging_mixin.py:188} INFO - 📄 TITLE : 
[2026-05-27T02:34:08.817+0000] {logging_mixin.py:188} INFO - ❌ Kena traffic verify — cookies mungkin expired.
[2026-05-27T02:34:08.818+0000] {logging_mixin.py:188} INFO - ⚠️  Export ulang cookies dari Chrome dan update shopee_cookies.json
[2026-05-27T02:34:09.196+0000] {logging_mixin.py:188} INFO - [2026-05-27T02:34:09.194+0000] {dagbag.py:355} ERROR - Failed to import: /opt/airflow/dags/playwright_shopee.py
Traceback (most recent call last):
  File "/home/airflow/.local/lib/python3.8/site-packages/airflow/models/dagbag.py", line 351, in parse
    loader.exec_module(new_module)
  File "<frozen importlib._bootstrap_external>", line 843, in exec_module
  File "<frozen importlib._bootstrap>", line 219, in _call_with_frames_removed
  File "/opt/airflow/dags/playwright_shopee.py", line 218, in <module>
    raise RuntimeError(
RuntimeError: Shopee traffic verify detected. Update shopee_cookies.json dari Cookie-Editor.
[2026-05-27T02:34:09.197+0000] {processor.py:842} WARNING - No viable dags retrieved from /opt/airflow/dags/playwright_shopee.py
[2026-05-27T02:34:09.224+0000] {processor.py:183} INFO - Processing /opt/airflow/dags/playwright_shopee.py took 12.317 seconds
[2026-05-27T02:34:39.558+0000] {processor.py:161} INFO - Started process (PID=9595) to work on /opt/airflow/dags/playwright_shopee.py
[2026-05-27T02:34:39.558+0000] {processor.py:830} INFO - Processing file /opt/airflow/dags/playwright_shopee.py for tasks to queue
[2026-05-27T02:34:39.560+0000] {logging_mixin.py:188} INFO - [2026-05-27T02:34:39.560+0000] {dagbag.py:545} INFO - Filling up the DagBag from /opt/airflow/dags/playwright_shopee.py
[2026-05-27T02:34:39.970+0000] {logging_mixin.py:188} INFO - 🌐 Membuka Chromium...
[2026-05-27T02:34:40.175+0000] {logging_mixin.py:188} INFO - 🍪 Inject cookies Shopee...
[2026-05-27T02:34:40.178+0000] {logging_mixin.py:188} INFO - ✅ 16 cookies berhasil diload dari /opt/airflow/dags/shopee_cookies.json
[2026-05-27T02:34:40.305+0000] {logging_mixin.py:188} INFO - 🌍 Membuka Shopee search...
[2026-05-27T02:34:50.644+0000] {logging_mixin.py:188} INFO - 📄 URL   : https://shopee.co.id/search?keyword=msi%20gaming
[2026-05-27T02:34:51.417+0000] {logging_mixin.py:188} INFO - 📄 TITLE : 
[2026-05-27T02:34:53.639+0000] {logging_mixin.py:188} INFO - ❌ Kena traffic verify — cookies mungkin expired.
[2026-05-27T02:34:53.640+0000] {logging_mixin.py:188} INFO - ⚠️  Export ulang cookies dari Chrome dan update shopee_cookies.json
[2026-05-27T02:34:54.200+0000] {logging_mixin.py:188} INFO - [2026-05-27T02:34:54.198+0000] {dagbag.py:355} ERROR - Failed to import: /opt/airflow/dags/playwright_shopee.py
Traceback (most recent call last):
  File "/home/airflow/.local/lib/python3.8/site-packages/airflow/models/dagbag.py", line 351, in parse
    loader.exec_module(new_module)
  File "<frozen importlib._bootstrap_external>", line 843, in exec_module
  File "<frozen importlib._bootstrap>", line 219, in _call_with_frames_removed
  File "/opt/airflow/dags/playwright_shopee.py", line 218, in <module>
    raise RuntimeError(
RuntimeError: Shopee traffic verify detected. Update shopee_cookies.json dari Cookie-Editor.
[2026-05-27T02:34:54.201+0000] {processor.py:842} WARNING - No viable dags retrieved from /opt/airflow/dags/playwright_shopee.py
[2026-05-27T02:34:54.222+0000] {processor.py:183} INFO - Processing /opt/airflow/dags/playwright_shopee.py took 14.673 seconds
[2026-05-27T02:35:24.333+0000] {processor.py:161} INFO - Started process (PID=9724) to work on /opt/airflow/dags/playwright_shopee.py
[2026-05-27T02:35:24.335+0000] {processor.py:830} INFO - Processing file /opt/airflow/dags/playwright_shopee.py for tasks to queue
[2026-05-27T02:35:24.340+0000] {logging_mixin.py:188} INFO - [2026-05-27T02:35:24.340+0000] {dagbag.py:545} INFO - Filling up the DagBag from /opt/airflow/dags/playwright_shopee.py
[2026-05-27T02:35:24.768+0000] {logging_mixin.py:188} INFO - 🌐 Membuka Chromium...
[2026-05-27T02:35:24.977+0000] {logging_mixin.py:188} INFO - 🍪 Inject cookies Shopee...
[2026-05-27T02:35:24.979+0000] {logging_mixin.py:188} INFO - ✅ 16 cookies berhasil diload dari /opt/airflow/dags/shopee_cookies.json
[2026-05-27T02:35:25.075+0000] {logging_mixin.py:188} INFO - 🌍 Membuka Shopee search...
[2026-05-27T02:35:31.106+0000] {logging_mixin.py:188} INFO - 📄 URL   : https://shopee.co.id/search?keyword=msi%20gaming
[2026-05-27T02:35:31.131+0000] {logging_mixin.py:188} INFO - 📄 TITLE : Shopee Indonesia | Situs Belanja Online Terlengkap & Terpercaya
[2026-05-27T02:35:31.288+0000] {logging_mixin.py:188} INFO - ✅ Session valid, mulai scraping...
[2026-05-27T02:35:31.294+0000] {logging_mixin.py:188} INFO - [2026-05-27T02:35:31.293+0000] {logger.py:96} INFO - {"message": "Waiting for suitable server to become available", "selector": "<function writable_server_selector at 0x7fedaffb8f70>", "operation": "createIndexes", "topologyDescription": "<TopologyDescription id: 6a165873416fa52d794977a7, topology_type: Unknown, servers: [<ServerDescription ('mongodb', 27017) server_type: Unknown, rtt: None>]>", "clientId": {"$oid": "6a165873416fa52d794977a7"}, "remainingTimeMS": 29}
[2026-05-27T02:35:31.312+0000] {logging_mixin.py:188} INFO - ✅ Terhubung MongoDB: shopee_raw.products
[2026-05-27T02:35:31.312+0000] {logging_mixin.py:188} INFO - 
=================================
[2026-05-27T02:35:31.313+0000] {logging_mixin.py:188} INFO - 📄 PAGE 1/5
[2026-05-27T02:35:31.313+0000] {logging_mixin.py:188} INFO - =================================
[2026-05-27T02:35:31.314+0000] {logging_mixin.py:188} INFO - 🌍 https://shopee.co.id/search?keyword=msi%20gaming&page=0
[2026-05-27T02:35:37.612+0000] {logging_mixin.py:188} INFO - 🖱️ Scrolling...
[2026-05-27T02:35:50.576+0000] {logging_mixin.py:188} INFO - 📄 URL   : https://shopee.co.id/verify/traffic/error?home_url=https%3A%2F%2Fshopee.co.id&is_logged_in=false&next=https%3A%2F%2Fshopee.co.id%2Fsearch%3Fkeyword%3Dmsi%2520gaming%26page%3D0&tracking_id=54770a8ce48-b186-4bf9-81a4-9f1729472034&type=4
[2026-05-27T02:35:50.609+0000] {logging_mixin.py:188} INFO - 📄 TITLE : Shopee Indonesia | Situs Belanja Online Terlengkap & Terpercaya
[2026-05-27T02:35:50.720+0000] {logging_mixin.py:188} INFO - 🔍 Mengambil item produk...
[2026-05-27T02:35:50.772+0000] {logging_mixin.py:188} INFO - 📦 Total item ditemukan: 0
[2026-05-27T02:35:50.773+0000] {logging_mixin.py:188} INFO - ❌ Produk kosong, simpan HTML debug.
[2026-05-27T02:35:50.809+0000] {logging_mixin.py:188} INFO - 
=================================
[2026-05-27T02:35:50.810+0000] {logging_mixin.py:188} INFO - 📄 PAGE 2/5
[2026-05-27T02:35:50.810+0000] {logging_mixin.py:188} INFO - =================================
[2026-05-27T02:35:50.810+0000] {logging_mixin.py:188} INFO - 🌍 https://shopee.co.id/search?keyword=msi%20gaming&page=1
[2026-05-27T02:35:54.347+0000] {logging_mixin.py:188} INFO - [2026-05-27T02:35:54.347+0000] {timeout.py:68} ERROR - Process timed out, PID: 9724
[2026-05-27T02:36:25.133+0000] {processor.py:161} INFO - Started process (PID=9878) to work on /opt/airflow/dags/playwright_shopee.py
[2026-05-27T02:36:25.135+0000] {processor.py:830} INFO - Processing file /opt/airflow/dags/playwright_shopee.py for tasks to queue
[2026-05-27T02:36:25.137+0000] {logging_mixin.py:188} INFO - [2026-05-27T02:36:25.136+0000] {dagbag.py:545} INFO - Filling up the DagBag from /opt/airflow/dags/playwright_shopee.py
[2026-05-27T02:36:25.608+0000] {logging_mixin.py:188} INFO - 🌐 Membuka Chromium...
[2026-05-27T02:36:25.815+0000] {logging_mixin.py:188} INFO - 🍪 Inject cookies Shopee...
[2026-05-27T02:36:25.817+0000] {logging_mixin.py:188} INFO - ✅ 16 cookies berhasil diload dari /opt/airflow/dags/shopee_cookies.json
[2026-05-27T02:36:25.918+0000] {logging_mixin.py:188} INFO - 🌍 Membuka Shopee search...
[2026-05-27T02:36:35.248+0000] {logging_mixin.py:188} INFO - 📄 URL   : https://shopee.co.id/search?keyword=msi%20gaming
[2026-05-27T02:36:35.555+0000] {logging_mixin.py:188} INFO - 📄 TITLE : Shopee Indonesia | Situs Belanja Online Terlengkap & Terpercaya
[2026-05-27T02:36:37.963+0000] {logging_mixin.py:188} INFO - ❌ Kena traffic verify — cookies mungkin expired.
[2026-05-27T02:36:37.964+0000] {logging_mixin.py:188} INFO - ⚠️  Export ulang cookies dari Chrome dan update shopee_cookies.json
[2026-05-27T02:36:41.177+0000] {logging_mixin.py:188} INFO - [2026-05-27T02:36:41.175+0000] {dagbag.py:355} ERROR - Failed to import: /opt/airflow/dags/playwright_shopee.py
Traceback (most recent call last):
  File "/home/airflow/.local/lib/python3.8/site-packages/airflow/models/dagbag.py", line 351, in parse
    loader.exec_module(new_module)
  File "<frozen importlib._bootstrap_external>", line 843, in exec_module
  File "<frozen importlib._bootstrap>", line 219, in _call_with_frames_removed
  File "/opt/airflow/dags/playwright_shopee.py", line 218, in <module>
    raise RuntimeError(
RuntimeError: Shopee traffic verify detected. Update shopee_cookies.json dari Cookie-Editor.
[2026-05-27T02:36:41.178+0000] {processor.py:842} WARNING - No viable dags retrieved from /opt/airflow/dags/playwright_shopee.py
[2026-05-27T02:36:41.208+0000] {processor.py:183} INFO - Processing /opt/airflow/dags/playwright_shopee.py took 16.082 seconds
[2026-05-27T02:37:11.296+0000] {processor.py:161} INFO - Started process (PID=10010) to work on /opt/airflow/dags/playwright_shopee.py
[2026-05-27T02:37:11.297+0000] {processor.py:830} INFO - Processing file /opt/airflow/dags/playwright_shopee.py for tasks to queue
[2026-05-27T02:37:11.298+0000] {logging_mixin.py:188} INFO - [2026-05-27T02:37:11.298+0000] {dagbag.py:545} INFO - Filling up the DagBag from /opt/airflow/dags/playwright_shopee.py
[2026-05-27T02:37:11.762+0000] {logging_mixin.py:188} INFO - 🌐 Membuka Chromium...
[2026-05-27T02:37:11.982+0000] {logging_mixin.py:188} INFO - 🍪 Inject cookies Shopee...
[2026-05-27T02:37:11.984+0000] {logging_mixin.py:188} INFO - ✅ 16 cookies berhasil diload dari /opt/airflow/dags/shopee_cookies.json
[2026-05-27T02:37:12.070+0000] {logging_mixin.py:188} INFO - 🌍 Membuka Shopee search...
[2026-05-27T02:37:19.333+0000] {logging_mixin.py:188} INFO - 📄 URL   : https://shopee.co.id/search?keyword=msi%20gaming
[2026-05-27T02:37:19.819+0000] {logging_mixin.py:188} INFO - 📄 TITLE : Shopee Indonesia | Situs Belanja Online Terlengkap & Terpercaya
[2026-05-27T02:37:21.251+0000] {logging_mixin.py:188} INFO - ❌ Kena traffic verify — cookies mungkin expired.
[2026-05-27T02:37:21.251+0000] {logging_mixin.py:188} INFO - ⚠️  Export ulang cookies dari Chrome dan update shopee_cookies.json
[2026-05-27T02:37:23.841+0000] {logging_mixin.py:188} INFO - [2026-05-27T02:37:23.840+0000] {dagbag.py:355} ERROR - Failed to import: /opt/airflow/dags/playwright_shopee.py
Traceback (most recent call last):
  File "/home/airflow/.local/lib/python3.8/site-packages/airflow/models/dagbag.py", line 351, in parse
    loader.exec_module(new_module)
  File "<frozen importlib._bootstrap_external>", line 843, in exec_module
  File "<frozen importlib._bootstrap>", line 219, in _call_with_frames_removed
  File "/opt/airflow/dags/playwright_shopee.py", line 218, in <module>
    raise RuntimeError(
RuntimeError: Shopee traffic verify detected. Update shopee_cookies.json dari Cookie-Editor.
[2026-05-27T02:37:23.842+0000] {processor.py:842} WARNING - No viable dags retrieved from /opt/airflow/dags/playwright_shopee.py
[2026-05-27T02:37:23.866+0000] {processor.py:183} INFO - Processing /opt/airflow/dags/playwright_shopee.py took 12.578 seconds
[2026-05-27T02:37:54.745+0000] {processor.py:161} INFO - Started process (PID=10132) to work on /opt/airflow/dags/playwright_shopee.py
[2026-05-27T02:37:54.746+0000] {processor.py:830} INFO - Processing file /opt/airflow/dags/playwright_shopee.py for tasks to queue
[2026-05-27T02:37:54.748+0000] {logging_mixin.py:188} INFO - [2026-05-27T02:37:54.747+0000] {dagbag.py:545} INFO - Filling up the DagBag from /opt/airflow/dags/playwright_shopee.py
[2026-05-27T02:37:55.179+0000] {logging_mixin.py:188} INFO - 🌐 Membuka Chromium...
[2026-05-27T02:37:55.401+0000] {logging_mixin.py:188} INFO - 🍪 Inject cookies Shopee...
[2026-05-27T02:37:55.403+0000] {logging_mixin.py:188} INFO - ✅ 16 cookies berhasil diload dari /opt/airflow/dags/shopee_cookies.json
[2026-05-27T02:37:55.495+0000] {logging_mixin.py:188} INFO - 🌍 Membuka Shopee search...
[2026-05-27T02:38:07.214+0000] {logging_mixin.py:188} INFO - 📄 URL   : https://shopee.co.id/search?keyword=msi%20gaming
[2026-05-27T02:38:07.324+0000] {logging_mixin.py:188} INFO - 📄 TITLE : Shopee Indonesia | Situs Belanja Online Terlengkap & Terpercaya
[2026-05-27T02:38:07.688+0000] {logging_mixin.py:188} INFO - ❌ Cookies tidak valid atau sudah expired.
[2026-05-27T02:38:07.810+0000] {logging_mixin.py:188} INFO - [2026-05-27T02:38:07.808+0000] {dagbag.py:355} ERROR - Failed to import: /opt/airflow/dags/playwright_shopee.py
Traceback (most recent call last):
  File "/home/airflow/.local/lib/python3.8/site-packages/airflow/models/dagbag.py", line 351, in parse
    loader.exec_module(new_module)
  File "<frozen importlib._bootstrap_external>", line 843, in exec_module
  File "<frozen importlib._bootstrap>", line 219, in _call_with_frames_removed
  File "/opt/airflow/dags/playwright_shopee.py", line 228, in <module>
    raise RuntimeError("Cookies tidak valid. Export ulang dari Chrome.")
RuntimeError: Cookies tidak valid. Export ulang dari Chrome.
[2026-05-27T02:38:07.811+0000] {processor.py:842} WARNING - No viable dags retrieved from /opt/airflow/dags/playwright_shopee.py
[2026-05-27T02:38:07.833+0000] {processor.py:183} INFO - Processing /opt/airflow/dags/playwright_shopee.py took 13.094 seconds
[2026-05-27T02:38:38.655+0000] {processor.py:161} INFO - Started process (PID=10264) to work on /opt/airflow/dags/playwright_shopee.py
[2026-05-27T02:38:38.656+0000] {processor.py:830} INFO - Processing file /opt/airflow/dags/playwright_shopee.py for tasks to queue
[2026-05-27T02:38:38.657+0000] {logging_mixin.py:188} INFO - [2026-05-27T02:38:38.657+0000] {dagbag.py:545} INFO - Filling up the DagBag from /opt/airflow/dags/playwright_shopee.py
[2026-05-27T02:38:39.125+0000] {logging_mixin.py:188} INFO - 🌐 Membuka Chromium...
[2026-05-27T02:38:39.341+0000] {logging_mixin.py:188} INFO - 🍪 Inject cookies Shopee...
[2026-05-27T02:38:39.344+0000] {logging_mixin.py:188} INFO - ✅ 16 cookies berhasil diload dari /opt/airflow/dags/shopee_cookies.json
[2026-05-27T02:38:39.443+0000] {logging_mixin.py:188} INFO - 🌍 Membuka Shopee search...
[2026-05-27T02:38:46.322+0000] {logging_mixin.py:188} INFO - 📄 URL   : https://shopee.co.id/search?keyword=msi%20gaming
[2026-05-27T02:38:46.537+0000] {logging_mixin.py:188} INFO - 📄 TITLE : Shopee Indonesia | Situs Belanja Online Terlengkap & Terpercaya
[2026-05-27T02:38:47.014+0000] {logging_mixin.py:188} INFO - ❌ Cookies tidak valid atau sudah expired.
[2026-05-27T02:38:47.131+0000] {logging_mixin.py:188} INFO - [2026-05-27T02:38:47.130+0000] {dagbag.py:355} ERROR - Failed to import: /opt/airflow/dags/playwright_shopee.py
Traceback (most recent call last):
  File "/home/airflow/.local/lib/python3.8/site-packages/airflow/models/dagbag.py", line 351, in parse
    loader.exec_module(new_module)
  File "<frozen importlib._bootstrap_external>", line 843, in exec_module
  File "<frozen importlib._bootstrap>", line 219, in _call_with_frames_removed
  File "/opt/airflow/dags/playwright_shopee.py", line 228, in <module>
    raise RuntimeError("Cookies tidak valid. Export ulang dari Chrome.")
RuntimeError: Cookies tidak valid. Export ulang dari Chrome.
[2026-05-27T02:38:47.133+0000] {processor.py:842} WARNING - No viable dags retrieved from /opt/airflow/dags/playwright_shopee.py
[2026-05-27T02:38:47.161+0000] {processor.py:183} INFO - Processing /opt/airflow/dags/playwright_shopee.py took 8.513 seconds
[2026-05-27T02:39:17.214+0000] {processor.py:161} INFO - Started process (PID=10384) to work on /opt/airflow/dags/playwright_shopee.py
[2026-05-27T02:39:17.215+0000] {processor.py:830} INFO - Processing file /opt/airflow/dags/playwright_shopee.py for tasks to queue
[2026-05-27T02:39:17.217+0000] {logging_mixin.py:188} INFO - [2026-05-27T02:39:17.217+0000] {dagbag.py:545} INFO - Filling up the DagBag from /opt/airflow/dags/playwright_shopee.py
[2026-05-27T02:39:17.676+0000] {logging_mixin.py:188} INFO - 🌐 Membuka Chromium...
[2026-05-27T02:39:17.894+0000] {logging_mixin.py:188} INFO - 🍪 Inject cookies Shopee...
[2026-05-27T02:39:17.896+0000] {logging_mixin.py:188} INFO - ✅ 16 cookies berhasil diload dari /opt/airflow/dags/shopee_cookies.json
[2026-05-27T02:39:18.001+0000] {logging_mixin.py:188} INFO - 🌍 Membuka Shopee search...
[2026-05-27T02:39:27.747+0000] {logging_mixin.py:188} INFO - 📄 URL   : https://shopee.co.id/search?keyword=msi%20gaming
[2026-05-27T02:39:28.226+0000] {logging_mixin.py:188} INFO - 📄 TITLE : 
[2026-05-27T02:39:29.979+0000] {logging_mixin.py:188} INFO - ❌ Kena traffic verify — cookies mungkin expired.
[2026-05-27T02:39:29.980+0000] {logging_mixin.py:188} INFO - ⚠️  Export ulang cookies dari Chrome dan update shopee_cookies.json
[2026-05-27T02:39:30.443+0000] {logging_mixin.py:188} INFO - [2026-05-27T02:39:30.442+0000] {dagbag.py:355} ERROR - Failed to import: /opt/airflow/dags/playwright_shopee.py
Traceback (most recent call last):
  File "/home/airflow/.local/lib/python3.8/site-packages/airflow/models/dagbag.py", line 351, in parse
    loader.exec_module(new_module)
  File "<frozen importlib._bootstrap_external>", line 843, in exec_module
  File "<frozen importlib._bootstrap>", line 219, in _call_with_frames_removed
  File "/opt/airflow/dags/playwright_shopee.py", line 218, in <module>
    raise RuntimeError(
RuntimeError: Shopee traffic verify detected. Update shopee_cookies.json dari Cookie-Editor.
[2026-05-27T02:39:30.444+0000] {processor.py:842} WARNING - No viable dags retrieved from /opt/airflow/dags/playwright_shopee.py
[2026-05-27T02:39:30.467+0000] {processor.py:183} INFO - Processing /opt/airflow/dags/playwright_shopee.py took 13.262 seconds
[2026-05-27T02:40:00.809+0000] {processor.py:161} INFO - Started process (PID=10512) to work on /opt/airflow/dags/playwright_shopee.py
[2026-05-27T02:40:00.810+0000] {processor.py:830} INFO - Processing file /opt/airflow/dags/playwright_shopee.py for tasks to queue
[2026-05-27T02:40:00.812+0000] {logging_mixin.py:188} INFO - [2026-05-27T02:40:00.812+0000] {dagbag.py:545} INFO - Filling up the DagBag from /opt/airflow/dags/playwright_shopee.py
[2026-05-27T02:40:01.242+0000] {logging_mixin.py:188} INFO - 🌐 Membuka Chromium...
[2026-05-27T02:40:01.446+0000] {logging_mixin.py:188} INFO - 🍪 Inject cookies Shopee...
[2026-05-27T02:40:01.449+0000] {logging_mixin.py:188} INFO - ✅ 16 cookies berhasil diload dari /opt/airflow/dags/shopee_cookies.json
[2026-05-27T02:40:01.541+0000] {logging_mixin.py:188} INFO - 🌍 Membuka Shopee search...
[2026-05-27T02:40:09.603+0000] {logging_mixin.py:188} INFO - 📄 URL   : https://shopee.co.id/search?keyword=msi%20gaming
[2026-05-27T02:40:09.992+0000] {logging_mixin.py:188} INFO - 📄 TITLE : Shopee Indonesia | Situs Belanja Online Terlengkap & Terpercaya
[2026-05-27T02:40:11.108+0000] {logging_mixin.py:188} INFO - ❌ Kena traffic verify — cookies mungkin expired.
[2026-05-27T02:40:11.109+0000] {logging_mixin.py:188} INFO - ⚠️  Export ulang cookies dari Chrome dan update shopee_cookies.json
[2026-05-27T02:40:13.465+0000] {logging_mixin.py:188} INFO - [2026-05-27T02:40:13.463+0000] {dagbag.py:355} ERROR - Failed to import: /opt/airflow/dags/playwright_shopee.py
Traceback (most recent call last):
  File "/home/airflow/.local/lib/python3.8/site-packages/airflow/models/dagbag.py", line 351, in parse
    loader.exec_module(new_module)
  File "<frozen importlib._bootstrap_external>", line 843, in exec_module
  File "<frozen importlib._bootstrap>", line 219, in _call_with_frames_removed
  File "/opt/airflow/dags/playwright_shopee.py", line 218, in <module>
    raise RuntimeError(
RuntimeError: Shopee traffic verify detected. Update shopee_cookies.json dari Cookie-Editor.
[2026-05-27T02:40:13.466+0000] {processor.py:842} WARNING - No viable dags retrieved from /opt/airflow/dags/playwright_shopee.py
[2026-05-27T02:40:13.490+0000] {processor.py:183} INFO - Processing /opt/airflow/dags/playwright_shopee.py took 12.688 seconds
[2026-05-27T02:40:43.902+0000] {processor.py:161} INFO - Started process (PID=10641) to work on /opt/airflow/dags/playwright_shopee.py
[2026-05-27T02:40:43.902+0000] {processor.py:830} INFO - Processing file /opt/airflow/dags/playwright_shopee.py for tasks to queue
[2026-05-27T02:40:43.904+0000] {logging_mixin.py:188} INFO - [2026-05-27T02:40:43.904+0000] {dagbag.py:545} INFO - Filling up the DagBag from /opt/airflow/dags/playwright_shopee.py
[2026-05-27T02:40:44.334+0000] {logging_mixin.py:188} INFO - 🌐 Membuka Chromium...
[2026-05-27T02:40:44.583+0000] {logging_mixin.py:188} INFO - 🍪 Inject cookies Shopee...
[2026-05-27T02:40:44.586+0000] {logging_mixin.py:188} INFO - ✅ 16 cookies berhasil diload dari /opt/airflow/dags/shopee_cookies.json
[2026-05-27T02:40:44.694+0000] {logging_mixin.py:188} INFO - 🌍 Membuka Shopee search...
[2026-05-27T02:40:51.768+0000] {logging_mixin.py:188} INFO - 📄 URL   : https://shopee.co.id/search?keyword=msi%20gaming
[2026-05-27T02:40:52.250+0000] {logging_mixin.py:188} INFO - 📄 TITLE : Shopee Indonesia | Situs Belanja Online Terlengkap & Terpercaya
[2026-05-27T02:40:53.289+0000] {logging_mixin.py:188} INFO - ❌ Kena traffic verify — cookies mungkin expired.
[2026-05-27T02:40:53.290+0000] {logging_mixin.py:188} INFO - ⚠️  Export ulang cookies dari Chrome dan update shopee_cookies.json
[2026-05-27T02:40:55.688+0000] {logging_mixin.py:188} INFO - [2026-05-27T02:40:55.686+0000] {dagbag.py:355} ERROR - Failed to import: /opt/airflow/dags/playwright_shopee.py
Traceback (most recent call last):
  File "/home/airflow/.local/lib/python3.8/site-packages/airflow/models/dagbag.py", line 351, in parse
    loader.exec_module(new_module)
  File "<frozen importlib._bootstrap_external>", line 843, in exec_module
  File "<frozen importlib._bootstrap>", line 219, in _call_with_frames_removed
  File "/opt/airflow/dags/playwright_shopee.py", line 218, in <module>
    raise RuntimeError(
RuntimeError: Shopee traffic verify detected. Update shopee_cookies.json dari Cookie-Editor.
[2026-05-27T02:40:55.689+0000] {processor.py:842} WARNING - No viable dags retrieved from /opt/airflow/dags/playwright_shopee.py
[2026-05-27T02:40:55.712+0000] {processor.py:183} INFO - Processing /opt/airflow/dags/playwright_shopee.py took 11.820 seconds
[2026-05-27T02:41:26.303+0000] {processor.py:161} INFO - Started process (PID=10763) to work on /opt/airflow/dags/playwright_shopee.py
[2026-05-27T02:41:26.304+0000] {processor.py:830} INFO - Processing file /opt/airflow/dags/playwright_shopee.py for tasks to queue
[2026-05-27T02:41:26.306+0000] {logging_mixin.py:188} INFO - [2026-05-27T02:41:26.306+0000] {dagbag.py:545} INFO - Filling up the DagBag from /opt/airflow/dags/playwright_shopee.py
[2026-05-27T02:41:26.798+0000] {logging_mixin.py:188} INFO - 🌐 Membuka Chromium...
[2026-05-27T02:41:27.025+0000] {logging_mixin.py:188} INFO - 🍪 Inject cookies Shopee...
[2026-05-27T02:41:27.027+0000] {logging_mixin.py:188} INFO - ✅ 16 cookies berhasil diload dari /opt/airflow/dags/shopee_cookies.json
[2026-05-27T02:41:27.118+0000] {logging_mixin.py:188} INFO - 🌍 Membuka Shopee search...
[2026-05-27T02:41:34.680+0000] {logging_mixin.py:188} INFO - 📄 URL   : https://shopee.co.id/search?keyword=msi%20gaming
[2026-05-27T02:41:35.148+0000] {logging_mixin.py:188} INFO - 📄 TITLE : Jual msi gaming Harga Terbaik & Termurah Mei 2026 | Shopee Indonesia
[2026-05-27T02:41:35.814+0000] {logging_mixin.py:188} INFO - ❌ Kena traffic verify — cookies mungkin expired.
[2026-05-27T02:41:35.815+0000] {logging_mixin.py:188} INFO - ⚠️  Export ulang cookies dari Chrome dan update shopee_cookies.json
[2026-05-27T02:41:39.146+0000] {logging_mixin.py:188} INFO - [2026-05-27T02:41:39.145+0000] {dagbag.py:355} ERROR - Failed to import: /opt/airflow/dags/playwright_shopee.py
Traceback (most recent call last):
  File "/home/airflow/.local/lib/python3.8/site-packages/airflow/models/dagbag.py", line 351, in parse
    loader.exec_module(new_module)
  File "<frozen importlib._bootstrap_external>", line 843, in exec_module
  File "<frozen importlib._bootstrap>", line 219, in _call_with_frames_removed
  File "/opt/airflow/dags/playwright_shopee.py", line 218, in <module>
    raise RuntimeError(
RuntimeError: Shopee traffic verify detected. Update shopee_cookies.json dari Cookie-Editor.
[2026-05-27T02:41:39.147+0000] {processor.py:842} WARNING - No viable dags retrieved from /opt/airflow/dags/playwright_shopee.py
[2026-05-27T02:41:39.171+0000] {processor.py:183} INFO - Processing /opt/airflow/dags/playwright_shopee.py took 12.874 seconds
[2026-05-27T02:42:09.837+0000] {processor.py:161} INFO - Started process (PID=10882) to work on /opt/airflow/dags/playwright_shopee.py
[2026-05-27T02:42:09.838+0000] {processor.py:830} INFO - Processing file /opt/airflow/dags/playwright_shopee.py for tasks to queue
[2026-05-27T02:42:09.839+0000] {logging_mixin.py:188} INFO - [2026-05-27T02:42:09.839+0000] {dagbag.py:545} INFO - Filling up the DagBag from /opt/airflow/dags/playwright_shopee.py
[2026-05-27T02:42:10.299+0000] {logging_mixin.py:188} INFO - 🌐 Membuka Chromium...
[2026-05-27T02:42:10.487+0000] {logging_mixin.py:188} INFO - 🍪 Inject cookies Shopee...
[2026-05-27T02:42:10.490+0000] {logging_mixin.py:188} INFO - ✅ 16 cookies berhasil diload dari /opt/airflow/dags/shopee_cookies.json
[2026-05-27T02:42:10.604+0000] {logging_mixin.py:188} INFO - 🌍 Membuka Shopee search...
[2026-05-27T02:42:19.115+0000] {logging_mixin.py:188} INFO - 📄 URL   : https://shopee.co.id/search?keyword=msi%20gaming
[2026-05-27T02:42:19.138+0000] {logging_mixin.py:188} INFO - 📄 TITLE : Shopee Indonesia | Situs Belanja Online Terlengkap & Terpercaya
[2026-05-27T02:42:19.352+0000] {logging_mixin.py:188} INFO - ❌ Cookies tidak valid atau sudah expired.
[2026-05-27T02:42:19.454+0000] {logging_mixin.py:188} INFO - [2026-05-27T02:42:19.452+0000] {dagbag.py:355} ERROR - Failed to import: /opt/airflow/dags/playwright_shopee.py
Traceback (most recent call last):
  File "/home/airflow/.local/lib/python3.8/site-packages/airflow/models/dagbag.py", line 351, in parse
    loader.exec_module(new_module)
  File "<frozen importlib._bootstrap_external>", line 843, in exec_module
  File "<frozen importlib._bootstrap>", line 219, in _call_with_frames_removed
  File "/opt/airflow/dags/playwright_shopee.py", line 228, in <module>
    raise RuntimeError("Cookies tidak valid. Export ulang dari Chrome.")
RuntimeError: Cookies tidak valid. Export ulang dari Chrome.
[2026-05-27T02:42:19.455+0000] {processor.py:842} WARNING - No viable dags retrieved from /opt/airflow/dags/playwright_shopee.py
[2026-05-27T02:42:19.487+0000] {processor.py:183} INFO - Processing /opt/airflow/dags/playwright_shopee.py took 9.657 seconds
[2026-05-27T02:42:49.561+0000] {processor.py:161} INFO - Started process (PID=11011) to work on /opt/airflow/dags/playwright_shopee.py
[2026-05-27T02:42:49.563+0000] {processor.py:830} INFO - Processing file /opt/airflow/dags/playwright_shopee.py for tasks to queue
[2026-05-27T02:42:49.570+0000] {logging_mixin.py:188} INFO - [2026-05-27T02:42:49.570+0000] {dagbag.py:545} INFO - Filling up the DagBag from /opt/airflow/dags/playwright_shopee.py
[2026-05-27T02:42:50.101+0000] {logging_mixin.py:188} INFO - 🌐 Membuka Chromium...
[2026-05-27T02:42:50.324+0000] {logging_mixin.py:188} INFO - 🍪 Inject cookies Shopee...
[2026-05-27T02:42:50.327+0000] {logging_mixin.py:188} INFO - ✅ 16 cookies berhasil diload dari /opt/airflow/dags/shopee_cookies.json
[2026-05-27T02:42:50.425+0000] {logging_mixin.py:188} INFO - 🌍 Membuka Shopee search...
[2026-05-27T02:42:59.379+0000] {logging_mixin.py:188} INFO - 📄 URL   : https://shopee.co.id/search?keyword=msi%20gaming
[2026-05-27T02:42:59.655+0000] {logging_mixin.py:188} INFO - 📄 TITLE : Shopee Indonesia | Situs Belanja Online Terlengkap & Terpercaya
[2026-05-27T02:43:01.369+0000] {logging_mixin.py:188} INFO - ❌ Kena traffic verify — cookies mungkin expired.
[2026-05-27T02:43:01.369+0000] {logging_mixin.py:188} INFO - ⚠️  Export ulang cookies dari Chrome dan update shopee_cookies.json
[2026-05-27T02:43:04.083+0000] {logging_mixin.py:188} INFO - [2026-05-27T02:43:04.082+0000] {dagbag.py:355} ERROR - Failed to import: /opt/airflow/dags/playwright_shopee.py
Traceback (most recent call last):
  File "/home/airflow/.local/lib/python3.8/site-packages/airflow/models/dagbag.py", line 351, in parse
    loader.exec_module(new_module)
  File "<frozen importlib._bootstrap_external>", line 843, in exec_module
  File "<frozen importlib._bootstrap>", line 219, in _call_with_frames_removed
  File "/opt/airflow/dags/playwright_shopee.py", line 218, in <module>
    raise RuntimeError(
RuntimeError: Shopee traffic verify detected. Update shopee_cookies.json dari Cookie-Editor.
[2026-05-27T02:43:04.084+0000] {processor.py:842} WARNING - No viable dags retrieved from /opt/airflow/dags/playwright_shopee.py
[2026-05-27T02:43:04.109+0000] {processor.py:183} INFO - Processing /opt/airflow/dags/playwright_shopee.py took 14.556 seconds
[2026-05-27T02:43:34.320+0000] {processor.py:161} INFO - Started process (PID=11135) to work on /opt/airflow/dags/playwright_shopee.py
[2026-05-27T02:43:34.321+0000] {processor.py:830} INFO - Processing file /opt/airflow/dags/playwright_shopee.py for tasks to queue
[2026-05-27T02:43:34.324+0000] {logging_mixin.py:188} INFO - [2026-05-27T02:43:34.323+0000] {dagbag.py:545} INFO - Filling up the DagBag from /opt/airflow/dags/playwright_shopee.py
[2026-05-27T02:43:34.776+0000] {logging_mixin.py:188} INFO - 🌐 Membuka Chromium...
[2026-05-27T02:43:35.076+0000] {logging_mixin.py:188} INFO - 🍪 Inject cookies Shopee...
[2026-05-27T02:43:35.079+0000] {logging_mixin.py:188} INFO - ✅ 16 cookies berhasil diload dari /opt/airflow/dags/shopee_cookies.json
[2026-05-27T02:43:35.179+0000] {logging_mixin.py:188} INFO - 🌍 Membuka Shopee search...
[2026-05-27T02:43:42.490+0000] {logging_mixin.py:188} INFO - 📄 URL   : https://shopee.co.id/search?keyword=msi%20gaming
[2026-05-27T02:43:43.058+0000] {logging_mixin.py:188} INFO - 📄 TITLE : Shopee Indonesia | Situs Belanja Online Terlengkap & Terpercaya
[2026-05-27T02:43:43.829+0000] {logging_mixin.py:188} INFO - ❌ Cookies tidak valid atau sudah expired.
[2026-05-27T02:43:43.948+0000] {logging_mixin.py:188} INFO - [2026-05-27T02:43:43.947+0000] {dagbag.py:355} ERROR - Failed to import: /opt/airflow/dags/playwright_shopee.py
Traceback (most recent call last):
  File "/home/airflow/.local/lib/python3.8/site-packages/airflow/models/dagbag.py", line 351, in parse
    loader.exec_module(new_module)
  File "<frozen importlib._bootstrap_external>", line 843, in exec_module
  File "<frozen importlib._bootstrap>", line 219, in _call_with_frames_removed
  File "/opt/airflow/dags/playwright_shopee.py", line 228, in <module>
    raise RuntimeError("Cookies tidak valid. Export ulang dari Chrome.")
RuntimeError: Cookies tidak valid. Export ulang dari Chrome.
[2026-05-27T02:43:43.949+0000] {processor.py:842} WARNING - No viable dags retrieved from /opt/airflow/dags/playwright_shopee.py
[2026-05-27T02:43:43.971+0000] {processor.py:183} INFO - Processing /opt/airflow/dags/playwright_shopee.py took 9.657 seconds
[2026-05-27T02:44:14.026+0000] {processor.py:161} INFO - Started process (PID=11246) to work on /opt/airflow/dags/playwright_shopee.py
[2026-05-27T02:44:14.027+0000] {processor.py:830} INFO - Processing file /opt/airflow/dags/playwright_shopee.py for tasks to queue
[2026-05-27T02:44:14.029+0000] {logging_mixin.py:188} INFO - [2026-05-27T02:44:14.029+0000] {dagbag.py:545} INFO - Filling up the DagBag from /opt/airflow/dags/playwright_shopee.py
[2026-05-27T02:44:14.544+0000] {logging_mixin.py:188} INFO - 🌐 Membuka Chromium...
[2026-05-27T02:44:14.782+0000] {logging_mixin.py:188} INFO - 🍪 Inject cookies Shopee...
[2026-05-27T02:44:14.785+0000] {logging_mixin.py:188} INFO - ✅ 16 cookies berhasil diload dari /opt/airflow/dags/shopee_cookies.json
[2026-05-27T02:44:14.878+0000] {logging_mixin.py:188} INFO - 🌍 Membuka Shopee search...
[2026-05-27T02:44:27.269+0000] {logging_mixin.py:188} INFO - 📄 URL   : https://shopee.co.id/search?keyword=msi%20gaming
[2026-05-27T02:44:27.639+0000] {logging_mixin.py:188} INFO - [2026-05-27T02:44:27.638+0000] {dagbag.py:355} ERROR - Failed to import: /opt/airflow/dags/playwright_shopee.py
Traceback (most recent call last):
  File "/home/airflow/.local/lib/python3.8/site-packages/airflow/models/dagbag.py", line 351, in parse
    loader.exec_module(new_module)
  File "<frozen importlib._bootstrap_external>", line 843, in exec_module
  File "<frozen importlib._bootstrap>", line 219, in _call_with_frames_removed
  File "/opt/airflow/dags/playwright_shopee.py", line 208, in <module>
    print("📄 TITLE :", page.title())
  File "/home/airflow/.local/lib/python3.8/site-packages/playwright/sync_api/_generated.py", line 9407, in title
    return mapping.from_maybe_impl(self._sync(self._impl_obj.title()))
  File "/home/airflow/.local/lib/python3.8/site-packages/playwright/_impl/_sync_base.py", line 115, in _sync
    return task.result()
  File "/home/airflow/.local/lib/python3.8/site-packages/playwright/_impl/_page.py", line 742, in title
    return await self._main_frame.title()
  File "/home/airflow/.local/lib/python3.8/site-packages/playwright/_impl/_frame.py", line 776, in title
    return await self._channel.send("title")
  File "/home/airflow/.local/lib/python3.8/site-packages/playwright/_impl/_connection.py", line 59, in send
    return await self._connection.wrap_api_call(
  File "/home/airflow/.local/lib/python3.8/site-packages/playwright/_impl/_connection.py", line 514, in wrap_api_call
    raise rewrite_error(error, f"{parsed_st['apiName']}: {error}") from None
playwright._impl._errors.Error: Page.title: Execution context was destroyed, most likely because of a navigation
[2026-05-27T02:44:27.639+0000] {processor.py:842} WARNING - No viable dags retrieved from /opt/airflow/dags/playwright_shopee.py
[2026-05-27T02:44:27.661+0000] {processor.py:183} INFO - Processing /opt/airflow/dags/playwright_shopee.py took 13.642 seconds
[2026-05-27T02:44:57.789+0000] {processor.py:161} INFO - Started process (PID=11364) to work on /opt/airflow/dags/playwright_shopee.py
[2026-05-27T02:44:57.790+0000] {processor.py:830} INFO - Processing file /opt/airflow/dags/playwright_shopee.py for tasks to queue
[2026-05-27T02:44:57.792+0000] {logging_mixin.py:188} INFO - [2026-05-27T02:44:57.791+0000] {dagbag.py:545} INFO - Filling up the DagBag from /opt/airflow/dags/playwright_shopee.py
[2026-05-27T02:44:58.226+0000] {logging_mixin.py:188} INFO - 🌐 Membuka Chromium...
[2026-05-27T02:44:58.433+0000] {logging_mixin.py:188} INFO - 🍪 Inject cookies Shopee...
[2026-05-27T02:44:58.435+0000] {logging_mixin.py:188} INFO - ✅ 16 cookies berhasil diload dari /opt/airflow/dags/shopee_cookies.json
[2026-05-27T02:44:58.543+0000] {logging_mixin.py:188} INFO - 🌍 Membuka Shopee search...
[2026-05-27T02:45:10.338+0000] {logging_mixin.py:188} INFO - 📄 URL   : https://shopee.co.id/search?keyword=msi%20gaming
[2026-05-27T02:45:10.993+0000] {logging_mixin.py:188} INFO - 📄 TITLE : Shopee Indonesia | Situs Belanja Online Terlengkap & Terpercaya
[2026-05-27T02:45:11.561+0000] {logging_mixin.py:188} INFO - ❌ Kena traffic verify — cookies mungkin expired.
[2026-05-27T02:45:11.562+0000] {logging_mixin.py:188} INFO - ⚠️  Export ulang cookies dari Chrome dan update shopee_cookies.json
[2026-05-27T02:45:12.014+0000] {logging_mixin.py:188} INFO - [2026-05-27T02:45:12.013+0000] {dagbag.py:355} ERROR - Failed to import: /opt/airflow/dags/playwright_shopee.py
Traceback (most recent call last):
  File "/home/airflow/.local/lib/python3.8/site-packages/airflow/models/dagbag.py", line 351, in parse
    loader.exec_module(new_module)
  File "<frozen importlib._bootstrap_external>", line 843, in exec_module
  File "<frozen importlib._bootstrap>", line 219, in _call_with_frames_removed
  File "/opt/airflow/dags/playwright_shopee.py", line 218, in <module>
    raise RuntimeError(
RuntimeError: Shopee traffic verify detected. Update shopee_cookies.json dari Cookie-Editor.
[2026-05-27T02:45:12.015+0000] {processor.py:842} WARNING - No viable dags retrieved from /opt/airflow/dags/playwright_shopee.py
[2026-05-27T02:45:12.037+0000] {processor.py:183} INFO - Processing /opt/airflow/dags/playwright_shopee.py took 14.254 seconds
[2026-05-27T02:45:42.550+0000] {processor.py:161} INFO - Started process (PID=11488) to work on /opt/airflow/dags/playwright_shopee.py
[2026-05-27T02:45:42.551+0000] {processor.py:830} INFO - Processing file /opt/airflow/dags/playwright_shopee.py for tasks to queue
[2026-05-27T02:45:42.552+0000] {logging_mixin.py:188} INFO - [2026-05-27T02:45:42.552+0000] {dagbag.py:545} INFO - Filling up the DagBag from /opt/airflow/dags/playwright_shopee.py
[2026-05-27T02:45:43.000+0000] {logging_mixin.py:188} INFO - 🌐 Membuka Chromium...
[2026-05-27T02:45:43.192+0000] {logging_mixin.py:188} INFO - 🍪 Inject cookies Shopee...
[2026-05-27T02:45:43.194+0000] {logging_mixin.py:188} INFO - ✅ 16 cookies berhasil diload dari /opt/airflow/dags/shopee_cookies.json
[2026-05-27T02:45:43.297+0000] {logging_mixin.py:188} INFO - 🌍 Membuka Shopee search...
[2026-05-27T02:45:50.225+0000] {logging_mixin.py:188} INFO - 📄 URL   : https://shopee.co.id/search?keyword=msi%20gaming
[2026-05-27T02:45:51.122+0000] {logging_mixin.py:188} INFO - 📄 TITLE : Shopee Indonesia | Situs Belanja Online Terlengkap & Terpercaya
[2026-05-27T02:45:52.001+0000] {logging_mixin.py:188} INFO - ❌ Kena traffic verify — cookies mungkin expired.
[2026-05-27T02:45:52.001+0000] {logging_mixin.py:188} INFO - ⚠️  Export ulang cookies dari Chrome dan update shopee_cookies.json
[2026-05-27T02:45:54.329+0000] {logging_mixin.py:188} INFO - [2026-05-27T02:45:54.328+0000] {dagbag.py:355} ERROR - Failed to import: /opt/airflow/dags/playwright_shopee.py
Traceback (most recent call last):
  File "/home/airflow/.local/lib/python3.8/site-packages/airflow/models/dagbag.py", line 351, in parse
    loader.exec_module(new_module)
  File "<frozen importlib._bootstrap_external>", line 843, in exec_module
  File "<frozen importlib._bootstrap>", line 219, in _call_with_frames_removed
  File "/opt/airflow/dags/playwright_shopee.py", line 218, in <module>
    raise RuntimeError(
RuntimeError: Shopee traffic verify detected. Update shopee_cookies.json dari Cookie-Editor.
[2026-05-27T02:45:54.331+0000] {processor.py:842} WARNING - No viable dags retrieved from /opt/airflow/dags/playwright_shopee.py
[2026-05-27T02:45:54.363+0000] {processor.py:183} INFO - Processing /opt/airflow/dags/playwright_shopee.py took 11.820 seconds
[2026-05-27T02:46:25.388+0000] {processor.py:161} INFO - Started process (PID=11618) to work on /opt/airflow/dags/playwright_shopee.py
[2026-05-27T02:46:25.389+0000] {processor.py:830} INFO - Processing file /opt/airflow/dags/playwright_shopee.py for tasks to queue
[2026-05-27T02:46:25.390+0000] {logging_mixin.py:188} INFO - [2026-05-27T02:46:25.390+0000] {dagbag.py:545} INFO - Filling up the DagBag from /opt/airflow/dags/playwright_shopee.py
[2026-05-27T02:46:25.849+0000] {logging_mixin.py:188} INFO - 🌐 Membuka Chromium...
[2026-05-27T02:46:26.087+0000] {logging_mixin.py:188} INFO - 🍪 Inject cookies Shopee...
[2026-05-27T02:46:26.090+0000] {logging_mixin.py:188} INFO - ✅ 16 cookies berhasil diload dari /opt/airflow/dags/shopee_cookies.json
[2026-05-27T02:46:26.189+0000] {logging_mixin.py:188} INFO - 🌍 Membuka Shopee search...
[2026-05-27T02:46:36.304+0000] {logging_mixin.py:188} INFO - 📄 URL   : https://shopee.co.id/search?keyword=msi%20gaming
[2026-05-27T02:46:36.513+0000] {logging_mixin.py:188} INFO - [2026-05-27T02:46:36.512+0000] {dagbag.py:355} ERROR - Failed to import: /opt/airflow/dags/playwright_shopee.py
Traceback (most recent call last):
  File "/home/airflow/.local/lib/python3.8/site-packages/airflow/models/dagbag.py", line 351, in parse
    loader.exec_module(new_module)
  File "<frozen importlib._bootstrap_external>", line 843, in exec_module
  File "<frozen importlib._bootstrap>", line 219, in _call_with_frames_removed
  File "/opt/airflow/dags/playwright_shopee.py", line 208, in <module>
    print("📄 TITLE :", page.title())
  File "/home/airflow/.local/lib/python3.8/site-packages/playwright/sync_api/_generated.py", line 9407, in title
    return mapping.from_maybe_impl(self._sync(self._impl_obj.title()))
  File "/home/airflow/.local/lib/python3.8/site-packages/playwright/_impl/_sync_base.py", line 115, in _sync
    return task.result()
  File "/home/airflow/.local/lib/python3.8/site-packages/playwright/_impl/_page.py", line 742, in title
    return await self._main_frame.title()
  File "/home/airflow/.local/lib/python3.8/site-packages/playwright/_impl/_frame.py", line 776, in title
    return await self._channel.send("title")
  File "/home/airflow/.local/lib/python3.8/site-packages/playwright/_impl/_connection.py", line 59, in send
    return await self._connection.wrap_api_call(
  File "/home/airflow/.local/lib/python3.8/site-packages/playwright/_impl/_connection.py", line 514, in wrap_api_call
    raise rewrite_error(error, f"{parsed_st['apiName']}: {error}") from None
playwright._impl._errors.Error: Page.title: Execution context was destroyed, most likely because of a navigation
[2026-05-27T02:46:36.514+0000] {processor.py:842} WARNING - No viable dags retrieved from /opt/airflow/dags/playwright_shopee.py
[2026-05-27T02:46:36.542+0000] {processor.py:183} INFO - Processing /opt/airflow/dags/playwright_shopee.py took 11.160 seconds
[2026-05-27T02:47:06.994+0000] {processor.py:161} INFO - Started process (PID=11737) to work on /opt/airflow/dags/playwright_shopee.py
[2026-05-27T02:47:06.996+0000] {processor.py:830} INFO - Processing file /opt/airflow/dags/playwright_shopee.py for tasks to queue
[2026-05-27T02:47:06.997+0000] {logging_mixin.py:188} INFO - [2026-05-27T02:47:06.997+0000] {dagbag.py:545} INFO - Filling up the DagBag from /opt/airflow/dags/playwright_shopee.py
[2026-05-27T02:47:07.459+0000] {logging_mixin.py:188} INFO - 🌐 Membuka Chromium...
[2026-05-27T02:47:07.707+0000] {logging_mixin.py:188} INFO - 🍪 Inject cookies Shopee...
[2026-05-27T02:47:07.710+0000] {logging_mixin.py:188} INFO - ✅ 16 cookies berhasil diload dari /opt/airflow/dags/shopee_cookies.json
[2026-05-27T02:47:07.805+0000] {logging_mixin.py:188} INFO - 🌍 Membuka Shopee search...
[2026-05-27T02:47:19.265+0000] {logging_mixin.py:188} INFO - 📄 URL   : https://shopee.co.id/search?keyword=msi%20gaming
[2026-05-27T02:47:19.377+0000] {logging_mixin.py:188} INFO - 📄 TITLE : Shopee Indonesia | Situs Belanja Online Terlengkap & Terpercaya
[2026-05-27T02:47:21.472+0000] {logging_mixin.py:188} INFO - [2026-05-27T02:47:21.470+0000] {dagbag.py:355} ERROR - Failed to import: /opt/airflow/dags/playwright_shopee.py
Traceback (most recent call last):
  File "/home/airflow/.local/lib/python3.8/site-packages/airflow/models/dagbag.py", line 351, in parse
    loader.exec_module(new_module)
  File "<frozen importlib._bootstrap_external>", line 843, in exec_module
  File "<frozen importlib._bootstrap>", line 219, in _call_with_frames_removed
  File "/opt/airflow/dags/playwright_shopee.py", line 224, in <module>
    content = page.content()
  File "/home/airflow/.local/lib/python3.8/site-packages/playwright/sync_api/_generated.py", line 8582, in content
    return mapping.from_maybe_impl(self._sync(self._impl_obj.content()))
  File "/home/airflow/.local/lib/python3.8/site-packages/playwright/_impl/_sync_base.py", line 115, in _sync
    return task.result()
  File "/home/airflow/.local/lib/python3.8/site-packages/playwright/_impl/_page.py", line 502, in content
    return await self._main_frame.content()
  File "/home/airflow/.local/lib/python3.8/site-packages/playwright/_impl/_frame.py", line 416, in content
    return await self._channel.send("content")
  File "/home/airflow/.local/lib/python3.8/site-packages/playwright/_impl/_connection.py", line 59, in send
    return await self._connection.wrap_api_call(
  File "/home/airflow/.local/lib/python3.8/site-packages/playwright/_impl/_connection.py", line 514, in wrap_api_call
    raise rewrite_error(error, f"{parsed_st['apiName']}: {error}") from None
playwright._impl._errors.Error: Page.content: Unable to retrieve content because the page is navigating and changing the content.
[2026-05-27T02:47:21.473+0000] {processor.py:842} WARNING - No viable dags retrieved from /opt/airflow/dags/playwright_shopee.py
[2026-05-27T02:47:21.502+0000] {processor.py:183} INFO - Processing /opt/airflow/dags/playwright_shopee.py took 14.516 seconds
[2026-05-27T02:47:51.982+0000] {processor.py:161} INFO - Started process (PID=11865) to work on /opt/airflow/dags/playwright_shopee.py
[2026-05-27T02:47:51.983+0000] {processor.py:830} INFO - Processing file /opt/airflow/dags/playwright_shopee.py for tasks to queue
[2026-05-27T02:47:51.984+0000] {logging_mixin.py:188} INFO - [2026-05-27T02:47:51.984+0000] {dagbag.py:545} INFO - Filling up the DagBag from /opt/airflow/dags/playwright_shopee.py
[2026-05-27T02:47:52.403+0000] {logging_mixin.py:188} INFO - 🌐 Membuka Chromium...
[2026-05-27T02:47:52.633+0000] {logging_mixin.py:188} INFO - 🍪 Inject cookies Shopee...
[2026-05-27T02:47:52.635+0000] {logging_mixin.py:188} INFO - ✅ 16 cookies berhasil diload dari /opt/airflow/dags/shopee_cookies.json
[2026-05-27T02:47:52.724+0000] {logging_mixin.py:188} INFO - 🌍 Membuka Shopee search...
[2026-05-27T02:48:05.391+0000] {logging_mixin.py:188} INFO - 📄 URL   : https://shopee.co.id/search?keyword=msi%20gaming
[2026-05-27T02:48:05.624+0000] {logging_mixin.py:188} INFO - 📄 TITLE : Shopee Indonesia | Situs Belanja Online Terlengkap & Terpercaya
[2026-05-27T02:48:06.163+0000] {logging_mixin.py:188} INFO - ❌ Kena traffic verify — cookies mungkin expired.
[2026-05-27T02:48:06.163+0000] {logging_mixin.py:188} INFO - ⚠️  Export ulang cookies dari Chrome dan update shopee_cookies.json
[2026-05-27T02:48:06.468+0000] {logging_mixin.py:188} INFO - [2026-05-27T02:48:06.467+0000] {dagbag.py:355} ERROR - Failed to import: /opt/airflow/dags/playwright_shopee.py
Traceback (most recent call last):
  File "/home/airflow/.local/lib/python3.8/site-packages/airflow/models/dagbag.py", line 351, in parse
    loader.exec_module(new_module)
  File "<frozen importlib._bootstrap_external>", line 843, in exec_module
  File "<frozen importlib._bootstrap>", line 219, in _call_with_frames_removed
  File "/opt/airflow/dags/playwright_shopee.py", line 218, in <module>
    raise RuntimeError(
RuntimeError: Shopee traffic verify detected. Update shopee_cookies.json dari Cookie-Editor.
[2026-05-27T02:48:06.469+0000] {processor.py:842} WARNING - No viable dags retrieved from /opt/airflow/dags/playwright_shopee.py
[2026-05-27T02:48:06.494+0000] {processor.py:183} INFO - Processing /opt/airflow/dags/playwright_shopee.py took 14.517 seconds
[2026-05-27T02:48:36.671+0000] {processor.py:161} INFO - Started process (PID=11989) to work on /opt/airflow/dags/playwright_shopee.py
[2026-05-27T02:48:36.673+0000] {processor.py:830} INFO - Processing file /opt/airflow/dags/playwright_shopee.py for tasks to queue
[2026-05-27T02:48:36.674+0000] {logging_mixin.py:188} INFO - [2026-05-27T02:48:36.674+0000] {dagbag.py:545} INFO - Filling up the DagBag from /opt/airflow/dags/playwright_shopee.py
[2026-05-27T02:48:37.117+0000] {logging_mixin.py:188} INFO - 🌐 Membuka Chromium...
[2026-05-27T02:48:37.291+0000] {logging_mixin.py:188} INFO - 🍪 Inject cookies Shopee...
[2026-05-27T02:48:37.294+0000] {logging_mixin.py:188} INFO - ✅ 16 cookies berhasil diload dari /opt/airflow/dags/shopee_cookies.json
[2026-05-27T02:48:37.408+0000] {logging_mixin.py:188} INFO - 🌍 Membuka Shopee search...
[2026-05-27T02:48:45.481+0000] {logging_mixin.py:188} INFO - 📄 URL   : https://shopee.co.id/search?keyword=msi%20gaming
[2026-05-27T02:48:45.751+0000] {logging_mixin.py:188} INFO - 📄 TITLE : Shopee Indonesia | Situs Belanja Online Terlengkap & Terpercaya
[2026-05-27T02:48:46.858+0000] {logging_mixin.py:188} INFO - ❌ Kena traffic verify — cookies mungkin expired.
[2026-05-27T02:48:46.859+0000] {logging_mixin.py:188} INFO - ⚠️  Export ulang cookies dari Chrome dan update shopee_cookies.json
[2026-05-27T02:48:47.128+0000] {logging_mixin.py:188} INFO - [2026-05-27T02:48:47.127+0000] {dagbag.py:355} ERROR - Failed to import: /opt/airflow/dags/playwright_shopee.py
Traceback (most recent call last):
  File "/home/airflow/.local/lib/python3.8/site-packages/airflow/models/dagbag.py", line 351, in parse
    loader.exec_module(new_module)
  File "<frozen importlib._bootstrap_external>", line 843, in exec_module
  File "<frozen importlib._bootstrap>", line 219, in _call_with_frames_removed
  File "/opt/airflow/dags/playwright_shopee.py", line 218, in <module>
    raise RuntimeError(
RuntimeError: Shopee traffic verify detected. Update shopee_cookies.json dari Cookie-Editor.
[2026-05-27T02:48:47.129+0000] {processor.py:842} WARNING - No viable dags retrieved from /opt/airflow/dags/playwright_shopee.py
[2026-05-27T02:48:47.153+0000] {processor.py:183} INFO - Processing /opt/airflow/dags/playwright_shopee.py took 10.487 seconds
[2026-05-27T02:49:17.206+0000] {processor.py:161} INFO - Started process (PID=12107) to work on /opt/airflow/dags/playwright_shopee.py
[2026-05-27T02:49:17.207+0000] {processor.py:830} INFO - Processing file /opt/airflow/dags/playwright_shopee.py for tasks to queue
[2026-05-27T02:49:17.209+0000] {logging_mixin.py:188} INFO - [2026-05-27T02:49:17.208+0000] {dagbag.py:545} INFO - Filling up the DagBag from /opt/airflow/dags/playwright_shopee.py
[2026-05-27T02:49:17.673+0000] {logging_mixin.py:188} INFO - 🌐 Membuka Chromium...
[2026-05-27T02:49:17.852+0000] {logging_mixin.py:188} INFO - 🍪 Inject cookies Shopee...
[2026-05-27T02:49:17.854+0000] {logging_mixin.py:188} INFO - ✅ 16 cookies berhasil diload dari /opt/airflow/dags/shopee_cookies.json
[2026-05-27T02:49:17.969+0000] {logging_mixin.py:188} INFO - 🌍 Membuka Shopee search...
[2026-05-27T02:49:25.968+0000] {logging_mixin.py:188} INFO - 📄 URL   : https://shopee.co.id/search?keyword=msi%20gaming
[2026-05-27T02:49:26.129+0000] {logging_mixin.py:188} INFO - 📄 TITLE : Shopee Indonesia | Situs Belanja Online Terlengkap & Terpercaya
[2026-05-27T02:49:27.804+0000] {logging_mixin.py:188} INFO - ❌ Kena traffic verify — cookies mungkin expired.
[2026-05-27T02:49:27.804+0000] {logging_mixin.py:188} INFO - ⚠️  Export ulang cookies dari Chrome dan update shopee_cookies.json
[2026-05-27T02:49:30.406+0000] {logging_mixin.py:188} INFO - [2026-05-27T02:49:30.405+0000] {dagbag.py:355} ERROR - Failed to import: /opt/airflow/dags/playwright_shopee.py
Traceback (most recent call last):
  File "/home/airflow/.local/lib/python3.8/site-packages/airflow/models/dagbag.py", line 351, in parse
    loader.exec_module(new_module)
  File "<frozen importlib._bootstrap_external>", line 843, in exec_module
  File "<frozen importlib._bootstrap>", line 219, in _call_with_frames_removed
  File "/opt/airflow/dags/playwright_shopee.py", line 218, in <module>
    raise RuntimeError(
RuntimeError: Shopee traffic verify detected. Update shopee_cookies.json dari Cookie-Editor.
[2026-05-27T02:49:30.407+0000] {processor.py:842} WARNING - No viable dags retrieved from /opt/airflow/dags/playwright_shopee.py
[2026-05-27T02:49:30.431+0000] {processor.py:183} INFO - Processing /opt/airflow/dags/playwright_shopee.py took 13.234 seconds
[2026-05-27T02:50:01.017+0000] {processor.py:161} INFO - Started process (PID=12240) to work on /opt/airflow/dags/playwright_shopee.py
[2026-05-27T02:50:01.018+0000] {processor.py:830} INFO - Processing file /opt/airflow/dags/playwright_shopee.py for tasks to queue
[2026-05-27T02:50:01.019+0000] {logging_mixin.py:188} INFO - [2026-05-27T02:50:01.019+0000] {dagbag.py:545} INFO - Filling up the DagBag from /opt/airflow/dags/playwright_shopee.py
[2026-05-27T02:50:01.442+0000] {logging_mixin.py:188} INFO - 🌐 Membuka Chromium...
[2026-05-27T02:50:01.633+0000] {logging_mixin.py:188} INFO - 🍪 Inject cookies Shopee...
[2026-05-27T02:50:01.636+0000] {logging_mixin.py:188} INFO - ✅ 16 cookies berhasil diload dari /opt/airflow/dags/shopee_cookies.json
[2026-05-27T02:50:01.741+0000] {logging_mixin.py:188} INFO - 🌍 Membuka Shopee search...
[2026-05-27T02:50:11.438+0000] {logging_mixin.py:188} INFO - 📄 URL   : https://shopee.co.id/search?keyword=msi%20gaming
[2026-05-27T02:50:11.532+0000] {logging_mixin.py:188} INFO - 📄 TITLE : Shopee Indonesia | Situs Belanja Online Terlengkap & Terpercaya
[2026-05-27T02:50:12.430+0000] {logging_mixin.py:188} INFO - ❌ Kena traffic verify — cookies mungkin expired.
[2026-05-27T02:50:12.431+0000] {logging_mixin.py:188} INFO - ⚠️  Export ulang cookies dari Chrome dan update shopee_cookies.json
[2026-05-27T02:50:15.531+0000] {logging_mixin.py:188} INFO - [2026-05-27T02:50:15.529+0000] {dagbag.py:355} ERROR - Failed to import: /opt/airflow/dags/playwright_shopee.py
Traceback (most recent call last):
  File "/home/airflow/.local/lib/python3.8/site-packages/airflow/models/dagbag.py", line 351, in parse
    loader.exec_module(new_module)
  File "<frozen importlib._bootstrap_external>", line 843, in exec_module
  File "<frozen importlib._bootstrap>", line 219, in _call_with_frames_removed
  File "/opt/airflow/dags/playwright_shopee.py", line 218, in <module>
    raise RuntimeError(
RuntimeError: Shopee traffic verify detected. Update shopee_cookies.json dari Cookie-Editor.
[2026-05-27T02:50:15.532+0000] {processor.py:842} WARNING - No viable dags retrieved from /opt/airflow/dags/playwright_shopee.py
[2026-05-27T02:50:15.555+0000] {processor.py:183} INFO - Processing /opt/airflow/dags/playwright_shopee.py took 14.544 seconds
[2026-05-27T02:50:45.661+0000] {processor.py:161} INFO - Started process (PID=12359) to work on /opt/airflow/dags/playwright_shopee.py
[2026-05-27T02:50:45.662+0000] {processor.py:830} INFO - Processing file /opt/airflow/dags/playwright_shopee.py for tasks to queue
[2026-05-27T02:50:45.663+0000] {logging_mixin.py:188} INFO - [2026-05-27T02:50:45.663+0000] {dagbag.py:545} INFO - Filling up the DagBag from /opt/airflow/dags/playwright_shopee.py
[2026-05-27T02:50:46.072+0000] {logging_mixin.py:188} INFO - 🌐 Membuka Chromium...
[2026-05-27T02:50:46.331+0000] {logging_mixin.py:188} INFO - 🍪 Inject cookies Shopee...
[2026-05-27T02:50:46.334+0000] {logging_mixin.py:188} INFO - ✅ 16 cookies berhasil diload dari /opt/airflow/dags/shopee_cookies.json
[2026-05-27T02:50:46.431+0000] {logging_mixin.py:188} INFO - 🌍 Membuka Shopee search...
[2026-05-27T02:50:54.344+0000] {logging_mixin.py:188} INFO - 📄 URL   : https://shopee.co.id/search?keyword=msi%20gaming
[2026-05-27T02:50:54.602+0000] {logging_mixin.py:188} INFO - 📄 TITLE : Shopee Indonesia | Situs Belanja Online Terlengkap & Terpercaya
[2026-05-27T02:50:55.452+0000] {logging_mixin.py:188} INFO - ❌ Kena traffic verify — cookies mungkin expired.
[2026-05-27T02:50:55.453+0000] {logging_mixin.py:188} INFO - ⚠️  Export ulang cookies dari Chrome dan update shopee_cookies.json
[2026-05-27T02:50:58.506+0000] {logging_mixin.py:188} INFO - [2026-05-27T02:50:58.505+0000] {dagbag.py:355} ERROR - Failed to import: /opt/airflow/dags/playwright_shopee.py
Traceback (most recent call last):
  File "/home/airflow/.local/lib/python3.8/site-packages/airflow/models/dagbag.py", line 351, in parse
    loader.exec_module(new_module)
  File "<frozen importlib._bootstrap_external>", line 843, in exec_module
  File "<frozen importlib._bootstrap>", line 219, in _call_with_frames_removed
  File "/opt/airflow/dags/playwright_shopee.py", line 218, in <module>
    raise RuntimeError(
RuntimeError: Shopee traffic verify detected. Update shopee_cookies.json dari Cookie-Editor.
[2026-05-27T02:50:58.507+0000] {processor.py:842} WARNING - No viable dags retrieved from /opt/airflow/dags/playwright_shopee.py
[2026-05-27T02:50:58.530+0000] {processor.py:183} INFO - Processing /opt/airflow/dags/playwright_shopee.py took 12.877 seconds
[2026-05-27T02:51:28.635+0000] {processor.py:161} INFO - Started process (PID=12490) to work on /opt/airflow/dags/playwright_shopee.py
[2026-05-27T02:51:28.636+0000] {processor.py:830} INFO - Processing file /opt/airflow/dags/playwright_shopee.py for tasks to queue
[2026-05-27T02:51:28.638+0000] {logging_mixin.py:188} INFO - [2026-05-27T02:51:28.637+0000] {dagbag.py:545} INFO - Filling up the DagBag from /opt/airflow/dags/playwright_shopee.py
[2026-05-27T02:51:29.122+0000] {logging_mixin.py:188} INFO - 🌐 Membuka Chromium...
[2026-05-27T02:51:29.395+0000] {logging_mixin.py:188} INFO - 🍪 Inject cookies Shopee...
[2026-05-27T02:51:29.398+0000] {logging_mixin.py:188} INFO - ✅ 16 cookies berhasil diload dari /opt/airflow/dags/shopee_cookies.json
[2026-05-27T02:51:29.506+0000] {logging_mixin.py:188} INFO - 🌍 Membuka Shopee search...
[2026-05-27T02:51:37.160+0000] {logging_mixin.py:188} INFO - 📄 URL   : https://shopee.co.id/search?keyword=msi%20gaming
[2026-05-27T02:51:37.734+0000] {logging_mixin.py:188} INFO - 📄 TITLE : Shopee Indonesia | Situs Belanja Online Terlengkap & Terpercaya
[2026-05-27T02:51:38.525+0000] {logging_mixin.py:188} INFO - ❌ Cookies tidak valid atau sudah expired.
[2026-05-27T02:51:38.704+0000] {logging_mixin.py:188} INFO - [2026-05-27T02:51:38.700+0000] {dagbag.py:355} ERROR - Failed to import: /opt/airflow/dags/playwright_shopee.py
Traceback (most recent call last):
  File "/home/airflow/.local/lib/python3.8/site-packages/airflow/models/dagbag.py", line 351, in parse
    loader.exec_module(new_module)
  File "<frozen importlib._bootstrap_external>", line 843, in exec_module
  File "<frozen importlib._bootstrap>", line 219, in _call_with_frames_removed
  File "/opt/airflow/dags/playwright_shopee.py", line 228, in <module>
    raise RuntimeError("Cookies tidak valid. Export ulang dari Chrome.")
RuntimeError: Cookies tidak valid. Export ulang dari Chrome.
[2026-05-27T02:51:38.710+0000] {processor.py:842} WARNING - No viable dags retrieved from /opt/airflow/dags/playwright_shopee.py
[2026-05-27T02:51:38.754+0000] {processor.py:183} INFO - Processing /opt/airflow/dags/playwright_shopee.py took 10.126 seconds
[2026-05-27T02:52:09.226+0000] {processor.py:161} INFO - Started process (PID=12592) to work on /opt/airflow/dags/playwright_shopee.py
[2026-05-27T02:52:09.227+0000] {processor.py:830} INFO - Processing file /opt/airflow/dags/playwright_shopee.py for tasks to queue
[2026-05-27T02:52:09.229+0000] {logging_mixin.py:188} INFO - [2026-05-27T02:52:09.228+0000] {dagbag.py:545} INFO - Filling up the DagBag from /opt/airflow/dags/playwright_shopee.py
[2026-05-27T02:52:09.703+0000] {logging_mixin.py:188} INFO - 🌐 Membuka Chromium...
[2026-05-27T02:52:09.907+0000] {logging_mixin.py:188} INFO - 🍪 Inject cookies Shopee...
[2026-05-27T02:52:09.909+0000] {logging_mixin.py:188} INFO - ✅ 16 cookies berhasil diload dari /opt/airflow/dags/shopee_cookies.json
[2026-05-27T02:52:10.012+0000] {logging_mixin.py:188} INFO - 🌍 Membuka Shopee search...
[2026-05-27T02:52:17.276+0000] {logging_mixin.py:188} INFO - 📄 URL   : https://shopee.co.id/search?keyword=msi%20gaming
[2026-05-27T02:52:17.925+0000] {logging_mixin.py:188} INFO - 📄 TITLE : Shopee Indonesia | Situs Belanja Online Terlengkap & Terpercaya
[2026-05-27T02:52:18.800+0000] {logging_mixin.py:188} INFO - ❌ Cookies tidak valid atau sudah expired.
[2026-05-27T02:52:18.916+0000] {logging_mixin.py:188} INFO - [2026-05-27T02:52:18.915+0000] {dagbag.py:355} ERROR - Failed to import: /opt/airflow/dags/playwright_shopee.py
Traceback (most recent call last):
  File "/home/airflow/.local/lib/python3.8/site-packages/airflow/models/dagbag.py", line 351, in parse
    loader.exec_module(new_module)
  File "<frozen importlib._bootstrap_external>", line 843, in exec_module
  File "<frozen importlib._bootstrap>", line 219, in _call_with_frames_removed
  File "/opt/airflow/dags/playwright_shopee.py", line 228, in <module>
    raise RuntimeError("Cookies tidak valid. Export ulang dari Chrome.")
RuntimeError: Cookies tidak valid. Export ulang dari Chrome.
[2026-05-27T02:52:18.918+0000] {processor.py:842} WARNING - No viable dags retrieved from /opt/airflow/dags/playwright_shopee.py
[2026-05-27T02:52:18.945+0000] {processor.py:183} INFO - Processing /opt/airflow/dags/playwright_shopee.py took 9.726 seconds
[2026-05-27T02:52:49.585+0000] {processor.py:161} INFO - Started process (PID=12696) to work on /opt/airflow/dags/playwright_shopee.py
[2026-05-27T02:52:49.586+0000] {processor.py:830} INFO - Processing file /opt/airflow/dags/playwright_shopee.py for tasks to queue
[2026-05-27T02:52:49.588+0000] {logging_mixin.py:188} INFO - [2026-05-27T02:52:49.588+0000] {dagbag.py:545} INFO - Filling up the DagBag from /opt/airflow/dags/playwright_shopee.py
[2026-05-27T02:52:50.053+0000] {logging_mixin.py:188} INFO - 🌐 Membuka Chromium...
[2026-05-27T02:52:50.275+0000] {logging_mixin.py:188} INFO - 🍪 Inject cookies Shopee...
[2026-05-27T02:52:50.278+0000] {logging_mixin.py:188} INFO - ✅ 16 cookies berhasil diload dari /opt/airflow/dags/shopee_cookies.json
[2026-05-27T02:52:50.389+0000] {logging_mixin.py:188} INFO - 🌍 Membuka Shopee search...
[2026-05-27T02:52:57.220+0000] {logging_mixin.py:188} INFO - 📄 URL   : https://shopee.co.id/search?keyword=msi%20gaming
[2026-05-27T02:52:57.597+0000] {logging_mixin.py:188} INFO - 📄 TITLE : Shopee Indonesia | Situs Belanja Online Terlengkap & Terpercaya
[2026-05-27T02:52:59.662+0000] {logging_mixin.py:188} INFO - ❌ Kena traffic verify — cookies mungkin expired.
[2026-05-27T02:52:59.663+0000] {logging_mixin.py:188} INFO - ⚠️  Export ulang cookies dari Chrome dan update shopee_cookies.json
[2026-05-27T02:53:02.592+0000] {logging_mixin.py:188} INFO - [2026-05-27T02:53:02.591+0000] {dagbag.py:355} ERROR - Failed to import: /opt/airflow/dags/playwright_shopee.py
Traceback (most recent call last):
  File "/home/airflow/.local/lib/python3.8/site-packages/airflow/models/dagbag.py", line 351, in parse
    loader.exec_module(new_module)
  File "<frozen importlib._bootstrap_external>", line 843, in exec_module
  File "<frozen importlib._bootstrap>", line 219, in _call_with_frames_removed
  File "/opt/airflow/dags/playwright_shopee.py", line 218, in <module>
    raise RuntimeError(
RuntimeError: Shopee traffic verify detected. Update shopee_cookies.json dari Cookie-Editor.
[2026-05-27T02:53:02.594+0000] {processor.py:842} WARNING - No viable dags retrieved from /opt/airflow/dags/playwright_shopee.py
[2026-05-27T02:53:02.623+0000] {processor.py:183} INFO - Processing /opt/airflow/dags/playwright_shopee.py took 13.047 seconds
[2026-05-27T02:53:33.406+0000] {processor.py:161} INFO - Started process (PID=12825) to work on /opt/airflow/dags/playwright_shopee.py
[2026-05-27T02:53:33.407+0000] {processor.py:830} INFO - Processing file /opt/airflow/dags/playwright_shopee.py for tasks to queue
[2026-05-27T02:53:33.410+0000] {logging_mixin.py:188} INFO - [2026-05-27T02:53:33.409+0000] {dagbag.py:545} INFO - Filling up the DagBag from /opt/airflow/dags/playwright_shopee.py
[2026-05-27T02:53:33.896+0000] {logging_mixin.py:188} INFO - 🌐 Membuka Chromium...
[2026-05-27T02:53:34.111+0000] {logging_mixin.py:188} INFO - 🍪 Inject cookies Shopee...
[2026-05-27T02:53:34.114+0000] {logging_mixin.py:188} INFO - ✅ 16 cookies berhasil diload dari /opt/airflow/dags/shopee_cookies.json
[2026-05-27T02:53:34.244+0000] {logging_mixin.py:188} INFO - 🌍 Membuka Shopee search...
[2026-05-27T02:53:44.325+0000] {logging_mixin.py:188} INFO - 📄 URL   : https://shopee.co.id/search?keyword=msi%20gaming
[2026-05-27T02:53:44.496+0000] {logging_mixin.py:188} INFO - [2026-05-27T02:53:44.494+0000] {dagbag.py:355} ERROR - Failed to import: /opt/airflow/dags/playwright_shopee.py
Traceback (most recent call last):
  File "/home/airflow/.local/lib/python3.8/site-packages/airflow/models/dagbag.py", line 351, in parse
    loader.exec_module(new_module)
  File "<frozen importlib._bootstrap_external>", line 843, in exec_module
  File "<frozen importlib._bootstrap>", line 219, in _call_with_frames_removed
  File "/opt/airflow/dags/playwright_shopee.py", line 208, in <module>
    print("📄 TITLE :", page.title())
  File "/home/airflow/.local/lib/python3.8/site-packages/playwright/sync_api/_generated.py", line 9407, in title
    return mapping.from_maybe_impl(self._sync(self._impl_obj.title()))
  File "/home/airflow/.local/lib/python3.8/site-packages/playwright/_impl/_sync_base.py", line 115, in _sync
    return task.result()
  File "/home/airflow/.local/lib/python3.8/site-packages/playwright/_impl/_page.py", line 742, in title
    return await self._main_frame.title()
  File "/home/airflow/.local/lib/python3.8/site-packages/playwright/_impl/_frame.py", line 776, in title
    return await self._channel.send("title")
  File "/home/airflow/.local/lib/python3.8/site-packages/playwright/_impl/_connection.py", line 59, in send
    return await self._connection.wrap_api_call(
  File "/home/airflow/.local/lib/python3.8/site-packages/playwright/_impl/_connection.py", line 514, in wrap_api_call
    raise rewrite_error(error, f"{parsed_st['apiName']}: {error}") from None
playwright._impl._errors.Error: Page.title: Execution context was destroyed, most likely because of a navigation
[2026-05-27T02:53:44.496+0000] {processor.py:842} WARNING - No viable dags retrieved from /opt/airflow/dags/playwright_shopee.py
[2026-05-27T02:53:44.520+0000] {processor.py:183} INFO - Processing /opt/airflow/dags/playwright_shopee.py took 11.122 seconds
[2026-05-27T02:54:15.027+0000] {processor.py:161} INFO - Started process (PID=12943) to work on /opt/airflow/dags/playwright_shopee.py
[2026-05-27T02:54:15.028+0000] {processor.py:830} INFO - Processing file /opt/airflow/dags/playwright_shopee.py for tasks to queue
[2026-05-27T02:54:15.030+0000] {logging_mixin.py:188} INFO - [2026-05-27T02:54:15.030+0000] {dagbag.py:545} INFO - Filling up the DagBag from /opt/airflow/dags/playwright_shopee.py
[2026-05-27T02:54:15.521+0000] {logging_mixin.py:188} INFO - 🌐 Membuka Chromium...
[2026-05-27T02:54:15.715+0000] {logging_mixin.py:188} INFO - 🍪 Inject cookies Shopee...
[2026-05-27T02:54:15.717+0000] {logging_mixin.py:188} INFO - ✅ 16 cookies berhasil diload dari /opt/airflow/dags/shopee_cookies.json
[2026-05-27T02:54:15.818+0000] {logging_mixin.py:188} INFO - 🌍 Membuka Shopee search...
[2026-05-27T02:54:28.718+0000] {logging_mixin.py:188} INFO - 📄 URL   : https://shopee.co.id/search?keyword=msi%20gaming
[2026-05-27T02:54:28.797+0000] {logging_mixin.py:188} INFO - 📄 TITLE : 
[2026-05-27T02:54:31.077+0000] {logging_mixin.py:188} INFO - ❌ Kena traffic verify — cookies mungkin expired.
[2026-05-27T02:54:31.078+0000] {logging_mixin.py:188} INFO - ⚠️  Export ulang cookies dari Chrome dan update shopee_cookies.json
[2026-05-27T02:54:32.347+0000] {logging_mixin.py:188} INFO - [2026-05-27T02:54:32.345+0000] {dagbag.py:355} ERROR - Failed to import: /opt/airflow/dags/playwright_shopee.py
Traceback (most recent call last):
  File "/home/airflow/.local/lib/python3.8/site-packages/airflow/models/dagbag.py", line 351, in parse
    loader.exec_module(new_module)
  File "<frozen importlib._bootstrap_external>", line 843, in exec_module
  File "<frozen importlib._bootstrap>", line 219, in _call_with_frames_removed
  File "/opt/airflow/dags/playwright_shopee.py", line 218, in <module>
    raise RuntimeError(
RuntimeError: Shopee traffic verify detected. Update shopee_cookies.json dari Cookie-Editor.
[2026-05-27T02:54:32.348+0000] {processor.py:842} WARNING - No viable dags retrieved from /opt/airflow/dags/playwright_shopee.py
[2026-05-27T02:54:32.371+0000] {processor.py:183} INFO - Processing /opt/airflow/dags/playwright_shopee.py took 17.352 seconds
[2026-05-27T02:55:02.758+0000] {processor.py:161} INFO - Started process (PID=13078) to work on /opt/airflow/dags/playwright_shopee.py
[2026-05-27T02:55:02.759+0000] {processor.py:830} INFO - Processing file /opt/airflow/dags/playwright_shopee.py for tasks to queue
[2026-05-27T02:55:02.760+0000] {logging_mixin.py:188} INFO - [2026-05-27T02:55:02.760+0000] {dagbag.py:545} INFO - Filling up the DagBag from /opt/airflow/dags/playwright_shopee.py
[2026-05-27T02:55:03.210+0000] {logging_mixin.py:188} INFO - 🌐 Membuka Chromium...
[2026-05-27T02:55:03.414+0000] {logging_mixin.py:188} INFO - 🍪 Inject cookies Shopee...
[2026-05-27T02:55:03.416+0000] {logging_mixin.py:188} INFO - ✅ 16 cookies berhasil diload dari /opt/airflow/dags/shopee_cookies.json
[2026-05-27T02:55:03.508+0000] {logging_mixin.py:188} INFO - 🌍 Membuka Shopee search...
[2026-05-27T02:55:13.335+0000] {logging_mixin.py:188} INFO - 📄 URL   : https://shopee.co.id/search?keyword=msi%20gaming
[2026-05-27T02:55:13.361+0000] {logging_mixin.py:188} INFO - 📄 TITLE : Shopee Indonesia | Situs Belanja Online Terlengkap & Terpercaya
[2026-05-27T02:55:13.513+0000] {logging_mixin.py:188} INFO - ✅ Session valid, mulai scraping...
[2026-05-27T02:55:13.521+0000] {logging_mixin.py:188} INFO - [2026-05-27T02:55:13.520+0000] {logger.py:96} INFO - {"message": "Waiting for suitable server to become available", "selector": "<function writable_server_selector at 0x7fedaae67310>", "operation": "createIndexes", "topologyDescription": "<TopologyDescription id: 6a165d1131f610e90377a4bd, topology_type: Unknown, servers: [<ServerDescription ('mongodb', 27017) server_type: Unknown, rtt: None>]>", "clientId": {"$oid": "6a165d1131f610e90377a4bd"}, "remainingTimeMS": 29}
[2026-05-27T02:55:13.540+0000] {logging_mixin.py:188} INFO - ✅ Terhubung MongoDB: shopee_raw.products
[2026-05-27T02:55:13.541+0000] {logging_mixin.py:188} INFO - 
=================================
[2026-05-27T02:55:13.541+0000] {logging_mixin.py:188} INFO - 📄 PAGE 1/5
[2026-05-27T02:55:13.542+0000] {logging_mixin.py:188} INFO - =================================
[2026-05-27T02:55:13.542+0000] {logging_mixin.py:188} INFO - 🌍 https://shopee.co.id/search?keyword=msi%20gaming&page=0
[2026-05-27T02:55:21.305+0000] {logging_mixin.py:188} INFO - 🖱️ Scrolling...
[2026-05-27T02:55:32.766+0000] {logging_mixin.py:188} INFO - [2026-05-27T02:55:32.765+0000] {timeout.py:68} ERROR - Process timed out, PID: 13078
[2026-05-27T02:56:03.043+0000] {processor.py:161} INFO - Started process (PID=13224) to work on /opt/airflow/dags/playwright_shopee.py
[2026-05-27T02:56:03.044+0000] {processor.py:830} INFO - Processing file /opt/airflow/dags/playwright_shopee.py for tasks to queue
[2026-05-27T02:56:03.046+0000] {logging_mixin.py:188} INFO - [2026-05-27T02:56:03.046+0000] {dagbag.py:545} INFO - Filling up the DagBag from /opt/airflow/dags/playwright_shopee.py
[2026-05-27T02:56:03.481+0000] {logging_mixin.py:188} INFO - 🌐 Membuka Chromium...
[2026-05-27T02:56:03.679+0000] {logging_mixin.py:188} INFO - 🍪 Inject cookies Shopee...
[2026-05-27T02:56:03.681+0000] {logging_mixin.py:188} INFO - ✅ 16 cookies berhasil diload dari /opt/airflow/dags/shopee_cookies.json
[2026-05-27T02:56:03.793+0000] {logging_mixin.py:188} INFO - 🌍 Membuka Shopee search...
[2026-05-27T02:56:10.944+0000] {logging_mixin.py:188} INFO - 📄 URL   : https://shopee.co.id/search?keyword=msi%20gaming
[2026-05-27T02:56:11.205+0000] {logging_mixin.py:188} INFO - 📄 TITLE : Shopee Indonesia | Situs Belanja Online Terlengkap & Terpercaya
[2026-05-27T02:56:12.178+0000] {logging_mixin.py:188} INFO - ❌ Cookies tidak valid atau sudah expired.
[2026-05-27T02:56:12.324+0000] {logging_mixin.py:188} INFO - [2026-05-27T02:56:12.323+0000] {dagbag.py:355} ERROR - Failed to import: /opt/airflow/dags/playwright_shopee.py
Traceback (most recent call last):
  File "/home/airflow/.local/lib/python3.8/site-packages/airflow/models/dagbag.py", line 351, in parse
    loader.exec_module(new_module)
  File "<frozen importlib._bootstrap_external>", line 843, in exec_module
  File "<frozen importlib._bootstrap>", line 219, in _call_with_frames_removed
  File "/opt/airflow/dags/playwright_shopee.py", line 228, in <module>
    raise RuntimeError("Cookies tidak valid. Export ulang dari Chrome.")
RuntimeError: Cookies tidak valid. Export ulang dari Chrome.
[2026-05-27T02:56:12.325+0000] {processor.py:842} WARNING - No viable dags retrieved from /opt/airflow/dags/playwright_shopee.py
[2026-05-27T02:56:12.353+0000] {processor.py:183} INFO - Processing /opt/airflow/dags/playwright_shopee.py took 9.315 seconds
[2026-05-27T02:56:42.547+0000] {processor.py:161} INFO - Started process (PID=13341) to work on /opt/airflow/dags/playwright_shopee.py
[2026-05-27T02:56:42.552+0000] {processor.py:830} INFO - Processing file /opt/airflow/dags/playwright_shopee.py for tasks to queue
[2026-05-27T02:56:42.554+0000] {logging_mixin.py:188} INFO - [2026-05-27T02:56:42.554+0000] {dagbag.py:545} INFO - Filling up the DagBag from /opt/airflow/dags/playwright_shopee.py
[2026-05-27T02:56:43.014+0000] {logging_mixin.py:188} INFO - 🌐 Membuka Chromium...
[2026-05-27T02:56:43.223+0000] {logging_mixin.py:188} INFO - 🍪 Inject cookies Shopee...
[2026-05-27T02:56:43.225+0000] {logging_mixin.py:188} INFO - ✅ 16 cookies berhasil diload dari /opt/airflow/dags/shopee_cookies.json
[2026-05-27T02:56:43.322+0000] {logging_mixin.py:188} INFO - 🌍 Membuka Shopee search...
[2026-05-27T02:56:50.515+0000] {logging_mixin.py:188} INFO - 📄 URL   : https://shopee.co.id/search?keyword=msi%20gaming
[2026-05-27T02:56:50.544+0000] {logging_mixin.py:188} INFO - 📄 TITLE : Shopee Indonesia | Situs Belanja Online Terlengkap & Terpercaya
[2026-05-27T02:56:50.673+0000] {logging_mixin.py:188} INFO - ✅ Session valid, mulai scraping...
[2026-05-27T02:56:50.678+0000] {logging_mixin.py:188} INFO - [2026-05-27T02:56:50.678+0000] {logger.py:96} INFO - {"message": "Waiting for suitable server to become available", "selector": "<function writable_server_selector at 0x7fedaae67310>", "operation": "createIndexes", "topologyDescription": "<TopologyDescription id: 6a165d7201671d01c7976a8e, topology_type: Unknown, servers: [<ServerDescription ('mongodb', 27017) server_type: Unknown, rtt: None>]>", "clientId": {"$oid": "6a165d7201671d01c7976a8e"}, "remainingTimeMS": 29}
[2026-05-27T02:56:50.694+0000] {logging_mixin.py:188} INFO - ✅ Terhubung MongoDB: shopee_raw.products
[2026-05-27T02:56:50.694+0000] {logging_mixin.py:188} INFO - 
=================================
[2026-05-27T02:56:50.695+0000] {logging_mixin.py:188} INFO - 📄 PAGE 1/5
[2026-05-27T02:56:50.695+0000] {logging_mixin.py:188} INFO - =================================
[2026-05-27T02:56:50.696+0000] {logging_mixin.py:188} INFO - 🌍 https://shopee.co.id/search?keyword=msi%20gaming&page=0
[2026-05-27T02:56:55.877+0000] {logging_mixin.py:188} INFO - 🖱️ Scrolling...
[2026-05-27T02:57:09.597+0000] {logging_mixin.py:188} INFO - 📄 URL   : https://shopee.co.id/verify/traffic/error?home_url=https%3A%2F%2Fshopee.co.id&is_logged_in=false&next=https%3A%2F%2Fshopee.co.id%2Fsearch%3Fkeyword%3Dmsi%2520gaming%26page%3D0&tracking_id=50813ea079b-2110-4c51-990c-95b535e2d544&type=4
[2026-05-27T02:57:09.618+0000] {logging_mixin.py:188} INFO - 📄 TITLE : Shopee Indonesia | Situs Belanja Online Terlengkap & Terpercaya
[2026-05-27T02:57:09.748+0000] {logging_mixin.py:188} INFO - 🔍 Mengambil item produk...
[2026-05-27T02:57:09.792+0000] {logging_mixin.py:188} INFO - 📦 Total item ditemukan: 0
[2026-05-27T02:57:09.792+0000] {logging_mixin.py:188} INFO - ❌ Produk kosong, simpan HTML debug.
[2026-05-27T02:57:09.831+0000] {logging_mixin.py:188} INFO - 
=================================
[2026-05-27T02:57:09.831+0000] {logging_mixin.py:188} INFO - 📄 PAGE 2/5
[2026-05-27T02:57:09.831+0000] {logging_mixin.py:188} INFO - =================================
[2026-05-27T02:57:09.832+0000] {logging_mixin.py:188} INFO - 🌍 https://shopee.co.id/search?keyword=msi%20gaming&page=1
[2026-05-27T02:57:12.560+0000] {logging_mixin.py:188} INFO - [2026-05-27T02:57:12.560+0000] {timeout.py:68} ERROR - Process timed out, PID: 13341
[2026-05-27T02:57:43.274+0000] {processor.py:161} INFO - Started process (PID=13495) to work on /opt/airflow/dags/playwright_shopee.py
[2026-05-27T02:57:43.275+0000] {processor.py:830} INFO - Processing file /opt/airflow/dags/playwright_shopee.py for tasks to queue
[2026-05-27T02:57:43.278+0000] {logging_mixin.py:188} INFO - [2026-05-27T02:57:43.277+0000] {dagbag.py:545} INFO - Filling up the DagBag from /opt/airflow/dags/playwright_shopee.py
[2026-05-27T02:57:43.798+0000] {logging_mixin.py:188} INFO - 🌐 Membuka Chromium...
[2026-05-27T02:57:44.090+0000] {logging_mixin.py:188} INFO - 🍪 Inject cookies Shopee...
[2026-05-27T02:57:44.094+0000] {logging_mixin.py:188} INFO - ✅ 16 cookies berhasil diload dari /opt/airflow/dags/shopee_cookies.json
[2026-05-27T02:57:44.203+0000] {logging_mixin.py:188} INFO - 🌍 Membuka Shopee search...
[2026-05-27T02:57:52.286+0000] {logging_mixin.py:188} INFO - 📄 URL   : https://shopee.co.id/search?keyword=msi%20gaming
[2026-05-27T02:57:52.668+0000] {logging_mixin.py:188} INFO - 📄 TITLE : Shopee Indonesia | Situs Belanja Online Terlengkap & Terpercaya
[2026-05-27T02:57:53.764+0000] {logging_mixin.py:188} INFO - ❌ Kena traffic verify — cookies mungkin expired.
[2026-05-27T02:57:53.765+0000] {logging_mixin.py:188} INFO - ⚠️  Export ulang cookies dari Chrome dan update shopee_cookies.json
[2026-05-27T02:57:57.309+0000] {logging_mixin.py:188} INFO - [2026-05-27T02:57:57.308+0000] {dagbag.py:355} ERROR - Failed to import: /opt/airflow/dags/playwright_shopee.py
Traceback (most recent call last):
  File "/home/airflow/.local/lib/python3.8/site-packages/airflow/models/dagbag.py", line 351, in parse
    loader.exec_module(new_module)
  File "<frozen importlib._bootstrap_external>", line 843, in exec_module
  File "<frozen importlib._bootstrap>", line 219, in _call_with_frames_removed
  File "/opt/airflow/dags/playwright_shopee.py", line 218, in <module>
    raise RuntimeError(
RuntimeError: Shopee traffic verify detected. Update shopee_cookies.json dari Cookie-Editor.
[2026-05-27T02:57:57.311+0000] {processor.py:842} WARNING - No viable dags retrieved from /opt/airflow/dags/playwright_shopee.py
[2026-05-27T02:57:57.334+0000] {processor.py:183} INFO - Processing /opt/airflow/dags/playwright_shopee.py took 14.072 seconds
[2026-05-27T02:58:27.551+0000] {processor.py:161} INFO - Started process (PID=13636) to work on /opt/airflow/dags/playwright_shopee.py
[2026-05-27T02:58:27.552+0000] {processor.py:830} INFO - Processing file /opt/airflow/dags/playwright_shopee.py for tasks to queue
[2026-05-27T02:58:27.554+0000] {logging_mixin.py:188} INFO - [2026-05-27T02:58:27.553+0000] {dagbag.py:545} INFO - Filling up the DagBag from /opt/airflow/dags/playwright_shopee.py
[2026-05-27T02:58:28.042+0000] {logging_mixin.py:188} INFO - 🌐 Membuka Chromium...
[2026-05-27T02:58:28.307+0000] {logging_mixin.py:188} INFO - 🍪 Inject cookies Shopee...
[2026-05-27T02:58:28.310+0000] {logging_mixin.py:188} INFO - ✅ 16 cookies berhasil diload dari /opt/airflow/dags/shopee_cookies.json
[2026-05-27T02:58:28.431+0000] {logging_mixin.py:188} INFO - 🌍 Membuka Shopee search...
[2026-05-27T02:58:36.574+0000] {logging_mixin.py:188} INFO - 📄 URL   : https://shopee.co.id/search?keyword=msi%20gaming
[2026-05-27T02:58:36.954+0000] {logging_mixin.py:188} INFO - 📄 TITLE : Shopee Indonesia | Situs Belanja Online Terlengkap & Terpercaya
[2026-05-27T02:58:38.485+0000] {logging_mixin.py:188} INFO - ❌ Cookies tidak valid atau sudah expired.
[2026-05-27T02:58:38.631+0000] {logging_mixin.py:188} INFO - [2026-05-27T02:58:38.630+0000] {dagbag.py:355} ERROR - Failed to import: /opt/airflow/dags/playwright_shopee.py
Traceback (most recent call last):
  File "/home/airflow/.local/lib/python3.8/site-packages/airflow/models/dagbag.py", line 351, in parse
    loader.exec_module(new_module)
  File "<frozen importlib._bootstrap_external>", line 843, in exec_module
  File "<frozen importlib._bootstrap>", line 219, in _call_with_frames_removed
  File "/opt/airflow/dags/playwright_shopee.py", line 228, in <module>
    raise RuntimeError("Cookies tidak valid. Export ulang dari Chrome.")
RuntimeError: Cookies tidak valid. Export ulang dari Chrome.
[2026-05-27T02:58:38.632+0000] {processor.py:842} WARNING - No viable dags retrieved from /opt/airflow/dags/playwright_shopee.py
[2026-05-27T02:58:38.657+0000] {processor.py:183} INFO - Processing /opt/airflow/dags/playwright_shopee.py took 11.112 seconds
[2026-05-27T02:59:08.910+0000] {processor.py:161} INFO - Started process (PID=13758) to work on /opt/airflow/dags/playwright_shopee.py
[2026-05-27T02:59:08.911+0000] {processor.py:830} INFO - Processing file /opt/airflow/dags/playwright_shopee.py for tasks to queue
[2026-05-27T02:59:08.913+0000] {logging_mixin.py:188} INFO - [2026-05-27T02:59:08.912+0000] {dagbag.py:545} INFO - Filling up the DagBag from /opt/airflow/dags/playwright_shopee.py
[2026-05-27T02:59:09.568+0000] {logging_mixin.py:188} INFO - 🌐 Membuka Chromium...
[2026-05-27T02:59:09.777+0000] {logging_mixin.py:188} INFO - 🍪 Inject cookies Shopee...
[2026-05-27T02:59:09.780+0000] {logging_mixin.py:188} INFO - ✅ 16 cookies berhasil diload dari /opt/airflow/dags/shopee_cookies.json
[2026-05-27T02:59:09.874+0000] {logging_mixin.py:188} INFO - 🌍 Membuka Shopee search...
[2026-05-27T02:59:20.052+0000] {logging_mixin.py:188} INFO - 📄 URL   : https://shopee.co.id/search?keyword=msi%20gaming
[2026-05-27T02:59:20.446+0000] {logging_mixin.py:188} INFO - [2026-05-27T02:59:20.444+0000] {dagbag.py:355} ERROR - Failed to import: /opt/airflow/dags/playwright_shopee.py
Traceback (most recent call last):
  File "/home/airflow/.local/lib/python3.8/site-packages/airflow/models/dagbag.py", line 351, in parse
    loader.exec_module(new_module)
  File "<frozen importlib._bootstrap_external>", line 843, in exec_module
  File "<frozen importlib._bootstrap>", line 219, in _call_with_frames_removed
  File "/opt/airflow/dags/playwright_shopee.py", line 208, in <module>
    print("📄 TITLE :", page.title())
  File "/home/airflow/.local/lib/python3.8/site-packages/playwright/sync_api/_generated.py", line 9407, in title
    return mapping.from_maybe_impl(self._sync(self._impl_obj.title()))
  File "/home/airflow/.local/lib/python3.8/site-packages/playwright/_impl/_sync_base.py", line 115, in _sync
    return task.result()
  File "/home/airflow/.local/lib/python3.8/site-packages/playwright/_impl/_page.py", line 742, in title
    return await self._main_frame.title()
  File "/home/airflow/.local/lib/python3.8/site-packages/playwright/_impl/_frame.py", line 776, in title
    return await self._channel.send("title")
  File "/home/airflow/.local/lib/python3.8/site-packages/playwright/_impl/_connection.py", line 59, in send
    return await self._connection.wrap_api_call(
  File "/home/airflow/.local/lib/python3.8/site-packages/playwright/_impl/_connection.py", line 514, in wrap_api_call
    raise rewrite_error(error, f"{parsed_st['apiName']}: {error}") from None
playwright._impl._errors.Error: Page.title: Execution context was destroyed, most likely because of a navigation
[2026-05-27T02:59:20.446+0000] {processor.py:842} WARNING - No viable dags retrieved from /opt/airflow/dags/playwright_shopee.py
[2026-05-27T02:59:20.468+0000] {processor.py:183} INFO - Processing /opt/airflow/dags/playwright_shopee.py took 11.566 seconds
[2026-05-27T02:59:50.731+0000] {processor.py:161} INFO - Started process (PID=13880) to work on /opt/airflow/dags/playwright_shopee.py
[2026-05-27T02:59:50.732+0000] {processor.py:830} INFO - Processing file /opt/airflow/dags/playwright_shopee.py for tasks to queue
[2026-05-27T02:59:50.734+0000] {logging_mixin.py:188} INFO - [2026-05-27T02:59:50.734+0000] {dagbag.py:545} INFO - Filling up the DagBag from /opt/airflow/dags/playwright_shopee.py
[2026-05-27T02:59:51.201+0000] {logging_mixin.py:188} INFO - 🌐 Membuka Chromium...
[2026-05-27T02:59:51.454+0000] {logging_mixin.py:188} INFO - 🍪 Inject cookies Shopee...
[2026-05-27T02:59:51.457+0000] {logging_mixin.py:188} INFO - ✅ 16 cookies berhasil diload dari /opt/airflow/dags/shopee_cookies.json
[2026-05-27T02:59:51.571+0000] {logging_mixin.py:188} INFO - 🌍 Membuka Shopee search...
[2026-05-27T02:59:59.417+0000] {logging_mixin.py:188} INFO - 📄 URL   : https://shopee.co.id/search?keyword=msi%20gaming
[2026-05-27T02:59:59.450+0000] {logging_mixin.py:188} INFO - 📄 TITLE : Shopee Indonesia | Situs Belanja Online Terlengkap & Terpercaya
[2026-05-27T02:59:59.633+0000] {logging_mixin.py:188} INFO - ✅ Session valid, mulai scraping...
[2026-05-27T02:59:59.781+0000] {logging_mixin.py:188} INFO - [2026-05-27T02:59:59.780+0000] {logger.py:96} INFO - {"message": "Waiting for suitable server to become available", "selector": "<function writable_server_selector at 0x7fedaae693a0>", "operation": "createIndexes", "topologyDescription": "<TopologyDescription id: 6a165e2fad9d74b9731e82ec, topology_type: Unknown, servers: [<ServerDescription ('mongodb', 27017) server_type: Unknown, rtt: None>]>", "clientId": {"$oid": "6a165e2fad9d74b9731e82ec"}, "remainingTimeMS": 29}
[2026-05-27T02:59:59.804+0000] {logging_mixin.py:188} INFO - ✅ Terhubung MongoDB: shopee_raw.products
[2026-05-27T02:59:59.805+0000] {logging_mixin.py:188} INFO - 
=================================
[2026-05-27T02:59:59.805+0000] {logging_mixin.py:188} INFO - 📄 PAGE 1/5
[2026-05-27T02:59:59.806+0000] {logging_mixin.py:188} INFO - =================================
[2026-05-27T02:59:59.807+0000] {logging_mixin.py:188} INFO - 🌍 https://shopee.co.id/search?keyword=msi%20gaming&page=0
[2026-05-27T03:00:07.125+0000] {logging_mixin.py:188} INFO - 🖱️ Scrolling...
[2026-05-27T03:00:20.744+0000] {logging_mixin.py:188} INFO - [2026-05-27T03:00:20.742+0000] {timeout.py:68} ERROR - Process timed out, PID: 13880
[2026-05-27T03:00:51.527+0000] {processor.py:161} INFO - Started process (PID=14024) to work on /opt/airflow/dags/playwright_shopee.py
[2026-05-27T03:00:51.529+0000] {processor.py:830} INFO - Processing file /opt/airflow/dags/playwright_shopee.py for tasks to queue
[2026-05-27T03:00:51.530+0000] {logging_mixin.py:188} INFO - [2026-05-27T03:00:51.530+0000] {dagbag.py:545} INFO - Filling up the DagBag from /opt/airflow/dags/playwright_shopee.py
[2026-05-27T03:00:52.003+0000] {logging_mixin.py:188} INFO - 🌐 Membuka Chromium...
[2026-05-27T03:00:52.239+0000] {logging_mixin.py:188} INFO - 🍪 Inject cookies Shopee...
[2026-05-27T03:00:52.242+0000] {logging_mixin.py:188} INFO - ✅ 16 cookies berhasil diload dari /opt/airflow/dags/shopee_cookies.json
[2026-05-27T03:00:52.350+0000] {logging_mixin.py:188} INFO - 🌍 Membuka Shopee search...
[2026-05-27T03:01:04.563+0000] {logging_mixin.py:188} INFO - 📄 URL   : https://shopee.co.id/search?keyword=msi%20gaming
[2026-05-27T03:01:04.956+0000] {logging_mixin.py:188} INFO - 📄 TITLE : Shopee Indonesia | Situs Belanja Online Terlengkap & Terpercaya
[2026-05-27T03:01:05.431+0000] {logging_mixin.py:188} INFO - ❌ Kena traffic verify — cookies mungkin expired.
[2026-05-27T03:01:05.432+0000] {logging_mixin.py:188} INFO - ⚠️  Export ulang cookies dari Chrome dan update shopee_cookies.json
[2026-05-27T03:01:05.954+0000] {logging_mixin.py:188} INFO - [2026-05-27T03:01:05.953+0000] {dagbag.py:355} ERROR - Failed to import: /opt/airflow/dags/playwright_shopee.py
Traceback (most recent call last):
  File "/home/airflow/.local/lib/python3.8/site-packages/airflow/models/dagbag.py", line 351, in parse
    loader.exec_module(new_module)
  File "<frozen importlib._bootstrap_external>", line 843, in exec_module
  File "<frozen importlib._bootstrap>", line 219, in _call_with_frames_removed
  File "/opt/airflow/dags/playwright_shopee.py", line 218, in <module>
    raise RuntimeError(
RuntimeError: Shopee traffic verify detected. Update shopee_cookies.json dari Cookie-Editor.
[2026-05-27T03:01:05.956+0000] {processor.py:842} WARNING - No viable dags retrieved from /opt/airflow/dags/playwright_shopee.py
[2026-05-27T03:01:05.986+0000] {processor.py:183} INFO - Processing /opt/airflow/dags/playwright_shopee.py took 14.467 seconds
[2026-05-27T03:01:36.557+0000] {processor.py:161} INFO - Started process (PID=14159) to work on /opt/airflow/dags/playwright_shopee.py
[2026-05-27T03:01:36.559+0000] {processor.py:830} INFO - Processing file /opt/airflow/dags/playwright_shopee.py for tasks to queue
[2026-05-27T03:01:36.561+0000] {logging_mixin.py:188} INFO - [2026-05-27T03:01:36.560+0000] {dagbag.py:545} INFO - Filling up the DagBag from /opt/airflow/dags/playwright_shopee.py
[2026-05-27T03:01:37.016+0000] {logging_mixin.py:188} INFO - 🌐 Membuka Chromium...
[2026-05-27T03:01:37.240+0000] {logging_mixin.py:188} INFO - 🍪 Inject cookies Shopee...
[2026-05-27T03:01:37.249+0000] {logging_mixin.py:188} INFO - ✅ 16 cookies berhasil diload dari /opt/airflow/dags/shopee_cookies.json
[2026-05-27T03:01:37.390+0000] {logging_mixin.py:188} INFO - 🌍 Membuka Shopee search...
[2026-05-27T03:01:44.047+0000] {logging_mixin.py:188} INFO - 📄 URL   : https://shopee.co.id/search?keyword=msi%20gaming
[2026-05-27T03:01:44.315+0000] {logging_mixin.py:188} INFO - 📄 TITLE : Shopee Indonesia | Situs Belanja Online Terlengkap & Terpercaya
[2026-05-27T03:01:45.370+0000] {logging_mixin.py:188} INFO - ❌ Cookies tidak valid atau sudah expired.
[2026-05-27T03:01:45.478+0000] {logging_mixin.py:188} INFO - [2026-05-27T03:01:45.477+0000] {dagbag.py:355} ERROR - Failed to import: /opt/airflow/dags/playwright_shopee.py
Traceback (most recent call last):
  File "/home/airflow/.local/lib/python3.8/site-packages/airflow/models/dagbag.py", line 351, in parse
    loader.exec_module(new_module)
  File "<frozen importlib._bootstrap_external>", line 843, in exec_module
  File "<frozen importlib._bootstrap>", line 219, in _call_with_frames_removed
  File "/opt/airflow/dags/playwright_shopee.py", line 228, in <module>
    raise RuntimeError("Cookies tidak valid. Export ulang dari Chrome.")
RuntimeError: Cookies tidak valid. Export ulang dari Chrome.
[2026-05-27T03:01:45.479+0000] {processor.py:842} WARNING - No viable dags retrieved from /opt/airflow/dags/playwright_shopee.py
[2026-05-27T03:01:45.508+0000] {processor.py:183} INFO - Processing /opt/airflow/dags/playwright_shopee.py took 8.959 seconds
[2026-05-27T03:02:16.056+0000] {processor.py:161} INFO - Started process (PID=14282) to work on /opt/airflow/dags/playwright_shopee.py
[2026-05-27T03:02:16.057+0000] {processor.py:830} INFO - Processing file /opt/airflow/dags/playwright_shopee.py for tasks to queue
[2026-05-27T03:02:16.058+0000] {logging_mixin.py:188} INFO - [2026-05-27T03:02:16.058+0000] {dagbag.py:545} INFO - Filling up the DagBag from /opt/airflow/dags/playwright_shopee.py
[2026-05-27T03:02:16.621+0000] {logging_mixin.py:188} INFO - 🌐 Membuka Chromium...
[2026-05-27T03:02:16.904+0000] {logging_mixin.py:188} INFO - 🍪 Inject cookies Shopee...
[2026-05-27T03:02:16.906+0000] {logging_mixin.py:188} INFO - ✅ 16 cookies berhasil diload dari /opt/airflow/dags/shopee_cookies.json
[2026-05-27T03:02:17.011+0000] {logging_mixin.py:188} INFO - 🌍 Membuka Shopee search...
[2026-05-27T03:02:27.105+0000] {logging_mixin.py:188} INFO - 📄 URL   : https://shopee.co.id/search?keyword=msi%20gaming
[2026-05-27T03:02:27.131+0000] {logging_mixin.py:188} INFO - 📄 TITLE : Shopee Indonesia | Situs Belanja Online Terlengkap & Terpercaya
[2026-05-27T03:02:27.345+0000] {logging_mixin.py:188} INFO - ✅ Session valid, mulai scraping...
[2026-05-27T03:02:27.351+0000] {logging_mixin.py:188} INFO - [2026-05-27T03:02:27.350+0000] {logger.py:96} INFO - {"message": "Waiting for suitable server to become available", "selector": "<function writable_server_selector at 0x7fedaae69430>", "operation": "createIndexes", "topologyDescription": "<TopologyDescription id: 6a165ec3f6e2e050f965b0c6, topology_type: Unknown, servers: [<ServerDescription ('mongodb', 27017) server_type: Unknown, rtt: None>]>", "clientId": {"$oid": "6a165ec3f6e2e050f965b0c6"}, "remainingTimeMS": 29}
[2026-05-27T03:02:27.368+0000] {logging_mixin.py:188} INFO - ✅ Terhubung MongoDB: shopee_raw.products
[2026-05-27T03:02:27.368+0000] {logging_mixin.py:188} INFO - 
=================================
[2026-05-27T03:02:27.368+0000] {logging_mixin.py:188} INFO - 📄 PAGE 1/5
[2026-05-27T03:02:27.369+0000] {logging_mixin.py:188} INFO - =================================
[2026-05-27T03:02:27.369+0000] {logging_mixin.py:188} INFO - 🌍 https://shopee.co.id/search?keyword=msi%20gaming&page=0
[2026-05-27T03:02:34.037+0000] {logging_mixin.py:188} INFO - 🖱️ Scrolling...
[2026-05-27T03:02:46.063+0000] {logging_mixin.py:188} INFO - [2026-05-27T03:02:46.063+0000] {timeout.py:68} ERROR - Process timed out, PID: 14282
[2026-05-27T03:03:16.482+0000] {processor.py:161} INFO - Started process (PID=14420) to work on /opt/airflow/dags/playwright_shopee.py
[2026-05-27T03:03:16.483+0000] {processor.py:830} INFO - Processing file /opt/airflow/dags/playwright_shopee.py for tasks to queue
[2026-05-27T03:03:16.485+0000] {logging_mixin.py:188} INFO - [2026-05-27T03:03:16.485+0000] {dagbag.py:545} INFO - Filling up the DagBag from /opt/airflow/dags/playwright_shopee.py
[2026-05-27T03:03:17.042+0000] {logging_mixin.py:188} INFO - 🌐 Membuka Chromium...
[2026-05-27T03:03:17.250+0000] {logging_mixin.py:188} INFO - 🍪 Inject cookies Shopee...
[2026-05-27T03:03:17.252+0000] {logging_mixin.py:188} INFO - ✅ 16 cookies berhasil diload dari /opt/airflow/dags/shopee_cookies.json
[2026-05-27T03:03:17.364+0000] {logging_mixin.py:188} INFO - 🌍 Membuka Shopee search...
[2026-05-27T03:03:25.542+0000] {logging_mixin.py:188} INFO - 📄 URL   : https://shopee.co.id/search?keyword=msi%20gaming
[2026-05-27T03:03:25.818+0000] {logging_mixin.py:188} INFO - 📄 TITLE : Shopee Indonesia | Situs Belanja Online Terlengkap & Terpercaya
[2026-05-27T03:03:27.318+0000] {logging_mixin.py:188} INFO - ❌ Cookies tidak valid atau sudah expired.
[2026-05-27T03:03:27.464+0000] {logging_mixin.py:188} INFO - [2026-05-27T03:03:27.463+0000] {dagbag.py:355} ERROR - Failed to import: /opt/airflow/dags/playwright_shopee.py
Traceback (most recent call last):
  File "/home/airflow/.local/lib/python3.8/site-packages/airflow/models/dagbag.py", line 351, in parse
    loader.exec_module(new_module)
  File "<frozen importlib._bootstrap_external>", line 843, in exec_module
  File "<frozen importlib._bootstrap>", line 219, in _call_with_frames_removed
  File "/opt/airflow/dags/playwright_shopee.py", line 228, in <module>
    raise RuntimeError("Cookies tidak valid. Export ulang dari Chrome.")
RuntimeError: Cookies tidak valid. Export ulang dari Chrome.
[2026-05-27T03:03:27.465+0000] {processor.py:842} WARNING - No viable dags retrieved from /opt/airflow/dags/playwright_shopee.py
[2026-05-27T03:03:27.492+0000] {processor.py:183} INFO - Processing /opt/airflow/dags/playwright_shopee.py took 11.026 seconds
[2026-05-27T03:03:58.223+0000] {processor.py:161} INFO - Started process (PID=14524) to work on /opt/airflow/dags/playwright_shopee.py
[2026-05-27T03:03:58.225+0000] {processor.py:830} INFO - Processing file /opt/airflow/dags/playwright_shopee.py for tasks to queue
[2026-05-27T03:03:58.228+0000] {logging_mixin.py:188} INFO - [2026-05-27T03:03:58.228+0000] {dagbag.py:545} INFO - Filling up the DagBag from /opt/airflow/dags/playwright_shopee.py
[2026-05-27T03:03:58.780+0000] {logging_mixin.py:188} INFO - 🌐 Membuka Chromium...
[2026-05-27T03:03:59.005+0000] {logging_mixin.py:188} INFO - 🍪 Inject cookies Shopee...
[2026-05-27T03:03:59.008+0000] {logging_mixin.py:188} INFO - ✅ 16 cookies berhasil diload dari /opt/airflow/dags/shopee_cookies.json
[2026-05-27T03:03:59.117+0000] {logging_mixin.py:188} INFO - 🌍 Membuka Shopee search...
[2026-05-27T03:04:07.429+0000] {logging_mixin.py:188} INFO - 📄 URL   : https://shopee.co.id/search?keyword=msi%20gaming
[2026-05-27T03:04:07.603+0000] {logging_mixin.py:188} INFO - 📄 TITLE : 
[2026-05-27T03:04:09.630+0000] {logging_mixin.py:188} INFO - ❌ Kena traffic verify — cookies mungkin expired.
[2026-05-27T03:04:09.631+0000] {logging_mixin.py:188} INFO - ⚠️  Export ulang cookies dari Chrome dan update shopee_cookies.json
[2026-05-27T03:04:10.213+0000] {logging_mixin.py:188} INFO - [2026-05-27T03:04:10.211+0000] {dagbag.py:355} ERROR - Failed to import: /opt/airflow/dags/playwright_shopee.py
Traceback (most recent call last):
  File "/home/airflow/.local/lib/python3.8/site-packages/airflow/models/dagbag.py", line 351, in parse
    loader.exec_module(new_module)
  File "<frozen importlib._bootstrap_external>", line 843, in exec_module
  File "<frozen importlib._bootstrap>", line 219, in _call_with_frames_removed
  File "/opt/airflow/dags/playwright_shopee.py", line 218, in <module>
    raise RuntimeError(
RuntimeError: Shopee traffic verify detected. Update shopee_cookies.json dari Cookie-Editor.
[2026-05-27T03:04:10.214+0000] {processor.py:842} WARNING - No viable dags retrieved from /opt/airflow/dags/playwright_shopee.py
[2026-05-27T03:04:10.239+0000] {processor.py:183} INFO - Processing /opt/airflow/dags/playwright_shopee.py took 12.026 seconds
[2026-05-27T03:04:40.690+0000] {processor.py:161} INFO - Started process (PID=14662) to work on /opt/airflow/dags/playwright_shopee.py
[2026-05-27T03:04:40.691+0000] {processor.py:830} INFO - Processing file /opt/airflow/dags/playwright_shopee.py for tasks to queue
[2026-05-27T03:04:40.693+0000] {logging_mixin.py:188} INFO - [2026-05-27T03:04:40.693+0000] {dagbag.py:545} INFO - Filling up the DagBag from /opt/airflow/dags/playwright_shopee.py
[2026-05-27T03:04:41.256+0000] {logging_mixin.py:188} INFO - 🌐 Membuka Chromium...
[2026-05-27T03:04:41.451+0000] {logging_mixin.py:188} INFO - 🍪 Inject cookies Shopee...
[2026-05-27T03:04:41.455+0000] {logging_mixin.py:188} INFO - ✅ 16 cookies berhasil diload dari /opt/airflow/dags/shopee_cookies.json
[2026-05-27T03:04:41.569+0000] {logging_mixin.py:188} INFO - 🌍 Membuka Shopee search...
[2026-05-27T03:04:52.748+0000] {logging_mixin.py:188} INFO - 📄 URL   : https://shopee.co.id/search?keyword=msi%20gaming
[2026-05-27T03:04:52.787+0000] {logging_mixin.py:188} INFO - 📄 TITLE : Shopee Indonesia | Situs Belanja Online Terlengkap & Terpercaya
[2026-05-27T03:04:53.117+0000] {logging_mixin.py:188} INFO - ❌ Cookies tidak valid atau sudah expired.
[2026-05-27T03:04:53.231+0000] {logging_mixin.py:188} INFO - [2026-05-27T03:04:53.229+0000] {dagbag.py:355} ERROR - Failed to import: /opt/airflow/dags/playwright_shopee.py
Traceback (most recent call last):
  File "/home/airflow/.local/lib/python3.8/site-packages/airflow/models/dagbag.py", line 351, in parse
    loader.exec_module(new_module)
  File "<frozen importlib._bootstrap_external>", line 843, in exec_module
  File "<frozen importlib._bootstrap>", line 219, in _call_with_frames_removed
  File "/opt/airflow/dags/playwright_shopee.py", line 228, in <module>
    raise RuntimeError("Cookies tidak valid. Export ulang dari Chrome.")
RuntimeError: Cookies tidak valid. Export ulang dari Chrome.
[2026-05-27T03:04:53.232+0000] {processor.py:842} WARNING - No viable dags retrieved from /opt/airflow/dags/playwright_shopee.py
[2026-05-27T03:04:53.256+0000] {processor.py:183} INFO - Processing /opt/airflow/dags/playwright_shopee.py took 12.575 seconds
[2026-05-27T03:05:23.522+0000] {processor.py:161} INFO - Started process (PID=14784) to work on /opt/airflow/dags/playwright_shopee.py
[2026-05-27T03:05:23.523+0000] {processor.py:830} INFO - Processing file /opt/airflow/dags/playwright_shopee.py for tasks to queue
[2026-05-27T03:05:23.524+0000] {logging_mixin.py:188} INFO - [2026-05-27T03:05:23.524+0000] {dagbag.py:545} INFO - Filling up the DagBag from /opt/airflow/dags/playwright_shopee.py
[2026-05-27T03:05:24.054+0000] {logging_mixin.py:188} INFO - 🌐 Membuka Chromium...
[2026-05-27T03:05:24.239+0000] {logging_mixin.py:188} INFO - 🍪 Inject cookies Shopee...
[2026-05-27T03:05:24.242+0000] {logging_mixin.py:188} INFO - ✅ 16 cookies berhasil diload dari /opt/airflow/dags/shopee_cookies.json
[2026-05-27T03:05:24.342+0000] {logging_mixin.py:188} INFO - 🌍 Membuka Shopee search...
[2026-05-27T03:05:33.727+0000] {logging_mixin.py:188} INFO - 📄 URL   : https://shopee.co.id/search?keyword=msi%20gaming
[2026-05-27T03:05:34.576+0000] {logging_mixin.py:188} INFO - 📄 TITLE : Jual msi gaming Harga Terbaik & Termurah Mei 2026 | Shopee Indonesia
[2026-05-27T03:05:35.425+0000] {logging_mixin.py:188} INFO - ❌ Kena traffic verify — cookies mungkin expired.
[2026-05-27T03:05:35.426+0000] {logging_mixin.py:188} INFO - ⚠️  Export ulang cookies dari Chrome dan update shopee_cookies.json
[2026-05-27T03:05:38.265+0000] {logging_mixin.py:188} INFO - [2026-05-27T03:05:38.264+0000] {dagbag.py:355} ERROR - Failed to import: /opt/airflow/dags/playwright_shopee.py
Traceback (most recent call last):
  File "/home/airflow/.local/lib/python3.8/site-packages/airflow/models/dagbag.py", line 351, in parse
    loader.exec_module(new_module)
  File "<frozen importlib._bootstrap_external>", line 843, in exec_module
  File "<frozen importlib._bootstrap>", line 219, in _call_with_frames_removed
  File "/opt/airflow/dags/playwright_shopee.py", line 218, in <module>
    raise RuntimeError(
RuntimeError: Shopee traffic verify detected. Update shopee_cookies.json dari Cookie-Editor.
[2026-05-27T03:05:38.267+0000] {processor.py:842} WARNING - No viable dags retrieved from /opt/airflow/dags/playwright_shopee.py
[2026-05-27T03:05:38.290+0000] {processor.py:183} INFO - Processing /opt/airflow/dags/playwright_shopee.py took 14.774 seconds
[2026-05-27T03:06:08.724+0000] {processor.py:161} INFO - Started process (PID=14915) to work on /opt/airflow/dags/playwright_shopee.py
[2026-05-27T03:06:08.725+0000] {processor.py:830} INFO - Processing file /opt/airflow/dags/playwright_shopee.py for tasks to queue
[2026-05-27T03:06:08.727+0000] {logging_mixin.py:188} INFO - [2026-05-27T03:06:08.726+0000] {dagbag.py:545} INFO - Filling up the DagBag from /opt/airflow/dags/playwright_shopee.py
[2026-05-27T03:06:09.303+0000] {logging_mixin.py:188} INFO - 🌐 Membuka Chromium...
[2026-05-27T03:06:09.499+0000] {logging_mixin.py:188} INFO - 🍪 Inject cookies Shopee...
[2026-05-27T03:06:09.502+0000] {logging_mixin.py:188} INFO - ✅ 16 cookies berhasil diload dari /opt/airflow/dags/shopee_cookies.json
[2026-05-27T03:06:09.605+0000] {logging_mixin.py:188} INFO - 🌍 Membuka Shopee search...
[2026-05-27T03:06:17.573+0000] {logging_mixin.py:188} INFO - 📄 URL   : https://shopee.co.id/search?keyword=msi%20gaming
[2026-05-27T03:06:17.616+0000] {logging_mixin.py:188} INFO - 📄 TITLE : Shopee Indonesia | Situs Belanja Online Terlengkap & Terpercaya
[2026-05-27T03:06:17.759+0000] {logging_mixin.py:188} INFO - ✅ Session valid, mulai scraping...
[2026-05-27T03:06:17.765+0000] {logging_mixin.py:188} INFO - [2026-05-27T03:06:17.765+0000] {logger.py:96} INFO - {"message": "Waiting for suitable server to become available", "selector": "<function writable_server_selector at 0x7fedaae6b4c0>", "operation": "createIndexes", "topologyDescription": "<TopologyDescription id: 6a165fa965ada3f1cabff589, topology_type: Unknown, servers: [<ServerDescription ('mongodb', 27017) server_type: Unknown, rtt: None>]>", "clientId": {"$oid": "6a165fa965ada3f1cabff589"}, "remainingTimeMS": 29}
[2026-05-27T03:06:17.782+0000] {logging_mixin.py:188} INFO - ✅ Terhubung MongoDB: shopee_raw.products
[2026-05-27T03:06:17.782+0000] {logging_mixin.py:188} INFO - 
=================================
[2026-05-27T03:06:17.783+0000] {logging_mixin.py:188} INFO - 📄 PAGE 1/5
[2026-05-27T03:06:17.783+0000] {logging_mixin.py:188} INFO - =================================
[2026-05-27T03:06:17.784+0000] {logging_mixin.py:188} INFO - 🌍 https://shopee.co.id/search?keyword=msi%20gaming&page=0
[2026-05-27T03:06:24.301+0000] {logging_mixin.py:188} INFO - 🖱️ Scrolling...
[2026-05-27T03:06:35.599+0000] {logging_mixin.py:188} INFO - 📄 URL   : https://shopee.co.id/verify/traffic/error?home_url=https%3A%2F%2Fshopee.co.id&is_logged_in=false&next=https%3A%2F%2Fshopee.co.id%2Fsearch%3Fkeyword%3Dmsi%2520gaming%26page%3D0&tracking_id=2442b2885fa-bb24-4849-ab83-0b286bb5fa45&type=4
[2026-05-27T03:06:35.626+0000] {logging_mixin.py:188} INFO - 📄 TITLE : Shopee Indonesia | Situs Belanja Online Terlengkap & Terpercaya
[2026-05-27T03:06:35.756+0000] {logging_mixin.py:188} INFO - 🔍 Mengambil item produk...
[2026-05-27T03:06:35.799+0000] {logging_mixin.py:188} INFO - 📦 Total item ditemukan: 0
[2026-05-27T03:06:35.799+0000] {logging_mixin.py:188} INFO - ❌ Produk kosong, simpan HTML debug.
[2026-05-27T03:06:35.843+0000] {logging_mixin.py:188} INFO - 
=================================
[2026-05-27T03:06:35.843+0000] {logging_mixin.py:188} INFO - 📄 PAGE 2/5
[2026-05-27T03:06:35.843+0000] {logging_mixin.py:188} INFO - =================================
[2026-05-27T03:06:35.844+0000] {logging_mixin.py:188} INFO - 🌍 https://shopee.co.id/search?keyword=msi%20gaming&page=1
[2026-05-27T03:06:38.732+0000] {logging_mixin.py:188} INFO - [2026-05-27T03:06:38.732+0000] {timeout.py:68} ERROR - Process timed out, PID: 14915
[2026-05-27T03:07:09.338+0000] {processor.py:161} INFO - Started process (PID=15054) to work on /opt/airflow/dags/playwright_shopee.py
[2026-05-27T03:07:09.339+0000] {processor.py:830} INFO - Processing file /opt/airflow/dags/playwright_shopee.py for tasks to queue
[2026-05-27T03:07:09.341+0000] {logging_mixin.py:188} INFO - [2026-05-27T03:07:09.340+0000] {dagbag.py:545} INFO - Filling up the DagBag from /opt/airflow/dags/playwright_shopee.py
[2026-05-27T03:07:09.917+0000] {logging_mixin.py:188} INFO - 🌐 Membuka Chromium...
[2026-05-27T03:07:10.186+0000] {logging_mixin.py:188} INFO - 🍪 Inject cookies Shopee...
[2026-05-27T03:07:10.189+0000] {logging_mixin.py:188} INFO - ✅ 16 cookies berhasil diload dari /opt/airflow/dags/shopee_cookies.json
[2026-05-27T03:07:10.306+0000] {logging_mixin.py:188} INFO - 🌍 Membuka Shopee search...
[2026-05-27T03:07:17.471+0000] {logging_mixin.py:188} INFO - 📄 URL   : https://shopee.co.id/search?keyword=msi%20gaming
[2026-05-27T03:07:17.496+0000] {logging_mixin.py:188} INFO - 📄 TITLE : Shopee Indonesia | Situs Belanja Online Terlengkap & Terpercaya
[2026-05-27T03:07:19.745+0000] {logging_mixin.py:188} INFO - ✅ Session valid, mulai scraping...
[2026-05-27T03:07:19.752+0000] {logging_mixin.py:188} INFO - [2026-05-27T03:07:19.751+0000] {logger.py:96} INFO - {"message": "Waiting for suitable server to become available", "selector": "<function writable_server_selector at 0x7fedaae6b4c0>", "operation": "createIndexes", "topologyDescription": "<TopologyDescription id: 6a165fe735283665822c23d8, topology_type: Unknown, servers: [<ServerDescription ('mongodb', 27017) server_type: Unknown, rtt: None>]>", "clientId": {"$oid": "6a165fe735283665822c23d8"}, "remainingTimeMS": 29}
[2026-05-27T03:07:19.773+0000] {logging_mixin.py:188} INFO - ✅ Terhubung MongoDB: shopee_raw.products
[2026-05-27T03:07:19.774+0000] {logging_mixin.py:188} INFO - 
=================================
[2026-05-27T03:07:19.775+0000] {logging_mixin.py:188} INFO - 📄 PAGE 1/5
[2026-05-27T03:07:19.775+0000] {logging_mixin.py:188} INFO - =================================
[2026-05-27T03:07:19.776+0000] {logging_mixin.py:188} INFO - 🌍 https://shopee.co.id/search?keyword=msi%20gaming&page=0
[2026-05-27T03:07:28.240+0000] {logging_mixin.py:188} INFO - 🖱️ Scrolling...
[2026-05-27T03:07:39.344+0000] {logging_mixin.py:188} INFO - 📄 URL   : https://shopee.co.id/verify/traffic/error?home_url=https%3A%2F%2Fshopee.co.id&is_logged_in=false&next=https%3A%2F%2Fshopee.co.id%2Fsearch%3Fkeyword%3Dmsi%2520gaming%26page%3D0&tracking_id=25184c732d5-15cc-4d8d-be48-5aad440592bd&type=4
[2026-05-27T03:07:39.346+0000] {logging_mixin.py:188} INFO - [2026-05-27T03:07:39.346+0000] {timeout.py:68} ERROR - Process timed out, PID: 15054
[2026-05-27T03:08:09.572+0000] {processor.py:161} INFO - Started process (PID=15200) to work on /opt/airflow/dags/playwright_shopee.py
[2026-05-27T03:08:09.573+0000] {processor.py:830} INFO - Processing file /opt/airflow/dags/playwright_shopee.py for tasks to queue
[2026-05-27T03:08:09.574+0000] {logging_mixin.py:188} INFO - [2026-05-27T03:08:09.574+0000] {dagbag.py:545} INFO - Filling up the DagBag from /opt/airflow/dags/playwright_shopee.py
[2026-05-27T03:08:10.164+0000] {logging_mixin.py:188} INFO - 🌐 Membuka Chromium...
[2026-05-27T03:08:10.392+0000] {logging_mixin.py:188} INFO - 🍪 Inject cookies Shopee...
[2026-05-27T03:08:10.395+0000] {logging_mixin.py:188} INFO - ✅ 16 cookies berhasil diload dari /opt/airflow/dags/shopee_cookies.json
[2026-05-27T03:08:10.489+0000] {logging_mixin.py:188} INFO - 🌍 Membuka Shopee search...
[2026-05-27T03:08:20.617+0000] {logging_mixin.py:188} INFO - 📄 URL   : https://shopee.co.id/search?keyword=msi%20gaming
[2026-05-27T03:08:21.438+0000] {logging_mixin.py:188} INFO - 📄 TITLE : Shopee Indonesia | Situs Belanja Online Terlengkap & Terpercaya
[2026-05-27T03:08:22.086+0000] {logging_mixin.py:188} INFO - ❌ Cookies tidak valid atau sudah expired.
[2026-05-27T03:08:22.206+0000] {logging_mixin.py:188} INFO - [2026-05-27T03:08:22.205+0000] {dagbag.py:355} ERROR - Failed to import: /opt/airflow/dags/playwright_shopee.py
Traceback (most recent call last):
  File "/home/airflow/.local/lib/python3.8/site-packages/airflow/models/dagbag.py", line 351, in parse
    loader.exec_module(new_module)
  File "<frozen importlib._bootstrap_external>", line 843, in exec_module
  File "<frozen importlib._bootstrap>", line 219, in _call_with_frames_removed
  File "/opt/airflow/dags/playwright_shopee.py", line 228, in <module>
    raise RuntimeError("Cookies tidak valid. Export ulang dari Chrome.")
RuntimeError: Cookies tidak valid. Export ulang dari Chrome.
[2026-05-27T03:08:22.209+0000] {processor.py:842} WARNING - No viable dags retrieved from /opt/airflow/dags/playwright_shopee.py
[2026-05-27T03:08:22.241+0000] {processor.py:183} INFO - Processing /opt/airflow/dags/playwright_shopee.py took 12.678 seconds
[2026-05-27T03:08:52.348+0000] {processor.py:161} INFO - Started process (PID=15306) to work on /opt/airflow/dags/playwright_shopee.py
[2026-05-27T03:08:52.349+0000] {processor.py:830} INFO - Processing file /opt/airflow/dags/playwright_shopee.py for tasks to queue
[2026-05-27T03:08:52.351+0000] {logging_mixin.py:188} INFO - [2026-05-27T03:08:52.351+0000] {dagbag.py:545} INFO - Filling up the DagBag from /opt/airflow/dags/playwright_shopee.py
[2026-05-27T03:08:52.887+0000] {logging_mixin.py:188} INFO - 🌐 Membuka Chromium...
[2026-05-27T03:08:53.070+0000] {logging_mixin.py:188} INFO - 🍪 Inject cookies Shopee...
[2026-05-27T03:08:53.073+0000] {logging_mixin.py:188} INFO - ✅ 16 cookies berhasil diload dari /opt/airflow/dags/shopee_cookies.json
[2026-05-27T03:08:53.182+0000] {logging_mixin.py:188} INFO - 🌍 Membuka Shopee search...
[2026-05-27T03:09:03.517+0000] {logging_mixin.py:188} INFO - 📄 URL   : https://shopee.co.id/search?keyword=msi%20gaming
[2026-05-27T03:09:03.730+0000] {logging_mixin.py:188} INFO - 📄 TITLE : 
[2026-05-27T03:09:05.566+0000] {logging_mixin.py:188} INFO - ❌ Kena traffic verify — cookies mungkin expired.
[2026-05-27T03:09:05.566+0000] {logging_mixin.py:188} INFO - ⚠️  Export ulang cookies dari Chrome dan update shopee_cookies.json
[2026-05-27T03:09:06.079+0000] {logging_mixin.py:188} INFO - [2026-05-27T03:09:06.078+0000] {dagbag.py:355} ERROR - Failed to import: /opt/airflow/dags/playwright_shopee.py
Traceback (most recent call last):
  File "/home/airflow/.local/lib/python3.8/site-packages/airflow/models/dagbag.py", line 351, in parse
    loader.exec_module(new_module)
  File "<frozen importlib._bootstrap_external>", line 843, in exec_module
  File "<frozen importlib._bootstrap>", line 219, in _call_with_frames_removed
  File "/opt/airflow/dags/playwright_shopee.py", line 218, in <module>
    raise RuntimeError(
RuntimeError: Shopee traffic verify detected. Update shopee_cookies.json dari Cookie-Editor.
[2026-05-27T03:09:06.081+0000] {processor.py:842} WARNING - No viable dags retrieved from /opt/airflow/dags/playwright_shopee.py
[2026-05-27T03:09:06.101+0000] {processor.py:183} INFO - Processing /opt/airflow/dags/playwright_shopee.py took 13.759 seconds
[2026-05-27T03:09:36.748+0000] {processor.py:161} INFO - Started process (PID=15431) to work on /opt/airflow/dags/playwright_shopee.py
[2026-05-27T03:09:36.749+0000] {processor.py:830} INFO - Processing file /opt/airflow/dags/playwright_shopee.py for tasks to queue
[2026-05-27T03:09:36.751+0000] {logging_mixin.py:188} INFO - [2026-05-27T03:09:36.750+0000] {dagbag.py:545} INFO - Filling up the DagBag from /opt/airflow/dags/playwright_shopee.py
[2026-05-27T03:09:37.316+0000] {logging_mixin.py:188} INFO - 🌐 Membuka Chromium...
[2026-05-27T03:09:37.506+0000] {logging_mixin.py:188} INFO - 🍪 Inject cookies Shopee...
[2026-05-27T03:09:37.510+0000] {logging_mixin.py:188} INFO - ✅ 16 cookies berhasil diload dari /opt/airflow/dags/shopee_cookies.json
[2026-05-27T03:09:37.624+0000] {logging_mixin.py:188} INFO - 🌍 Membuka Shopee search...
[2026-05-27T03:09:46.623+0000] {logging_mixin.py:188} INFO - 📄 URL   : https://shopee.co.id/search?keyword=msi%20gaming
[2026-05-27T03:09:46.646+0000] {logging_mixin.py:188} INFO - 📄 TITLE : Shopee Indonesia | Situs Belanja Online Terlengkap & Terpercaya
[2026-05-27T03:09:46.792+0000] {logging_mixin.py:188} INFO - ✅ Session valid, mulai scraping...
[2026-05-27T03:09:46.798+0000] {logging_mixin.py:188} INFO - [2026-05-27T03:09:46.798+0000] {logger.py:96} INFO - {"message": "Waiting for suitable server to become available", "selector": "<function writable_server_selector at 0x7fedaffaca60>", "operation": "createIndexes", "topologyDescription": "<TopologyDescription id: 6a16607aaf54442335173793, topology_type: Unknown, servers: [<ServerDescription ('mongodb', 27017) server_type: Unknown, rtt: None>]>", "clientId": {"$oid": "6a16607aaf54442335173793"}, "remainingTimeMS": 29}
[2026-05-27T03:09:46.811+0000] {logging_mixin.py:188} INFO - ✅ Terhubung MongoDB: shopee_raw.products
[2026-05-27T03:09:46.812+0000] {logging_mixin.py:188} INFO - 
=================================
[2026-05-27T03:09:46.813+0000] {logging_mixin.py:188} INFO - 📄 PAGE 1/5
[2026-05-27T03:09:46.813+0000] {logging_mixin.py:188} INFO - =================================
[2026-05-27T03:09:46.813+0000] {logging_mixin.py:188} INFO - 🌍 https://shopee.co.id/search?keyword=msi%20gaming&page=0
[2026-05-27T03:09:53.095+0000] {logging_mixin.py:188} INFO - 🖱️ Scrolling...
[2026-05-27T03:10:05.119+0000] {logging_mixin.py:188} INFO - 📄 URL   : https://shopee.co.id/search?keyword=msi%20gaming&page=0
[2026-05-27T03:10:05.142+0000] {logging_mixin.py:188} INFO - 📄 TITLE : Shopee Indonesia | Situs Belanja Online Terlengkap & Terpercaya
[2026-05-27T03:10:05.231+0000] {logging_mixin.py:188} INFO - 🔍 Mengambil item produk...
[2026-05-27T03:10:05.276+0000] {logging_mixin.py:188} INFO - 📦 Total item ditemukan: 0
[2026-05-27T03:10:05.276+0000] {logging_mixin.py:188} INFO - ❌ Produk kosong, simpan HTML debug.
[2026-05-27T03:10:05.317+0000] {logging_mixin.py:188} INFO - 
=================================
[2026-05-27T03:10:05.317+0000] {logging_mixin.py:188} INFO - 📄 PAGE 2/5
[2026-05-27T03:10:05.318+0000] {logging_mixin.py:188} INFO - =================================
[2026-05-27T03:10:05.318+0000] {logging_mixin.py:188} INFO - 🌍 https://shopee.co.id/search?keyword=msi%20gaming&page=1
[2026-05-27T03:10:06.754+0000] {logging_mixin.py:188} INFO - [2026-05-27T03:10:06.754+0000] {timeout.py:68} ERROR - Process timed out, PID: 15431
[2026-05-27T03:10:37.329+0000] {processor.py:161} INFO - Started process (PID=15536) to work on /opt/airflow/dags/playwright_shopee.py
[2026-05-27T03:10:37.330+0000] {processor.py:830} INFO - Processing file /opt/airflow/dags/playwright_shopee.py for tasks to queue
[2026-05-27T03:10:37.332+0000] {logging_mixin.py:188} INFO - [2026-05-27T03:10:37.331+0000] {dagbag.py:545} INFO - Filling up the DagBag from /opt/airflow/dags/playwright_shopee.py
[2026-05-27T03:10:37.862+0000] {logging_mixin.py:188} INFO - 🌐 Membuka Chromium...
[2026-05-27T03:10:38.040+0000] {logging_mixin.py:188} INFO - 🍪 Inject cookies Shopee...
[2026-05-27T03:10:38.043+0000] {logging_mixin.py:188} INFO - ✅ 16 cookies berhasil diload dari /opt/airflow/dags/shopee_cookies.json
[2026-05-27T03:10:38.144+0000] {logging_mixin.py:188} INFO - 🌍 Membuka Shopee search...
[2026-05-27T03:10:45.126+0000] {logging_mixin.py:188} INFO - 📄 URL   : https://shopee.co.id/search?keyword=msi%20gaming
[2026-05-27T03:10:45.592+0000] {logging_mixin.py:188} INFO - 📄 TITLE : Shopee Indonesia | Situs Belanja Online Terlengkap & Terpercaya
[2026-05-27T03:10:46.641+0000] {logging_mixin.py:188} INFO - ❌ Cookies tidak valid atau sudah expired.
[2026-05-27T03:10:46.820+0000] {logging_mixin.py:188} INFO - [2026-05-27T03:10:46.818+0000] {dagbag.py:355} ERROR - Failed to import: /opt/airflow/dags/playwright_shopee.py
Traceback (most recent call last):
  File "/home/airflow/.local/lib/python3.8/site-packages/airflow/models/dagbag.py", line 351, in parse
    loader.exec_module(new_module)
  File "<frozen importlib._bootstrap_external>", line 843, in exec_module
  File "<frozen importlib._bootstrap>", line 219, in _call_with_frames_removed
  File "/opt/airflow/dags/playwright_shopee.py", line 228, in <module>
    raise RuntimeError("Cookies tidak valid. Export ulang dari Chrome.")
RuntimeError: Cookies tidak valid. Export ulang dari Chrome.
[2026-05-27T03:10:46.822+0000] {processor.py:842} WARNING - No viable dags retrieved from /opt/airflow/dags/playwright_shopee.py
[2026-05-27T03:10:46.848+0000] {processor.py:183} INFO - Processing /opt/airflow/dags/playwright_shopee.py took 9.524 seconds
[2026-05-27T03:11:17.370+0000] {processor.py:161} INFO - Started process (PID=15653) to work on /opt/airflow/dags/playwright_shopee.py
[2026-05-27T03:11:17.371+0000] {processor.py:830} INFO - Processing file /opt/airflow/dags/playwright_shopee.py for tasks to queue
[2026-05-27T03:11:17.373+0000] {logging_mixin.py:188} INFO - [2026-05-27T03:11:17.373+0000] {dagbag.py:545} INFO - Filling up the DagBag from /opt/airflow/dags/playwright_shopee.py
[2026-05-27T03:11:17.891+0000] {logging_mixin.py:188} INFO - 🌐 Membuka Chromium...
[2026-05-27T03:11:18.134+0000] {logging_mixin.py:188} INFO - 🍪 Inject cookies Shopee...
[2026-05-27T03:11:18.137+0000] {logging_mixin.py:188} INFO - ✅ 16 cookies berhasil diload dari /opt/airflow/dags/shopee_cookies.json
[2026-05-27T03:11:18.261+0000] {logging_mixin.py:188} INFO - 🌍 Membuka Shopee search...
[2026-05-27T03:11:25.154+0000] {logging_mixin.py:188} INFO - 📄 URL   : https://shopee.co.id/search?keyword=msi%20gaming
[2026-05-27T03:11:25.217+0000] {logging_mixin.py:188} INFO - 📄 TITLE : Shopee Indonesia | Situs Belanja Online Terlengkap & Terpercaya
[2026-05-27T03:11:25.971+0000] {logging_mixin.py:188} INFO - ❌ Cookies tidak valid atau sudah expired.
[2026-05-27T03:11:26.080+0000] {logging_mixin.py:188} INFO - [2026-05-27T03:11:26.079+0000] {dagbag.py:355} ERROR - Failed to import: /opt/airflow/dags/playwright_shopee.py
Traceback (most recent call last):
  File "/home/airflow/.local/lib/python3.8/site-packages/airflow/models/dagbag.py", line 351, in parse
    loader.exec_module(new_module)
  File "<frozen importlib._bootstrap_external>", line 843, in exec_module
  File "<frozen importlib._bootstrap>", line 219, in _call_with_frames_removed
  File "/opt/airflow/dags/playwright_shopee.py", line 228, in <module>
    raise RuntimeError("Cookies tidak valid. Export ulang dari Chrome.")
RuntimeError: Cookies tidak valid. Export ulang dari Chrome.
[2026-05-27T03:11:26.082+0000] {processor.py:842} WARNING - No viable dags retrieved from /opt/airflow/dags/playwright_shopee.py
[2026-05-27T03:11:26.106+0000] {processor.py:183} INFO - Processing /opt/airflow/dags/playwright_shopee.py took 8.745 seconds
[2026-05-27T03:11:56.840+0000] {processor.py:161} INFO - Started process (PID=15773) to work on /opt/airflow/dags/playwright_shopee.py
[2026-05-27T03:11:56.841+0000] {processor.py:830} INFO - Processing file /opt/airflow/dags/playwright_shopee.py for tasks to queue
[2026-05-27T03:11:56.850+0000] {logging_mixin.py:188} INFO - [2026-05-27T03:11:56.847+0000] {dagbag.py:545} INFO - Filling up the DagBag from /opt/airflow/dags/playwright_shopee.py
[2026-05-27T03:11:57.428+0000] {logging_mixin.py:188} INFO - 🌐 Membuka Chromium...
[2026-05-27T03:11:57.672+0000] {logging_mixin.py:188} INFO - 🍪 Inject cookies Shopee...
[2026-05-27T03:11:57.676+0000] {logging_mixin.py:188} INFO - ✅ 16 cookies berhasil diload dari /opt/airflow/dags/shopee_cookies.json
[2026-05-27T03:11:57.771+0000] {logging_mixin.py:188} INFO - 🌍 Membuka Shopee search...
[2026-05-27T03:12:04.792+0000] {logging_mixin.py:188} INFO - 📄 URL   : https://shopee.co.id/search?keyword=msi%20gaming
[2026-05-27T03:12:04.823+0000] {logging_mixin.py:188} INFO - 📄 TITLE : Shopee Indonesia | Situs Belanja Online Terlengkap & Terpercaya
[2026-05-27T03:12:05.022+0000] {logging_mixin.py:188} INFO - ✅ Session valid, mulai scraping...
[2026-05-27T03:12:05.029+0000] {logging_mixin.py:188} INFO - [2026-05-27T03:12:05.028+0000] {logger.py:96} INFO - {"message": "Waiting for suitable server to become available", "selector": "<function writable_server_selector at 0x7fedaffb9940>", "operation": "createIndexes", "topologyDescription": "<TopologyDescription id: 6a166105b7d9cb75c82390e3, topology_type: Unknown, servers: [<ServerDescription ('mongodb', 27017) server_type: Unknown, rtt: None>]>", "clientId": {"$oid": "6a166105b7d9cb75c82390e3"}, "remainingTimeMS": 29}
[2026-05-27T03:12:05.047+0000] {logging_mixin.py:188} INFO - ✅ Terhubung MongoDB: shopee_raw.products
[2026-05-27T03:12:05.048+0000] {logging_mixin.py:188} INFO - 
=================================
[2026-05-27T03:12:05.048+0000] {logging_mixin.py:188} INFO - 📄 PAGE 1/5
[2026-05-27T03:12:05.049+0000] {logging_mixin.py:188} INFO - =================================
[2026-05-27T03:12:05.049+0000] {logging_mixin.py:188} INFO - 🌍 https://shopee.co.id/search?keyword=msi%20gaming&page=0
[2026-05-27T03:12:11.411+0000] {logging_mixin.py:188} INFO - 🖱️ Scrolling...
[2026-05-27T03:12:24.730+0000] {logging_mixin.py:188} INFO - 📄 URL   : https://shopee.co.id/verify/traffic/error?home_url=https%3A%2F%2Fshopee.co.id&is_logged_in=false&next=https%3A%2F%2Fshopee.co.id%2Fsearch%3Fkeyword%3Dmsi%2520gaming%26page%3D0&tracking_id=304f163c38f-a82a-48d2-aa7c-6fb75473f23b&type=4
[2026-05-27T03:12:24.751+0000] {logging_mixin.py:188} INFO - 📄 TITLE : Shopee Indonesia | Situs Belanja Online Terlengkap & Terpercaya
[2026-05-27T03:12:24.861+0000] {logging_mixin.py:188} INFO - 🔍 Mengambil item produk...
[2026-05-27T03:12:24.903+0000] {logging_mixin.py:188} INFO - 📦 Total item ditemukan: 0
[2026-05-27T03:12:24.904+0000] {logging_mixin.py:188} INFO - ❌ Produk kosong, simpan HTML debug.
[2026-05-27T03:12:24.941+0000] {logging_mixin.py:188} INFO - 
=================================
[2026-05-27T03:12:24.941+0000] {logging_mixin.py:188} INFO - 📄 PAGE 2/5
[2026-05-27T03:12:24.941+0000] {logging_mixin.py:188} INFO - =================================
[2026-05-27T03:12:24.942+0000] {logging_mixin.py:188} INFO - 🌍 https://shopee.co.id/search?keyword=msi%20gaming&page=1
[2026-05-27T03:12:26.860+0000] {logging_mixin.py:188} INFO - [2026-05-27T03:12:26.859+0000] {timeout.py:68} ERROR - Process timed out, PID: 15773
[2026-05-27T03:12:57.371+0000] {processor.py:161} INFO - Started process (PID=15916) to work on /opt/airflow/dags/playwright_shopee.py
[2026-05-27T03:12:57.372+0000] {processor.py:830} INFO - Processing file /opt/airflow/dags/playwright_shopee.py for tasks to queue
[2026-05-27T03:12:57.374+0000] {logging_mixin.py:188} INFO - [2026-05-27T03:12:57.374+0000] {dagbag.py:545} INFO - Filling up the DagBag from /opt/airflow/dags/playwright_shopee.py
[2026-05-27T03:12:57.952+0000] {logging_mixin.py:188} INFO - 🌐 Membuka Chromium...
[2026-05-27T03:12:58.176+0000] {logging_mixin.py:188} INFO - 🍪 Inject cookies Shopee...
[2026-05-27T03:12:58.178+0000] {logging_mixin.py:188} INFO - ✅ 16 cookies berhasil diload dari /opt/airflow/dags/shopee_cookies.json
[2026-05-27T03:12:58.281+0000] {logging_mixin.py:188} INFO - 🌍 Membuka Shopee search...
[2026-05-27T03:13:05.912+0000] {logging_mixin.py:188} INFO - 📄 URL   : https://shopee.co.id/search?keyword=msi%20gaming
[2026-05-27T03:13:06.186+0000] {logging_mixin.py:188} INFO - 📄 TITLE : Shopee Indonesia | Situs Belanja Online Terlengkap & Terpercaya
[2026-05-27T03:13:07.175+0000] {logging_mixin.py:188} INFO - ❌ Kena traffic verify — cookies mungkin expired.
[2026-05-27T03:13:07.175+0000] {logging_mixin.py:188} INFO - ⚠️  Export ulang cookies dari Chrome dan update shopee_cookies.json
[2026-05-27T03:13:09.818+0000] {logging_mixin.py:188} INFO - [2026-05-27T03:13:09.816+0000] {dagbag.py:355} ERROR - Failed to import: /opt/airflow/dags/playwright_shopee.py
Traceback (most recent call last):
  File "/home/airflow/.local/lib/python3.8/site-packages/airflow/models/dagbag.py", line 351, in parse
    loader.exec_module(new_module)
  File "<frozen importlib._bootstrap_external>", line 843, in exec_module
  File "<frozen importlib._bootstrap>", line 219, in _call_with_frames_removed
  File "/opt/airflow/dags/playwright_shopee.py", line 218, in <module>
    raise RuntimeError(
RuntimeError: Shopee traffic verify detected. Update shopee_cookies.json dari Cookie-Editor.
[2026-05-27T03:13:09.819+0000] {processor.py:842} WARNING - No viable dags retrieved from /opt/airflow/dags/playwright_shopee.py
[2026-05-27T03:13:09.844+0000] {processor.py:183} INFO - Processing /opt/airflow/dags/playwright_shopee.py took 12.480 seconds
[2026-05-27T03:13:40.212+0000] {processor.py:161} INFO - Started process (PID=16038) to work on /opt/airflow/dags/playwright_shopee.py
[2026-05-27T03:13:40.213+0000] {processor.py:830} INFO - Processing file /opt/airflow/dags/playwright_shopee.py for tasks to queue
[2026-05-27T03:13:40.215+0000] {logging_mixin.py:188} INFO - [2026-05-27T03:13:40.215+0000] {dagbag.py:545} INFO - Filling up the DagBag from /opt/airflow/dags/playwright_shopee.py
[2026-05-27T03:13:40.847+0000] {logging_mixin.py:188} INFO - 🌐 Membuka Chromium...
[2026-05-27T03:13:41.063+0000] {logging_mixin.py:188} INFO - 🍪 Inject cookies Shopee...
[2026-05-27T03:13:41.067+0000] {logging_mixin.py:188} INFO - ✅ 16 cookies berhasil diload dari /opt/airflow/dags/shopee_cookies.json
[2026-05-27T03:13:41.185+0000] {logging_mixin.py:188} INFO - 🌍 Membuka Shopee search...
[2026-05-27T03:13:49.274+0000] {logging_mixin.py:188} INFO - 📄 URL   : https://shopee.co.id/search?keyword=msi%20gaming
[2026-05-27T03:13:49.600+0000] {logging_mixin.py:188} INFO - [2026-05-27T03:13:49.598+0000] {dagbag.py:355} ERROR - Failed to import: /opt/airflow/dags/playwright_shopee.py
Traceback (most recent call last):
  File "/home/airflow/.local/lib/python3.8/site-packages/airflow/models/dagbag.py", line 351, in parse
    loader.exec_module(new_module)
  File "<frozen importlib._bootstrap_external>", line 843, in exec_module
  File "<frozen importlib._bootstrap>", line 219, in _call_with_frames_removed
  File "/opt/airflow/dags/playwright_shopee.py", line 208, in <module>
    print("📄 TITLE :", page.title())
  File "/home/airflow/.local/lib/python3.8/site-packages/playwright/sync_api/_generated.py", line 9407, in title
    return mapping.from_maybe_impl(self._sync(self._impl_obj.title()))
  File "/home/airflow/.local/lib/python3.8/site-packages/playwright/_impl/_sync_base.py", line 115, in _sync
    return task.result()
  File "/home/airflow/.local/lib/python3.8/site-packages/playwright/_impl/_page.py", line 742, in title
    return await self._main_frame.title()
  File "/home/airflow/.local/lib/python3.8/site-packages/playwright/_impl/_frame.py", line 776, in title
    return await self._channel.send("title")
  File "/home/airflow/.local/lib/python3.8/site-packages/playwright/_impl/_connection.py", line 59, in send
    return await self._connection.wrap_api_call(
  File "/home/airflow/.local/lib/python3.8/site-packages/playwright/_impl/_connection.py", line 514, in wrap_api_call
    raise rewrite_error(error, f"{parsed_st['apiName']}: {error}") from None
playwright._impl._errors.Error: Page.title: Execution context was destroyed, most likely because of a navigation
[2026-05-27T03:13:49.600+0000] {processor.py:842} WARNING - No viable dags retrieved from /opt/airflow/dags/playwright_shopee.py
[2026-05-27T03:13:49.622+0000] {processor.py:183} INFO - Processing /opt/airflow/dags/playwright_shopee.py took 9.417 seconds
[2026-05-27T03:14:20.338+0000] {processor.py:161} INFO - Started process (PID=16169) to work on /opt/airflow/dags/playwright_shopee.py
[2026-05-27T03:14:20.339+0000] {processor.py:830} INFO - Processing file /opt/airflow/dags/playwright_shopee.py for tasks to queue
[2026-05-27T03:14:20.340+0000] {logging_mixin.py:188} INFO - [2026-05-27T03:14:20.340+0000] {dagbag.py:545} INFO - Filling up the DagBag from /opt/airflow/dags/playwright_shopee.py
[2026-05-27T03:14:20.923+0000] {logging_mixin.py:188} INFO - 🌐 Membuka Chromium...
[2026-05-27T03:14:21.100+0000] {logging_mixin.py:188} INFO - 🍪 Inject cookies Shopee...
[2026-05-27T03:14:21.102+0000] {logging_mixin.py:188} INFO - ✅ 16 cookies berhasil diload dari /opt/airflow/dags/shopee_cookies.json
[2026-05-27T03:14:21.205+0000] {logging_mixin.py:188} INFO - 🌍 Membuka Shopee search...
[2026-05-27T03:14:31.934+0000] {logging_mixin.py:188} INFO - 📄 URL   : https://shopee.co.id/search?keyword=msi%20gaming
[2026-05-27T03:14:32.062+0000] {logging_mixin.py:188} INFO - 📄 TITLE : Shopee Indonesia | Situs Belanja Online Terlengkap & Terpercaya
[2026-05-27T03:14:32.915+0000] {logging_mixin.py:188} INFO - ❌ Kena traffic verify — cookies mungkin expired.
[2026-05-27T03:14:32.916+0000] {logging_mixin.py:188} INFO - ⚠️  Export ulang cookies dari Chrome dan update shopee_cookies.json
[2026-05-27T03:14:35.842+0000] {logging_mixin.py:188} INFO - [2026-05-27T03:14:35.841+0000] {dagbag.py:355} ERROR - Failed to import: /opt/airflow/dags/playwright_shopee.py
Traceback (most recent call last):
  File "/home/airflow/.local/lib/python3.8/site-packages/airflow/models/dagbag.py", line 351, in parse
    loader.exec_module(new_module)
  File "<frozen importlib._bootstrap_external>", line 843, in exec_module
  File "<frozen importlib._bootstrap>", line 219, in _call_with_frames_removed
  File "/opt/airflow/dags/playwright_shopee.py", line 218, in <module>
    raise RuntimeError(
RuntimeError: Shopee traffic verify detected. Update shopee_cookies.json dari Cookie-Editor.
[2026-05-27T03:14:35.843+0000] {processor.py:842} WARNING - No viable dags retrieved from /opt/airflow/dags/playwright_shopee.py
[2026-05-27T03:14:35.867+0000] {processor.py:183} INFO - Processing /opt/airflow/dags/playwright_shopee.py took 15.537 seconds
[2026-05-27T03:15:06.434+0000] {processor.py:161} INFO - Started process (PID=16293) to work on /opt/airflow/dags/playwright_shopee.py
[2026-05-27T03:15:06.435+0000] {processor.py:830} INFO - Processing file /opt/airflow/dags/playwright_shopee.py for tasks to queue
[2026-05-27T03:15:06.438+0000] {logging_mixin.py:188} INFO - [2026-05-27T03:15:06.438+0000] {dagbag.py:545} INFO - Filling up the DagBag from /opt/airflow/dags/playwright_shopee.py
[2026-05-27T03:15:06.996+0000] {logging_mixin.py:188} INFO - 🌐 Membuka Chromium...
[2026-05-27T03:15:07.217+0000] {logging_mixin.py:188} INFO - 🍪 Inject cookies Shopee...
[2026-05-27T03:15:07.221+0000] {logging_mixin.py:188} INFO - ✅ 16 cookies berhasil diload dari /opt/airflow/dags/shopee_cookies.json
[2026-05-27T03:15:07.339+0000] {logging_mixin.py:188} INFO - 🌍 Membuka Shopee search...
[2026-05-27T03:15:16.859+0000] {logging_mixin.py:188} INFO - 📄 URL   : https://shopee.co.id/search?keyword=msi%20gaming
[2026-05-27T03:15:17.311+0000] {logging_mixin.py:188} INFO - 📄 TITLE : Shopee Indonesia | Situs Belanja Online Terlengkap & Terpercaya
[2026-05-27T03:15:18.379+0000] {logging_mixin.py:188} INFO - ❌ Cookies tidak valid atau sudah expired.
[2026-05-27T03:15:18.519+0000] {logging_mixin.py:188} INFO - [2026-05-27T03:15:18.518+0000] {dagbag.py:355} ERROR - Failed to import: /opt/airflow/dags/playwright_shopee.py
Traceback (most recent call last):
  File "/home/airflow/.local/lib/python3.8/site-packages/airflow/models/dagbag.py", line 351, in parse
    loader.exec_module(new_module)
  File "<frozen importlib._bootstrap_external>", line 843, in exec_module
  File "<frozen importlib._bootstrap>", line 219, in _call_with_frames_removed
  File "/opt/airflow/dags/playwright_shopee.py", line 228, in <module>
    raise RuntimeError("Cookies tidak valid. Export ulang dari Chrome.")
RuntimeError: Cookies tidak valid. Export ulang dari Chrome.
[2026-05-27T03:15:18.521+0000] {processor.py:842} WARNING - No viable dags retrieved from /opt/airflow/dags/playwright_shopee.py
[2026-05-27T03:15:18.555+0000] {processor.py:183} INFO - Processing /opt/airflow/dags/playwright_shopee.py took 12.131 seconds
[2026-05-27T03:15:49.317+0000] {processor.py:161} INFO - Started process (PID=16421) to work on /opt/airflow/dags/playwright_shopee.py
[2026-05-27T03:15:49.318+0000] {processor.py:830} INFO - Processing file /opt/airflow/dags/playwright_shopee.py for tasks to queue
[2026-05-27T03:15:49.320+0000] {logging_mixin.py:188} INFO - [2026-05-27T03:15:49.319+0000] {dagbag.py:545} INFO - Filling up the DagBag from /opt/airflow/dags/playwright_shopee.py
[2026-05-27T03:15:49.771+0000] {logging_mixin.py:188} INFO - 🌐 Membuka Chromium...
[2026-05-27T03:15:50.013+0000] {logging_mixin.py:188} INFO - 🍪 Inject cookies Shopee...
[2026-05-27T03:15:50.016+0000] {logging_mixin.py:188} INFO - ✅ 16 cookies berhasil diload dari /opt/airflow/dags/shopee_cookies.json
[2026-05-27T03:15:50.118+0000] {logging_mixin.py:188} INFO - 🌍 Membuka Shopee search...
[2026-05-27T03:16:01.124+0000] {logging_mixin.py:188} INFO - 📄 URL   : https://shopee.co.id/search?keyword=msi%20gaming
[2026-05-27T03:16:01.393+0000] {logging_mixin.py:188} INFO - 📄 TITLE : Shopee Indonesia | Situs Belanja Online Terlengkap & Terpercaya
[2026-05-27T03:16:02.901+0000] {logging_mixin.py:188} INFO - ❌ Kena traffic verify — cookies mungkin expired.
[2026-05-27T03:16:02.902+0000] {logging_mixin.py:188} INFO - ⚠️  Export ulang cookies dari Chrome dan update shopee_cookies.json
[2026-05-27T03:16:05.363+0000] {logging_mixin.py:188} INFO - [2026-05-27T03:16:05.362+0000] {dagbag.py:355} ERROR - Failed to import: /opt/airflow/dags/playwright_shopee.py
Traceback (most recent call last):
  File "/home/airflow/.local/lib/python3.8/site-packages/airflow/models/dagbag.py", line 351, in parse
    loader.exec_module(new_module)
  File "<frozen importlib._bootstrap_external>", line 843, in exec_module
  File "<frozen importlib._bootstrap>", line 219, in _call_with_frames_removed
  File "/opt/airflow/dags/playwright_shopee.py", line 218, in <module>
    raise RuntimeError(
RuntimeError: Shopee traffic verify detected. Update shopee_cookies.json dari Cookie-Editor.
[2026-05-27T03:16:05.364+0000] {processor.py:842} WARNING - No viable dags retrieved from /opt/airflow/dags/playwright_shopee.py
[2026-05-27T03:16:05.390+0000] {processor.py:183} INFO - Processing /opt/airflow/dags/playwright_shopee.py took 16.081 seconds
[2026-05-27T03:16:35.937+0000] {processor.py:161} INFO - Started process (PID=16548) to work on /opt/airflow/dags/playwright_shopee.py
[2026-05-27T03:16:35.938+0000] {processor.py:830} INFO - Processing file /opt/airflow/dags/playwright_shopee.py for tasks to queue
[2026-05-27T03:16:35.939+0000] {logging_mixin.py:188} INFO - [2026-05-27T03:16:35.939+0000] {dagbag.py:545} INFO - Filling up the DagBag from /opt/airflow/dags/playwright_shopee.py
[2026-05-27T03:16:36.491+0000] {logging_mixin.py:188} INFO - 🌐 Membuka Chromium...
[2026-05-27T03:16:36.702+0000] {logging_mixin.py:188} INFO - 🍪 Inject cookies Shopee...
[2026-05-27T03:16:36.705+0000] {logging_mixin.py:188} INFO - ✅ 16 cookies berhasil diload dari /opt/airflow/dags/shopee_cookies.json
[2026-05-27T03:16:36.827+0000] {logging_mixin.py:188} INFO - 🌍 Membuka Shopee search...
[2026-05-27T03:16:45.795+0000] {logging_mixin.py:188} INFO - 📄 URL   : https://shopee.co.id/search?keyword=msi%20gaming
[2026-05-27T03:16:46.263+0000] {logging_mixin.py:188} INFO - 📄 TITLE : Jual msi gaming Harga Terbaik & Termurah Mei 2026 | Shopee Indonesia
[2026-05-27T03:16:46.977+0000] {logging_mixin.py:188} INFO - ❌ Kena traffic verify — cookies mungkin expired.
[2026-05-27T03:16:46.978+0000] {logging_mixin.py:188} INFO - ⚠️  Export ulang cookies dari Chrome dan update shopee_cookies.json
[2026-05-27T03:16:50.005+0000] {logging_mixin.py:188} INFO - [2026-05-27T03:16:50.004+0000] {dagbag.py:355} ERROR - Failed to import: /opt/airflow/dags/playwright_shopee.py
Traceback (most recent call last):
  File "/home/airflow/.local/lib/python3.8/site-packages/airflow/models/dagbag.py", line 351, in parse
    loader.exec_module(new_module)
  File "<frozen importlib._bootstrap_external>", line 843, in exec_module
  File "<frozen importlib._bootstrap>", line 219, in _call_with_frames_removed
  File "/opt/airflow/dags/playwright_shopee.py", line 218, in <module>
    raise RuntimeError(
RuntimeError: Shopee traffic verify detected. Update shopee_cookies.json dari Cookie-Editor.
[2026-05-27T03:16:50.007+0000] {processor.py:842} WARNING - No viable dags retrieved from /opt/airflow/dags/playwright_shopee.py
[2026-05-27T03:16:50.030+0000] {processor.py:183} INFO - Processing /opt/airflow/dags/playwright_shopee.py took 14.099 seconds
[2026-05-27T03:17:20.554+0000] {processor.py:161} INFO - Started process (PID=16675) to work on /opt/airflow/dags/playwright_shopee.py
[2026-05-27T03:17:20.555+0000] {processor.py:830} INFO - Processing file /opt/airflow/dags/playwright_shopee.py for tasks to queue
[2026-05-27T03:17:20.556+0000] {logging_mixin.py:188} INFO - [2026-05-27T03:17:20.556+0000] {dagbag.py:545} INFO - Filling up the DagBag from /opt/airflow/dags/playwright_shopee.py
[2026-05-27T03:17:20.989+0000] {logging_mixin.py:188} INFO - 🌐 Membuka Chromium...
[2026-05-27T03:17:21.208+0000] {logging_mixin.py:188} INFO - 🍪 Inject cookies Shopee...
[2026-05-27T03:17:21.212+0000] {logging_mixin.py:188} INFO - ✅ 16 cookies berhasil diload dari /opt/airflow/dags/shopee_cookies.json
[2026-05-27T03:17:21.338+0000] {logging_mixin.py:188} INFO - 🌍 Membuka Shopee search...
[2026-05-27T03:17:28.507+0000] {logging_mixin.py:188} INFO - 📄 URL   : https://shopee.co.id/search?keyword=msi%20gaming
[2026-05-27T03:17:29.013+0000] {logging_mixin.py:188} INFO - 📄 TITLE : Shopee Indonesia | Situs Belanja Online Terlengkap & Terpercaya
[2026-05-27T03:17:29.973+0000] {logging_mixin.py:188} INFO - ❌ Kena traffic verify — cookies mungkin expired.
[2026-05-27T03:17:29.973+0000] {logging_mixin.py:188} INFO - ⚠️  Export ulang cookies dari Chrome dan update shopee_cookies.json
[2026-05-27T03:17:32.748+0000] {logging_mixin.py:188} INFO - [2026-05-27T03:17:32.747+0000] {dagbag.py:355} ERROR - Failed to import: /opt/airflow/dags/playwright_shopee.py
Traceback (most recent call last):
  File "/home/airflow/.local/lib/python3.8/site-packages/airflow/models/dagbag.py", line 351, in parse
    loader.exec_module(new_module)
  File "<frozen importlib._bootstrap_external>", line 843, in exec_module
  File "<frozen importlib._bootstrap>", line 219, in _call_with_frames_removed
  File "/opt/airflow/dags/playwright_shopee.py", line 218, in <module>
    raise RuntimeError(
RuntimeError: Shopee traffic verify detected. Update shopee_cookies.json dari Cookie-Editor.
[2026-05-27T03:17:32.749+0000] {processor.py:842} WARNING - No viable dags retrieved from /opt/airflow/dags/playwright_shopee.py
[2026-05-27T03:17:32.770+0000] {processor.py:183} INFO - Processing /opt/airflow/dags/playwright_shopee.py took 12.225 seconds
[2026-05-27T03:18:03.190+0000] {processor.py:161} INFO - Started process (PID=16802) to work on /opt/airflow/dags/playwright_shopee.py
[2026-05-27T03:18:03.191+0000] {processor.py:830} INFO - Processing file /opt/airflow/dags/playwright_shopee.py for tasks to queue
[2026-05-27T03:18:03.193+0000] {logging_mixin.py:188} INFO - [2026-05-27T03:18:03.193+0000] {dagbag.py:545} INFO - Filling up the DagBag from /opt/airflow/dags/playwright_shopee.py
[2026-05-27T03:18:03.660+0000] {logging_mixin.py:188} INFO - 🌐 Membuka Chromium...
[2026-05-27T03:18:03.873+0000] {logging_mixin.py:188} INFO - 🍪 Inject cookies Shopee...
[2026-05-27T03:18:03.875+0000] {logging_mixin.py:188} INFO - ✅ 16 cookies berhasil diload dari /opt/airflow/dags/shopee_cookies.json
[2026-05-27T03:18:03.983+0000] {logging_mixin.py:188} INFO - 🌍 Membuka Shopee search...
[2026-05-27T03:18:13.518+0000] {logging_mixin.py:188} INFO - 📄 URL   : https://shopee.co.id/search?keyword=msi%20gaming
[2026-05-27T03:18:13.823+0000] {logging_mixin.py:188} INFO - 📄 TITLE : Shopee Indonesia | Situs Belanja Online Terlengkap & Terpercaya
[2026-05-27T03:18:14.448+0000] {logging_mixin.py:188} INFO - ❌ Cookies tidak valid atau sudah expired.
[2026-05-27T03:18:14.596+0000] {logging_mixin.py:188} INFO - [2026-05-27T03:18:14.595+0000] {dagbag.py:355} ERROR - Failed to import: /opt/airflow/dags/playwright_shopee.py
Traceback (most recent call last):
  File "/home/airflow/.local/lib/python3.8/site-packages/airflow/models/dagbag.py", line 351, in parse
    loader.exec_module(new_module)
  File "<frozen importlib._bootstrap_external>", line 843, in exec_module
  File "<frozen importlib._bootstrap>", line 219, in _call_with_frames_removed
  File "/opt/airflow/dags/playwright_shopee.py", line 228, in <module>
    raise RuntimeError("Cookies tidak valid. Export ulang dari Chrome.")
RuntimeError: Cookies tidak valid. Export ulang dari Chrome.
[2026-05-27T03:18:14.597+0000] {processor.py:842} WARNING - No viable dags retrieved from /opt/airflow/dags/playwright_shopee.py
[2026-05-27T03:18:14.633+0000] {processor.py:183} INFO - Processing /opt/airflow/dags/playwright_shopee.py took 11.450 seconds
[2026-05-27T03:18:45.003+0000] {processor.py:161} INFO - Started process (PID=16907) to work on /opt/airflow/dags/playwright_shopee.py
[2026-05-27T03:18:45.004+0000] {processor.py:830} INFO - Processing file /opt/airflow/dags/playwright_shopee.py for tasks to queue
[2026-05-27T03:18:45.006+0000] {logging_mixin.py:188} INFO - [2026-05-27T03:18:45.006+0000] {dagbag.py:545} INFO - Filling up the DagBag from /opt/airflow/dags/playwright_shopee.py
[2026-05-27T03:18:45.444+0000] {logging_mixin.py:188} INFO - 🌐 Membuka Chromium...
[2026-05-27T03:18:45.663+0000] {logging_mixin.py:188} INFO - 🍪 Inject cookies Shopee...
[2026-05-27T03:18:45.666+0000] {logging_mixin.py:188} INFO - ✅ 16 cookies berhasil diload dari /opt/airflow/dags/shopee_cookies.json
[2026-05-27T03:18:45.763+0000] {logging_mixin.py:188} INFO - 🌍 Membuka Shopee search...
[2026-05-27T03:18:53.302+0000] {logging_mixin.py:188} INFO - 📄 URL   : https://shopee.co.id/search?keyword=msi%20gaming
[2026-05-27T03:18:53.408+0000] {logging_mixin.py:188} INFO - 📄 TITLE : Shopee Indonesia | Situs Belanja Online Terlengkap & Terpercaya
[2026-05-27T03:18:55.148+0000] {logging_mixin.py:188} INFO - ❌ Cookies tidak valid atau sudah expired.
[2026-05-27T03:18:55.283+0000] {logging_mixin.py:188} INFO - [2026-05-27T03:18:55.281+0000] {dagbag.py:355} ERROR - Failed to import: /opt/airflow/dags/playwright_shopee.py
Traceback (most recent call last):
  File "/home/airflow/.local/lib/python3.8/site-packages/airflow/models/dagbag.py", line 351, in parse
    loader.exec_module(new_module)
  File "<frozen importlib._bootstrap_external>", line 843, in exec_module
  File "<frozen importlib._bootstrap>", line 219, in _call_with_frames_removed
  File "/opt/airflow/dags/playwright_shopee.py", line 228, in <module>
    raise RuntimeError("Cookies tidak valid. Export ulang dari Chrome.")
RuntimeError: Cookies tidak valid. Export ulang dari Chrome.
[2026-05-27T03:18:55.286+0000] {processor.py:842} WARNING - No viable dags retrieved from /opt/airflow/dags/playwright_shopee.py
[2026-05-27T03:18:55.323+0000] {processor.py:183} INFO - Processing /opt/airflow/dags/playwright_shopee.py took 10.330 seconds
[2026-05-27T03:19:25.836+0000] {processor.py:161} INFO - Started process (PID=17039) to work on /opt/airflow/dags/playwright_shopee.py
[2026-05-27T03:19:25.837+0000] {processor.py:830} INFO - Processing file /opt/airflow/dags/playwright_shopee.py for tasks to queue
[2026-05-27T03:19:25.840+0000] {logging_mixin.py:188} INFO - [2026-05-27T03:19:25.839+0000] {dagbag.py:545} INFO - Filling up the DagBag from /opt/airflow/dags/playwright_shopee.py
[2026-05-27T03:19:26.303+0000] {logging_mixin.py:188} INFO - 🌐 Membuka Chromium...
[2026-05-27T03:19:26.525+0000] {logging_mixin.py:188} INFO - 🍪 Inject cookies Shopee...
[2026-05-27T03:19:26.527+0000] {logging_mixin.py:188} INFO - ✅ 16 cookies berhasil diload dari /opt/airflow/dags/shopee_cookies.json
[2026-05-27T03:19:26.642+0000] {logging_mixin.py:188} INFO - 🌍 Membuka Shopee search...
[2026-05-27T03:19:36.027+0000] {logging_mixin.py:188} INFO - 📄 URL   : https://shopee.co.id/search?keyword=msi%20gaming
[2026-05-27T03:19:36.382+0000] {logging_mixin.py:188} INFO - 📄 TITLE : 
[2026-05-27T03:19:55.846+0000] {logging_mixin.py:188} INFO - [2026-05-27T03:19:55.846+0000] {timeout.py:68} ERROR - Process timed out, PID: 17039
[2026-05-27T03:20:26.158+0000] {processor.py:161} INFO - Started process (PID=17174) to work on /opt/airflow/dags/playwright_shopee.py
[2026-05-27T03:20:26.159+0000] {processor.py:830} INFO - Processing file /opt/airflow/dags/playwright_shopee.py for tasks to queue
[2026-05-27T03:20:26.162+0000] {logging_mixin.py:188} INFO - [2026-05-27T03:20:26.161+0000] {dagbag.py:545} INFO - Filling up the DagBag from /opt/airflow/dags/playwright_shopee.py
[2026-05-27T03:20:26.842+0000] {logging_mixin.py:188} INFO - 🌐 Membuka Chromium...
[2026-05-27T03:20:27.635+0000] {logging_mixin.py:188} INFO - 🍪 Inject cookies Shopee...
[2026-05-27T03:20:27.639+0000] {logging_mixin.py:188} INFO - ✅ 16 cookies berhasil diload dari /opt/airflow/dags/shopee_cookies.json
[2026-05-27T03:20:27.785+0000] {logging_mixin.py:188} INFO - 🌍 Membuka Shopee search...
[2026-05-27T03:20:37.190+0000] {logging_mixin.py:188} INFO - 📄 URL   : https://shopee.co.id/search?keyword=msi%20gaming
[2026-05-27T03:20:37.646+0000] {logging_mixin.py:188} INFO - [2026-05-27T03:20:37.645+0000] {dagbag.py:355} ERROR - Failed to import: /opt/airflow/dags/playwright_shopee.py
Traceback (most recent call last):
  File "/home/airflow/.local/lib/python3.8/site-packages/airflow/models/dagbag.py", line 351, in parse
    loader.exec_module(new_module)
  File "<frozen importlib._bootstrap_external>", line 843, in exec_module
  File "<frozen importlib._bootstrap>", line 219, in _call_with_frames_removed
  File "/opt/airflow/dags/playwright_shopee.py", line 208, in <module>
    print("📄 TITLE :", page.title())
  File "/home/airflow/.local/lib/python3.8/site-packages/playwright/sync_api/_generated.py", line 9407, in title
    return mapping.from_maybe_impl(self._sync(self._impl_obj.title()))
  File "/home/airflow/.local/lib/python3.8/site-packages/playwright/_impl/_sync_base.py", line 115, in _sync
    return task.result()
  File "/home/airflow/.local/lib/python3.8/site-packages/playwright/_impl/_page.py", line 742, in title
    return await self._main_frame.title()
  File "/home/airflow/.local/lib/python3.8/site-packages/playwright/_impl/_frame.py", line 776, in title
    return await self._channel.send("title")
  File "/home/airflow/.local/lib/python3.8/site-packages/playwright/_impl/_connection.py", line 59, in send
    return await self._connection.wrap_api_call(
  File "/home/airflow/.local/lib/python3.8/site-packages/playwright/_impl/_connection.py", line 514, in wrap_api_call
    raise rewrite_error(error, f"{parsed_st['apiName']}: {error}") from None
playwright._impl._errors.Error: Page.title: Execution context was destroyed, most likely because of a navigation
[2026-05-27T03:20:37.647+0000] {processor.py:842} WARNING - No viable dags retrieved from /opt/airflow/dags/playwright_shopee.py
[2026-05-27T03:20:37.672+0000] {processor.py:183} INFO - Processing /opt/airflow/dags/playwright_shopee.py took 11.529 seconds
[2026-05-27T03:21:07.871+0000] {processor.py:161} INFO - Started process (PID=17290) to work on /opt/airflow/dags/playwright_shopee.py
[2026-05-27T03:21:07.872+0000] {processor.py:830} INFO - Processing file /opt/airflow/dags/playwright_shopee.py for tasks to queue
[2026-05-27T03:21:07.875+0000] {logging_mixin.py:188} INFO - [2026-05-27T03:21:07.875+0000] {dagbag.py:545} INFO - Filling up the DagBag from /opt/airflow/dags/playwright_shopee.py
[2026-05-27T03:21:08.350+0000] {logging_mixin.py:188} INFO - 🌐 Membuka Chromium...
[2026-05-27T03:21:08.641+0000] {logging_mixin.py:188} INFO - 🍪 Inject cookies Shopee...
[2026-05-27T03:21:08.643+0000] {logging_mixin.py:188} INFO - ✅ 16 cookies berhasil diload dari /opt/airflow/dags/shopee_cookies.json
[2026-05-27T03:21:08.823+0000] {logging_mixin.py:188} INFO - 🌍 Membuka Shopee search...
[2026-05-27T03:21:17.969+0000] {logging_mixin.py:188} INFO - 📄 URL   : https://shopee.co.id/search?keyword=msi%20gaming
[2026-05-27T03:21:18.000+0000] {logging_mixin.py:188} INFO - 📄 TITLE : Shopee Indonesia | Situs Belanja Online Terlengkap & Terpercaya
[2026-05-27T03:21:18.243+0000] {logging_mixin.py:188} INFO - ❌ Cookies tidak valid atau sudah expired.
[2026-05-27T03:21:18.356+0000] {logging_mixin.py:188} INFO - [2026-05-27T03:21:18.354+0000] {dagbag.py:355} ERROR - Failed to import: /opt/airflow/dags/playwright_shopee.py
Traceback (most recent call last):
  File "/home/airflow/.local/lib/python3.8/site-packages/airflow/models/dagbag.py", line 351, in parse
    loader.exec_module(new_module)
  File "<frozen importlib._bootstrap_external>", line 843, in exec_module
  File "<frozen importlib._bootstrap>", line 219, in _call_with_frames_removed
  File "/opt/airflow/dags/playwright_shopee.py", line 228, in <module>
    raise RuntimeError("Cookies tidak valid. Export ulang dari Chrome.")
RuntimeError: Cookies tidak valid. Export ulang dari Chrome.
[2026-05-27T03:21:18.369+0000] {processor.py:842} WARNING - No viable dags retrieved from /opt/airflow/dags/playwright_shopee.py
[2026-05-27T03:21:18.400+0000] {processor.py:183} INFO - Processing /opt/airflow/dags/playwright_shopee.py took 10.535 seconds
[2026-05-27T03:21:48.564+0000] {processor.py:161} INFO - Started process (PID=17411) to work on /opt/airflow/dags/playwright_shopee.py
[2026-05-27T03:21:48.565+0000] {processor.py:830} INFO - Processing file /opt/airflow/dags/playwright_shopee.py for tasks to queue
[2026-05-27T03:21:48.567+0000] {logging_mixin.py:188} INFO - [2026-05-27T03:21:48.566+0000] {dagbag.py:545} INFO - Filling up the DagBag from /opt/airflow/dags/playwright_shopee.py
[2026-05-27T03:21:49.050+0000] {logging_mixin.py:188} INFO - 🌐 Membuka Chromium...
[2026-05-27T03:21:49.284+0000] {logging_mixin.py:188} INFO - 🍪 Inject cookies Shopee...
[2026-05-27T03:21:49.287+0000] {logging_mixin.py:188} INFO - ✅ 16 cookies berhasil diload dari /opt/airflow/dags/shopee_cookies.json
[2026-05-27T03:21:49.395+0000] {logging_mixin.py:188} INFO - 🌍 Membuka Shopee search...
[2026-05-27T03:21:57.167+0000] {logging_mixin.py:188} INFO - 📄 URL   : https://shopee.co.id/search?keyword=msi%20gaming
[2026-05-27T03:21:57.209+0000] {logging_mixin.py:188} INFO - 📄 TITLE : Shopee Indonesia | Situs Belanja Online Terlengkap & Terpercaya
[2026-05-27T03:21:57.698+0000] {logging_mixin.py:188} INFO - ✅ Session valid, mulai scraping...
[2026-05-27T03:21:57.708+0000] {logging_mixin.py:188} INFO - [2026-05-27T03:21:57.707+0000] {logger.py:96} INFO - {"message": "Waiting for suitable server to become available", "selector": "<function writable_server_selector at 0x7fedaae62160>", "operation": "createIndexes", "topologyDescription": "<TopologyDescription id: 6a16635586d54e32d00b37d6, topology_type: Unknown, servers: [<ServerDescription ('mongodb', 27017) server_type: Unknown, rtt: None>]>", "clientId": {"$oid": "6a16635586d54e32d00b37d6"}, "remainingTimeMS": 29}
[2026-05-27T03:21:57.747+0000] {logging_mixin.py:188} INFO - ✅ Terhubung MongoDB: shopee_raw.products
[2026-05-27T03:21:57.748+0000] {logging_mixin.py:188} INFO - 
=================================
[2026-05-27T03:21:57.749+0000] {logging_mixin.py:188} INFO - 📄 PAGE 1/5
[2026-05-27T03:21:57.750+0000] {logging_mixin.py:188} INFO - =================================
[2026-05-27T03:21:57.750+0000] {logging_mixin.py:188} INFO - 🌍 https://shopee.co.id/search?keyword=msi%20gaming&page=0
[2026-05-27T03:22:04.791+0000] {logging_mixin.py:188} INFO - 🖱️ Scrolling...
[2026-05-27T03:22:18.575+0000] {logging_mixin.py:188} INFO - [2026-05-27T03:22:18.575+0000] {timeout.py:68} ERROR - Process timed out, PID: 17411
[2026-05-27T03:22:48.937+0000] {processor.py:161} INFO - Started process (PID=17546) to work on /opt/airflow/dags/playwright_shopee.py
[2026-05-27T03:22:48.938+0000] {processor.py:830} INFO - Processing file /opt/airflow/dags/playwright_shopee.py for tasks to queue
[2026-05-27T03:22:48.940+0000] {logging_mixin.py:188} INFO - [2026-05-27T03:22:48.940+0000] {dagbag.py:545} INFO - Filling up the DagBag from /opt/airflow/dags/playwright_shopee.py
[2026-05-27T03:22:49.375+0000] {logging_mixin.py:188} INFO - 🌐 Membuka Chromium...
[2026-05-27T03:22:49.571+0000] {logging_mixin.py:188} INFO - 🍪 Inject cookies Shopee...
[2026-05-27T03:22:49.574+0000] {logging_mixin.py:188} INFO - ✅ 16 cookies berhasil diload dari /opt/airflow/dags/shopee_cookies.json
[2026-05-27T03:22:49.702+0000] {logging_mixin.py:188} INFO - 🌍 Membuka Shopee search...
[2026-05-27T03:23:01.198+0000] {logging_mixin.py:188} INFO - 📄 URL   : https://shopee.co.id/search?keyword=msi%20gaming
[2026-05-27T03:23:01.366+0000] {logging_mixin.py:188} INFO - 📄 TITLE : 
[2026-05-27T03:23:03.592+0000] {logging_mixin.py:188} INFO - ❌ Kena traffic verify — cookies mungkin expired.
[2026-05-27T03:23:03.593+0000] {logging_mixin.py:188} INFO - ⚠️  Export ulang cookies dari Chrome dan update shopee_cookies.json
[2026-05-27T03:23:04.510+0000] {logging_mixin.py:188} INFO - [2026-05-27T03:23:04.509+0000] {dagbag.py:355} ERROR - Failed to import: /opt/airflow/dags/playwright_shopee.py
Traceback (most recent call last):
  File "/home/airflow/.local/lib/python3.8/site-packages/airflow/models/dagbag.py", line 351, in parse
    loader.exec_module(new_module)
  File "<frozen importlib._bootstrap_external>", line 843, in exec_module
  File "<frozen importlib._bootstrap>", line 219, in _call_with_frames_removed
  File "/opt/airflow/dags/playwright_shopee.py", line 218, in <module>
    raise RuntimeError(
RuntimeError: Shopee traffic verify detected. Update shopee_cookies.json dari Cookie-Editor.
[2026-05-27T03:23:04.511+0000] {processor.py:842} WARNING - No viable dags retrieved from /opt/airflow/dags/playwright_shopee.py
[2026-05-27T03:23:04.535+0000] {processor.py:183} INFO - Processing /opt/airflow/dags/playwright_shopee.py took 15.606 seconds
[2026-05-27T03:23:35.004+0000] {processor.py:161} INFO - Started process (PID=17681) to work on /opt/airflow/dags/playwright_shopee.py
[2026-05-27T03:23:35.005+0000] {processor.py:830} INFO - Processing file /opt/airflow/dags/playwright_shopee.py for tasks to queue
[2026-05-27T03:23:35.007+0000] {logging_mixin.py:188} INFO - [2026-05-27T03:23:35.007+0000] {dagbag.py:545} INFO - Filling up the DagBag from /opt/airflow/dags/playwright_shopee.py
[2026-05-27T03:23:35.465+0000] {logging_mixin.py:188} INFO - 🌐 Membuka Chromium...
[2026-05-27T03:23:35.675+0000] {logging_mixin.py:188} INFO - 🍪 Inject cookies Shopee...
[2026-05-27T03:23:35.677+0000] {logging_mixin.py:188} INFO - ✅ 16 cookies berhasil diload dari /opt/airflow/dags/shopee_cookies.json
[2026-05-27T03:23:35.778+0000] {logging_mixin.py:188} INFO - 🌍 Membuka Shopee search...
[2026-05-27T03:23:49.802+0000] {logging_mixin.py:188} INFO - 📄 URL   : https://shopee.co.id/search?keyword=msi%20gaming
[2026-05-27T03:23:49.834+0000] {logging_mixin.py:188} INFO - 📄 TITLE : Shopee Indonesia | Situs Belanja Online Terlengkap & Terpercaya
[2026-05-27T03:23:50.082+0000] {logging_mixin.py:188} INFO - ❌ Cookies tidak valid atau sudah expired.
[2026-05-27T03:23:50.182+0000] {logging_mixin.py:188} INFO - [2026-05-27T03:23:50.180+0000] {dagbag.py:355} ERROR - Failed to import: /opt/airflow/dags/playwright_shopee.py
Traceback (most recent call last):
  File "/home/airflow/.local/lib/python3.8/site-packages/airflow/models/dagbag.py", line 351, in parse
    loader.exec_module(new_module)
  File "<frozen importlib._bootstrap_external>", line 843, in exec_module
  File "<frozen importlib._bootstrap>", line 219, in _call_with_frames_removed
  File "/opt/airflow/dags/playwright_shopee.py", line 228, in <module>
    raise RuntimeError("Cookies tidak valid. Export ulang dari Chrome.")
RuntimeError: Cookies tidak valid. Export ulang dari Chrome.
[2026-05-27T03:23:50.183+0000] {processor.py:842} WARNING - No viable dags retrieved from /opt/airflow/dags/playwright_shopee.py
[2026-05-27T03:23:50.208+0000] {processor.py:183} INFO - Processing /opt/airflow/dags/playwright_shopee.py took 15.214 seconds
[2026-05-27T03:24:20.772+0000] {processor.py:161} INFO - Started process (PID=17803) to work on /opt/airflow/dags/playwright_shopee.py
[2026-05-27T03:24:20.773+0000] {processor.py:830} INFO - Processing file /opt/airflow/dags/playwright_shopee.py for tasks to queue
[2026-05-27T03:24:20.775+0000] {logging_mixin.py:188} INFO - [2026-05-27T03:24:20.774+0000] {dagbag.py:545} INFO - Filling up the DagBag from /opt/airflow/dags/playwright_shopee.py
[2026-05-27T03:24:21.222+0000] {logging_mixin.py:188} INFO - 🌐 Membuka Chromium...
[2026-05-27T03:24:21.455+0000] {logging_mixin.py:188} INFO - 🍪 Inject cookies Shopee...
[2026-05-27T03:24:21.457+0000] {logging_mixin.py:188} INFO - ✅ 16 cookies berhasil diload dari /opt/airflow/dags/shopee_cookies.json
[2026-05-27T03:24:21.548+0000] {logging_mixin.py:188} INFO - 🌍 Membuka Shopee search...
[2026-05-27T03:24:30.324+0000] {logging_mixin.py:188} INFO - 📄 URL   : https://shopee.co.id/search?keyword=msi%20gaming
[2026-05-27T03:24:31.091+0000] {logging_mixin.py:188} INFO - [2026-05-27T03:24:31.089+0000] {dagbag.py:355} ERROR - Failed to import: /opt/airflow/dags/playwright_shopee.py
Traceback (most recent call last):
  File "/home/airflow/.local/lib/python3.8/site-packages/airflow/models/dagbag.py", line 351, in parse
    loader.exec_module(new_module)
  File "<frozen importlib._bootstrap_external>", line 843, in exec_module
  File "<frozen importlib._bootstrap>", line 219, in _call_with_frames_removed
  File "/opt/airflow/dags/playwright_shopee.py", line 208, in <module>
    print("📄 TITLE :", page.title())
  File "/home/airflow/.local/lib/python3.8/site-packages/playwright/sync_api/_generated.py", line 9407, in title
    return mapping.from_maybe_impl(self._sync(self._impl_obj.title()))
  File "/home/airflow/.local/lib/python3.8/site-packages/playwright/_impl/_sync_base.py", line 115, in _sync
    return task.result()
  File "/home/airflow/.local/lib/python3.8/site-packages/playwright/_impl/_page.py", line 742, in title
    return await self._main_frame.title()
  File "/home/airflow/.local/lib/python3.8/site-packages/playwright/_impl/_frame.py", line 776, in title
    return await self._channel.send("title")
  File "/home/airflow/.local/lib/python3.8/site-packages/playwright/_impl/_connection.py", line 59, in send
    return await self._connection.wrap_api_call(
  File "/home/airflow/.local/lib/python3.8/site-packages/playwright/_impl/_connection.py", line 514, in wrap_api_call
    raise rewrite_error(error, f"{parsed_st['apiName']}: {error}") from None
playwright._impl._errors.Error: Page.title: Execution context was destroyed, most likely because of a navigation
[2026-05-27T03:24:31.091+0000] {processor.py:842} WARNING - No viable dags retrieved from /opt/airflow/dags/playwright_shopee.py
[2026-05-27T03:24:31.120+0000] {processor.py:183} INFO - Processing /opt/airflow/dags/playwright_shopee.py took 10.355 seconds
[2026-05-27T03:25:01.408+0000] {processor.py:161} INFO - Started process (PID=17932) to work on /opt/airflow/dags/playwright_shopee.py
[2026-05-27T03:25:01.410+0000] {processor.py:830} INFO - Processing file /opt/airflow/dags/playwright_shopee.py for tasks to queue
[2026-05-27T03:25:01.412+0000] {logging_mixin.py:188} INFO - [2026-05-27T03:25:01.411+0000] {dagbag.py:545} INFO - Filling up the DagBag from /opt/airflow/dags/playwright_shopee.py
[2026-05-27T03:25:01.865+0000] {logging_mixin.py:188} INFO - 🌐 Membuka Chromium...
[2026-05-27T03:25:02.086+0000] {logging_mixin.py:188} INFO - 🍪 Inject cookies Shopee...
[2026-05-27T03:25:02.089+0000] {logging_mixin.py:188} INFO - ✅ 16 cookies berhasil diload dari /opt/airflow/dags/shopee_cookies.json
[2026-05-27T03:25:02.199+0000] {logging_mixin.py:188} INFO - 🌍 Membuka Shopee search...
[2026-05-27T03:25:13.018+0000] {logging_mixin.py:188} INFO - 📄 URL   : https://shopee.co.id/search?keyword=msi%20gaming
[2026-05-27T03:25:13.096+0000] {logging_mixin.py:188} INFO - 📄 TITLE : Shopee Indonesia | Situs Belanja Online Terlengkap & Terpercaya
[2026-05-27T03:25:13.368+0000] {logging_mixin.py:188} INFO - ❌ Cookies tidak valid atau sudah expired.
[2026-05-27T03:25:13.495+0000] {logging_mixin.py:188} INFO - [2026-05-27T03:25:13.494+0000] {dagbag.py:355} ERROR - Failed to import: /opt/airflow/dags/playwright_shopee.py
Traceback (most recent call last):
  File "/home/airflow/.local/lib/python3.8/site-packages/airflow/models/dagbag.py", line 351, in parse
    loader.exec_module(new_module)
  File "<frozen importlib._bootstrap_external>", line 843, in exec_module
  File "<frozen importlib._bootstrap>", line 219, in _call_with_frames_removed
  File "/opt/airflow/dags/playwright_shopee.py", line 228, in <module>
    raise RuntimeError("Cookies tidak valid. Export ulang dari Chrome.")
RuntimeError: Cookies tidak valid. Export ulang dari Chrome.
[2026-05-27T03:25:13.497+0000] {processor.py:842} WARNING - No viable dags retrieved from /opt/airflow/dags/playwright_shopee.py
[2026-05-27T03:25:13.524+0000] {processor.py:183} INFO - Processing /opt/airflow/dags/playwright_shopee.py took 12.122 seconds
[2026-05-27T03:25:44.174+0000] {processor.py:161} INFO - Started process (PID=18056) to work on /opt/airflow/dags/playwright_shopee.py
[2026-05-27T03:25:44.175+0000] {processor.py:830} INFO - Processing file /opt/airflow/dags/playwright_shopee.py for tasks to queue
[2026-05-27T03:25:44.177+0000] {logging_mixin.py:188} INFO - [2026-05-27T03:25:44.177+0000] {dagbag.py:545} INFO - Filling up the DagBag from /opt/airflow/dags/playwright_shopee.py
[2026-05-27T03:25:44.611+0000] {logging_mixin.py:188} INFO - 🌐 Membuka Chromium...
[2026-05-27T03:25:44.883+0000] {logging_mixin.py:188} INFO - 🍪 Inject cookies Shopee...
[2026-05-27T03:25:44.884+0000] {logging_mixin.py:188} INFO - ✅ 16 cookies berhasil diload dari /opt/airflow/dags/shopee_cookies.json
[2026-05-27T03:25:44.973+0000] {logging_mixin.py:188} INFO - 🌍 Membuka Shopee search...
[2026-05-27T03:25:54.239+0000] {logging_mixin.py:188} INFO - 📄 URL   : https://shopee.co.id/search?keyword=msi%20gaming
[2026-05-27T03:25:54.564+0000] {logging_mixin.py:188} INFO - 📄 TITLE : Shopee Indonesia | Situs Belanja Online Terlengkap & Terpercaya
[2026-05-27T03:25:55.456+0000] {logging_mixin.py:188} INFO - ❌ Cookies tidak valid atau sudah expired.
[2026-05-27T03:25:55.571+0000] {logging_mixin.py:188} INFO - [2026-05-27T03:25:55.569+0000] {dagbag.py:355} ERROR - Failed to import: /opt/airflow/dags/playwright_shopee.py
Traceback (most recent call last):
  File "/home/airflow/.local/lib/python3.8/site-packages/airflow/models/dagbag.py", line 351, in parse
    loader.exec_module(new_module)
  File "<frozen importlib._bootstrap_external>", line 843, in exec_module
  File "<frozen importlib._bootstrap>", line 219, in _call_with_frames_removed
  File "/opt/airflow/dags/playwright_shopee.py", line 228, in <module>
    raise RuntimeError("Cookies tidak valid. Export ulang dari Chrome.")
RuntimeError: Cookies tidak valid. Export ulang dari Chrome.
[2026-05-27T03:25:55.572+0000] {processor.py:842} WARNING - No viable dags retrieved from /opt/airflow/dags/playwright_shopee.py
[2026-05-27T03:25:55.595+0000] {processor.py:183} INFO - Processing /opt/airflow/dags/playwright_shopee.py took 11.427 seconds
[2026-05-27T03:26:25.811+0000] {processor.py:161} INFO - Started process (PID=18165) to work on /opt/airflow/dags/playwright_shopee.py
[2026-05-27T03:26:25.812+0000] {processor.py:830} INFO - Processing file /opt/airflow/dags/playwright_shopee.py for tasks to queue
[2026-05-27T03:26:25.814+0000] {logging_mixin.py:188} INFO - [2026-05-27T03:26:25.814+0000] {dagbag.py:545} INFO - Filling up the DagBag from /opt/airflow/dags/playwright_shopee.py
[2026-05-27T03:26:26.385+0000] {logging_mixin.py:188} INFO - 🌐 Membuka Chromium...
[2026-05-27T03:26:26.618+0000] {logging_mixin.py:188} INFO - 🍪 Inject cookies Shopee...
[2026-05-27T03:26:26.620+0000] {logging_mixin.py:188} INFO - ✅ 16 cookies berhasil diload dari /opt/airflow/dags/shopee_cookies.json
[2026-05-27T03:26:26.723+0000] {logging_mixin.py:188} INFO - 🌍 Membuka Shopee search...
[2026-05-27T03:26:35.566+0000] {logging_mixin.py:188} INFO - 📄 URL   : https://shopee.co.id/search?keyword=msi%20gaming
[2026-05-27T03:26:35.746+0000] {logging_mixin.py:188} INFO - 📄 TITLE : Shopee Indonesia | Situs Belanja Online Terlengkap & Terpercaya
[2026-05-27T03:26:37.497+0000] {logging_mixin.py:188} INFO - ❌ Kena traffic verify — cookies mungkin expired.
[2026-05-27T03:26:37.498+0000] {logging_mixin.py:188} INFO - ⚠️  Export ulang cookies dari Chrome dan update shopee_cookies.json
[2026-05-27T03:26:40.372+0000] {logging_mixin.py:188} INFO - [2026-05-27T03:26:40.371+0000] {dagbag.py:355} ERROR - Failed to import: /opt/airflow/dags/playwright_shopee.py
Traceback (most recent call last):
  File "/home/airflow/.local/lib/python3.8/site-packages/airflow/models/dagbag.py", line 351, in parse
    loader.exec_module(new_module)
  File "<frozen importlib._bootstrap_external>", line 843, in exec_module
  File "<frozen importlib._bootstrap>", line 219, in _call_with_frames_removed
  File "/opt/airflow/dags/playwright_shopee.py", line 218, in <module>
    raise RuntimeError(
RuntimeError: Shopee traffic verify detected. Update shopee_cookies.json dari Cookie-Editor.
[2026-05-27T03:26:40.374+0000] {processor.py:842} WARNING - No viable dags retrieved from /opt/airflow/dags/playwright_shopee.py
[2026-05-27T03:26:40.399+0000] {processor.py:183} INFO - Processing /opt/airflow/dags/playwright_shopee.py took 14.595 seconds
[2026-05-27T03:27:10.762+0000] {processor.py:161} INFO - Started process (PID=18293) to work on /opt/airflow/dags/playwright_shopee.py
[2026-05-27T03:27:10.764+0000] {processor.py:830} INFO - Processing file /opt/airflow/dags/playwright_shopee.py for tasks to queue
[2026-05-27T03:27:10.766+0000] {logging_mixin.py:188} INFO - [2026-05-27T03:27:10.766+0000] {dagbag.py:545} INFO - Filling up the DagBag from /opt/airflow/dags/playwright_shopee.py
[2026-05-27T03:27:11.241+0000] {logging_mixin.py:188} INFO - 🌐 Membuka Chromium...
[2026-05-27T03:27:11.430+0000] {logging_mixin.py:188} INFO - 🍪 Inject cookies Shopee...
[2026-05-27T03:27:11.432+0000] {logging_mixin.py:188} INFO - ✅ 16 cookies berhasil diload dari /opt/airflow/dags/shopee_cookies.json
[2026-05-27T03:27:11.529+0000] {logging_mixin.py:188} INFO - 🌍 Membuka Shopee search...
[2026-05-27T03:27:23.176+0000] {logging_mixin.py:188} INFO - 📄 URL   : https://shopee.co.id/search?keyword=msi%20gaming
[2026-05-27T03:27:23.301+0000] {logging_mixin.py:188} INFO - 📄 TITLE : Shopee Indonesia | Situs Belanja Online Terlengkap & Terpercaya
[2026-05-27T03:27:24.161+0000] {logging_mixin.py:188} INFO - ❌ Cookies tidak valid atau sudah expired.
[2026-05-27T03:27:24.276+0000] {logging_mixin.py:188} INFO - [2026-05-27T03:27:24.275+0000] {dagbag.py:355} ERROR - Failed to import: /opt/airflow/dags/playwright_shopee.py
Traceback (most recent call last):
  File "/home/airflow/.local/lib/python3.8/site-packages/airflow/models/dagbag.py", line 351, in parse
    loader.exec_module(new_module)
  File "<frozen importlib._bootstrap_external>", line 843, in exec_module
  File "<frozen importlib._bootstrap>", line 219, in _call_with_frames_removed
  File "/opt/airflow/dags/playwright_shopee.py", line 228, in <module>
    raise RuntimeError("Cookies tidak valid. Export ulang dari Chrome.")
RuntimeError: Cookies tidak valid. Export ulang dari Chrome.
[2026-05-27T03:27:24.278+0000] {processor.py:842} WARNING - No viable dags retrieved from /opt/airflow/dags/playwright_shopee.py
[2026-05-27T03:27:24.307+0000] {processor.py:183} INFO - Processing /opt/airflow/dags/playwright_shopee.py took 13.559 seconds
[2026-05-27T03:27:54.558+0000] {processor.py:161} INFO - Started process (PID=18416) to work on /opt/airflow/dags/playwright_shopee.py
[2026-05-27T03:27:54.559+0000] {processor.py:830} INFO - Processing file /opt/airflow/dags/playwright_shopee.py for tasks to queue
[2026-05-27T03:27:54.561+0000] {logging_mixin.py:188} INFO - [2026-05-27T03:27:54.561+0000] {dagbag.py:545} INFO - Filling up the DagBag from /opt/airflow/dags/playwright_shopee.py
[2026-05-27T03:27:54.989+0000] {logging_mixin.py:188} INFO - 🌐 Membuka Chromium...
[2026-05-27T03:27:55.232+0000] {logging_mixin.py:188} INFO - 🍪 Inject cookies Shopee...
[2026-05-27T03:27:55.236+0000] {logging_mixin.py:188} INFO - ✅ 16 cookies berhasil diload dari /opt/airflow/dags/shopee_cookies.json
[2026-05-27T03:27:55.350+0000] {logging_mixin.py:188} INFO - 🌍 Membuka Shopee search...
[2026-05-27T03:28:06.507+0000] {logging_mixin.py:188} INFO - 📄 URL   : https://shopee.co.id/search?keyword=msi%20gaming
[2026-05-27T03:28:06.532+0000] {logging_mixin.py:188} INFO - 📄 TITLE : Shopee Indonesia | Situs Belanja Online Terlengkap & Terpercaya
[2026-05-27T03:28:06.667+0000] {logging_mixin.py:188} INFO - ✅ Session valid, mulai scraping...
[2026-05-27T03:28:06.673+0000] {logging_mixin.py:188} INFO - [2026-05-27T03:28:06.672+0000] {logger.py:96} INFO - {"message": "Waiting for suitable server to become available", "selector": "<function writable_server_selector at 0x7fedaae63280>", "operation": "createIndexes", "topologyDescription": "<TopologyDescription id: 6a1664c6a1b27c24730fc8fb, topology_type: Unknown, servers: [<ServerDescription ('mongodb', 27017) server_type: Unknown, rtt: None>]>", "clientId": {"$oid": "6a1664c6a1b27c24730fc8fb"}, "remainingTimeMS": 29}
[2026-05-27T03:28:06.702+0000] {logging_mixin.py:188} INFO - ✅ Terhubung MongoDB: shopee_raw.products
[2026-05-27T03:28:06.703+0000] {logging_mixin.py:188} INFO - 
=================================
[2026-05-27T03:28:06.703+0000] {logging_mixin.py:188} INFO - 📄 PAGE 1/5
[2026-05-27T03:28:06.704+0000] {logging_mixin.py:188} INFO - =================================
[2026-05-27T03:28:06.704+0000] {logging_mixin.py:188} INFO - 🌍 https://shopee.co.id/search?keyword=msi%20gaming&page=0
[2026-05-27T03:28:13.241+0000] {logging_mixin.py:188} INFO - 🖱️ Scrolling...
[2026-05-27T03:28:24.568+0000] {logging_mixin.py:188} INFO - [2026-05-27T03:28:24.567+0000] {timeout.py:68} ERROR - Process timed out, PID: 18416
[2026-05-27T03:28:54.750+0000] {processor.py:161} INFO - Started process (PID=18558) to work on /opt/airflow/dags/playwright_shopee.py
[2026-05-27T03:28:54.751+0000] {processor.py:830} INFO - Processing file /opt/airflow/dags/playwright_shopee.py for tasks to queue
[2026-05-27T03:28:54.753+0000] {logging_mixin.py:188} INFO - [2026-05-27T03:28:54.753+0000] {dagbag.py:545} INFO - Filling up the DagBag from /opt/airflow/dags/playwright_shopee.py
[2026-05-27T03:28:55.179+0000] {logging_mixin.py:188} INFO - 🌐 Membuka Chromium...
[2026-05-27T03:28:55.410+0000] {logging_mixin.py:188} INFO - 🍪 Inject cookies Shopee...
[2026-05-27T03:28:55.413+0000] {logging_mixin.py:188} INFO - ✅ 16 cookies berhasil diload dari /opt/airflow/dags/shopee_cookies.json
[2026-05-27T03:28:55.515+0000] {logging_mixin.py:188} INFO - 🌍 Membuka Shopee search...
[2026-05-27T03:29:03.713+0000] {logging_mixin.py:188} INFO - 📄 URL   : https://shopee.co.id/search?keyword=msi%20gaming
[2026-05-27T03:29:04.179+0000] {logging_mixin.py:188} INFO - 📄 TITLE : Shopee Indonesia | Situs Belanja Online Terlengkap & Terpercaya
[2026-05-27T03:29:05.474+0000] {logging_mixin.py:188} INFO - ❌ Cookies tidak valid atau sudah expired.
[2026-05-27T03:29:05.590+0000] {logging_mixin.py:188} INFO - [2026-05-27T03:29:05.589+0000] {dagbag.py:355} ERROR - Failed to import: /opt/airflow/dags/playwright_shopee.py
Traceback (most recent call last):
  File "/home/airflow/.local/lib/python3.8/site-packages/airflow/models/dagbag.py", line 351, in parse
    loader.exec_module(new_module)
  File "<frozen importlib._bootstrap_external>", line 843, in exec_module
  File "<frozen importlib._bootstrap>", line 219, in _call_with_frames_removed
  File "/opt/airflow/dags/playwright_shopee.py", line 228, in <module>
    raise RuntimeError("Cookies tidak valid. Export ulang dari Chrome.")
RuntimeError: Cookies tidak valid. Export ulang dari Chrome.
[2026-05-27T03:29:05.592+0000] {processor.py:842} WARNING - No viable dags retrieved from /opt/airflow/dags/playwright_shopee.py
[2026-05-27T03:29:05.621+0000] {processor.py:183} INFO - Processing /opt/airflow/dags/playwright_shopee.py took 10.876 seconds
[2026-05-27T03:29:36.333+0000] {processor.py:161} INFO - Started process (PID=18663) to work on /opt/airflow/dags/playwright_shopee.py
[2026-05-27T03:29:36.335+0000] {processor.py:830} INFO - Processing file /opt/airflow/dags/playwright_shopee.py for tasks to queue
[2026-05-27T03:29:36.338+0000] {logging_mixin.py:188} INFO - [2026-05-27T03:29:36.337+0000] {dagbag.py:545} INFO - Filling up the DagBag from /opt/airflow/dags/playwright_shopee.py
[2026-05-27T03:29:36.886+0000] {logging_mixin.py:188} INFO - 🌐 Membuka Chromium...
[2026-05-27T03:29:37.078+0000] {logging_mixin.py:188} INFO - 🍪 Inject cookies Shopee...
[2026-05-27T03:29:37.081+0000] {logging_mixin.py:188} INFO - ✅ 16 cookies berhasil diload dari /opt/airflow/dags/shopee_cookies.json
[2026-05-27T03:29:37.193+0000] {logging_mixin.py:188} INFO - 🌍 Membuka Shopee search...
[2026-05-27T03:29:46.731+0000] {logging_mixin.py:188} INFO - 📄 URL   : https://shopee.co.id/search?keyword=msi%20gaming
[2026-05-27T03:29:47.374+0000] {logging_mixin.py:188} INFO - [2026-05-27T03:29:47.372+0000] {dagbag.py:355} ERROR - Failed to import: /opt/airflow/dags/playwright_shopee.py
Traceback (most recent call last):
  File "/home/airflow/.local/lib/python3.8/site-packages/airflow/models/dagbag.py", line 351, in parse
    loader.exec_module(new_module)
  File "<frozen importlib._bootstrap_external>", line 843, in exec_module
  File "<frozen importlib._bootstrap>", line 219, in _call_with_frames_removed
  File "/opt/airflow/dags/playwright_shopee.py", line 208, in <module>
    print("📄 TITLE :", page.title())
  File "/home/airflow/.local/lib/python3.8/site-packages/playwright/sync_api/_generated.py", line 9407, in title
    return mapping.from_maybe_impl(self._sync(self._impl_obj.title()))
  File "/home/airflow/.local/lib/python3.8/site-packages/playwright/_impl/_sync_base.py", line 115, in _sync
    return task.result()
  File "/home/airflow/.local/lib/python3.8/site-packages/playwright/_impl/_page.py", line 742, in title
    return await self._main_frame.title()
  File "/home/airflow/.local/lib/python3.8/site-packages/playwright/_impl/_frame.py", line 776, in title
    return await self._channel.send("title")
  File "/home/airflow/.local/lib/python3.8/site-packages/playwright/_impl/_connection.py", line 59, in send
    return await self._connection.wrap_api_call(
  File "/home/airflow/.local/lib/python3.8/site-packages/playwright/_impl/_connection.py", line 514, in wrap_api_call
    raise rewrite_error(error, f"{parsed_st['apiName']}: {error}") from None
playwright._impl._errors.Error: Page.title: Execution context was destroyed, most likely because of a navigation
[2026-05-27T03:29:47.374+0000] {processor.py:842} WARNING - No viable dags retrieved from /opt/airflow/dags/playwright_shopee.py
[2026-05-27T03:29:47.397+0000] {processor.py:183} INFO - Processing /opt/airflow/dags/playwright_shopee.py took 11.075 seconds
[2026-05-27T03:30:17.477+0000] {processor.py:161} INFO - Started process (PID=18795) to work on /opt/airflow/dags/playwright_shopee.py
[2026-05-27T03:30:17.478+0000] {processor.py:830} INFO - Processing file /opt/airflow/dags/playwright_shopee.py for tasks to queue
[2026-05-27T03:30:17.480+0000] {logging_mixin.py:188} INFO - [2026-05-27T03:30:17.479+0000] {dagbag.py:545} INFO - Filling up the DagBag from /opt/airflow/dags/playwright_shopee.py
[2026-05-27T03:30:17.972+0000] {logging_mixin.py:188} INFO - 🌐 Membuka Chromium...
[2026-05-27T03:30:18.227+0000] {logging_mixin.py:188} INFO - 🍪 Inject cookies Shopee...
[2026-05-27T03:30:18.229+0000] {logging_mixin.py:188} INFO - ✅ 16 cookies berhasil diload dari /opt/airflow/dags/shopee_cookies.json
[2026-05-27T03:30:18.333+0000] {logging_mixin.py:188} INFO - 🌍 Membuka Shopee search...
[2026-05-27T03:30:29.503+0000] {logging_mixin.py:188} INFO - 📄 URL   : https://shopee.co.id/search?keyword=msi%20gaming
[2026-05-27T03:30:30.050+0000] {logging_mixin.py:188} INFO - 📄 TITLE : Shopee Indonesia | Situs Belanja Online Terlengkap & Terpercaya
[2026-05-27T03:30:31.005+0000] {logging_mixin.py:188} INFO - ❌ Kena traffic verify — cookies mungkin expired.
[2026-05-27T03:30:31.006+0000] {logging_mixin.py:188} INFO - ⚠️  Export ulang cookies dari Chrome dan update shopee_cookies.json
[2026-05-27T03:30:33.848+0000] {logging_mixin.py:188} INFO - [2026-05-27T03:30:33.846+0000] {dagbag.py:355} ERROR - Failed to import: /opt/airflow/dags/playwright_shopee.py
Traceback (most recent call last):
  File "/home/airflow/.local/lib/python3.8/site-packages/airflow/models/dagbag.py", line 351, in parse
    loader.exec_module(new_module)
  File "<frozen importlib._bootstrap_external>", line 843, in exec_module
  File "<frozen importlib._bootstrap>", line 219, in _call_with_frames_removed
  File "/opt/airflow/dags/playwright_shopee.py", line 218, in <module>
    raise RuntimeError(
RuntimeError: Shopee traffic verify detected. Update shopee_cookies.json dari Cookie-Editor.
[2026-05-27T03:30:33.849+0000] {processor.py:842} WARNING - No viable dags retrieved from /opt/airflow/dags/playwright_shopee.py
[2026-05-27T03:30:33.872+0000] {processor.py:183} INFO - Processing /opt/airflow/dags/playwright_shopee.py took 16.393 seconds
[2026-05-27T03:31:04.243+0000] {processor.py:161} INFO - Started process (PID=18918) to work on /opt/airflow/dags/playwright_shopee.py
[2026-05-27T03:31:04.244+0000] {processor.py:830} INFO - Processing file /opt/airflow/dags/playwright_shopee.py for tasks to queue
[2026-05-27T03:31:04.247+0000] {logging_mixin.py:188} INFO - [2026-05-27T03:31:04.247+0000] {dagbag.py:545} INFO - Filling up the DagBag from /opt/airflow/dags/playwright_shopee.py
[2026-05-27T03:31:04.793+0000] {logging_mixin.py:188} INFO - 🌐 Membuka Chromium...
[2026-05-27T03:31:05.028+0000] {logging_mixin.py:188} INFO - 🍪 Inject cookies Shopee...
[2026-05-27T03:31:05.030+0000] {logging_mixin.py:188} INFO - ✅ 16 cookies berhasil diload dari /opt/airflow/dags/shopee_cookies.json
[2026-05-27T03:31:05.129+0000] {logging_mixin.py:188} INFO - 🌍 Membuka Shopee search...
[2026-05-27T03:31:12.524+0000] {logging_mixin.py:188} INFO - 📄 URL   : https://shopee.co.id/search?keyword=msi%20gaming
[2026-05-27T03:31:12.598+0000] {logging_mixin.py:188} INFO - 📄 TITLE : Shopee Indonesia | Situs Belanja Online Terlengkap & Terpercaya
[2026-05-27T03:31:13.820+0000] {logging_mixin.py:188} INFO - ❌ Cookies tidak valid atau sudah expired.
[2026-05-27T03:31:13.919+0000] {logging_mixin.py:188} INFO - [2026-05-27T03:31:13.918+0000] {dagbag.py:355} ERROR - Failed to import: /opt/airflow/dags/playwright_shopee.py
Traceback (most recent call last):
  File "/home/airflow/.local/lib/python3.8/site-packages/airflow/models/dagbag.py", line 351, in parse
    loader.exec_module(new_module)
  File "<frozen importlib._bootstrap_external>", line 843, in exec_module
  File "<frozen importlib._bootstrap>", line 219, in _call_with_frames_removed
  File "/opt/airflow/dags/playwright_shopee.py", line 228, in <module>
    raise RuntimeError("Cookies tidak valid. Export ulang dari Chrome.")
RuntimeError: Cookies tidak valid. Export ulang dari Chrome.
[2026-05-27T03:31:13.920+0000] {processor.py:842} WARNING - No viable dags retrieved from /opt/airflow/dags/playwright_shopee.py
[2026-05-27T03:31:13.944+0000] {processor.py:183} INFO - Processing /opt/airflow/dags/playwright_shopee.py took 9.710 seconds
[2026-05-27T03:31:44.321+0000] {processor.py:161} INFO - Started process (PID=19050) to work on /opt/airflow/dags/playwright_shopee.py
[2026-05-27T03:31:44.322+0000] {processor.py:830} INFO - Processing file /opt/airflow/dags/playwright_shopee.py for tasks to queue
[2026-05-27T03:31:44.324+0000] {logging_mixin.py:188} INFO - [2026-05-27T03:31:44.323+0000] {dagbag.py:545} INFO - Filling up the DagBag from /opt/airflow/dags/playwright_shopee.py
[2026-05-27T03:31:44.760+0000] {logging_mixin.py:188} INFO - 🌐 Membuka Chromium...
[2026-05-27T03:31:45.030+0000] {logging_mixin.py:188} INFO - 🍪 Inject cookies Shopee...
[2026-05-27T03:31:45.035+0000] {logging_mixin.py:188} INFO - ✅ 16 cookies berhasil diload dari /opt/airflow/dags/shopee_cookies.json
[2026-05-27T03:31:45.157+0000] {logging_mixin.py:188} INFO - 🌍 Membuka Shopee search...
[2026-05-27T03:31:53.379+0000] {logging_mixin.py:188} INFO - 📄 URL   : https://shopee.co.id/search?keyword=msi%20gaming
[2026-05-27T03:31:53.710+0000] {logging_mixin.py:188} INFO - 📄 TITLE : Shopee Indonesia | Situs Belanja Online Terlengkap & Terpercaya
[2026-05-27T03:31:55.764+0000] {logging_mixin.py:188} INFO - ❌ Kena traffic verify — cookies mungkin expired.
[2026-05-27T03:31:55.765+0000] {logging_mixin.py:188} INFO - ⚠️  Export ulang cookies dari Chrome dan update shopee_cookies.json
[2026-05-27T03:31:58.636+0000] {logging_mixin.py:188} INFO - [2026-05-27T03:31:58.635+0000] {dagbag.py:355} ERROR - Failed to import: /opt/airflow/dags/playwright_shopee.py
Traceback (most recent call last):
  File "/home/airflow/.local/lib/python3.8/site-packages/airflow/models/dagbag.py", line 351, in parse
    loader.exec_module(new_module)
  File "<frozen importlib._bootstrap_external>", line 843, in exec_module
  File "<frozen importlib._bootstrap>", line 219, in _call_with_frames_removed
  File "/opt/airflow/dags/playwright_shopee.py", line 218, in <module>
    raise RuntimeError(
RuntimeError: Shopee traffic verify detected. Update shopee_cookies.json dari Cookie-Editor.
[2026-05-27T03:31:58.638+0000] {processor.py:842} WARNING - No viable dags retrieved from /opt/airflow/dags/playwright_shopee.py
[2026-05-27T03:31:58.665+0000] {processor.py:183} INFO - Processing /opt/airflow/dags/playwright_shopee.py took 14.353 seconds
[2026-05-27T03:32:28.958+0000] {processor.py:161} INFO - Started process (PID=19172) to work on /opt/airflow/dags/playwright_shopee.py
[2026-05-27T03:32:28.959+0000] {processor.py:830} INFO - Processing file /opt/airflow/dags/playwright_shopee.py for tasks to queue
[2026-05-27T03:32:28.961+0000] {logging_mixin.py:188} INFO - [2026-05-27T03:32:28.960+0000] {dagbag.py:545} INFO - Filling up the DagBag from /opt/airflow/dags/playwright_shopee.py
[2026-05-27T03:32:29.445+0000] {logging_mixin.py:188} INFO - 🌐 Membuka Chromium...
[2026-05-27T03:32:29.635+0000] {logging_mixin.py:188} INFO - 🍪 Inject cookies Shopee...
[2026-05-27T03:32:29.638+0000] {logging_mixin.py:188} INFO - ✅ 16 cookies berhasil diload dari /opt/airflow/dags/shopee_cookies.json
[2026-05-27T03:32:29.746+0000] {logging_mixin.py:188} INFO - 🌍 Membuka Shopee search...
[2026-05-27T03:32:39.237+0000] {logging_mixin.py:188} INFO - 📄 URL   : https://shopee.co.id/search?keyword=msi%20gaming
[2026-05-27T03:32:39.370+0000] {logging_mixin.py:188} INFO - 📄 TITLE : Shopee Indonesia | Situs Belanja Online Terlengkap & Terpercaya
[2026-05-27T03:32:41.242+0000] {logging_mixin.py:188} INFO - ❌ Kena traffic verify — cookies mungkin expired.
[2026-05-27T03:32:41.243+0000] {logging_mixin.py:188} INFO - ⚠️  Export ulang cookies dari Chrome dan update shopee_cookies.json
[2026-05-27T03:32:44.250+0000] {logging_mixin.py:188} INFO - [2026-05-27T03:32:44.248+0000] {dagbag.py:355} ERROR - Failed to import: /opt/airflow/dags/playwright_shopee.py
Traceback (most recent call last):
  File "/home/airflow/.local/lib/python3.8/site-packages/airflow/models/dagbag.py", line 351, in parse
    loader.exec_module(new_module)
  File "<frozen importlib._bootstrap_external>", line 843, in exec_module
  File "<frozen importlib._bootstrap>", line 219, in _call_with_frames_removed
  File "/opt/airflow/dags/playwright_shopee.py", line 218, in <module>
    raise RuntimeError(
RuntimeError: Shopee traffic verify detected. Update shopee_cookies.json dari Cookie-Editor.
[2026-05-27T03:32:44.251+0000] {processor.py:842} WARNING - No viable dags retrieved from /opt/airflow/dags/playwright_shopee.py
[2026-05-27T03:32:44.279+0000] {processor.py:183} INFO - Processing /opt/airflow/dags/playwright_shopee.py took 15.326 seconds
[2026-05-27T03:33:14.955+0000] {processor.py:161} INFO - Started process (PID=19305) to work on /opt/airflow/dags/playwright_shopee.py
[2026-05-27T03:33:14.956+0000] {processor.py:830} INFO - Processing file /opt/airflow/dags/playwright_shopee.py for tasks to queue
[2026-05-27T03:33:14.958+0000] {logging_mixin.py:188} INFO - [2026-05-27T03:33:14.958+0000] {dagbag.py:545} INFO - Filling up the DagBag from /opt/airflow/dags/playwright_shopee.py
[2026-05-27T03:33:15.433+0000] {logging_mixin.py:188} INFO - 🌐 Membuka Chromium...
[2026-05-27T03:33:15.719+0000] {logging_mixin.py:188} INFO - 🍪 Inject cookies Shopee...
[2026-05-27T03:33:15.722+0000] {logging_mixin.py:188} INFO - ✅ 16 cookies berhasil diload dari /opt/airflow/dags/shopee_cookies.json
[2026-05-27T03:33:15.845+0000] {logging_mixin.py:188} INFO - 🌍 Membuka Shopee search...
[2026-05-27T03:33:23.982+0000] {logging_mixin.py:188} INFO - 📄 URL   : https://shopee.co.id/search?keyword=msi%20gaming
[2026-05-27T03:33:24.067+0000] {logging_mixin.py:188} INFO - 📄 TITLE : Shopee Indonesia | Situs Belanja Online Terlengkap & Terpercaya
[2026-05-27T03:33:24.430+0000] {logging_mixin.py:188} INFO - ❌ Cookies tidak valid atau sudah expired.
[2026-05-27T03:33:24.535+0000] {logging_mixin.py:188} INFO - [2026-05-27T03:33:24.534+0000] {dagbag.py:355} ERROR - Failed to import: /opt/airflow/dags/playwright_shopee.py
Traceback (most recent call last):
  File "/home/airflow/.local/lib/python3.8/site-packages/airflow/models/dagbag.py", line 351, in parse
    loader.exec_module(new_module)
  File "<frozen importlib._bootstrap_external>", line 843, in exec_module
  File "<frozen importlib._bootstrap>", line 219, in _call_with_frames_removed
  File "/opt/airflow/dags/playwright_shopee.py", line 228, in <module>
    raise RuntimeError("Cookies tidak valid. Export ulang dari Chrome.")
RuntimeError: Cookies tidak valid. Export ulang dari Chrome.
[2026-05-27T03:33:24.536+0000] {processor.py:842} WARNING - No viable dags retrieved from /opt/airflow/dags/playwright_shopee.py
[2026-05-27T03:33:24.560+0000] {processor.py:183} INFO - Processing /opt/airflow/dags/playwright_shopee.py took 9.617 seconds
[2026-05-27T03:33:54.774+0000] {processor.py:161} INFO - Started process (PID=19427) to work on /opt/airflow/dags/playwright_shopee.py
[2026-05-27T03:33:54.775+0000] {processor.py:830} INFO - Processing file /opt/airflow/dags/playwright_shopee.py for tasks to queue
[2026-05-27T03:33:54.777+0000] {logging_mixin.py:188} INFO - [2026-05-27T03:33:54.776+0000] {dagbag.py:545} INFO - Filling up the DagBag from /opt/airflow/dags/playwright_shopee.py
[2026-05-27T03:33:55.319+0000] {logging_mixin.py:188} INFO - 🌐 Membuka Chromium...
[2026-05-27T03:33:55.547+0000] {logging_mixin.py:188} INFO - 🍪 Inject cookies Shopee...
[2026-05-27T03:33:55.550+0000] {logging_mixin.py:188} INFO - ✅ 16 cookies berhasil diload dari /opt/airflow/dags/shopee_cookies.json
[2026-05-27T03:33:55.642+0000] {logging_mixin.py:188} INFO - 🌍 Membuka Shopee search...
[2026-05-27T03:34:09.417+0000] {logging_mixin.py:188} INFO - 📄 URL   : https://shopee.co.id/search?keyword=msi%20gaming
[2026-05-27T03:34:09.696+0000] {logging_mixin.py:188} INFO - 📄 TITLE : Shopee Indonesia | Situs Belanja Online Terlengkap & Terpercaya
[2026-05-27T03:34:10.344+0000] {logging_mixin.py:188} INFO - ❌ Kena traffic verify — cookies mungkin expired.
[2026-05-27T03:34:10.345+0000] {logging_mixin.py:188} INFO - ⚠️  Export ulang cookies dari Chrome dan update shopee_cookies.json
[2026-05-27T03:34:10.703+0000] {logging_mixin.py:188} INFO - [2026-05-27T03:34:10.702+0000] {dagbag.py:355} ERROR - Failed to import: /opt/airflow/dags/playwright_shopee.py
Traceback (most recent call last):
  File "/home/airflow/.local/lib/python3.8/site-packages/airflow/models/dagbag.py", line 351, in parse
    loader.exec_module(new_module)
  File "<frozen importlib._bootstrap_external>", line 843, in exec_module
  File "<frozen importlib._bootstrap>", line 219, in _call_with_frames_removed
  File "/opt/airflow/dags/playwright_shopee.py", line 218, in <module>
    raise RuntimeError(
RuntimeError: Shopee traffic verify detected. Update shopee_cookies.json dari Cookie-Editor.
[2026-05-27T03:34:10.704+0000] {processor.py:842} WARNING - No viable dags retrieved from /opt/airflow/dags/playwright_shopee.py
[2026-05-27T03:34:10.727+0000] {processor.py:183} INFO - Processing /opt/airflow/dags/playwright_shopee.py took 15.958 seconds
[2026-05-27T03:34:41.326+0000] {processor.py:161} INFO - Started process (PID=19551) to work on /opt/airflow/dags/playwright_shopee.py
[2026-05-27T03:34:41.327+0000] {processor.py:830} INFO - Processing file /opt/airflow/dags/playwright_shopee.py for tasks to queue
[2026-05-27T03:34:41.329+0000] {logging_mixin.py:188} INFO - [2026-05-27T03:34:41.329+0000] {dagbag.py:545} INFO - Filling up the DagBag from /opt/airflow/dags/playwright_shopee.py
[2026-05-27T03:34:41.822+0000] {logging_mixin.py:188} INFO - 🌐 Membuka Chromium...
[2026-05-27T03:34:42.050+0000] {logging_mixin.py:188} INFO - 🍪 Inject cookies Shopee...
[2026-05-27T03:34:42.054+0000] {logging_mixin.py:188} INFO - ✅ 16 cookies berhasil diload dari /opt/airflow/dags/shopee_cookies.json
[2026-05-27T03:34:42.159+0000] {logging_mixin.py:188} INFO - 🌍 Membuka Shopee search...
[2026-05-27T03:34:49.290+0000] {logging_mixin.py:188} INFO - 📄 URL   : https://shopee.co.id/search?keyword=msi%20gaming
[2026-05-27T03:34:49.844+0000] {logging_mixin.py:188} INFO - 📄 TITLE : Shopee Indonesia | Situs Belanja Online Terlengkap & Terpercaya
[2026-05-27T03:34:50.874+0000] {logging_mixin.py:188} INFO - ✅ Session valid, mulai scraping...
[2026-05-27T03:34:50.890+0000] {logging_mixin.py:188} INFO - [2026-05-27T03:34:50.885+0000] {logger.py:96} INFO - {"message": "Waiting for suitable server to become available", "selector": "<function writable_server_selector at 0x7fedaae68310>", "operation": "createIndexes", "topologyDescription": "<TopologyDescription id: 6a16665aeae6ac9680240c34, topology_type: Unknown, servers: [<ServerDescription ('mongodb', 27017) server_type: Unknown, rtt: None>]>", "clientId": {"$oid": "6a16665aeae6ac9680240c34"}, "remainingTimeMS": 29}
[2026-05-27T03:34:50.920+0000] {logging_mixin.py:188} INFO - ✅ Terhubung MongoDB: shopee_raw.products
[2026-05-27T03:34:50.921+0000] {logging_mixin.py:188} INFO - 
=================================
[2026-05-27T03:34:50.922+0000] {logging_mixin.py:188} INFO - 📄 PAGE 1/5
[2026-05-27T03:34:50.922+0000] {logging_mixin.py:188} INFO - =================================
[2026-05-27T03:34:50.923+0000] {logging_mixin.py:188} INFO - 🌍 https://shopee.co.id/search?keyword=msi%20gaming&page=0
[2026-05-27T03:34:56.200+0000] {logging_mixin.py:188} INFO - 🖱️ Scrolling...
[2026-05-27T03:35:10.879+0000] {logging_mixin.py:188} INFO - 📄 URL   : https://shopee.co.id/verify/traffic/error?home_url=https%3A%2F%2Fshopee.co.id&is_logged_in=false&next=https%3A%2F%2Fshopee.co.id%2Fsearch%3Fkeyword%3Dmsi%2520gaming%26page%3D0&tracking_id=51df5fe0f1-7791-45ea-b63f-d99d57a3883d&type=4
[2026-05-27T03:35:10.906+0000] {logging_mixin.py:188} INFO - 📄 TITLE : Shopee Indonesia | Situs Belanja Online Terlengkap & Terpercaya
[2026-05-27T03:35:11.029+0000] {logging_mixin.py:188} INFO - 🔍 Mengambil item produk...
[2026-05-27T03:35:11.079+0000] {logging_mixin.py:188} INFO - 📦 Total item ditemukan: 0
[2026-05-27T03:35:11.080+0000] {logging_mixin.py:188} INFO - ❌ Produk kosong, simpan HTML debug.
[2026-05-27T03:35:11.123+0000] {logging_mixin.py:188} INFO - 
=================================
[2026-05-27T03:35:11.123+0000] {logging_mixin.py:188} INFO - 📄 PAGE 2/5
[2026-05-27T03:35:11.124+0000] {logging_mixin.py:188} INFO - =================================
[2026-05-27T03:35:11.124+0000] {logging_mixin.py:188} INFO - 🌍 https://shopee.co.id/search?keyword=msi%20gaming&page=1
[2026-05-27T03:35:11.335+0000] {logging_mixin.py:188} INFO - [2026-05-27T03:35:11.335+0000] {timeout.py:68} ERROR - Process timed out, PID: 19551
[2026-05-27T03:35:41.565+0000] {processor.py:161} INFO - Started process (PID=19694) to work on /opt/airflow/dags/playwright_shopee.py
[2026-05-27T03:35:41.566+0000] {processor.py:830} INFO - Processing file /opt/airflow/dags/playwright_shopee.py for tasks to queue
[2026-05-27T03:35:41.568+0000] {logging_mixin.py:188} INFO - [2026-05-27T03:35:41.568+0000] {dagbag.py:545} INFO - Filling up the DagBag from /opt/airflow/dags/playwright_shopee.py
[2026-05-27T03:35:42.015+0000] {logging_mixin.py:188} INFO - 🌐 Membuka Chromium...
[2026-05-27T03:35:42.227+0000] {logging_mixin.py:188} INFO - 🍪 Inject cookies Shopee...
[2026-05-27T03:35:42.230+0000] {logging_mixin.py:188} INFO - ✅ 16 cookies berhasil diload dari /opt/airflow/dags/shopee_cookies.json
[2026-05-27T03:35:42.336+0000] {logging_mixin.py:188} INFO - 🌍 Membuka Shopee search...
[2026-05-27T03:35:50.071+0000] {logging_mixin.py:188} INFO - 📄 URL   : https://shopee.co.id/search?keyword=msi%20gaming
[2026-05-27T03:35:50.328+0000] {logging_mixin.py:188} INFO - 📄 TITLE : Shopee Indonesia | Situs Belanja Online Terlengkap & Terpercaya
[2026-05-27T03:35:50.539+0000] {logging_mixin.py:188} INFO - ✅ Session valid, mulai scraping...
[2026-05-27T03:35:50.551+0000] {logging_mixin.py:188} INFO - [2026-05-27T03:35:50.550+0000] {logger.py:96} INFO - {"message": "Waiting for suitable server to become available", "selector": "<function writable_server_selector at 0x7fedaae68310>", "operation": "createIndexes", "topologyDescription": "<TopologyDescription id: 6a166696e6d838b606ddbb48, topology_type: Unknown, servers: [<ServerDescription ('mongodb', 27017) server_type: Unknown, rtt: None>]>", "clientId": {"$oid": "6a166696e6d838b606ddbb48"}, "remainingTimeMS": 29}
[2026-05-27T03:35:50.571+0000] {logging_mixin.py:188} INFO - ✅ Terhubung MongoDB: shopee_raw.products
[2026-05-27T03:35:50.572+0000] {logging_mixin.py:188} INFO - 
=================================
[2026-05-27T03:35:50.572+0000] {logging_mixin.py:188} INFO - 📄 PAGE 1/5
[2026-05-27T03:35:50.573+0000] {logging_mixin.py:188} INFO - =================================
[2026-05-27T03:35:50.573+0000] {logging_mixin.py:188} INFO - 🌍 https://shopee.co.id/search?keyword=msi%20gaming&page=0
[2026-05-27T03:35:57.481+0000] {logging_mixin.py:188} INFO - 🖱️ Scrolling...
[2026-05-27T03:36:11.016+0000] {logging_mixin.py:188} INFO - 📄 URL   : https://shopee.co.id/verify/traffic/error?home_url=https%3A%2F%2Fshopee.co.id&is_logged_in=false&next=https%3A%2F%2Fshopee.co.id%2Fsearch%3Fkeyword%3Dmsi%2520gaming%26page%3D0&tracking_id=22542f1c815-fb2a-46d6-a855-77ec432d4e6a&type=4
[2026-05-27T03:36:11.038+0000] {logging_mixin.py:188} INFO - 📄 TITLE : Shopee Indonesia | Situs Belanja Online Terlengkap & Terpercaya
[2026-05-27T03:36:11.163+0000] {logging_mixin.py:188} INFO - 🔍 Mengambil item produk...
[2026-05-27T03:36:11.222+0000] {logging_mixin.py:188} INFO - 📦 Total item ditemukan: 0
[2026-05-27T03:36:11.223+0000] {logging_mixin.py:188} INFO - ❌ Produk kosong, simpan HTML debug.
[2026-05-27T03:36:11.264+0000] {logging_mixin.py:188} INFO - 
=================================
[2026-05-27T03:36:11.265+0000] {logging_mixin.py:188} INFO - 📄 PAGE 2/5
[2026-05-27T03:36:11.265+0000] {logging_mixin.py:188} INFO - =================================
[2026-05-27T03:36:11.266+0000] {logging_mixin.py:188} INFO - 🌍 https://shopee.co.id/search?keyword=msi%20gaming&page=1
[2026-05-27T03:36:11.572+0000] {logging_mixin.py:188} INFO - [2026-05-27T03:36:11.571+0000] {timeout.py:68} ERROR - Process timed out, PID: 19694
[2026-05-27T03:36:41.843+0000] {processor.py:161} INFO - Started process (PID=19838) to work on /opt/airflow/dags/playwright_shopee.py
[2026-05-27T03:36:41.844+0000] {processor.py:830} INFO - Processing file /opt/airflow/dags/playwright_shopee.py for tasks to queue
[2026-05-27T03:36:41.846+0000] {logging_mixin.py:188} INFO - [2026-05-27T03:36:41.846+0000] {dagbag.py:545} INFO - Filling up the DagBag from /opt/airflow/dags/playwright_shopee.py
[2026-05-27T03:36:42.323+0000] {logging_mixin.py:188} INFO - 🌐 Membuka Chromium...
[2026-05-27T03:36:42.519+0000] {logging_mixin.py:188} INFO - 🍪 Inject cookies Shopee...
[2026-05-27T03:36:42.522+0000] {logging_mixin.py:188} INFO - ✅ 16 cookies berhasil diload dari /opt/airflow/dags/shopee_cookies.json
[2026-05-27T03:36:42.655+0000] {logging_mixin.py:188} INFO - 🌍 Membuka Shopee search...
[2026-05-27T03:36:50.352+0000] {logging_mixin.py:188} INFO - 📄 URL   : https://shopee.co.id/search?keyword=msi%20gaming
[2026-05-27T03:36:50.480+0000] {logging_mixin.py:188} INFO - 📄 TITLE : Shopee Indonesia | Situs Belanja Online Terlengkap & Terpercaya
[2026-05-27T03:36:51.464+0000] {logging_mixin.py:188} INFO - ❌ Cookies tidak valid atau sudah expired.
[2026-05-27T03:36:51.588+0000] {logging_mixin.py:188} INFO - [2026-05-27T03:36:51.587+0000] {dagbag.py:355} ERROR - Failed to import: /opt/airflow/dags/playwright_shopee.py
Traceback (most recent call last):
  File "/home/airflow/.local/lib/python3.8/site-packages/airflow/models/dagbag.py", line 351, in parse
    loader.exec_module(new_module)
  File "<frozen importlib._bootstrap_external>", line 843, in exec_module
  File "<frozen importlib._bootstrap>", line 219, in _call_with_frames_removed
  File "/opt/airflow/dags/playwright_shopee.py", line 228, in <module>
    raise RuntimeError("Cookies tidak valid. Export ulang dari Chrome.")
RuntimeError: Cookies tidak valid. Export ulang dari Chrome.
[2026-05-27T03:36:51.589+0000] {processor.py:842} WARNING - No viable dags retrieved from /opt/airflow/dags/playwright_shopee.py
[2026-05-27T03:36:51.627+0000] {processor.py:183} INFO - Processing /opt/airflow/dags/playwright_shopee.py took 9.794 seconds
[2026-05-27T03:37:22.111+0000] {processor.py:161} INFO - Started process (PID=19971) to work on /opt/airflow/dags/playwright_shopee.py
[2026-05-27T03:37:22.112+0000] {processor.py:830} INFO - Processing file /opt/airflow/dags/playwright_shopee.py for tasks to queue
[2026-05-27T03:37:22.114+0000] {logging_mixin.py:188} INFO - [2026-05-27T03:37:22.114+0000] {dagbag.py:545} INFO - Filling up the DagBag from /opt/airflow/dags/playwright_shopee.py
[2026-05-27T03:37:22.567+0000] {logging_mixin.py:188} INFO - 🌐 Membuka Chromium...
[2026-05-27T03:37:22.796+0000] {logging_mixin.py:188} INFO - 🍪 Inject cookies Shopee...
[2026-05-27T03:37:22.798+0000] {logging_mixin.py:188} INFO - ✅ 16 cookies berhasil diload dari /opt/airflow/dags/shopee_cookies.json
[2026-05-27T03:37:22.919+0000] {logging_mixin.py:188} INFO - 🌍 Membuka Shopee search...
[2026-05-27T03:37:33.575+0000] {logging_mixin.py:188} INFO - 📄 URL   : https://shopee.co.id/search?keyword=msi%20gaming
[2026-05-27T03:37:33.884+0000] {logging_mixin.py:188} INFO - 📄 TITLE : Shopee Indonesia | Situs Belanja Online Terlengkap & Terpercaya
[2026-05-27T03:37:34.086+0000] {logging_mixin.py:188} INFO - ✅ Session valid, mulai scraping...
[2026-05-27T03:37:34.093+0000] {logging_mixin.py:188} INFO - [2026-05-27T03:37:34.092+0000] {logger.py:96} INFO - {"message": "Waiting for suitable server to become available", "selector": "<function writable_server_selector at 0x7fedaae693a0>", "operation": "createIndexes", "topologyDescription": "<TopologyDescription id: 6a1666fe151eca52d21d35f7, topology_type: Unknown, servers: [<ServerDescription ('mongodb', 27017) server_type: Unknown, rtt: None>]>", "clientId": {"$oid": "6a1666fe151eca52d21d35f7"}, "remainingTimeMS": 29}
[2026-05-27T03:37:34.108+0000] {logging_mixin.py:188} INFO - ✅ Terhubung MongoDB: shopee_raw.products
[2026-05-27T03:37:34.109+0000] {logging_mixin.py:188} INFO - 
=================================
[2026-05-27T03:37:34.109+0000] {logging_mixin.py:188} INFO - 📄 PAGE 1/5
[2026-05-27T03:37:34.109+0000] {logging_mixin.py:188} INFO - =================================
[2026-05-27T03:37:34.110+0000] {logging_mixin.py:188} INFO - 🌍 https://shopee.co.id/search?keyword=msi%20gaming&page=0
[2026-05-27T03:37:43.082+0000] {logging_mixin.py:188} INFO - 🖱️ Scrolling...
[2026-05-27T03:37:52.119+0000] {logging_mixin.py:188} INFO - [2026-05-27T03:37:52.119+0000] {timeout.py:68} ERROR - Process timed out, PID: 19971
[2026-05-27T03:38:22.338+0000] {processor.py:161} INFO - Started process (PID=20112) to work on /opt/airflow/dags/playwright_shopee.py
[2026-05-27T03:38:22.339+0000] {processor.py:830} INFO - Processing file /opt/airflow/dags/playwright_shopee.py for tasks to queue
[2026-05-27T03:38:22.341+0000] {logging_mixin.py:188} INFO - [2026-05-27T03:38:22.340+0000] {dagbag.py:545} INFO - Filling up the DagBag from /opt/airflow/dags/playwright_shopee.py
[2026-05-27T03:38:22.804+0000] {logging_mixin.py:188} INFO - 🌐 Membuka Chromium...
[2026-05-27T03:38:23.053+0000] {logging_mixin.py:188} INFO - 🍪 Inject cookies Shopee...
[2026-05-27T03:38:23.060+0000] {logging_mixin.py:188} INFO - ✅ 16 cookies berhasil diload dari /opt/airflow/dags/shopee_cookies.json
[2026-05-27T03:38:23.274+0000] {logging_mixin.py:188} INFO - 🌍 Membuka Shopee search...
[2026-05-27T03:38:35.904+0000] {logging_mixin.py:188} INFO - 📄 URL   : https://shopee.co.id/search?keyword=msi%20gaming
[2026-05-27T03:38:36.100+0000] {logging_mixin.py:188} INFO - 📄 TITLE : 
[2026-05-27T03:38:38.706+0000] {logging_mixin.py:188} INFO - ❌ Kena traffic verify — cookies mungkin expired.
[2026-05-27T03:38:38.707+0000] {logging_mixin.py:188} INFO - ⚠️  Export ulang cookies dari Chrome dan update shopee_cookies.json
[2026-05-27T03:38:39.423+0000] {logging_mixin.py:188} INFO - [2026-05-27T03:38:39.421+0000] {dagbag.py:355} ERROR - Failed to import: /opt/airflow/dags/playwright_shopee.py
Traceback (most recent call last):
  File "/home/airflow/.local/lib/python3.8/site-packages/airflow/models/dagbag.py", line 351, in parse
    loader.exec_module(new_module)
  File "<frozen importlib._bootstrap_external>", line 843, in exec_module
  File "<frozen importlib._bootstrap>", line 219, in _call_with_frames_removed
  File "/opt/airflow/dags/playwright_shopee.py", line 218, in <module>
    raise RuntimeError(
RuntimeError: Shopee traffic verify detected. Update shopee_cookies.json dari Cookie-Editor.
[2026-05-27T03:38:39.424+0000] {processor.py:842} WARNING - No viable dags retrieved from /opt/airflow/dags/playwright_shopee.py
[2026-05-27T03:38:39.460+0000] {processor.py:183} INFO - Processing /opt/airflow/dags/playwright_shopee.py took 17.127 seconds
[2026-05-27T03:39:10.092+0000] {processor.py:161} INFO - Started process (PID=20251) to work on /opt/airflow/dags/playwright_shopee.py
[2026-05-27T03:39:10.093+0000] {processor.py:830} INFO - Processing file /opt/airflow/dags/playwright_shopee.py for tasks to queue
[2026-05-27T03:39:10.095+0000] {logging_mixin.py:188} INFO - [2026-05-27T03:39:10.095+0000] {dagbag.py:545} INFO - Filling up the DagBag from /opt/airflow/dags/playwright_shopee.py
[2026-05-27T03:39:10.538+0000] {logging_mixin.py:188} INFO - 🌐 Membuka Chromium...
[2026-05-27T03:39:10.760+0000] {logging_mixin.py:188} INFO - 🍪 Inject cookies Shopee...
[2026-05-27T03:39:10.763+0000] {logging_mixin.py:188} INFO - ✅ 16 cookies berhasil diload dari /opt/airflow/dags/shopee_cookies.json
[2026-05-27T03:39:10.862+0000] {logging_mixin.py:188} INFO - 🌍 Membuka Shopee search...
[2026-05-27T03:39:18.261+0000] {logging_mixin.py:188} INFO - 📄 URL   : https://shopee.co.id/search?keyword=msi%20gaming
[2026-05-27T03:39:18.384+0000] {logging_mixin.py:188} INFO - 📄 TITLE : Shopee Indonesia | Situs Belanja Online Terlengkap & Terpercaya
[2026-05-27T03:39:18.695+0000] {logging_mixin.py:188} INFO - ❌ Cookies tidak valid atau sudah expired.
[2026-05-27T03:39:18.838+0000] {logging_mixin.py:188} INFO - [2026-05-27T03:39:18.837+0000] {dagbag.py:355} ERROR - Failed to import: /opt/airflow/dags/playwright_shopee.py
Traceback (most recent call last):
  File "/home/airflow/.local/lib/python3.8/site-packages/airflow/models/dagbag.py", line 351, in parse
    loader.exec_module(new_module)
  File "<frozen importlib._bootstrap_external>", line 843, in exec_module
  File "<frozen importlib._bootstrap>", line 219, in _call_with_frames_removed
  File "/opt/airflow/dags/playwright_shopee.py", line 228, in <module>
    raise RuntimeError("Cookies tidak valid. Export ulang dari Chrome.")
RuntimeError: Cookies tidak valid. Export ulang dari Chrome.
[2026-05-27T03:39:18.840+0000] {processor.py:842} WARNING - No viable dags retrieved from /opt/airflow/dags/playwright_shopee.py
[2026-05-27T03:39:18.875+0000] {processor.py:183} INFO - Processing /opt/airflow/dags/playwright_shopee.py took 8.790 seconds
[2026-05-27T03:39:49.188+0000] {processor.py:161} INFO - Started process (PID=20373) to work on /opt/airflow/dags/playwright_shopee.py
[2026-05-27T03:39:49.190+0000] {processor.py:830} INFO - Processing file /opt/airflow/dags/playwright_shopee.py for tasks to queue
[2026-05-27T03:39:49.193+0000] {logging_mixin.py:188} INFO - [2026-05-27T03:39:49.193+0000] {dagbag.py:545} INFO - Filling up the DagBag from /opt/airflow/dags/playwright_shopee.py
[2026-05-27T03:39:49.674+0000] {logging_mixin.py:188} INFO - 🌐 Membuka Chromium...
[2026-05-27T03:39:49.908+0000] {logging_mixin.py:188} INFO - 🍪 Inject cookies Shopee...
[2026-05-27T03:39:49.910+0000] {logging_mixin.py:188} INFO - ✅ 16 cookies berhasil diload dari /opt/airflow/dags/shopee_cookies.json
[2026-05-27T03:39:50.018+0000] {logging_mixin.py:188} INFO - 🌍 Membuka Shopee search...
[2026-05-27T03:40:01.786+0000] {logging_mixin.py:188} INFO - 📄 URL   : https://shopee.co.id/search?keyword=msi%20gaming
[2026-05-27T03:40:02.524+0000] {logging_mixin.py:188} INFO - [2026-05-27T03:40:02.522+0000] {dagbag.py:355} ERROR - Failed to import: /opt/airflow/dags/playwright_shopee.py
Traceback (most recent call last):
  File "/home/airflow/.local/lib/python3.8/site-packages/airflow/models/dagbag.py", line 351, in parse
    loader.exec_module(new_module)
  File "<frozen importlib._bootstrap_external>", line 843, in exec_module
  File "<frozen importlib._bootstrap>", line 219, in _call_with_frames_removed
  File "/opt/airflow/dags/playwright_shopee.py", line 208, in <module>
    print("📄 TITLE :", page.title())
  File "/home/airflow/.local/lib/python3.8/site-packages/playwright/sync_api/_generated.py", line 9407, in title
    return mapping.from_maybe_impl(self._sync(self._impl_obj.title()))
  File "/home/airflow/.local/lib/python3.8/site-packages/playwright/_impl/_sync_base.py", line 115, in _sync
    return task.result()
  File "/home/airflow/.local/lib/python3.8/site-packages/playwright/_impl/_page.py", line 742, in title
    return await self._main_frame.title()
  File "/home/airflow/.local/lib/python3.8/site-packages/playwright/_impl/_frame.py", line 776, in title
    return await self._channel.send("title")
  File "/home/airflow/.local/lib/python3.8/site-packages/playwright/_impl/_connection.py", line 59, in send
    return await self._connection.wrap_api_call(
  File "/home/airflow/.local/lib/python3.8/site-packages/playwright/_impl/_connection.py", line 514, in wrap_api_call
    raise rewrite_error(error, f"{parsed_st['apiName']}: {error}") from None
playwright._impl._errors.Error: Page.title: Execution context was destroyed, most likely because of a navigation
[2026-05-27T03:40:02.525+0000] {processor.py:842} WARNING - No viable dags retrieved from /opt/airflow/dags/playwright_shopee.py
[2026-05-27T03:40:02.557+0000] {processor.py:183} INFO - Processing /opt/airflow/dags/playwright_shopee.py took 13.384 seconds
[2026-05-27T03:40:33.153+0000] {processor.py:161} INFO - Started process (PID=20500) to work on /opt/airflow/dags/playwright_shopee.py
[2026-05-27T03:40:33.154+0000] {processor.py:830} INFO - Processing file /opt/airflow/dags/playwright_shopee.py for tasks to queue
[2026-05-27T03:40:33.156+0000] {logging_mixin.py:188} INFO - [2026-05-27T03:40:33.155+0000] {dagbag.py:545} INFO - Filling up the DagBag from /opt/airflow/dags/playwright_shopee.py
[2026-05-27T03:40:33.656+0000] {logging_mixin.py:188} INFO - 🌐 Membuka Chromium...
[2026-05-27T03:40:33.931+0000] {logging_mixin.py:188} INFO - 🍪 Inject cookies Shopee...
[2026-05-27T03:40:33.933+0000] {logging_mixin.py:188} INFO - ✅ 16 cookies berhasil diload dari /opt/airflow/dags/shopee_cookies.json
[2026-05-27T03:40:34.048+0000] {logging_mixin.py:188} INFO - 🌍 Membuka Shopee search...
[2026-05-27T03:40:45.561+0000] {logging_mixin.py:188} INFO - 📄 URL   : https://shopee.co.id/search?keyword=msi%20gaming
[2026-05-27T03:40:45.769+0000] {logging_mixin.py:188} INFO - 📄 TITLE : 
[2026-05-27T03:40:47.365+0000] {logging_mixin.py:188} INFO - ❌ Kena traffic verify — cookies mungkin expired.
[2026-05-27T03:40:47.366+0000] {logging_mixin.py:188} INFO - ⚠️  Export ulang cookies dari Chrome dan update shopee_cookies.json
[2026-05-27T03:40:47.952+0000] {logging_mixin.py:188} INFO - [2026-05-27T03:40:47.951+0000] {dagbag.py:355} ERROR - Failed to import: /opt/airflow/dags/playwright_shopee.py
Traceback (most recent call last):
  File "/home/airflow/.local/lib/python3.8/site-packages/airflow/models/dagbag.py", line 351, in parse
    loader.exec_module(new_module)
  File "<frozen importlib._bootstrap_external>", line 843, in exec_module
  File "<frozen importlib._bootstrap>", line 219, in _call_with_frames_removed
  File "/opt/airflow/dags/playwright_shopee.py", line 218, in <module>
    raise RuntimeError(
RuntimeError: Shopee traffic verify detected. Update shopee_cookies.json dari Cookie-Editor.
[2026-05-27T03:40:47.954+0000] {processor.py:842} WARNING - No viable dags retrieved from /opt/airflow/dags/playwright_shopee.py
[2026-05-27T03:40:47.977+0000] {processor.py:183} INFO - Processing /opt/airflow/dags/playwright_shopee.py took 14.831 seconds
[2026-05-27T03:41:18.592+0000] {processor.py:161} INFO - Started process (PID=20628) to work on /opt/airflow/dags/playwright_shopee.py
[2026-05-27T03:41:18.593+0000] {processor.py:830} INFO - Processing file /opt/airflow/dags/playwright_shopee.py for tasks to queue
[2026-05-27T03:41:18.595+0000] {logging_mixin.py:188} INFO - [2026-05-27T03:41:18.595+0000] {dagbag.py:545} INFO - Filling up the DagBag from /opt/airflow/dags/playwright_shopee.py
[2026-05-27T03:41:19.149+0000] {logging_mixin.py:188} INFO - 🌐 Membuka Chromium...
[2026-05-27T03:41:19.381+0000] {logging_mixin.py:188} INFO - 🍪 Inject cookies Shopee...
[2026-05-27T03:41:19.384+0000] {logging_mixin.py:188} INFO - ✅ 16 cookies berhasil diload dari /opt/airflow/dags/shopee_cookies.json
[2026-05-27T03:41:19.513+0000] {logging_mixin.py:188} INFO - 🌍 Membuka Shopee search...
[2026-05-27T03:41:29.839+0000] {logging_mixin.py:188} INFO - 📄 URL   : https://shopee.co.id/search?keyword=msi%20gaming
[2026-05-27T03:41:30.467+0000] {logging_mixin.py:188} INFO - [2026-05-27T03:41:30.466+0000] {dagbag.py:355} ERROR - Failed to import: /opt/airflow/dags/playwright_shopee.py
Traceback (most recent call last):
  File "/home/airflow/.local/lib/python3.8/site-packages/airflow/models/dagbag.py", line 351, in parse
    loader.exec_module(new_module)
  File "<frozen importlib._bootstrap_external>", line 843, in exec_module
  File "<frozen importlib._bootstrap>", line 219, in _call_with_frames_removed
  File "/opt/airflow/dags/playwright_shopee.py", line 208, in <module>
    print("📄 TITLE :", page.title())
  File "/home/airflow/.local/lib/python3.8/site-packages/playwright/sync_api/_generated.py", line 9407, in title
    return mapping.from_maybe_impl(self._sync(self._impl_obj.title()))
  File "/home/airflow/.local/lib/python3.8/site-packages/playwright/_impl/_sync_base.py", line 115, in _sync
    return task.result()
  File "/home/airflow/.local/lib/python3.8/site-packages/playwright/_impl/_page.py", line 742, in title
    return await self._main_frame.title()
  File "/home/airflow/.local/lib/python3.8/site-packages/playwright/_impl/_frame.py", line 776, in title
    return await self._channel.send("title")
  File "/home/airflow/.local/lib/python3.8/site-packages/playwright/_impl/_connection.py", line 59, in send
    return await self._connection.wrap_api_call(
  File "/home/airflow/.local/lib/python3.8/site-packages/playwright/_impl/_connection.py", line 514, in wrap_api_call
    raise rewrite_error(error, f"{parsed_st['apiName']}: {error}") from None
playwright._impl._errors.Error: Page.title: Execution context was destroyed, most likely because of a navigation
[2026-05-27T03:41:30.468+0000] {processor.py:842} WARNING - No viable dags retrieved from /opt/airflow/dags/playwright_shopee.py
[2026-05-27T03:41:30.494+0000] {processor.py:183} INFO - Processing /opt/airflow/dags/playwright_shopee.py took 11.912 seconds
[2026-05-27T03:42:00.744+0000] {processor.py:161} INFO - Started process (PID=20760) to work on /opt/airflow/dags/playwright_shopee.py
[2026-05-27T03:42:00.745+0000] {processor.py:830} INFO - Processing file /opt/airflow/dags/playwright_shopee.py for tasks to queue
[2026-05-27T03:42:00.747+0000] {logging_mixin.py:188} INFO - [2026-05-27T03:42:00.746+0000] {dagbag.py:545} INFO - Filling up the DagBag from /opt/airflow/dags/playwright_shopee.py
[2026-05-27T03:42:01.216+0000] {logging_mixin.py:188} INFO - 🌐 Membuka Chromium...
[2026-05-27T03:42:01.432+0000] {logging_mixin.py:188} INFO - 🍪 Inject cookies Shopee...
[2026-05-27T03:42:01.436+0000] {logging_mixin.py:188} INFO - ✅ 16 cookies berhasil diload dari /opt/airflow/dags/shopee_cookies.json
[2026-05-27T03:42:01.592+0000] {logging_mixin.py:188} INFO - 🌍 Membuka Shopee search...
[2026-05-27T03:42:09.816+0000] {logging_mixin.py:188} INFO - 📄 URL   : https://shopee.co.id/search?keyword=msi%20gaming
[2026-05-27T03:42:09.847+0000] {logging_mixin.py:188} INFO - 📄 TITLE : Shopee Indonesia | Situs Belanja Online Terlengkap & Terpercaya
[2026-05-27T03:42:10.077+0000] {logging_mixin.py:188} INFO - ❌ Cookies tidak valid atau sudah expired.
[2026-05-27T03:42:10.184+0000] {logging_mixin.py:188} INFO - [2026-05-27T03:42:10.183+0000] {dagbag.py:355} ERROR - Failed to import: /opt/airflow/dags/playwright_shopee.py
Traceback (most recent call last):
  File "/home/airflow/.local/lib/python3.8/site-packages/airflow/models/dagbag.py", line 351, in parse
    loader.exec_module(new_module)
  File "<frozen importlib._bootstrap_external>", line 843, in exec_module
  File "<frozen importlib._bootstrap>", line 219, in _call_with_frames_removed
  File "/opt/airflow/dags/playwright_shopee.py", line 228, in <module>
    raise RuntimeError("Cookies tidak valid. Export ulang dari Chrome.")
RuntimeError: Cookies tidak valid. Export ulang dari Chrome.
[2026-05-27T03:42:10.185+0000] {processor.py:842} WARNING - No viable dags retrieved from /opt/airflow/dags/playwright_shopee.py
[2026-05-27T03:42:10.212+0000] {processor.py:183} INFO - Processing /opt/airflow/dags/playwright_shopee.py took 9.473 seconds
[2026-05-27T03:42:40.433+0000] {processor.py:161} INFO - Started process (PID=20882) to work on /opt/airflow/dags/playwright_shopee.py
[2026-05-27T03:42:40.434+0000] {processor.py:830} INFO - Processing file /opt/airflow/dags/playwright_shopee.py for tasks to queue
[2026-05-27T03:42:40.436+0000] {logging_mixin.py:188} INFO - [2026-05-27T03:42:40.436+0000] {dagbag.py:545} INFO - Filling up the DagBag from /opt/airflow/dags/playwright_shopee.py
[2026-05-27T03:42:40.900+0000] {logging_mixin.py:188} INFO - 🌐 Membuka Chromium...
[2026-05-27T03:42:41.091+0000] {logging_mixin.py:188} INFO - 🍪 Inject cookies Shopee...
[2026-05-27T03:42:41.094+0000] {logging_mixin.py:188} INFO - ✅ 16 cookies berhasil diload dari /opt/airflow/dags/shopee_cookies.json
[2026-05-27T03:42:41.196+0000] {logging_mixin.py:188} INFO - 🌍 Membuka Shopee search...
[2026-05-27T03:42:48.082+0000] {logging_mixin.py:188} INFO - 📄 URL   : https://shopee.co.id/search?keyword=msi%20gaming
[2026-05-27T03:42:48.328+0000] {logging_mixin.py:188} INFO - 📄 TITLE : Shopee Indonesia | Situs Belanja Online Terlengkap & Terpercaya
[2026-05-27T03:42:48.482+0000] {logging_mixin.py:188} INFO - ✅ Session valid, mulai scraping...
[2026-05-27T03:42:48.488+0000] {logging_mixin.py:188} INFO - [2026-05-27T03:42:48.488+0000] {logger.py:96} INFO - {"message": "Waiting for suitable server to become available", "selector": "<function writable_server_selector at 0x7fedaae6b4c0>", "operation": "createIndexes", "topologyDescription": "<TopologyDescription id: 6a166838b7ef5a72a5044cf8, topology_type: Unknown, servers: [<ServerDescription ('mongodb', 27017) server_type: Unknown, rtt: None>]>", "clientId": {"$oid": "6a166838b7ef5a72a5044cf8"}, "remainingTimeMS": 29}
[2026-05-27T03:42:48.503+0000] {logging_mixin.py:188} INFO - ✅ Terhubung MongoDB: shopee_raw.products
[2026-05-27T03:42:48.504+0000] {logging_mixin.py:188} INFO - 
=================================
[2026-05-27T03:42:48.504+0000] {logging_mixin.py:188} INFO - 📄 PAGE 1/5
[2026-05-27T03:42:48.505+0000] {logging_mixin.py:188} INFO - =================================
[2026-05-27T03:42:48.505+0000] {logging_mixin.py:188} INFO - 🌍 https://shopee.co.id/search?keyword=msi%20gaming&page=0
[2026-05-27T03:42:53.962+0000] {logging_mixin.py:188} INFO - 🖱️ Scrolling...
[2026-05-27T03:43:08.479+0000] {logging_mixin.py:188} INFO - 📄 URL   : https://shopee.co.id/verify/traffic/error?home_url=https%3A%2F%2Fshopee.co.id&is_logged_in=false&next=https%3A%2F%2Fshopee.co.id%2Fsearch%3Fkeyword%3Dmsi%2520gaming%26page%3D0&tracking_id=349ec46bf9f-e002-47f8-a4a1-795e16cb6606&type=4
[2026-05-27T03:43:08.521+0000] {logging_mixin.py:188} INFO - 📄 TITLE : Shopee Indonesia | Situs Belanja Online Terlengkap & Terpercaya
[2026-05-27T03:43:08.664+0000] {logging_mixin.py:188} INFO - 🔍 Mengambil item produk...
[2026-05-27T03:43:08.708+0000] {logging_mixin.py:188} INFO - 📦 Total item ditemukan: 0
[2026-05-27T03:43:08.709+0000] {logging_mixin.py:188} INFO - ❌ Produk kosong, simpan HTML debug.
[2026-05-27T03:43:08.746+0000] {logging_mixin.py:188} INFO - 
=================================
[2026-05-27T03:43:08.746+0000] {logging_mixin.py:188} INFO - 📄 PAGE 2/5
[2026-05-27T03:43:08.747+0000] {logging_mixin.py:188} INFO - =================================
[2026-05-27T03:43:08.747+0000] {logging_mixin.py:188} INFO - 🌍 https://shopee.co.id/search?keyword=msi%20gaming&page=1
[2026-05-27T03:43:10.441+0000] {logging_mixin.py:188} INFO - [2026-05-27T03:43:10.441+0000] {timeout.py:68} ERROR - Process timed out, PID: 20882
[2026-05-27T03:43:40.801+0000] {processor.py:161} INFO - Started process (PID=21017) to work on /opt/airflow/dags/playwright_shopee.py
[2026-05-27T03:43:40.802+0000] {processor.py:830} INFO - Processing file /opt/airflow/dags/playwright_shopee.py for tasks to queue
[2026-05-27T03:43:40.804+0000] {logging_mixin.py:188} INFO - [2026-05-27T03:43:40.804+0000] {dagbag.py:545} INFO - Filling up the DagBag from /opt/airflow/dags/playwright_shopee.py
[2026-05-27T03:43:41.272+0000] {logging_mixin.py:188} INFO - 🌐 Membuka Chromium...
[2026-05-27T03:43:41.532+0000] {logging_mixin.py:188} INFO - 🍪 Inject cookies Shopee...
[2026-05-27T03:43:41.536+0000] {logging_mixin.py:188} INFO - ✅ 16 cookies berhasil diload dari /opt/airflow/dags/shopee_cookies.json
[2026-05-27T03:43:41.677+0000] {logging_mixin.py:188} INFO - 🌍 Membuka Shopee search...
[2026-05-27T03:43:48.532+0000] {logging_mixin.py:188} INFO - 📄 URL   : https://shopee.co.id/search?keyword=msi%20gaming
[2026-05-27T03:43:49.053+0000] {logging_mixin.py:188} INFO - 📄 TITLE : Shopee Indonesia | Situs Belanja Online Terlengkap & Terpercaya
[2026-05-27T03:43:49.777+0000] {logging_mixin.py:188} INFO - ❌ Cookies tidak valid atau sudah expired.
[2026-05-27T03:43:49.911+0000] {logging_mixin.py:188} INFO - [2026-05-27T03:43:49.910+0000] {dagbag.py:355} ERROR - Failed to import: /opt/airflow/dags/playwright_shopee.py
Traceback (most recent call last):
  File "/home/airflow/.local/lib/python3.8/site-packages/airflow/models/dagbag.py", line 351, in parse
    loader.exec_module(new_module)
  File "<frozen importlib._bootstrap_external>", line 843, in exec_module
  File "<frozen importlib._bootstrap>", line 219, in _call_with_frames_removed
  File "/opt/airflow/dags/playwright_shopee.py", line 228, in <module>
    raise RuntimeError("Cookies tidak valid. Export ulang dari Chrome.")
RuntimeError: Cookies tidak valid. Export ulang dari Chrome.
[2026-05-27T03:43:49.912+0000] {processor.py:842} WARNING - No viable dags retrieved from /opt/airflow/dags/playwright_shopee.py
[2026-05-27T03:43:49.938+0000] {processor.py:183} INFO - Processing /opt/airflow/dags/playwright_shopee.py took 9.143 seconds
[2026-05-27T03:44:20.387+0000] {processor.py:161} INFO - Started process (PID=21124) to work on /opt/airflow/dags/playwright_shopee.py
[2026-05-27T03:44:20.388+0000] {processor.py:830} INFO - Processing file /opt/airflow/dags/playwright_shopee.py for tasks to queue
[2026-05-27T03:44:20.390+0000] {logging_mixin.py:188} INFO - [2026-05-27T03:44:20.389+0000] {dagbag.py:545} INFO - Filling up the DagBag from /opt/airflow/dags/playwright_shopee.py
[2026-05-27T03:44:20.944+0000] {logging_mixin.py:188} INFO - 🌐 Membuka Chromium...
[2026-05-27T03:44:21.210+0000] {logging_mixin.py:188} INFO - 🍪 Inject cookies Shopee...
[2026-05-27T03:44:21.213+0000] {logging_mixin.py:188} INFO - ✅ 16 cookies berhasil diload dari /opt/airflow/dags/shopee_cookies.json
[2026-05-27T03:44:21.329+0000] {logging_mixin.py:188} INFO - 🌍 Membuka Shopee search...
[2026-05-27T03:44:35.688+0000] {logging_mixin.py:188} INFO - 📄 URL   : https://shopee.co.id/search?keyword=msi%20gaming
[2026-05-27T03:44:35.715+0000] {logging_mixin.py:188} INFO - 📄 TITLE : Shopee Indonesia | Situs Belanja Online Terlengkap & Terpercaya
[2026-05-27T03:44:37.869+0000] {logging_mixin.py:188} INFO - ✅ Session valid, mulai scraping...
[2026-05-27T03:44:37.874+0000] {logging_mixin.py:188} INFO - [2026-05-27T03:44:37.874+0000] {logger.py:96} INFO - {"message": "Waiting for suitable server to become available", "selector": "<function writable_server_selector at 0x7fedaae6b4c0>", "operation": "createIndexes", "topologyDescription": "<TopologyDescription id: 6a1668a5b2796ef6c9953cb9, topology_type: Unknown, servers: [<ServerDescription ('mongodb', 27017) server_type: Unknown, rtt: None>]>", "clientId": {"$oid": "6a1668a5b2796ef6c9953cb9"}, "remainingTimeMS": 29}
[2026-05-27T03:44:37.889+0000] {logging_mixin.py:188} INFO - ✅ Terhubung MongoDB: shopee_raw.products
[2026-05-27T03:44:37.889+0000] {logging_mixin.py:188} INFO - 
=================================
[2026-05-27T03:44:37.890+0000] {logging_mixin.py:188} INFO - 📄 PAGE 1/5
[2026-05-27T03:44:37.890+0000] {logging_mixin.py:188} INFO - =================================
[2026-05-27T03:44:37.890+0000] {logging_mixin.py:188} INFO - 🌍 https://shopee.co.id/search?keyword=msi%20gaming&page=0
[2026-05-27T03:44:44.021+0000] {logging_mixin.py:188} INFO - 🖱️ Scrolling...
[2026-05-27T03:44:50.394+0000] {logging_mixin.py:188} INFO - [2026-05-27T03:44:50.394+0000] {timeout.py:68} ERROR - Process timed out, PID: 21124
[2026-05-27T03:45:20.618+0000] {processor.py:161} INFO - Started process (PID=21259) to work on /opt/airflow/dags/playwright_shopee.py
[2026-05-27T03:45:20.619+0000] {processor.py:830} INFO - Processing file /opt/airflow/dags/playwright_shopee.py for tasks to queue
[2026-05-27T03:45:20.621+0000] {logging_mixin.py:188} INFO - [2026-05-27T03:45:20.621+0000] {dagbag.py:545} INFO - Filling up the DagBag from /opt/airflow/dags/playwright_shopee.py
[2026-05-27T03:45:21.070+0000] {logging_mixin.py:188} INFO - 🌐 Membuka Chromium...
[2026-05-27T03:45:21.276+0000] {logging_mixin.py:188} INFO - 🍪 Inject cookies Shopee...
[2026-05-27T03:45:21.278+0000] {logging_mixin.py:188} INFO - ✅ 16 cookies berhasil diload dari /opt/airflow/dags/shopee_cookies.json
[2026-05-27T03:45:21.392+0000] {logging_mixin.py:188} INFO - 🌍 Membuka Shopee search...
[2026-05-27T03:45:28.803+0000] {logging_mixin.py:188} INFO - 📄 URL   : https://shopee.co.id/search?keyword=msi%20gaming
[2026-05-27T03:45:29.121+0000] {logging_mixin.py:188} INFO - 📄 TITLE : Shopee Indonesia | Situs Belanja Online Terlengkap & Terpercaya
[2026-05-27T03:45:29.974+0000] {logging_mixin.py:188} INFO - ❌ Kena traffic verify — cookies mungkin expired.
[2026-05-27T03:45:29.974+0000] {logging_mixin.py:188} INFO - ⚠️  Export ulang cookies dari Chrome dan update shopee_cookies.json
[2026-05-27T03:45:34.023+0000] {logging_mixin.py:188} INFO - [2026-05-27T03:45:34.022+0000] {dagbag.py:355} ERROR - Failed to import: /opt/airflow/dags/playwright_shopee.py
Traceback (most recent call last):
  File "/home/airflow/.local/lib/python3.8/site-packages/airflow/models/dagbag.py", line 351, in parse
    loader.exec_module(new_module)
  File "<frozen importlib._bootstrap_external>", line 843, in exec_module
  File "<frozen importlib._bootstrap>", line 219, in _call_with_frames_removed
  File "/opt/airflow/dags/playwright_shopee.py", line 218, in <module>
    raise RuntimeError(
RuntimeError: Shopee traffic verify detected. Update shopee_cookies.json dari Cookie-Editor.
[2026-05-27T03:45:34.025+0000] {processor.py:842} WARNING - No viable dags retrieved from /opt/airflow/dags/playwright_shopee.py
[2026-05-27T03:45:34.056+0000] {processor.py:183} INFO - Processing /opt/airflow/dags/playwright_shopee.py took 13.449 seconds
[2026-05-27T03:46:04.658+0000] {processor.py:161} INFO - Started process (PID=21392) to work on /opt/airflow/dags/playwright_shopee.py
[2026-05-27T03:46:04.659+0000] {processor.py:830} INFO - Processing file /opt/airflow/dags/playwright_shopee.py for tasks to queue
[2026-05-27T03:46:04.661+0000] {logging_mixin.py:188} INFO - [2026-05-27T03:46:04.660+0000] {dagbag.py:545} INFO - Filling up the DagBag from /opt/airflow/dags/playwright_shopee.py
[2026-05-27T03:46:05.190+0000] {logging_mixin.py:188} INFO - 🌐 Membuka Chromium...
[2026-05-27T03:46:05.373+0000] {logging_mixin.py:188} INFO - 🍪 Inject cookies Shopee...
[2026-05-27T03:46:05.376+0000] {logging_mixin.py:188} INFO - ✅ 16 cookies berhasil diload dari /opt/airflow/dags/shopee_cookies.json
[2026-05-27T03:46:05.484+0000] {logging_mixin.py:188} INFO - 🌍 Membuka Shopee search...
[2026-05-27T03:46:15.360+0000] {logging_mixin.py:188} INFO - 📄 URL   : https://shopee.co.id/search?keyword=msi%20gaming
[2026-05-27T03:46:15.509+0000] {logging_mixin.py:188} INFO - 📄 TITLE : Shopee Indonesia | Situs Belanja Online Terlengkap & Terpercaya
[2026-05-27T03:46:15.740+0000] {logging_mixin.py:188} INFO - ❌ Cookies tidak valid atau sudah expired.
[2026-05-27T03:46:15.849+0000] {logging_mixin.py:188} INFO - [2026-05-27T03:46:15.848+0000] {dagbag.py:355} ERROR - Failed to import: /opt/airflow/dags/playwright_shopee.py
Traceback (most recent call last):
  File "/home/airflow/.local/lib/python3.8/site-packages/airflow/models/dagbag.py", line 351, in parse
    loader.exec_module(new_module)
  File "<frozen importlib._bootstrap_external>", line 843, in exec_module
  File "<frozen importlib._bootstrap>", line 219, in _call_with_frames_removed
  File "/opt/airflow/dags/playwright_shopee.py", line 228, in <module>
    raise RuntimeError("Cookies tidak valid. Export ulang dari Chrome.")
RuntimeError: Cookies tidak valid. Export ulang dari Chrome.
[2026-05-27T03:46:15.851+0000] {processor.py:842} WARNING - No viable dags retrieved from /opt/airflow/dags/playwright_shopee.py
[2026-05-27T03:46:15.887+0000] {processor.py:183} INFO - Processing /opt/airflow/dags/playwright_shopee.py took 11.237 seconds
[2026-05-27T03:46:46.296+0000] {processor.py:161} INFO - Started process (PID=21516) to work on /opt/airflow/dags/playwright_shopee.py
[2026-05-27T03:46:46.298+0000] {processor.py:830} INFO - Processing file /opt/airflow/dags/playwright_shopee.py for tasks to queue
[2026-05-27T03:46:46.299+0000] {logging_mixin.py:188} INFO - [2026-05-27T03:46:46.299+0000] {dagbag.py:545} INFO - Filling up the DagBag from /opt/airflow/dags/playwright_shopee.py
[2026-05-27T03:46:46.728+0000] {logging_mixin.py:188} INFO - 🌐 Membuka Chromium...
[2026-05-27T03:46:46.987+0000] {logging_mixin.py:188} INFO - 🍪 Inject cookies Shopee...
[2026-05-27T03:46:46.989+0000] {logging_mixin.py:188} INFO - ✅ 16 cookies berhasil diload dari /opt/airflow/dags/shopee_cookies.json
[2026-05-27T03:46:47.098+0000] {logging_mixin.py:188} INFO - 🌍 Membuka Shopee search...
[2026-05-27T03:47:04.547+0000] {logging_mixin.py:188} INFO - 📄 URL   : https://shopee.co.id/search?keyword=msi%20gaming
[2026-05-27T03:47:04.578+0000] {logging_mixin.py:188} INFO - 📄 TITLE : Shopee Indonesia | Situs Belanja Online Terlengkap & Terpercaya
[2026-05-27T03:47:04.728+0000] {logging_mixin.py:188} INFO - ✅ Session valid, mulai scraping...
[2026-05-27T03:47:04.733+0000] {logging_mixin.py:188} INFO - [2026-05-27T03:47:04.733+0000] {logger.py:96} INFO - {"message": "Waiting for suitable server to become available", "selector": "<function writable_server_selector at 0x7fedaae6c550>", "operation": "createIndexes", "topologyDescription": "<TopologyDescription id: 6a166938f1e91994440a6696, topology_type: Unknown, servers: [<ServerDescription ('mongodb', 27017) server_type: Unknown, rtt: None>]>", "clientId": {"$oid": "6a166938f1e91994440a6696"}, "remainingTimeMS": 29}
[2026-05-27T03:47:04.749+0000] {logging_mixin.py:188} INFO - ✅ Terhubung MongoDB: shopee_raw.products
[2026-05-27T03:47:04.750+0000] {logging_mixin.py:188} INFO - 
=================================
[2026-05-27T03:47:04.750+0000] {logging_mixin.py:188} INFO - 📄 PAGE 1/5
[2026-05-27T03:47:04.751+0000] {logging_mixin.py:188} INFO - =================================
[2026-05-27T03:47:04.752+0000] {logging_mixin.py:188} INFO - 🌍 https://shopee.co.id/search?keyword=msi%20gaming&page=0
[2026-05-27T03:47:12.874+0000] {logging_mixin.py:188} INFO - 🖱️ Scrolling...
[2026-05-27T03:47:16.307+0000] {logging_mixin.py:188} INFO - [2026-05-27T03:47:16.306+0000] {timeout.py:68} ERROR - Process timed out, PID: 21516
[2026-05-27T03:47:46.512+0000] {processor.py:161} INFO - Started process (PID=21651) to work on /opt/airflow/dags/playwright_shopee.py
[2026-05-27T03:47:46.513+0000] {processor.py:830} INFO - Processing file /opt/airflow/dags/playwright_shopee.py for tasks to queue
[2026-05-27T03:47:46.514+0000] {logging_mixin.py:188} INFO - [2026-05-27T03:47:46.514+0000] {dagbag.py:545} INFO - Filling up the DagBag from /opt/airflow/dags/playwright_shopee.py
[2026-05-27T03:47:47.025+0000] {logging_mixin.py:188} INFO - 🌐 Membuka Chromium...
[2026-05-27T03:47:47.252+0000] {logging_mixin.py:188} INFO - 🍪 Inject cookies Shopee...
[2026-05-27T03:47:47.260+0000] {logging_mixin.py:188} INFO - ✅ 16 cookies berhasil diload dari /opt/airflow/dags/shopee_cookies.json
[2026-05-27T03:47:47.370+0000] {logging_mixin.py:188} INFO - 🌍 Membuka Shopee search...
[2026-05-27T03:47:57.226+0000] {logging_mixin.py:188} INFO - 📄 URL   : https://shopee.co.id/search?keyword=msi%20gaming
[2026-05-27T03:47:57.254+0000] {logging_mixin.py:188} INFO - 📄 TITLE : Shopee Indonesia | Situs Belanja Online Terlengkap & Terpercaya
[2026-05-27T03:48:00.975+0000] {logging_mixin.py:188} INFO - ✅ Session valid, mulai scraping...
[2026-05-27T03:48:00.982+0000] {logging_mixin.py:188} INFO - [2026-05-27T03:48:00.981+0000] {logger.py:96} INFO - {"message": "Waiting for suitable server to become available", "selector": "<function writable_server_selector at 0x7fedaae6d5e0>", "operation": "createIndexes", "topologyDescription": "<TopologyDescription id: 6a1669704ce1277e068a63d1, topology_type: Unknown, servers: [<ServerDescription ('mongodb', 27017) server_type: Unknown, rtt: None>]>", "clientId": {"$oid": "6a1669704ce1277e068a63d1"}, "remainingTimeMS": 29}
[2026-05-27T03:48:00.997+0000] {logging_mixin.py:188} INFO - ✅ Terhubung MongoDB: shopee_raw.products
[2026-05-27T03:48:00.998+0000] {logging_mixin.py:188} INFO - 
=================================
[2026-05-27T03:48:00.998+0000] {logging_mixin.py:188} INFO - 📄 PAGE 1/5
[2026-05-27T03:48:00.999+0000] {logging_mixin.py:188} INFO - =================================
[2026-05-27T03:48:00.999+0000] {logging_mixin.py:188} INFO - 🌍 https://shopee.co.id/search?keyword=msi%20gaming&page=0
[2026-05-27T03:48:08.370+0000] {logging_mixin.py:188} INFO - 🖱️ Scrolling...
[2026-05-27T03:48:16.521+0000] {logging_mixin.py:188} INFO - [2026-05-27T03:48:16.520+0000] {timeout.py:68} ERROR - Process timed out, PID: 21651
[2026-05-27T03:48:46.666+0000] {processor.py:161} INFO - Started process (PID=21798) to work on /opt/airflow/dags/playwright_shopee.py
[2026-05-27T03:48:46.667+0000] {processor.py:830} INFO - Processing file /opt/airflow/dags/playwright_shopee.py for tasks to queue
[2026-05-27T03:48:46.669+0000] {logging_mixin.py:188} INFO - [2026-05-27T03:48:46.668+0000] {dagbag.py:545} INFO - Filling up the DagBag from /opt/airflow/dags/playwright_shopee.py
[2026-05-27T03:48:47.122+0000] {logging_mixin.py:188} INFO - 🌐 Membuka Chromium...
[2026-05-27T03:48:47.340+0000] {logging_mixin.py:188} INFO - 🍪 Inject cookies Shopee...
[2026-05-27T03:48:47.343+0000] {logging_mixin.py:188} INFO - ✅ 16 cookies berhasil diload dari /opt/airflow/dags/shopee_cookies.json
[2026-05-27T03:48:47.444+0000] {logging_mixin.py:188} INFO - 🌍 Membuka Shopee search...
[2026-05-27T03:48:55.921+0000] {logging_mixin.py:188} INFO - 📄 URL   : https://shopee.co.id/search?keyword=msi%20gaming
[2026-05-27T03:48:56.164+0000] {logging_mixin.py:188} INFO - 📄 TITLE : Shopee Indonesia | Situs Belanja Online Terlengkap & Terpercaya
[2026-05-27T03:48:57.068+0000] {logging_mixin.py:188} INFO - ❌ Kena traffic verify — cookies mungkin expired.
[2026-05-27T03:48:57.069+0000] {logging_mixin.py:188} INFO - ⚠️  Export ulang cookies dari Chrome dan update shopee_cookies.json
[2026-05-27T03:49:00.121+0000] {logging_mixin.py:188} INFO - [2026-05-27T03:49:00.120+0000] {dagbag.py:355} ERROR - Failed to import: /opt/airflow/dags/playwright_shopee.py
Traceback (most recent call last):
  File "/home/airflow/.local/lib/python3.8/site-packages/airflow/models/dagbag.py", line 351, in parse
    loader.exec_module(new_module)
  File "<frozen importlib._bootstrap_external>", line 843, in exec_module
  File "<frozen importlib._bootstrap>", line 219, in _call_with_frames_removed
  File "/opt/airflow/dags/playwright_shopee.py", line 218, in <module>
    raise RuntimeError(
RuntimeError: Shopee traffic verify detected. Update shopee_cookies.json dari Cookie-Editor.
[2026-05-27T03:49:00.122+0000] {processor.py:842} WARNING - No viable dags retrieved from /opt/airflow/dags/playwright_shopee.py
[2026-05-27T03:49:00.151+0000] {processor.py:183} INFO - Processing /opt/airflow/dags/playwright_shopee.py took 13.493 seconds
[2026-05-27T03:49:30.415+0000] {processor.py:161} INFO - Started process (PID=21924) to work on /opt/airflow/dags/playwright_shopee.py
[2026-05-27T03:49:30.416+0000] {processor.py:830} INFO - Processing file /opt/airflow/dags/playwright_shopee.py for tasks to queue
[2026-05-27T03:49:30.418+0000] {logging_mixin.py:188} INFO - [2026-05-27T03:49:30.418+0000] {dagbag.py:545} INFO - Filling up the DagBag from /opt/airflow/dags/playwright_shopee.py
[2026-05-27T03:49:30.907+0000] {logging_mixin.py:188} INFO - 🌐 Membuka Chromium...
[2026-05-27T03:49:31.271+0000] {logging_mixin.py:188} INFO - 🍪 Inject cookies Shopee...
[2026-05-27T03:49:31.274+0000] {logging_mixin.py:188} INFO - ✅ 16 cookies berhasil diload dari /opt/airflow/dags/shopee_cookies.json
[2026-05-27T03:49:31.375+0000] {logging_mixin.py:188} INFO - 🌍 Membuka Shopee search...
[2026-05-27T03:49:38.309+0000] {logging_mixin.py:188} INFO - 📄 URL   : https://shopee.co.id/search?keyword=msi%20gaming
[2026-05-27T03:49:38.625+0000] {logging_mixin.py:188} INFO - 📄 TITLE : Shopee Indonesia | Situs Belanja Online Terlengkap & Terpercaya
[2026-05-27T03:49:40.034+0000] {logging_mixin.py:188} INFO - ❌ Kena traffic verify — cookies mungkin expired.
[2026-05-27T03:49:40.035+0000] {logging_mixin.py:188} INFO - ⚠️  Export ulang cookies dari Chrome dan update shopee_cookies.json
[2026-05-27T03:49:43.744+0000] {logging_mixin.py:188} INFO - [2026-05-27T03:49:43.742+0000] {dagbag.py:355} ERROR - Failed to import: /opt/airflow/dags/playwright_shopee.py
Traceback (most recent call last):
  File "/home/airflow/.local/lib/python3.8/site-packages/airflow/models/dagbag.py", line 351, in parse
    loader.exec_module(new_module)
  File "<frozen importlib._bootstrap_external>", line 843, in exec_module
  File "<frozen importlib._bootstrap>", line 219, in _call_with_frames_removed
  File "/opt/airflow/dags/playwright_shopee.py", line 218, in <module>
    raise RuntimeError(
RuntimeError: Shopee traffic verify detected. Update shopee_cookies.json dari Cookie-Editor.
[2026-05-27T03:49:43.745+0000] {processor.py:842} WARNING - No viable dags retrieved from /opt/airflow/dags/playwright_shopee.py
[2026-05-27T03:49:43.766+0000] {processor.py:183} INFO - Processing /opt/airflow/dags/playwright_shopee.py took 13.359 seconds
[2026-05-27T03:50:14.428+0000] {processor.py:161} INFO - Started process (PID=22055) to work on /opt/airflow/dags/playwright_shopee.py
[2026-05-27T03:50:14.429+0000] {processor.py:830} INFO - Processing file /opt/airflow/dags/playwright_shopee.py for tasks to queue
[2026-05-27T03:50:14.430+0000] {logging_mixin.py:188} INFO - [2026-05-27T03:50:14.430+0000] {dagbag.py:545} INFO - Filling up the DagBag from /opt/airflow/dags/playwright_shopee.py
[2026-05-27T03:50:14.911+0000] {logging_mixin.py:188} INFO - 🌐 Membuka Chromium...
[2026-05-27T03:50:15.126+0000] {logging_mixin.py:188} INFO - 🍪 Inject cookies Shopee...
[2026-05-27T03:50:15.128+0000] {logging_mixin.py:188} INFO - ✅ 16 cookies berhasil diload dari /opt/airflow/dags/shopee_cookies.json
[2026-05-27T03:50:15.223+0000] {logging_mixin.py:188} INFO - 🌍 Membuka Shopee search...
[2026-05-27T03:50:24.250+0000] {logging_mixin.py:188} INFO - 📄 URL   : https://shopee.co.id/search?keyword=msi%20gaming
[2026-05-27T03:50:24.850+0000] {logging_mixin.py:188} INFO - [2026-05-27T03:50:24.849+0000] {dagbag.py:355} ERROR - Failed to import: /opt/airflow/dags/playwright_shopee.py
Traceback (most recent call last):
  File "/home/airflow/.local/lib/python3.8/site-packages/airflow/models/dagbag.py", line 351, in parse
    loader.exec_module(new_module)
  File "<frozen importlib._bootstrap_external>", line 843, in exec_module
  File "<frozen importlib._bootstrap>", line 219, in _call_with_frames_removed
  File "/opt/airflow/dags/playwright_shopee.py", line 208, in <module>
    print("📄 TITLE :", page.title())
  File "/home/airflow/.local/lib/python3.8/site-packages/playwright/sync_api/_generated.py", line 9407, in title
    return mapping.from_maybe_impl(self._sync(self._impl_obj.title()))
  File "/home/airflow/.local/lib/python3.8/site-packages/playwright/_impl/_sync_base.py", line 115, in _sync
    return task.result()
  File "/home/airflow/.local/lib/python3.8/site-packages/playwright/_impl/_page.py", line 742, in title
    return await self._main_frame.title()
  File "/home/airflow/.local/lib/python3.8/site-packages/playwright/_impl/_frame.py", line 776, in title
    return await self._channel.send("title")
  File "/home/airflow/.local/lib/python3.8/site-packages/playwright/_impl/_connection.py", line 59, in send
    return await self._connection.wrap_api_call(
  File "/home/airflow/.local/lib/python3.8/site-packages/playwright/_impl/_connection.py", line 514, in wrap_api_call
    raise rewrite_error(error, f"{parsed_st['apiName']}: {error}") from None
playwright._impl._errors.Error: Page.title: Execution context was destroyed, most likely because of a navigation
[2026-05-27T03:50:24.851+0000] {processor.py:842} WARNING - No viable dags retrieved from /opt/airflow/dags/playwright_shopee.py
[2026-05-27T03:50:24.873+0000] {processor.py:183} INFO - Processing /opt/airflow/dags/playwright_shopee.py took 10.453 seconds
[2026-05-27T03:50:55.346+0000] {processor.py:161} INFO - Started process (PID=22176) to work on /opt/airflow/dags/playwright_shopee.py
[2026-05-27T03:50:55.347+0000] {processor.py:830} INFO - Processing file /opt/airflow/dags/playwright_shopee.py for tasks to queue
[2026-05-27T03:50:55.348+0000] {logging_mixin.py:188} INFO - [2026-05-27T03:50:55.348+0000] {dagbag.py:545} INFO - Filling up the DagBag from /opt/airflow/dags/playwright_shopee.py
[2026-05-27T03:50:55.788+0000] {logging_mixin.py:188} INFO - 🌐 Membuka Chromium...
[2026-05-27T03:50:55.982+0000] {logging_mixin.py:188} INFO - 🍪 Inject cookies Shopee...
[2026-05-27T03:50:55.984+0000] {logging_mixin.py:188} INFO - ✅ 16 cookies berhasil diload dari /opt/airflow/dags/shopee_cookies.json
[2026-05-27T03:50:56.087+0000] {logging_mixin.py:188} INFO - 🌍 Membuka Shopee search...
[2026-05-27T03:51:04.347+0000] {logging_mixin.py:188} INFO - 📄 URL   : https://shopee.co.id/search?keyword=msi%20gaming
[2026-05-27T03:51:04.831+0000] {logging_mixin.py:188} INFO - 📄 TITLE : Shopee Indonesia | Situs Belanja Online Terlengkap & Terpercaya
[2026-05-27T03:51:05.171+0000] {logging_mixin.py:188} INFO - ❌ Cookies tidak valid atau sudah expired.
[2026-05-27T03:51:05.294+0000] {logging_mixin.py:188} INFO - [2026-05-27T03:51:05.292+0000] {dagbag.py:355} ERROR - Failed to import: /opt/airflow/dags/playwright_shopee.py
Traceback (most recent call last):
  File "/home/airflow/.local/lib/python3.8/site-packages/airflow/models/dagbag.py", line 351, in parse
    loader.exec_module(new_module)
  File "<frozen importlib._bootstrap_external>", line 843, in exec_module
  File "<frozen importlib._bootstrap>", line 219, in _call_with_frames_removed
  File "/opt/airflow/dags/playwright_shopee.py", line 228, in <module>
    raise RuntimeError("Cookies tidak valid. Export ulang dari Chrome.")
RuntimeError: Cookies tidak valid. Export ulang dari Chrome.
[2026-05-27T03:51:05.295+0000] {processor.py:842} WARNING - No viable dags retrieved from /opt/airflow/dags/playwright_shopee.py
[2026-05-27T03:51:05.329+0000] {processor.py:183} INFO - Processing /opt/airflow/dags/playwright_shopee.py took 9.989 seconds
[2026-05-27T03:51:35.618+0000] {processor.py:161} INFO - Started process (PID=22308) to work on /opt/airflow/dags/playwright_shopee.py
[2026-05-27T03:51:35.619+0000] {processor.py:830} INFO - Processing file /opt/airflow/dags/playwright_shopee.py for tasks to queue
[2026-05-27T03:51:35.620+0000] {logging_mixin.py:188} INFO - [2026-05-27T03:51:35.620+0000] {dagbag.py:545} INFO - Filling up the DagBag from /opt/airflow/dags/playwright_shopee.py
[2026-05-27T03:51:36.102+0000] {logging_mixin.py:188} INFO - 🌐 Membuka Chromium...
[2026-05-27T03:51:36.316+0000] {logging_mixin.py:188} INFO - 🍪 Inject cookies Shopee...
[2026-05-27T03:51:36.319+0000] {logging_mixin.py:188} INFO - ✅ 16 cookies berhasil diload dari /opt/airflow/dags/shopee_cookies.json
[2026-05-27T03:51:36.473+0000] {logging_mixin.py:188} INFO - 🌍 Membuka Shopee search...
[2026-05-27T03:51:44.607+0000] {logging_mixin.py:188} INFO - 📄 URL   : https://shopee.co.id/search?keyword=msi%20gaming
[2026-05-27T03:51:44.713+0000] {logging_mixin.py:188} INFO - 📄 TITLE : Shopee Indonesia | Situs Belanja Online Terlengkap & Terpercaya
[2026-05-27T03:51:45.237+0000] {logging_mixin.py:188} INFO - ✅ Session valid, mulai scraping...
[2026-05-27T03:51:45.246+0000] {logging_mixin.py:188} INFO - [2026-05-27T03:51:45.245+0000] {logger.py:96} INFO - {"message": "Waiting for suitable server to become available", "selector": "<function writable_server_selector at 0x7fedaae6e670>", "operation": "createIndexes", "topologyDescription": "<TopologyDescription id: 6a166a51de1541df823143c2, topology_type: Unknown, servers: [<ServerDescription ('mongodb', 27017) server_type: Unknown, rtt: None>]>", "clientId": {"$oid": "6a166a51de1541df823143c2"}, "remainingTimeMS": 29}
[2026-05-27T03:51:45.265+0000] {logging_mixin.py:188} INFO - ✅ Terhubung MongoDB: shopee_raw.products
[2026-05-27T03:51:45.266+0000] {logging_mixin.py:188} INFO - 
=================================
[2026-05-27T03:51:45.266+0000] {logging_mixin.py:188} INFO - 📄 PAGE 1/5
[2026-05-27T03:51:45.266+0000] {logging_mixin.py:188} INFO - =================================
[2026-05-27T03:51:45.267+0000] {logging_mixin.py:188} INFO - 🌍 https://shopee.co.id/search?keyword=msi%20gaming&page=0
[2026-05-27T03:51:50.472+0000] {logging_mixin.py:188} INFO - 🖱️ Scrolling...
[2026-05-27T03:52:05.625+0000] {logging_mixin.py:188} INFO - [2026-05-27T03:52:05.625+0000] {timeout.py:68} ERROR - Process timed out, PID: 22308
[2026-05-27T03:52:35.866+0000] {processor.py:161} INFO - Started process (PID=22455) to work on /opt/airflow/dags/playwright_shopee.py
[2026-05-27T03:52:35.866+0000] {processor.py:830} INFO - Processing file /opt/airflow/dags/playwright_shopee.py for tasks to queue
[2026-05-27T03:52:35.868+0000] {logging_mixin.py:188} INFO - [2026-05-27T03:52:35.868+0000] {dagbag.py:545} INFO - Filling up the DagBag from /opt/airflow/dags/playwright_shopee.py
[2026-05-27T03:52:36.302+0000] {logging_mixin.py:188} INFO - 🌐 Membuka Chromium...
[2026-05-27T03:52:36.576+0000] {logging_mixin.py:188} INFO - 🍪 Inject cookies Shopee...
[2026-05-27T03:52:36.580+0000] {logging_mixin.py:188} INFO - ✅ 16 cookies berhasil diload dari /opt/airflow/dags/shopee_cookies.json
[2026-05-27T03:52:36.738+0000] {logging_mixin.py:188} INFO - 🌍 Membuka Shopee search...
[2026-05-27T03:52:43.439+0000] {logging_mixin.py:188} INFO - 📄 URL   : https://shopee.co.id/search?keyword=msi%20gaming
[2026-05-27T03:52:43.585+0000] {logging_mixin.py:188} INFO - 📄 TITLE : Shopee Indonesia | Situs Belanja Online Terlengkap & Terpercaya
[2026-05-27T03:52:43.749+0000] {logging_mixin.py:188} INFO - ❌ Cookies tidak valid atau sudah expired.
[2026-05-27T03:52:43.866+0000] {logging_mixin.py:188} INFO - [2026-05-27T03:52:43.864+0000] {dagbag.py:355} ERROR - Failed to import: /opt/airflow/dags/playwright_shopee.py
Traceback (most recent call last):
  File "/home/airflow/.local/lib/python3.8/site-packages/airflow/models/dagbag.py", line 351, in parse
    loader.exec_module(new_module)
  File "<frozen importlib._bootstrap_external>", line 843, in exec_module
  File "<frozen importlib._bootstrap>", line 219, in _call_with_frames_removed
  File "/opt/airflow/dags/playwright_shopee.py", line 228, in <module>
    raise RuntimeError("Cookies tidak valid. Export ulang dari Chrome.")
RuntimeError: Cookies tidak valid. Export ulang dari Chrome.
[2026-05-27T03:52:43.868+0000] {processor.py:842} WARNING - No viable dags retrieved from /opt/airflow/dags/playwright_shopee.py
[2026-05-27T03:52:43.899+0000] {processor.py:183} INFO - Processing /opt/airflow/dags/playwright_shopee.py took 8.038 seconds
[2026-05-27T03:53:14.402+0000] {processor.py:161} INFO - Started process (PID=22578) to work on /opt/airflow/dags/playwright_shopee.py
[2026-05-27T03:53:14.403+0000] {processor.py:830} INFO - Processing file /opt/airflow/dags/playwright_shopee.py for tasks to queue
[2026-05-27T03:53:14.404+0000] {logging_mixin.py:188} INFO - [2026-05-27T03:53:14.404+0000] {dagbag.py:545} INFO - Filling up the DagBag from /opt/airflow/dags/playwright_shopee.py
[2026-05-27T03:53:14.869+0000] {logging_mixin.py:188} INFO - 🌐 Membuka Chromium...
[2026-05-27T03:53:15.168+0000] {logging_mixin.py:188} INFO - 🍪 Inject cookies Shopee...
[2026-05-27T03:53:15.171+0000] {logging_mixin.py:188} INFO - ✅ 16 cookies berhasil diload dari /opt/airflow/dags/shopee_cookies.json
[2026-05-27T03:53:15.276+0000] {logging_mixin.py:188} INFO - 🌍 Membuka Shopee search...
[2026-05-27T03:53:23.685+0000] {logging_mixin.py:188} INFO - 📄 URL   : https://shopee.co.id/search?keyword=msi%20gaming
[2026-05-27T03:53:24.420+0000] {logging_mixin.py:188} INFO - [2026-05-27T03:53:24.419+0000] {dagbag.py:355} ERROR - Failed to import: /opt/airflow/dags/playwright_shopee.py
Traceback (most recent call last):
  File "/home/airflow/.local/lib/python3.8/site-packages/airflow/models/dagbag.py", line 351, in parse
    loader.exec_module(new_module)
  File "<frozen importlib._bootstrap_external>", line 843, in exec_module
  File "<frozen importlib._bootstrap>", line 219, in _call_with_frames_removed
  File "/opt/airflow/dags/playwright_shopee.py", line 208, in <module>
    print("📄 TITLE :", page.title())
  File "/home/airflow/.local/lib/python3.8/site-packages/playwright/sync_api/_generated.py", line 9407, in title
    return mapping.from_maybe_impl(self._sync(self._impl_obj.title()))
  File "/home/airflow/.local/lib/python3.8/site-packages/playwright/_impl/_sync_base.py", line 115, in _sync
    return task.result()
  File "/home/airflow/.local/lib/python3.8/site-packages/playwright/_impl/_page.py", line 742, in title
    return await self._main_frame.title()
  File "/home/airflow/.local/lib/python3.8/site-packages/playwright/_impl/_frame.py", line 776, in title
    return await self._channel.send("title")
  File "/home/airflow/.local/lib/python3.8/site-packages/playwright/_impl/_connection.py", line 59, in send
    return await self._connection.wrap_api_call(
  File "/home/airflow/.local/lib/python3.8/site-packages/playwright/_impl/_connection.py", line 514, in wrap_api_call
    raise rewrite_error(error, f"{parsed_st['apiName']}: {error}") from None
playwright._impl._errors.Error: Page.title: Execution context was destroyed, most likely because of a navigation
[2026-05-27T03:53:24.421+0000] {processor.py:842} WARNING - No viable dags retrieved from /opt/airflow/dags/playwright_shopee.py
[2026-05-27T03:53:24.455+0000] {processor.py:183} INFO - Processing /opt/airflow/dags/playwright_shopee.py took 10.061 seconds
[2026-05-27T03:53:55.023+0000] {processor.py:161} INFO - Started process (PID=22699) to work on /opt/airflow/dags/playwright_shopee.py
[2026-05-27T03:53:55.024+0000] {processor.py:830} INFO - Processing file /opt/airflow/dags/playwright_shopee.py for tasks to queue
[2026-05-27T03:53:55.026+0000] {logging_mixin.py:188} INFO - [2026-05-27T03:53:55.026+0000] {dagbag.py:545} INFO - Filling up the DagBag from /opt/airflow/dags/playwright_shopee.py
[2026-05-27T03:53:55.476+0000] {logging_mixin.py:188} INFO - 🌐 Membuka Chromium...
[2026-05-27T03:53:55.707+0000] {logging_mixin.py:188} INFO - 🍪 Inject cookies Shopee...
[2026-05-27T03:53:55.712+0000] {logging_mixin.py:188} INFO - ✅ 16 cookies berhasil diload dari /opt/airflow/dags/shopee_cookies.json
[2026-05-27T03:53:55.816+0000] {logging_mixin.py:188} INFO - 🌍 Membuka Shopee search...
[2026-05-27T03:54:04.981+0000] {logging_mixin.py:188} INFO - 📄 URL   : https://shopee.co.id/search?keyword=msi%20gaming
[2026-05-27T03:54:05.018+0000] {logging_mixin.py:188} INFO - 📄 TITLE : Shopee Indonesia | Situs Belanja Online Terlengkap & Terpercaya
[2026-05-27T03:54:05.270+0000] {logging_mixin.py:188} INFO - ❌ Cookies tidak valid atau sudah expired.
[2026-05-27T03:54:05.369+0000] {logging_mixin.py:188} INFO - [2026-05-27T03:54:05.368+0000] {dagbag.py:355} ERROR - Failed to import: /opt/airflow/dags/playwright_shopee.py
Traceback (most recent call last):
  File "/home/airflow/.local/lib/python3.8/site-packages/airflow/models/dagbag.py", line 351, in parse
    loader.exec_module(new_module)
  File "<frozen importlib._bootstrap_external>", line 843, in exec_module
  File "<frozen importlib._bootstrap>", line 219, in _call_with_frames_removed
  File "/opt/airflow/dags/playwright_shopee.py", line 228, in <module>
    raise RuntimeError("Cookies tidak valid. Export ulang dari Chrome.")
RuntimeError: Cookies tidak valid. Export ulang dari Chrome.
[2026-05-27T03:54:05.370+0000] {processor.py:842} WARNING - No viable dags retrieved from /opt/airflow/dags/playwright_shopee.py
[2026-05-27T03:54:05.399+0000] {processor.py:183} INFO - Processing /opt/airflow/dags/playwright_shopee.py took 10.382 seconds
[2026-05-27T03:54:35.597+0000] {processor.py:161} INFO - Started process (PID=22822) to work on /opt/airflow/dags/playwright_shopee.py
[2026-05-27T03:54:35.598+0000] {processor.py:830} INFO - Processing file /opt/airflow/dags/playwright_shopee.py for tasks to queue
[2026-05-27T03:54:35.600+0000] {logging_mixin.py:188} INFO - [2026-05-27T03:54:35.600+0000] {dagbag.py:545} INFO - Filling up the DagBag from /opt/airflow/dags/playwright_shopee.py
[2026-05-27T03:54:36.003+0000] {logging_mixin.py:188} INFO - 🌐 Membuka Chromium...
[2026-05-27T03:54:36.227+0000] {logging_mixin.py:188} INFO - 🍪 Inject cookies Shopee...
[2026-05-27T03:54:36.230+0000] {logging_mixin.py:188} INFO - ✅ 16 cookies berhasil diload dari /opt/airflow/dags/shopee_cookies.json
[2026-05-27T03:54:36.329+0000] {logging_mixin.py:188} INFO - 🌍 Membuka Shopee search...
[2026-05-27T03:54:56.088+0000] {logging_mixin.py:188} INFO - 📄 URL   : https://shopee.co.id/search?keyword=msi%20gaming
[2026-05-27T03:54:56.118+0000] {logging_mixin.py:188} INFO - 📄 TITLE : Shopee Indonesia | Situs Belanja Online Terlengkap & Terpercaya
[2026-05-27T03:54:57.825+0000] {logging_mixin.py:188} INFO - ✅ Session valid, mulai scraping...
[2026-05-27T03:54:57.832+0000] {logging_mixin.py:188} INFO - [2026-05-27T03:54:57.831+0000] {logger.py:96} INFO - {"message": "Waiting for suitable server to become available", "selector": "<function writable_server_selector at 0x7fedaae6b700>", "operation": "createIndexes", "topologyDescription": "<TopologyDescription id: 6a166b111d50174d96a81b2f, topology_type: Unknown, servers: [<ServerDescription ('mongodb', 27017) server_type: Unknown, rtt: None>]>", "clientId": {"$oid": "6a166b111d50174d96a81b2f"}, "remainingTimeMS": 29}
[2026-05-27T03:54:57.848+0000] {logging_mixin.py:188} INFO - ✅ Terhubung MongoDB: shopee_raw.products
[2026-05-27T03:54:57.849+0000] {logging_mixin.py:188} INFO - 
=================================
[2026-05-27T03:54:57.849+0000] {logging_mixin.py:188} INFO - 📄 PAGE 1/5
[2026-05-27T03:54:57.850+0000] {logging_mixin.py:188} INFO - =================================
[2026-05-27T03:54:57.850+0000] {logging_mixin.py:188} INFO - 🌍 https://shopee.co.id/search?keyword=msi%20gaming&page=0
[2026-05-27T03:55:05.605+0000] {logging_mixin.py:188} INFO - [2026-05-27T03:55:05.605+0000] {timeout.py:68} ERROR - Process timed out, PID: 22822
[2026-05-27T03:55:36.105+0000] {processor.py:161} INFO - Started process (PID=22934) to work on /opt/airflow/dags/playwright_shopee.py
[2026-05-27T03:55:36.105+0000] {processor.py:830} INFO - Processing file /opt/airflow/dags/playwright_shopee.py for tasks to queue
[2026-05-27T03:55:36.107+0000] {logging_mixin.py:188} INFO - [2026-05-27T03:55:36.107+0000] {dagbag.py:545} INFO - Filling up the DagBag from /opt/airflow/dags/playwright_shopee.py
[2026-05-27T03:55:36.564+0000] {logging_mixin.py:188} INFO - 🌐 Membuka Chromium...
[2026-05-27T03:55:36.900+0000] {logging_mixin.py:188} INFO - 🍪 Inject cookies Shopee...
[2026-05-27T03:55:36.902+0000] {logging_mixin.py:188} INFO - ✅ 16 cookies berhasil diload dari /opt/airflow/dags/shopee_cookies.json
[2026-05-27T03:55:36.991+0000] {logging_mixin.py:188} INFO - 🌍 Membuka Shopee search...
[2026-05-27T03:55:42.835+0000] {logging_mixin.py:188} INFO - 📄 URL   : https://shopee.co.id/search?keyword=msi%20gaming
[2026-05-27T03:55:43.659+0000] {logging_mixin.py:188} INFO - 📄 TITLE : Shopee Indonesia | Situs Belanja Online Terlengkap & Terpercaya
[2026-05-27T03:55:44.292+0000] {logging_mixin.py:188} INFO - ❌ Cookies tidak valid atau sudah expired.
[2026-05-27T03:55:44.399+0000] {logging_mixin.py:188} INFO - [2026-05-27T03:55:44.398+0000] {dagbag.py:355} ERROR - Failed to import: /opt/airflow/dags/playwright_shopee.py
Traceback (most recent call last):
  File "/home/airflow/.local/lib/python3.8/site-packages/airflow/models/dagbag.py", line 351, in parse
    loader.exec_module(new_module)
  File "<frozen importlib._bootstrap_external>", line 843, in exec_module
  File "<frozen importlib._bootstrap>", line 219, in _call_with_frames_removed
  File "/opt/airflow/dags/playwright_shopee.py", line 228, in <module>
    raise RuntimeError("Cookies tidak valid. Export ulang dari Chrome.")
RuntimeError: Cookies tidak valid. Export ulang dari Chrome.
[2026-05-27T03:55:44.400+0000] {processor.py:842} WARNING - No viable dags retrieved from /opt/airflow/dags/playwright_shopee.py
[2026-05-27T03:55:44.435+0000] {processor.py:183} INFO - Processing /opt/airflow/dags/playwright_shopee.py took 8.336 seconds
[2026-05-27T03:56:15.000+0000] {processor.py:161} INFO - Started process (PID=23049) to work on /opt/airflow/dags/playwright_shopee.py
[2026-05-27T03:56:15.001+0000] {processor.py:830} INFO - Processing file /opt/airflow/dags/playwright_shopee.py for tasks to queue
[2026-05-27T03:56:15.003+0000] {logging_mixin.py:188} INFO - [2026-05-27T03:56:15.002+0000] {dagbag.py:545} INFO - Filling up the DagBag from /opt/airflow/dags/playwright_shopee.py
[2026-05-27T03:56:15.512+0000] {logging_mixin.py:188} INFO - 🌐 Membuka Chromium...
[2026-05-27T03:56:15.680+0000] {logging_mixin.py:188} INFO - 🍪 Inject cookies Shopee...
[2026-05-27T03:56:15.682+0000] {logging_mixin.py:188} INFO - ✅ 16 cookies berhasil diload dari /opt/airflow/dags/shopee_cookies.json
[2026-05-27T03:56:15.774+0000] {logging_mixin.py:188} INFO - 🌍 Membuka Shopee search...
[2026-05-27T03:56:22.255+0000] {logging_mixin.py:188} INFO - 📄 URL   : https://shopee.co.id/search?keyword=msi%20gaming
[2026-05-27T03:56:22.523+0000] {logging_mixin.py:188} INFO - [2026-05-27T03:56:22.522+0000] {dagbag.py:355} ERROR - Failed to import: /opt/airflow/dags/playwright_shopee.py
Traceback (most recent call last):
  File "/home/airflow/.local/lib/python3.8/site-packages/airflow/models/dagbag.py", line 351, in parse
    loader.exec_module(new_module)
  File "<frozen importlib._bootstrap_external>", line 843, in exec_module
  File "<frozen importlib._bootstrap>", line 219, in _call_with_frames_removed
  File "/opt/airflow/dags/playwright_shopee.py", line 208, in <module>
    print("📄 TITLE :", page.title())
  File "/home/airflow/.local/lib/python3.8/site-packages/playwright/sync_api/_generated.py", line 9407, in title
    return mapping.from_maybe_impl(self._sync(self._impl_obj.title()))
  File "/home/airflow/.local/lib/python3.8/site-packages/playwright/_impl/_sync_base.py", line 115, in _sync
    return task.result()
  File "/home/airflow/.local/lib/python3.8/site-packages/playwright/_impl/_page.py", line 742, in title
    return await self._main_frame.title()
  File "/home/airflow/.local/lib/python3.8/site-packages/playwright/_impl/_frame.py", line 776, in title
    return await self._channel.send("title")
  File "/home/airflow/.local/lib/python3.8/site-packages/playwright/_impl/_connection.py", line 59, in send
    return await self._connection.wrap_api_call(
  File "/home/airflow/.local/lib/python3.8/site-packages/playwright/_impl/_connection.py", line 514, in wrap_api_call
    raise rewrite_error(error, f"{parsed_st['apiName']}: {error}") from None
playwright._impl._errors.Error: Page.title: Execution context was destroyed, most likely because of a navigation
[2026-05-27T03:56:22.524+0000] {processor.py:842} WARNING - No viable dags retrieved from /opt/airflow/dags/playwright_shopee.py
[2026-05-27T03:56:22.554+0000] {processor.py:183} INFO - Processing /opt/airflow/dags/playwright_shopee.py took 7.564 seconds
[2026-05-27T03:56:52.916+0000] {processor.py:161} INFO - Started process (PID=23170) to work on /opt/airflow/dags/playwright_shopee.py
[2026-05-27T03:56:52.917+0000] {processor.py:830} INFO - Processing file /opt/airflow/dags/playwright_shopee.py for tasks to queue
[2026-05-27T03:56:52.919+0000] {logging_mixin.py:188} INFO - [2026-05-27T03:56:52.918+0000] {dagbag.py:545} INFO - Filling up the DagBag from /opt/airflow/dags/playwright_shopee.py
[2026-05-27T03:56:53.468+0000] {logging_mixin.py:188} INFO - 🌐 Membuka Chromium...
[2026-05-27T03:56:53.706+0000] {logging_mixin.py:188} INFO - 🍪 Inject cookies Shopee...
[2026-05-27T03:56:53.708+0000] {logging_mixin.py:188} INFO - ✅ 16 cookies berhasil diload dari /opt/airflow/dags/shopee_cookies.json
[2026-05-27T03:56:53.807+0000] {logging_mixin.py:188} INFO - 🌍 Membuka Shopee search...
[2026-05-27T03:57:01.928+0000] {logging_mixin.py:188} INFO - 📄 URL   : https://shopee.co.id/search?keyword=msi%20gaming
[2026-05-27T03:57:02.017+0000] {logging_mixin.py:188} INFO - 📄 TITLE : Shopee Indonesia | Situs Belanja Online Terlengkap & Terpercaya
[2026-05-27T03:57:02.371+0000] {logging_mixin.py:188} INFO - ✅ Session valid, mulai scraping...
[2026-05-27T03:57:02.378+0000] {logging_mixin.py:188} INFO - [2026-05-27T03:57:02.377+0000] {logger.py:96} INFO - {"message": "Waiting for suitable server to become available", "selector": "<function writable_server_selector at 0x7fedaae6b700>", "operation": "createIndexes", "topologyDescription": "<TopologyDescription id: 6a166b8eafe558333d81168e, topology_type: Unknown, servers: [<ServerDescription ('mongodb', 27017) server_type: Unknown, rtt: None>]>", "clientId": {"$oid": "6a166b8eafe558333d81168e"}, "remainingTimeMS": 29}
[2026-05-27T03:57:02.397+0000] {logging_mixin.py:188} INFO - ✅ Terhubung MongoDB: shopee_raw.products
[2026-05-27T03:57:02.398+0000] {logging_mixin.py:188} INFO - 
=================================
[2026-05-27T03:57:02.398+0000] {logging_mixin.py:188} INFO - 📄 PAGE 1/5
[2026-05-27T03:57:02.399+0000] {logging_mixin.py:188} INFO - =================================
[2026-05-27T03:57:02.399+0000] {logging_mixin.py:188} INFO - 🌍 https://shopee.co.id/search?keyword=msi%20gaming&page=0
[2026-05-27T03:57:09.519+0000] {logging_mixin.py:188} INFO - 🖱️ Scrolling...
[2026-05-27T03:57:22.715+0000] {logging_mixin.py:188} INFO - 📄 URL   : https://shopee.co.id/verify/traffic/error?home_url=https%3A%2F%2Fshopee.co.id&is_logged_in=false&next=https%3A%2F%2Fshopee.co.id%2Fsearch%3Fkeyword%3Dmsi%2520gaming%26page%3D0&tracking_id=751296a4448-f400-4643-a64c-28a86bcdf740&type=4
[2026-05-27T03:57:22.736+0000] {logging_mixin.py:188} INFO - 📄 TITLE : Shopee Indonesia | Situs Belanja Online Terlengkap & Terpercaya
[2026-05-27T03:57:22.844+0000] {logging_mixin.py:188} INFO - 🔍 Mengambil item produk...
[2026-05-27T03:57:22.885+0000] {logging_mixin.py:188} INFO - 📦 Total item ditemukan: 0
[2026-05-27T03:57:22.886+0000] {logging_mixin.py:188} INFO - ❌ Produk kosong, simpan HTML debug.
[2026-05-27T03:57:22.934+0000] {logging_mixin.py:188} INFO - [2026-05-27T03:57:22.934+0000] {timeout.py:68} ERROR - Process timed out, PID: 23170
[2026-05-27T03:57:53.408+0000] {processor.py:161} INFO - Started process (PID=23314) to work on /opt/airflow/dags/playwright_shopee.py
[2026-05-27T03:57:53.409+0000] {processor.py:830} INFO - Processing file /opt/airflow/dags/playwright_shopee.py for tasks to queue
[2026-05-27T03:57:53.412+0000] {logging_mixin.py:188} INFO - [2026-05-27T03:57:53.412+0000] {dagbag.py:545} INFO - Filling up the DagBag from /opt/airflow/dags/playwright_shopee.py
[2026-05-27T03:57:54.021+0000] {logging_mixin.py:188} INFO - 🌐 Membuka Chromium...
[2026-05-27T03:57:54.256+0000] {logging_mixin.py:188} INFO - 🍪 Inject cookies Shopee...
[2026-05-27T03:57:54.259+0000] {logging_mixin.py:188} INFO - ✅ 16 cookies berhasil diload dari /opt/airflow/dags/shopee_cookies.json
[2026-05-27T03:57:54.392+0000] {logging_mixin.py:188} INFO - 🌍 Membuka Shopee search...
[2026-05-27T03:58:12.498+0000] {logging_mixin.py:188} INFO - 📄 URL   : https://shopee.co.id/search?keyword=msi%20gaming
[2026-05-27T03:58:12.592+0000] {logging_mixin.py:188} INFO - 📄 TITLE : Shopee Indonesia | Situs Belanja Online Terlengkap & Terpercaya
[2026-05-27T03:58:12.983+0000] {logging_mixin.py:188} INFO - ✅ Session valid, mulai scraping...
[2026-05-27T03:58:12.991+0000] {logging_mixin.py:188} INFO - [2026-05-27T03:58:12.990+0000] {logger.py:96} INFO - {"message": "Waiting for suitable server to become available", "selector": "<function writable_server_selector at 0x7fedaae6b700>", "operation": "createIndexes", "topologyDescription": "<TopologyDescription id: 6a166bd444d665588bf0dcff, topology_type: Unknown, servers: [<ServerDescription ('mongodb', 27017) server_type: Unknown, rtt: None>]>", "clientId": {"$oid": "6a166bd444d665588bf0dcff"}, "remainingTimeMS": 29}
[2026-05-27T03:58:13.022+0000] {logging_mixin.py:188} INFO - ✅ Terhubung MongoDB: shopee_raw.products
[2026-05-27T03:58:13.023+0000] {logging_mixin.py:188} INFO - 
=================================
[2026-05-27T03:58:13.024+0000] {logging_mixin.py:188} INFO - 📄 PAGE 1/5
[2026-05-27T03:58:13.024+0000] {logging_mixin.py:188} INFO - =================================
[2026-05-27T03:58:13.025+0000] {logging_mixin.py:188} INFO - 🌍 https://shopee.co.id/search?keyword=msi%20gaming&page=0
[2026-05-27T03:58:19.011+0000] {logging_mixin.py:188} INFO - 🖱️ Scrolling...
[2026-05-27T03:58:23.419+0000] {logging_mixin.py:188} INFO - [2026-05-27T03:58:23.418+0000] {timeout.py:68} ERROR - Process timed out, PID: 23314
[2026-05-27T03:58:53.948+0000] {processor.py:161} INFO - Started process (PID=23451) to work on /opt/airflow/dags/playwright_shopee.py
[2026-05-27T03:58:53.949+0000] {processor.py:830} INFO - Processing file /opt/airflow/dags/playwright_shopee.py for tasks to queue
[2026-05-27T03:58:53.951+0000] {logging_mixin.py:188} INFO - [2026-05-27T03:58:53.950+0000] {dagbag.py:545} INFO - Filling up the DagBag from /opt/airflow/dags/playwright_shopee.py
[2026-05-27T03:58:54.545+0000] {logging_mixin.py:188} INFO - 🌐 Membuka Chromium...
[2026-05-27T03:58:54.750+0000] {logging_mixin.py:188} INFO - 🍪 Inject cookies Shopee...
[2026-05-27T03:58:54.753+0000] {logging_mixin.py:188} INFO - ✅ 16 cookies berhasil diload dari /opt/airflow/dags/shopee_cookies.json
[2026-05-27T03:58:54.852+0000] {logging_mixin.py:188} INFO - 🌍 Membuka Shopee search...
[2026-05-27T03:59:04.104+0000] {logging_mixin.py:188} INFO - 📄 URL   : https://shopee.co.id/search?keyword=msi%20gaming
[2026-05-27T03:59:04.128+0000] {logging_mixin.py:188} INFO - 📄 TITLE : Shopee Indonesia | Situs Belanja Online Terlengkap & Terpercaya
[2026-05-27T03:59:04.264+0000] {logging_mixin.py:188} INFO - ✅ Session valid, mulai scraping...
[2026-05-27T03:59:04.270+0000] {logging_mixin.py:188} INFO - [2026-05-27T03:59:04.270+0000] {logger.py:96} INFO - {"message": "Waiting for suitable server to become available", "selector": "<function writable_server_selector at 0x7fedaae6d790>", "operation": "createIndexes", "topologyDescription": "<TopologyDescription id: 6a166c08a933b31a238a7ab1, topology_type: Unknown, servers: [<ServerDescription ('mongodb', 27017) server_type: Unknown, rtt: None>]>", "clientId": {"$oid": "6a166c08a933b31a238a7ab1"}, "remainingTimeMS": 29}
[2026-05-27T03:59:04.297+0000] {logging_mixin.py:188} INFO - ✅ Terhubung MongoDB: shopee_raw.products
[2026-05-27T03:59:04.298+0000] {logging_mixin.py:188} INFO - 
=================================
[2026-05-27T03:59:04.299+0000] {logging_mixin.py:188} INFO - 📄 PAGE 1/5
[2026-05-27T03:59:04.299+0000] {logging_mixin.py:188} INFO - =================================
[2026-05-27T03:59:04.300+0000] {logging_mixin.py:188} INFO - 🌍 https://shopee.co.id/search?keyword=msi%20gaming&page=0
[2026-05-27T03:59:19.389+0000] {logging_mixin.py:188} INFO - 🖱️ Scrolling...
[2026-05-27T03:59:23.956+0000] {logging_mixin.py:188} INFO - [2026-05-27T03:59:23.956+0000] {timeout.py:68} ERROR - Process timed out, PID: 23451
[2026-05-27T03:59:54.382+0000] {processor.py:161} INFO - Started process (PID=23588) to work on /opt/airflow/dags/playwright_shopee.py
[2026-05-27T03:59:54.383+0000] {processor.py:830} INFO - Processing file /opt/airflow/dags/playwright_shopee.py for tasks to queue
[2026-05-27T03:59:54.385+0000] {logging_mixin.py:188} INFO - [2026-05-27T03:59:54.385+0000] {dagbag.py:545} INFO - Filling up the DagBag from /opt/airflow/dags/playwright_shopee.py
[2026-05-27T03:59:54.951+0000] {logging_mixin.py:188} INFO - 🌐 Membuka Chromium...
[2026-05-27T03:59:55.290+0000] {logging_mixin.py:188} INFO - 🍪 Inject cookies Shopee...
[2026-05-27T03:59:55.294+0000] {logging_mixin.py:188} INFO - ✅ 16 cookies berhasil diload dari /opt/airflow/dags/shopee_cookies.json
[2026-05-27T03:59:55.402+0000] {logging_mixin.py:188} INFO - 🌍 Membuka Shopee search...
[2026-05-27T04:00:04.320+0000] {logging_mixin.py:188} INFO - 📄 URL   : https://shopee.co.id/search?keyword=msi%20gaming
[2026-05-27T04:00:04.351+0000] {logging_mixin.py:188} INFO - 📄 TITLE : Shopee Indonesia | Situs Belanja Online Terlengkap & Terpercaya
[2026-05-27T04:00:04.501+0000] {logging_mixin.py:188} INFO - ✅ Session valid, mulai scraping...
[2026-05-27T04:00:04.506+0000] {logging_mixin.py:188} INFO - [2026-05-27T04:00:04.506+0000] {logger.py:96} INFO - {"message": "Waiting for suitable server to become available", "selector": "<function writable_server_selector at 0x7fedaae6d790>", "operation": "createIndexes", "topologyDescription": "<TopologyDescription id: 6a166c44855b8111685500dd, topology_type: Unknown, servers: [<ServerDescription ('mongodb', 27017) server_type: Unknown, rtt: None>]>", "clientId": {"$oid": "6a166c44855b8111685500dd"}, "remainingTimeMS": 29}
[2026-05-27T04:00:04.532+0000] {logging_mixin.py:188} INFO - ✅ Terhubung MongoDB: shopee_raw.products
[2026-05-27T04:00:04.532+0000] {logging_mixin.py:188} INFO - 
=================================
[2026-05-27T04:00:04.533+0000] {logging_mixin.py:188} INFO - 📄 PAGE 1/5
[2026-05-27T04:00:04.533+0000] {logging_mixin.py:188} INFO - =================================
[2026-05-27T04:00:04.534+0000] {logging_mixin.py:188} INFO - 🌍 https://shopee.co.id/search?keyword=msi%20gaming&page=0
[2026-05-27T04:00:14.470+0000] {logging_mixin.py:188} INFO - 🖱️ Scrolling...
[2026-05-27T04:00:24.390+0000] {logging_mixin.py:188} INFO - [2026-05-27T04:00:24.389+0000] {timeout.py:68} ERROR - Process timed out, PID: 23588
[2026-05-27T04:00:54.887+0000] {processor.py:161} INFO - Started process (PID=23732) to work on /opt/airflow/dags/playwright_shopee.py
[2026-05-27T04:00:54.888+0000] {processor.py:830} INFO - Processing file /opt/airflow/dags/playwright_shopee.py for tasks to queue
[2026-05-27T04:00:54.889+0000] {logging_mixin.py:188} INFO - [2026-05-27T04:00:54.889+0000] {dagbag.py:545} INFO - Filling up the DagBag from /opt/airflow/dags/playwright_shopee.py
[2026-05-27T04:00:55.495+0000] {logging_mixin.py:188} INFO - 🌐 Membuka Chromium...
[2026-05-27T04:00:55.693+0000] {logging_mixin.py:188} INFO - 🍪 Inject cookies Shopee...
[2026-05-27T04:00:55.696+0000] {logging_mixin.py:188} INFO - ✅ 16 cookies berhasil diload dari /opt/airflow/dags/shopee_cookies.json
[2026-05-27T04:00:55.789+0000] {logging_mixin.py:188} INFO - 🌍 Membuka Shopee search...
[2026-05-27T04:01:11.223+0000] {logging_mixin.py:188} INFO - 📄 URL   : https://shopee.co.id/search?keyword=msi%20gaming
[2026-05-27T04:01:11.308+0000] {logging_mixin.py:188} INFO - 📄 TITLE : Shopee Indonesia | Situs Belanja Online Terlengkap & Terpercaya
[2026-05-27T04:01:12.488+0000] {logging_mixin.py:188} INFO - ❌ Cookies tidak valid atau sudah expired.
[2026-05-27T04:01:12.653+0000] {logging_mixin.py:188} INFO - [2026-05-27T04:01:12.651+0000] {dagbag.py:355} ERROR - Failed to import: /opt/airflow/dags/playwright_shopee.py
Traceback (most recent call last):
  File "/home/airflow/.local/lib/python3.8/site-packages/airflow/models/dagbag.py", line 351, in parse
    loader.exec_module(new_module)
  File "<frozen importlib._bootstrap_external>", line 843, in exec_module
  File "<frozen importlib._bootstrap>", line 219, in _call_with_frames_removed
  File "/opt/airflow/dags/playwright_shopee.py", line 228, in <module>
    raise RuntimeError("Cookies tidak valid. Export ulang dari Chrome.")
RuntimeError: Cookies tidak valid. Export ulang dari Chrome.
[2026-05-27T04:01:12.656+0000] {processor.py:842} WARNING - No viable dags retrieved from /opt/airflow/dags/playwright_shopee.py
[2026-05-27T04:01:12.685+0000] {processor.py:183} INFO - Processing /opt/airflow/dags/playwright_shopee.py took 17.804 seconds
[2026-05-27T04:01:43.144+0000] {processor.py:161} INFO - Started process (PID=23850) to work on /opt/airflow/dags/playwright_shopee.py
[2026-05-27T04:01:43.145+0000] {processor.py:830} INFO - Processing file /opt/airflow/dags/playwright_shopee.py for tasks to queue
[2026-05-27T04:01:43.147+0000] {logging_mixin.py:188} INFO - [2026-05-27T04:01:43.146+0000] {dagbag.py:545} INFO - Filling up the DagBag from /opt/airflow/dags/playwright_shopee.py
[2026-05-27T04:01:43.722+0000] {logging_mixin.py:188} INFO - 🌐 Membuka Chromium...
[2026-05-27T04:01:43.954+0000] {logging_mixin.py:188} INFO - 🍪 Inject cookies Shopee...
[2026-05-27T04:01:43.956+0000] {logging_mixin.py:188} INFO - ✅ 16 cookies berhasil diload dari /opt/airflow/dags/shopee_cookies.json
[2026-05-27T04:01:44.047+0000] {logging_mixin.py:188} INFO - 🌍 Membuka Shopee search...
[2026-05-27T04:01:56.891+0000] {logging_mixin.py:188} INFO - 📄 URL   : https://shopee.co.id/search?keyword=msi%20gaming
[2026-05-27T04:01:56.915+0000] {logging_mixin.py:188} INFO - 📄 TITLE : Shopee Indonesia | Situs Belanja Online Terlengkap & Terpercaya
[2026-05-27T04:01:57.078+0000] {logging_mixin.py:188} INFO - ✅ Session valid, mulai scraping...
[2026-05-27T04:01:57.083+0000] {logging_mixin.py:188} INFO - [2026-05-27T04:01:57.083+0000] {logger.py:96} INFO - {"message": "Waiting for suitable server to become available", "selector": "<function writable_server_selector at 0x7fedaae6e790>", "operation": "createIndexes", "topologyDescription": "<TopologyDescription id: 6a166cb5c659aefeee0e6a35, topology_type: Unknown, servers: [<ServerDescription ('mongodb', 27017) server_type: Unknown, rtt: None>]>", "clientId": {"$oid": "6a166cb5c659aefeee0e6a35"}, "remainingTimeMS": 29}
[2026-05-27T04:01:57.098+0000] {logging_mixin.py:188} INFO - ✅ Terhubung MongoDB: shopee_raw.products
[2026-05-27T04:01:57.098+0000] {logging_mixin.py:188} INFO - 
=================================
[2026-05-27T04:01:57.099+0000] {logging_mixin.py:188} INFO - 📄 PAGE 1/5
[2026-05-27T04:01:57.100+0000] {logging_mixin.py:188} INFO - =================================
[2026-05-27T04:01:57.100+0000] {logging_mixin.py:188} INFO - 🌍 https://shopee.co.id/search?keyword=msi%20gaming&page=0
[2026-05-27T04:02:13.150+0000] {logging_mixin.py:188} INFO - [2026-05-27T04:02:13.149+0000] {timeout.py:68} ERROR - Process timed out, PID: 23850
[2026-05-27T04:02:43.647+0000] {processor.py:161} INFO - Started process (PID=23960) to work on /opt/airflow/dags/playwright_shopee.py
[2026-05-27T04:02:43.658+0000] {processor.py:830} INFO - Processing file /opt/airflow/dags/playwright_shopee.py for tasks to queue
[2026-05-27T04:02:43.659+0000] {logging_mixin.py:188} INFO - [2026-05-27T04:02:43.659+0000] {dagbag.py:545} INFO - Filling up the DagBag from /opt/airflow/dags/playwright_shopee.py
[2026-05-27T04:02:44.272+0000] {logging_mixin.py:188} INFO - 🌐 Membuka Chromium...
[2026-05-27T04:02:44.513+0000] {logging_mixin.py:188} INFO - 🍪 Inject cookies Shopee...
[2026-05-27T04:02:44.516+0000] {logging_mixin.py:188} INFO - ✅ 16 cookies berhasil diload dari /opt/airflow/dags/shopee_cookies.json
[2026-05-27T04:02:44.640+0000] {logging_mixin.py:188} INFO - 🌍 Membuka Shopee search...
[2026-05-27T04:03:13.670+0000] {logging_mixin.py:188} INFO - [2026-05-27T04:03:13.669+0000] {timeout.py:68} ERROR - Process timed out, PID: 23960
[2026-05-27T04:03:44.293+0000] {processor.py:161} INFO - Started process (PID=24068) to work on /opt/airflow/dags/playwright_shopee.py
[2026-05-27T04:03:44.294+0000] {processor.py:830} INFO - Processing file /opt/airflow/dags/playwright_shopee.py for tasks to queue
[2026-05-27T04:03:44.296+0000] {logging_mixin.py:188} INFO - [2026-05-27T04:03:44.296+0000] {dagbag.py:545} INFO - Filling up the DagBag from /opt/airflow/dags/playwright_shopee.py
[2026-05-27T04:03:44.872+0000] {logging_mixin.py:188} INFO - 🌐 Membuka Chromium...
[2026-05-27T04:03:45.061+0000] {logging_mixin.py:188} INFO - 🍪 Inject cookies Shopee...
[2026-05-27T04:03:45.064+0000] {logging_mixin.py:188} INFO - ✅ 16 cookies berhasil diload dari /opt/airflow/dags/shopee_cookies.json
[2026-05-27T04:03:45.156+0000] {logging_mixin.py:188} INFO - 🌍 Membuka Shopee search...
[2026-05-27T04:03:54.753+0000] {logging_mixin.py:188} INFO - 📄 URL   : https://shopee.co.id/search?keyword=msi%20gaming
[2026-05-27T04:03:54.794+0000] {logging_mixin.py:188} INFO - 📄 TITLE : Shopee Indonesia | Situs Belanja Online Terlengkap & Terpercaya
[2026-05-27T04:03:55.243+0000] {logging_mixin.py:188} INFO - ❌ Cookies tidak valid atau sudah expired.
[2026-05-27T04:03:55.364+0000] {logging_mixin.py:188} INFO - [2026-05-27T04:03:55.363+0000] {dagbag.py:355} ERROR - Failed to import: /opt/airflow/dags/playwright_shopee.py
Traceback (most recent call last):
  File "/home/airflow/.local/lib/python3.8/site-packages/airflow/models/dagbag.py", line 351, in parse
    loader.exec_module(new_module)
  File "<frozen importlib._bootstrap_external>", line 843, in exec_module
  File "<frozen importlib._bootstrap>", line 219, in _call_with_frames_removed
  File "/opt/airflow/dags/playwright_shopee.py", line 228, in <module>
    raise RuntimeError("Cookies tidak valid. Export ulang dari Chrome.")
RuntimeError: Cookies tidak valid. Export ulang dari Chrome.
[2026-05-27T04:03:55.365+0000] {processor.py:842} WARNING - No viable dags retrieved from /opt/airflow/dags/playwright_shopee.py
[2026-05-27T04:03:55.386+0000] {processor.py:183} INFO - Processing /opt/airflow/dags/playwright_shopee.py took 11.103 seconds
[2026-05-27T04:04:25.970+0000] {processor.py:161} INFO - Started process (PID=24196) to work on /opt/airflow/dags/playwright_shopee.py
[2026-05-27T04:04:25.971+0000] {processor.py:830} INFO - Processing file /opt/airflow/dags/playwright_shopee.py for tasks to queue
[2026-05-27T04:04:25.973+0000] {logging_mixin.py:188} INFO - [2026-05-27T04:04:25.972+0000] {dagbag.py:545} INFO - Filling up the DagBag from /opt/airflow/dags/playwright_shopee.py
[2026-05-27T04:04:26.403+0000] {logging_mixin.py:188} INFO - 🌐 Membuka Chromium...
[2026-05-27T04:04:26.604+0000] {logging_mixin.py:188} INFO - 🍪 Inject cookies Shopee...
[2026-05-27T04:04:26.607+0000] {logging_mixin.py:188} INFO - ✅ 16 cookies berhasil diload dari /opt/airflow/dags/shopee_cookies.json
[2026-05-27T04:04:26.732+0000] {logging_mixin.py:188} INFO - 🌍 Membuka Shopee search...
[2026-05-27T04:04:35.321+0000] {logging_mixin.py:188} INFO - 📄 URL   : https://shopee.co.id/search?keyword=msi%20gaming
[2026-05-27T04:04:35.344+0000] {logging_mixin.py:188} INFO - 📄 TITLE : Shopee Indonesia | Situs Belanja Online Terlengkap & Terpercaya
[2026-05-27T04:04:35.493+0000] {logging_mixin.py:188} INFO - ✅ Session valid, mulai scraping...
[2026-05-27T04:04:35.499+0000] {logging_mixin.py:188} INFO - [2026-05-27T04:04:35.498+0000] {logger.py:96} INFO - {"message": "Waiting for suitable server to become available", "selector": "<function writable_server_selector at 0x7fedaffb9ee0>", "operation": "createIndexes", "topologyDescription": "<TopologyDescription id: 6a166d534b97d321d3b0c874, topology_type: Unknown, servers: [<ServerDescription ('mongodb', 27017) server_type: Unknown, rtt: None>]>", "clientId": {"$oid": "6a166d534b97d321d3b0c874"}, "remainingTimeMS": 29}
[2026-05-27T04:04:35.513+0000] {logging_mixin.py:188} INFO - ✅ Terhubung MongoDB: shopee_raw.products
[2026-05-27T04:04:35.513+0000] {logging_mixin.py:188} INFO - 
=================================
[2026-05-27T04:04:35.514+0000] {logging_mixin.py:188} INFO - 📄 PAGE 1/5
[2026-05-27T04:04:35.514+0000] {logging_mixin.py:188} INFO - =================================
[2026-05-27T04:04:35.515+0000] {logging_mixin.py:188} INFO - 🌍 https://shopee.co.id/search?keyword=msi%20gaming&page=0
[2026-05-27T04:04:42.667+0000] {logging_mixin.py:188} INFO - 🖱️ Scrolling...
[2026-05-27T04:04:55.977+0000] {logging_mixin.py:188} INFO - [2026-05-27T04:04:55.977+0000] {timeout.py:68} ERROR - Process timed out, PID: 24196
[2026-05-27T04:05:26.405+0000] {processor.py:161} INFO - Started process (PID=24338) to work on /opt/airflow/dags/playwright_shopee.py
[2026-05-27T04:05:26.405+0000] {processor.py:830} INFO - Processing file /opt/airflow/dags/playwright_shopee.py for tasks to queue
[2026-05-27T04:05:26.407+0000] {logging_mixin.py:188} INFO - [2026-05-27T04:05:26.407+0000] {dagbag.py:545} INFO - Filling up the DagBag from /opt/airflow/dags/playwright_shopee.py
[2026-05-27T04:05:26.847+0000] {logging_mixin.py:188} INFO - 🌐 Membuka Chromium...
[2026-05-27T04:05:27.057+0000] {logging_mixin.py:188} INFO - 🍪 Inject cookies Shopee...
[2026-05-27T04:05:27.060+0000] {logging_mixin.py:188} INFO - ✅ 16 cookies berhasil diload dari /opt/airflow/dags/shopee_cookies.json
[2026-05-27T04:05:27.174+0000] {logging_mixin.py:188} INFO - 🌍 Membuka Shopee search...
[2026-05-27T04:05:35.819+0000] {logging_mixin.py:188} INFO - 📄 URL   : https://shopee.co.id/search?keyword=msi%20gaming
[2026-05-27T04:05:36.317+0000] {logging_mixin.py:188} INFO - 📄 TITLE : Shopee Indonesia | Situs Belanja Online Terlengkap & Terpercaya
[2026-05-27T04:05:37.270+0000] {logging_mixin.py:188} INFO - ❌ Cookies tidak valid atau sudah expired.
[2026-05-27T04:05:37.390+0000] {logging_mixin.py:188} INFO - [2026-05-27T04:05:37.389+0000] {dagbag.py:355} ERROR - Failed to import: /opt/airflow/dags/playwright_shopee.py
Traceback (most recent call last):
  File "/home/airflow/.local/lib/python3.8/site-packages/airflow/models/dagbag.py", line 351, in parse
    loader.exec_module(new_module)
  File "<frozen importlib._bootstrap_external>", line 843, in exec_module
  File "<frozen importlib._bootstrap>", line 219, in _call_with_frames_removed
  File "/opt/airflow/dags/playwright_shopee.py", line 228, in <module>
    raise RuntimeError("Cookies tidak valid. Export ulang dari Chrome.")
RuntimeError: Cookies tidak valid. Export ulang dari Chrome.
[2026-05-27T04:05:37.391+0000] {processor.py:842} WARNING - No viable dags retrieved from /opt/airflow/dags/playwright_shopee.py
[2026-05-27T04:05:37.427+0000] {processor.py:183} INFO - Processing /opt/airflow/dags/playwright_shopee.py took 11.028 seconds
[2026-05-27T04:06:07.997+0000] {processor.py:161} INFO - Started process (PID=24442) to work on /opt/airflow/dags/playwright_shopee.py
[2026-05-27T04:06:07.998+0000] {processor.py:830} INFO - Processing file /opt/airflow/dags/playwright_shopee.py for tasks to queue
[2026-05-27T04:06:08.000+0000] {logging_mixin.py:188} INFO - [2026-05-27T04:06:07.999+0000] {dagbag.py:545} INFO - Filling up the DagBag from /opt/airflow/dags/playwright_shopee.py
[2026-05-27T04:06:08.422+0000] {logging_mixin.py:188} INFO - 🌐 Membuka Chromium...
[2026-05-27T04:06:08.682+0000] {logging_mixin.py:188} INFO - 🍪 Inject cookies Shopee...
[2026-05-27T04:06:08.685+0000] {logging_mixin.py:188} INFO - ✅ 16 cookies berhasil diload dari /opt/airflow/dags/shopee_cookies.json
[2026-05-27T04:06:08.779+0000] {logging_mixin.py:188} INFO - 🌍 Membuka Shopee search...
[2026-05-27T04:06:18.779+0000] {logging_mixin.py:188} INFO - 📄 URL   : https://shopee.co.id/search?keyword=msi%20gaming
[2026-05-27T04:06:19.126+0000] {logging_mixin.py:188} INFO - 📄 TITLE : Shopee Indonesia | Situs Belanja Online Terlengkap & Terpercaya
[2026-05-27T04:06:19.714+0000] {logging_mixin.py:188} INFO - ❌ Cookies tidak valid atau sudah expired.
[2026-05-27T04:06:19.824+0000] {logging_mixin.py:188} INFO - [2026-05-27T04:06:19.822+0000] {dagbag.py:355} ERROR - Failed to import: /opt/airflow/dags/playwright_shopee.py
Traceback (most recent call last):
  File "/home/airflow/.local/lib/python3.8/site-packages/airflow/models/dagbag.py", line 351, in parse
    loader.exec_module(new_module)
  File "<frozen importlib._bootstrap_external>", line 843, in exec_module
  File "<frozen importlib._bootstrap>", line 219, in _call_with_frames_removed
  File "/opt/airflow/dags/playwright_shopee.py", line 228, in <module>
    raise RuntimeError("Cookies tidak valid. Export ulang dari Chrome.")
RuntimeError: Cookies tidak valid. Export ulang dari Chrome.
[2026-05-27T04:06:19.825+0000] {processor.py:842} WARNING - No viable dags retrieved from /opt/airflow/dags/playwright_shopee.py
[2026-05-27T04:06:19.848+0000] {processor.py:183} INFO - Processing /opt/airflow/dags/playwright_shopee.py took 11.856 seconds
[2026-05-27T04:06:50.540+0000] {processor.py:161} INFO - Started process (PID=24561) to work on /opt/airflow/dags/playwright_shopee.py
[2026-05-27T04:06:50.541+0000] {processor.py:830} INFO - Processing file /opt/airflow/dags/playwright_shopee.py for tasks to queue
[2026-05-27T04:06:50.543+0000] {logging_mixin.py:188} INFO - [2026-05-27T04:06:50.543+0000] {dagbag.py:545} INFO - Filling up the DagBag from /opt/airflow/dags/playwright_shopee.py
[2026-05-27T04:06:51.012+0000] {logging_mixin.py:188} INFO - 🌐 Membuka Chromium...
[2026-05-27T04:06:51.246+0000] {logging_mixin.py:188} INFO - 🍪 Inject cookies Shopee...
[2026-05-27T04:06:51.250+0000] {logging_mixin.py:188} INFO - ✅ 16 cookies berhasil diload dari /opt/airflow/dags/shopee_cookies.json
[2026-05-27T04:06:51.347+0000] {logging_mixin.py:188} INFO - 🌍 Membuka Shopee search...
[2026-05-27T04:07:03.538+0000] {logging_mixin.py:188} INFO - 📄 URL   : https://shopee.co.id/search?keyword=msi%20gaming
[2026-05-27T04:07:03.560+0000] {logging_mixin.py:188} INFO - 📄 TITLE : Shopee Indonesia | Situs Belanja Online Terlengkap & Terpercaya
[2026-05-27T04:07:03.718+0000] {logging_mixin.py:188} INFO - ✅ Session valid, mulai scraping...
[2026-05-27T04:07:03.724+0000] {logging_mixin.py:188} INFO - [2026-05-27T04:07:03.723+0000] {logger.py:96} INFO - {"message": "Waiting for suitable server to become available", "selector": "<function writable_server_selector at 0x7fedaffbaee0>", "operation": "createIndexes", "topologyDescription": "<TopologyDescription id: 6a166de7f344e9b5cfb6857c, topology_type: Unknown, servers: [<ServerDescription ('mongodb', 27017) server_type: Unknown, rtt: None>]>", "clientId": {"$oid": "6a166de7f344e9b5cfb6857c"}, "remainingTimeMS": 29}
[2026-05-27T04:07:03.742+0000] {logging_mixin.py:188} INFO - ✅ Terhubung MongoDB: shopee_raw.products
[2026-05-27T04:07:03.742+0000] {logging_mixin.py:188} INFO - 
=================================
[2026-05-27T04:07:03.743+0000] {logging_mixin.py:188} INFO - 📄 PAGE 1/5
[2026-05-27T04:07:03.743+0000] {logging_mixin.py:188} INFO - =================================
[2026-05-27T04:07:03.744+0000] {logging_mixin.py:188} INFO - 🌍 https://shopee.co.id/search?keyword=msi%20gaming&page=0
[2026-05-27T04:07:10.786+0000] {logging_mixin.py:188} INFO - 🖱️ Scrolling...
[2026-05-27T04:07:20.550+0000] {logging_mixin.py:188} INFO - [2026-05-27T04:07:20.549+0000] {timeout.py:68} ERROR - Process timed out, PID: 24561
[2026-05-27T04:07:50.788+0000] {processor.py:161} INFO - Started process (PID=24709) to work on /opt/airflow/dags/playwright_shopee.py
[2026-05-27T04:07:50.789+0000] {processor.py:830} INFO - Processing file /opt/airflow/dags/playwright_shopee.py for tasks to queue
[2026-05-27T04:07:50.792+0000] {logging_mixin.py:188} INFO - [2026-05-27T04:07:50.791+0000] {dagbag.py:545} INFO - Filling up the DagBag from /opt/airflow/dags/playwright_shopee.py
[2026-05-27T04:07:51.266+0000] {logging_mixin.py:188} INFO - 🌐 Membuka Chromium...
[2026-05-27T04:07:51.478+0000] {logging_mixin.py:188} INFO - 🍪 Inject cookies Shopee...
[2026-05-27T04:07:51.480+0000] {logging_mixin.py:188} INFO - ✅ 16 cookies berhasil diload dari /opt/airflow/dags/shopee_cookies.json
[2026-05-27T04:07:51.587+0000] {logging_mixin.py:188} INFO - 🌍 Membuka Shopee search...
[2026-05-27T04:08:00.175+0000] {logging_mixin.py:188} INFO - 📄 URL   : https://shopee.co.id/search?keyword=msi%20gaming
[2026-05-27T04:08:00.211+0000] {logging_mixin.py:188} INFO - 📄 TITLE : Shopee Indonesia | Situs Belanja Online Terlengkap & Terpercaya
[2026-05-27T04:08:00.764+0000] {logging_mixin.py:188} INFO - ✅ Session valid, mulai scraping...
[2026-05-27T04:08:00.773+0000] {logging_mixin.py:188} INFO - [2026-05-27T04:08:00.772+0000] {logger.py:96} INFO - {"message": "Waiting for suitable server to become available", "selector": "<function writable_server_selector at 0x7fedaffbaee0>", "operation": "createIndexes", "topologyDescription": "<TopologyDescription id: 6a166e20e13de645ae6b2bd7, topology_type: Unknown, servers: [<ServerDescription ('mongodb', 27017) server_type: Unknown, rtt: None>]>", "clientId": {"$oid": "6a166e20e13de645ae6b2bd7"}, "remainingTimeMS": 29}
[2026-05-27T04:08:00.795+0000] {logging_mixin.py:188} INFO - ✅ Terhubung MongoDB: shopee_raw.products
[2026-05-27T04:08:00.796+0000] {logging_mixin.py:188} INFO - 
=================================
[2026-05-27T04:08:00.797+0000] {logging_mixin.py:188} INFO - 📄 PAGE 1/5
[2026-05-27T04:08:00.797+0000] {logging_mixin.py:188} INFO - =================================
[2026-05-27T04:08:00.798+0000] {logging_mixin.py:188} INFO - 🌍 https://shopee.co.id/search?keyword=msi%20gaming&page=0
[2026-05-27T04:08:08.016+0000] {logging_mixin.py:188} INFO - 🖱️ Scrolling...
[2026-05-27T04:08:20.499+0000] {logging_mixin.py:188} INFO - 📄 URL   : https://shopee.co.id/verify/traffic/error?home_url=https%3A%2F%2Fshopee.co.id&is_logged_in=false&next=https%3A%2F%2Fshopee.co.id%2Fsearch%3Fkeyword%3Dmsi%2520gaming%26page%3D0&tracking_id=751d8ac8d64-c727-4d13-a9d7-97b00c9afa4b&type=4
[2026-05-27T04:08:20.537+0000] {logging_mixin.py:188} INFO - 📄 TITLE : Shopee Indonesia | Situs Belanja Online Terlengkap & Terpercaya
[2026-05-27T04:08:20.640+0000] {logging_mixin.py:188} INFO - 🔍 Mengambil item produk...
[2026-05-27T04:08:20.686+0000] {logging_mixin.py:188} INFO - 📦 Total item ditemukan: 0
[2026-05-27T04:08:20.687+0000] {logging_mixin.py:188} INFO - ❌ Produk kosong, simpan HTML debug.
[2026-05-27T04:08:20.735+0000] {logging_mixin.py:188} INFO - 
=================================
[2026-05-27T04:08:20.735+0000] {logging_mixin.py:188} INFO - 📄 PAGE 2/5
[2026-05-27T04:08:20.736+0000] {logging_mixin.py:188} INFO - =================================
[2026-05-27T04:08:20.736+0000] {logging_mixin.py:188} INFO - 🌍 https://shopee.co.id/search?keyword=msi%20gaming&page=1
[2026-05-27T04:08:20.798+0000] {logging_mixin.py:188} INFO - [2026-05-27T04:08:20.797+0000] {timeout.py:68} ERROR - Process timed out, PID: 24709
[2026-05-27T04:08:51.070+0000] {processor.py:161} INFO - Started process (PID=24851) to work on /opt/airflow/dags/playwright_shopee.py
[2026-05-27T04:08:51.071+0000] {processor.py:830} INFO - Processing file /opt/airflow/dags/playwright_shopee.py for tasks to queue
[2026-05-27T04:08:51.072+0000] {logging_mixin.py:188} INFO - [2026-05-27T04:08:51.072+0000] {dagbag.py:545} INFO - Filling up the DagBag from /opt/airflow/dags/playwright_shopee.py
[2026-05-27T04:08:51.522+0000] {logging_mixin.py:188} INFO - 🌐 Membuka Chromium...
[2026-05-27T04:08:51.757+0000] {logging_mixin.py:188} INFO - 🍪 Inject cookies Shopee...
[2026-05-27T04:08:51.761+0000] {logging_mixin.py:188} INFO - ✅ 16 cookies berhasil diload dari /opt/airflow/dags/shopee_cookies.json
[2026-05-27T04:08:51.908+0000] {logging_mixin.py:188} INFO - 🌍 Membuka Shopee search...
[2026-05-27T04:09:04.693+0000] {logging_mixin.py:188} INFO - 📄 URL   : https://shopee.co.id/search?keyword=msi%20gaming
[2026-05-27T04:09:04.943+0000] {logging_mixin.py:188} INFO - [2026-05-27T04:09:04.941+0000] {dagbag.py:355} ERROR - Failed to import: /opt/airflow/dags/playwright_shopee.py
Traceback (most recent call last):
  File "/home/airflow/.local/lib/python3.8/site-packages/airflow/models/dagbag.py", line 351, in parse
    loader.exec_module(new_module)
  File "<frozen importlib._bootstrap_external>", line 843, in exec_module
  File "<frozen importlib._bootstrap>", line 219, in _call_with_frames_removed
  File "/opt/airflow/dags/playwright_shopee.py", line 208, in <module>
    print("📄 TITLE :", page.title())
  File "/home/airflow/.local/lib/python3.8/site-packages/playwright/sync_api/_generated.py", line 9407, in title
    return mapping.from_maybe_impl(self._sync(self._impl_obj.title()))
  File "/home/airflow/.local/lib/python3.8/site-packages/playwright/_impl/_sync_base.py", line 115, in _sync
    return task.result()
  File "/home/airflow/.local/lib/python3.8/site-packages/playwright/_impl/_page.py", line 742, in title
    return await self._main_frame.title()
  File "/home/airflow/.local/lib/python3.8/site-packages/playwright/_impl/_frame.py", line 776, in title
    return await self._channel.send("title")
  File "/home/airflow/.local/lib/python3.8/site-packages/playwright/_impl/_connection.py", line 59, in send
    return await self._connection.wrap_api_call(
  File "/home/airflow/.local/lib/python3.8/site-packages/playwright/_impl/_connection.py", line 514, in wrap_api_call
    raise rewrite_error(error, f"{parsed_st['apiName']}: {error}") from None
playwright._impl._errors.Error: Page.title: Execution context was destroyed, most likely because of a navigation
[2026-05-27T04:09:04.943+0000] {processor.py:842} WARNING - No viable dags retrieved from /opt/airflow/dags/playwright_shopee.py
[2026-05-27T04:09:04.984+0000] {processor.py:183} INFO - Processing /opt/airflow/dags/playwright_shopee.py took 13.921 seconds
[2026-05-27T04:09:35.221+0000] {processor.py:161} INFO - Started process (PID=24979) to work on /opt/airflow/dags/playwright_shopee.py
[2026-05-27T04:09:35.222+0000] {processor.py:830} INFO - Processing file /opt/airflow/dags/playwright_shopee.py for tasks to queue
[2026-05-27T04:09:35.224+0000] {logging_mixin.py:188} INFO - [2026-05-27T04:09:35.223+0000] {dagbag.py:545} INFO - Filling up the DagBag from /opt/airflow/dags/playwright_shopee.py
[2026-05-27T04:09:35.697+0000] {logging_mixin.py:188} INFO - 🌐 Membuka Chromium...
[2026-05-27T04:09:35.889+0000] {logging_mixin.py:188} INFO - 🍪 Inject cookies Shopee...
[2026-05-27T04:09:35.891+0000] {logging_mixin.py:188} INFO - ✅ 16 cookies berhasil diload dari /opt/airflow/dags/shopee_cookies.json
[2026-05-27T04:09:35.992+0000] {logging_mixin.py:188} INFO - 🌍 Membuka Shopee search...
[2026-05-27T04:09:47.179+0000] {logging_mixin.py:188} INFO - 📄 URL   : https://shopee.co.id/search?keyword=msi%20gaming
[2026-05-27T04:09:47.896+0000] {logging_mixin.py:188} INFO - [2026-05-27T04:09:47.895+0000] {dagbag.py:355} ERROR - Failed to import: /opt/airflow/dags/playwright_shopee.py
Traceback (most recent call last):
  File "/home/airflow/.local/lib/python3.8/site-packages/airflow/models/dagbag.py", line 351, in parse
    loader.exec_module(new_module)
  File "<frozen importlib._bootstrap_external>", line 843, in exec_module
  File "<frozen importlib._bootstrap>", line 219, in _call_with_frames_removed
  File "/opt/airflow/dags/playwright_shopee.py", line 208, in <module>
    print("📄 TITLE :", page.title())
  File "/home/airflow/.local/lib/python3.8/site-packages/playwright/sync_api/_generated.py", line 9407, in title
    return mapping.from_maybe_impl(self._sync(self._impl_obj.title()))
  File "/home/airflow/.local/lib/python3.8/site-packages/playwright/_impl/_sync_base.py", line 115, in _sync
    return task.result()
  File "/home/airflow/.local/lib/python3.8/site-packages/playwright/_impl/_page.py", line 742, in title
    return await self._main_frame.title()
  File "/home/airflow/.local/lib/python3.8/site-packages/playwright/_impl/_frame.py", line 776, in title
    return await self._channel.send("title")
  File "/home/airflow/.local/lib/python3.8/site-packages/playwright/_impl/_connection.py", line 59, in send
    return await self._connection.wrap_api_call(
  File "/home/airflow/.local/lib/python3.8/site-packages/playwright/_impl/_connection.py", line 514, in wrap_api_call
    raise rewrite_error(error, f"{parsed_st['apiName']}: {error}") from None
playwright._impl._errors.Error: Page.title: Execution context was destroyed, most likely because of a navigation
[2026-05-27T04:09:47.897+0000] {processor.py:842} WARNING - No viable dags retrieved from /opt/airflow/dags/playwright_shopee.py
[2026-05-27T04:09:47.921+0000] {processor.py:183} INFO - Processing /opt/airflow/dags/playwright_shopee.py took 12.707 seconds
[2026-05-27T04:10:17.979+0000] {processor.py:161} INFO - Started process (PID=25096) to work on /opt/airflow/dags/playwright_shopee.py
[2026-05-27T04:10:17.980+0000] {processor.py:830} INFO - Processing file /opt/airflow/dags/playwright_shopee.py for tasks to queue
[2026-05-27T04:10:17.982+0000] {logging_mixin.py:188} INFO - [2026-05-27T04:10:17.981+0000] {dagbag.py:545} INFO - Filling up the DagBag from /opt/airflow/dags/playwright_shopee.py
[2026-05-27T04:10:18.443+0000] {logging_mixin.py:188} INFO - 🌐 Membuka Chromium...
[2026-05-27T04:10:18.642+0000] {logging_mixin.py:188} INFO - 🍪 Inject cookies Shopee...
[2026-05-27T04:10:18.644+0000] {logging_mixin.py:188} INFO - ✅ 16 cookies berhasil diload dari /opt/airflow/dags/shopee_cookies.json
[2026-05-27T04:10:18.761+0000] {logging_mixin.py:188} INFO - 🌍 Membuka Shopee search...
[2026-05-27T04:10:28.526+0000] {logging_mixin.py:188} INFO - 📄 URL   : https://shopee.co.id/search?keyword=msi%20gaming
[2026-05-27T04:10:28.651+0000] {logging_mixin.py:188} INFO - 📄 TITLE : Shopee Indonesia | Situs Belanja Online Terlengkap & Terpercaya
[2026-05-27T04:10:28.913+0000] {logging_mixin.py:188} INFO - ❌ Cookies tidak valid atau sudah expired.
[2026-05-27T04:10:29.023+0000] {logging_mixin.py:188} INFO - [2026-05-27T04:10:29.021+0000] {dagbag.py:355} ERROR - Failed to import: /opt/airflow/dags/playwright_shopee.py
Traceback (most recent call last):
  File "/home/airflow/.local/lib/python3.8/site-packages/airflow/models/dagbag.py", line 351, in parse
    loader.exec_module(new_module)
  File "<frozen importlib._bootstrap_external>", line 843, in exec_module
  File "<frozen importlib._bootstrap>", line 219, in _call_with_frames_removed
  File "/opt/airflow/dags/playwright_shopee.py", line 228, in <module>
    raise RuntimeError("Cookies tidak valid. Export ulang dari Chrome.")
RuntimeError: Cookies tidak valid. Export ulang dari Chrome.
[2026-05-27T04:10:29.024+0000] {processor.py:842} WARNING - No viable dags retrieved from /opt/airflow/dags/playwright_shopee.py
[2026-05-27T04:10:29.046+0000] {processor.py:183} INFO - Processing /opt/airflow/dags/playwright_shopee.py took 11.077 seconds
[2026-05-27T04:10:59.672+0000] {processor.py:161} INFO - Started process (PID=25213) to work on /opt/airflow/dags/playwright_shopee.py
[2026-05-27T04:10:59.674+0000] {processor.py:830} INFO - Processing file /opt/airflow/dags/playwright_shopee.py for tasks to queue
[2026-05-27T04:10:59.677+0000] {logging_mixin.py:188} INFO - [2026-05-27T04:10:59.676+0000] {dagbag.py:545} INFO - Filling up the DagBag from /opt/airflow/dags/playwright_shopee.py
[2026-05-27T04:11:00.212+0000] {logging_mixin.py:188} INFO - 🌐 Membuka Chromium...
[2026-05-27T04:11:00.453+0000] {logging_mixin.py:188} INFO - 🍪 Inject cookies Shopee...
[2026-05-27T04:11:00.455+0000] {logging_mixin.py:188} INFO - ✅ 16 cookies berhasil diload dari /opt/airflow/dags/shopee_cookies.json
[2026-05-27T04:11:00.574+0000] {logging_mixin.py:188} INFO - 🌍 Membuka Shopee search...
[2026-05-27T04:11:10.025+0000] {logging_mixin.py:188} INFO - 📄 URL   : https://shopee.co.id/search?keyword=msi%20gaming
[2026-05-27T04:11:10.052+0000] {logging_mixin.py:188} INFO - 📄 TITLE : Shopee Indonesia | Situs Belanja Online Terlengkap & Terpercaya
[2026-05-27T04:11:10.274+0000] {logging_mixin.py:188} INFO - ❌ Cookies tidak valid atau sudah expired.
[2026-05-27T04:11:10.397+0000] {logging_mixin.py:188} INFO - [2026-05-27T04:11:10.396+0000] {dagbag.py:355} ERROR - Failed to import: /opt/airflow/dags/playwright_shopee.py
Traceback (most recent call last):
  File "/home/airflow/.local/lib/python3.8/site-packages/airflow/models/dagbag.py", line 351, in parse
    loader.exec_module(new_module)
  File "<frozen importlib._bootstrap_external>", line 843, in exec_module
  File "<frozen importlib._bootstrap>", line 219, in _call_with_frames_removed
  File "/opt/airflow/dags/playwright_shopee.py", line 228, in <module>
    raise RuntimeError("Cookies tidak valid. Export ulang dari Chrome.")
RuntimeError: Cookies tidak valid. Export ulang dari Chrome.
[2026-05-27T04:11:10.398+0000] {processor.py:842} WARNING - No viable dags retrieved from /opt/airflow/dags/playwright_shopee.py
[2026-05-27T04:11:10.433+0000] {processor.py:183} INFO - Processing /opt/airflow/dags/playwright_shopee.py took 10.770 seconds
[2026-05-27T04:11:40.977+0000] {processor.py:161} INFO - Started process (PID=25343) to work on /opt/airflow/dags/playwright_shopee.py
[2026-05-27T04:11:40.978+0000] {processor.py:830} INFO - Processing file /opt/airflow/dags/playwright_shopee.py for tasks to queue
[2026-05-27T04:11:40.981+0000] {logging_mixin.py:188} INFO - [2026-05-27T04:11:40.981+0000] {dagbag.py:545} INFO - Filling up the DagBag from /opt/airflow/dags/playwright_shopee.py
[2026-05-27T04:11:41.489+0000] {logging_mixin.py:188} INFO - 🌐 Membuka Chromium...
[2026-05-27T04:11:41.736+0000] {logging_mixin.py:188} INFO - 🍪 Inject cookies Shopee...
[2026-05-27T04:11:41.739+0000] {logging_mixin.py:188} INFO - ✅ 16 cookies berhasil diload dari /opt/airflow/dags/shopee_cookies.json
[2026-05-27T04:11:41.851+0000] {logging_mixin.py:188} INFO - 🌍 Membuka Shopee search...
[2026-05-27T04:11:53.743+0000] {logging_mixin.py:188} INFO - 📄 URL   : https://shopee.co.id/search?keyword=msi%20gaming
[2026-05-27T04:11:53.965+0000] {logging_mixin.py:188} INFO - 📄 TITLE : Shopee Indonesia | Situs Belanja Online Terlengkap & Terpercaya
[2026-05-27T04:11:54.120+0000] {logging_mixin.py:188} INFO - ✅ Session valid, mulai scraping...
[2026-05-27T04:11:54.125+0000] {logging_mixin.py:188} INFO - [2026-05-27T04:11:54.125+0000] {logger.py:96} INFO - {"message": "Waiting for suitable server to become available", "selector": "<function writable_server_selector at 0x7fedaae61040>", "operation": "createIndexes", "topologyDescription": "<TopologyDescription id: 6a166f0a8d4d7ffafd50cca9, topology_type: Unknown, servers: [<ServerDescription ('mongodb', 27017) server_type: Unknown, rtt: None>]>", "clientId": {"$oid": "6a166f0a8d4d7ffafd50cca9"}, "remainingTimeMS": 29}
[2026-05-27T04:11:54.141+0000] {logging_mixin.py:188} INFO - ✅ Terhubung MongoDB: shopee_raw.products
[2026-05-27T04:11:54.141+0000] {logging_mixin.py:188} INFO - 
=================================
[2026-05-27T04:11:54.142+0000] {logging_mixin.py:188} INFO - 📄 PAGE 1/5
[2026-05-27T04:11:54.142+0000] {logging_mixin.py:188} INFO - =================================
[2026-05-27T04:11:54.142+0000] {logging_mixin.py:188} INFO - 🌍 https://shopee.co.id/search?keyword=msi%20gaming&page=0
[2026-05-27T04:12:01.789+0000] {logging_mixin.py:188} INFO - 🖱️ Scrolling...
[2026-05-27T04:12:10.990+0000] {logging_mixin.py:188} INFO - [2026-05-27T04:12:10.990+0000] {timeout.py:68} ERROR - Process timed out, PID: 25343
[2026-05-27T04:12:41.357+0000] {processor.py:161} INFO - Started process (PID=25486) to work on /opt/airflow/dags/playwright_shopee.py
[2026-05-27T04:12:41.358+0000] {processor.py:830} INFO - Processing file /opt/airflow/dags/playwright_shopee.py for tasks to queue
[2026-05-27T04:12:41.360+0000] {logging_mixin.py:188} INFO - [2026-05-27T04:12:41.359+0000] {dagbag.py:545} INFO - Filling up the DagBag from /opt/airflow/dags/playwright_shopee.py
[2026-05-27T04:12:41.850+0000] {logging_mixin.py:188} INFO - 🌐 Membuka Chromium...
[2026-05-27T04:12:42.100+0000] {logging_mixin.py:188} INFO - 🍪 Inject cookies Shopee...
[2026-05-27T04:12:42.102+0000] {logging_mixin.py:188} INFO - ✅ 16 cookies berhasil diload dari /opt/airflow/dags/shopee_cookies.json
[2026-05-27T04:12:42.209+0000] {logging_mixin.py:188} INFO - 🌍 Membuka Shopee search...
[2026-05-27T04:12:49.944+0000] {logging_mixin.py:188} INFO - 📄 URL   : https://shopee.co.id/search?keyword=msi%20gaming
[2026-05-27T04:12:49.998+0000] {logging_mixin.py:188} INFO - 📄 TITLE : Shopee Indonesia | Situs Belanja Online Terlengkap & Terpercaya
[2026-05-27T04:12:51.558+0000] {logging_mixin.py:188} INFO - [2026-05-27T04:12:51.556+0000] {dagbag.py:355} ERROR - Failed to import: /opt/airflow/dags/playwright_shopee.py
Traceback (most recent call last):
  File "/home/airflow/.local/lib/python3.8/site-packages/airflow/models/dagbag.py", line 351, in parse
    loader.exec_module(new_module)
  File "<frozen importlib._bootstrap_external>", line 843, in exec_module
  File "<frozen importlib._bootstrap>", line 219, in _call_with_frames_removed
  File "/opt/airflow/dags/playwright_shopee.py", line 224, in <module>
    content = page.content()
  File "/home/airflow/.local/lib/python3.8/site-packages/playwright/sync_api/_generated.py", line 8582, in content
    return mapping.from_maybe_impl(self._sync(self._impl_obj.content()))
  File "/home/airflow/.local/lib/python3.8/site-packages/playwright/_impl/_sync_base.py", line 115, in _sync
    return task.result()
  File "/home/airflow/.local/lib/python3.8/site-packages/playwright/_impl/_page.py", line 502, in content
    return await self._main_frame.content()
  File "/home/airflow/.local/lib/python3.8/site-packages/playwright/_impl/_frame.py", line 416, in content
    return await self._channel.send("content")
  File "/home/airflow/.local/lib/python3.8/site-packages/playwright/_impl/_connection.py", line 59, in send
    return await self._connection.wrap_api_call(
  File "/home/airflow/.local/lib/python3.8/site-packages/playwright/_impl/_connection.py", line 514, in wrap_api_call
    raise rewrite_error(error, f"{parsed_st['apiName']}: {error}") from None
playwright._impl._errors.Error: Page.content: Unable to retrieve content because the page is navigating and changing the content.
[2026-05-27T04:12:51.558+0000] {processor.py:842} WARNING - No viable dags retrieved from /opt/airflow/dags/playwright_shopee.py
[2026-05-27T04:12:51.583+0000] {processor.py:183} INFO - Processing /opt/airflow/dags/playwright_shopee.py took 10.235 seconds
[2026-05-27T04:13:21.961+0000] {processor.py:161} INFO - Started process (PID=25605) to work on /opt/airflow/dags/playwright_shopee.py
[2026-05-27T04:13:21.962+0000] {processor.py:830} INFO - Processing file /opt/airflow/dags/playwright_shopee.py for tasks to queue
[2026-05-27T04:13:21.964+0000] {logging_mixin.py:188} INFO - [2026-05-27T04:13:21.964+0000] {dagbag.py:545} INFO - Filling up the DagBag from /opt/airflow/dags/playwright_shopee.py
[2026-05-27T04:13:22.394+0000] {logging_mixin.py:188} INFO - 🌐 Membuka Chromium...
[2026-05-27T04:13:22.623+0000] {logging_mixin.py:188} INFO - 🍪 Inject cookies Shopee...
[2026-05-27T04:13:22.626+0000] {logging_mixin.py:188} INFO - ✅ 16 cookies berhasil diload dari /opt/airflow/dags/shopee_cookies.json
[2026-05-27T04:13:22.734+0000] {logging_mixin.py:188} INFO - 🌍 Membuka Shopee search...
[2026-05-27T04:13:32.321+0000] {logging_mixin.py:188} INFO - 📄 URL   : https://shopee.co.id/search?keyword=msi%20gaming
[2026-05-27T04:13:32.588+0000] {logging_mixin.py:188} INFO - 📄 TITLE : 
[2026-05-27T04:13:34.460+0000] {logging_mixin.py:188} INFO - ❌ Kena traffic verify — cookies mungkin expired.
[2026-05-27T04:13:34.461+0000] {logging_mixin.py:188} INFO - ⚠️  Export ulang cookies dari Chrome dan update shopee_cookies.json
[2026-05-27T04:13:34.888+0000] {logging_mixin.py:188} INFO - [2026-05-27T04:13:34.887+0000] {dagbag.py:355} ERROR - Failed to import: /opt/airflow/dags/playwright_shopee.py
Traceback (most recent call last):
  File "/home/airflow/.local/lib/python3.8/site-packages/airflow/models/dagbag.py", line 351, in parse
    loader.exec_module(new_module)
  File "<frozen importlib._bootstrap_external>", line 843, in exec_module
  File "<frozen importlib._bootstrap>", line 219, in _call_with_frames_removed
  File "/opt/airflow/dags/playwright_shopee.py", line 218, in <module>
    raise RuntimeError(
RuntimeError: Shopee traffic verify detected. Update shopee_cookies.json dari Cookie-Editor.
[2026-05-27T04:13:34.890+0000] {processor.py:842} WARNING - No viable dags retrieved from /opt/airflow/dags/playwright_shopee.py
[2026-05-27T04:13:34.914+0000] {processor.py:183} INFO - Processing /opt/airflow/dags/playwright_shopee.py took 12.959 seconds
[2026-05-27T04:14:05.470+0000] {processor.py:161} INFO - Started process (PID=25737) to work on /opt/airflow/dags/playwright_shopee.py
[2026-05-27T04:14:05.471+0000] {processor.py:830} INFO - Processing file /opt/airflow/dags/playwright_shopee.py for tasks to queue
[2026-05-27T04:14:05.473+0000] {logging_mixin.py:188} INFO - [2026-05-27T04:14:05.473+0000] {dagbag.py:545} INFO - Filling up the DagBag from /opt/airflow/dags/playwright_shopee.py
[2026-05-27T04:14:05.940+0000] {logging_mixin.py:188} INFO - 🌐 Membuka Chromium...
[2026-05-27T04:14:06.150+0000] {logging_mixin.py:188} INFO - 🍪 Inject cookies Shopee...
[2026-05-27T04:14:06.152+0000] {logging_mixin.py:188} INFO - ✅ 16 cookies berhasil diload dari /opt/airflow/dags/shopee_cookies.json
[2026-05-27T04:14:06.259+0000] {logging_mixin.py:188} INFO - 🌍 Membuka Shopee search...
[2026-05-27T04:14:13.298+0000] {logging_mixin.py:188} INFO - 📄 URL   : https://shopee.co.id/search?keyword=msi%20gaming
[2026-05-27T04:14:13.632+0000] {logging_mixin.py:188} INFO - 📄 TITLE : Shopee Indonesia | Situs Belanja Online Terlengkap & Terpercaya
[2026-05-27T04:14:14.147+0000] {logging_mixin.py:188} INFO - ❌ Cookies tidak valid atau sudah expired.
[2026-05-27T04:14:14.280+0000] {logging_mixin.py:188} INFO - [2026-05-27T04:14:14.279+0000] {dagbag.py:355} ERROR - Failed to import: /opt/airflow/dags/playwright_shopee.py
Traceback (most recent call last):
  File "/home/airflow/.local/lib/python3.8/site-packages/airflow/models/dagbag.py", line 351, in parse
    loader.exec_module(new_module)
  File "<frozen importlib._bootstrap_external>", line 843, in exec_module
  File "<frozen importlib._bootstrap>", line 219, in _call_with_frames_removed
  File "/opt/airflow/dags/playwright_shopee.py", line 228, in <module>
    raise RuntimeError("Cookies tidak valid. Export ulang dari Chrome.")
RuntimeError: Cookies tidak valid. Export ulang dari Chrome.
[2026-05-27T04:14:14.282+0000] {processor.py:842} WARNING - No viable dags retrieved from /opt/airflow/dags/playwright_shopee.py
[2026-05-27T04:14:14.315+0000] {processor.py:183} INFO - Processing /opt/airflow/dags/playwright_shopee.py took 8.851 seconds
[2026-05-27T04:14:44.861+0000] {processor.py:161} INFO - Started process (PID=25857) to work on /opt/airflow/dags/playwright_shopee.py
[2026-05-27T04:14:44.862+0000] {processor.py:830} INFO - Processing file /opt/airflow/dags/playwright_shopee.py for tasks to queue
[2026-05-27T04:14:44.864+0000] {logging_mixin.py:188} INFO - [2026-05-27T04:14:44.864+0000] {dagbag.py:545} INFO - Filling up the DagBag from /opt/airflow/dags/playwright_shopee.py
[2026-05-27T04:14:45.379+0000] {logging_mixin.py:188} INFO - 🌐 Membuka Chromium...
[2026-05-27T04:14:45.622+0000] {logging_mixin.py:188} INFO - 🍪 Inject cookies Shopee...
[2026-05-27T04:14:45.625+0000] {logging_mixin.py:188} INFO - ✅ 16 cookies berhasil diload dari /opt/airflow/dags/shopee_cookies.json
[2026-05-27T04:14:45.750+0000] {logging_mixin.py:188} INFO - 🌍 Membuka Shopee search...
[2026-05-27T04:14:54.462+0000] {logging_mixin.py:188} INFO - 📄 URL   : https://shopee.co.id/search?keyword=msi%20gaming
[2026-05-27T04:14:54.609+0000] {logging_mixin.py:188} INFO - 📄 TITLE : Shopee Indonesia | Situs Belanja Online Terlengkap & Terpercaya
[2026-05-27T04:14:54.781+0000] {logging_mixin.py:188} INFO - ✅ Session valid, mulai scraping...
[2026-05-27T04:14:54.787+0000] {logging_mixin.py:188} INFO - [2026-05-27T04:14:54.787+0000] {logger.py:96} INFO - {"message": "Waiting for suitable server to become available", "selector": "<function writable_server_selector at 0x7fedaae620d0>", "operation": "createIndexes", "topologyDescription": "<TopologyDescription id: 6a166fbe6c39177c3a945054, topology_type: Unknown, servers: [<ServerDescription ('mongodb', 27017) server_type: Unknown, rtt: None>]>", "clientId": {"$oid": "6a166fbe6c39177c3a945054"}, "remainingTimeMS": 29}
[2026-05-27T04:14:54.807+0000] {logging_mixin.py:188} INFO - ✅ Terhubung MongoDB: shopee_raw.products
[2026-05-27T04:14:54.807+0000] {logging_mixin.py:188} INFO - 
=================================
[2026-05-27T04:14:54.808+0000] {logging_mixin.py:188} INFO - 📄 PAGE 1/5
[2026-05-27T04:14:54.808+0000] {logging_mixin.py:188} INFO - =================================
[2026-05-27T04:14:54.809+0000] {logging_mixin.py:188} INFO - 🌍 https://shopee.co.id/search?keyword=msi%20gaming&page=0
[2026-05-27T04:15:02.862+0000] {logging_mixin.py:188} INFO - 🖱️ Scrolling...
[2026-05-27T04:15:14.871+0000] {logging_mixin.py:188} INFO - [2026-05-27T04:15:14.871+0000] {timeout.py:68} ERROR - Process timed out, PID: 25857
[2026-05-27T04:15:45.137+0000] {processor.py:161} INFO - Started process (PID=25997) to work on /opt/airflow/dags/playwright_shopee.py
[2026-05-27T04:15:45.138+0000] {processor.py:830} INFO - Processing file /opt/airflow/dags/playwright_shopee.py for tasks to queue
[2026-05-27T04:15:45.139+0000] {logging_mixin.py:188} INFO - [2026-05-27T04:15:45.139+0000] {dagbag.py:545} INFO - Filling up the DagBag from /opt/airflow/dags/playwright_shopee.py
[2026-05-27T04:15:45.590+0000] {logging_mixin.py:188} INFO - 🌐 Membuka Chromium...
[2026-05-27T04:15:45.832+0000] {logging_mixin.py:188} INFO - 🍪 Inject cookies Shopee...
[2026-05-27T04:15:45.835+0000] {logging_mixin.py:188} INFO - ✅ 16 cookies berhasil diload dari /opt/airflow/dags/shopee_cookies.json
[2026-05-27T04:15:45.934+0000] {logging_mixin.py:188} INFO - 🌍 Membuka Shopee search...
[2026-05-27T04:15:54.510+0000] {logging_mixin.py:188} INFO - 📄 URL   : https://shopee.co.id/search?keyword=msi%20gaming
[2026-05-27T04:15:54.774+0000] {logging_mixin.py:188} INFO - 📄 TITLE : Shopee Indonesia | Situs Belanja Online Terlengkap & Terpercaya
[2026-05-27T04:15:55.597+0000] {logging_mixin.py:188} INFO - ❌ Kena traffic verify — cookies mungkin expired.
[2026-05-27T04:15:55.598+0000] {logging_mixin.py:188} INFO - ⚠️  Export ulang cookies dari Chrome dan update shopee_cookies.json
[2026-05-27T04:15:58.242+0000] {logging_mixin.py:188} INFO - [2026-05-27T04:15:58.240+0000] {dagbag.py:355} ERROR - Failed to import: /opt/airflow/dags/playwright_shopee.py
Traceback (most recent call last):
  File "/home/airflow/.local/lib/python3.8/site-packages/airflow/models/dagbag.py", line 351, in parse
    loader.exec_module(new_module)
  File "<frozen importlib._bootstrap_external>", line 843, in exec_module
  File "<frozen importlib._bootstrap>", line 219, in _call_with_frames_removed
  File "/opt/airflow/dags/playwright_shopee.py", line 218, in <module>
    raise RuntimeError(
RuntimeError: Shopee traffic verify detected. Update shopee_cookies.json dari Cookie-Editor.
[2026-05-27T04:15:58.243+0000] {processor.py:842} WARNING - No viable dags retrieved from /opt/airflow/dags/playwright_shopee.py
[2026-05-27T04:15:58.281+0000] {processor.py:183} INFO - Processing /opt/airflow/dags/playwright_shopee.py took 13.153 seconds
[2026-05-27T04:16:28.777+0000] {processor.py:161} INFO - Started process (PID=26116) to work on /opt/airflow/dags/playwright_shopee.py
[2026-05-27T04:16:28.778+0000] {processor.py:830} INFO - Processing file /opt/airflow/dags/playwright_shopee.py for tasks to queue
[2026-05-27T04:16:28.780+0000] {logging_mixin.py:188} INFO - [2026-05-27T04:16:28.779+0000] {dagbag.py:545} INFO - Filling up the DagBag from /opt/airflow/dags/playwright_shopee.py
[2026-05-27T04:16:29.299+0000] {logging_mixin.py:188} INFO - 🌐 Membuka Chromium...
[2026-05-27T04:16:29.552+0000] {logging_mixin.py:188} INFO - 🍪 Inject cookies Shopee...
[2026-05-27T04:16:29.555+0000] {logging_mixin.py:188} INFO - ✅ 16 cookies berhasil diload dari /opt/airflow/dags/shopee_cookies.json
[2026-05-27T04:16:29.681+0000] {logging_mixin.py:188} INFO - 🌍 Membuka Shopee search...
[2026-05-27T04:16:40.376+0000] {logging_mixin.py:188} INFO - 📄 URL   : https://shopee.co.id/search?keyword=msi%20gaming
[2026-05-27T04:16:40.405+0000] {logging_mixin.py:188} INFO - 📄 TITLE : Shopee Indonesia | Situs Belanja Online Terlengkap & Terpercaya
[2026-05-27T04:16:40.682+0000] {logging_mixin.py:188} INFO - ❌ Cookies tidak valid atau sudah expired.
[2026-05-27T04:16:40.814+0000] {logging_mixin.py:188} INFO - [2026-05-27T04:16:40.813+0000] {dagbag.py:355} ERROR - Failed to import: /opt/airflow/dags/playwright_shopee.py
Traceback (most recent call last):
  File "/home/airflow/.local/lib/python3.8/site-packages/airflow/models/dagbag.py", line 351, in parse
    loader.exec_module(new_module)
  File "<frozen importlib._bootstrap_external>", line 843, in exec_module
  File "<frozen importlib._bootstrap>", line 219, in _call_with_frames_removed
  File "/opt/airflow/dags/playwright_shopee.py", line 228, in <module>
    raise RuntimeError("Cookies tidak valid. Export ulang dari Chrome.")
RuntimeError: Cookies tidak valid. Export ulang dari Chrome.
[2026-05-27T04:16:40.815+0000] {processor.py:842} WARNING - No viable dags retrieved from /opt/airflow/dags/playwright_shopee.py
[2026-05-27T04:16:40.839+0000] {processor.py:183} INFO - Processing /opt/airflow/dags/playwright_shopee.py took 12.069 seconds
[2026-05-27T04:17:11.011+0000] {processor.py:161} INFO - Started process (PID=26247) to work on /opt/airflow/dags/playwright_shopee.py
[2026-05-27T04:17:11.012+0000] {processor.py:830} INFO - Processing file /opt/airflow/dags/playwright_shopee.py for tasks to queue
[2026-05-27T04:17:11.013+0000] {logging_mixin.py:188} INFO - [2026-05-27T04:17:11.013+0000] {dagbag.py:545} INFO - Filling up the DagBag from /opt/airflow/dags/playwright_shopee.py
[2026-05-27T04:17:11.441+0000] {logging_mixin.py:188} INFO - 🌐 Membuka Chromium...
[2026-05-27T04:17:11.667+0000] {logging_mixin.py:188} INFO - 🍪 Inject cookies Shopee...
[2026-05-27T04:17:11.670+0000] {logging_mixin.py:188} INFO - ✅ 16 cookies berhasil diload dari /opt/airflow/dags/shopee_cookies.json
[2026-05-27T04:17:11.791+0000] {logging_mixin.py:188} INFO - 🌍 Membuka Shopee search...
[2026-05-27T04:17:20.856+0000] {logging_mixin.py:188} INFO - 📄 URL   : https://shopee.co.id/search?keyword=msi%20gaming
[2026-05-27T04:17:21.026+0000] {logging_mixin.py:188} INFO - 📄 TITLE : Shopee Indonesia | Situs Belanja Online Terlengkap & Terpercaya
[2026-05-27T04:17:22.469+0000] {logging_mixin.py:188} INFO - ❌ Kena traffic verify — cookies mungkin expired.
[2026-05-27T04:17:22.470+0000] {logging_mixin.py:188} INFO - ⚠️  Export ulang cookies dari Chrome dan update shopee_cookies.json
[2026-05-27T04:17:25.482+0000] {logging_mixin.py:188} INFO - [2026-05-27T04:17:25.480+0000] {dagbag.py:355} ERROR - Failed to import: /opt/airflow/dags/playwright_shopee.py
Traceback (most recent call last):
  File "/home/airflow/.local/lib/python3.8/site-packages/airflow/models/dagbag.py", line 351, in parse
    loader.exec_module(new_module)
  File "<frozen importlib._bootstrap_external>", line 843, in exec_module
  File "<frozen importlib._bootstrap>", line 219, in _call_with_frames_removed
  File "/opt/airflow/dags/playwright_shopee.py", line 218, in <module>
    raise RuntimeError(
RuntimeError: Shopee traffic verify detected. Update shopee_cookies.json dari Cookie-Editor.
[2026-05-27T04:17:25.484+0000] {processor.py:842} WARNING - No viable dags retrieved from /opt/airflow/dags/playwright_shopee.py
[2026-05-27T04:17:25.508+0000] {processor.py:183} INFO - Processing /opt/airflow/dags/playwright_shopee.py took 14.505 seconds
[2026-05-27T04:17:55.707+0000] {processor.py:161} INFO - Started process (PID=26374) to work on /opt/airflow/dags/playwright_shopee.py
[2026-05-27T04:17:55.708+0000] {processor.py:830} INFO - Processing file /opt/airflow/dags/playwright_shopee.py for tasks to queue
[2026-05-27T04:17:55.709+0000] {logging_mixin.py:188} INFO - [2026-05-27T04:17:55.709+0000] {dagbag.py:545} INFO - Filling up the DagBag from /opt/airflow/dags/playwright_shopee.py
[2026-05-27T04:17:56.149+0000] {logging_mixin.py:188} INFO - 🌐 Membuka Chromium...
[2026-05-27T04:17:56.394+0000] {logging_mixin.py:188} INFO - 🍪 Inject cookies Shopee...
[2026-05-27T04:17:56.397+0000] {logging_mixin.py:188} INFO - ✅ 16 cookies berhasil diload dari /opt/airflow/dags/shopee_cookies.json
[2026-05-27T04:17:56.498+0000] {logging_mixin.py:188} INFO - 🌍 Membuka Shopee search...
[2026-05-27T04:18:06.010+0000] {logging_mixin.py:188} INFO - 📄 URL   : https://shopee.co.id/search?keyword=msi%20gaming
[2026-05-27T04:18:06.048+0000] {logging_mixin.py:188} INFO - 📄 TITLE : Shopee Indonesia | Situs Belanja Online Terlengkap & Terpercaya
[2026-05-27T04:18:06.283+0000] {logging_mixin.py:188} INFO - ❌ Cookies tidak valid atau sudah expired.
[2026-05-27T04:18:06.409+0000] {logging_mixin.py:188} INFO - [2026-05-27T04:18:06.408+0000] {dagbag.py:355} ERROR - Failed to import: /opt/airflow/dags/playwright_shopee.py
Traceback (most recent call last):
  File "/home/airflow/.local/lib/python3.8/site-packages/airflow/models/dagbag.py", line 351, in parse
    loader.exec_module(new_module)
  File "<frozen importlib._bootstrap_external>", line 843, in exec_module
  File "<frozen importlib._bootstrap>", line 219, in _call_with_frames_removed
  File "/opt/airflow/dags/playwright_shopee.py", line 228, in <module>
    raise RuntimeError("Cookies tidak valid. Export ulang dari Chrome.")
RuntimeError: Cookies tidak valid. Export ulang dari Chrome.
[2026-05-27T04:18:06.411+0000] {processor.py:842} WARNING - No viable dags retrieved from /opt/airflow/dags/playwright_shopee.py
[2026-05-27T04:18:06.440+0000] {processor.py:183} INFO - Processing /opt/airflow/dags/playwright_shopee.py took 10.738 seconds
[2026-05-27T04:18:37.372+0000] {processor.py:161} INFO - Started process (PID=26492) to work on /opt/airflow/dags/playwright_shopee.py
[2026-05-27T04:18:37.373+0000] {processor.py:830} INFO - Processing file /opt/airflow/dags/playwright_shopee.py for tasks to queue
[2026-05-27T04:18:37.375+0000] {logging_mixin.py:188} INFO - [2026-05-27T04:18:37.374+0000] {dagbag.py:545} INFO - Filling up the DagBag from /opt/airflow/dags/playwright_shopee.py
[2026-05-27T04:18:37.832+0000] {logging_mixin.py:188} INFO - 🌐 Membuka Chromium...
[2026-05-27T04:18:38.047+0000] {logging_mixin.py:188} INFO - 🍪 Inject cookies Shopee...
[2026-05-27T04:18:38.049+0000] {logging_mixin.py:188} INFO - ✅ 16 cookies berhasil diload dari /opt/airflow/dags/shopee_cookies.json
[2026-05-27T04:18:38.138+0000] {logging_mixin.py:188} INFO - 🌍 Membuka Shopee search...
[2026-05-27T04:18:46.938+0000] {logging_mixin.py:188} INFO - 📄 URL   : https://shopee.co.id/search?keyword=msi%20gaming
[2026-05-27T04:18:47.444+0000] {logging_mixin.py:188} INFO - [2026-05-27T04:18:47.442+0000] {dagbag.py:355} ERROR - Failed to import: /opt/airflow/dags/playwright_shopee.py
Traceback (most recent call last):
  File "/home/airflow/.local/lib/python3.8/site-packages/airflow/models/dagbag.py", line 351, in parse
    loader.exec_module(new_module)
  File "<frozen importlib._bootstrap_external>", line 843, in exec_module
  File "<frozen importlib._bootstrap>", line 219, in _call_with_frames_removed
  File "/opt/airflow/dags/playwright_shopee.py", line 208, in <module>
    print("📄 TITLE :", page.title())
  File "/home/airflow/.local/lib/python3.8/site-packages/playwright/sync_api/_generated.py", line 9407, in title
    return mapping.from_maybe_impl(self._sync(self._impl_obj.title()))
  File "/home/airflow/.local/lib/python3.8/site-packages/playwright/_impl/_sync_base.py", line 115, in _sync
    return task.result()
  File "/home/airflow/.local/lib/python3.8/site-packages/playwright/_impl/_page.py", line 742, in title
    return await self._main_frame.title()
  File "/home/airflow/.local/lib/python3.8/site-packages/playwright/_impl/_frame.py", line 776, in title
    return await self._channel.send("title")
  File "/home/airflow/.local/lib/python3.8/site-packages/playwright/_impl/_connection.py", line 59, in send
    return await self._connection.wrap_api_call(
  File "/home/airflow/.local/lib/python3.8/site-packages/playwright/_impl/_connection.py", line 514, in wrap_api_call
    raise rewrite_error(error, f"{parsed_st['apiName']}: {error}") from None
playwright._impl._errors.Error: Page.title: Execution context was destroyed, most likely because of a navigation
[2026-05-27T04:18:47.444+0000] {processor.py:842} WARNING - No viable dags retrieved from /opt/airflow/dags/playwright_shopee.py
[2026-05-27T04:18:47.467+0000] {processor.py:183} INFO - Processing /opt/airflow/dags/playwright_shopee.py took 10.101 seconds
[2026-05-27T04:19:18.054+0000] {processor.py:161} INFO - Started process (PID=26620) to work on /opt/airflow/dags/playwright_shopee.py
[2026-05-27T04:19:18.055+0000] {processor.py:830} INFO - Processing file /opt/airflow/dags/playwright_shopee.py for tasks to queue
[2026-05-27T04:19:18.056+0000] {logging_mixin.py:188} INFO - [2026-05-27T04:19:18.056+0000] {dagbag.py:545} INFO - Filling up the DagBag from /opt/airflow/dags/playwright_shopee.py
[2026-05-27T04:19:18.502+0000] {logging_mixin.py:188} INFO - 🌐 Membuka Chromium...
[2026-05-27T04:19:18.701+0000] {logging_mixin.py:188} INFO - 🍪 Inject cookies Shopee...
[2026-05-27T04:19:18.704+0000] {logging_mixin.py:188} INFO - ✅ 16 cookies berhasil diload dari /opt/airflow/dags/shopee_cookies.json
[2026-05-27T04:19:18.809+0000] {logging_mixin.py:188} INFO - 🌍 Membuka Shopee search...
[2026-05-27T04:19:28.459+0000] {logging_mixin.py:188} INFO - 📄 URL   : https://shopee.co.id/search?keyword=msi%20gaming
[2026-05-27T04:19:28.769+0000] {logging_mixin.py:188} INFO - 📄 TITLE : 
[2026-05-27T04:19:30.737+0000] {logging_mixin.py:188} INFO - ❌ Kena traffic verify — cookies mungkin expired.
[2026-05-27T04:19:30.738+0000] {logging_mixin.py:188} INFO - ⚠️  Export ulang cookies dari Chrome dan update shopee_cookies.json
[2026-05-27T04:19:31.203+0000] {logging_mixin.py:188} INFO - [2026-05-27T04:19:31.202+0000] {dagbag.py:355} ERROR - Failed to import: /opt/airflow/dags/playwright_shopee.py
Traceback (most recent call last):
  File "/home/airflow/.local/lib/python3.8/site-packages/airflow/models/dagbag.py", line 351, in parse
    loader.exec_module(new_module)
  File "<frozen importlib._bootstrap_external>", line 843, in exec_module
  File "<frozen importlib._bootstrap>", line 219, in _call_with_frames_removed
  File "/opt/airflow/dags/playwright_shopee.py", line 218, in <module>
    raise RuntimeError(
RuntimeError: Shopee traffic verify detected. Update shopee_cookies.json dari Cookie-Editor.
[2026-05-27T04:19:31.204+0000] {processor.py:842} WARNING - No viable dags retrieved from /opt/airflow/dags/playwright_shopee.py
[2026-05-27T04:19:31.232+0000] {processor.py:183} INFO - Processing /opt/airflow/dags/playwright_shopee.py took 13.184 seconds
[2026-05-27T04:20:01.677+0000] {processor.py:161} INFO - Started process (PID=26744) to work on /opt/airflow/dags/playwright_shopee.py
[2026-05-27T04:20:01.678+0000] {processor.py:830} INFO - Processing file /opt/airflow/dags/playwright_shopee.py for tasks to queue
[2026-05-27T04:20:01.680+0000] {logging_mixin.py:188} INFO - [2026-05-27T04:20:01.680+0000] {dagbag.py:545} INFO - Filling up the DagBag from /opt/airflow/dags/playwright_shopee.py
[2026-05-27T04:20:02.104+0000] {logging_mixin.py:188} INFO - 🌐 Membuka Chromium...
[2026-05-27T04:20:02.330+0000] {logging_mixin.py:188} INFO - 🍪 Inject cookies Shopee...
[2026-05-27T04:20:02.333+0000] {logging_mixin.py:188} INFO - ✅ 16 cookies berhasil diload dari /opt/airflow/dags/shopee_cookies.json
[2026-05-27T04:20:02.458+0000] {logging_mixin.py:188} INFO - 🌍 Membuka Shopee search...
[2026-05-27T04:20:11.112+0000] {logging_mixin.py:188} INFO - 📄 URL   : https://shopee.co.id/search?keyword=msi%20gaming
[2026-05-27T04:20:11.400+0000] {logging_mixin.py:188} INFO - 📄 TITLE : Shopee Indonesia | Situs Belanja Online Terlengkap & Terpercaya
[2026-05-27T04:20:12.935+0000] {logging_mixin.py:188} INFO - ❌ Kena traffic verify — cookies mungkin expired.
[2026-05-27T04:20:12.937+0000] {logging_mixin.py:188} INFO - ⚠️  Export ulang cookies dari Chrome dan update shopee_cookies.json
[2026-05-27T04:20:15.319+0000] {logging_mixin.py:188} INFO - [2026-05-27T04:20:15.318+0000] {dagbag.py:355} ERROR - Failed to import: /opt/airflow/dags/playwright_shopee.py
Traceback (most recent call last):
  File "/home/airflow/.local/lib/python3.8/site-packages/airflow/models/dagbag.py", line 351, in parse
    loader.exec_module(new_module)
  File "<frozen importlib._bootstrap_external>", line 843, in exec_module
  File "<frozen importlib._bootstrap>", line 219, in _call_with_frames_removed
  File "/opt/airflow/dags/playwright_shopee.py", line 218, in <module>
    raise RuntimeError(
RuntimeError: Shopee traffic verify detected. Update shopee_cookies.json dari Cookie-Editor.
[2026-05-27T04:20:15.320+0000] {processor.py:842} WARNING - No viable dags retrieved from /opt/airflow/dags/playwright_shopee.py
[2026-05-27T04:20:15.356+0000] {processor.py:183} INFO - Processing /opt/airflow/dags/playwright_shopee.py took 13.686 seconds
[2026-05-27T04:20:45.795+0000] {processor.py:161} INFO - Started process (PID=26875) to work on /opt/airflow/dags/playwright_shopee.py
[2026-05-27T04:20:45.796+0000] {processor.py:830} INFO - Processing file /opt/airflow/dags/playwright_shopee.py for tasks to queue
[2026-05-27T04:20:45.798+0000] {logging_mixin.py:188} INFO - [2026-05-27T04:20:45.797+0000] {dagbag.py:545} INFO - Filling up the DagBag from /opt/airflow/dags/playwright_shopee.py
[2026-05-27T04:20:46.214+0000] {logging_mixin.py:188} INFO - 🌐 Membuka Chromium...
[2026-05-27T04:20:46.432+0000] {logging_mixin.py:188} INFO - 🍪 Inject cookies Shopee...
[2026-05-27T04:20:46.435+0000] {logging_mixin.py:188} INFO - ✅ 16 cookies berhasil diload dari /opt/airflow/dags/shopee_cookies.json
[2026-05-27T04:20:46.536+0000] {logging_mixin.py:188} INFO - 🌍 Membuka Shopee search...
[2026-05-27T04:20:53.357+0000] {logging_mixin.py:188} INFO - 📄 URL   : https://shopee.co.id/search?keyword=msi%20gaming
[2026-05-27T04:20:53.587+0000] {logging_mixin.py:188} INFO - 📄 TITLE : Shopee Indonesia | Situs Belanja Online Terlengkap & Terpercaya
[2026-05-27T04:20:54.118+0000] {logging_mixin.py:188} INFO - ❌ Cookies tidak valid atau sudah expired.
[2026-05-27T04:20:54.224+0000] {logging_mixin.py:188} INFO - [2026-05-27T04:20:54.223+0000] {dagbag.py:355} ERROR - Failed to import: /opt/airflow/dags/playwright_shopee.py
Traceback (most recent call last):
  File "/home/airflow/.local/lib/python3.8/site-packages/airflow/models/dagbag.py", line 351, in parse
    loader.exec_module(new_module)
  File "<frozen importlib._bootstrap_external>", line 843, in exec_module
  File "<frozen importlib._bootstrap>", line 219, in _call_with_frames_removed
  File "/opt/airflow/dags/playwright_shopee.py", line 228, in <module>
    raise RuntimeError("Cookies tidak valid. Export ulang dari Chrome.")
RuntimeError: Cookies tidak valid. Export ulang dari Chrome.
[2026-05-27T04:20:54.226+0000] {processor.py:842} WARNING - No viable dags retrieved from /opt/airflow/dags/playwright_shopee.py
[2026-05-27T04:20:54.248+0000] {processor.py:183} INFO - Processing /opt/airflow/dags/playwright_shopee.py took 8.461 seconds
[2026-05-27T04:21:24.378+0000] {processor.py:161} INFO - Started process (PID=26994) to work on /opt/airflow/dags/playwright_shopee.py
[2026-05-27T04:21:24.379+0000] {processor.py:830} INFO - Processing file /opt/airflow/dags/playwright_shopee.py for tasks to queue
[2026-05-27T04:21:24.381+0000] {logging_mixin.py:188} INFO - [2026-05-27T04:21:24.381+0000] {dagbag.py:545} INFO - Filling up the DagBag from /opt/airflow/dags/playwright_shopee.py
[2026-05-27T04:21:24.807+0000] {logging_mixin.py:188} INFO - 🌐 Membuka Chromium...
[2026-05-27T04:21:25.061+0000] {logging_mixin.py:188} INFO - 🍪 Inject cookies Shopee...
[2026-05-27T04:21:25.064+0000] {logging_mixin.py:188} INFO - ✅ 16 cookies berhasil diload dari /opt/airflow/dags/shopee_cookies.json
[2026-05-27T04:21:25.164+0000] {logging_mixin.py:188} INFO - 🌍 Membuka Shopee search...
[2026-05-27T04:21:34.976+0000] {logging_mixin.py:188} INFO - 📄 URL   : https://shopee.co.id/search?keyword=msi%20gaming
[2026-05-27T04:21:35.035+0000] {logging_mixin.py:188} INFO - 📄 TITLE : Shopee Indonesia | Situs Belanja Online Terlengkap & Terpercaya
[2026-05-27T04:21:36.443+0000] {logging_mixin.py:188} INFO - ❌ Kena traffic verify — cookies mungkin expired.
[2026-05-27T04:21:36.444+0000] {logging_mixin.py:188} INFO - ⚠️  Export ulang cookies dari Chrome dan update shopee_cookies.json
[2026-05-27T04:21:39.468+0000] {logging_mixin.py:188} INFO - [2026-05-27T04:21:39.462+0000] {dagbag.py:355} ERROR - Failed to import: /opt/airflow/dags/playwright_shopee.py
Traceback (most recent call last):
  File "/home/airflow/.local/lib/python3.8/site-packages/airflow/models/dagbag.py", line 351, in parse
    loader.exec_module(new_module)
  File "<frozen importlib._bootstrap_external>", line 843, in exec_module
  File "<frozen importlib._bootstrap>", line 219, in _call_with_frames_removed
  File "/opt/airflow/dags/playwright_shopee.py", line 218, in <module>
    raise RuntimeError(
RuntimeError: Shopee traffic verify detected. Update shopee_cookies.json dari Cookie-Editor.
[2026-05-27T04:21:39.474+0000] {processor.py:842} WARNING - No viable dags retrieved from /opt/airflow/dags/playwright_shopee.py
[2026-05-27T04:21:39.585+0000] {processor.py:183} INFO - Processing /opt/airflow/dags/playwright_shopee.py took 15.214 seconds
[2026-05-27T04:22:10.052+0000] {processor.py:161} INFO - Started process (PID=27115) to work on /opt/airflow/dags/playwright_shopee.py
[2026-05-27T04:22:10.053+0000] {processor.py:830} INFO - Processing file /opt/airflow/dags/playwright_shopee.py for tasks to queue
[2026-05-27T04:22:10.055+0000] {logging_mixin.py:188} INFO - [2026-05-27T04:22:10.055+0000] {dagbag.py:545} INFO - Filling up the DagBag from /opt/airflow/dags/playwright_shopee.py
[2026-05-27T04:22:10.480+0000] {logging_mixin.py:188} INFO - 🌐 Membuka Chromium...
[2026-05-27T04:22:10.696+0000] {logging_mixin.py:188} INFO - 🍪 Inject cookies Shopee...
[2026-05-27T04:22:10.699+0000] {logging_mixin.py:188} INFO - ✅ 16 cookies berhasil diload dari /opt/airflow/dags/shopee_cookies.json
[2026-05-27T04:22:10.798+0000] {logging_mixin.py:188} INFO - 🌍 Membuka Shopee search...
[2026-05-27T04:22:20.027+0000] {logging_mixin.py:188} INFO - 📄 URL   : https://shopee.co.id/search?keyword=msi%20gaming
[2026-05-27T04:22:20.096+0000] {logging_mixin.py:188} INFO - 📄 TITLE : Shopee Indonesia | Situs Belanja Online Terlengkap & Terpercaya
[2026-05-27T04:22:20.519+0000] {logging_mixin.py:188} INFO - ✅ Session valid, mulai scraping...
[2026-05-27T04:22:20.526+0000] {logging_mixin.py:188} INFO - [2026-05-27T04:22:20.525+0000] {logger.py:96} INFO - {"message": "Waiting for suitable server to become available", "selector": "<function writable_server_selector at 0x7fedaae67160>", "operation": "createIndexes", "topologyDescription": "<TopologyDescription id: 6a16717c0db20179b8e47e5d, topology_type: Unknown, servers: [<ServerDescription ('mongodb', 27017) server_type: Unknown, rtt: None>]>", "clientId": {"$oid": "6a16717c0db20179b8e47e5d"}, "remainingTimeMS": 29}
[2026-05-27T04:22:20.543+0000] {logging_mixin.py:188} INFO - ✅ Terhubung MongoDB: shopee_raw.products
[2026-05-27T04:22:20.544+0000] {logging_mixin.py:188} INFO - 
=================================
[2026-05-27T04:22:20.544+0000] {logging_mixin.py:188} INFO - 📄 PAGE 1/5
[2026-05-27T04:22:20.545+0000] {logging_mixin.py:188} INFO - =================================
[2026-05-27T04:22:20.545+0000] {logging_mixin.py:188} INFO - 🌍 https://shopee.co.id/search?keyword=msi%20gaming&page=0
[2026-05-27T04:22:27.896+0000] {logging_mixin.py:188} INFO - 🖱️ Scrolling...
[2026-05-27T04:22:40.060+0000] {logging_mixin.py:188} INFO - [2026-05-27T04:22:40.060+0000] {timeout.py:68} ERROR - Process timed out, PID: 27115
[2026-05-27T04:23:10.437+0000] {processor.py:161} INFO - Started process (PID=27260) to work on /opt/airflow/dags/playwright_shopee.py
[2026-05-27T04:23:10.438+0000] {processor.py:830} INFO - Processing file /opt/airflow/dags/playwright_shopee.py for tasks to queue
[2026-05-27T04:23:10.441+0000] {logging_mixin.py:188} INFO - [2026-05-27T04:23:10.440+0000] {dagbag.py:545} INFO - Filling up the DagBag from /opt/airflow/dags/playwright_shopee.py
[2026-05-27T04:23:10.895+0000] {logging_mixin.py:188} INFO - 🌐 Membuka Chromium...
[2026-05-27T04:23:11.082+0000] {logging_mixin.py:188} INFO - 🍪 Inject cookies Shopee...
[2026-05-27T04:23:11.085+0000] {logging_mixin.py:188} INFO - ✅ 16 cookies berhasil diload dari /opt/airflow/dags/shopee_cookies.json
[2026-05-27T04:23:11.183+0000] {logging_mixin.py:188} INFO - 🌍 Membuka Shopee search...
[2026-05-27T04:23:17.716+0000] {logging_mixin.py:188} INFO - 📄 URL   : https://shopee.co.id/search?keyword=msi%20gaming
[2026-05-27T04:23:17.974+0000] {logging_mixin.py:188} INFO - 📄 TITLE : Shopee Indonesia | Situs Belanja Online Terlengkap & Terpercaya
[2026-05-27T04:23:18.300+0000] {logging_mixin.py:188} INFO - ❌ Cookies tidak valid atau sudah expired.
[2026-05-27T04:23:18.395+0000] {logging_mixin.py:188} INFO - [2026-05-27T04:23:18.394+0000] {dagbag.py:355} ERROR - Failed to import: /opt/airflow/dags/playwright_shopee.py
Traceback (most recent call last):
  File "/home/airflow/.local/lib/python3.8/site-packages/airflow/models/dagbag.py", line 351, in parse
    loader.exec_module(new_module)
  File "<frozen importlib._bootstrap_external>", line 843, in exec_module
  File "<frozen importlib._bootstrap>", line 219, in _call_with_frames_removed
  File "/opt/airflow/dags/playwright_shopee.py", line 228, in <module>
    raise RuntimeError("Cookies tidak valid. Export ulang dari Chrome.")
RuntimeError: Cookies tidak valid. Export ulang dari Chrome.
[2026-05-27T04:23:18.397+0000] {processor.py:842} WARNING - No viable dags retrieved from /opt/airflow/dags/playwright_shopee.py
[2026-05-27T04:23:18.433+0000] {processor.py:183} INFO - Processing /opt/airflow/dags/playwright_shopee.py took 8.004 seconds
[2026-05-27T04:23:48.522+0000] {processor.py:161} INFO - Started process (PID=27392) to work on /opt/airflow/dags/playwright_shopee.py
[2026-05-27T04:23:48.522+0000] {processor.py:830} INFO - Processing file /opt/airflow/dags/playwright_shopee.py for tasks to queue
[2026-05-27T04:23:48.524+0000] {logging_mixin.py:188} INFO - [2026-05-27T04:23:48.524+0000] {dagbag.py:545} INFO - Filling up the DagBag from /opt/airflow/dags/playwright_shopee.py
[2026-05-27T04:23:48.940+0000] {logging_mixin.py:188} INFO - 🌐 Membuka Chromium...
[2026-05-27T04:23:49.157+0000] {logging_mixin.py:188} INFO - 🍪 Inject cookies Shopee...
[2026-05-27T04:23:49.160+0000] {logging_mixin.py:188} INFO - ✅ 16 cookies berhasil diload dari /opt/airflow/dags/shopee_cookies.json
[2026-05-27T04:23:49.275+0000] {logging_mixin.py:188} INFO - 🌍 Membuka Shopee search...
[2026-05-27T04:23:56.950+0000] {logging_mixin.py:188} INFO - 📄 URL   : https://shopee.co.id/search?keyword=msi%20gaming
[2026-05-27T04:23:57.102+0000] {logging_mixin.py:188} INFO - 📄 TITLE : Shopee Indonesia | Situs Belanja Online Terlengkap & Terpercaya
[2026-05-27T04:23:57.358+0000] {logging_mixin.py:188} INFO - ❌ Cookies tidak valid atau sudah expired.
[2026-05-27T04:23:57.471+0000] {logging_mixin.py:188} INFO - [2026-05-27T04:23:57.470+0000] {dagbag.py:355} ERROR - Failed to import: /opt/airflow/dags/playwright_shopee.py
Traceback (most recent call last):
  File "/home/airflow/.local/lib/python3.8/site-packages/airflow/models/dagbag.py", line 351, in parse
    loader.exec_module(new_module)
  File "<frozen importlib._bootstrap_external>", line 843, in exec_module
  File "<frozen importlib._bootstrap>", line 219, in _call_with_frames_removed
  File "/opt/airflow/dags/playwright_shopee.py", line 228, in <module>
    raise RuntimeError("Cookies tidak valid. Export ulang dari Chrome.")
RuntimeError: Cookies tidak valid. Export ulang dari Chrome.
[2026-05-27T04:23:57.472+0000] {processor.py:842} WARNING - No viable dags retrieved from /opt/airflow/dags/playwright_shopee.py
[2026-05-27T04:23:57.511+0000] {processor.py:183} INFO - Processing /opt/airflow/dags/playwright_shopee.py took 8.997 seconds
[2026-05-27T04:24:28.195+0000] {processor.py:161} INFO - Started process (PID=27513) to work on /opt/airflow/dags/playwright_shopee.py
[2026-05-27T04:24:28.196+0000] {processor.py:830} INFO - Processing file /opt/airflow/dags/playwright_shopee.py for tasks to queue
[2026-05-27T04:24:28.198+0000] {logging_mixin.py:188} INFO - [2026-05-27T04:24:28.198+0000] {dagbag.py:545} INFO - Filling up the DagBag from /opt/airflow/dags/playwright_shopee.py
[2026-05-27T04:24:28.656+0000] {logging_mixin.py:188} INFO - 🌐 Membuka Chromium...
[2026-05-27T04:24:28.841+0000] {logging_mixin.py:188} INFO - 🍪 Inject cookies Shopee...
[2026-05-27T04:24:28.844+0000] {logging_mixin.py:188} INFO - ✅ 16 cookies berhasil diload dari /opt/airflow/dags/shopee_cookies.json
[2026-05-27T04:24:28.968+0000] {logging_mixin.py:188} INFO - 🌍 Membuka Shopee search...
[2026-05-27T04:24:36.611+0000] {logging_mixin.py:188} INFO - 📄 URL   : https://shopee.co.id/search?keyword=msi%20gaming
[2026-05-27T04:24:37.147+0000] {logging_mixin.py:188} INFO - 📄 TITLE : Shopee Indonesia | Situs Belanja Online Terlengkap & Terpercaya
[2026-05-27T04:24:37.729+0000] {logging_mixin.py:188} INFO - ❌ Cookies tidak valid atau sudah expired.
[2026-05-27T04:24:37.838+0000] {logging_mixin.py:188} INFO - [2026-05-27T04:24:37.837+0000] {dagbag.py:355} ERROR - Failed to import: /opt/airflow/dags/playwright_shopee.py
Traceback (most recent call last):
  File "/home/airflow/.local/lib/python3.8/site-packages/airflow/models/dagbag.py", line 351, in parse
    loader.exec_module(new_module)
  File "<frozen importlib._bootstrap_external>", line 843, in exec_module
  File "<frozen importlib._bootstrap>", line 219, in _call_with_frames_removed
  File "/opt/airflow/dags/playwright_shopee.py", line 228, in <module>
    raise RuntimeError("Cookies tidak valid. Export ulang dari Chrome.")
RuntimeError: Cookies tidak valid. Export ulang dari Chrome.
[2026-05-27T04:24:37.839+0000] {processor.py:842} WARNING - No viable dags retrieved from /opt/airflow/dags/playwright_shopee.py
[2026-05-27T04:24:37.873+0000] {processor.py:183} INFO - Processing /opt/airflow/dags/playwright_shopee.py took 9.684 seconds
[2026-05-27T04:25:08.842+0000] {processor.py:161} INFO - Started process (PID=27632) to work on /opt/airflow/dags/playwright_shopee.py
[2026-05-27T04:25:08.843+0000] {processor.py:830} INFO - Processing file /opt/airflow/dags/playwright_shopee.py for tasks to queue
[2026-05-27T04:25:08.845+0000] {logging_mixin.py:188} INFO - [2026-05-27T04:25:08.845+0000] {dagbag.py:545} INFO - Filling up the DagBag from /opt/airflow/dags/playwright_shopee.py
[2026-05-27T04:25:09.402+0000] {logging_mixin.py:188} INFO - 🌐 Membuka Chromium...
[2026-05-27T04:25:09.643+0000] {logging_mixin.py:188} INFO - 🍪 Inject cookies Shopee...
[2026-05-27T04:25:09.646+0000] {logging_mixin.py:188} INFO - ✅ 16 cookies berhasil diload dari /opt/airflow/dags/shopee_cookies.json
[2026-05-27T04:25:09.790+0000] {logging_mixin.py:188} INFO - 🌍 Membuka Shopee search...
[2026-05-27T04:25:19.208+0000] {logging_mixin.py:188} INFO - 📄 URL   : https://shopee.co.id/search?keyword=msi%20gaming
[2026-05-27T04:25:19.240+0000] {logging_mixin.py:188} INFO - 📄 TITLE : Shopee Indonesia | Situs Belanja Online Terlengkap & Terpercaya
[2026-05-27T04:25:19.462+0000] {logging_mixin.py:188} INFO - ❌ Cookies tidak valid atau sudah expired.
[2026-05-27T04:25:19.579+0000] {logging_mixin.py:188} INFO - [2026-05-27T04:25:19.577+0000] {dagbag.py:355} ERROR - Failed to import: /opt/airflow/dags/playwright_shopee.py
Traceback (most recent call last):
  File "/home/airflow/.local/lib/python3.8/site-packages/airflow/models/dagbag.py", line 351, in parse
    loader.exec_module(new_module)
  File "<frozen importlib._bootstrap_external>", line 843, in exec_module
  File "<frozen importlib._bootstrap>", line 219, in _call_with_frames_removed
  File "/opt/airflow/dags/playwright_shopee.py", line 228, in <module>
    raise RuntimeError("Cookies tidak valid. Export ulang dari Chrome.")
RuntimeError: Cookies tidak valid. Export ulang dari Chrome.
[2026-05-27T04:25:19.580+0000] {processor.py:842} WARNING - No viable dags retrieved from /opt/airflow/dags/playwright_shopee.py
[2026-05-27T04:25:19.617+0000] {processor.py:183} INFO - Processing /opt/airflow/dags/playwright_shopee.py took 10.781 seconds
[2026-05-27T04:25:50.174+0000] {processor.py:161} INFO - Started process (PID=27763) to work on /opt/airflow/dags/playwright_shopee.py
[2026-05-27T04:25:50.175+0000] {processor.py:830} INFO - Processing file /opt/airflow/dags/playwright_shopee.py for tasks to queue
[2026-05-27T04:25:50.177+0000] {logging_mixin.py:188} INFO - [2026-05-27T04:25:50.176+0000] {dagbag.py:545} INFO - Filling up the DagBag from /opt/airflow/dags/playwright_shopee.py
[2026-05-27T04:25:50.656+0000] {logging_mixin.py:188} INFO - 🌐 Membuka Chromium...
[2026-05-27T04:25:50.925+0000] {logging_mixin.py:188} INFO - 🍪 Inject cookies Shopee...
[2026-05-27T04:25:50.928+0000] {logging_mixin.py:188} INFO - ✅ 16 cookies berhasil diload dari /opt/airflow/dags/shopee_cookies.json
[2026-05-27T04:25:51.036+0000] {logging_mixin.py:188} INFO - 🌍 Membuka Shopee search...
[2026-05-27T04:25:58.385+0000] {logging_mixin.py:188} INFO - 📄 URL   : https://shopee.co.id/search?keyword=msi%20gaming
[2026-05-27T04:25:58.987+0000] {logging_mixin.py:188} INFO - 📄 TITLE : Shopee Indonesia | Situs Belanja Online Terlengkap & Terpercaya
[2026-05-27T04:25:59.401+0000] {logging_mixin.py:188} INFO - ❌ Cookies tidak valid atau sudah expired.
[2026-05-27T04:25:59.503+0000] {logging_mixin.py:188} INFO - [2026-05-27T04:25:59.502+0000] {dagbag.py:355} ERROR - Failed to import: /opt/airflow/dags/playwright_shopee.py
Traceback (most recent call last):
  File "/home/airflow/.local/lib/python3.8/site-packages/airflow/models/dagbag.py", line 351, in parse
    loader.exec_module(new_module)
  File "<frozen importlib._bootstrap_external>", line 843, in exec_module
  File "<frozen importlib._bootstrap>", line 219, in _call_with_frames_removed
  File "/opt/airflow/dags/playwright_shopee.py", line 228, in <module>
    raise RuntimeError("Cookies tidak valid. Export ulang dari Chrome.")
RuntimeError: Cookies tidak valid. Export ulang dari Chrome.
[2026-05-27T04:25:59.505+0000] {processor.py:842} WARNING - No viable dags retrieved from /opt/airflow/dags/playwright_shopee.py
[2026-05-27T04:25:59.529+0000] {processor.py:183} INFO - Processing /opt/airflow/dags/playwright_shopee.py took 9.364 seconds
[2026-05-27T04:26:29.773+0000] {processor.py:161} INFO - Started process (PID=27884) to work on /opt/airflow/dags/playwright_shopee.py
[2026-05-27T04:26:29.774+0000] {processor.py:830} INFO - Processing file /opt/airflow/dags/playwright_shopee.py for tasks to queue
[2026-05-27T04:26:29.775+0000] {logging_mixin.py:188} INFO - [2026-05-27T04:26:29.775+0000] {dagbag.py:545} INFO - Filling up the DagBag from /opt/airflow/dags/playwright_shopee.py
[2026-05-27T04:26:30.202+0000] {logging_mixin.py:188} INFO - 🌐 Membuka Chromium...
[2026-05-27T04:26:30.425+0000] {logging_mixin.py:188} INFO - 🍪 Inject cookies Shopee...
[2026-05-27T04:26:30.427+0000] {logging_mixin.py:188} INFO - ✅ 16 cookies berhasil diload dari /opt/airflow/dags/shopee_cookies.json
[2026-05-27T04:26:30.526+0000] {logging_mixin.py:188} INFO - 🌍 Membuka Shopee search...
[2026-05-27T04:26:39.762+0000] {logging_mixin.py:188} INFO - 📄 URL   : https://shopee.co.id/search?keyword=msi%20gaming
[2026-05-27T04:26:40.737+0000] {logging_mixin.py:188} INFO - 📄 TITLE : Jual msi gaming Harga Terbaik & Termurah Mei 2026 | Shopee Indonesia
[2026-05-27T04:26:43.312+0000] {logging_mixin.py:188} INFO - ❌ Kena traffic verify — cookies mungkin expired.
[2026-05-27T04:26:43.312+0000] {logging_mixin.py:188} INFO - ⚠️  Export ulang cookies dari Chrome dan update shopee_cookies.json
[2026-05-27T04:26:46.662+0000] {logging_mixin.py:188} INFO - [2026-05-27T04:26:46.660+0000] {dagbag.py:355} ERROR - Failed to import: /opt/airflow/dags/playwright_shopee.py
Traceback (most recent call last):
  File "/home/airflow/.local/lib/python3.8/site-packages/airflow/models/dagbag.py", line 351, in parse
    loader.exec_module(new_module)
  File "<frozen importlib._bootstrap_external>", line 843, in exec_module
  File "<frozen importlib._bootstrap>", line 219, in _call_with_frames_removed
  File "/opt/airflow/dags/playwright_shopee.py", line 218, in <module>
    raise RuntimeError(
RuntimeError: Shopee traffic verify detected. Update shopee_cookies.json dari Cookie-Editor.
[2026-05-27T04:26:46.663+0000] {processor.py:842} WARNING - No viable dags retrieved from /opt/airflow/dags/playwright_shopee.py
[2026-05-27T04:26:46.689+0000] {processor.py:183} INFO - Processing /opt/airflow/dags/playwright_shopee.py took 16.922 seconds
[2026-05-27T04:27:17.343+0000] {processor.py:161} INFO - Started process (PID=28002) to work on /opt/airflow/dags/playwright_shopee.py
[2026-05-27T04:27:17.344+0000] {processor.py:830} INFO - Processing file /opt/airflow/dags/playwright_shopee.py for tasks to queue
[2026-05-27T04:27:17.345+0000] {logging_mixin.py:188} INFO - [2026-05-27T04:27:17.345+0000] {dagbag.py:545} INFO - Filling up the DagBag from /opt/airflow/dags/playwright_shopee.py
[2026-05-27T04:27:17.872+0000] {logging_mixin.py:188} INFO - 🌐 Membuka Chromium...
[2026-05-27T04:27:18.075+0000] {logging_mixin.py:188} INFO - 🍪 Inject cookies Shopee...
[2026-05-27T04:27:18.077+0000] {logging_mixin.py:188} INFO - ✅ 16 cookies berhasil diload dari /opt/airflow/dags/shopee_cookies.json
[2026-05-27T04:27:18.183+0000] {logging_mixin.py:188} INFO - 🌍 Membuka Shopee search...
[2026-05-27T04:27:27.156+0000] {logging_mixin.py:188} INFO - 📄 URL   : https://shopee.co.id/search?keyword=msi%20gaming
[2026-05-27T04:27:27.205+0000] {logging_mixin.py:188} INFO - 📄 TITLE : Shopee Indonesia | Situs Belanja Online Terlengkap & Terpercaya
[2026-05-27T04:27:29.109+0000] {logging_mixin.py:188} INFO - [2026-05-27T04:27:29.108+0000] {dagbag.py:355} ERROR - Failed to import: /opt/airflow/dags/playwright_shopee.py
Traceback (most recent call last):
  File "/home/airflow/.local/lib/python3.8/site-packages/airflow/models/dagbag.py", line 351, in parse
    loader.exec_module(new_module)
  File "<frozen importlib._bootstrap_external>", line 843, in exec_module
  File "<frozen importlib._bootstrap>", line 219, in _call_with_frames_removed
  File "/opt/airflow/dags/playwright_shopee.py", line 224, in <module>
    content = page.content()
  File "/home/airflow/.local/lib/python3.8/site-packages/playwright/sync_api/_generated.py", line 8582, in content
    return mapping.from_maybe_impl(self._sync(self._impl_obj.content()))
  File "/home/airflow/.local/lib/python3.8/site-packages/playwright/_impl/_sync_base.py", line 115, in _sync
    return task.result()
  File "/home/airflow/.local/lib/python3.8/site-packages/playwright/_impl/_page.py", line 502, in content
    return await self._main_frame.content()
  File "/home/airflow/.local/lib/python3.8/site-packages/playwright/_impl/_frame.py", line 416, in content
    return await self._channel.send("content")
  File "/home/airflow/.local/lib/python3.8/site-packages/playwright/_impl/_connection.py", line 59, in send
    return await self._connection.wrap_api_call(
  File "/home/airflow/.local/lib/python3.8/site-packages/playwright/_impl/_connection.py", line 514, in wrap_api_call
    raise rewrite_error(error, f"{parsed_st['apiName']}: {error}") from None
playwright._impl._errors.Error: Page.content: Unable to retrieve content because the page is navigating and changing the content.
[2026-05-27T04:27:29.110+0000] {processor.py:842} WARNING - No viable dags retrieved from /opt/airflow/dags/playwright_shopee.py
[2026-05-27T04:27:29.152+0000] {processor.py:183} INFO - Processing /opt/airflow/dags/playwright_shopee.py took 11.818 seconds
[2026-05-27T04:27:59.523+0000] {processor.py:161} INFO - Started process (PID=28130) to work on /opt/airflow/dags/playwright_shopee.py
[2026-05-27T04:27:59.524+0000] {processor.py:830} INFO - Processing file /opt/airflow/dags/playwright_shopee.py for tasks to queue
[2026-05-27T04:27:59.526+0000] {logging_mixin.py:188} INFO - [2026-05-27T04:27:59.526+0000] {dagbag.py:545} INFO - Filling up the DagBag from /opt/airflow/dags/playwright_shopee.py
[2026-05-27T04:27:59.954+0000] {logging_mixin.py:188} INFO - 🌐 Membuka Chromium...
[2026-05-27T04:28:00.166+0000] {logging_mixin.py:188} INFO - 🍪 Inject cookies Shopee...
[2026-05-27T04:28:00.170+0000] {logging_mixin.py:188} INFO - ✅ 16 cookies berhasil diload dari /opt/airflow/dags/shopee_cookies.json
[2026-05-27T04:28:00.289+0000] {logging_mixin.py:188} INFO - 🌍 Membuka Shopee search...
[2026-05-27T04:28:10.260+0000] {logging_mixin.py:188} INFO - 📄 URL   : https://shopee.co.id/search?keyword=msi%20gaming
[2026-05-27T04:28:10.312+0000] {logging_mixin.py:188} INFO - 📄 TITLE : Shopee Indonesia | Situs Belanja Online Terlengkap & Terpercaya
[2026-05-27T04:28:10.546+0000] {logging_mixin.py:188} INFO - ❌ Cookies tidak valid atau sudah expired.
[2026-05-27T04:28:10.671+0000] {logging_mixin.py:188} INFO - [2026-05-27T04:28:10.670+0000] {dagbag.py:355} ERROR - Failed to import: /opt/airflow/dags/playwright_shopee.py
Traceback (most recent call last):
  File "/home/airflow/.local/lib/python3.8/site-packages/airflow/models/dagbag.py", line 351, in parse
    loader.exec_module(new_module)
  File "<frozen importlib._bootstrap_external>", line 843, in exec_module
  File "<frozen importlib._bootstrap>", line 219, in _call_with_frames_removed
  File "/opt/airflow/dags/playwright_shopee.py", line 228, in <module>
    raise RuntimeError("Cookies tidak valid. Export ulang dari Chrome.")
RuntimeError: Cookies tidak valid. Export ulang dari Chrome.
[2026-05-27T04:28:10.673+0000] {processor.py:842} WARNING - No viable dags retrieved from /opt/airflow/dags/playwright_shopee.py
[2026-05-27T04:28:10.707+0000] {processor.py:183} INFO - Processing /opt/airflow/dags/playwright_shopee.py took 11.189 seconds
[2026-05-27T04:28:41.220+0000] {processor.py:161} INFO - Started process (PID=28249) to work on /opt/airflow/dags/playwright_shopee.py
[2026-05-27T04:28:41.221+0000] {processor.py:830} INFO - Processing file /opt/airflow/dags/playwright_shopee.py for tasks to queue
[2026-05-27T04:28:41.224+0000] {logging_mixin.py:188} INFO - [2026-05-27T04:28:41.224+0000] {dagbag.py:545} INFO - Filling up the DagBag from /opt/airflow/dags/playwright_shopee.py
[2026-05-27T04:28:41.707+0000] {logging_mixin.py:188} INFO - 🌐 Membuka Chromium...
[2026-05-27T04:28:41.904+0000] {logging_mixin.py:188} INFO - 🍪 Inject cookies Shopee...
[2026-05-27T04:28:41.907+0000] {logging_mixin.py:188} INFO - ✅ 16 cookies berhasil diload dari /opt/airflow/dags/shopee_cookies.json
[2026-05-27T04:28:42.010+0000] {logging_mixin.py:188} INFO - 🌍 Membuka Shopee search...
[2026-05-27T04:28:51.437+0000] {logging_mixin.py:188} INFO - 📄 URL   : https://shopee.co.id/search?keyword=msi%20gaming
[2026-05-27T04:28:51.707+0000] {logging_mixin.py:188} INFO - 📄 TITLE : Jual msi gaming Harga Terbaik & Termurah Mei 2026 | Shopee Indonesia
[2026-05-27T04:28:52.555+0000] {logging_mixin.py:188} INFO - ❌ Kena traffic verify — cookies mungkin expired.
[2026-05-27T04:28:52.556+0000] {logging_mixin.py:188} INFO - ⚠️  Export ulang cookies dari Chrome dan update shopee_cookies.json
[2026-05-27T04:28:55.712+0000] {logging_mixin.py:188} INFO - [2026-05-27T04:28:55.710+0000] {dagbag.py:355} ERROR - Failed to import: /opt/airflow/dags/playwright_shopee.py
Traceback (most recent call last):
  File "/home/airflow/.local/lib/python3.8/site-packages/airflow/models/dagbag.py", line 351, in parse
    loader.exec_module(new_module)
  File "<frozen importlib._bootstrap_external>", line 843, in exec_module
  File "<frozen importlib._bootstrap>", line 219, in _call_with_frames_removed
  File "/opt/airflow/dags/playwright_shopee.py", line 218, in <module>
    raise RuntimeError(
RuntimeError: Shopee traffic verify detected. Update shopee_cookies.json dari Cookie-Editor.
[2026-05-27T04:28:55.713+0000] {processor.py:842} WARNING - No viable dags retrieved from /opt/airflow/dags/playwright_shopee.py
[2026-05-27T04:28:55.739+0000] {processor.py:183} INFO - Processing /opt/airflow/dags/playwright_shopee.py took 14.530 seconds
[2026-05-27T04:29:26.234+0000] {processor.py:161} INFO - Started process (PID=28380) to work on /opt/airflow/dags/playwright_shopee.py
[2026-05-27T04:29:26.235+0000] {processor.py:830} INFO - Processing file /opt/airflow/dags/playwright_shopee.py for tasks to queue
[2026-05-27T04:29:26.237+0000] {logging_mixin.py:188} INFO - [2026-05-27T04:29:26.236+0000] {dagbag.py:545} INFO - Filling up the DagBag from /opt/airflow/dags/playwright_shopee.py
[2026-05-27T04:29:26.704+0000] {logging_mixin.py:188} INFO - 🌐 Membuka Chromium...
[2026-05-27T04:29:26.900+0000] {logging_mixin.py:188} INFO - 🍪 Inject cookies Shopee...
[2026-05-27T04:29:26.903+0000] {logging_mixin.py:188} INFO - ✅ 16 cookies berhasil diload dari /opt/airflow/dags/shopee_cookies.json
[2026-05-27T04:29:26.998+0000] {logging_mixin.py:188} INFO - 🌍 Membuka Shopee search...
[2026-05-27T04:29:37.453+0000] {logging_mixin.py:188} INFO - 📄 URL   : https://shopee.co.id/search?keyword=msi%20gaming
[2026-05-27T04:29:37.511+0000] {logging_mixin.py:188} INFO - 📄 TITLE : 
[2026-05-27T04:29:39.852+0000] {logging_mixin.py:188} INFO - ❌ Kena traffic verify — cookies mungkin expired.
[2026-05-27T04:29:39.853+0000] {logging_mixin.py:188} INFO - ⚠️  Export ulang cookies dari Chrome dan update shopee_cookies.json
[2026-05-27T04:29:40.272+0000] {logging_mixin.py:188} INFO - [2026-05-27T04:29:40.271+0000] {dagbag.py:355} ERROR - Failed to import: /opt/airflow/dags/playwright_shopee.py
Traceback (most recent call last):
  File "/home/airflow/.local/lib/python3.8/site-packages/airflow/models/dagbag.py", line 351, in parse
    loader.exec_module(new_module)
  File "<frozen importlib._bootstrap_external>", line 843, in exec_module
  File "<frozen importlib._bootstrap>", line 219, in _call_with_frames_removed
  File "/opt/airflow/dags/playwright_shopee.py", line 218, in <module>
    raise RuntimeError(
RuntimeError: Shopee traffic verify detected. Update shopee_cookies.json dari Cookie-Editor.
[2026-05-27T04:29:40.273+0000] {processor.py:842} WARNING - No viable dags retrieved from /opt/airflow/dags/playwright_shopee.py
[2026-05-27T04:29:40.297+0000] {processor.py:183} INFO - Processing /opt/airflow/dags/playwright_shopee.py took 14.069 seconds
[2026-05-27T04:30:10.831+0000] {processor.py:161} INFO - Started process (PID=28509) to work on /opt/airflow/dags/playwright_shopee.py
[2026-05-27T04:30:10.832+0000] {processor.py:830} INFO - Processing file /opt/airflow/dags/playwright_shopee.py for tasks to queue
[2026-05-27T04:30:10.834+0000] {logging_mixin.py:188} INFO - [2026-05-27T04:30:10.833+0000] {dagbag.py:545} INFO - Filling up the DagBag from /opt/airflow/dags/playwright_shopee.py
[2026-05-27T04:30:11.257+0000] {logging_mixin.py:188} INFO - 🌐 Membuka Chromium...
[2026-05-27T04:30:11.436+0000] {logging_mixin.py:188} INFO - 🍪 Inject cookies Shopee...
[2026-05-27T04:30:11.438+0000] {logging_mixin.py:188} INFO - ✅ 16 cookies berhasil diload dari /opt/airflow/dags/shopee_cookies.json
[2026-05-27T04:30:11.548+0000] {logging_mixin.py:188} INFO - 🌍 Membuka Shopee search...
[2026-05-27T04:30:20.802+0000] {logging_mixin.py:188} INFO - 📄 URL   : https://shopee.co.id/search?keyword=msi%20gaming
[2026-05-27T04:30:21.242+0000] {logging_mixin.py:188} INFO - [2026-05-27T04:30:21.240+0000] {dagbag.py:355} ERROR - Failed to import: /opt/airflow/dags/playwright_shopee.py
Traceback (most recent call last):
  File "/home/airflow/.local/lib/python3.8/site-packages/airflow/models/dagbag.py", line 351, in parse
    loader.exec_module(new_module)
  File "<frozen importlib._bootstrap_external>", line 843, in exec_module
  File "<frozen importlib._bootstrap>", line 219, in _call_with_frames_removed
  File "/opt/airflow/dags/playwright_shopee.py", line 208, in <module>
    print("📄 TITLE :", page.title())
  File "/home/airflow/.local/lib/python3.8/site-packages/playwright/sync_api/_generated.py", line 9407, in title
    return mapping.from_maybe_impl(self._sync(self._impl_obj.title()))
  File "/home/airflow/.local/lib/python3.8/site-packages/playwright/_impl/_sync_base.py", line 115, in _sync
    return task.result()
  File "/home/airflow/.local/lib/python3.8/site-packages/playwright/_impl/_page.py", line 742, in title
    return await self._main_frame.title()
  File "/home/airflow/.local/lib/python3.8/site-packages/playwright/_impl/_frame.py", line 776, in title
    return await self._channel.send("title")
  File "/home/airflow/.local/lib/python3.8/site-packages/playwright/_impl/_connection.py", line 59, in send
    return await self._connection.wrap_api_call(
  File "/home/airflow/.local/lib/python3.8/site-packages/playwright/_impl/_connection.py", line 514, in wrap_api_call
    raise rewrite_error(error, f"{parsed_st['apiName']}: {error}") from None
playwright._impl._errors.Error: Page.title: Execution context was destroyed, most likely because of a navigation
[2026-05-27T04:30:21.243+0000] {processor.py:842} WARNING - No viable dags retrieved from /opt/airflow/dags/playwright_shopee.py
[2026-05-27T04:30:21.285+0000] {processor.py:183} INFO - Processing /opt/airflow/dags/playwright_shopee.py took 10.461 seconds
[2026-05-27T04:30:51.530+0000] {processor.py:161} INFO - Started process (PID=28628) to work on /opt/airflow/dags/playwright_shopee.py
[2026-05-27T04:30:51.531+0000] {processor.py:830} INFO - Processing file /opt/airflow/dags/playwright_shopee.py for tasks to queue
[2026-05-27T04:30:51.533+0000] {logging_mixin.py:188} INFO - [2026-05-27T04:30:51.532+0000] {dagbag.py:545} INFO - Filling up the DagBag from /opt/airflow/dags/playwright_shopee.py
[2026-05-27T04:30:51.969+0000] {logging_mixin.py:188} INFO - 🌐 Membuka Chromium...
[2026-05-27T04:30:52.154+0000] {logging_mixin.py:188} INFO - 🍪 Inject cookies Shopee...
[2026-05-27T04:30:52.157+0000] {logging_mixin.py:188} INFO - ✅ 16 cookies berhasil diload dari /opt/airflow/dags/shopee_cookies.json
[2026-05-27T04:30:52.278+0000] {logging_mixin.py:188} INFO - 🌍 Membuka Shopee search...
[2026-05-27T04:30:59.860+0000] {logging_mixin.py:188} INFO - 📄 URL   : https://shopee.co.id/search?keyword=msi%20gaming
[2026-05-27T04:30:59.940+0000] {logging_mixin.py:188} INFO - 📄 TITLE : Shopee Indonesia | Situs Belanja Online Terlengkap & Terpercaya
[2026-05-27T04:31:00.253+0000] {logging_mixin.py:188} INFO - ❌ Cookies tidak valid atau sudah expired.
[2026-05-27T04:31:00.365+0000] {logging_mixin.py:188} INFO - [2026-05-27T04:31:00.363+0000] {dagbag.py:355} ERROR - Failed to import: /opt/airflow/dags/playwright_shopee.py
Traceback (most recent call last):
  File "/home/airflow/.local/lib/python3.8/site-packages/airflow/models/dagbag.py", line 351, in parse
    loader.exec_module(new_module)
  File "<frozen importlib._bootstrap_external>", line 843, in exec_module
  File "<frozen importlib._bootstrap>", line 219, in _call_with_frames_removed
  File "/opt/airflow/dags/playwright_shopee.py", line 228, in <module>
    raise RuntimeError("Cookies tidak valid. Export ulang dari Chrome.")
RuntimeError: Cookies tidak valid. Export ulang dari Chrome.
[2026-05-27T04:31:00.366+0000] {processor.py:842} WARNING - No viable dags retrieved from /opt/airflow/dags/playwright_shopee.py
[2026-05-27T04:31:00.400+0000] {processor.py:183} INFO - Processing /opt/airflow/dags/playwright_shopee.py took 8.878 seconds
[2026-05-27T04:31:30.747+0000] {processor.py:161} INFO - Started process (PID=28757) to work on /opt/airflow/dags/playwright_shopee.py
[2026-05-27T04:31:30.748+0000] {processor.py:830} INFO - Processing file /opt/airflow/dags/playwright_shopee.py for tasks to queue
[2026-05-27T04:31:30.750+0000] {logging_mixin.py:188} INFO - [2026-05-27T04:31:30.750+0000] {dagbag.py:545} INFO - Filling up the DagBag from /opt/airflow/dags/playwright_shopee.py
[2026-05-27T04:31:31.185+0000] {logging_mixin.py:188} INFO - 🌐 Membuka Chromium...
[2026-05-27T04:31:31.413+0000] {logging_mixin.py:188} INFO - 🍪 Inject cookies Shopee...
[2026-05-27T04:31:31.416+0000] {logging_mixin.py:188} INFO - ✅ 16 cookies berhasil diload dari /opt/airflow/dags/shopee_cookies.json
[2026-05-27T04:31:31.512+0000] {logging_mixin.py:188} INFO - 🌍 Membuka Shopee search...
[2026-05-27T04:31:38.782+0000] {logging_mixin.py:188} INFO - 📄 URL   : https://shopee.co.id/search?keyword=msi%20gaming
[2026-05-27T04:31:39.126+0000] {logging_mixin.py:188} INFO - 📄 TITLE : Shopee Indonesia | Situs Belanja Online Terlengkap & Terpercaya
[2026-05-27T04:31:39.780+0000] {logging_mixin.py:188} INFO - ❌ Cookies tidak valid atau sudah expired.
[2026-05-27T04:31:39.893+0000] {logging_mixin.py:188} INFO - [2026-05-27T04:31:39.892+0000] {dagbag.py:355} ERROR - Failed to import: /opt/airflow/dags/playwright_shopee.py
Traceback (most recent call last):
  File "/home/airflow/.local/lib/python3.8/site-packages/airflow/models/dagbag.py", line 351, in parse
    loader.exec_module(new_module)
  File "<frozen importlib._bootstrap_external>", line 843, in exec_module
  File "<frozen importlib._bootstrap>", line 219, in _call_with_frames_removed
  File "/opt/airflow/dags/playwright_shopee.py", line 228, in <module>
    raise RuntimeError("Cookies tidak valid. Export ulang dari Chrome.")
RuntimeError: Cookies tidak valid. Export ulang dari Chrome.
[2026-05-27T04:31:39.895+0000] {processor.py:842} WARNING - No viable dags retrieved from /opt/airflow/dags/playwright_shopee.py
[2026-05-27T04:31:39.925+0000] {processor.py:183} INFO - Processing /opt/airflow/dags/playwright_shopee.py took 9.184 seconds
[2026-05-27T04:32:10.369+0000] {processor.py:161} INFO - Started process (PID=28877) to work on /opt/airflow/dags/playwright_shopee.py
[2026-05-27T04:32:10.370+0000] {processor.py:830} INFO - Processing file /opt/airflow/dags/playwright_shopee.py for tasks to queue
[2026-05-27T04:32:10.373+0000] {logging_mixin.py:188} INFO - [2026-05-27T04:32:10.372+0000] {dagbag.py:545} INFO - Filling up the DagBag from /opt/airflow/dags/playwright_shopee.py
[2026-05-27T04:32:10.833+0000] {logging_mixin.py:188} INFO - 🌐 Membuka Chromium...
[2026-05-27T04:32:11.021+0000] {logging_mixin.py:188} INFO - 🍪 Inject cookies Shopee...
[2026-05-27T04:32:11.023+0000] {logging_mixin.py:188} INFO - ✅ 16 cookies berhasil diload dari /opt/airflow/dags/shopee_cookies.json
[2026-05-27T04:32:11.118+0000] {logging_mixin.py:188} INFO - 🌍 Membuka Shopee search...
[2026-05-27T04:32:20.927+0000] {logging_mixin.py:188} INFO - 📄 URL   : https://shopee.co.id/search?keyword=msi%20gaming
[2026-05-27T04:32:21.526+0000] {logging_mixin.py:188} INFO - [2026-05-27T04:32:21.524+0000] {dagbag.py:355} ERROR - Failed to import: /opt/airflow/dags/playwright_shopee.py
Traceback (most recent call last):
  File "/home/airflow/.local/lib/python3.8/site-packages/airflow/models/dagbag.py", line 351, in parse
    loader.exec_module(new_module)
  File "<frozen importlib._bootstrap_external>", line 843, in exec_module
  File "<frozen importlib._bootstrap>", line 219, in _call_with_frames_removed
  File "/opt/airflow/dags/playwright_shopee.py", line 208, in <module>
    print("📄 TITLE :", page.title())
  File "/home/airflow/.local/lib/python3.8/site-packages/playwright/sync_api/_generated.py", line 9407, in title
    return mapping.from_maybe_impl(self._sync(self._impl_obj.title()))
  File "/home/airflow/.local/lib/python3.8/site-packages/playwright/_impl/_sync_base.py", line 115, in _sync
    return task.result()
  File "/home/airflow/.local/lib/python3.8/site-packages/playwright/_impl/_page.py", line 742, in title
    return await self._main_frame.title()
  File "/home/airflow/.local/lib/python3.8/site-packages/playwright/_impl/_frame.py", line 776, in title
    return await self._channel.send("title")
  File "/home/airflow/.local/lib/python3.8/site-packages/playwright/_impl/_connection.py", line 59, in send
    return await self._connection.wrap_api_call(
  File "/home/airflow/.local/lib/python3.8/site-packages/playwright/_impl/_connection.py", line 514, in wrap_api_call
    raise rewrite_error(error, f"{parsed_st['apiName']}: {error}") from None
playwright._impl._errors.Error: Page.title: Execution context was destroyed, most likely because of a navigation
[2026-05-27T04:32:21.526+0000] {processor.py:842} WARNING - No viable dags retrieved from /opt/airflow/dags/playwright_shopee.py
[2026-05-27T04:32:21.549+0000] {processor.py:183} INFO - Processing /opt/airflow/dags/playwright_shopee.py took 11.191 seconds
[2026-05-27T04:32:51.997+0000] {processor.py:161} INFO - Started process (PID=28996) to work on /opt/airflow/dags/playwright_shopee.py
[2026-05-27T04:32:51.998+0000] {processor.py:830} INFO - Processing file /opt/airflow/dags/playwright_shopee.py for tasks to queue
[2026-05-27T04:32:52.000+0000] {logging_mixin.py:188} INFO - [2026-05-27T04:32:52.000+0000] {dagbag.py:545} INFO - Filling up the DagBag from /opt/airflow/dags/playwright_shopee.py
[2026-05-27T04:32:52.550+0000] {logging_mixin.py:188} INFO - 🌐 Membuka Chromium...
[2026-05-27T04:32:52.817+0000] {logging_mixin.py:188} INFO - 🍪 Inject cookies Shopee...
[2026-05-27T04:32:52.820+0000] {logging_mixin.py:188} INFO - ✅ 16 cookies berhasil diload dari /opt/airflow/dags/shopee_cookies.json
[2026-05-27T04:32:52.914+0000] {logging_mixin.py:188} INFO - 🌍 Membuka Shopee search...
[2026-05-27T04:33:03.864+0000] {logging_mixin.py:188} INFO - 📄 URL   : https://shopee.co.id/search?keyword=msi%20gaming
[2026-05-27T04:33:04.630+0000] {logging_mixin.py:188} INFO - 📄 TITLE : Shopee Indonesia | Situs Belanja Online Terlengkap & Terpercaya
[2026-05-27T04:33:05.537+0000] {logging_mixin.py:188} INFO - ❌ Kena traffic verify — cookies mungkin expired.
[2026-05-27T04:33:05.538+0000] {logging_mixin.py:188} INFO - ⚠️  Export ulang cookies dari Chrome dan update shopee_cookies.json
[2026-05-27T04:33:05.989+0000] {logging_mixin.py:188} INFO - [2026-05-27T04:33:05.988+0000] {dagbag.py:355} ERROR - Failed to import: /opt/airflow/dags/playwright_shopee.py
Traceback (most recent call last):
  File "/home/airflow/.local/lib/python3.8/site-packages/airflow/models/dagbag.py", line 351, in parse
    loader.exec_module(new_module)
  File "<frozen importlib._bootstrap_external>", line 843, in exec_module
  File "<frozen importlib._bootstrap>", line 219, in _call_with_frames_removed
  File "/opt/airflow/dags/playwright_shopee.py", line 218, in <module>
    raise RuntimeError(
RuntimeError: Shopee traffic verify detected. Update shopee_cookies.json dari Cookie-Editor.
[2026-05-27T04:33:05.990+0000] {processor.py:842} WARNING - No viable dags retrieved from /opt/airflow/dags/playwright_shopee.py
[2026-05-27T04:33:06.018+0000] {processor.py:183} INFO - Processing /opt/airflow/dags/playwright_shopee.py took 14.028 seconds
[2026-05-27T04:33:36.282+0000] {processor.py:161} INFO - Started process (PID=29132) to work on /opt/airflow/dags/playwright_shopee.py
[2026-05-27T04:33:36.283+0000] {processor.py:830} INFO - Processing file /opt/airflow/dags/playwright_shopee.py for tasks to queue
[2026-05-27T04:33:36.284+0000] {logging_mixin.py:188} INFO - [2026-05-27T04:33:36.284+0000] {dagbag.py:545} INFO - Filling up the DagBag from /opt/airflow/dags/playwright_shopee.py
[2026-05-27T04:33:36.871+0000] {logging_mixin.py:188} INFO - 🌐 Membuka Chromium...
[2026-05-27T04:33:37.117+0000] {logging_mixin.py:188} INFO - 🍪 Inject cookies Shopee...
[2026-05-27T04:33:37.120+0000] {logging_mixin.py:188} INFO - ✅ 16 cookies berhasil diload dari /opt/airflow/dags/shopee_cookies.json
[2026-05-27T04:33:37.229+0000] {logging_mixin.py:188} INFO - 🌍 Membuka Shopee search...
[2026-05-27T04:33:44.060+0000] {logging_mixin.py:188} INFO - 📄 URL   : https://shopee.co.id/search?keyword=msi%20gaming
[2026-05-27T04:33:44.094+0000] {logging_mixin.py:188} INFO - 📄 TITLE : Shopee Indonesia | Situs Belanja Online Terlengkap & Terpercaya
[2026-05-27T04:33:44.742+0000] {logging_mixin.py:188} INFO - ✅ Session valid, mulai scraping...
[2026-05-27T04:33:44.757+0000] {logging_mixin.py:188} INFO - [2026-05-27T04:33:44.756+0000] {logger.py:96} INFO - {"message": "Waiting for suitable server to become available", "selector": "<function writable_server_selector at 0x7fedaae69310>", "operation": "createIndexes", "topologyDescription": "<TopologyDescription id: 6a16742805483d52d80ce65a, topology_type: Unknown, servers: [<ServerDescription ('mongodb', 27017) server_type: Unknown, rtt: None>]>", "clientId": {"$oid": "6a16742805483d52d80ce65a"}, "remainingTimeMS": 29}
[2026-05-27T04:33:44.784+0000] {logging_mixin.py:188} INFO - ✅ Terhubung MongoDB: shopee_raw.products
[2026-05-27T04:33:44.785+0000] {logging_mixin.py:188} INFO - 
=================================
[2026-05-27T04:33:44.785+0000] {logging_mixin.py:188} INFO - 📄 PAGE 1/5
[2026-05-27T04:33:44.786+0000] {logging_mixin.py:188} INFO - =================================
[2026-05-27T04:33:44.787+0000] {logging_mixin.py:188} INFO - 🌍 https://shopee.co.id/search?keyword=msi%20gaming&page=0
[2026-05-27T04:33:50.870+0000] {logging_mixin.py:188} INFO - 🖱️ Scrolling...
[2026-05-27T04:34:03.397+0000] {logging_mixin.py:188} INFO - 📄 URL   : https://shopee.co.id/verify/traffic/error?home_url=https%3A%2F%2Fshopee.co.id&is_logged_in=false&next=https%3A%2F%2Fshopee.co.id%2Fsearch%3Fkeyword%3Dmsi%2520gaming%26page%3D0&tracking_id=679798de445-a8c5-44b4-817c-e33077dfd556&type=4
[2026-05-27T04:34:03.429+0000] {logging_mixin.py:188} INFO - 📄 TITLE : Shopee Indonesia | Situs Belanja Online Terlengkap & Terpercaya
[2026-05-27T04:34:03.560+0000] {logging_mixin.py:188} INFO - 🔍 Mengambil item produk...
[2026-05-27T04:34:03.602+0000] {logging_mixin.py:188} INFO - 📦 Total item ditemukan: 0
[2026-05-27T04:34:03.603+0000] {logging_mixin.py:188} INFO - ❌ Produk kosong, simpan HTML debug.
[2026-05-27T04:34:03.638+0000] {logging_mixin.py:188} INFO - 
=================================
[2026-05-27T04:34:03.638+0000] {logging_mixin.py:188} INFO - 📄 PAGE 2/5
[2026-05-27T04:34:03.639+0000] {logging_mixin.py:188} INFO - =================================
[2026-05-27T04:34:03.639+0000] {logging_mixin.py:188} INFO - 🌍 https://shopee.co.id/search?keyword=msi%20gaming&page=1
[2026-05-27T04:34:06.289+0000] {logging_mixin.py:188} INFO - [2026-05-27T04:34:06.289+0000] {timeout.py:68} ERROR - Process timed out, PID: 29132
[2026-05-27T04:34:36.543+0000] {processor.py:161} INFO - Started process (PID=29277) to work on /opt/airflow/dags/playwright_shopee.py
[2026-05-27T04:34:36.544+0000] {processor.py:830} INFO - Processing file /opt/airflow/dags/playwright_shopee.py for tasks to queue
[2026-05-27T04:34:36.546+0000] {logging_mixin.py:188} INFO - [2026-05-27T04:34:36.546+0000] {dagbag.py:545} INFO - Filling up the DagBag from /opt/airflow/dags/playwright_shopee.py
[2026-05-27T04:34:37.102+0000] {logging_mixin.py:188} INFO - 🌐 Membuka Chromium...
[2026-05-27T04:34:37.300+0000] {logging_mixin.py:188} INFO - 🍪 Inject cookies Shopee...
[2026-05-27T04:34:37.303+0000] {logging_mixin.py:188} INFO - ✅ 16 cookies berhasil diload dari /opt/airflow/dags/shopee_cookies.json
[2026-05-27T04:34:37.409+0000] {logging_mixin.py:188} INFO - 🌍 Membuka Shopee search...
[2026-05-27T04:34:46.163+0000] {logging_mixin.py:188} INFO - 📄 URL   : https://shopee.co.id/search?keyword=msi%20gaming
[2026-05-27T04:34:46.201+0000] {logging_mixin.py:188} INFO - 📄 TITLE : Shopee Indonesia | Situs Belanja Online Terlengkap & Terpercaya
[2026-05-27T04:34:46.449+0000] {logging_mixin.py:188} INFO - ❌ Cookies tidak valid atau sudah expired.
[2026-05-27T04:34:46.580+0000] {logging_mixin.py:188} INFO - [2026-05-27T04:34:46.579+0000] {dagbag.py:355} ERROR - Failed to import: /opt/airflow/dags/playwright_shopee.py
Traceback (most recent call last):
  File "/home/airflow/.local/lib/python3.8/site-packages/airflow/models/dagbag.py", line 351, in parse
    loader.exec_module(new_module)
  File "<frozen importlib._bootstrap_external>", line 843, in exec_module
  File "<frozen importlib._bootstrap>", line 219, in _call_with_frames_removed
  File "/opt/airflow/dags/playwright_shopee.py", line 228, in <module>
    raise RuntimeError("Cookies tidak valid. Export ulang dari Chrome.")
RuntimeError: Cookies tidak valid. Export ulang dari Chrome.
[2026-05-27T04:34:46.581+0000] {processor.py:842} WARNING - No viable dags retrieved from /opt/airflow/dags/playwright_shopee.py
[2026-05-27T04:34:46.605+0000] {processor.py:183} INFO - Processing /opt/airflow/dags/playwright_shopee.py took 10.069 seconds
[2026-05-27T04:35:17.160+0000] {processor.py:161} INFO - Started process (PID=29396) to work on /opt/airflow/dags/playwright_shopee.py
[2026-05-27T04:35:17.162+0000] {processor.py:830} INFO - Processing file /opt/airflow/dags/playwright_shopee.py for tasks to queue
[2026-05-27T04:35:17.164+0000] {logging_mixin.py:188} INFO - [2026-05-27T04:35:17.164+0000] {dagbag.py:545} INFO - Filling up the DagBag from /opt/airflow/dags/playwright_shopee.py
[2026-05-27T04:35:17.616+0000] {logging_mixin.py:188} INFO - 🌐 Membuka Chromium...
[2026-05-27T04:35:17.854+0000] {logging_mixin.py:188} INFO - 🍪 Inject cookies Shopee...
[2026-05-27T04:35:17.856+0000] {logging_mixin.py:188} INFO - ✅ 16 cookies berhasil diload dari /opt/airflow/dags/shopee_cookies.json
[2026-05-27T04:35:17.959+0000] {logging_mixin.py:188} INFO - 🌍 Membuka Shopee search...
[2026-05-27T04:35:27.300+0000] {logging_mixin.py:188} INFO - 📄 URL   : https://shopee.co.id/search?keyword=msi%20gaming
[2026-05-27T04:35:27.330+0000] {logging_mixin.py:188} INFO - 📄 TITLE : Shopee Indonesia | Situs Belanja Online Terlengkap & Terpercaya
[2026-05-27T04:35:27.554+0000] {logging_mixin.py:188} INFO - ❌ Cookies tidak valid atau sudah expired.
[2026-05-27T04:35:27.665+0000] {logging_mixin.py:188} INFO - [2026-05-27T04:35:27.664+0000] {dagbag.py:355} ERROR - Failed to import: /opt/airflow/dags/playwright_shopee.py
Traceback (most recent call last):
  File "/home/airflow/.local/lib/python3.8/site-packages/airflow/models/dagbag.py", line 351, in parse
    loader.exec_module(new_module)
  File "<frozen importlib._bootstrap_external>", line 843, in exec_module
  File "<frozen importlib._bootstrap>", line 219, in _call_with_frames_removed
  File "/opt/airflow/dags/playwright_shopee.py", line 228, in <module>
    raise RuntimeError("Cookies tidak valid. Export ulang dari Chrome.")
RuntimeError: Cookies tidak valid. Export ulang dari Chrome.
[2026-05-27T04:35:27.667+0000] {processor.py:842} WARNING - No viable dags retrieved from /opt/airflow/dags/playwright_shopee.py
[2026-05-27T04:35:27.687+0000] {processor.py:183} INFO - Processing /opt/airflow/dags/playwright_shopee.py took 10.537 seconds
[2026-05-27T04:35:57.972+0000] {processor.py:161} INFO - Started process (PID=29515) to work on /opt/airflow/dags/playwright_shopee.py
[2026-05-27T04:35:57.973+0000] {processor.py:830} INFO - Processing file /opt/airflow/dags/playwright_shopee.py for tasks to queue
[2026-05-27T04:35:57.976+0000] {logging_mixin.py:188} INFO - [2026-05-27T04:35:57.976+0000] {dagbag.py:545} INFO - Filling up the DagBag from /opt/airflow/dags/playwright_shopee.py
[2026-05-27T04:35:58.573+0000] {logging_mixin.py:188} INFO - 🌐 Membuka Chromium...
[2026-05-27T04:35:58.849+0000] {logging_mixin.py:188} INFO - 🍪 Inject cookies Shopee...
[2026-05-27T04:35:58.857+0000] {logging_mixin.py:188} INFO - ✅ 16 cookies berhasil diload dari /opt/airflow/dags/shopee_cookies.json
[2026-05-27T04:35:59.014+0000] {logging_mixin.py:188} INFO - 🌍 Membuka Shopee search...
[2026-05-27T04:36:09.188+0000] {logging_mixin.py:188} INFO - 📄 URL   : https://shopee.co.id/search?keyword=msi%20gaming
[2026-05-27T04:36:09.337+0000] {logging_mixin.py:188} INFO - 📄 TITLE : Shopee Indonesia | Situs Belanja Online Terlengkap & Terpercaya
[2026-05-27T04:36:11.214+0000] {logging_mixin.py:188} INFO - ❌ Kena traffic verify — cookies mungkin expired.
[2026-05-27T04:36:11.215+0000] {logging_mixin.py:188} INFO - ⚠️  Export ulang cookies dari Chrome dan update shopee_cookies.json
[2026-05-27T04:36:14.546+0000] {logging_mixin.py:188} INFO - [2026-05-27T04:36:14.545+0000] {dagbag.py:355} ERROR - Failed to import: /opt/airflow/dags/playwright_shopee.py
Traceback (most recent call last):
  File "/home/airflow/.local/lib/python3.8/site-packages/airflow/models/dagbag.py", line 351, in parse
    loader.exec_module(new_module)
  File "<frozen importlib._bootstrap_external>", line 843, in exec_module
  File "<frozen importlib._bootstrap>", line 219, in _call_with_frames_removed
  File "/opt/airflow/dags/playwright_shopee.py", line 218, in <module>
    raise RuntimeError(
RuntimeError: Shopee traffic verify detected. Update shopee_cookies.json dari Cookie-Editor.
[2026-05-27T04:36:14.548+0000] {processor.py:842} WARNING - No viable dags retrieved from /opt/airflow/dags/playwright_shopee.py
[2026-05-27T04:36:14.583+0000] {processor.py:183} INFO - Processing /opt/airflow/dags/playwright_shopee.py took 16.623 seconds
[2026-05-27T04:36:45.059+0000] {processor.py:161} INFO - Started process (PID=29643) to work on /opt/airflow/dags/playwright_shopee.py
[2026-05-27T04:36:45.061+0000] {processor.py:830} INFO - Processing file /opt/airflow/dags/playwright_shopee.py for tasks to queue
[2026-05-27T04:36:45.066+0000] {logging_mixin.py:188} INFO - [2026-05-27T04:36:45.066+0000] {dagbag.py:545} INFO - Filling up the DagBag from /opt/airflow/dags/playwright_shopee.py
[2026-05-27T04:36:46.075+0000] {logging_mixin.py:188} INFO - 🌐 Membuka Chromium...
[2026-05-27T04:36:46.551+0000] {logging_mixin.py:188} INFO - 🍪 Inject cookies Shopee...
[2026-05-27T04:36:46.557+0000] {logging_mixin.py:188} INFO - ✅ 16 cookies berhasil diload dari /opt/airflow/dags/shopee_cookies.json
[2026-05-27T04:36:46.760+0000] {logging_mixin.py:188} INFO - 🌍 Membuka Shopee search...
[2026-05-27T04:36:53.024+0000] {logging_mixin.py:188} INFO - 📄 URL   : https://shopee.co.id/search?keyword=msi%20gaming
[2026-05-27T04:36:53.059+0000] {logging_mixin.py:188} INFO - 📄 TITLE : Shopee Indonesia | Situs Belanja Online Terlengkap & Terpercaya
[2026-05-27T04:36:53.295+0000] {logging_mixin.py:188} INFO - ✅ Session valid, mulai scraping...
[2026-05-27T04:36:53.308+0000] {logging_mixin.py:188} INFO - [2026-05-27T04:36:53.307+0000] {logger.py:96} INFO - {"message": "Waiting for suitable server to become available", "selector": "<function writable_server_selector at 0x7fedaae6a310>", "operation": "createIndexes", "topologyDescription": "<TopologyDescription id: 6a1674e531a41f51fa6fb7c2, topology_type: Unknown, servers: [<ServerDescription ('mongodb', 27017) server_type: Unknown, rtt: None>]>", "clientId": {"$oid": "6a1674e531a41f51fa6fb7c2"}, "remainingTimeMS": 29}
[2026-05-27T04:36:53.341+0000] {logging_mixin.py:188} INFO - ✅ Terhubung MongoDB: shopee_raw.products
[2026-05-27T04:36:53.342+0000] {logging_mixin.py:188} INFO - 
=================================
[2026-05-27T04:36:53.343+0000] {logging_mixin.py:188} INFO - 📄 PAGE 1/5
[2026-05-27T04:36:53.343+0000] {logging_mixin.py:188} INFO - =================================
[2026-05-27T04:36:53.344+0000] {logging_mixin.py:188} INFO - 🌍 https://shopee.co.id/search?keyword=msi%20gaming&page=0
[2026-05-27T04:36:59.585+0000] {logging_mixin.py:188} INFO - 🖱️ Scrolling...
[2026-05-27T05:03:27.572+0000] {processor.py:161} INFO - Started process (PID=29765) to work on /opt/airflow/dags/playwright_shopee.py
[2026-05-27T05:03:27.600+0000] {processor.py:830} INFO - Processing file /opt/airflow/dags/playwright_shopee.py for tasks to queue
[2026-05-27T05:03:27.614+0000] {logging_mixin.py:188} INFO - [2026-05-27T05:03:27.613+0000] {dagbag.py:545} INFO - Filling up the DagBag from /opt/airflow/dags/playwright_shopee.py
[2026-05-27T05:03:29.569+0000] {logging_mixin.py:188} INFO - 🌐 Membuka Chromium...
[2026-05-27T05:03:31.104+0000] {logging_mixin.py:188} INFO - 🍪 Inject cookies Shopee...
[2026-05-27T05:03:31.109+0000] {logging_mixin.py:188} INFO - ✅ 16 cookies berhasil diload dari /opt/airflow/dags/shopee_cookies.json
[2026-05-27T05:03:32.272+0000] {logging_mixin.py:188} INFO - 🌍 Membuka Shopee search...
[2026-05-27T05:03:42.859+0000] {logging_mixin.py:188} INFO - 📄 URL   : https://shopee.co.id/search?keyword=msi%20gaming
[2026-05-27T05:03:43.647+0000] {logging_mixin.py:188} INFO - 📄 TITLE : Shopee Indonesia | Situs Belanja Online Terlengkap & Terpercaya
[2026-05-27T05:03:45.601+0000] {logging_mixin.py:188} INFO - ❌ Kena traffic verify — cookies mungkin expired.
[2026-05-27T05:03:45.601+0000] {logging_mixin.py:188} INFO - ⚠️  Export ulang cookies dari Chrome dan update shopee_cookies.json
[2026-05-27T05:03:49.829+0000] {logging_mixin.py:188} INFO - [2026-05-27T05:03:49.825+0000] {dagbag.py:355} ERROR - Failed to import: /opt/airflow/dags/playwright_shopee.py
Traceback (most recent call last):
  File "/home/airflow/.local/lib/python3.8/site-packages/airflow/models/dagbag.py", line 351, in parse
    loader.exec_module(new_module)
  File "<frozen importlib._bootstrap_external>", line 843, in exec_module
  File "<frozen importlib._bootstrap>", line 219, in _call_with_frames_removed
  File "/opt/airflow/dags/playwright_shopee.py", line 218, in <module>
    raise RuntimeError(
RuntimeError: Shopee traffic verify detected. Update shopee_cookies.json dari Cookie-Editor.
[2026-05-27T05:03:49.831+0000] {processor.py:842} WARNING - No viable dags retrieved from /opt/airflow/dags/playwright_shopee.py
[2026-05-27T05:03:49.888+0000] {processor.py:183} INFO - Processing /opt/airflow/dags/playwright_shopee.py took 22.427 seconds
[2026-05-27T05:04:20.363+0000] {processor.py:161} INFO - Started process (PID=29897) to work on /opt/airflow/dags/playwright_shopee.py
[2026-05-27T05:04:20.364+0000] {processor.py:830} INFO - Processing file /opt/airflow/dags/playwright_shopee.py for tasks to queue
[2026-05-27T05:04:20.366+0000] {logging_mixin.py:188} INFO - [2026-05-27T05:04:20.366+0000] {dagbag.py:545} INFO - Filling up the DagBag from /opt/airflow/dags/playwright_shopee.py
[2026-05-27T05:04:22.394+0000] {logging_mixin.py:188} INFO - 🌐 Membuka Chromium...
[2026-05-27T05:04:22.687+0000] {logging_mixin.py:188} INFO - 🍪 Inject cookies Shopee...
[2026-05-27T05:04:22.690+0000] {logging_mixin.py:188} INFO - ✅ 16 cookies berhasil diload dari /opt/airflow/dags/shopee_cookies.json
[2026-05-27T05:04:22.813+0000] {logging_mixin.py:188} INFO - 🌍 Membuka Shopee search...
[2026-05-27T05:04:33.607+0000] {logging_mixin.py:188} INFO - 📄 URL   : https://shopee.co.id/search?keyword=msi%20gaming
[2026-05-27T05:04:33.758+0000] {logging_mixin.py:188} INFO - 📄 TITLE : Shopee Indonesia | Situs Belanja Online Terlengkap & Terpercaya
[2026-05-27T05:04:35.240+0000] {logging_mixin.py:188} INFO - ❌ Kena traffic verify — cookies mungkin expired.
[2026-05-27T05:04:35.241+0000] {logging_mixin.py:188} INFO - ⚠️  Export ulang cookies dari Chrome dan update shopee_cookies.json
[2026-05-27T05:04:40.995+0000] {logging_mixin.py:188} INFO - [2026-05-27T05:04:40.993+0000] {dagbag.py:355} ERROR - Failed to import: /opt/airflow/dags/playwright_shopee.py
Traceback (most recent call last):
  File "/home/airflow/.local/lib/python3.8/site-packages/airflow/models/dagbag.py", line 351, in parse
    loader.exec_module(new_module)
  File "<frozen importlib._bootstrap_external>", line 843, in exec_module
  File "<frozen importlib._bootstrap>", line 219, in _call_with_frames_removed
  File "/opt/airflow/dags/playwright_shopee.py", line 218, in <module>
    raise RuntimeError(
RuntimeError: Shopee traffic verify detected. Update shopee_cookies.json dari Cookie-Editor.
[2026-05-27T05:04:40.997+0000] {processor.py:842} WARNING - No viable dags retrieved from /opt/airflow/dags/playwright_shopee.py
[2026-05-27T05:04:41.065+0000] {processor.py:183} INFO - Processing /opt/airflow/dags/playwright_shopee.py took 20.709 seconds
[2026-05-27T05:05:11.648+0000] {processor.py:161} INFO - Started process (PID=30026) to work on /opt/airflow/dags/playwright_shopee.py
[2026-05-27T05:05:11.649+0000] {processor.py:830} INFO - Processing file /opt/airflow/dags/playwright_shopee.py for tasks to queue
[2026-05-27T05:05:11.650+0000] {logging_mixin.py:188} INFO - [2026-05-27T05:05:11.650+0000] {dagbag.py:545} INFO - Filling up the DagBag from /opt/airflow/dags/playwright_shopee.py
[2026-05-27T05:05:12.880+0000] {logging_mixin.py:188} INFO - 🌐 Membuka Chromium...
[2026-05-27T05:05:13.457+0000] {logging_mixin.py:188} INFO - 🍪 Inject cookies Shopee...
[2026-05-27T05:05:13.486+0000] {logging_mixin.py:188} INFO - ✅ 16 cookies berhasil diload dari /opt/airflow/dags/shopee_cookies.json
[2026-05-27T05:05:13.925+0000] {logging_mixin.py:188} INFO - 🌍 Membuka Shopee search...
[2026-05-27T05:05:23.262+0000] {logging_mixin.py:188} INFO - 📄 URL   : https://shopee.co.id/search?keyword=msi%20gaming
[2026-05-27T05:05:23.313+0000] {logging_mixin.py:188} INFO - 📄 TITLE : Shopee Indonesia | Situs Belanja Online Terlengkap & Terpercaya
[2026-05-27T05:05:23.614+0000] {logging_mixin.py:188} INFO - ❌ Cookies tidak valid atau sudah expired.
[2026-05-27T05:05:23.731+0000] {logging_mixin.py:188} INFO - [2026-05-27T05:05:23.730+0000] {dagbag.py:355} ERROR - Failed to import: /opt/airflow/dags/playwright_shopee.py
Traceback (most recent call last):
  File "/home/airflow/.local/lib/python3.8/site-packages/airflow/models/dagbag.py", line 351, in parse
    loader.exec_module(new_module)
  File "<frozen importlib._bootstrap_external>", line 843, in exec_module
  File "<frozen importlib._bootstrap>", line 219, in _call_with_frames_removed
  File "/opt/airflow/dags/playwright_shopee.py", line 228, in <module>
    raise RuntimeError("Cookies tidak valid. Export ulang dari Chrome.")
RuntimeError: Cookies tidak valid. Export ulang dari Chrome.
[2026-05-27T05:05:23.733+0000] {processor.py:842} WARNING - No viable dags retrieved from /opt/airflow/dags/playwright_shopee.py
[2026-05-27T05:05:23.760+0000] {processor.py:183} INFO - Processing /opt/airflow/dags/playwright_shopee.py took 12.120 seconds
[2026-05-27T05:05:54.202+0000] {processor.py:161} INFO - Started process (PID=30152) to work on /opt/airflow/dags/playwright_shopee.py
[2026-05-27T05:05:54.204+0000] {processor.py:830} INFO - Processing file /opt/airflow/dags/playwright_shopee.py for tasks to queue
[2026-05-27T05:05:54.208+0000] {logging_mixin.py:188} INFO - [2026-05-27T05:05:54.207+0000] {dagbag.py:545} INFO - Filling up the DagBag from /opt/airflow/dags/playwright_shopee.py
[2026-05-27T05:05:54.623+0000] {logging_mixin.py:188} INFO - 🌐 Membuka Chromium...
[2026-05-27T05:05:54.856+0000] {logging_mixin.py:188} INFO - 🍪 Inject cookies Shopee...
[2026-05-27T05:05:54.859+0000] {logging_mixin.py:188} INFO - ✅ 16 cookies berhasil diload dari /opt/airflow/dags/shopee_cookies.json
[2026-05-27T05:05:54.984+0000] {logging_mixin.py:188} INFO - 🌍 Membuka Shopee search...
[2026-05-27T05:06:08.027+0000] {logging_mixin.py:188} INFO - 📄 URL   : https://shopee.co.id/search?keyword=msi%20gaming
[2026-05-27T05:06:08.389+0000] {logging_mixin.py:188} INFO - 📄 TITLE : Shopee Indonesia | Situs Belanja Online Terlengkap & Terpercaya
[2026-05-27T05:06:10.236+0000] {logging_mixin.py:188} INFO - ❌ Kena traffic verify — cookies mungkin expired.
[2026-05-27T05:06:10.237+0000] {logging_mixin.py:188} INFO - ⚠️  Export ulang cookies dari Chrome dan update shopee_cookies.json
[2026-05-27T05:06:13.050+0000] {logging_mixin.py:188} INFO - [2026-05-27T05:06:13.048+0000] {dagbag.py:355} ERROR - Failed to import: /opt/airflow/dags/playwright_shopee.py
Traceback (most recent call last):
  File "/home/airflow/.local/lib/python3.8/site-packages/airflow/models/dagbag.py", line 351, in parse
    loader.exec_module(new_module)
  File "<frozen importlib._bootstrap_external>", line 843, in exec_module
  File "<frozen importlib._bootstrap>", line 219, in _call_with_frames_removed
  File "/opt/airflow/dags/playwright_shopee.py", line 218, in <module>
    raise RuntimeError(
RuntimeError: Shopee traffic verify detected. Update shopee_cookies.json dari Cookie-Editor.
[2026-05-27T05:06:13.051+0000] {processor.py:842} WARNING - No viable dags retrieved from /opt/airflow/dags/playwright_shopee.py
[2026-05-27T05:06:13.081+0000] {processor.py:183} INFO - Processing /opt/airflow/dags/playwright_shopee.py took 18.881 seconds
[2026-05-27T05:06:43.549+0000] {processor.py:161} INFO - Started process (PID=30291) to work on /opt/airflow/dags/playwright_shopee.py
[2026-05-27T05:06:43.550+0000] {processor.py:830} INFO - Processing file /opt/airflow/dags/playwright_shopee.py for tasks to queue
[2026-05-27T05:06:43.551+0000] {logging_mixin.py:188} INFO - [2026-05-27T05:06:43.551+0000] {dagbag.py:545} INFO - Filling up the DagBag from /opt/airflow/dags/playwright_shopee.py
[2026-05-27T05:06:44.494+0000] {logging_mixin.py:188} INFO - 🌐 Membuka Chromium...
[2026-05-27T05:06:45.795+0000] {logging_mixin.py:188} INFO - 🍪 Inject cookies Shopee...
[2026-05-27T05:06:45.800+0000] {logging_mixin.py:188} INFO - ✅ 16 cookies berhasil diload dari /opt/airflow/dags/shopee_cookies.json
[2026-05-27T05:06:46.054+0000] {logging_mixin.py:188} INFO - 🌍 Membuka Shopee search...
[2026-05-27T05:07:09.657+0000] {logging_mixin.py:188} INFO - 📄 URL   : https://shopee.co.id/search?keyword=msi%20gaming
[2026-05-27T05:07:09.731+0000] {logging_mixin.py:188} INFO - 📄 TITLE : Shopee Indonesia | Situs Belanja Online Terlengkap & Terpercaya
[2026-05-27T05:07:10.002+0000] {logging_mixin.py:188} INFO - ✅ Session valid, mulai scraping...
[2026-05-27T05:07:10.026+0000] {logging_mixin.py:188} INFO - [2026-05-27T05:07:10.025+0000] {logger.py:96} INFO - {"message": "Waiting for suitable server to become available", "selector": "<function writable_server_selector at 0x7fedaae6a3a0>", "operation": "createIndexes", "topologyDescription": "<TopologyDescription id: 6a167bfe2f6321750876351f, topology_type: Unknown, servers: [<ServerDescription ('mongodb', 27017) server_type: Unknown, rtt: None>]>", "clientId": {"$oid": "6a167bfe2f6321750876351f"}, "remainingTimeMS": 29}
[2026-05-27T05:07:10.134+0000] {logging_mixin.py:188} INFO - ✅ Terhubung MongoDB: shopee_raw.products
[2026-05-27T05:07:10.136+0000] {logging_mixin.py:188} INFO - 
=================================
[2026-05-27T05:07:10.136+0000] {logging_mixin.py:188} INFO - 📄 PAGE 1/5
[2026-05-27T05:07:10.139+0000] {logging_mixin.py:188} INFO - =================================
[2026-05-27T05:07:10.140+0000] {logging_mixin.py:188} INFO - 🌍 https://shopee.co.id/search?keyword=msi%20gaming&page=0
[2026-05-27T05:07:13.557+0000] {logging_mixin.py:188} INFO - [2026-05-27T05:07:13.555+0000] {timeout.py:68} ERROR - Process timed out, PID: 30291
[2026-05-27T05:07:44.368+0000] {processor.py:161} INFO - Started process (PID=30399) to work on /opt/airflow/dags/playwright_shopee.py
[2026-05-27T05:07:44.372+0000] {processor.py:830} INFO - Processing file /opt/airflow/dags/playwright_shopee.py for tasks to queue
[2026-05-27T05:07:44.375+0000] {logging_mixin.py:188} INFO - [2026-05-27T05:07:44.374+0000] {dagbag.py:545} INFO - Filling up the DagBag from /opt/airflow/dags/playwright_shopee.py
[2026-05-27T05:07:44.964+0000] {logging_mixin.py:188} INFO - 🌐 Membuka Chromium...
[2026-05-27T05:07:45.244+0000] {logging_mixin.py:188} INFO - 🍪 Inject cookies Shopee...
[2026-05-27T05:07:45.248+0000] {logging_mixin.py:188} INFO - ✅ 16 cookies berhasil diload dari /opt/airflow/dags/shopee_cookies.json
[2026-05-27T05:07:45.520+0000] {logging_mixin.py:188} INFO - 🌍 Membuka Shopee search...
[2026-05-27T05:07:52.424+0000] {logging_mixin.py:188} INFO - 📄 URL   : https://shopee.co.id/search?keyword=msi%20gaming
[2026-05-27T05:07:52.695+0000] {logging_mixin.py:188} INFO - 📄 TITLE : Shopee Indonesia | Situs Belanja Online Terlengkap & Terpercaya
[2026-05-27T05:07:53.581+0000] {logging_mixin.py:188} INFO - ❌ Cookies tidak valid atau sudah expired.
[2026-05-27T05:07:53.746+0000] {logging_mixin.py:188} INFO - [2026-05-27T05:07:53.744+0000] {dagbag.py:355} ERROR - Failed to import: /opt/airflow/dags/playwright_shopee.py
Traceback (most recent call last):
  File "/home/airflow/.local/lib/python3.8/site-packages/airflow/models/dagbag.py", line 351, in parse
    loader.exec_module(new_module)
  File "<frozen importlib._bootstrap_external>", line 843, in exec_module
  File "<frozen importlib._bootstrap>", line 219, in _call_with_frames_removed
  File "/opt/airflow/dags/playwright_shopee.py", line 228, in <module>
    raise RuntimeError("Cookies tidak valid. Export ulang dari Chrome.")
RuntimeError: Cookies tidak valid. Export ulang dari Chrome.
[2026-05-27T05:07:53.748+0000] {processor.py:842} WARNING - No viable dags retrieved from /opt/airflow/dags/playwright_shopee.py
[2026-05-27T05:07:53.780+0000] {processor.py:183} INFO - Processing /opt/airflow/dags/playwright_shopee.py took 9.421 seconds
[2026-05-27T05:08:24.128+0000] {processor.py:161} INFO - Started process (PID=30522) to work on /opt/airflow/dags/playwright_shopee.py
[2026-05-27T05:08:24.131+0000] {processor.py:830} INFO - Processing file /opt/airflow/dags/playwright_shopee.py for tasks to queue
[2026-05-27T05:08:24.134+0000] {logging_mixin.py:188} INFO - [2026-05-27T05:08:24.134+0000] {dagbag.py:545} INFO - Filling up the DagBag from /opt/airflow/dags/playwright_shopee.py
[2026-05-27T05:08:25.062+0000] {logging_mixin.py:188} INFO - 🌐 Membuka Chromium...
[2026-05-27T05:08:25.449+0000] {logging_mixin.py:188} INFO - 🍪 Inject cookies Shopee...
[2026-05-27T05:08:25.453+0000] {logging_mixin.py:188} INFO - ✅ 16 cookies berhasil diload dari /opt/airflow/dags/shopee_cookies.json
[2026-05-27T05:08:25.641+0000] {logging_mixin.py:188} INFO - 🌍 Membuka Shopee search...
[2026-05-27T05:08:32.380+0000] {logging_mixin.py:188} INFO - 📄 URL   : https://shopee.co.id/search?keyword=msi%20gaming
[2026-05-27T05:08:32.710+0000] {logging_mixin.py:188} INFO - 📄 TITLE : Shopee Indonesia | Situs Belanja Online Terlengkap & Terpercaya
[2026-05-27T05:08:33.229+0000] {logging_mixin.py:188} INFO - ❌ Cookies tidak valid atau sudah expired.
[2026-05-27T05:08:33.361+0000] {logging_mixin.py:188} INFO - [2026-05-27T05:08:33.360+0000] {dagbag.py:355} ERROR - Failed to import: /opt/airflow/dags/playwright_shopee.py
Traceback (most recent call last):
  File "/home/airflow/.local/lib/python3.8/site-packages/airflow/models/dagbag.py", line 351, in parse
    loader.exec_module(new_module)
  File "<frozen importlib._bootstrap_external>", line 843, in exec_module
  File "<frozen importlib._bootstrap>", line 219, in _call_with_frames_removed
  File "/opt/airflow/dags/playwright_shopee.py", line 228, in <module>
    raise RuntimeError("Cookies tidak valid. Export ulang dari Chrome.")
RuntimeError: Cookies tidak valid. Export ulang dari Chrome.
[2026-05-27T05:08:33.363+0000] {processor.py:842} WARNING - No viable dags retrieved from /opt/airflow/dags/playwright_shopee.py
[2026-05-27T05:08:33.399+0000] {processor.py:183} INFO - Processing /opt/airflow/dags/playwright_shopee.py took 9.283 seconds
[2026-05-27T05:09:04.026+0000] {processor.py:161} INFO - Started process (PID=30644) to work on /opt/airflow/dags/playwright_shopee.py
[2026-05-27T05:09:04.027+0000] {processor.py:830} INFO - Processing file /opt/airflow/dags/playwright_shopee.py for tasks to queue
[2026-05-27T05:09:04.029+0000] {logging_mixin.py:188} INFO - [2026-05-27T05:09:04.029+0000] {dagbag.py:545} INFO - Filling up the DagBag from /opt/airflow/dags/playwright_shopee.py
[2026-05-27T05:09:04.589+0000] {logging_mixin.py:188} INFO - 🌐 Membuka Chromium...
[2026-05-27T05:09:04.833+0000] {logging_mixin.py:188} INFO - 🍪 Inject cookies Shopee...
[2026-05-27T05:09:04.836+0000] {logging_mixin.py:188} INFO - ✅ 16 cookies berhasil diload dari /opt/airflow/dags/shopee_cookies.json
[2026-05-27T05:09:04.959+0000] {logging_mixin.py:188} INFO - 🌍 Membuka Shopee search...
[2026-05-27T05:09:13.399+0000] {logging_mixin.py:188} INFO - 📄 URL   : https://shopee.co.id/search?keyword=msi%20gaming
[2026-05-27T05:09:14.683+0000] {logging_mixin.py:188} INFO - 📄 TITLE : Shopee Indonesia | Situs Belanja Online Terlengkap & Terpercaya
[2026-05-27T05:09:15.819+0000] {logging_mixin.py:188} INFO - ❌ Cookies tidak valid atau sudah expired.
[2026-05-27T05:09:15.971+0000] {logging_mixin.py:188} INFO - [2026-05-27T05:09:15.969+0000] {dagbag.py:355} ERROR - Failed to import: /opt/airflow/dags/playwright_shopee.py
Traceback (most recent call last):
  File "/home/airflow/.local/lib/python3.8/site-packages/airflow/models/dagbag.py", line 351, in parse
    loader.exec_module(new_module)
  File "<frozen importlib._bootstrap_external>", line 843, in exec_module
  File "<frozen importlib._bootstrap>", line 219, in _call_with_frames_removed
  File "/opt/airflow/dags/playwright_shopee.py", line 228, in <module>
    raise RuntimeError("Cookies tidak valid. Export ulang dari Chrome.")
RuntimeError: Cookies tidak valid. Export ulang dari Chrome.
[2026-05-27T05:09:15.973+0000] {processor.py:842} WARNING - No viable dags retrieved from /opt/airflow/dags/playwright_shopee.py
[2026-05-27T05:09:16.008+0000] {processor.py:183} INFO - Processing /opt/airflow/dags/playwright_shopee.py took 11.991 seconds
[2026-05-27T05:09:46.551+0000] {processor.py:161} INFO - Started process (PID=30759) to work on /opt/airflow/dags/playwright_shopee.py
[2026-05-27T05:09:46.554+0000] {processor.py:830} INFO - Processing file /opt/airflow/dags/playwright_shopee.py for tasks to queue
[2026-05-27T05:09:46.555+0000] {logging_mixin.py:188} INFO - [2026-05-27T05:09:46.555+0000] {dagbag.py:545} INFO - Filling up the DagBag from /opt/airflow/dags/playwright_shopee.py
[2026-05-27T05:09:47.164+0000] {logging_mixin.py:188} INFO - 🌐 Membuka Chromium...
[2026-05-27T05:09:47.428+0000] {logging_mixin.py:188} INFO - 🍪 Inject cookies Shopee...
[2026-05-27T05:09:47.431+0000] {logging_mixin.py:188} INFO - ✅ 16 cookies berhasil diload dari /opt/airflow/dags/shopee_cookies.json
[2026-05-27T05:09:47.563+0000] {logging_mixin.py:188} INFO - 🌍 Membuka Shopee search...
[2026-05-27T05:09:55.178+0000] {logging_mixin.py:188} INFO - 📄 URL   : https://shopee.co.id/search?keyword=msi%20gaming
[2026-05-27T05:09:55.580+0000] {logging_mixin.py:188} INFO - 📄 TITLE : Shopee Indonesia | Situs Belanja Online Terlengkap & Terpercaya
[2026-05-27T05:09:56.120+0000] {logging_mixin.py:188} INFO - ❌ Cookies tidak valid atau sudah expired.
[2026-05-27T05:09:56.260+0000] {logging_mixin.py:188} INFO - [2026-05-27T05:09:56.258+0000] {dagbag.py:355} ERROR - Failed to import: /opt/airflow/dags/playwright_shopee.py
Traceback (most recent call last):
  File "/home/airflow/.local/lib/python3.8/site-packages/airflow/models/dagbag.py", line 351, in parse
    loader.exec_module(new_module)
  File "<frozen importlib._bootstrap_external>", line 843, in exec_module
  File "<frozen importlib._bootstrap>", line 219, in _call_with_frames_removed
  File "/opt/airflow/dags/playwright_shopee.py", line 228, in <module>
    raise RuntimeError("Cookies tidak valid. Export ulang dari Chrome.")
RuntimeError: Cookies tidak valid. Export ulang dari Chrome.
[2026-05-27T05:09:56.262+0000] {processor.py:842} WARNING - No viable dags retrieved from /opt/airflow/dags/playwright_shopee.py
[2026-05-27T05:09:56.296+0000] {processor.py:183} INFO - Processing /opt/airflow/dags/playwright_shopee.py took 9.751 seconds
[2026-05-27T05:10:26.601+0000] {processor.py:161} INFO - Started process (PID=30882) to work on /opt/airflow/dags/playwright_shopee.py
[2026-05-27T05:10:26.602+0000] {processor.py:830} INFO - Processing file /opt/airflow/dags/playwright_shopee.py for tasks to queue
[2026-05-27T05:10:26.603+0000] {logging_mixin.py:188} INFO - [2026-05-27T05:10:26.603+0000] {dagbag.py:545} INFO - Filling up the DagBag from /opt/airflow/dags/playwright_shopee.py
[2026-05-27T05:10:27.151+0000] {logging_mixin.py:188} INFO - 🌐 Membuka Chromium...
[2026-05-27T05:10:27.405+0000] {logging_mixin.py:188} INFO - 🍪 Inject cookies Shopee...
[2026-05-27T05:10:27.408+0000] {logging_mixin.py:188} INFO - ✅ 16 cookies berhasil diload dari /opt/airflow/dags/shopee_cookies.json
[2026-05-27T05:10:27.507+0000] {logging_mixin.py:188} INFO - 🌍 Membuka Shopee search...
[2026-05-27T05:10:38.893+0000] {logging_mixin.py:188} INFO - 📄 URL   : https://shopee.co.id/search?keyword=msi%20gaming
[2026-05-27T05:10:39.626+0000] {logging_mixin.py:188} INFO - 📄 TITLE : Shopee Indonesia | Situs Belanja Online Terlengkap & Terpercaya
[2026-05-27T05:10:40.427+0000] {logging_mixin.py:188} INFO - ❌ Kena traffic verify — cookies mungkin expired.
[2026-05-27T05:10:40.428+0000] {logging_mixin.py:188} INFO - ⚠️  Export ulang cookies dari Chrome dan update shopee_cookies.json
[2026-05-27T05:10:40.896+0000] {logging_mixin.py:188} INFO - [2026-05-27T05:10:40.894+0000] {dagbag.py:355} ERROR - Failed to import: /opt/airflow/dags/playwright_shopee.py
Traceback (most recent call last):
  File "/home/airflow/.local/lib/python3.8/site-packages/airflow/models/dagbag.py", line 351, in parse
    loader.exec_module(new_module)
  File "<frozen importlib._bootstrap_external>", line 843, in exec_module
  File "<frozen importlib._bootstrap>", line 219, in _call_with_frames_removed
  File "/opt/airflow/dags/playwright_shopee.py", line 218, in <module>
    raise RuntimeError(
RuntimeError: Shopee traffic verify detected. Update shopee_cookies.json dari Cookie-Editor.
[2026-05-27T05:10:40.897+0000] {processor.py:842} WARNING - No viable dags retrieved from /opt/airflow/dags/playwright_shopee.py
[2026-05-27T05:10:40.922+0000] {processor.py:183} INFO - Processing /opt/airflow/dags/playwright_shopee.py took 14.327 seconds
[2026-05-27T05:11:11.393+0000] {processor.py:161} INFO - Started process (PID=31011) to work on /opt/airflow/dags/playwright_shopee.py
[2026-05-27T05:11:11.396+0000] {processor.py:830} INFO - Processing file /opt/airflow/dags/playwright_shopee.py for tasks to queue
[2026-05-27T05:11:11.399+0000] {logging_mixin.py:188} INFO - [2026-05-27T05:11:11.398+0000] {dagbag.py:545} INFO - Filling up the DagBag from /opt/airflow/dags/playwright_shopee.py
[2026-05-27T05:11:11.963+0000] {logging_mixin.py:188} INFO - 🌐 Membuka Chromium...
[2026-05-27T05:11:12.370+0000] {logging_mixin.py:188} INFO - 🍪 Inject cookies Shopee...
[2026-05-27T05:11:12.373+0000] {logging_mixin.py:188} INFO - ✅ 16 cookies berhasil diload dari /opt/airflow/dags/shopee_cookies.json
[2026-05-27T05:11:12.511+0000] {logging_mixin.py:188} INFO - 🌍 Membuka Shopee search...
[2026-05-27T05:11:21.615+0000] {logging_mixin.py:188} INFO - 📄 URL   : https://shopee.co.id/search?keyword=msi%20gaming
[2026-05-27T05:11:21.791+0000] {logging_mixin.py:188} INFO - 📄 TITLE : Shopee Indonesia | Situs Belanja Online Terlengkap & Terpercaya
[2026-05-27T05:11:22.406+0000] {logging_mixin.py:188} INFO - ❌ Cookies tidak valid atau sudah expired.
[2026-05-27T05:11:22.543+0000] {logging_mixin.py:188} INFO - [2026-05-27T05:11:22.541+0000] {dagbag.py:355} ERROR - Failed to import: /opt/airflow/dags/playwright_shopee.py
Traceback (most recent call last):
  File "/home/airflow/.local/lib/python3.8/site-packages/airflow/models/dagbag.py", line 351, in parse
    loader.exec_module(new_module)
  File "<frozen importlib._bootstrap_external>", line 843, in exec_module
  File "<frozen importlib._bootstrap>", line 219, in _call_with_frames_removed
  File "/opt/airflow/dags/playwright_shopee.py", line 228, in <module>
    raise RuntimeError("Cookies tidak valid. Export ulang dari Chrome.")
RuntimeError: Cookies tidak valid. Export ulang dari Chrome.
[2026-05-27T05:11:22.544+0000] {processor.py:842} WARNING - No viable dags retrieved from /opt/airflow/dags/playwright_shopee.py
[2026-05-27T05:11:22.574+0000] {processor.py:183} INFO - Processing /opt/airflow/dags/playwright_shopee.py took 11.191 seconds
[2026-05-27T05:11:53.206+0000] {processor.py:161} INFO - Started process (PID=31140) to work on /opt/airflow/dags/playwright_shopee.py
[2026-05-27T05:11:53.208+0000] {processor.py:830} INFO - Processing file /opt/airflow/dags/playwright_shopee.py for tasks to queue
[2026-05-27T05:11:53.210+0000] {logging_mixin.py:188} INFO - [2026-05-27T05:11:53.210+0000] {dagbag.py:545} INFO - Filling up the DagBag from /opt/airflow/dags/playwright_shopee.py
[2026-05-27T05:11:53.905+0000] {logging_mixin.py:188} INFO - 🌐 Membuka Chromium...
[2026-05-27T05:11:54.157+0000] {logging_mixin.py:188} INFO - 🍪 Inject cookies Shopee...
[2026-05-27T05:11:54.161+0000] {logging_mixin.py:188} INFO - ✅ 16 cookies berhasil diload dari /opt/airflow/dags/shopee_cookies.json
[2026-05-27T05:11:54.399+0000] {logging_mixin.py:188} INFO - 🌍 Membuka Shopee search...
[2026-05-27T05:12:01.235+0000] {logging_mixin.py:188} INFO - 📄 URL   : https://shopee.co.id/search?keyword=msi%20gaming
[2026-05-27T05:12:01.556+0000] {logging_mixin.py:188} INFO - 📄 TITLE : Shopee Indonesia | Situs Belanja Online Terlengkap & Terpercaya
[2026-05-27T05:12:02.623+0000] {logging_mixin.py:188} INFO - ❌ Kena traffic verify — cookies mungkin expired.
[2026-05-27T05:12:02.624+0000] {logging_mixin.py:188} INFO - ⚠️  Export ulang cookies dari Chrome dan update shopee_cookies.json
[2026-05-27T05:12:05.348+0000] {logging_mixin.py:188} INFO - [2026-05-27T05:12:05.346+0000] {dagbag.py:355} ERROR - Failed to import: /opt/airflow/dags/playwright_shopee.py
Traceback (most recent call last):
  File "/home/airflow/.local/lib/python3.8/site-packages/airflow/models/dagbag.py", line 351, in parse
    loader.exec_module(new_module)
  File "<frozen importlib._bootstrap_external>", line 843, in exec_module
  File "<frozen importlib._bootstrap>", line 219, in _call_with_frames_removed
  File "/opt/airflow/dags/playwright_shopee.py", line 218, in <module>
    raise RuntimeError(
RuntimeError: Shopee traffic verify detected. Update shopee_cookies.json dari Cookie-Editor.
[2026-05-27T05:12:05.349+0000] {processor.py:842} WARNING - No viable dags retrieved from /opt/airflow/dags/playwright_shopee.py
[2026-05-27T05:12:05.377+0000] {processor.py:183} INFO - Processing /opt/airflow/dags/playwright_shopee.py took 12.179 seconds
[2026-05-27T05:12:35.932+0000] {processor.py:161} INFO - Started process (PID=31266) to work on /opt/airflow/dags/playwright_shopee.py
[2026-05-27T05:12:35.933+0000] {processor.py:830} INFO - Processing file /opt/airflow/dags/playwright_shopee.py for tasks to queue
[2026-05-27T05:12:35.935+0000] {logging_mixin.py:188} INFO - [2026-05-27T05:12:35.934+0000] {dagbag.py:545} INFO - Filling up the DagBag from /opt/airflow/dags/playwright_shopee.py
[2026-05-27T05:12:36.442+0000] {logging_mixin.py:188} INFO - 🌐 Membuka Chromium...
[2026-05-27T05:12:36.691+0000] {logging_mixin.py:188} INFO - 🍪 Inject cookies Shopee...
[2026-05-27T05:12:36.695+0000] {logging_mixin.py:188} INFO - ✅ 16 cookies berhasil diload dari /opt/airflow/dags/shopee_cookies.json
[2026-05-27T05:12:36.805+0000] {logging_mixin.py:188} INFO - 🌍 Membuka Shopee search...
[2026-05-27T05:12:52.496+0000] {logging_mixin.py:188} INFO - 📄 URL   : https://shopee.co.id/search?keyword=msi%20gaming
[2026-05-27T05:12:53.226+0000] {logging_mixin.py:188} INFO - [2026-05-27T05:12:53.224+0000] {dagbag.py:355} ERROR - Failed to import: /opt/airflow/dags/playwright_shopee.py
Traceback (most recent call last):
  File "/home/airflow/.local/lib/python3.8/site-packages/airflow/models/dagbag.py", line 351, in parse
    loader.exec_module(new_module)
  File "<frozen importlib._bootstrap_external>", line 843, in exec_module
  File "<frozen importlib._bootstrap>", line 219, in _call_with_frames_removed
  File "/opt/airflow/dags/playwright_shopee.py", line 208, in <module>
    print("📄 TITLE :", page.title())
  File "/home/airflow/.local/lib/python3.8/site-packages/playwright/sync_api/_generated.py", line 9407, in title
    return mapping.from_maybe_impl(self._sync(self._impl_obj.title()))
  File "/home/airflow/.local/lib/python3.8/site-packages/playwright/_impl/_sync_base.py", line 115, in _sync
    return task.result()
  File "/home/airflow/.local/lib/python3.8/site-packages/playwright/_impl/_page.py", line 742, in title
    return await self._main_frame.title()
  File "/home/airflow/.local/lib/python3.8/site-packages/playwright/_impl/_frame.py", line 776, in title
    return await self._channel.send("title")
  File "/home/airflow/.local/lib/python3.8/site-packages/playwright/_impl/_connection.py", line 59, in send
    return await self._connection.wrap_api_call(
  File "/home/airflow/.local/lib/python3.8/site-packages/playwright/_impl/_connection.py", line 514, in wrap_api_call
    raise rewrite_error(error, f"{parsed_st['apiName']}: {error}") from None
playwright._impl._errors.Error: Page.title: Execution context was destroyed, most likely because of a navigation
[2026-05-27T05:12:53.227+0000] {processor.py:842} WARNING - No viable dags retrieved from /opt/airflow/dags/playwright_shopee.py
[2026-05-27T05:12:53.257+0000] {processor.py:183} INFO - Processing /opt/airflow/dags/playwright_shopee.py took 17.333 seconds
[2026-05-27T05:13:23.933+0000] {processor.py:161} INFO - Started process (PID=31396) to work on /opt/airflow/dags/playwright_shopee.py
[2026-05-27T05:13:23.934+0000] {processor.py:830} INFO - Processing file /opt/airflow/dags/playwright_shopee.py for tasks to queue
[2026-05-27T05:13:23.936+0000] {logging_mixin.py:188} INFO - [2026-05-27T05:13:23.936+0000] {dagbag.py:545} INFO - Filling up the DagBag from /opt/airflow/dags/playwright_shopee.py
[2026-05-27T05:13:24.500+0000] {logging_mixin.py:188} INFO - 🌐 Membuka Chromium...
[2026-05-27T05:13:24.722+0000] {logging_mixin.py:188} INFO - 🍪 Inject cookies Shopee...
[2026-05-27T05:13:24.725+0000] {logging_mixin.py:188} INFO - ✅ 16 cookies berhasil diload dari /opt/airflow/dags/shopee_cookies.json
[2026-05-27T05:13:24.851+0000] {logging_mixin.py:188} INFO - 🌍 Membuka Shopee search...
[2026-05-27T05:13:33.941+0000] {logging_mixin.py:188} INFO - 📄 URL   : https://shopee.co.id/search?keyword=msi%20gaming
[2026-05-27T05:13:34.418+0000] {logging_mixin.py:188} INFO - 📄 TITLE : Shopee Indonesia | Situs Belanja Online Terlengkap & Terpercaya
[2026-05-27T05:13:35.335+0000] {logging_mixin.py:188} INFO - ❌ Kena traffic verify — cookies mungkin expired.
[2026-05-27T05:13:35.336+0000] {logging_mixin.py:188} INFO - ⚠️  Export ulang cookies dari Chrome dan update shopee_cookies.json
[2026-05-27T05:13:38.862+0000] {logging_mixin.py:188} INFO - [2026-05-27T05:13:38.861+0000] {dagbag.py:355} ERROR - Failed to import: /opt/airflow/dags/playwright_shopee.py
Traceback (most recent call last):
  File "/home/airflow/.local/lib/python3.8/site-packages/airflow/models/dagbag.py", line 351, in parse
    loader.exec_module(new_module)
  File "<frozen importlib._bootstrap_external>", line 843, in exec_module
  File "<frozen importlib._bootstrap>", line 219, in _call_with_frames_removed
  File "/opt/airflow/dags/playwright_shopee.py", line 218, in <module>
    raise RuntimeError(
RuntimeError: Shopee traffic verify detected. Update shopee_cookies.json dari Cookie-Editor.
[2026-05-27T05:13:38.864+0000] {processor.py:842} WARNING - No viable dags retrieved from /opt/airflow/dags/playwright_shopee.py
[2026-05-27T05:13:38.893+0000] {processor.py:183} INFO - Processing /opt/airflow/dags/playwright_shopee.py took 14.969 seconds
[2026-05-27T05:14:09.538+0000] {processor.py:161} INFO - Started process (PID=31516) to work on /opt/airflow/dags/playwright_shopee.py
[2026-05-27T05:14:09.539+0000] {processor.py:830} INFO - Processing file /opt/airflow/dags/playwright_shopee.py for tasks to queue
[2026-05-27T05:14:09.541+0000] {logging_mixin.py:188} INFO - [2026-05-27T05:14:09.541+0000] {dagbag.py:545} INFO - Filling up the DagBag from /opt/airflow/dags/playwright_shopee.py
[2026-05-27T05:14:10.061+0000] {logging_mixin.py:188} INFO - 🌐 Membuka Chromium...
[2026-05-27T05:14:10.278+0000] {logging_mixin.py:188} INFO - 🍪 Inject cookies Shopee...
[2026-05-27T05:14:10.281+0000] {logging_mixin.py:188} INFO - ✅ 16 cookies berhasil diload dari /opt/airflow/dags/shopee_cookies.json
[2026-05-27T05:14:10.384+0000] {logging_mixin.py:188} INFO - 🌍 Membuka Shopee search...
[2026-05-27T05:14:18.906+0000] {logging_mixin.py:188} INFO - 📄 URL   : https://shopee.co.id/search?keyword=msi%20gaming
[2026-05-27T05:14:18.962+0000] {logging_mixin.py:188} INFO - 📄 TITLE : Shopee Indonesia | Situs Belanja Online Terlengkap & Terpercaya
[2026-05-27T05:14:19.336+0000] {logging_mixin.py:188} INFO - ❌ Cookies tidak valid atau sudah expired.
[2026-05-27T05:14:19.446+0000] {logging_mixin.py:188} INFO - [2026-05-27T05:14:19.444+0000] {dagbag.py:355} ERROR - Failed to import: /opt/airflow/dags/playwright_shopee.py
Traceback (most recent call last):
  File "/home/airflow/.local/lib/python3.8/site-packages/airflow/models/dagbag.py", line 351, in parse
    loader.exec_module(new_module)
  File "<frozen importlib._bootstrap_external>", line 843, in exec_module
  File "<frozen importlib._bootstrap>", line 219, in _call_with_frames_removed
  File "/opt/airflow/dags/playwright_shopee.py", line 228, in <module>
    raise RuntimeError("Cookies tidak valid. Export ulang dari Chrome.")
RuntimeError: Cookies tidak valid. Export ulang dari Chrome.
[2026-05-27T05:14:19.447+0000] {processor.py:842} WARNING - No viable dags retrieved from /opt/airflow/dags/playwright_shopee.py
[2026-05-27T05:14:19.477+0000] {processor.py:183} INFO - Processing /opt/airflow/dags/playwright_shopee.py took 9.947 seconds
[2026-05-27T05:14:49.867+0000] {processor.py:161} INFO - Started process (PID=31640) to work on /opt/airflow/dags/playwright_shopee.py
[2026-05-27T05:14:49.868+0000] {processor.py:830} INFO - Processing file /opt/airflow/dags/playwright_shopee.py for tasks to queue
[2026-05-27T05:14:49.869+0000] {logging_mixin.py:188} INFO - [2026-05-27T05:14:49.869+0000] {dagbag.py:545} INFO - Filling up the DagBag from /opt/airflow/dags/playwright_shopee.py
[2026-05-27T05:14:50.405+0000] {logging_mixin.py:188} INFO - 🌐 Membuka Chromium...
[2026-05-27T05:14:50.646+0000] {logging_mixin.py:188} INFO - 🍪 Inject cookies Shopee...
[2026-05-27T05:14:50.649+0000] {logging_mixin.py:188} INFO - ✅ 16 cookies berhasil diload dari /opt/airflow/dags/shopee_cookies.json
[2026-05-27T05:14:50.756+0000] {logging_mixin.py:188} INFO - 🌍 Membuka Shopee search...
[2026-05-27T05:15:00.813+0000] {logging_mixin.py:188} INFO - 📄 URL   : https://shopee.co.id/search?keyword=msi%20gaming
[2026-05-27T05:15:01.022+0000] {logging_mixin.py:188} INFO - 📄 TITLE : Shopee Indonesia | Situs Belanja Online Terlengkap & Terpercaya
[2026-05-27T05:15:02.309+0000] {logging_mixin.py:188} INFO - ✅ Session valid, mulai scraping...
[2026-05-27T05:15:02.324+0000] {logging_mixin.py:188} INFO - [2026-05-27T05:15:02.322+0000] {logger.py:96} INFO - {"message": "Waiting for suitable server to become available", "selector": "<function writable_server_selector at 0x7fedaffb8940>", "operation": "createIndexes", "topologyDescription": "<TopologyDescription id: 6a167dd65f0e294437c7e075, topology_type: Unknown, servers: [<ServerDescription ('mongodb', 27017) server_type: Unknown, rtt: None>]>", "clientId": {"$oid": "6a167dd65f0e294437c7e075"}, "remainingTimeMS": 29}
[2026-05-27T05:15:02.392+0000] {logging_mixin.py:188} INFO - ✅ Terhubung MongoDB: shopee_raw.products
[2026-05-27T05:15:02.394+0000] {logging_mixin.py:188} INFO - 
=================================
[2026-05-27T05:15:02.394+0000] {logging_mixin.py:188} INFO - 📄 PAGE 1/5
[2026-05-27T05:15:02.395+0000] {logging_mixin.py:188} INFO - =================================
[2026-05-27T05:15:02.396+0000] {logging_mixin.py:188} INFO - 🌍 https://shopee.co.id/search?keyword=msi%20gaming&page=0
[2026-05-27T05:15:07.519+0000] {logging_mixin.py:188} INFO - 🖱️ Scrolling...
[2026-05-27T05:15:19.876+0000] {logging_mixin.py:188} INFO - [2026-05-27T05:15:19.875+0000] {timeout.py:68} ERROR - Process timed out, PID: 31640
[2026-05-27T05:15:50.259+0000] {processor.py:161} INFO - Started process (PID=31782) to work on /opt/airflow/dags/playwright_shopee.py
[2026-05-27T05:15:50.260+0000] {processor.py:830} INFO - Processing file /opt/airflow/dags/playwright_shopee.py for tasks to queue
[2026-05-27T05:15:50.262+0000] {logging_mixin.py:188} INFO - [2026-05-27T05:15:50.262+0000] {dagbag.py:545} INFO - Filling up the DagBag from /opt/airflow/dags/playwright_shopee.py
[2026-05-27T05:15:50.841+0000] {logging_mixin.py:188} INFO - 🌐 Membuka Chromium...
[2026-05-27T05:15:51.040+0000] {logging_mixin.py:188} INFO - 🍪 Inject cookies Shopee...
[2026-05-27T05:15:51.043+0000] {logging_mixin.py:188} INFO - ✅ 16 cookies berhasil diload dari /opt/airflow/dags/shopee_cookies.json
[2026-05-27T05:15:51.146+0000] {logging_mixin.py:188} INFO - 🌍 Membuka Shopee search...
[2026-05-27T05:15:58.039+0000] {logging_mixin.py:188} INFO - 📄 URL   : https://shopee.co.id/search?keyword=msi%20gaming
[2026-05-27T05:15:58.875+0000] {logging_mixin.py:188} INFO - [2026-05-27T05:15:58.874+0000] {dagbag.py:355} ERROR - Failed to import: /opt/airflow/dags/playwright_shopee.py
Traceback (most recent call last):
  File "/home/airflow/.local/lib/python3.8/site-packages/airflow/models/dagbag.py", line 351, in parse
    loader.exec_module(new_module)
  File "<frozen importlib._bootstrap_external>", line 843, in exec_module
  File "<frozen importlib._bootstrap>", line 219, in _call_with_frames_removed
  File "/opt/airflow/dags/playwright_shopee.py", line 208, in <module>
    print("📄 TITLE :", page.title())
  File "/home/airflow/.local/lib/python3.8/site-packages/playwright/sync_api/_generated.py", line 9407, in title
    return mapping.from_maybe_impl(self._sync(self._impl_obj.title()))
  File "/home/airflow/.local/lib/python3.8/site-packages/playwright/_impl/_sync_base.py", line 115, in _sync
    return task.result()
  File "/home/airflow/.local/lib/python3.8/site-packages/playwright/_impl/_page.py", line 742, in title
    return await self._main_frame.title()
  File "/home/airflow/.local/lib/python3.8/site-packages/playwright/_impl/_frame.py", line 776, in title
    return await self._channel.send("title")
  File "/home/airflow/.local/lib/python3.8/site-packages/playwright/_impl/_connection.py", line 59, in send
    return await self._connection.wrap_api_call(
  File "/home/airflow/.local/lib/python3.8/site-packages/playwright/_impl/_connection.py", line 514, in wrap_api_call
    raise rewrite_error(error, f"{parsed_st['apiName']}: {error}") from None
playwright._impl._errors.Error: Page.title: Execution context was destroyed, most likely because of a navigation
[2026-05-27T05:15:58.875+0000] {processor.py:842} WARNING - No viable dags retrieved from /opt/airflow/dags/playwright_shopee.py
[2026-05-27T05:15:58.898+0000] {processor.py:183} INFO - Processing /opt/airflow/dags/playwright_shopee.py took 8.646 seconds
[2026-05-27T05:16:29.221+0000] {processor.py:161} INFO - Started process (PID=31909) to work on /opt/airflow/dags/playwright_shopee.py
[2026-05-27T05:16:29.222+0000] {processor.py:830} INFO - Processing file /opt/airflow/dags/playwright_shopee.py for tasks to queue
[2026-05-27T05:16:29.224+0000] {logging_mixin.py:188} INFO - [2026-05-27T05:16:29.224+0000] {dagbag.py:545} INFO - Filling up the DagBag from /opt/airflow/dags/playwright_shopee.py
[2026-05-27T05:16:30.014+0000] {logging_mixin.py:188} INFO - 🌐 Membuka Chromium...
[2026-05-27T05:16:30.303+0000] {logging_mixin.py:188} INFO - 🍪 Inject cookies Shopee...
[2026-05-27T05:16:30.308+0000] {logging_mixin.py:188} INFO - ✅ 16 cookies berhasil diload dari /opt/airflow/dags/shopee_cookies.json
[2026-05-27T05:16:30.495+0000] {logging_mixin.py:188} INFO - 🌍 Membuka Shopee search...
[2026-05-27T05:16:43.349+0000] {logging_mixin.py:188} INFO - 📄 URL   : https://shopee.co.id/search?keyword=msi%20gaming
[2026-05-27T05:16:43.578+0000] {logging_mixin.py:188} INFO - 📄 TITLE : Shopee Indonesia | Situs Belanja Online Terlengkap & Terpercaya
[2026-05-27T05:16:45.061+0000] {logging_mixin.py:188} INFO - ❌ Cookies tidak valid atau sudah expired.
[2026-05-27T05:16:45.199+0000] {logging_mixin.py:188} INFO - [2026-05-27T05:16:45.197+0000] {dagbag.py:355} ERROR - Failed to import: /opt/airflow/dags/playwright_shopee.py
Traceback (most recent call last):
  File "/home/airflow/.local/lib/python3.8/site-packages/airflow/models/dagbag.py", line 351, in parse
    loader.exec_module(new_module)
  File "<frozen importlib._bootstrap_external>", line 843, in exec_module
  File "<frozen importlib._bootstrap>", line 219, in _call_with_frames_removed
  File "/opt/airflow/dags/playwright_shopee.py", line 228, in <module>
    raise RuntimeError("Cookies tidak valid. Export ulang dari Chrome.")
RuntimeError: Cookies tidak valid. Export ulang dari Chrome.
[2026-05-27T05:16:45.200+0000] {processor.py:842} WARNING - No viable dags retrieved from /opt/airflow/dags/playwright_shopee.py
[2026-05-27T05:16:45.228+0000] {processor.py:183} INFO - Processing /opt/airflow/dags/playwright_shopee.py took 16.018 seconds
[2026-05-27T05:17:15.349+0000] {processor.py:161} INFO - Started process (PID=32027) to work on /opt/airflow/dags/playwright_shopee.py
[2026-05-27T05:17:15.351+0000] {processor.py:830} INFO - Processing file /opt/airflow/dags/playwright_shopee.py for tasks to queue
[2026-05-27T05:17:15.353+0000] {logging_mixin.py:188} INFO - [2026-05-27T05:17:15.353+0000] {dagbag.py:545} INFO - Filling up the DagBag from /opt/airflow/dags/playwright_shopee.py
[2026-05-27T05:17:16.192+0000] {logging_mixin.py:188} INFO - 🌐 Membuka Chromium...
[2026-05-27T05:17:16.452+0000] {logging_mixin.py:188} INFO - 🍪 Inject cookies Shopee...
[2026-05-27T05:17:16.456+0000] {logging_mixin.py:188} INFO - ✅ 16 cookies berhasil diload dari /opt/airflow/dags/shopee_cookies.json
[2026-05-27T05:17:16.612+0000] {logging_mixin.py:188} INFO - 🌍 Membuka Shopee search...
[2026-05-27T05:17:26.040+0000] {logging_mixin.py:188} INFO - 📄 URL   : https://shopee.co.id/search?keyword=msi%20gaming
[2026-05-27T05:17:26.380+0000] {logging_mixin.py:188} INFO - 📄 TITLE : Shopee Indonesia | Situs Belanja Online Terlengkap & Terpercaya
[2026-05-27T05:17:27.320+0000] {logging_mixin.py:188} INFO - ❌ Kena traffic verify — cookies mungkin expired.
[2026-05-27T05:17:27.321+0000] {logging_mixin.py:188} INFO - ⚠️  Export ulang cookies dari Chrome dan update shopee_cookies.json
[2026-05-27T05:17:29.599+0000] {logging_mixin.py:188} INFO - [2026-05-27T05:17:29.597+0000] {dagbag.py:355} ERROR - Failed to import: /opt/airflow/dags/playwright_shopee.py
Traceback (most recent call last):
  File "/home/airflow/.local/lib/python3.8/site-packages/airflow/models/dagbag.py", line 351, in parse
    loader.exec_module(new_module)
  File "<frozen importlib._bootstrap_external>", line 843, in exec_module
  File "<frozen importlib._bootstrap>", line 219, in _call_with_frames_removed
  File "/opt/airflow/dags/playwright_shopee.py", line 218, in <module>
    raise RuntimeError(
RuntimeError: Shopee traffic verify detected. Update shopee_cookies.json dari Cookie-Editor.
[2026-05-27T05:17:29.600+0000] {processor.py:842} WARNING - No viable dags retrieved from /opt/airflow/dags/playwright_shopee.py
[2026-05-27T05:17:29.621+0000] {processor.py:183} INFO - Processing /opt/airflow/dags/playwright_shopee.py took 14.279 seconds
[2026-05-27T05:18:00.811+0000] {processor.py:161} INFO - Started process (PID=32160) to work on /opt/airflow/dags/playwright_shopee.py
[2026-05-27T05:18:00.813+0000] {processor.py:830} INFO - Processing file /opt/airflow/dags/playwright_shopee.py for tasks to queue
[2026-05-27T05:18:00.817+0000] {logging_mixin.py:188} INFO - [2026-05-27T05:18:00.817+0000] {dagbag.py:545} INFO - Filling up the DagBag from /opt/airflow/dags/playwright_shopee.py
[2026-05-27T05:18:01.474+0000] {logging_mixin.py:188} INFO - 🌐 Membuka Chromium...
[2026-05-27T05:18:01.771+0000] {logging_mixin.py:188} INFO - 🍪 Inject cookies Shopee...
[2026-05-27T05:18:01.777+0000] {logging_mixin.py:188} INFO - ✅ 16 cookies berhasil diload dari /opt/airflow/dags/shopee_cookies.json
[2026-05-27T05:18:02.151+0000] {logging_mixin.py:188} INFO - 🌍 Membuka Shopee search...
[2026-05-27T05:18:10.606+0000] {logging_mixin.py:188} INFO - 📄 URL   : https://shopee.co.id/search?keyword=msi%20gaming
[2026-05-27T05:18:10.795+0000] {logging_mixin.py:188} INFO - 📄 TITLE : Shopee Indonesia | Situs Belanja Online Terlengkap & Terpercaya
[2026-05-27T05:18:11.446+0000] {logging_mixin.py:188} INFO - ✅ Session valid, mulai scraping...
[2026-05-27T05:18:11.454+0000] {logging_mixin.py:188} INFO - [2026-05-27T05:18:11.453+0000] {logger.py:96} INFO - {"message": "Waiting for suitable server to become available", "selector": "<function writable_server_selector at 0x7fedaffbaee0>", "operation": "createIndexes", "topologyDescription": "<TopologyDescription id: 6a167e93dc3bbed21fa20842, topology_type: Unknown, servers: [<ServerDescription ('mongodb', 27017) server_type: Unknown, rtt: None>]>", "clientId": {"$oid": "6a167e93dc3bbed21fa20842"}, "remainingTimeMS": 29}
[2026-05-27T05:18:11.480+0000] {logging_mixin.py:188} INFO - ✅ Terhubung MongoDB: shopee_raw.products
[2026-05-27T05:18:11.481+0000] {logging_mixin.py:188} INFO - 
=================================
[2026-05-27T05:18:11.482+0000] {logging_mixin.py:188} INFO - 📄 PAGE 1/5
[2026-05-27T05:18:11.482+0000] {logging_mixin.py:188} INFO - =================================
[2026-05-27T05:18:11.483+0000] {logging_mixin.py:188} INFO - 🌍 https://shopee.co.id/search?keyword=msi%20gaming&page=0
[2026-05-27T05:18:17.056+0000] {logging_mixin.py:188} INFO - 🖱️ Scrolling...
[2026-05-27T05:18:30.832+0000] {logging_mixin.py:188} INFO - [2026-05-27T05:18:30.831+0000] {timeout.py:68} ERROR - Process timed out, PID: 32160
[2026-05-27T05:19:01.876+0000] {processor.py:161} INFO - Started process (PID=32297) to work on /opt/airflow/dags/playwright_shopee.py
[2026-05-27T05:19:01.877+0000] {processor.py:830} INFO - Processing file /opt/airflow/dags/playwright_shopee.py for tasks to queue
[2026-05-27T05:19:01.881+0000] {logging_mixin.py:188} INFO - [2026-05-27T05:19:01.881+0000] {dagbag.py:545} INFO - Filling up the DagBag from /opt/airflow/dags/playwright_shopee.py
[2026-05-27T05:19:02.754+0000] {logging_mixin.py:188} INFO - 🌐 Membuka Chromium...
[2026-05-27T05:19:03.238+0000] {logging_mixin.py:188} INFO - 🍪 Inject cookies Shopee...
[2026-05-27T05:19:03.242+0000] {logging_mixin.py:188} INFO - ✅ 16 cookies berhasil diload dari /opt/airflow/dags/shopee_cookies.json
[2026-05-27T05:19:03.522+0000] {logging_mixin.py:188} INFO - 🌍 Membuka Shopee search...
[2026-05-27T05:19:09.219+0000] {logging_mixin.py:188} INFO - 📄 URL   : https://shopee.co.id/search?keyword=msi%20gaming
[2026-05-27T05:19:09.273+0000] {logging_mixin.py:188} INFO - 📄 TITLE : Shopee Indonesia | Situs Belanja Online Terlengkap & Terpercaya
[2026-05-27T05:19:09.488+0000] {logging_mixin.py:188} INFO - ✅ Session valid, mulai scraping...
[2026-05-27T05:19:09.496+0000] {logging_mixin.py:188} INFO - [2026-05-27T05:19:09.495+0000] {logger.py:96} INFO - {"message": "Waiting for suitable server to become available", "selector": "<function writable_server_selector at 0x7fedaffbaee0>", "operation": "createIndexes", "topologyDescription": "<TopologyDescription id: 6a167ecdb5ad70947870aed4, topology_type: Unknown, servers: [<ServerDescription ('mongodb', 27017) server_type: Unknown, rtt: None>]>", "clientId": {"$oid": "6a167ecdb5ad70947870aed4"}, "remainingTimeMS": 29}
[2026-05-27T05:19:09.520+0000] {logging_mixin.py:188} INFO - ✅ Terhubung MongoDB: shopee_raw.products
[2026-05-27T05:19:09.521+0000] {logging_mixin.py:188} INFO - 
=================================
[2026-05-27T05:19:09.522+0000] {logging_mixin.py:188} INFO - 📄 PAGE 1/5
[2026-05-27T05:19:09.523+0000] {logging_mixin.py:188} INFO - =================================
[2026-05-27T05:19:09.524+0000] {logging_mixin.py:188} INFO - 🌍 https://shopee.co.id/search?keyword=msi%20gaming&page=0
[2026-05-27T05:19:16.398+0000] {logging_mixin.py:188} INFO - 🖱️ Scrolling...
[2026-05-27T05:19:31.690+0000] {logging_mixin.py:188} INFO - 📄 URL   : https://shopee.co.id/verify/traffic/error?home_url=https%3A%2F%2Fshopee.co.id&is_logged_in=false&next=https%3A%2F%2Fshopee.co.id%2Fsearch%3Fkeyword%3Dmsi%2520gaming%26page%3D0&tracking_id=813c8f38ca8-8716-44d3-a092-55725ce7963c&type=4
[2026-05-27T05:19:31.740+0000] {logging_mixin.py:188} INFO - 📄 TITLE : Shopee Indonesia | Situs Belanja Online Terlengkap & Terpercaya
[2026-05-27T05:19:31.881+0000] {logging_mixin.py:188} INFO - 🔍 Mengambil item produk...
[2026-05-27T05:19:31.890+0000] {logging_mixin.py:188} INFO - [2026-05-27T05:19:31.890+0000] {timeout.py:68} ERROR - Process timed out, PID: 32297
[2026-05-27T05:20:02.097+0000] {processor.py:161} INFO - Started process (PID=32438) to work on /opt/airflow/dags/playwright_shopee.py
[2026-05-27T05:20:02.098+0000] {processor.py:830} INFO - Processing file /opt/airflow/dags/playwright_shopee.py for tasks to queue
[2026-05-27T05:20:02.100+0000] {logging_mixin.py:188} INFO - [2026-05-27T05:20:02.099+0000] {dagbag.py:545} INFO - Filling up the DagBag from /opt/airflow/dags/playwright_shopee.py
[2026-05-27T05:20:02.680+0000] {logging_mixin.py:188} INFO - 🌐 Membuka Chromium...
[2026-05-27T05:20:02.949+0000] {logging_mixin.py:188} INFO - 🍪 Inject cookies Shopee...
[2026-05-27T05:20:02.952+0000] {logging_mixin.py:188} INFO - ✅ 16 cookies berhasil diload dari /opt/airflow/dags/shopee_cookies.json
[2026-05-27T05:20:03.093+0000] {logging_mixin.py:188} INFO - 🌍 Membuka Shopee search...
[2026-05-27T05:20:11.376+0000] {logging_mixin.py:188} INFO - 📄 URL   : https://shopee.co.id/search?keyword=msi%20gaming
[2026-05-27T05:20:12.839+0000] {logging_mixin.py:188} INFO - 📄 TITLE : Shopee Indonesia | Situs Belanja Online Terlengkap & Terpercaya
[2026-05-27T05:20:14.302+0000] {logging_mixin.py:188} INFO - ❌ Cookies tidak valid atau sudah expired.
[2026-05-27T05:20:14.524+0000] {logging_mixin.py:188} INFO - [2026-05-27T05:20:14.522+0000] {dagbag.py:355} ERROR - Failed to import: /opt/airflow/dags/playwright_shopee.py
Traceback (most recent call last):
  File "/home/airflow/.local/lib/python3.8/site-packages/airflow/models/dagbag.py", line 351, in parse
    loader.exec_module(new_module)
  File "<frozen importlib._bootstrap_external>", line 843, in exec_module
  File "<frozen importlib._bootstrap>", line 219, in _call_with_frames_removed
  File "/opt/airflow/dags/playwright_shopee.py", line 228, in <module>
    raise RuntimeError("Cookies tidak valid. Export ulang dari Chrome.")
RuntimeError: Cookies tidak valid. Export ulang dari Chrome.
[2026-05-27T05:20:14.546+0000] {processor.py:842} WARNING - No viable dags retrieved from /opt/airflow/dags/playwright_shopee.py
[2026-05-27T05:20:14.603+0000] {processor.py:183} INFO - Processing /opt/airflow/dags/playwright_shopee.py took 12.524 seconds
[2026-05-27T05:20:44.914+0000] {processor.py:161} INFO - Started process (PID=32549) to work on /opt/airflow/dags/playwright_shopee.py
[2026-05-27T05:20:44.914+0000] {processor.py:830} INFO - Processing file /opt/airflow/dags/playwright_shopee.py for tasks to queue
[2026-05-27T05:20:44.916+0000] {logging_mixin.py:188} INFO - [2026-05-27T05:20:44.916+0000] {dagbag.py:545} INFO - Filling up the DagBag from /opt/airflow/dags/playwright_shopee.py
[2026-05-27T05:20:45.402+0000] {logging_mixin.py:188} INFO - 🌐 Membuka Chromium...
[2026-05-27T05:20:45.665+0000] {logging_mixin.py:188} INFO - 🍪 Inject cookies Shopee...
[2026-05-27T05:20:45.667+0000] {logging_mixin.py:188} INFO - ✅ 16 cookies berhasil diload dari /opt/airflow/dags/shopee_cookies.json
[2026-05-27T05:20:45.787+0000] {logging_mixin.py:188} INFO - 🌍 Membuka Shopee search...
[2026-05-27T05:20:52.437+0000] {logging_mixin.py:188} INFO - 📄 URL   : https://shopee.co.id/search?keyword=msi%20gaming
[2026-05-27T05:20:53.698+0000] {logging_mixin.py:188} INFO - 📄 TITLE : Jual msi gaming Harga Terbaik & Termurah Mei 2026 | Shopee Indonesia
[2026-05-27T05:20:55.232+0000] {logging_mixin.py:188} INFO - ❌ Kena traffic verify — cookies mungkin expired.
[2026-05-27T05:20:55.232+0000] {logging_mixin.py:188} INFO - ⚠️  Export ulang cookies dari Chrome dan update shopee_cookies.json
[2026-05-27T05:21:00.939+0000] {logging_mixin.py:188} INFO - [2026-05-27T05:21:00.937+0000] {dagbag.py:355} ERROR - Failed to import: /opt/airflow/dags/playwright_shopee.py
Traceback (most recent call last):
  File "/home/airflow/.local/lib/python3.8/site-packages/airflow/models/dagbag.py", line 351, in parse
    loader.exec_module(new_module)
  File "<frozen importlib._bootstrap_external>", line 843, in exec_module
  File "<frozen importlib._bootstrap>", line 219, in _call_with_frames_removed
  File "/opt/airflow/dags/playwright_shopee.py", line 218, in <module>
    raise RuntimeError(
RuntimeError: Shopee traffic verify detected. Update shopee_cookies.json dari Cookie-Editor.
[2026-05-27T05:21:00.940+0000] {processor.py:842} WARNING - No viable dags retrieved from /opt/airflow/dags/playwright_shopee.py
[2026-05-27T05:21:00.968+0000] {processor.py:183} INFO - Processing /opt/airflow/dags/playwright_shopee.py took 16.061 seconds
[2026-05-27T05:21:31.225+0000] {processor.py:161} INFO - Started process (PID=32686) to work on /opt/airflow/dags/playwright_shopee.py
[2026-05-27T05:21:31.227+0000] {processor.py:830} INFO - Processing file /opt/airflow/dags/playwright_shopee.py for tasks to queue
[2026-05-27T05:21:31.231+0000] {logging_mixin.py:188} INFO - [2026-05-27T05:21:31.230+0000] {dagbag.py:545} INFO - Filling up the DagBag from /opt/airflow/dags/playwright_shopee.py
[2026-05-27T05:21:31.756+0000] {logging_mixin.py:188} INFO - 🌐 Membuka Chromium...
[2026-05-27T05:21:32.057+0000] {logging_mixin.py:188} INFO - 🍪 Inject cookies Shopee...
[2026-05-27T05:21:32.061+0000] {logging_mixin.py:188} INFO - ✅ 16 cookies berhasil diload dari /opt/airflow/dags/shopee_cookies.json
[2026-05-27T05:21:32.204+0000] {logging_mixin.py:188} INFO - 🌍 Membuka Shopee search...
[2026-05-27T05:21:38.329+0000] {logging_mixin.py:188} INFO - 📄 URL   : https://shopee.co.id/search?keyword=msi%20gaming
[2026-05-27T05:21:39.140+0000] {logging_mixin.py:188} INFO - 📄 TITLE : Shopee Indonesia | Situs Belanja Online Terlengkap & Terpercaya
[2026-05-27T05:21:40.360+0000] {logging_mixin.py:188} INFO - ❌ Cookies tidak valid atau sudah expired.
[2026-05-27T05:21:40.522+0000] {logging_mixin.py:188} INFO - [2026-05-27T05:21:40.521+0000] {dagbag.py:355} ERROR - Failed to import: /opt/airflow/dags/playwright_shopee.py
Traceback (most recent call last):
  File "/home/airflow/.local/lib/python3.8/site-packages/airflow/models/dagbag.py", line 351, in parse
    loader.exec_module(new_module)
  File "<frozen importlib._bootstrap_external>", line 843, in exec_module
  File "<frozen importlib._bootstrap>", line 219, in _call_with_frames_removed
  File "/opt/airflow/dags/playwright_shopee.py", line 228, in <module>
    raise RuntimeError("Cookies tidak valid. Export ulang dari Chrome.")
RuntimeError: Cookies tidak valid. Export ulang dari Chrome.
[2026-05-27T05:21:40.523+0000] {processor.py:842} WARNING - No viable dags retrieved from /opt/airflow/dags/playwright_shopee.py
[2026-05-27T05:21:40.548+0000] {processor.py:183} INFO - Processing /opt/airflow/dags/playwright_shopee.py took 9.332 seconds
[2026-05-27T05:22:10.899+0000] {processor.py:161} INFO - Started process (PID=32795) to work on /opt/airflow/dags/playwright_shopee.py
[2026-05-27T05:22:10.900+0000] {processor.py:830} INFO - Processing file /opt/airflow/dags/playwright_shopee.py for tasks to queue
[2026-05-27T05:22:10.902+0000] {logging_mixin.py:188} INFO - [2026-05-27T05:22:10.902+0000] {dagbag.py:545} INFO - Filling up the DagBag from /opt/airflow/dags/playwright_shopee.py
[2026-05-27T05:22:11.496+0000] {logging_mixin.py:188} INFO - 🌐 Membuka Chromium...
[2026-05-27T05:22:11.781+0000] {logging_mixin.py:188} INFO - 🍪 Inject cookies Shopee...
[2026-05-27T05:22:11.784+0000] {logging_mixin.py:188} INFO - ✅ 16 cookies berhasil diload dari /opt/airflow/dags/shopee_cookies.json
[2026-05-27T05:22:11.914+0000] {logging_mixin.py:188} INFO - 🌍 Membuka Shopee search...
[2026-05-27T05:22:22.621+0000] {logging_mixin.py:188} INFO - 📄 URL   : https://shopee.co.id/search?keyword=msi%20gaming
[2026-05-27T05:22:22.648+0000] {logging_mixin.py:188} INFO - 📄 TITLE : Shopee Indonesia | Situs Belanja Online Terlengkap & Terpercaya
[2026-05-27T05:22:23.543+0000] {logging_mixin.py:188} INFO - ✅ Session valid, mulai scraping...
[2026-05-27T05:22:23.551+0000] {logging_mixin.py:188} INFO - [2026-05-27T05:22:23.550+0000] {logger.py:96} INFO - {"message": "Waiting for suitable server to become available", "selector": "<function writable_server_selector at 0x7fedaffbaee0>", "operation": "createIndexes", "topologyDescription": "<TopologyDescription id: 6a167f8fac3ecbcaa9ba49c9, topology_type: Unknown, servers: [<ServerDescription ('mongodb', 27017) server_type: Unknown, rtt: None>]>", "clientId": {"$oid": "6a167f8fac3ecbcaa9ba49c9"}, "remainingTimeMS": 29}
[2026-05-27T05:22:23.570+0000] {logging_mixin.py:188} INFO - ✅ Terhubung MongoDB: shopee_raw.products
[2026-05-27T05:22:23.571+0000] {logging_mixin.py:188} INFO - 
=================================
[2026-05-27T05:22:23.572+0000] {logging_mixin.py:188} INFO - 📄 PAGE 1/5
[2026-05-27T05:22:23.572+0000] {logging_mixin.py:188} INFO - =================================
[2026-05-27T05:22:23.572+0000] {logging_mixin.py:188} INFO - 🌍 https://shopee.co.id/search?keyword=msi%20gaming&page=0
[2026-05-27T05:22:33.494+0000] {logging_mixin.py:188} INFO - 🖱️ Scrolling...
[2026-05-27T05:22:40.912+0000] {logging_mixin.py:188} INFO - [2026-05-27T05:22:40.911+0000] {timeout.py:68} ERROR - Process timed out, PID: 32795
[2026-05-27T05:23:11.532+0000] {processor.py:161} INFO - Started process (PID=32928) to work on /opt/airflow/dags/playwright_shopee.py
[2026-05-27T05:23:11.534+0000] {processor.py:830} INFO - Processing file /opt/airflow/dags/playwright_shopee.py for tasks to queue
[2026-05-27T05:23:11.536+0000] {logging_mixin.py:188} INFO - [2026-05-27T05:23:11.536+0000] {dagbag.py:545} INFO - Filling up the DagBag from /opt/airflow/dags/playwright_shopee.py
[2026-05-27T05:23:12.031+0000] {logging_mixin.py:188} INFO - 🌐 Membuka Chromium...
[2026-05-27T05:23:12.309+0000] {logging_mixin.py:188} INFO - 🍪 Inject cookies Shopee...
[2026-05-27T05:23:12.311+0000] {logging_mixin.py:188} INFO - ✅ 16 cookies berhasil diload dari /opt/airflow/dags/shopee_cookies.json
[2026-05-27T05:23:12.430+0000] {logging_mixin.py:188} INFO - 🌍 Membuka Shopee search...
[2026-05-27T05:23:19.777+0000] {logging_mixin.py:188} INFO - 📄 URL   : https://shopee.co.id/search?keyword=msi%20gaming
[2026-05-27T05:23:20.221+0000] {logging_mixin.py:188} INFO - 📄 TITLE : Shopee Indonesia | Situs Belanja Online Terlengkap & Terpercaya
[2026-05-27T05:23:21.102+0000] {logging_mixin.py:188} INFO - ❌ Cookies tidak valid atau sudah expired.
[2026-05-27T05:23:21.242+0000] {logging_mixin.py:188} INFO - [2026-05-27T05:23:21.241+0000] {dagbag.py:355} ERROR - Failed to import: /opt/airflow/dags/playwright_shopee.py
Traceback (most recent call last):
  File "/home/airflow/.local/lib/python3.8/site-packages/airflow/models/dagbag.py", line 351, in parse
    loader.exec_module(new_module)
  File "<frozen importlib._bootstrap_external>", line 843, in exec_module
  File "<frozen importlib._bootstrap>", line 219, in _call_with_frames_removed
  File "/opt/airflow/dags/playwright_shopee.py", line 228, in <module>
    raise RuntimeError("Cookies tidak valid. Export ulang dari Chrome.")
RuntimeError: Cookies tidak valid. Export ulang dari Chrome.
[2026-05-27T05:23:21.245+0000] {processor.py:842} WARNING - No viable dags retrieved from /opt/airflow/dags/playwright_shopee.py
[2026-05-27T05:23:21.275+0000] {processor.py:183} INFO - Processing /opt/airflow/dags/playwright_shopee.py took 9.754 seconds
[2026-05-27T05:23:51.862+0000] {processor.py:161} INFO - Started process (PID=33050) to work on /opt/airflow/dags/playwright_shopee.py
[2026-05-27T05:23:51.863+0000] {processor.py:830} INFO - Processing file /opt/airflow/dags/playwright_shopee.py for tasks to queue
[2026-05-27T05:23:51.865+0000] {logging_mixin.py:188} INFO - [2026-05-27T05:23:51.864+0000] {dagbag.py:545} INFO - Filling up the DagBag from /opt/airflow/dags/playwright_shopee.py
[2026-05-27T05:23:52.390+0000] {logging_mixin.py:188} INFO - 🌐 Membuka Chromium...
[2026-05-27T05:23:52.632+0000] {logging_mixin.py:188} INFO - 🍪 Inject cookies Shopee...
[2026-05-27T05:23:52.636+0000] {logging_mixin.py:188} INFO - ✅ 16 cookies berhasil diload dari /opt/airflow/dags/shopee_cookies.json
[2026-05-27T05:23:52.770+0000] {logging_mixin.py:188} INFO - 🌍 Membuka Shopee search...
[2026-05-27T05:24:01.418+0000] {logging_mixin.py:188} INFO - 📄 URL   : https://shopee.co.id/search?keyword=msi%20gaming
[2026-05-27T05:24:01.912+0000] {logging_mixin.py:188} INFO - 📄 TITLE : Jual msi gaming Harga Terbaik & Termurah Mei 2026 | Shopee Indonesia
[2026-05-27T05:24:02.700+0000] {logging_mixin.py:188} INFO - ❌ Kena traffic verify — cookies mungkin expired.
[2026-05-27T05:24:02.702+0000] {logging_mixin.py:188} INFO - ⚠️  Export ulang cookies dari Chrome dan update shopee_cookies.json
[2026-05-27T05:24:07.903+0000] {logging_mixin.py:188} INFO - [2026-05-27T05:24:07.902+0000] {dagbag.py:355} ERROR - Failed to import: /opt/airflow/dags/playwright_shopee.py
Traceback (most recent call last):
  File "/home/airflow/.local/lib/python3.8/site-packages/airflow/models/dagbag.py", line 351, in parse
    loader.exec_module(new_module)
  File "<frozen importlib._bootstrap_external>", line 843, in exec_module
  File "<frozen importlib._bootstrap>", line 219, in _call_with_frames_removed
  File "/opt/airflow/dags/playwright_shopee.py", line 218, in <module>
    raise RuntimeError(
RuntimeError: Shopee traffic verify detected. Update shopee_cookies.json dari Cookie-Editor.
[2026-05-27T05:24:07.905+0000] {processor.py:842} WARNING - No viable dags retrieved from /opt/airflow/dags/playwright_shopee.py
[2026-05-27T05:24:07.934+0000] {processor.py:183} INFO - Processing /opt/airflow/dags/playwright_shopee.py took 16.080 seconds
[2026-05-27T05:24:38.228+0000] {processor.py:161} INFO - Started process (PID=33178) to work on /opt/airflow/dags/playwright_shopee.py
[2026-05-27T05:24:38.230+0000] {processor.py:830} INFO - Processing file /opt/airflow/dags/playwright_shopee.py for tasks to queue
[2026-05-27T05:24:38.232+0000] {logging_mixin.py:188} INFO - [2026-05-27T05:24:38.231+0000] {dagbag.py:545} INFO - Filling up the DagBag from /opt/airflow/dags/playwright_shopee.py
[2026-05-27T05:24:38.767+0000] {logging_mixin.py:188} INFO - 🌐 Membuka Chromium...
[2026-05-27T05:24:39.030+0000] {logging_mixin.py:188} INFO - 🍪 Inject cookies Shopee...
[2026-05-27T05:24:39.034+0000] {logging_mixin.py:188} INFO - ✅ 16 cookies berhasil diload dari /opt/airflow/dags/shopee_cookies.json
[2026-05-27T05:24:39.185+0000] {logging_mixin.py:188} INFO - 🌍 Membuka Shopee search...
[2026-05-27T05:24:47.941+0000] {logging_mixin.py:188} INFO - 📄 URL   : https://shopee.co.id/search?keyword=msi%20gaming
[2026-05-27T05:24:48.589+0000] {logging_mixin.py:188} INFO - [2026-05-27T05:24:48.587+0000] {dagbag.py:355} ERROR - Failed to import: /opt/airflow/dags/playwright_shopee.py
Traceback (most recent call last):
  File "/home/airflow/.local/lib/python3.8/site-packages/airflow/models/dagbag.py", line 351, in parse
    loader.exec_module(new_module)
  File "<frozen importlib._bootstrap_external>", line 843, in exec_module
  File "<frozen importlib._bootstrap>", line 219, in _call_with_frames_removed
  File "/opt/airflow/dags/playwright_shopee.py", line 208, in <module>
    print("📄 TITLE :", page.title())
  File "/home/airflow/.local/lib/python3.8/site-packages/playwright/sync_api/_generated.py", line 9407, in title
    return mapping.from_maybe_impl(self._sync(self._impl_obj.title()))
  File "/home/airflow/.local/lib/python3.8/site-packages/playwright/_impl/_sync_base.py", line 115, in _sync
    return task.result()
  File "/home/airflow/.local/lib/python3.8/site-packages/playwright/_impl/_page.py", line 742, in title
    return await self._main_frame.title()
  File "/home/airflow/.local/lib/python3.8/site-packages/playwright/_impl/_frame.py", line 776, in title
    return await self._channel.send("title")
  File "/home/airflow/.local/lib/python3.8/site-packages/playwright/_impl/_connection.py", line 59, in send
    return await self._connection.wrap_api_call(
  File "/home/airflow/.local/lib/python3.8/site-packages/playwright/_impl/_connection.py", line 514, in wrap_api_call
    raise rewrite_error(error, f"{parsed_st['apiName']}: {error}") from None
playwright._impl._errors.Error: Page.title: Execution context was destroyed, most likely because of a navigation
[2026-05-27T05:24:48.590+0000] {processor.py:842} WARNING - No viable dags retrieved from /opt/airflow/dags/playwright_shopee.py
[2026-05-27T05:24:48.614+0000] {processor.py:183} INFO - Processing /opt/airflow/dags/playwright_shopee.py took 10.396 seconds
[2026-05-27T05:25:18.849+0000] {processor.py:161} INFO - Started process (PID=33296) to work on /opt/airflow/dags/playwright_shopee.py
[2026-05-27T05:25:18.850+0000] {processor.py:830} INFO - Processing file /opt/airflow/dags/playwright_shopee.py for tasks to queue
[2026-05-27T05:25:18.852+0000] {logging_mixin.py:188} INFO - [2026-05-27T05:25:18.852+0000] {dagbag.py:545} INFO - Filling up the DagBag from /opt/airflow/dags/playwright_shopee.py
[2026-05-27T05:25:19.351+0000] {logging_mixin.py:188} INFO - 🌐 Membuka Chromium...
[2026-05-27T05:25:19.541+0000] {logging_mixin.py:188} INFO - 🍪 Inject cookies Shopee...
[2026-05-27T05:25:19.544+0000] {logging_mixin.py:188} INFO - ✅ 16 cookies berhasil diload dari /opt/airflow/dags/shopee_cookies.json
[2026-05-27T05:25:19.667+0000] {logging_mixin.py:188} INFO - 🌍 Membuka Shopee search...
[2026-05-27T05:25:27.697+0000] {logging_mixin.py:188} INFO - 📄 URL   : https://shopee.co.id/search?keyword=msi%20gaming
[2026-05-27T05:25:28.183+0000] {logging_mixin.py:188} INFO - 📄 TITLE : 
[2026-05-27T05:25:30.451+0000] {logging_mixin.py:188} INFO - ❌ Kena traffic verify — cookies mungkin expired.
[2026-05-27T05:25:30.452+0000] {logging_mixin.py:188} INFO - ⚠️  Export ulang cookies dari Chrome dan update shopee_cookies.json
[2026-05-27T05:25:31.284+0000] {logging_mixin.py:188} INFO - [2026-05-27T05:25:31.283+0000] {dagbag.py:355} ERROR - Failed to import: /opt/airflow/dags/playwright_shopee.py
Traceback (most recent call last):
  File "/home/airflow/.local/lib/python3.8/site-packages/airflow/models/dagbag.py", line 351, in parse
    loader.exec_module(new_module)
  File "<frozen importlib._bootstrap_external>", line 843, in exec_module
  File "<frozen importlib._bootstrap>", line 219, in _call_with_frames_removed
  File "/opt/airflow/dags/playwright_shopee.py", line 218, in <module>
    raise RuntimeError(
RuntimeError: Shopee traffic verify detected. Update shopee_cookies.json dari Cookie-Editor.
[2026-05-27T05:25:31.285+0000] {processor.py:842} WARNING - No viable dags retrieved from /opt/airflow/dags/playwright_shopee.py
[2026-05-27T05:25:31.315+0000] {processor.py:183} INFO - Processing /opt/airflow/dags/playwright_shopee.py took 12.472 seconds
[2026-05-27T05:26:01.527+0000] {processor.py:161} INFO - Started process (PID=33426) to work on /opt/airflow/dags/playwright_shopee.py
[2026-05-27T05:26:01.528+0000] {processor.py:830} INFO - Processing file /opt/airflow/dags/playwright_shopee.py for tasks to queue
[2026-05-27T05:26:01.530+0000] {logging_mixin.py:188} INFO - [2026-05-27T05:26:01.530+0000] {dagbag.py:545} INFO - Filling up the DagBag from /opt/airflow/dags/playwright_shopee.py
[2026-05-27T05:26:03.213+0000] {logging_mixin.py:188} INFO - 🌐 Membuka Chromium...
[2026-05-27T05:26:05.757+0000] {logging_mixin.py:188} INFO - 🍪 Inject cookies Shopee...
[2026-05-27T05:26:05.771+0000] {logging_mixin.py:188} INFO - ✅ 16 cookies berhasil diload dari /opt/airflow/dags/shopee_cookies.json
[2026-05-27T05:26:06.004+0000] {logging_mixin.py:188} INFO - 🌍 Membuka Shopee search...
[2026-05-27T05:26:13.612+0000] {logging_mixin.py:188} INFO - 📄 URL   : https://shopee.co.id/search?keyword=msi%20gaming
[2026-05-27T05:26:13.645+0000] {logging_mixin.py:188} INFO - 📄 TITLE : Shopee Indonesia | Situs Belanja Online Terlengkap & Terpercaya
[2026-05-27T05:26:13.985+0000] {logging_mixin.py:188} INFO - ❌ Cookies tidak valid atau sudah expired.
[2026-05-27T05:26:14.144+0000] {logging_mixin.py:188} INFO - [2026-05-27T05:26:14.143+0000] {dagbag.py:355} ERROR - Failed to import: /opt/airflow/dags/playwright_shopee.py
Traceback (most recent call last):
  File "/home/airflow/.local/lib/python3.8/site-packages/airflow/models/dagbag.py", line 351, in parse
    loader.exec_module(new_module)
  File "<frozen importlib._bootstrap_external>", line 843, in exec_module
  File "<frozen importlib._bootstrap>", line 219, in _call_with_frames_removed
  File "/opt/airflow/dags/playwright_shopee.py", line 228, in <module>
    raise RuntimeError("Cookies tidak valid. Export ulang dari Chrome.")
RuntimeError: Cookies tidak valid. Export ulang dari Chrome.
[2026-05-27T05:26:14.146+0000] {processor.py:842} WARNING - No viable dags retrieved from /opt/airflow/dags/playwright_shopee.py
[2026-05-27T05:26:14.179+0000] {processor.py:183} INFO - Processing /opt/airflow/dags/playwright_shopee.py took 12.662 seconds
[2026-05-27T05:26:44.706+0000] {processor.py:161} INFO - Started process (PID=33555) to work on /opt/airflow/dags/playwright_shopee.py
[2026-05-27T05:26:44.707+0000] {processor.py:830} INFO - Processing file /opt/airflow/dags/playwright_shopee.py for tasks to queue
[2026-05-27T05:26:44.709+0000] {logging_mixin.py:188} INFO - [2026-05-27T05:26:44.709+0000] {dagbag.py:545} INFO - Filling up the DagBag from /opt/airflow/dags/playwright_shopee.py
[2026-05-27T05:26:45.298+0000] {logging_mixin.py:188} INFO - 🌐 Membuka Chromium...
[2026-05-27T05:26:45.561+0000] {logging_mixin.py:188} INFO - 🍪 Inject cookies Shopee...
[2026-05-27T05:26:45.565+0000] {logging_mixin.py:188} INFO - ✅ 16 cookies berhasil diload dari /opt/airflow/dags/shopee_cookies.json
[2026-05-27T05:26:45.706+0000] {logging_mixin.py:188} INFO - 🌍 Membuka Shopee search...
[2026-05-27T05:27:08.883+0000] {logging_mixin.py:188} INFO - 📄 URL   : https://shopee.co.id/search?keyword=msi%20gaming
[2026-05-27T05:27:08.934+0000] {logging_mixin.py:188} INFO - 📄 TITLE : Shopee Indonesia | Situs Belanja Online Terlengkap & Terpercaya
[2026-05-27T05:27:09.233+0000] {logging_mixin.py:188} INFO - ❌ Cookies tidak valid atau sudah expired.
[2026-05-27T05:27:09.379+0000] {logging_mixin.py:188} INFO - [2026-05-27T05:27:09.378+0000] {dagbag.py:355} ERROR - Failed to import: /opt/airflow/dags/playwright_shopee.py
Traceback (most recent call last):
  File "/home/airflow/.local/lib/python3.8/site-packages/airflow/models/dagbag.py", line 351, in parse
    loader.exec_module(new_module)
  File "<frozen importlib._bootstrap_external>", line 843, in exec_module
  File "<frozen importlib._bootstrap>", line 219, in _call_with_frames_removed
  File "/opt/airflow/dags/playwright_shopee.py", line 228, in <module>
    raise RuntimeError("Cookies tidak valid. Export ulang dari Chrome.")
RuntimeError: Cookies tidak valid. Export ulang dari Chrome.
[2026-05-27T05:27:09.381+0000] {processor.py:842} WARNING - No viable dags retrieved from /opt/airflow/dags/playwright_shopee.py
[2026-05-27T05:27:09.408+0000] {processor.py:183} INFO - Processing /opt/airflow/dags/playwright_shopee.py took 24.712 seconds
[2026-05-27T05:27:39.900+0000] {processor.py:161} INFO - Started process (PID=33685) to work on /opt/airflow/dags/playwright_shopee.py
[2026-05-27T05:27:39.902+0000] {processor.py:830} INFO - Processing file /opt/airflow/dags/playwright_shopee.py for tasks to queue
[2026-05-27T05:27:39.904+0000] {logging_mixin.py:188} INFO - [2026-05-27T05:27:39.903+0000] {dagbag.py:545} INFO - Filling up the DagBag from /opt/airflow/dags/playwright_shopee.py
[2026-05-27T05:27:40.507+0000] {logging_mixin.py:188} INFO - 🌐 Membuka Chromium...
[2026-05-27T05:27:40.869+0000] {logging_mixin.py:188} INFO - 🍪 Inject cookies Shopee...
[2026-05-27T05:27:40.872+0000] {logging_mixin.py:188} INFO - ✅ 16 cookies berhasil diload dari /opt/airflow/dags/shopee_cookies.json
[2026-05-27T05:27:41.133+0000] {logging_mixin.py:188} INFO - 🌍 Membuka Shopee search...
[2026-05-27T05:27:47.081+0000] {logging_mixin.py:188} INFO - 📄 URL   : https://shopee.co.id/search?keyword=msi%20gaming
[2026-05-27T05:27:47.518+0000] {logging_mixin.py:188} INFO - 📄 TITLE : Shopee Indonesia | Situs Belanja Online Terlengkap & Terpercaya
[2026-05-27T05:27:48.463+0000] {logging_mixin.py:188} INFO - ❌ Kena traffic verify — cookies mungkin expired.
[2026-05-27T05:27:48.464+0000] {logging_mixin.py:188} INFO - ⚠️  Export ulang cookies dari Chrome dan update shopee_cookies.json
[2026-05-27T05:27:51.533+0000] {logging_mixin.py:188} INFO - [2026-05-27T05:27:51.531+0000] {dagbag.py:355} ERROR - Failed to import: /opt/airflow/dags/playwright_shopee.py
Traceback (most recent call last):
  File "/home/airflow/.local/lib/python3.8/site-packages/airflow/models/dagbag.py", line 351, in parse
    loader.exec_module(new_module)
  File "<frozen importlib._bootstrap_external>", line 843, in exec_module
  File "<frozen importlib._bootstrap>", line 219, in _call_with_frames_removed
  File "/opt/airflow/dags/playwright_shopee.py", line 218, in <module>
    raise RuntimeError(
RuntimeError: Shopee traffic verify detected. Update shopee_cookies.json dari Cookie-Editor.
[2026-05-27T05:27:51.535+0000] {processor.py:842} WARNING - No viable dags retrieved from /opt/airflow/dags/playwright_shopee.py
[2026-05-27T05:27:51.574+0000] {processor.py:183} INFO - Processing /opt/airflow/dags/playwright_shopee.py took 11.685 seconds
[2026-05-27T05:28:21.841+0000] {processor.py:161} INFO - Started process (PID=33809) to work on /opt/airflow/dags/playwright_shopee.py
[2026-05-27T05:28:21.842+0000] {processor.py:830} INFO - Processing file /opt/airflow/dags/playwright_shopee.py for tasks to queue
[2026-05-27T05:28:21.844+0000] {logging_mixin.py:188} INFO - [2026-05-27T05:28:21.844+0000] {dagbag.py:545} INFO - Filling up the DagBag from /opt/airflow/dags/playwright_shopee.py
[2026-05-27T05:28:22.348+0000] {logging_mixin.py:188} INFO - 🌐 Membuka Chromium...
[2026-05-27T05:28:22.632+0000] {logging_mixin.py:188} INFO - 🍪 Inject cookies Shopee...
[2026-05-27T05:28:22.637+0000] {logging_mixin.py:188} INFO - ✅ 16 cookies berhasil diload dari /opt/airflow/dags/shopee_cookies.json
[2026-05-27T05:28:22.751+0000] {logging_mixin.py:188} INFO - 🌍 Membuka Shopee search...
[2026-05-27T05:28:32.052+0000] {logging_mixin.py:188} INFO - 📄 URL   : https://shopee.co.id/search?keyword=msi%20gaming
[2026-05-27T05:28:32.084+0000] {logging_mixin.py:188} INFO - 📄 TITLE : Shopee Indonesia | Situs Belanja Online Terlengkap & Terpercaya
[2026-05-27T05:28:32.494+0000] {logging_mixin.py:188} INFO - ❌ Cookies tidak valid atau sudah expired.
[2026-05-27T05:28:32.650+0000] {logging_mixin.py:188} INFO - [2026-05-27T05:28:32.646+0000] {dagbag.py:355} ERROR - Failed to import: /opt/airflow/dags/playwright_shopee.py
Traceback (most recent call last):
  File "/home/airflow/.local/lib/python3.8/site-packages/airflow/models/dagbag.py", line 351, in parse
    loader.exec_module(new_module)
  File "<frozen importlib._bootstrap_external>", line 843, in exec_module
  File "<frozen importlib._bootstrap>", line 219, in _call_with_frames_removed
  File "/opt/airflow/dags/playwright_shopee.py", line 228, in <module>
    raise RuntimeError("Cookies tidak valid. Export ulang dari Chrome.")
RuntimeError: Cookies tidak valid. Export ulang dari Chrome.
[2026-05-27T05:28:32.651+0000] {processor.py:842} WARNING - No viable dags retrieved from /opt/airflow/dags/playwright_shopee.py
[2026-05-27T05:28:32.684+0000] {processor.py:183} INFO - Processing /opt/airflow/dags/playwright_shopee.py took 10.848 seconds
[2026-05-27T05:29:03.299+0000] {processor.py:161} INFO - Started process (PID=33928) to work on /opt/airflow/dags/playwright_shopee.py
[2026-05-27T05:29:03.300+0000] {processor.py:830} INFO - Processing file /opt/airflow/dags/playwright_shopee.py for tasks to queue
[2026-05-27T05:29:03.302+0000] {logging_mixin.py:188} INFO - [2026-05-27T05:29:03.302+0000] {dagbag.py:545} INFO - Filling up the DagBag from /opt/airflow/dags/playwright_shopee.py
[2026-05-27T05:29:03.818+0000] {logging_mixin.py:188} INFO - 🌐 Membuka Chromium...
[2026-05-27T05:29:04.092+0000] {logging_mixin.py:188} INFO - 🍪 Inject cookies Shopee...
[2026-05-27T05:29:04.096+0000] {logging_mixin.py:188} INFO - ✅ 16 cookies berhasil diload dari /opt/airflow/dags/shopee_cookies.json
[2026-05-27T05:29:04.226+0000] {logging_mixin.py:188} INFO - 🌍 Membuka Shopee search...
[2026-05-27T05:29:14.641+0000] {logging_mixin.py:188} INFO - 📄 URL   : https://shopee.co.id/search?keyword=msi%20gaming
[2026-05-27T05:29:15.185+0000] {logging_mixin.py:188} INFO - [2026-05-27T05:29:15.184+0000] {dagbag.py:355} ERROR - Failed to import: /opt/airflow/dags/playwright_shopee.py
Traceback (most recent call last):
  File "/home/airflow/.local/lib/python3.8/site-packages/airflow/models/dagbag.py", line 351, in parse
    loader.exec_module(new_module)
  File "<frozen importlib._bootstrap_external>", line 843, in exec_module
  File "<frozen importlib._bootstrap>", line 219, in _call_with_frames_removed
  File "/opt/airflow/dags/playwright_shopee.py", line 208, in <module>
    print("📄 TITLE :", page.title())
  File "/home/airflow/.local/lib/python3.8/site-packages/playwright/sync_api/_generated.py", line 9407, in title
    return mapping.from_maybe_impl(self._sync(self._impl_obj.title()))
  File "/home/airflow/.local/lib/python3.8/site-packages/playwright/_impl/_sync_base.py", line 115, in _sync
    return task.result()
  File "/home/airflow/.local/lib/python3.8/site-packages/playwright/_impl/_page.py", line 742, in title
    return await self._main_frame.title()
  File "/home/airflow/.local/lib/python3.8/site-packages/playwright/_impl/_frame.py", line 776, in title
    return await self._channel.send("title")
  File "/home/airflow/.local/lib/python3.8/site-packages/playwright/_impl/_connection.py", line 59, in send
    return await self._connection.wrap_api_call(
  File "/home/airflow/.local/lib/python3.8/site-packages/playwright/_impl/_connection.py", line 514, in wrap_api_call
    raise rewrite_error(error, f"{parsed_st['apiName']}: {error}") from None
playwright._impl._errors.Error: Page.title: Execution context was destroyed, most likely because of a navigation
[2026-05-27T05:29:15.186+0000] {processor.py:842} WARNING - No viable dags retrieved from /opt/airflow/dags/playwright_shopee.py
[2026-05-27T05:29:15.215+0000] {processor.py:183} INFO - Processing /opt/airflow/dags/playwright_shopee.py took 11.927 seconds
[2026-05-27T05:29:45.694+0000] {processor.py:161} INFO - Started process (PID=34057) to work on /opt/airflow/dags/playwright_shopee.py
[2026-05-27T05:29:45.696+0000] {processor.py:830} INFO - Processing file /opt/airflow/dags/playwright_shopee.py for tasks to queue
[2026-05-27T05:29:45.699+0000] {logging_mixin.py:188} INFO - [2026-05-27T05:29:45.699+0000] {dagbag.py:545} INFO - Filling up the DagBag from /opt/airflow/dags/playwright_shopee.py
[2026-05-27T05:29:46.215+0000] {logging_mixin.py:188} INFO - 🌐 Membuka Chromium...
[2026-05-27T05:29:46.443+0000] {logging_mixin.py:188} INFO - 🍪 Inject cookies Shopee...
[2026-05-27T05:29:46.446+0000] {logging_mixin.py:188} INFO - ✅ 16 cookies berhasil diload dari /opt/airflow/dags/shopee_cookies.json
[2026-05-27T05:29:46.552+0000] {logging_mixin.py:188} INFO - 🌍 Membuka Shopee search...
[2026-05-27T05:29:54.112+0000] {logging_mixin.py:188} INFO - 📄 URL   : https://shopee.co.id/search?keyword=msi%20gaming
[2026-05-27T05:29:54.529+0000] {logging_mixin.py:188} INFO - 📄 TITLE : Shopee Indonesia | Situs Belanja Online Terlengkap & Terpercaya
[2026-05-27T05:29:55.913+0000] {logging_mixin.py:188} INFO - ❌ Cookies tidak valid atau sudah expired.
[2026-05-27T05:29:56.099+0000] {logging_mixin.py:188} INFO - [2026-05-27T05:29:56.097+0000] {dagbag.py:355} ERROR - Failed to import: /opt/airflow/dags/playwright_shopee.py
Traceback (most recent call last):
  File "/home/airflow/.local/lib/python3.8/site-packages/airflow/models/dagbag.py", line 351, in parse
    loader.exec_module(new_module)
  File "<frozen importlib._bootstrap_external>", line 843, in exec_module
  File "<frozen importlib._bootstrap>", line 219, in _call_with_frames_removed
  File "/opt/airflow/dags/playwright_shopee.py", line 228, in <module>
    raise RuntimeError("Cookies tidak valid. Export ulang dari Chrome.")
RuntimeError: Cookies tidak valid. Export ulang dari Chrome.
[2026-05-27T05:29:56.100+0000] {processor.py:842} WARNING - No viable dags retrieved from /opt/airflow/dags/playwright_shopee.py
[2026-05-27T05:29:56.137+0000] {processor.py:183} INFO - Processing /opt/airflow/dags/playwright_shopee.py took 10.452 seconds
[2026-05-27T05:30:26.422+0000] {processor.py:161} INFO - Started process (PID=34177) to work on /opt/airflow/dags/playwright_shopee.py
[2026-05-27T05:30:26.424+0000] {processor.py:830} INFO - Processing file /opt/airflow/dags/playwright_shopee.py for tasks to queue
[2026-05-27T05:30:26.427+0000] {logging_mixin.py:188} INFO - [2026-05-27T05:30:26.426+0000] {dagbag.py:545} INFO - Filling up the DagBag from /opt/airflow/dags/playwright_shopee.py
[2026-05-27T05:30:27.163+0000] {logging_mixin.py:188} INFO - 🌐 Membuka Chromium...
[2026-05-27T05:30:27.532+0000] {logging_mixin.py:188} INFO - 🍪 Inject cookies Shopee...
[2026-05-27T05:30:27.538+0000] {logging_mixin.py:188} INFO - ✅ 16 cookies berhasil diload dari /opt/airflow/dags/shopee_cookies.json
[2026-05-27T05:30:27.706+0000] {logging_mixin.py:188} INFO - 🌍 Membuka Shopee search...
[2026-05-27T05:30:35.113+0000] {logging_mixin.py:188} INFO - 📄 URL   : https://shopee.co.id/search?keyword=msi%20gaming
[2026-05-27T05:30:36.005+0000] {logging_mixin.py:188} INFO - 📄 TITLE : Shopee Indonesia | Situs Belanja Online Terlengkap & Terpercaya
[2026-05-27T05:30:36.897+0000] {logging_mixin.py:188} INFO - ❌ Cookies tidak valid atau sudah expired.
[2026-05-27T05:30:37.057+0000] {logging_mixin.py:188} INFO - [2026-05-27T05:30:37.055+0000] {dagbag.py:355} ERROR - Failed to import: /opt/airflow/dags/playwright_shopee.py
Traceback (most recent call last):
  File "/home/airflow/.local/lib/python3.8/site-packages/airflow/models/dagbag.py", line 351, in parse
    loader.exec_module(new_module)
  File "<frozen importlib._bootstrap_external>", line 843, in exec_module
  File "<frozen importlib._bootstrap>", line 219, in _call_with_frames_removed
  File "/opt/airflow/dags/playwright_shopee.py", line 228, in <module>
    raise RuntimeError("Cookies tidak valid. Export ulang dari Chrome.")
RuntimeError: Cookies tidak valid. Export ulang dari Chrome.
[2026-05-27T05:30:37.058+0000] {processor.py:842} WARNING - No viable dags retrieved from /opt/airflow/dags/playwright_shopee.py
[2026-05-27T05:30:37.080+0000] {processor.py:183} INFO - Processing /opt/airflow/dags/playwright_shopee.py took 10.675 seconds
[2026-05-27T05:31:07.197+0000] {processor.py:161} INFO - Started process (PID=34301) to work on /opt/airflow/dags/playwright_shopee.py
[2026-05-27T05:31:07.198+0000] {processor.py:830} INFO - Processing file /opt/airflow/dags/playwright_shopee.py for tasks to queue
[2026-05-27T05:31:07.200+0000] {logging_mixin.py:188} INFO - [2026-05-27T05:31:07.199+0000] {dagbag.py:545} INFO - Filling up the DagBag from /opt/airflow/dags/playwright_shopee.py
[2026-05-27T05:31:07.662+0000] {logging_mixin.py:188} INFO - 🌐 Membuka Chromium...
[2026-05-27T05:31:07.974+0000] {logging_mixin.py:188} INFO - 🍪 Inject cookies Shopee...
[2026-05-27T05:31:07.976+0000] {logging_mixin.py:188} INFO - ✅ 16 cookies berhasil diload dari /opt/airflow/dags/shopee_cookies.json
[2026-05-27T05:31:08.089+0000] {logging_mixin.py:188} INFO - 🌍 Membuka Shopee search...
[2026-05-27T05:31:15.998+0000] {logging_mixin.py:188} INFO - 📄 URL   : https://shopee.co.id/search?keyword=msi%20gaming
[2026-05-27T05:31:16.743+0000] {logging_mixin.py:188} INFO - [2026-05-27T05:31:16.741+0000] {dagbag.py:355} ERROR - Failed to import: /opt/airflow/dags/playwright_shopee.py
Traceback (most recent call last):
  File "/home/airflow/.local/lib/python3.8/site-packages/airflow/models/dagbag.py", line 351, in parse
    loader.exec_module(new_module)
  File "<frozen importlib._bootstrap_external>", line 843, in exec_module
  File "<frozen importlib._bootstrap>", line 219, in _call_with_frames_removed
  File "/opt/airflow/dags/playwright_shopee.py", line 208, in <module>
    print("📄 TITLE :", page.title())
  File "/home/airflow/.local/lib/python3.8/site-packages/playwright/sync_api/_generated.py", line 9407, in title
    return mapping.from_maybe_impl(self._sync(self._impl_obj.title()))
  File "/home/airflow/.local/lib/python3.8/site-packages/playwright/_impl/_sync_base.py", line 115, in _sync
    return task.result()
  File "/home/airflow/.local/lib/python3.8/site-packages/playwright/_impl/_page.py", line 742, in title
    return await self._main_frame.title()
  File "/home/airflow/.local/lib/python3.8/site-packages/playwright/_impl/_frame.py", line 776, in title
    return await self._channel.send("title")
  File "/home/airflow/.local/lib/python3.8/site-packages/playwright/_impl/_connection.py", line 59, in send
    return await self._connection.wrap_api_call(
  File "/home/airflow/.local/lib/python3.8/site-packages/playwright/_impl/_connection.py", line 514, in wrap_api_call
    raise rewrite_error(error, f"{parsed_st['apiName']}: {error}") from None
playwright._impl._errors.Error: Page.title: Execution context was destroyed, most likely because of a navigation
[2026-05-27T05:31:16.743+0000] {processor.py:842} WARNING - No viable dags retrieved from /opt/airflow/dags/playwright_shopee.py
[2026-05-27T05:31:16.767+0000] {processor.py:183} INFO - Processing /opt/airflow/dags/playwright_shopee.py took 9.578 seconds
[2026-05-27T05:31:47.288+0000] {processor.py:161} INFO - Started process (PID=34431) to work on /opt/airflow/dags/playwright_shopee.py
[2026-05-27T05:31:47.289+0000] {processor.py:830} INFO - Processing file /opt/airflow/dags/playwright_shopee.py for tasks to queue
[2026-05-27T05:31:47.290+0000] {logging_mixin.py:188} INFO - [2026-05-27T05:31:47.290+0000] {dagbag.py:545} INFO - Filling up the DagBag from /opt/airflow/dags/playwright_shopee.py
[2026-05-27T05:31:47.771+0000] {logging_mixin.py:188} INFO - 🌐 Membuka Chromium...
[2026-05-27T05:31:48.097+0000] {logging_mixin.py:188} INFO - 🍪 Inject cookies Shopee...
[2026-05-27T05:31:48.100+0000] {logging_mixin.py:188} INFO - ✅ 16 cookies berhasil diload dari /opt/airflow/dags/shopee_cookies.json
[2026-05-27T05:31:48.226+0000] {logging_mixin.py:188} INFO - 🌍 Membuka Shopee search...
[2026-05-27T05:31:54.666+0000] {logging_mixin.py:188} INFO - 📄 URL   : https://shopee.co.id/search?keyword=msi%20gaming
[2026-05-27T05:31:55.772+0000] {logging_mixin.py:188} INFO - 📄 TITLE : Jual msi gaming Harga Terbaik & Termurah Mei 2026 | Shopee Indonesia
[2026-05-27T05:31:56.499+0000] {logging_mixin.py:188} INFO - ❌ Kena traffic verify — cookies mungkin expired.
[2026-05-27T05:31:56.500+0000] {logging_mixin.py:188} INFO - ⚠️  Export ulang cookies dari Chrome dan update shopee_cookies.json
[2026-05-27T05:31:59.793+0000] {logging_mixin.py:188} INFO - [2026-05-27T05:31:59.789+0000] {dagbag.py:355} ERROR - Failed to import: /opt/airflow/dags/playwright_shopee.py
Traceback (most recent call last):
  File "/home/airflow/.local/lib/python3.8/site-packages/airflow/models/dagbag.py", line 351, in parse
    loader.exec_module(new_module)
  File "<frozen importlib._bootstrap_external>", line 843, in exec_module
  File "<frozen importlib._bootstrap>", line 219, in _call_with_frames_removed
  File "/opt/airflow/dags/playwright_shopee.py", line 218, in <module>
    raise RuntimeError(
RuntimeError: Shopee traffic verify detected. Update shopee_cookies.json dari Cookie-Editor.
[2026-05-27T05:31:59.794+0000] {processor.py:842} WARNING - No viable dags retrieved from /opt/airflow/dags/playwright_shopee.py
[2026-05-27T05:31:59.824+0000] {processor.py:183} INFO - Processing /opt/airflow/dags/playwright_shopee.py took 12.543 seconds
[2026-05-27T05:32:30.048+0000] {processor.py:161} INFO - Started process (PID=34550) to work on /opt/airflow/dags/playwright_shopee.py
[2026-05-27T05:32:30.051+0000] {processor.py:830} INFO - Processing file /opt/airflow/dags/playwright_shopee.py for tasks to queue
[2026-05-27T05:32:30.097+0000] {logging_mixin.py:188} INFO - [2026-05-27T05:32:30.096+0000] {dagbag.py:545} INFO - Filling up the DagBag from /opt/airflow/dags/playwright_shopee.py
[2026-05-27T05:32:31.241+0000] {logging_mixin.py:188} INFO - 🌐 Membuka Chromium...
[2026-05-27T05:32:31.705+0000] {logging_mixin.py:188} INFO - 🍪 Inject cookies Shopee...
[2026-05-27T05:32:31.711+0000] {logging_mixin.py:188} INFO - ✅ 16 cookies berhasil diload dari /opt/airflow/dags/shopee_cookies.json
[2026-05-27T05:32:32.079+0000] {logging_mixin.py:188} INFO - 🌍 Membuka Shopee search...
[2026-05-27T05:32:41.094+0000] {logging_mixin.py:188} INFO - 📄 URL   : https://shopee.co.id/search?keyword=msi%20gaming
[2026-05-27T05:32:41.709+0000] {logging_mixin.py:188} INFO - 📄 TITLE : Shopee Indonesia | Situs Belanja Online Terlengkap & Terpercaya
[2026-05-27T05:32:45.742+0000] {logging_mixin.py:188} INFO - ❌ Cookies tidak valid atau sudah expired.
[2026-05-27T05:32:47.113+0000] {logging_mixin.py:188} INFO - [2026-05-27T05:32:47.093+0000] {dagbag.py:355} ERROR - Failed to import: /opt/airflow/dags/playwright_shopee.py
Traceback (most recent call last):
  File "/home/airflow/.local/lib/python3.8/site-packages/airflow/models/dagbag.py", line 351, in parse
    loader.exec_module(new_module)
  File "<frozen importlib._bootstrap_external>", line 843, in exec_module
  File "<frozen importlib._bootstrap>", line 219, in _call_with_frames_removed
  File "/opt/airflow/dags/playwright_shopee.py", line 228, in <module>
    raise RuntimeError("Cookies tidak valid. Export ulang dari Chrome.")
RuntimeError: Cookies tidak valid. Export ulang dari Chrome.
[2026-05-27T05:32:47.127+0000] {processor.py:842} WARNING - No viable dags retrieved from /opt/airflow/dags/playwright_shopee.py
[2026-05-27T05:32:47.637+0000] {processor.py:183} INFO - Processing /opt/airflow/dags/playwright_shopee.py took 17.609 seconds
[2026-05-27T05:33:18.241+0000] {processor.py:161} INFO - Started process (PID=34672) to work on /opt/airflow/dags/playwright_shopee.py
[2026-05-27T05:33:18.243+0000] {processor.py:830} INFO - Processing file /opt/airflow/dags/playwright_shopee.py for tasks to queue
[2026-05-27T05:33:18.245+0000] {logging_mixin.py:188} INFO - [2026-05-27T05:33:18.245+0000] {dagbag.py:545} INFO - Filling up the DagBag from /opt/airflow/dags/playwright_shopee.py
[2026-05-27T05:33:19.619+0000] {logging_mixin.py:188} INFO - 🌐 Membuka Chromium...
[2026-05-27T05:33:20.246+0000] {logging_mixin.py:188} INFO - 🍪 Inject cookies Shopee...
[2026-05-27T05:33:20.251+0000] {logging_mixin.py:188} INFO - ✅ 16 cookies berhasil diload dari /opt/airflow/dags/shopee_cookies.json
[2026-05-27T05:33:20.491+0000] {logging_mixin.py:188} INFO - 🌍 Membuka Shopee search...
[2026-05-27T05:33:28.411+0000] {logging_mixin.py:188} INFO - 📄 URL   : https://shopee.co.id/search?keyword=msi%20gaming
[2026-05-27T05:33:28.560+0000] {logging_mixin.py:188} INFO - 📄 TITLE : Shopee Indonesia | Situs Belanja Online Terlengkap & Terpercaya
[2026-05-27T05:33:31.310+0000] {logging_mixin.py:188} INFO - [2026-05-27T05:33:31.308+0000] {dagbag.py:355} ERROR - Failed to import: /opt/airflow/dags/playwright_shopee.py
Traceback (most recent call last):
  File "/home/airflow/.local/lib/python3.8/site-packages/airflow/models/dagbag.py", line 351, in parse
    loader.exec_module(new_module)
  File "<frozen importlib._bootstrap_external>", line 843, in exec_module
  File "<frozen importlib._bootstrap>", line 219, in _call_with_frames_removed
  File "/opt/airflow/dags/playwright_shopee.py", line 224, in <module>
    content = page.content()
  File "/home/airflow/.local/lib/python3.8/site-packages/playwright/sync_api/_generated.py", line 8582, in content
    return mapping.from_maybe_impl(self._sync(self._impl_obj.content()))
  File "/home/airflow/.local/lib/python3.8/site-packages/playwright/_impl/_sync_base.py", line 115, in _sync
    return task.result()
  File "/home/airflow/.local/lib/python3.8/site-packages/playwright/_impl/_page.py", line 502, in content
    return await self._main_frame.content()
  File "/home/airflow/.local/lib/python3.8/site-packages/playwright/_impl/_frame.py", line 416, in content
    return await self._channel.send("content")
  File "/home/airflow/.local/lib/python3.8/site-packages/playwright/_impl/_connection.py", line 59, in send
    return await self._connection.wrap_api_call(
  File "/home/airflow/.local/lib/python3.8/site-packages/playwright/_impl/_connection.py", line 514, in wrap_api_call
    raise rewrite_error(error, f"{parsed_st['apiName']}: {error}") from None
playwright._impl._errors.Error: Page.content: Unable to retrieve content because the page is navigating and changing the content.
[2026-05-27T05:33:31.311+0000] {processor.py:842} WARNING - No viable dags retrieved from /opt/airflow/dags/playwright_shopee.py
[2026-05-27T05:33:31.356+0000] {processor.py:183} INFO - Processing /opt/airflow/dags/playwright_shopee.py took 13.166 seconds
[2026-05-27T05:34:01.985+0000] {processor.py:161} INFO - Started process (PID=34797) to work on /opt/airflow/dags/playwright_shopee.py
[2026-05-27T05:34:01.986+0000] {processor.py:830} INFO - Processing file /opt/airflow/dags/playwright_shopee.py for tasks to queue
[2026-05-27T05:34:01.987+0000] {logging_mixin.py:188} INFO - [2026-05-27T05:34:01.987+0000] {dagbag.py:545} INFO - Filling up the DagBag from /opt/airflow/dags/playwright_shopee.py
[2026-05-27T05:34:02.681+0000] {logging_mixin.py:188} INFO - 🌐 Membuka Chromium...
[2026-05-27T05:34:03.214+0000] {logging_mixin.py:188} INFO - 🍪 Inject cookies Shopee...
[2026-05-27T05:34:03.218+0000] {logging_mixin.py:188} INFO - ✅ 16 cookies berhasil diload dari /opt/airflow/dags/shopee_cookies.json
[2026-05-27T05:34:03.665+0000] {logging_mixin.py:188} INFO - 🌍 Membuka Shopee search...
[2026-05-27T05:34:11.460+0000] {logging_mixin.py:188} INFO - 📄 URL   : https://shopee.co.id/search?keyword=msi%20gaming
[2026-05-27T05:34:11.513+0000] {logging_mixin.py:188} INFO - 📄 TITLE : Shopee Indonesia | Situs Belanja Online Terlengkap & Terpercaya
[2026-05-27T05:34:11.724+0000] {logging_mixin.py:188} INFO - ✅ Session valid, mulai scraping...
[2026-05-27T05:34:11.741+0000] {logging_mixin.py:188} INFO - [2026-05-27T05:34:11.740+0000] {logger.py:96} INFO - {"message": "Waiting for suitable server to become available", "selector": "<function writable_server_selector at 0x7fedaae681f0>", "operation": "createIndexes", "topologyDescription": "<TopologyDescription id: 6a16825359c2e18d013a4568, topology_type: Unknown, servers: [<ServerDescription ('mongodb', 27017) server_type: Unknown, rtt: None>]>", "clientId": {"$oid": "6a16825359c2e18d013a4568"}, "remainingTimeMS": 29}
[2026-05-27T05:34:11.830+0000] {logging_mixin.py:188} INFO - ✅ Terhubung MongoDB: shopee_raw.products
[2026-05-27T05:34:11.831+0000] {logging_mixin.py:188} INFO - 
=================================
[2026-05-27T05:34:11.831+0000] {logging_mixin.py:188} INFO - 📄 PAGE 1/5
[2026-05-27T05:34:11.832+0000] {logging_mixin.py:188} INFO - =================================
[2026-05-27T05:34:11.832+0000] {logging_mixin.py:188} INFO - 🌍 https://shopee.co.id/search?keyword=msi%20gaming&page=0
[2026-05-27T05:34:17.483+0000] {logging_mixin.py:188} INFO - 🖱️ Scrolling...
[2026-05-27T05:34:31.521+0000] {logging_mixin.py:188} INFO - 📄 URL   : https://shopee.co.id/verify/traffic/error?home_url=https%3A%2F%2Fshopee.co.id&is_logged_in=false&next=https%3A%2F%2Fshopee.co.id%2Fsearch%3Fkeyword%3Dmsi%2520gaming%26page%3D0&tracking_id=623ae1f595-d280-4cd8-9ed8-3e2d5956fe4c&type=4
[2026-05-27T05:34:31.547+0000] {logging_mixin.py:188} INFO - 📄 TITLE : Shopee Indonesia | Situs Belanja Online Terlengkap & Terpercaya
[2026-05-27T05:34:31.837+0000] {logging_mixin.py:188} INFO - 🔍 Mengambil item produk...
[2026-05-27T05:34:31.912+0000] {logging_mixin.py:188} INFO - 📦 Total item ditemukan: 0
[2026-05-27T05:34:31.913+0000] {logging_mixin.py:188} INFO - ❌ Produk kosong, simpan HTML debug.
[2026-05-27T05:34:31.980+0000] {logging_mixin.py:188} INFO - 
=================================
[2026-05-27T05:34:31.980+0000] {logging_mixin.py:188} INFO - 📄 PAGE 2/5
[2026-05-27T05:34:31.981+0000] {logging_mixin.py:188} INFO - =================================
[2026-05-27T05:34:31.981+0000] {logging_mixin.py:188} INFO - 🌍 https://shopee.co.id/search?keyword=msi%20gaming&page=1
[2026-05-27T05:34:32.001+0000] {logging_mixin.py:188} INFO - [2026-05-27T05:34:32.001+0000] {timeout.py:68} ERROR - Process timed out, PID: 34797
[2026-05-27T05:35:02.728+0000] {processor.py:161} INFO - Started process (PID=34944) to work on /opt/airflow/dags/playwright_shopee.py
[2026-05-27T05:35:02.729+0000] {processor.py:830} INFO - Processing file /opt/airflow/dags/playwright_shopee.py for tasks to queue
[2026-05-27T05:35:02.731+0000] {logging_mixin.py:188} INFO - [2026-05-27T05:35:02.731+0000] {dagbag.py:545} INFO - Filling up the DagBag from /opt/airflow/dags/playwright_shopee.py
[2026-05-27T05:35:03.332+0000] {logging_mixin.py:188} INFO - 🌐 Membuka Chromium...
[2026-05-27T05:35:03.596+0000] {logging_mixin.py:188} INFO - 🍪 Inject cookies Shopee...
[2026-05-27T05:35:03.600+0000] {logging_mixin.py:188} INFO - ✅ 16 cookies berhasil diload dari /opt/airflow/dags/shopee_cookies.json
[2026-05-27T05:35:03.735+0000] {logging_mixin.py:188} INFO - 🌍 Membuka Shopee search...
[2026-05-27T05:35:12.016+0000] {logging_mixin.py:188} INFO - 📄 URL   : https://shopee.co.id/search?keyword=msi%20gaming
[2026-05-27T05:35:12.557+0000] {logging_mixin.py:188} INFO - [2026-05-27T05:35:12.555+0000] {dagbag.py:355} ERROR - Failed to import: /opt/airflow/dags/playwright_shopee.py
Traceback (most recent call last):
  File "/home/airflow/.local/lib/python3.8/site-packages/airflow/models/dagbag.py", line 351, in parse
    loader.exec_module(new_module)
  File "<frozen importlib._bootstrap_external>", line 843, in exec_module
  File "<frozen importlib._bootstrap>", line 219, in _call_with_frames_removed
  File "/opt/airflow/dags/playwright_shopee.py", line 208, in <module>
    print("📄 TITLE :", page.title())
  File "/home/airflow/.local/lib/python3.8/site-packages/playwright/sync_api/_generated.py", line 9407, in title
    return mapping.from_maybe_impl(self._sync(self._impl_obj.title()))
  File "/home/airflow/.local/lib/python3.8/site-packages/playwright/_impl/_sync_base.py", line 115, in _sync
    return task.result()
  File "/home/airflow/.local/lib/python3.8/site-packages/playwright/_impl/_page.py", line 742, in title
    return await self._main_frame.title()
  File "/home/airflow/.local/lib/python3.8/site-packages/playwright/_impl/_frame.py", line 776, in title
    return await self._channel.send("title")
  File "/home/airflow/.local/lib/python3.8/site-packages/playwright/_impl/_connection.py", line 59, in send
    return await self._connection.wrap_api_call(
  File "/home/airflow/.local/lib/python3.8/site-packages/playwright/_impl/_connection.py", line 514, in wrap_api_call
    raise rewrite_error(error, f"{parsed_st['apiName']}: {error}") from None
playwright._impl._errors.Error: Page.title: Execution context was destroyed, most likely because of a navigation
[2026-05-27T05:35:12.557+0000] {processor.py:842} WARNING - No viable dags retrieved from /opt/airflow/dags/playwright_shopee.py
[2026-05-27T05:35:12.582+0000] {processor.py:183} INFO - Processing /opt/airflow/dags/playwright_shopee.py took 9.861 seconds
[2026-05-27T05:35:42.713+0000] {processor.py:161} INFO - Started process (PID=35064) to work on /opt/airflow/dags/playwright_shopee.py
[2026-05-27T05:35:42.714+0000] {processor.py:830} INFO - Processing file /opt/airflow/dags/playwright_shopee.py for tasks to queue
[2026-05-27T05:35:42.716+0000] {logging_mixin.py:188} INFO - [2026-05-27T05:35:42.715+0000] {dagbag.py:545} INFO - Filling up the DagBag from /opt/airflow/dags/playwright_shopee.py
[2026-05-27T05:35:43.198+0000] {logging_mixin.py:188} INFO - 🌐 Membuka Chromium...
[2026-05-27T05:35:43.489+0000] {logging_mixin.py:188} INFO - 🍪 Inject cookies Shopee...
[2026-05-27T05:35:43.491+0000] {logging_mixin.py:188} INFO - ✅ 16 cookies berhasil diload dari /opt/airflow/dags/shopee_cookies.json
[2026-05-27T05:35:43.605+0000] {logging_mixin.py:188} INFO - 🌍 Membuka Shopee search...
[2026-05-27T05:35:50.341+0000] {logging_mixin.py:188} INFO - 📄 URL   : https://shopee.co.id/search?keyword=msi%20gaming
[2026-05-27T05:35:50.367+0000] {logging_mixin.py:188} INFO - 📄 TITLE : Shopee Indonesia | Situs Belanja Online Terlengkap & Terpercaya
[2026-05-27T05:35:50.549+0000] {logging_mixin.py:188} INFO - ✅ Session valid, mulai scraping...
[2026-05-27T05:35:50.566+0000] {logging_mixin.py:188} INFO - [2026-05-27T05:35:50.565+0000] {logger.py:96} INFO - {"message": "Waiting for suitable server to become available", "selector": "<function writable_server_selector at 0x7fedaae681f0>", "operation": "createIndexes", "topologyDescription": "<TopologyDescription id: 6a1682b6d8a2e098ca44af7b, topology_type: Unknown, servers: [<ServerDescription ('mongodb', 27017) server_type: Unknown, rtt: None>]>", "clientId": {"$oid": "6a1682b6d8a2e098ca44af7b"}, "remainingTimeMS": 29}
[2026-05-27T05:35:50.590+0000] {logging_mixin.py:188} INFO - ✅ Terhubung MongoDB: shopee_raw.products
[2026-05-27T05:35:50.591+0000] {logging_mixin.py:188} INFO - 
=================================
[2026-05-27T05:35:50.591+0000] {logging_mixin.py:188} INFO - 📄 PAGE 1/5
[2026-05-27T05:35:50.592+0000] {logging_mixin.py:188} INFO - =================================
[2026-05-27T05:35:50.592+0000] {logging_mixin.py:188} INFO - 🌍 https://shopee.co.id/search?keyword=msi%20gaming&page=0
[2026-05-27T05:35:55.284+0000] {logging_mixin.py:188} INFO - 🖱️ Scrolling...
[2026-05-27T05:36:08.937+0000] {logging_mixin.py:188} INFO - 📄 URL   : https://shopee.co.id/verify/traffic/error?home_url=https%3A%2F%2Fshopee.co.id&is_logged_in=false&next=https%3A%2F%2Fshopee.co.id%2Fsearch%3Fkeyword%3Dmsi%2520gaming%26page%3D0&tracking_id=84329c90399-2a59-486c-ac94-c0f3bdd29d6a&type=4
[2026-05-27T05:36:08.960+0000] {logging_mixin.py:188} INFO - 📄 TITLE : Shopee Indonesia | Situs Belanja Online Terlengkap & Terpercaya
[2026-05-27T05:36:09.105+0000] {logging_mixin.py:188} INFO - 🔍 Mengambil item produk...
[2026-05-27T05:36:09.145+0000] {logging_mixin.py:188} INFO - 📦 Total item ditemukan: 0
[2026-05-27T05:36:09.146+0000] {logging_mixin.py:188} INFO - ❌ Produk kosong, simpan HTML debug.
[2026-05-27T05:36:09.234+0000] {logging_mixin.py:188} INFO - 
=================================
[2026-05-27T05:36:09.235+0000] {logging_mixin.py:188} INFO - 📄 PAGE 2/5
[2026-05-27T05:36:09.235+0000] {logging_mixin.py:188} INFO - =================================
[2026-05-27T05:36:09.235+0000] {logging_mixin.py:188} INFO - 🌍 https://shopee.co.id/search?keyword=msi%20gaming&page=1
[2026-05-27T05:36:12.731+0000] {logging_mixin.py:188} INFO - [2026-05-27T05:36:12.731+0000] {timeout.py:68} ERROR - Process timed out, PID: 35064
[2026-05-27T05:36:43.450+0000] {processor.py:161} INFO - Started process (PID=35221) to work on /opt/airflow/dags/playwright_shopee.py
[2026-05-27T05:36:43.451+0000] {processor.py:830} INFO - Processing file /opt/airflow/dags/playwright_shopee.py for tasks to queue
[2026-05-27T05:36:43.453+0000] {logging_mixin.py:188} INFO - [2026-05-27T05:36:43.452+0000] {dagbag.py:545} INFO - Filling up the DagBag from /opt/airflow/dags/playwright_shopee.py
[2026-05-27T05:36:43.855+0000] {logging_mixin.py:188} INFO - 🌐 Membuka Chromium...
[2026-05-27T05:36:44.077+0000] {logging_mixin.py:188} INFO - 🍪 Inject cookies Shopee...
[2026-05-27T05:36:44.079+0000] {logging_mixin.py:188} INFO - ✅ 16 cookies berhasil diload dari /opt/airflow/dags/shopee_cookies.json
[2026-05-27T05:36:44.189+0000] {logging_mixin.py:188} INFO - 🌍 Membuka Shopee search...
[2026-05-27T05:36:52.696+0000] {logging_mixin.py:188} INFO - 📄 URL   : https://shopee.co.id/search?keyword=msi%20gaming
[2026-05-27T05:36:52.732+0000] {logging_mixin.py:188} INFO - 📄 TITLE : Shopee Indonesia | Situs Belanja Online Terlengkap & Terpercaya
[2026-05-27T05:36:52.888+0000] {logging_mixin.py:188} INFO - ✅ Session valid, mulai scraping...
[2026-05-27T05:36:52.894+0000] {logging_mixin.py:188} INFO - [2026-05-27T05:36:52.894+0000] {logger.py:96} INFO - {"message": "Waiting for suitable server to become available", "selector": "<function writable_server_selector at 0x7fedaae681f0>", "operation": "createIndexes", "topologyDescription": "<TopologyDescription id: 6a1682f40e4493a253e5243c, topology_type: Unknown, servers: [<ServerDescription ('mongodb', 27017) server_type: Unknown, rtt: None>]>", "clientId": {"$oid": "6a1682f40e4493a253e5243c"}, "remainingTimeMS": 29}
[2026-05-27T05:36:52.912+0000] {logging_mixin.py:188} INFO - ✅ Terhubung MongoDB: shopee_raw.products
[2026-05-27T05:36:52.913+0000] {logging_mixin.py:188} INFO - 
=================================
[2026-05-27T05:36:52.913+0000] {logging_mixin.py:188} INFO - 📄 PAGE 1/5
[2026-05-27T05:36:52.914+0000] {logging_mixin.py:188} INFO - =================================
[2026-05-27T05:36:52.914+0000] {logging_mixin.py:188} INFO - 🌍 https://shopee.co.id/search?keyword=msi%20gaming&page=0
[2026-05-27T05:36:59.593+0000] {logging_mixin.py:188} INFO - 🖱️ Scrolling...
[2026-05-27T05:37:13.458+0000] {logging_mixin.py:188} INFO - [2026-05-27T05:37:13.458+0000] {timeout.py:68} ERROR - Process timed out, PID: 35221
[2026-05-27T05:37:44.541+0000] {processor.py:161} INFO - Started process (PID=35356) to work on /opt/airflow/dags/playwright_shopee.py
[2026-05-27T05:37:44.542+0000] {processor.py:830} INFO - Processing file /opt/airflow/dags/playwright_shopee.py for tasks to queue
[2026-05-27T05:37:44.543+0000] {logging_mixin.py:188} INFO - [2026-05-27T05:37:44.543+0000] {dagbag.py:545} INFO - Filling up the DagBag from /opt/airflow/dags/playwright_shopee.py
[2026-05-27T05:37:44.975+0000] {logging_mixin.py:188} INFO - 🌐 Membuka Chromium...
[2026-05-27T05:37:45.228+0000] {logging_mixin.py:188} INFO - 🍪 Inject cookies Shopee...
[2026-05-27T05:37:45.230+0000] {logging_mixin.py:188} INFO - ✅ 16 cookies berhasil diload dari /opt/airflow/dags/shopee_cookies.json
[2026-05-27T05:37:45.323+0000] {logging_mixin.py:188} INFO - 🌍 Membuka Shopee search...
[2026-05-27T05:37:54.487+0000] {logging_mixin.py:188} INFO - 📄 URL   : https://shopee.co.id/search?keyword=msi%20gaming
[2026-05-27T05:37:54.536+0000] {logging_mixin.py:188} INFO - 📄 TITLE : Shopee Indonesia | Situs Belanja Online Terlengkap & Terpercaya
[2026-05-27T05:37:54.793+0000] {logging_mixin.py:188} INFO - ❌ Cookies tidak valid atau sudah expired.
[2026-05-27T05:37:54.888+0000] {logging_mixin.py:188} INFO - [2026-05-27T05:37:54.887+0000] {dagbag.py:355} ERROR - Failed to import: /opt/airflow/dags/playwright_shopee.py
Traceback (most recent call last):
  File "/home/airflow/.local/lib/python3.8/site-packages/airflow/models/dagbag.py", line 351, in parse
    loader.exec_module(new_module)
  File "<frozen importlib._bootstrap_external>", line 843, in exec_module
  File "<frozen importlib._bootstrap>", line 219, in _call_with_frames_removed
  File "/opt/airflow/dags/playwright_shopee.py", line 228, in <module>
    raise RuntimeError("Cookies tidak valid. Export ulang dari Chrome.")
RuntimeError: Cookies tidak valid. Export ulang dari Chrome.
[2026-05-27T05:37:54.889+0000] {processor.py:842} WARNING - No viable dags retrieved from /opt/airflow/dags/playwright_shopee.py
[2026-05-27T05:37:54.915+0000] {processor.py:183} INFO - Processing /opt/airflow/dags/playwright_shopee.py took 10.379 seconds
[2026-05-27T05:38:25.474+0000] {processor.py:161} INFO - Started process (PID=35481) to work on /opt/airflow/dags/playwright_shopee.py
[2026-05-27T05:38:25.475+0000] {processor.py:830} INFO - Processing file /opt/airflow/dags/playwright_shopee.py for tasks to queue
[2026-05-27T05:38:25.476+0000] {logging_mixin.py:188} INFO - [2026-05-27T05:38:25.476+0000] {dagbag.py:545} INFO - Filling up the DagBag from /opt/airflow/dags/playwright_shopee.py
[2026-05-27T05:38:25.953+0000] {logging_mixin.py:188} INFO - 🌐 Membuka Chromium...
[2026-05-27T05:38:26.170+0000] {logging_mixin.py:188} INFO - 🍪 Inject cookies Shopee...
[2026-05-27T05:38:26.173+0000] {logging_mixin.py:188} INFO - ✅ 16 cookies berhasil diload dari /opt/airflow/dags/shopee_cookies.json
[2026-05-27T05:38:26.282+0000] {logging_mixin.py:188} INFO - 🌍 Membuka Shopee search...
[2026-05-27T05:38:37.293+0000] {logging_mixin.py:188} INFO - 📄 URL   : https://shopee.co.id/search?keyword=msi%20gaming
[2026-05-27T05:38:37.342+0000] {logging_mixin.py:188} INFO - 📄 TITLE : Shopee Indonesia | Situs Belanja Online Terlengkap & Terpercaya
[2026-05-27T05:38:37.612+0000] {logging_mixin.py:188} INFO - ❌ Cookies tidak valid atau sudah expired.
[2026-05-27T05:38:37.791+0000] {logging_mixin.py:188} INFO - [2026-05-27T05:38:37.790+0000] {dagbag.py:355} ERROR - Failed to import: /opt/airflow/dags/playwright_shopee.py
Traceback (most recent call last):
  File "/home/airflow/.local/lib/python3.8/site-packages/airflow/models/dagbag.py", line 351, in parse
    loader.exec_module(new_module)
  File "<frozen importlib._bootstrap_external>", line 843, in exec_module
  File "<frozen importlib._bootstrap>", line 219, in _call_with_frames_removed
  File "/opt/airflow/dags/playwright_shopee.py", line 228, in <module>
    raise RuntimeError("Cookies tidak valid. Export ulang dari Chrome.")
RuntimeError: Cookies tidak valid. Export ulang dari Chrome.
[2026-05-27T05:38:37.792+0000] {processor.py:842} WARNING - No viable dags retrieved from /opt/airflow/dags/playwright_shopee.py
[2026-05-27T05:38:37.820+0000] {processor.py:183} INFO - Processing /opt/airflow/dags/playwright_shopee.py took 12.353 seconds
[2026-05-27T05:39:08.161+0000] {processor.py:161} INFO - Started process (PID=35606) to work on /opt/airflow/dags/playwright_shopee.py
[2026-05-27T05:39:08.162+0000] {processor.py:830} INFO - Processing file /opt/airflow/dags/playwright_shopee.py for tasks to queue
[2026-05-27T05:39:08.170+0000] {logging_mixin.py:188} INFO - [2026-05-27T05:39:08.169+0000] {dagbag.py:545} INFO - Filling up the DagBag from /opt/airflow/dags/playwright_shopee.py
[2026-05-27T05:39:08.670+0000] {logging_mixin.py:188} INFO - 🌐 Membuka Chromium...
[2026-05-27T05:39:08.876+0000] {logging_mixin.py:188} INFO - 🍪 Inject cookies Shopee...
[2026-05-27T05:39:08.879+0000] {logging_mixin.py:188} INFO - ✅ 16 cookies berhasil diload dari /opt/airflow/dags/shopee_cookies.json
[2026-05-27T05:39:08.982+0000] {logging_mixin.py:188} INFO - 🌍 Membuka Shopee search...
[2026-05-27T05:39:17.771+0000] {logging_mixin.py:188} INFO - 📄 URL   : https://shopee.co.id/search?keyword=msi%20gaming
[2026-05-27T05:39:17.797+0000] {logging_mixin.py:188} INFO - 📄 TITLE : Shopee Indonesia | Situs Belanja Online Terlengkap & Terpercaya
[2026-05-27T05:39:17.950+0000] {logging_mixin.py:188} INFO - ✅ Session valid, mulai scraping...
[2026-05-27T05:39:17.956+0000] {logging_mixin.py:188} INFO - [2026-05-27T05:39:17.955+0000] {logger.py:96} INFO - {"message": "Waiting for suitable server to become available", "selector": "<function writable_server_selector at 0x7fedaae6a280>", "operation": "createIndexes", "topologyDescription": "<TopologyDescription id: 6a1683856452b9bb8ffb01f9, topology_type: Unknown, servers: [<ServerDescription ('mongodb', 27017) server_type: Unknown, rtt: None>]>", "clientId": {"$oid": "6a1683856452b9bb8ffb01f9"}, "remainingTimeMS": 29}
[2026-05-27T05:39:17.972+0000] {logging_mixin.py:188} INFO - ✅ Terhubung MongoDB: shopee_raw.products
[2026-05-27T05:39:17.973+0000] {logging_mixin.py:188} INFO - 
=================================
[2026-05-27T05:39:17.973+0000] {logging_mixin.py:188} INFO - 📄 PAGE 1/5
[2026-05-27T05:39:17.974+0000] {logging_mixin.py:188} INFO - =================================
[2026-05-27T05:39:17.974+0000] {logging_mixin.py:188} INFO - 🌍 https://shopee.co.id/search?keyword=msi%20gaming&page=0
[2026-05-27T05:39:23.902+0000] {logging_mixin.py:188} INFO - 🖱️ Scrolling...
[2026-05-27T05:39:37.320+0000] {logging_mixin.py:188} INFO - 📄 URL   : https://shopee.co.id/verify/traffic/error?home_url=https%3A%2F%2Fshopee.co.id&is_logged_in=false&next=https%3A%2F%2Fshopee.co.id%2Fsearch%3Fkeyword%3Dmsi%2520gaming%26page%3D0&tracking_id=594540075c5-ecdf-4e0c-86d3-84e96543b62e&type=4
[2026-05-27T05:39:37.356+0000] {logging_mixin.py:188} INFO - 📄 TITLE : Shopee Indonesia | Situs Belanja Online Terlengkap & Terpercaya
[2026-05-27T05:39:37.517+0000] {logging_mixin.py:188} INFO - 🔍 Mengambil item produk...
[2026-05-27T05:39:37.578+0000] {logging_mixin.py:188} INFO - 📦 Total item ditemukan: 0
[2026-05-27T05:39:37.579+0000] {logging_mixin.py:188} INFO - ❌ Produk kosong, simpan HTML debug.
[2026-05-27T05:39:37.632+0000] {logging_mixin.py:188} INFO - 
=================================
[2026-05-27T05:39:37.633+0000] {logging_mixin.py:188} INFO - 📄 PAGE 2/5
[2026-05-27T05:39:37.634+0000] {logging_mixin.py:188} INFO - =================================
[2026-05-27T05:39:37.635+0000] {logging_mixin.py:188} INFO - 🌍 https://shopee.co.id/search?keyword=msi%20gaming&page=1
[2026-05-27T05:39:38.181+0000] {logging_mixin.py:188} INFO - [2026-05-27T05:39:38.180+0000] {timeout.py:68} ERROR - Process timed out, PID: 35606
[2026-05-27T05:40:08.499+0000] {processor.py:161} INFO - Started process (PID=35749) to work on /opt/airflow/dags/playwright_shopee.py
[2026-05-27T05:40:08.500+0000] {processor.py:830} INFO - Processing file /opt/airflow/dags/playwright_shopee.py for tasks to queue
[2026-05-27T05:40:08.501+0000] {logging_mixin.py:188} INFO - [2026-05-27T05:40:08.501+0000] {dagbag.py:545} INFO - Filling up the DagBag from /opt/airflow/dags/playwright_shopee.py
[2026-05-27T05:40:09.275+0000] {logging_mixin.py:188} INFO - 🌐 Membuka Chromium...
[2026-05-27T05:40:09.533+0000] {logging_mixin.py:188} INFO - 🍪 Inject cookies Shopee...
[2026-05-27T05:40:09.537+0000] {logging_mixin.py:188} INFO - ✅ 16 cookies berhasil diload dari /opt/airflow/dags/shopee_cookies.json
[2026-05-27T05:40:09.658+0000] {logging_mixin.py:188} INFO - 🌍 Membuka Shopee search...
[2026-05-27T05:40:20.380+0000] {logging_mixin.py:188} INFO - 📄 URL   : https://shopee.co.id/search?keyword=msi%20gaming
[2026-05-27T05:40:21.610+0000] {logging_mixin.py:188} INFO - 📄 TITLE : Shopee Indonesia | Situs Belanja Online Terlengkap & Terpercaya
[2026-05-27T05:40:22.702+0000] {logging_mixin.py:188} INFO - ❌ Cookies tidak valid atau sudah expired.
[2026-05-27T05:40:22.874+0000] {logging_mixin.py:188} INFO - [2026-05-27T05:40:22.872+0000] {dagbag.py:355} ERROR - Failed to import: /opt/airflow/dags/playwright_shopee.py
Traceback (most recent call last):
  File "/home/airflow/.local/lib/python3.8/site-packages/airflow/models/dagbag.py", line 351, in parse
    loader.exec_module(new_module)
  File "<frozen importlib._bootstrap_external>", line 843, in exec_module
  File "<frozen importlib._bootstrap>", line 219, in _call_with_frames_removed
  File "/opt/airflow/dags/playwright_shopee.py", line 228, in <module>
    raise RuntimeError("Cookies tidak valid. Export ulang dari Chrome.")
RuntimeError: Cookies tidak valid. Export ulang dari Chrome.
[2026-05-27T05:40:22.876+0000] {processor.py:842} WARNING - No viable dags retrieved from /opt/airflow/dags/playwright_shopee.py
[2026-05-27T05:40:22.909+0000] {processor.py:183} INFO - Processing /opt/airflow/dags/playwright_shopee.py took 14.418 seconds
[2026-05-27T05:40:53.151+0000] {processor.py:161} INFO - Started process (PID=35853) to work on /opt/airflow/dags/playwright_shopee.py
[2026-05-27T05:40:53.152+0000] {processor.py:830} INFO - Processing file /opt/airflow/dags/playwright_shopee.py for tasks to queue
[2026-05-27T05:40:53.155+0000] {logging_mixin.py:188} INFO - [2026-05-27T05:40:53.154+0000] {dagbag.py:545} INFO - Filling up the DagBag from /opt/airflow/dags/playwright_shopee.py
[2026-05-27T05:40:53.794+0000] {logging_mixin.py:188} INFO - 🌐 Membuka Chromium...
[2026-05-27T05:40:54.103+0000] {logging_mixin.py:188} INFO - 🍪 Inject cookies Shopee...
[2026-05-27T05:40:54.107+0000] {logging_mixin.py:188} INFO - ✅ 16 cookies berhasil diload dari /opt/airflow/dags/shopee_cookies.json
[2026-05-27T05:40:54.303+0000] {logging_mixin.py:188} INFO - 🌍 Membuka Shopee search...
[2026-05-27T05:41:02.745+0000] {logging_mixin.py:188} INFO - 📄 URL   : https://shopee.co.id/search?keyword=msi%20gaming
[2026-05-27T05:41:02.772+0000] {logging_mixin.py:188} INFO - 📄 TITLE : Shopee Indonesia | Situs Belanja Online Terlengkap & Terpercaya
[2026-05-27T05:41:03.511+0000] {logging_mixin.py:188} INFO - ✅ Session valid, mulai scraping...
[2026-05-27T05:41:03.518+0000] {logging_mixin.py:188} INFO - [2026-05-27T05:41:03.517+0000] {logger.py:96} INFO - {"message": "Waiting for suitable server to become available", "selector": "<function writable_server_selector at 0x7fedaae6b280>", "operation": "createIndexes", "topologyDescription": "<TopologyDescription id: 6a1683ef43db9407f8d3d11c, topology_type: Unknown, servers: [<ServerDescription ('mongodb', 27017) server_type: Unknown, rtt: None>]>", "clientId": {"$oid": "6a1683ef43db9407f8d3d11c"}, "remainingTimeMS": 29}
[2026-05-27T05:41:03.540+0000] {logging_mixin.py:188} INFO - ✅ Terhubung MongoDB: shopee_raw.products
[2026-05-27T05:41:03.541+0000] {logging_mixin.py:188} INFO - 
=================================
[2026-05-27T05:41:03.541+0000] {logging_mixin.py:188} INFO - 📄 PAGE 1/5
[2026-05-27T05:41:03.542+0000] {logging_mixin.py:188} INFO - =================================
[2026-05-27T05:41:03.542+0000] {logging_mixin.py:188} INFO - 🌍 https://shopee.co.id/search?keyword=msi%20gaming&page=0
[2026-05-27T05:41:10.755+0000] {logging_mixin.py:188} INFO - 🖱️ Scrolling...
[2026-05-27T05:41:21.132+0000] {logging_mixin.py:188} INFO - 📄 URL   : https://shopee.co.id/verify/traffic/error?home_url=https%3A%2F%2Fshopee.co.id&is_logged_in=false&next=https%3A%2F%2Fshopee.co.id%2Fsearch%3Fkeyword%3Dmsi%2520gaming%26page%3D0&tracking_id=6968fcfcd73-3e4f-429c-951b-59a9c7793d9a&type=4
[2026-05-27T05:41:21.158+0000] {logging_mixin.py:188} INFO - 📄 TITLE : Shopee Indonesia | Situs Belanja Online Terlengkap & Terpercaya
[2026-05-27T05:41:21.287+0000] {logging_mixin.py:188} INFO - 🔍 Mengambil item produk...
[2026-05-27T05:41:21.342+0000] {logging_mixin.py:188} INFO - 📦 Total item ditemukan: 0
[2026-05-27T05:41:21.343+0000] {logging_mixin.py:188} INFO - ❌ Produk kosong, simpan HTML debug.
[2026-05-27T05:41:21.389+0000] {logging_mixin.py:188} INFO - 
=================================
[2026-05-27T05:41:21.389+0000] {logging_mixin.py:188} INFO - 📄 PAGE 2/5
[2026-05-27T05:41:21.390+0000] {logging_mixin.py:188} INFO - =================================
[2026-05-27T05:41:21.390+0000] {logging_mixin.py:188} INFO - 🌍 https://shopee.co.id/search?keyword=msi%20gaming&page=1
[2026-05-27T05:41:23.167+0000] {logging_mixin.py:188} INFO - [2026-05-27T05:41:23.166+0000] {timeout.py:68} ERROR - Process timed out, PID: 35853
[2026-05-27T05:41:53.400+0000] {processor.py:161} INFO - Started process (PID=35996) to work on /opt/airflow/dags/playwright_shopee.py
[2026-05-27T05:41:53.401+0000] {processor.py:830} INFO - Processing file /opt/airflow/dags/playwright_shopee.py for tasks to queue
[2026-05-27T05:41:53.403+0000] {logging_mixin.py:188} INFO - [2026-05-27T05:41:53.403+0000] {dagbag.py:545} INFO - Filling up the DagBag from /opt/airflow/dags/playwright_shopee.py
[2026-05-27T05:41:53.862+0000] {logging_mixin.py:188} INFO - 🌐 Membuka Chromium...
[2026-05-27T05:41:54.104+0000] {logging_mixin.py:188} INFO - 🍪 Inject cookies Shopee...
[2026-05-27T05:41:54.106+0000] {logging_mixin.py:188} INFO - ✅ 16 cookies berhasil diload dari /opt/airflow/dags/shopee_cookies.json
[2026-05-27T05:41:54.201+0000] {logging_mixin.py:188} INFO - 🌍 Membuka Shopee search...
[2026-05-27T05:42:02.800+0000] {logging_mixin.py:188} INFO - 📄 URL   : https://shopee.co.id/search?keyword=msi%20gaming
[2026-05-27T05:42:03.673+0000] {logging_mixin.py:188} INFO - 📄 TITLE : Shopee Indonesia | Situs Belanja Online Terlengkap & Terpercaya
[2026-05-27T05:42:04.428+0000] {logging_mixin.py:188} INFO - ❌ Cookies tidak valid atau sudah expired.
[2026-05-27T05:42:04.561+0000] {logging_mixin.py:188} INFO - [2026-05-27T05:42:04.560+0000] {dagbag.py:355} ERROR - Failed to import: /opt/airflow/dags/playwright_shopee.py
Traceback (most recent call last):
  File "/home/airflow/.local/lib/python3.8/site-packages/airflow/models/dagbag.py", line 351, in parse
    loader.exec_module(new_module)
  File "<frozen importlib._bootstrap_external>", line 843, in exec_module
  File "<frozen importlib._bootstrap>", line 219, in _call_with_frames_removed
  File "/opt/airflow/dags/playwright_shopee.py", line 228, in <module>
    raise RuntimeError("Cookies tidak valid. Export ulang dari Chrome.")
RuntimeError: Cookies tidak valid. Export ulang dari Chrome.
[2026-05-27T05:42:04.562+0000] {processor.py:842} WARNING - No viable dags retrieved from /opt/airflow/dags/playwright_shopee.py
[2026-05-27T05:42:04.590+0000] {processor.py:183} INFO - Processing /opt/airflow/dags/playwright_shopee.py took 11.195 seconds
[2026-05-27T05:42:35.018+0000] {processor.py:161} INFO - Started process (PID=36111) to work on /opt/airflow/dags/playwright_shopee.py
[2026-05-27T05:42:35.019+0000] {processor.py:830} INFO - Processing file /opt/airflow/dags/playwright_shopee.py for tasks to queue
[2026-05-27T05:42:35.021+0000] {logging_mixin.py:188} INFO - [2026-05-27T05:42:35.021+0000] {dagbag.py:545} INFO - Filling up the DagBag from /opt/airflow/dags/playwright_shopee.py
[2026-05-27T05:42:35.449+0000] {logging_mixin.py:188} INFO - 🌐 Membuka Chromium...
[2026-05-27T05:42:35.652+0000] {logging_mixin.py:188} INFO - 🍪 Inject cookies Shopee...
[2026-05-27T05:42:35.655+0000] {logging_mixin.py:188} INFO - ✅ 16 cookies berhasil diload dari /opt/airflow/dags/shopee_cookies.json
[2026-05-27T05:42:35.763+0000] {logging_mixin.py:188} INFO - 🌍 Membuka Shopee search...
[2026-05-27T05:42:44.092+0000] {logging_mixin.py:188} INFO - 📄 URL   : https://shopee.co.id/search?keyword=msi%20gaming
[2026-05-27T05:42:44.931+0000] {logging_mixin.py:188} INFO - 📄 TITLE : Shopee Indonesia | Situs Belanja Online Terlengkap & Terpercaya
[2026-05-27T05:42:45.816+0000] {logging_mixin.py:188} INFO - ❌ Cookies tidak valid atau sudah expired.
[2026-05-27T05:42:45.921+0000] {logging_mixin.py:188} INFO - [2026-05-27T05:42:45.920+0000] {dagbag.py:355} ERROR - Failed to import: /opt/airflow/dags/playwright_shopee.py
Traceback (most recent call last):
  File "/home/airflow/.local/lib/python3.8/site-packages/airflow/models/dagbag.py", line 351, in parse
    loader.exec_module(new_module)
  File "<frozen importlib._bootstrap_external>", line 843, in exec_module
  File "<frozen importlib._bootstrap>", line 219, in _call_with_frames_removed
  File "/opt/airflow/dags/playwright_shopee.py", line 228, in <module>
    raise RuntimeError("Cookies tidak valid. Export ulang dari Chrome.")
RuntimeError: Cookies tidak valid. Export ulang dari Chrome.
[2026-05-27T05:42:45.922+0000] {processor.py:842} WARNING - No viable dags retrieved from /opt/airflow/dags/playwright_shopee.py
[2026-05-27T05:42:45.947+0000] {processor.py:183} INFO - Processing /opt/airflow/dags/playwright_shopee.py took 10.937 seconds
[2026-05-27T05:43:16.599+0000] {processor.py:161} INFO - Started process (PID=36229) to work on /opt/airflow/dags/playwright_shopee.py
[2026-05-27T05:43:16.600+0000] {processor.py:830} INFO - Processing file /opt/airflow/dags/playwright_shopee.py for tasks to queue
[2026-05-27T05:43:16.602+0000] {logging_mixin.py:188} INFO - [2026-05-27T05:43:16.601+0000] {dagbag.py:545} INFO - Filling up the DagBag from /opt/airflow/dags/playwright_shopee.py
[2026-05-27T05:43:16.991+0000] {logging_mixin.py:188} INFO - 🌐 Membuka Chromium...
[2026-05-27T05:43:17.213+0000] {logging_mixin.py:188} INFO - 🍪 Inject cookies Shopee...
[2026-05-27T05:43:17.216+0000] {logging_mixin.py:188} INFO - ✅ 16 cookies berhasil diload dari /opt/airflow/dags/shopee_cookies.json
[2026-05-27T05:43:17.302+0000] {logging_mixin.py:188} INFO - 🌍 Membuka Shopee search...
[2026-05-27T05:43:23.887+0000] {logging_mixin.py:188} INFO - 📄 URL   : https://shopee.co.id/search?keyword=msi%20gaming
[2026-05-27T05:43:23.915+0000] {logging_mixin.py:188} INFO - 📄 TITLE : Shopee Indonesia | Situs Belanja Online Terlengkap & Terpercaya
[2026-05-27T05:43:24.038+0000] {logging_mixin.py:188} INFO - ✅ Session valid, mulai scraping...
[2026-05-27T05:43:24.044+0000] {logging_mixin.py:188} INFO - [2026-05-27T05:43:24.043+0000] {logger.py:96} INFO - {"message": "Waiting for suitable server to become available", "selector": "<function writable_server_selector at 0x7fedaae6b280>", "operation": "createIndexes", "topologyDescription": "<TopologyDescription id: 6a16847c5bcef6237ae41c08, topology_type: Unknown, servers: [<ServerDescription ('mongodb', 27017) server_type: Unknown, rtt: None>]>", "clientId": {"$oid": "6a16847c5bcef6237ae41c08"}, "remainingTimeMS": 29}
[2026-05-27T05:43:24.059+0000] {logging_mixin.py:188} INFO - ✅ Terhubung MongoDB: shopee_raw.products
[2026-05-27T05:43:24.060+0000] {logging_mixin.py:188} INFO - 
=================================
[2026-05-27T05:43:24.060+0000] {logging_mixin.py:188} INFO - 📄 PAGE 1/5
[2026-05-27T05:43:24.061+0000] {logging_mixin.py:188} INFO - =================================
[2026-05-27T05:43:24.061+0000] {logging_mixin.py:188} INFO - 🌍 https://shopee.co.id/search?keyword=msi%20gaming&page=0
[2026-05-27T05:43:28.980+0000] {logging_mixin.py:188} INFO - 🖱️ Scrolling...
[2026-05-27T05:43:43.888+0000] {logging_mixin.py:188} INFO - 📄 URL   : https://shopee.co.id/verify/traffic/error?home_url=https%3A%2F%2Fshopee.co.id&is_logged_in=false&next=https%3A%2F%2Fshopee.co.id%2Fsearch%3Fkeyword%3Dmsi%2520gaming%26page%3D0&tracking_id=6418cc0132e-bff4-4b00-b03e-25a20c57e324&type=4
[2026-05-27T05:43:43.911+0000] {logging_mixin.py:188} INFO - 📄 TITLE : Shopee Indonesia | Situs Belanja Online Terlengkap & Terpercaya
[2026-05-27T05:43:44.009+0000] {logging_mixin.py:188} INFO - 🔍 Mengambil item produk...
[2026-05-27T05:43:44.050+0000] {logging_mixin.py:188} INFO - 📦 Total item ditemukan: 0
[2026-05-27T05:43:44.050+0000] {logging_mixin.py:188} INFO - ❌ Produk kosong, simpan HTML debug.
[2026-05-27T05:43:44.083+0000] {logging_mixin.py:188} INFO - 
=================================
[2026-05-27T05:43:44.083+0000] {logging_mixin.py:188} INFO - 📄 PAGE 2/5
[2026-05-27T05:43:44.084+0000] {logging_mixin.py:188} INFO - =================================
[2026-05-27T05:43:44.084+0000] {logging_mixin.py:188} INFO - 🌍 https://shopee.co.id/search?keyword=msi%20gaming&page=1
[2026-05-27T05:43:46.608+0000] {logging_mixin.py:188} INFO - [2026-05-27T05:43:46.608+0000] {timeout.py:68} ERROR - Process timed out, PID: 36229
[2026-05-27T05:44:16.763+0000] {processor.py:161} INFO - Started process (PID=36378) to work on /opt/airflow/dags/playwright_shopee.py
[2026-05-27T05:44:16.766+0000] {processor.py:830} INFO - Processing file /opt/airflow/dags/playwright_shopee.py for tasks to queue
[2026-05-27T05:44:16.768+0000] {logging_mixin.py:188} INFO - [2026-05-27T05:44:16.768+0000] {dagbag.py:545} INFO - Filling up the DagBag from /opt/airflow/dags/playwright_shopee.py
[2026-05-27T05:44:17.171+0000] {logging_mixin.py:188} INFO - 🌐 Membuka Chromium...
[2026-05-27T05:44:17.403+0000] {logging_mixin.py:188} INFO - 🍪 Inject cookies Shopee...
[2026-05-27T05:44:17.405+0000] {logging_mixin.py:188} INFO - ✅ 16 cookies berhasil diload dari /opt/airflow/dags/shopee_cookies.json
[2026-05-27T05:44:17.495+0000] {logging_mixin.py:188} INFO - 🌍 Membuka Shopee search...
[2026-05-27T05:44:32.879+0000] {logging_mixin.py:188} INFO - 📄 URL   : https://shopee.co.id/search?keyword=msi%20gaming
[2026-05-27T05:44:32.901+0000] {logging_mixin.py:188} INFO - 📄 TITLE : Shopee Indonesia | Situs Belanja Online Terlengkap & Terpercaya
[2026-05-27T05:44:46.772+0000] {logging_mixin.py:188} INFO - [2026-05-27T05:44:46.772+0000] {timeout.py:68} ERROR - Process timed out, PID: 36378
[2026-05-27T05:45:17.440+0000] {processor.py:161} INFO - Started process (PID=36479) to work on /opt/airflow/dags/playwright_shopee.py
[2026-05-27T05:45:17.441+0000] {processor.py:830} INFO - Processing file /opt/airflow/dags/playwright_shopee.py for tasks to queue
[2026-05-27T05:45:17.442+0000] {logging_mixin.py:188} INFO - [2026-05-27T05:45:17.442+0000] {dagbag.py:545} INFO - Filling up the DagBag from /opt/airflow/dags/playwright_shopee.py
[2026-05-27T05:45:17.818+0000] {logging_mixin.py:188} INFO - 🌐 Membuka Chromium...
[2026-05-27T05:45:18.034+0000] {logging_mixin.py:188} INFO - 🍪 Inject cookies Shopee...
[2026-05-27T05:45:18.036+0000] {logging_mixin.py:188} INFO - ✅ 16 cookies berhasil diload dari /opt/airflow/dags/shopee_cookies.json
[2026-05-27T05:45:18.117+0000] {logging_mixin.py:188} INFO - 🌍 Membuka Shopee search...
[2026-05-27T05:45:26.555+0000] {logging_mixin.py:188} INFO - 📄 URL   : https://shopee.co.id/search?keyword=msi%20gaming
[2026-05-27T05:45:26.589+0000] {logging_mixin.py:188} INFO - 📄 TITLE : 
[2026-05-27T05:45:28.843+0000] {logging_mixin.py:188} INFO - ❌ Kena traffic verify — cookies mungkin expired.
[2026-05-27T05:45:28.844+0000] {logging_mixin.py:188} INFO - ⚠️  Export ulang cookies dari Chrome dan update shopee_cookies.json
[2026-05-27T05:45:29.305+0000] {logging_mixin.py:188} INFO - [2026-05-27T05:45:29.303+0000] {dagbag.py:355} ERROR - Failed to import: /opt/airflow/dags/playwright_shopee.py
Traceback (most recent call last):
  File "/home/airflow/.local/lib/python3.8/site-packages/airflow/models/dagbag.py", line 351, in parse
    loader.exec_module(new_module)
  File "<frozen importlib._bootstrap_external>", line 843, in exec_module
  File "<frozen importlib._bootstrap>", line 219, in _call_with_frames_removed
  File "/opt/airflow/dags/playwright_shopee.py", line 218, in <module>
    raise RuntimeError(
RuntimeError: Shopee traffic verify detected. Update shopee_cookies.json dari Cookie-Editor.
[2026-05-27T05:45:29.306+0000] {processor.py:842} WARNING - No viable dags retrieved from /opt/airflow/dags/playwright_shopee.py
[2026-05-27T05:45:29.335+0000] {processor.py:183} INFO - Processing /opt/airflow/dags/playwright_shopee.py took 11.900 seconds
[2026-05-27T05:45:59.989+0000] {processor.py:161} INFO - Started process (PID=36603) to work on /opt/airflow/dags/playwright_shopee.py
[2026-05-27T05:45:59.990+0000] {processor.py:830} INFO - Processing file /opt/airflow/dags/playwright_shopee.py for tasks to queue
[2026-05-27T05:45:59.992+0000] {logging_mixin.py:188} INFO - [2026-05-27T05:45:59.991+0000] {dagbag.py:545} INFO - Filling up the DagBag from /opt/airflow/dags/playwright_shopee.py
[2026-05-27T05:46:00.371+0000] {logging_mixin.py:188} INFO - 🌐 Membuka Chromium...
[2026-05-27T05:46:00.604+0000] {logging_mixin.py:188} INFO - 🍪 Inject cookies Shopee...
[2026-05-27T05:46:00.607+0000] {logging_mixin.py:188} INFO - ✅ 16 cookies berhasil diload dari /opt/airflow/dags/shopee_cookies.json
[2026-05-27T05:46:00.706+0000] {logging_mixin.py:188} INFO - 🌍 Membuka Shopee search...
[2026-05-27T05:46:10.114+0000] {logging_mixin.py:188} INFO - 📄 URL   : https://shopee.co.id/search?keyword=msi%20gaming
[2026-05-27T05:46:10.328+0000] {logging_mixin.py:188} INFO - 📄 TITLE : 
[2026-05-27T05:46:12.439+0000] {logging_mixin.py:188} INFO - ❌ Kena traffic verify — cookies mungkin expired.
[2026-05-27T05:46:12.440+0000] {logging_mixin.py:188} INFO - ⚠️  Export ulang cookies dari Chrome dan update shopee_cookies.json
[2026-05-27T05:46:12.881+0000] {logging_mixin.py:188} INFO - [2026-05-27T05:46:12.880+0000] {dagbag.py:355} ERROR - Failed to import: /opt/airflow/dags/playwright_shopee.py
Traceback (most recent call last):
  File "/home/airflow/.local/lib/python3.8/site-packages/airflow/models/dagbag.py", line 351, in parse
    loader.exec_module(new_module)
  File "<frozen importlib._bootstrap_external>", line 843, in exec_module
  File "<frozen importlib._bootstrap>", line 219, in _call_with_frames_removed
  File "/opt/airflow/dags/playwright_shopee.py", line 218, in <module>
    raise RuntimeError(
RuntimeError: Shopee traffic verify detected. Update shopee_cookies.json dari Cookie-Editor.
[2026-05-27T05:46:12.882+0000] {processor.py:842} WARNING - No viable dags retrieved from /opt/airflow/dags/playwright_shopee.py
[2026-05-27T05:46:12.904+0000] {processor.py:183} INFO - Processing /opt/airflow/dags/playwright_shopee.py took 12.920 seconds
[2026-05-27T05:46:43.018+0000] {processor.py:161} INFO - Started process (PID=36737) to work on /opt/airflow/dags/playwright_shopee.py
[2026-05-27T05:46:43.019+0000] {processor.py:830} INFO - Processing file /opt/airflow/dags/playwright_shopee.py for tasks to queue
[2026-05-27T05:46:43.021+0000] {logging_mixin.py:188} INFO - [2026-05-27T05:46:43.020+0000] {dagbag.py:545} INFO - Filling up the DagBag from /opt/airflow/dags/playwright_shopee.py
[2026-05-27T05:46:43.406+0000] {logging_mixin.py:188} INFO - 🌐 Membuka Chromium...
[2026-05-27T05:46:43.629+0000] {logging_mixin.py:188} INFO - 🍪 Inject cookies Shopee...
[2026-05-27T05:46:43.631+0000] {logging_mixin.py:188} INFO - ✅ 16 cookies berhasil diload dari /opt/airflow/dags/shopee_cookies.json
[2026-05-27T05:46:43.728+0000] {logging_mixin.py:188} INFO - 🌍 Membuka Shopee search...
[2026-05-27T05:46:51.468+0000] {logging_mixin.py:188} INFO - 📄 URL   : https://shopee.co.id/search?keyword=msi%20gaming
[2026-05-27T05:46:51.954+0000] {logging_mixin.py:188} INFO - 📄 TITLE : Shopee Indonesia | Situs Belanja Online Terlengkap & Terpercaya
[2026-05-27T05:46:52.798+0000] {logging_mixin.py:188} INFO - ❌ Kena traffic verify — cookies mungkin expired.
[2026-05-27T05:46:52.799+0000] {logging_mixin.py:188} INFO - ⚠️  Export ulang cookies dari Chrome dan update shopee_cookies.json
[2026-05-27T05:46:55.063+0000] {logging_mixin.py:188} INFO - [2026-05-27T05:46:55.062+0000] {dagbag.py:355} ERROR - Failed to import: /opt/airflow/dags/playwright_shopee.py
Traceback (most recent call last):
  File "/home/airflow/.local/lib/python3.8/site-packages/airflow/models/dagbag.py", line 351, in parse
    loader.exec_module(new_module)
  File "<frozen importlib._bootstrap_external>", line 843, in exec_module
  File "<frozen importlib._bootstrap>", line 219, in _call_with_frames_removed
  File "/opt/airflow/dags/playwright_shopee.py", line 218, in <module>
    raise RuntimeError(
RuntimeError: Shopee traffic verify detected. Update shopee_cookies.json dari Cookie-Editor.
[2026-05-27T05:46:55.064+0000] {processor.py:842} WARNING - No viable dags retrieved from /opt/airflow/dags/playwright_shopee.py
[2026-05-27T05:46:55.086+0000] {processor.py:183} INFO - Processing /opt/airflow/dags/playwright_shopee.py took 12.072 seconds
[2026-05-27T05:47:25.759+0000] {processor.py:161} INFO - Started process (PID=36859) to work on /opt/airflow/dags/playwright_shopee.py
[2026-05-27T05:47:25.760+0000] {processor.py:830} INFO - Processing file /opt/airflow/dags/playwright_shopee.py for tasks to queue
[2026-05-27T05:47:25.762+0000] {logging_mixin.py:188} INFO - [2026-05-27T05:47:25.761+0000] {dagbag.py:545} INFO - Filling up the DagBag from /opt/airflow/dags/playwright_shopee.py
[2026-05-27T05:47:26.128+0000] {logging_mixin.py:188} INFO - 🌐 Membuka Chromium...
[2026-05-27T05:47:26.316+0000] {logging_mixin.py:188} INFO - 🍪 Inject cookies Shopee...
[2026-05-27T05:47:26.319+0000] {logging_mixin.py:188} INFO - ✅ 16 cookies berhasil diload dari /opt/airflow/dags/shopee_cookies.json
[2026-05-27T05:47:26.402+0000] {logging_mixin.py:188} INFO - 🌍 Membuka Shopee search...
[2026-05-27T05:47:32.417+0000] {logging_mixin.py:188} INFO - 📄 URL   : https://shopee.co.id/search?keyword=msi%20gaming
[2026-05-27T05:47:32.466+0000] {logging_mixin.py:188} INFO - 📄 TITLE : Shopee Indonesia | Situs Belanja Online Terlengkap & Terpercaya
[2026-05-27T05:47:32.583+0000] {logging_mixin.py:188} INFO - ✅ Session valid, mulai scraping...
[2026-05-27T05:47:32.588+0000] {logging_mixin.py:188} INFO - [2026-05-27T05:47:32.588+0000] {logger.py:96} INFO - {"message": "Waiting for suitable server to become available", "selector": "<function writable_server_selector at 0x7fedaae69280>", "operation": "createIndexes", "topologyDescription": "<TopologyDescription id: 6a168574a7c1aacc2ff67bb2, topology_type: Unknown, servers: [<ServerDescription ('mongodb', 27017) server_type: Unknown, rtt: None>]>", "clientId": {"$oid": "6a168574a7c1aacc2ff67bb2"}, "remainingTimeMS": 29}
[2026-05-27T05:47:32.602+0000] {logging_mixin.py:188} INFO - ✅ Terhubung MongoDB: shopee_raw.products
[2026-05-27T05:47:32.603+0000] {logging_mixin.py:188} INFO - 
=================================
[2026-05-27T05:47:32.603+0000] {logging_mixin.py:188} INFO - 📄 PAGE 1/5
[2026-05-27T05:47:32.604+0000] {logging_mixin.py:188} INFO - =================================
[2026-05-27T05:47:32.604+0000] {logging_mixin.py:188} INFO - 🌍 https://shopee.co.id/search?keyword=msi%20gaming&page=0
[2026-05-27T05:47:41.852+0000] {logging_mixin.py:188} INFO - 🖱️ Scrolling...
[2026-05-27T05:47:55.766+0000] {logging_mixin.py:188} INFO - [2026-05-27T05:47:55.765+0000] {timeout.py:68} ERROR - Process timed out, PID: 36859
[2026-05-27T05:48:26.002+0000] {processor.py:161} INFO - Started process (PID=36997) to work on /opt/airflow/dags/playwright_shopee.py
[2026-05-27T05:48:26.003+0000] {processor.py:830} INFO - Processing file /opt/airflow/dags/playwright_shopee.py for tasks to queue
[2026-05-27T05:48:26.004+0000] {logging_mixin.py:188} INFO - [2026-05-27T05:48:26.004+0000] {dagbag.py:545} INFO - Filling up the DagBag from /opt/airflow/dags/playwright_shopee.py
[2026-05-27T05:48:26.361+0000] {logging_mixin.py:188} INFO - 🌐 Membuka Chromium...
[2026-05-27T05:48:26.623+0000] {logging_mixin.py:188} INFO - 🍪 Inject cookies Shopee...
[2026-05-27T05:48:26.625+0000] {logging_mixin.py:188} INFO - ✅ 16 cookies berhasil diload dari /opt/airflow/dags/shopee_cookies.json
[2026-05-27T05:48:26.717+0000] {logging_mixin.py:188} INFO - 🌍 Membuka Shopee search...
[2026-05-27T05:48:37.172+0000] {logging_mixin.py:188} INFO - 📄 URL   : https://shopee.co.id/search?keyword=msi%20gaming
[2026-05-27T05:48:37.845+0000] {logging_mixin.py:188} INFO - 📄 TITLE : Shopee Indonesia | Situs Belanja Online Terlengkap & Terpercaya
[2026-05-27T05:48:38.403+0000] {logging_mixin.py:188} INFO - ❌ Kena traffic verify — cookies mungkin expired.
[2026-05-27T05:48:38.404+0000] {logging_mixin.py:188} INFO - ⚠️  Export ulang cookies dari Chrome dan update shopee_cookies.json
[2026-05-27T05:48:38.725+0000] {logging_mixin.py:188} INFO - [2026-05-27T05:48:38.724+0000] {dagbag.py:355} ERROR - Failed to import: /opt/airflow/dags/playwright_shopee.py
Traceback (most recent call last):
  File "/home/airflow/.local/lib/python3.8/site-packages/airflow/models/dagbag.py", line 351, in parse
    loader.exec_module(new_module)
  File "<frozen importlib._bootstrap_external>", line 843, in exec_module
  File "<frozen importlib._bootstrap>", line 219, in _call_with_frames_removed
  File "/opt/airflow/dags/playwright_shopee.py", line 218, in <module>
    raise RuntimeError(
RuntimeError: Shopee traffic verify detected. Update shopee_cookies.json dari Cookie-Editor.
[2026-05-27T05:48:38.727+0000] {processor.py:842} WARNING - No viable dags retrieved from /opt/airflow/dags/playwright_shopee.py
[2026-05-27T05:48:38.750+0000] {processor.py:183} INFO - Processing /opt/airflow/dags/playwright_shopee.py took 12.753 seconds
[2026-05-27T05:49:08.933+0000] {processor.py:161} INFO - Started process (PID=37124) to work on /opt/airflow/dags/playwright_shopee.py
[2026-05-27T05:49:08.934+0000] {processor.py:830} INFO - Processing file /opt/airflow/dags/playwright_shopee.py for tasks to queue
[2026-05-27T05:49:08.936+0000] {logging_mixin.py:188} INFO - [2026-05-27T05:49:08.935+0000] {dagbag.py:545} INFO - Filling up the DagBag from /opt/airflow/dags/playwright_shopee.py
[2026-05-27T05:49:09.307+0000] {logging_mixin.py:188} INFO - 🌐 Membuka Chromium...
[2026-05-27T05:49:09.497+0000] {logging_mixin.py:188} INFO - 🍪 Inject cookies Shopee...
[2026-05-27T05:49:09.500+0000] {logging_mixin.py:188} INFO - ✅ 16 cookies berhasil diload dari /opt/airflow/dags/shopee_cookies.json
[2026-05-27T05:49:09.583+0000] {logging_mixin.py:188} INFO - 🌍 Membuka Shopee search...
[2026-05-27T05:49:17.573+0000] {logging_mixin.py:188} INFO - 📄 URL   : https://shopee.co.id/search?keyword=msi%20gaming
[2026-05-27T05:49:17.605+0000] {logging_mixin.py:188} INFO - 📄 TITLE : Shopee Indonesia | Situs Belanja Online Terlengkap & Terpercaya
[2026-05-27T05:49:17.812+0000] {logging_mixin.py:188} INFO - ❌ Cookies tidak valid atau sudah expired.
[2026-05-27T05:49:17.919+0000] {logging_mixin.py:188} INFO - [2026-05-27T05:49:17.918+0000] {dagbag.py:355} ERROR - Failed to import: /opt/airflow/dags/playwright_shopee.py
Traceback (most recent call last):
  File "/home/airflow/.local/lib/python3.8/site-packages/airflow/models/dagbag.py", line 351, in parse
    loader.exec_module(new_module)
  File "<frozen importlib._bootstrap_external>", line 843, in exec_module
  File "<frozen importlib._bootstrap>", line 219, in _call_with_frames_removed
  File "/opt/airflow/dags/playwright_shopee.py", line 228, in <module>
    raise RuntimeError("Cookies tidak valid. Export ulang dari Chrome.")
RuntimeError: Cookies tidak valid. Export ulang dari Chrome.
[2026-05-27T05:49:17.920+0000] {processor.py:842} WARNING - No viable dags retrieved from /opt/airflow/dags/playwright_shopee.py
[2026-05-27T05:49:17.942+0000] {processor.py:183} INFO - Processing /opt/airflow/dags/playwright_shopee.py took 9.018 seconds
[2026-05-27T05:49:48.626+0000] {processor.py:161} INFO - Started process (PID=37247) to work on /opt/airflow/dags/playwright_shopee.py
[2026-05-27T05:49:48.627+0000] {processor.py:830} INFO - Processing file /opt/airflow/dags/playwright_shopee.py for tasks to queue
[2026-05-27T05:49:48.629+0000] {logging_mixin.py:188} INFO - [2026-05-27T05:49:48.629+0000] {dagbag.py:545} INFO - Filling up the DagBag from /opt/airflow/dags/playwright_shopee.py
[2026-05-27T05:49:49.016+0000] {logging_mixin.py:188} INFO - 🌐 Membuka Chromium...
[2026-05-27T05:49:49.259+0000] {logging_mixin.py:188} INFO - 🍪 Inject cookies Shopee...
[2026-05-27T05:49:49.261+0000] {logging_mixin.py:188} INFO - ✅ 16 cookies berhasil diload dari /opt/airflow/dags/shopee_cookies.json
[2026-05-27T05:49:49.352+0000] {logging_mixin.py:188} INFO - 🌍 Membuka Shopee search...
[2026-05-27T05:49:58.404+0000] {logging_mixin.py:188} INFO - 📄 URL   : https://shopee.co.id/search?keyword=msi%20gaming
[2026-05-27T05:49:58.757+0000] {logging_mixin.py:188} INFO - [2026-05-27T05:49:58.755+0000] {dagbag.py:355} ERROR - Failed to import: /opt/airflow/dags/playwright_shopee.py
Traceback (most recent call last):
  File "/home/airflow/.local/lib/python3.8/site-packages/airflow/models/dagbag.py", line 351, in parse
    loader.exec_module(new_module)
  File "<frozen importlib._bootstrap_external>", line 843, in exec_module
  File "<frozen importlib._bootstrap>", line 219, in _call_with_frames_removed
  File "/opt/airflow/dags/playwright_shopee.py", line 208, in <module>
    print("📄 TITLE :", page.title())
  File "/home/airflow/.local/lib/python3.8/site-packages/playwright/sync_api/_generated.py", line 9407, in title
    return mapping.from_maybe_impl(self._sync(self._impl_obj.title()))
  File "/home/airflow/.local/lib/python3.8/site-packages/playwright/_impl/_sync_base.py", line 115, in _sync
    return task.result()
  File "/home/airflow/.local/lib/python3.8/site-packages/playwright/_impl/_page.py", line 742, in title
    return await self._main_frame.title()
  File "/home/airflow/.local/lib/python3.8/site-packages/playwright/_impl/_frame.py", line 776, in title
    return await self._channel.send("title")
  File "/home/airflow/.local/lib/python3.8/site-packages/playwright/_impl/_connection.py", line 59, in send
    return await self._connection.wrap_api_call(
  File "/home/airflow/.local/lib/python3.8/site-packages/playwright/_impl/_connection.py", line 514, in wrap_api_call
    raise rewrite_error(error, f"{parsed_st['apiName']}: {error}") from None
playwright._impl._errors.Error: Page.title: Execution context was destroyed, most likely because of a navigation
[2026-05-27T05:49:58.758+0000] {processor.py:842} WARNING - No viable dags retrieved from /opt/airflow/dags/playwright_shopee.py
[2026-05-27T05:49:58.785+0000] {processor.py:183} INFO - Processing /opt/airflow/dags/playwright_shopee.py took 10.166 seconds
[2026-05-27T05:50:29.404+0000] {processor.py:161} INFO - Started process (PID=37365) to work on /opt/airflow/dags/playwright_shopee.py
[2026-05-27T05:50:29.405+0000] {processor.py:830} INFO - Processing file /opt/airflow/dags/playwright_shopee.py for tasks to queue
[2026-05-27T05:50:29.406+0000] {logging_mixin.py:188} INFO - [2026-05-27T05:50:29.406+0000] {dagbag.py:545} INFO - Filling up the DagBag from /opt/airflow/dags/playwright_shopee.py
[2026-05-27T05:50:29.792+0000] {logging_mixin.py:188} INFO - 🌐 Membuka Chromium...
[2026-05-27T05:50:30.021+0000] {logging_mixin.py:188} INFO - 🍪 Inject cookies Shopee...
[2026-05-27T05:50:30.023+0000] {logging_mixin.py:188} INFO - ✅ 16 cookies berhasil diload dari /opt/airflow/dags/shopee_cookies.json
[2026-05-27T05:50:30.107+0000] {logging_mixin.py:188} INFO - 🌍 Membuka Shopee search...
[2026-05-27T05:50:41.592+0000] {logging_mixin.py:188} INFO - 📄 URL   : https://shopee.co.id/search?keyword=msi%20gaming
[2026-05-27T05:50:41.626+0000] {logging_mixin.py:188} INFO - 📄 TITLE : Shopee Indonesia | Situs Belanja Online Terlengkap & Terpercaya
[2026-05-27T05:50:41.756+0000] {logging_mixin.py:188} INFO - ❌ Kena traffic verify — cookies mungkin expired.
[2026-05-27T05:50:41.757+0000] {logging_mixin.py:188} INFO - ⚠️  Export ulang cookies dari Chrome dan update shopee_cookies.json
[2026-05-27T05:50:42.007+0000] {logging_mixin.py:188} INFO - [2026-05-27T05:50:42.006+0000] {dagbag.py:355} ERROR - Failed to import: /opt/airflow/dags/playwright_shopee.py
Traceback (most recent call last):
  File "/home/airflow/.local/lib/python3.8/site-packages/airflow/models/dagbag.py", line 351, in parse
    loader.exec_module(new_module)
  File "<frozen importlib._bootstrap_external>", line 843, in exec_module
  File "<frozen importlib._bootstrap>", line 219, in _call_with_frames_removed
  File "/opt/airflow/dags/playwright_shopee.py", line 218, in <module>
    raise RuntimeError(
RuntimeError: Shopee traffic verify detected. Update shopee_cookies.json dari Cookie-Editor.
[2026-05-27T05:50:42.008+0000] {processor.py:842} WARNING - No viable dags retrieved from /opt/airflow/dags/playwright_shopee.py
[2026-05-27T05:50:42.027+0000] {processor.py:183} INFO - Processing /opt/airflow/dags/playwright_shopee.py took 12.629 seconds
[2026-05-27T05:51:12.438+0000] {processor.py:161} INFO - Started process (PID=37498) to work on /opt/airflow/dags/playwright_shopee.py
[2026-05-27T05:51:12.439+0000] {processor.py:830} INFO - Processing file /opt/airflow/dags/playwright_shopee.py for tasks to queue
[2026-05-27T05:51:12.440+0000] {logging_mixin.py:188} INFO - [2026-05-27T05:51:12.440+0000] {dagbag.py:545} INFO - Filling up the DagBag from /opt/airflow/dags/playwright_shopee.py
[2026-05-27T05:51:12.798+0000] {logging_mixin.py:188} INFO - 🌐 Membuka Chromium...
[2026-05-27T05:51:12.994+0000] {logging_mixin.py:188} INFO - 🍪 Inject cookies Shopee...
[2026-05-27T05:51:12.996+0000] {logging_mixin.py:188} INFO - ✅ 16 cookies berhasil diload dari /opt/airflow/dags/shopee_cookies.json
[2026-05-27T05:51:13.077+0000] {logging_mixin.py:188} INFO - 🌍 Membuka Shopee search...
[2026-05-27T05:51:22.696+0000] {logging_mixin.py:188} INFO - 📄 URL   : https://shopee.co.id/search?keyword=msi%20gaming
[2026-05-27T05:51:22.841+0000] {logging_mixin.py:188} INFO - 📄 TITLE : 
[2026-05-27T05:51:24.557+0000] {logging_mixin.py:188} INFO - ❌ Kena traffic verify — cookies mungkin expired.
[2026-05-27T05:51:24.558+0000] {logging_mixin.py:188} INFO - ⚠️  Export ulang cookies dari Chrome dan update shopee_cookies.json
[2026-05-27T05:51:24.851+0000] {logging_mixin.py:188} INFO - [2026-05-27T05:51:24.850+0000] {dagbag.py:355} ERROR - Failed to import: /opt/airflow/dags/playwright_shopee.py
Traceback (most recent call last):
  File "/home/airflow/.local/lib/python3.8/site-packages/airflow/models/dagbag.py", line 351, in parse
    loader.exec_module(new_module)
  File "<frozen importlib._bootstrap_external>", line 843, in exec_module
  File "<frozen importlib._bootstrap>", line 219, in _call_with_frames_removed
  File "/opt/airflow/dags/playwright_shopee.py", line 218, in <module>
    raise RuntimeError(
RuntimeError: Shopee traffic verify detected. Update shopee_cookies.json dari Cookie-Editor.
[2026-05-27T05:51:24.853+0000] {processor.py:842} WARNING - No viable dags retrieved from /opt/airflow/dags/playwright_shopee.py
[2026-05-27T05:51:24.873+0000] {processor.py:183} INFO - Processing /opt/airflow/dags/playwright_shopee.py took 12.444 seconds
[2026-05-27T05:51:55.268+0000] {processor.py:161} INFO - Started process (PID=37627) to work on /opt/airflow/dags/playwright_shopee.py
[2026-05-27T05:51:55.269+0000] {processor.py:830} INFO - Processing file /opt/airflow/dags/playwright_shopee.py for tasks to queue
[2026-05-27T05:51:55.271+0000] {logging_mixin.py:188} INFO - [2026-05-27T05:51:55.270+0000] {dagbag.py:545} INFO - Filling up the DagBag from /opt/airflow/dags/playwright_shopee.py
[2026-05-27T05:51:55.622+0000] {logging_mixin.py:188} INFO - 🌐 Membuka Chromium...
[2026-05-27T05:51:55.809+0000] {logging_mixin.py:188} INFO - 🍪 Inject cookies Shopee...
[2026-05-27T05:51:55.812+0000] {logging_mixin.py:188} INFO - ✅ 16 cookies berhasil diload dari /opt/airflow/dags/shopee_cookies.json
[2026-05-27T05:51:55.897+0000] {logging_mixin.py:188} INFO - 🌍 Membuka Shopee search...
[2026-05-27T05:52:01.443+0000] {logging_mixin.py:188} INFO - 📄 URL   : https://shopee.co.id/search?keyword=msi%20gaming
[2026-05-27T05:52:01.484+0000] {logging_mixin.py:188} INFO - 📄 TITLE : Shopee Indonesia | Situs Belanja Online Terlengkap & Terpercaya
[2026-05-27T05:52:01.624+0000] {logging_mixin.py:188} INFO - ✅ Session valid, mulai scraping...
[2026-05-27T05:52:01.629+0000] {logging_mixin.py:188} INFO - [2026-05-27T05:52:01.629+0000] {logger.py:96} INFO - {"message": "Waiting for suitable server to become available", "selector": "<function writable_server_selector at 0x7fedaae6a280>", "operation": "createIndexes", "topologyDescription": "<TopologyDescription id: 6a16868139c25dca8823e388, topology_type: Unknown, servers: [<ServerDescription ('mongodb', 27017) server_type: Unknown, rtt: None>]>", "clientId": {"$oid": "6a16868139c25dca8823e388"}, "remainingTimeMS": 29}
[2026-05-27T05:52:01.644+0000] {logging_mixin.py:188} INFO - ✅ Terhubung MongoDB: shopee_raw.products
[2026-05-27T05:52:01.644+0000] {logging_mixin.py:188} INFO - 
=================================
[2026-05-27T05:52:01.645+0000] {logging_mixin.py:188} INFO - 📄 PAGE 1/5
[2026-05-27T05:52:01.645+0000] {logging_mixin.py:188} INFO - =================================
[2026-05-27T05:52:01.645+0000] {logging_mixin.py:188} INFO - 🌍 https://shopee.co.id/search?keyword=msi%20gaming&page=0
[2026-05-27T05:52:08.363+0000] {logging_mixin.py:188} INFO - 🖱️ Scrolling...
[2026-05-27T05:52:20.988+0000] {logging_mixin.py:188} INFO - 📄 URL   : https://shopee.co.id/verify/traffic/error?home_url=https%3A%2F%2Fshopee.co.id&is_logged_in=false&next=https%3A%2F%2Fshopee.co.id%2Fsearch%3Fkeyword%3Dmsi%2520gaming%26page%3D0&tracking_id=373b1ed538f-ee53-4371-a0e4-53ad70c61dd0&type=4
[2026-05-27T05:52:21.012+0000] {logging_mixin.py:188} INFO - 📄 TITLE : Shopee Indonesia | Situs Belanja Online Terlengkap & Terpercaya
[2026-05-27T05:52:21.108+0000] {logging_mixin.py:188} INFO - 🔍 Mengambil item produk...
[2026-05-27T05:52:21.143+0000] {logging_mixin.py:188} INFO - 📦 Total item ditemukan: 0
[2026-05-27T05:52:21.144+0000] {logging_mixin.py:188} INFO - ❌ Produk kosong, simpan HTML debug.
[2026-05-27T05:52:21.175+0000] {logging_mixin.py:188} INFO - 
=================================
[2026-05-27T05:52:21.176+0000] {logging_mixin.py:188} INFO - 📄 PAGE 2/5
[2026-05-27T05:52:21.176+0000] {logging_mixin.py:188} INFO - =================================
[2026-05-27T05:52:21.177+0000] {logging_mixin.py:188} INFO - 🌍 https://shopee.co.id/search?keyword=msi%20gaming&page=1
[2026-05-27T05:52:25.275+0000] {logging_mixin.py:188} INFO - [2026-05-27T05:52:25.275+0000] {timeout.py:68} ERROR - Process timed out, PID: 37627
[2026-05-27T05:52:55.431+0000] {processor.py:161} INFO - Started process (PID=37780) to work on /opt/airflow/dags/playwright_shopee.py
[2026-05-27T05:52:55.432+0000] {processor.py:830} INFO - Processing file /opt/airflow/dags/playwright_shopee.py for tasks to queue
[2026-05-27T05:52:55.434+0000] {logging_mixin.py:188} INFO - [2026-05-27T05:52:55.433+0000] {dagbag.py:545} INFO - Filling up the DagBag from /opt/airflow/dags/playwright_shopee.py
[2026-05-27T05:52:55.776+0000] {logging_mixin.py:188} INFO - 🌐 Membuka Chromium...
[2026-05-27T05:52:55.962+0000] {logging_mixin.py:188} INFO - 🍪 Inject cookies Shopee...
[2026-05-27T05:52:55.965+0000] {logging_mixin.py:188} INFO - ✅ 16 cookies berhasil diload dari /opt/airflow/dags/shopee_cookies.json
[2026-05-27T05:52:56.061+0000] {logging_mixin.py:188} INFO - 🌍 Membuka Shopee search...
[2026-05-27T05:53:01.771+0000] {logging_mixin.py:188} INFO - 📄 URL   : https://shopee.co.id/search?keyword=msi%20gaming
[2026-05-27T05:53:01.805+0000] {logging_mixin.py:188} INFO - 📄 TITLE : Shopee Indonesia | Situs Belanja Online Terlengkap & Terpercaya
[2026-05-27T05:53:01.940+0000] {logging_mixin.py:188} INFO - ✅ Session valid, mulai scraping...
[2026-05-27T05:53:01.947+0000] {logging_mixin.py:188} INFO - [2026-05-27T05:53:01.946+0000] {logger.py:96} INFO - {"message": "Waiting for suitable server to become available", "selector": "<function writable_server_selector at 0x7fedaae69280>", "operation": "createIndexes", "topologyDescription": "<TopologyDescription id: 6a1686bd24be60b9aa9e1f01, topology_type: Unknown, servers: [<ServerDescription ('mongodb', 27017) server_type: Unknown, rtt: None>]>", "clientId": {"$oid": "6a1686bd24be60b9aa9e1f01"}, "remainingTimeMS": 29}
[2026-05-27T05:53:01.964+0000] {logging_mixin.py:188} INFO - ✅ Terhubung MongoDB: shopee_raw.products
[2026-05-27T05:53:01.964+0000] {logging_mixin.py:188} INFO - 
=================================
[2026-05-27T05:53:01.965+0000] {logging_mixin.py:188} INFO - 📄 PAGE 1/5
[2026-05-27T05:53:01.965+0000] {logging_mixin.py:188} INFO - =================================
[2026-05-27T05:53:01.966+0000] {logging_mixin.py:188} INFO - 🌍 https://shopee.co.id/search?keyword=msi%20gaming&page=0
[2026-05-27T05:53:08.134+0000] {logging_mixin.py:188} INFO - 🖱️ Scrolling...
[2026-05-27T05:53:20.173+0000] {logging_mixin.py:188} INFO - 📄 URL   : https://shopee.co.id/verify/traffic/error?home_url=https%3A%2F%2Fshopee.co.id&is_logged_in=false&next=https%3A%2F%2Fshopee.co.id%2Fsearch%3Fkeyword%3Dmsi%2520gaming%26page%3D0&tracking_id=73219f2119a-ba8a-4810-a26e-d11deb302972&type=4
[2026-05-27T05:53:20.198+0000] {logging_mixin.py:188} INFO - 📄 TITLE : Shopee Indonesia | Situs Belanja Online Terlengkap & Terpercaya
[2026-05-27T05:53:20.314+0000] {logging_mixin.py:188} INFO - 🔍 Mengambil item produk...
[2026-05-27T05:53:20.349+0000] {logging_mixin.py:188} INFO - 📦 Total item ditemukan: 0
[2026-05-27T05:53:20.350+0000] {logging_mixin.py:188} INFO - ❌ Produk kosong, simpan HTML debug.
[2026-05-27T05:53:20.385+0000] {logging_mixin.py:188} INFO - 
=================================
[2026-05-27T05:53:20.385+0000] {logging_mixin.py:188} INFO - 📄 PAGE 2/5
[2026-05-27T05:53:20.385+0000] {logging_mixin.py:188} INFO - =================================
[2026-05-27T05:53:20.386+0000] {logging_mixin.py:188} INFO - 🌍 https://shopee.co.id/search?keyword=msi%20gaming&page=1
[2026-05-27T05:53:25.437+0000] {logging_mixin.py:188} INFO - [2026-05-27T05:53:25.437+0000] {timeout.py:68} ERROR - Process timed out, PID: 37780
[2026-05-27T05:53:56.172+0000] {processor.py:161} INFO - Started process (PID=37935) to work on /opt/airflow/dags/playwright_shopee.py
[2026-05-27T05:53:56.172+0000] {processor.py:830} INFO - Processing file /opt/airflow/dags/playwright_shopee.py for tasks to queue
[2026-05-27T05:53:56.174+0000] {logging_mixin.py:188} INFO - [2026-05-27T05:53:56.174+0000] {dagbag.py:545} INFO - Filling up the DagBag from /opt/airflow/dags/playwright_shopee.py
[2026-05-27T05:53:56.594+0000] {logging_mixin.py:188} INFO - 🌐 Membuka Chromium...
[2026-05-27T05:53:56.803+0000] {logging_mixin.py:188} INFO - 🍪 Inject cookies Shopee...
[2026-05-27T05:53:56.806+0000] {logging_mixin.py:188} INFO - ✅ 16 cookies berhasil diload dari /opt/airflow/dags/shopee_cookies.json
[2026-05-27T05:53:56.900+0000] {logging_mixin.py:188} INFO - 🌍 Membuka Shopee search...
[2026-05-27T05:54:03.286+0000] {logging_mixin.py:188} INFO - 📄 URL   : https://shopee.co.id/search?keyword=msi%20gaming
[2026-05-27T05:54:03.344+0000] {logging_mixin.py:188} INFO - 📄 TITLE : Shopee Indonesia | Situs Belanja Online Terlengkap & Terpercaya
[2026-05-27T05:54:03.611+0000] {logging_mixin.py:188} INFO - ✅ Session valid, mulai scraping...
[2026-05-27T05:54:03.620+0000] {logging_mixin.py:188} INFO - [2026-05-27T05:54:03.619+0000] {logger.py:96} INFO - {"message": "Waiting for suitable server to become available", "selector": "<function writable_server_selector at 0x7fedaae6a280>", "operation": "createIndexes", "topologyDescription": "<TopologyDescription id: 6a1686fbbefc81e49e05389b, topology_type: Unknown, servers: [<ServerDescription ('mongodb', 27017) server_type: Unknown, rtt: None>]>", "clientId": {"$oid": "6a1686fbbefc81e49e05389b"}, "remainingTimeMS": 29}
[2026-05-27T05:54:03.647+0000] {logging_mixin.py:188} INFO - ✅ Terhubung MongoDB: shopee_raw.products
[2026-05-27T05:54:03.648+0000] {logging_mixin.py:188} INFO - 
=================================
[2026-05-27T05:54:03.648+0000] {logging_mixin.py:188} INFO - 📄 PAGE 1/5
[2026-05-27T05:54:03.649+0000] {logging_mixin.py:188} INFO - =================================
[2026-05-27T05:54:03.649+0000] {logging_mixin.py:188} INFO - 🌍 https://shopee.co.id/search?keyword=msi%20gaming&page=0
[2026-05-27T05:54:10.400+0000] {logging_mixin.py:188} INFO - 🖱️ Scrolling...
[2026-05-27T05:54:26.182+0000] {logging_mixin.py:188} INFO - [2026-05-27T05:54:26.181+0000] {timeout.py:68} ERROR - Process timed out, PID: 37935
[2026-05-27T05:54:56.679+0000] {processor.py:161} INFO - Started process (PID=38076) to work on /opt/airflow/dags/playwright_shopee.py
[2026-05-27T05:54:56.681+0000] {processor.py:830} INFO - Processing file /opt/airflow/dags/playwright_shopee.py for tasks to queue
[2026-05-27T05:54:56.684+0000] {logging_mixin.py:188} INFO - [2026-05-27T05:54:56.684+0000] {dagbag.py:545} INFO - Filling up the DagBag from /opt/airflow/dags/playwright_shopee.py
[2026-05-27T05:54:57.343+0000] {logging_mixin.py:188} INFO - 🌐 Membuka Chromium...
[2026-05-27T05:54:57.669+0000] {logging_mixin.py:188} INFO - 🍪 Inject cookies Shopee...
[2026-05-27T05:54:57.674+0000] {logging_mixin.py:188} INFO - ✅ 16 cookies berhasil diload dari /opt/airflow/dags/shopee_cookies.json
[2026-05-27T05:54:57.821+0000] {logging_mixin.py:188} INFO - 🌍 Membuka Shopee search...
[2026-05-27T05:55:06.131+0000] {logging_mixin.py:188} INFO - 📄 URL   : https://shopee.co.id/search?keyword=msi%20gaming
[2026-05-27T05:55:06.168+0000] {logging_mixin.py:188} INFO - 📄 TITLE : Shopee Indonesia | Situs Belanja Online Terlengkap & Terpercaya
[2026-05-27T05:55:06.347+0000] {logging_mixin.py:188} INFO - ✅ Session valid, mulai scraping...
[2026-05-27T05:55:06.354+0000] {logging_mixin.py:188} INFO - [2026-05-27T05:55:06.353+0000] {logger.py:96} INFO - {"message": "Waiting for suitable server to become available", "selector": "<function writable_server_selector at 0x7fedaae6a280>", "operation": "createIndexes", "topologyDescription": "<TopologyDescription id: 6a16873a2851aaa123962907, topology_type: Unknown, servers: [<ServerDescription ('mongodb', 27017) server_type: Unknown, rtt: None>]>", "clientId": {"$oid": "6a16873a2851aaa123962907"}, "remainingTimeMS": 29}
[2026-05-27T05:55:06.382+0000] {logging_mixin.py:188} INFO - ✅ Terhubung MongoDB: shopee_raw.products
[2026-05-27T05:55:06.383+0000] {logging_mixin.py:188} INFO - 
=================================
[2026-05-27T05:55:06.384+0000] {logging_mixin.py:188} INFO - 📄 PAGE 1/5
[2026-05-27T05:55:06.384+0000] {logging_mixin.py:188} INFO - =================================
[2026-05-27T05:55:06.385+0000] {logging_mixin.py:188} INFO - 🌍 https://shopee.co.id/search?keyword=msi%20gaming&page=0
[2026-05-27T05:55:13.821+0000] {logging_mixin.py:188} INFO - 🖱️ Scrolling...
[2026-05-27T05:55:26.697+0000] {logging_mixin.py:188} INFO - [2026-05-27T05:55:26.697+0000] {timeout.py:68} ERROR - Process timed out, PID: 38076
[2026-05-27T05:55:56.950+0000] {processor.py:161} INFO - Started process (PID=38209) to work on /opt/airflow/dags/playwright_shopee.py
[2026-05-27T05:55:56.952+0000] {processor.py:830} INFO - Processing file /opt/airflow/dags/playwright_shopee.py for tasks to queue
[2026-05-27T05:55:56.954+0000] {logging_mixin.py:188} INFO - [2026-05-27T05:55:56.954+0000] {dagbag.py:545} INFO - Filling up the DagBag from /opt/airflow/dags/playwright_shopee.py
[2026-05-27T05:55:57.556+0000] {logging_mixin.py:188} INFO - 🌐 Membuka Chromium...
[2026-05-27T05:55:57.902+0000] {logging_mixin.py:188} INFO - 🍪 Inject cookies Shopee...
[2026-05-27T05:55:57.909+0000] {logging_mixin.py:188} INFO - ✅ 16 cookies berhasil diload dari /opt/airflow/dags/shopee_cookies.json
[2026-05-27T05:55:58.152+0000] {logging_mixin.py:188} INFO - 🌍 Membuka Shopee search...
[2026-05-27T05:56:21.654+0000] {logging_mixin.py:188} INFO - 📄 URL   : https://shopee.co.id/search?keyword=msi%20gaming
[2026-05-27T05:56:21.851+0000] {logging_mixin.py:188} INFO - 📄 TITLE : Shopee Indonesia | Situs Belanja Online Terlengkap & Terpercaya
[2026-05-27T05:56:22.333+0000] {logging_mixin.py:188} INFO - ✅ Session valid, mulai scraping...
[2026-05-27T05:56:22.348+0000] {logging_mixin.py:188} INFO - [2026-05-27T05:56:22.348+0000] {logger.py:96} INFO - {"message": "Waiting for suitable server to become available", "selector": "<function writable_server_selector at 0x7fedaae6a280>", "operation": "createIndexes", "topologyDescription": "<TopologyDescription id: 6a1687866839dd4cecf02f07, topology_type: Unknown, servers: [<ServerDescription ('mongodb', 27017) server_type: Unknown, rtt: None>]>", "clientId": {"$oid": "6a1687866839dd4cecf02f07"}, "remainingTimeMS": 29}
[2026-05-27T05:56:22.577+0000] {logging_mixin.py:188} INFO - ✅ Terhubung MongoDB: shopee_raw.products
[2026-05-27T05:56:22.578+0000] {logging_mixin.py:188} INFO - 
=================================
[2026-05-27T05:56:22.579+0000] {logging_mixin.py:188} INFO - 📄 PAGE 1/5
[2026-05-27T05:56:22.579+0000] {logging_mixin.py:188} INFO - =================================
[2026-05-27T05:56:22.580+0000] {logging_mixin.py:188} INFO - 🌍 https://shopee.co.id/search?keyword=msi%20gaming&page=0
[2026-05-27T05:56:26.958+0000] {logging_mixin.py:188} INFO - [2026-05-27T05:56:26.957+0000] {timeout.py:68} ERROR - Process timed out, PID: 38209
[2026-05-27T05:56:57.144+0000] {processor.py:161} INFO - Started process (PID=38345) to work on /opt/airflow/dags/playwright_shopee.py
[2026-05-27T05:56:57.145+0000] {processor.py:830} INFO - Processing file /opt/airflow/dags/playwright_shopee.py for tasks to queue
[2026-05-27T05:56:57.147+0000] {logging_mixin.py:188} INFO - [2026-05-27T05:56:57.147+0000] {dagbag.py:545} INFO - Filling up the DagBag from /opt/airflow/dags/playwright_shopee.py
[2026-05-27T05:56:57.620+0000] {logging_mixin.py:188} INFO - 🌐 Membuka Chromium...
[2026-05-27T05:56:57.842+0000] {logging_mixin.py:188} INFO - 🍪 Inject cookies Shopee...
[2026-05-27T05:56:57.846+0000] {logging_mixin.py:188} INFO - ✅ 16 cookies berhasil diload dari /opt/airflow/dags/shopee_cookies.json
[2026-05-27T05:56:57.952+0000] {logging_mixin.py:188} INFO - 🌍 Membuka Shopee search...
[2026-05-27T05:57:25.922+0000] {logging_mixin.py:188} INFO - 📄 URL   : https://shopee.co.id/search?keyword=msi%20gaming
[2026-05-27T05:57:26.498+0000] {logging_mixin.py:188} INFO - [2026-05-27T05:57:26.497+0000] {dagbag.py:355} ERROR - Failed to import: /opt/airflow/dags/playwright_shopee.py
Traceback (most recent call last):
  File "/home/airflow/.local/lib/python3.8/site-packages/airflow/models/dagbag.py", line 351, in parse
    loader.exec_module(new_module)
  File "<frozen importlib._bootstrap_external>", line 843, in exec_module
  File "<frozen importlib._bootstrap>", line 219, in _call_with_frames_removed
  File "/opt/airflow/dags/playwright_shopee.py", line 208, in <module>
    print("📄 TITLE :", page.title())
  File "/home/airflow/.local/lib/python3.8/site-packages/playwright/sync_api/_generated.py", line 9407, in title
    return mapping.from_maybe_impl(self._sync(self._impl_obj.title()))
  File "/home/airflow/.local/lib/python3.8/site-packages/playwright/_impl/_sync_base.py", line 115, in _sync
    return task.result()
  File "/home/airflow/.local/lib/python3.8/site-packages/playwright/_impl/_page.py", line 742, in title
    return await self._main_frame.title()
  File "/home/airflow/.local/lib/python3.8/site-packages/playwright/_impl/_frame.py", line 776, in title
    return await self._channel.send("title")
  File "/home/airflow/.local/lib/python3.8/site-packages/playwright/_impl/_connection.py", line 59, in send
    return await self._connection.wrap_api_call(
  File "/home/airflow/.local/lib/python3.8/site-packages/playwright/_impl/_connection.py", line 514, in wrap_api_call
    raise rewrite_error(error, f"{parsed_st['apiName']}: {error}") from None
playwright._impl._errors.Error: Page.title: Execution context was destroyed, most likely because of a navigation
[2026-05-27T05:57:26.499+0000] {processor.py:842} WARNING - No viable dags retrieved from /opt/airflow/dags/playwright_shopee.py
[2026-05-27T05:57:26.523+0000] {processor.py:183} INFO - Processing /opt/airflow/dags/playwright_shopee.py took 29.387 seconds
[2026-05-27T05:57:57.173+0000] {processor.py:161} INFO - Started process (PID=38477) to work on /opt/airflow/dags/playwright_shopee.py
[2026-05-27T05:57:57.175+0000] {processor.py:830} INFO - Processing file /opt/airflow/dags/playwright_shopee.py for tasks to queue
[2026-05-27T05:57:57.177+0000] {logging_mixin.py:188} INFO - [2026-05-27T05:57:57.176+0000] {dagbag.py:545} INFO - Filling up the DagBag from /opt/airflow/dags/playwright_shopee.py
[2026-05-27T05:57:57.718+0000] {logging_mixin.py:188} INFO - 🌐 Membuka Chromium...
[2026-05-27T05:57:58.033+0000] {logging_mixin.py:188} INFO - 🍪 Inject cookies Shopee...
[2026-05-27T05:57:58.038+0000] {logging_mixin.py:188} INFO - ✅ 16 cookies berhasil diload dari /opt/airflow/dags/shopee_cookies.json
[2026-05-27T05:57:58.184+0000] {logging_mixin.py:188} INFO - 🌍 Membuka Shopee search...
[2026-05-27T05:58:07.757+0000] {logging_mixin.py:188} INFO - 📄 URL   : https://shopee.co.id/search?keyword=msi%20gaming
[2026-05-27T05:58:08.134+0000] {logging_mixin.py:188} INFO - 📄 TITLE : Shopee Indonesia | Situs Belanja Online Terlengkap & Terpercaya
[2026-05-27T05:58:09.075+0000] {logging_mixin.py:188} INFO - ❌ Kena traffic verify — cookies mungkin expired.
[2026-05-27T05:58:09.076+0000] {logging_mixin.py:188} INFO - ⚠️  Export ulang cookies dari Chrome dan update shopee_cookies.json
[2026-05-27T05:58:11.717+0000] {logging_mixin.py:188} INFO - [2026-05-27T05:58:11.715+0000] {dagbag.py:355} ERROR - Failed to import: /opt/airflow/dags/playwright_shopee.py
Traceback (most recent call last):
  File "/home/airflow/.local/lib/python3.8/site-packages/airflow/models/dagbag.py", line 351, in parse
    loader.exec_module(new_module)
  File "<frozen importlib._bootstrap_external>", line 843, in exec_module
  File "<frozen importlib._bootstrap>", line 219, in _call_with_frames_removed
  File "/opt/airflow/dags/playwright_shopee.py", line 218, in <module>
    raise RuntimeError(
RuntimeError: Shopee traffic verify detected. Update shopee_cookies.json dari Cookie-Editor.
[2026-05-27T05:58:11.718+0000] {processor.py:842} WARNING - No viable dags retrieved from /opt/airflow/dags/playwright_shopee.py
[2026-05-27T05:58:11.744+0000] {processor.py:183} INFO - Processing /opt/airflow/dags/playwright_shopee.py took 14.579 seconds
[2026-05-27T05:58:42.046+0000] {processor.py:161} INFO - Started process (PID=38604) to work on /opt/airflow/dags/playwright_shopee.py
[2026-05-27T05:58:42.048+0000] {processor.py:830} INFO - Processing file /opt/airflow/dags/playwright_shopee.py for tasks to queue
[2026-05-27T05:58:42.050+0000] {logging_mixin.py:188} INFO - [2026-05-27T05:58:42.049+0000] {dagbag.py:545} INFO - Filling up the DagBag from /opt/airflow/dags/playwright_shopee.py
[2026-05-27T05:58:42.700+0000] {logging_mixin.py:188} INFO - 🌐 Membuka Chromium...
[2026-05-27T05:58:42.985+0000] {logging_mixin.py:188} INFO - 🍪 Inject cookies Shopee...
[2026-05-27T05:58:42.989+0000] {logging_mixin.py:188} INFO - ✅ 16 cookies berhasil diload dari /opt/airflow/dags/shopee_cookies.json
[2026-05-27T05:58:43.115+0000] {logging_mixin.py:188} INFO - 🌍 Membuka Shopee search...
[2026-05-27T05:58:49.136+0000] {logging_mixin.py:188} INFO - 📄 URL   : https://shopee.co.id/search?keyword=msi%20gaming
[2026-05-27T05:58:49.582+0000] {logging_mixin.py:188} INFO - 📄 TITLE : Shopee Indonesia | Situs Belanja Online Terlengkap & Terpercaya
[2026-05-27T05:58:51.910+0000] {logging_mixin.py:188} INFO - ❌ Cookies tidak valid atau sudah expired.
[2026-05-27T05:58:52.041+0000] {logging_mixin.py:188} INFO - [2026-05-27T05:58:52.039+0000] {dagbag.py:355} ERROR - Failed to import: /opt/airflow/dags/playwright_shopee.py
Traceback (most recent call last):
  File "/home/airflow/.local/lib/python3.8/site-packages/airflow/models/dagbag.py", line 351, in parse
    loader.exec_module(new_module)
  File "<frozen importlib._bootstrap_external>", line 843, in exec_module
  File "<frozen importlib._bootstrap>", line 219, in _call_with_frames_removed
  File "/opt/airflow/dags/playwright_shopee.py", line 228, in <module>
    raise RuntimeError("Cookies tidak valid. Export ulang dari Chrome.")
RuntimeError: Cookies tidak valid. Export ulang dari Chrome.
[2026-05-27T05:58:52.042+0000] {processor.py:842} WARNING - No viable dags retrieved from /opt/airflow/dags/playwright_shopee.py
[2026-05-27T05:58:52.075+0000] {processor.py:183} INFO - Processing /opt/airflow/dags/playwright_shopee.py took 10.039 seconds
[2026-05-27T05:59:22.492+0000] {processor.py:161} INFO - Started process (PID=38737) to work on /opt/airflow/dags/playwright_shopee.py
[2026-05-27T05:59:22.494+0000] {processor.py:830} INFO - Processing file /opt/airflow/dags/playwright_shopee.py for tasks to queue
[2026-05-27T05:59:22.496+0000] {logging_mixin.py:188} INFO - [2026-05-27T05:59:22.496+0000] {dagbag.py:545} INFO - Filling up the DagBag from /opt/airflow/dags/playwright_shopee.py
[2026-05-27T05:59:23.253+0000] {logging_mixin.py:188} INFO - 🌐 Membuka Chromium...
[2026-05-27T05:59:23.520+0000] {logging_mixin.py:188} INFO - 🍪 Inject cookies Shopee...
[2026-05-27T05:59:23.525+0000] {logging_mixin.py:188} INFO - ✅ 16 cookies berhasil diload dari /opt/airflow/dags/shopee_cookies.json
[2026-05-27T05:59:23.682+0000] {logging_mixin.py:188} INFO - 🌍 Membuka Shopee search...
[2026-05-27T05:59:31.724+0000] {logging_mixin.py:188} INFO - 📄 URL   : https://shopee.co.id/search?keyword=msi%20gaming
[2026-05-27T05:59:32.179+0000] {logging_mixin.py:188} INFO - 📄 TITLE : Shopee Indonesia | Situs Belanja Online Terlengkap & Terpercaya
[2026-05-27T05:59:32.786+0000] {logging_mixin.py:188} INFO - ❌ Cookies tidak valid atau sudah expired.
[2026-05-27T05:59:32.924+0000] {logging_mixin.py:188} INFO - [2026-05-27T05:59:32.922+0000] {dagbag.py:355} ERROR - Failed to import: /opt/airflow/dags/playwright_shopee.py
Traceback (most recent call last):
  File "/home/airflow/.local/lib/python3.8/site-packages/airflow/models/dagbag.py", line 351, in parse
    loader.exec_module(new_module)
  File "<frozen importlib._bootstrap_external>", line 843, in exec_module
  File "<frozen importlib._bootstrap>", line 219, in _call_with_frames_removed
  File "/opt/airflow/dags/playwright_shopee.py", line 228, in <module>
    raise RuntimeError("Cookies tidak valid. Export ulang dari Chrome.")
RuntimeError: Cookies tidak valid. Export ulang dari Chrome.
[2026-05-27T05:59:32.925+0000] {processor.py:842} WARNING - No viable dags retrieved from /opt/airflow/dags/playwright_shopee.py
[2026-05-27T05:59:32.953+0000] {processor.py:183} INFO - Processing /opt/airflow/dags/playwright_shopee.py took 10.471 seconds
[2026-05-27T06:00:03.512+0000] {processor.py:161} INFO - Started process (PID=38861) to work on /opt/airflow/dags/playwright_shopee.py
[2026-05-27T06:00:03.513+0000] {processor.py:830} INFO - Processing file /opt/airflow/dags/playwright_shopee.py for tasks to queue
[2026-05-27T06:00:03.515+0000] {logging_mixin.py:188} INFO - [2026-05-27T06:00:03.515+0000] {dagbag.py:545} INFO - Filling up the DagBag from /opt/airflow/dags/playwright_shopee.py
[2026-05-27T06:00:04.239+0000] {logging_mixin.py:188} INFO - 🌐 Membuka Chromium...
[2026-05-27T06:00:04.517+0000] {logging_mixin.py:188} INFO - 🍪 Inject cookies Shopee...
[2026-05-27T06:00:04.522+0000] {logging_mixin.py:188} INFO - ✅ 16 cookies berhasil diload dari /opt/airflow/dags/shopee_cookies.json
[2026-05-27T06:00:04.684+0000] {logging_mixin.py:188} INFO - 🌍 Membuka Shopee search...
[2026-05-27T06:00:12.979+0000] {logging_mixin.py:188} INFO - 📄 URL   : https://shopee.co.id/search?keyword=msi%20gaming
[2026-05-27T06:00:13.016+0000] {logging_mixin.py:188} INFO - 📄 TITLE : Shopee Indonesia | Situs Belanja Online Terlengkap & Terpercaya
[2026-05-27T06:00:13.207+0000] {logging_mixin.py:188} INFO - ✅ Session valid, mulai scraping...
[2026-05-27T06:00:13.216+0000] {logging_mixin.py:188} INFO - [2026-05-27T06:00:13.216+0000] {logger.py:96} INFO - {"message": "Waiting for suitable server to become available", "selector": "<function writable_server_selector at 0x7fedaae6b280>", "operation": "createIndexes", "topologyDescription": "<TopologyDescription id: 6a16886d0e4e690070501477, topology_type: Unknown, servers: [<ServerDescription ('mongodb', 27017) server_type: Unknown, rtt: None>]>", "clientId": {"$oid": "6a16886d0e4e690070501477"}, "remainingTimeMS": 29}
[2026-05-27T06:00:13.254+0000] {logging_mixin.py:188} INFO - ✅ Terhubung MongoDB: shopee_raw.products
[2026-05-27T06:00:13.254+0000] {logging_mixin.py:188} INFO - 
=================================
[2026-05-27T06:00:13.255+0000] {logging_mixin.py:188} INFO - 📄 PAGE 1/5
[2026-05-27T06:00:13.255+0000] {logging_mixin.py:188} INFO - =================================
[2026-05-27T06:00:13.256+0000] {logging_mixin.py:188} INFO - 🌍 https://shopee.co.id/search?keyword=msi%20gaming&page=0
[2026-05-27T06:00:19.370+0000] {logging_mixin.py:188} INFO - 🖱️ Scrolling...
[2026-05-27T06:00:31.922+0000] {logging_mixin.py:188} INFO - 📄 URL   : https://shopee.co.id/search?keyword=msi%20gaming&page=0
[2026-05-27T06:00:32.348+0000] {logging_mixin.py:188} INFO - 📄 TITLE : 
[2026-05-27T06:00:33.522+0000] {logging_mixin.py:188} INFO - [2026-05-27T06:00:33.521+0000] {timeout.py:68} ERROR - Process timed out, PID: 38861
[2026-05-27T06:01:04.335+0000] {processor.py:161} INFO - Started process (PID=39002) to work on /opt/airflow/dags/playwright_shopee.py
[2026-05-27T06:01:04.336+0000] {processor.py:830} INFO - Processing file /opt/airflow/dags/playwright_shopee.py for tasks to queue
[2026-05-27T06:01:04.340+0000] {logging_mixin.py:188} INFO - [2026-05-27T06:01:04.339+0000] {dagbag.py:545} INFO - Filling up the DagBag from /opt/airflow/dags/playwright_shopee.py
[2026-05-27T06:01:05.217+0000] {logging_mixin.py:188} INFO - 🌐 Membuka Chromium...
[2026-05-27T06:01:05.552+0000] {logging_mixin.py:188} INFO - 🍪 Inject cookies Shopee...
[2026-05-27T06:01:05.557+0000] {logging_mixin.py:188} INFO - ✅ 16 cookies berhasil diload dari /opt/airflow/dags/shopee_cookies.json
[2026-05-27T06:01:05.715+0000] {logging_mixin.py:188} INFO - 🌍 Membuka Shopee search...
[2026-05-27T06:01:11.277+0000] {logging_mixin.py:188} INFO - 📄 URL   : https://shopee.co.id/search?keyword=msi%20gaming
[2026-05-27T06:01:11.319+0000] {logging_mixin.py:188} INFO - 📄 TITLE : Shopee Indonesia | Situs Belanja Online Terlengkap & Terpercaya
[2026-05-27T06:01:11.497+0000] {logging_mixin.py:188} INFO - ✅ Session valid, mulai scraping...
[2026-05-27T06:01:11.504+0000] {logging_mixin.py:188} INFO - [2026-05-27T06:01:11.503+0000] {logger.py:96} INFO - {"message": "Waiting for suitable server to become available", "selector": "<function writable_server_selector at 0x7fedaae6b280>", "operation": "createIndexes", "topologyDescription": "<TopologyDescription id: 6a1688a7ecc2cb7aac8ddac5, topology_type: Unknown, servers: [<ServerDescription ('mongodb', 27017) server_type: Unknown, rtt: None>]>", "clientId": {"$oid": "6a1688a7ecc2cb7aac8ddac5"}, "remainingTimeMS": 29}
[2026-05-27T06:01:11.523+0000] {logging_mixin.py:188} INFO - ✅ Terhubung MongoDB: shopee_raw.products
[2026-05-27T06:01:11.524+0000] {logging_mixin.py:188} INFO - 
=================================
[2026-05-27T06:01:11.524+0000] {logging_mixin.py:188} INFO - 📄 PAGE 1/5
[2026-05-27T06:01:11.525+0000] {logging_mixin.py:188} INFO - =================================
[2026-05-27T06:01:11.526+0000] {logging_mixin.py:188} INFO - 🌍 https://shopee.co.id/search?keyword=msi%20gaming&page=0
[2026-05-27T06:01:18.403+0000] {logging_mixin.py:188} INFO - 🖱️ Scrolling...
[2026-05-27T06:01:31.195+0000] {logging_mixin.py:188} INFO - 📄 URL   : https://shopee.co.id/verify/traffic/error?home_url=https%3A%2F%2Fshopee.co.id&is_logged_in=false&next=https%3A%2F%2Fshopee.co.id%2Fsearch%3Fkeyword%3Dmsi%2520gaming%26page%3D0&tracking_id=4114287ab04-448c-4de4-93ab-59c0d318f66b&type=4
[2026-05-27T06:01:31.242+0000] {logging_mixin.py:188} INFO - 📄 TITLE : Shopee Indonesia | Situs Belanja Online Terlengkap & Terpercaya
[2026-05-27T06:01:31.445+0000] {logging_mixin.py:188} INFO - 🔍 Mengambil item produk...
[2026-05-27T06:01:31.563+0000] {logging_mixin.py:188} INFO - 📦 Total item ditemukan: 0
[2026-05-27T06:01:31.564+0000] {logging_mixin.py:188} INFO - ❌ Produk kosong, simpan HTML debug.
[2026-05-27T06:01:31.634+0000] {logging_mixin.py:188} INFO - 
=================================
[2026-05-27T06:01:31.635+0000] {logging_mixin.py:188} INFO - 📄 PAGE 2/5
[2026-05-27T06:01:31.636+0000] {logging_mixin.py:188} INFO - =================================
[2026-05-27T06:01:31.637+0000] {logging_mixin.py:188} INFO - 🌍 https://shopee.co.id/search?keyword=msi%20gaming&page=1
[2026-05-27T06:01:34.354+0000] {logging_mixin.py:188} INFO - [2026-05-27T06:01:34.353+0000] {timeout.py:68} ERROR - Process timed out, PID: 39002
[2026-05-27T06:02:05.026+0000] {processor.py:161} INFO - Started process (PID=39147) to work on /opt/airflow/dags/playwright_shopee.py
[2026-05-27T06:02:05.027+0000] {processor.py:830} INFO - Processing file /opt/airflow/dags/playwright_shopee.py for tasks to queue
[2026-05-27T06:02:05.029+0000] {logging_mixin.py:188} INFO - [2026-05-27T06:02:05.029+0000] {dagbag.py:545} INFO - Filling up the DagBag from /opt/airflow/dags/playwright_shopee.py
[2026-05-27T06:02:05.620+0000] {logging_mixin.py:188} INFO - 🌐 Membuka Chromium...
[2026-05-27T06:02:05.888+0000] {logging_mixin.py:188} INFO - 🍪 Inject cookies Shopee...
[2026-05-27T06:02:05.894+0000] {logging_mixin.py:188} INFO - ✅ 16 cookies berhasil diload dari /opt/airflow/dags/shopee_cookies.json
[2026-05-27T06:02:06.048+0000] {logging_mixin.py:188} INFO - 🌍 Membuka Shopee search...
[2026-05-27T06:02:18.122+0000] {logging_mixin.py:188} INFO - 📄 URL   : https://shopee.co.id/search?keyword=msi%20gaming
[2026-05-27T06:02:19.504+0000] {logging_mixin.py:188} INFO - 📄 TITLE : Shopee Indonesia | Situs Belanja Online Terlengkap & Terpercaya
[2026-05-27T06:02:20.406+0000] {logging_mixin.py:188} INFO - ❌ Kena traffic verify — cookies mungkin expired.
[2026-05-27T06:02:20.408+0000] {logging_mixin.py:188} INFO - ⚠️  Export ulang cookies dari Chrome dan update shopee_cookies.json
[2026-05-27T06:02:20.949+0000] {logging_mixin.py:188} INFO - [2026-05-27T06:02:20.948+0000] {dagbag.py:355} ERROR - Failed to import: /opt/airflow/dags/playwright_shopee.py
Traceback (most recent call last):
  File "/home/airflow/.local/lib/python3.8/site-packages/airflow/models/dagbag.py", line 351, in parse
    loader.exec_module(new_module)
  File "<frozen importlib._bootstrap_external>", line 843, in exec_module
  File "<frozen importlib._bootstrap>", line 219, in _call_with_frames_removed
  File "/opt/airflow/dags/playwright_shopee.py", line 218, in <module>
    raise RuntimeError(
RuntimeError: Shopee traffic verify detected. Update shopee_cookies.json dari Cookie-Editor.
[2026-05-27T06:02:20.950+0000] {processor.py:842} WARNING - No viable dags retrieved from /opt/airflow/dags/playwright_shopee.py
[2026-05-27T06:02:20.973+0000] {processor.py:183} INFO - Processing /opt/airflow/dags/playwright_shopee.py took 15.956 seconds
[2026-05-27T06:02:51.760+0000] {processor.py:161} INFO - Started process (PID=39278) to work on /opt/airflow/dags/playwright_shopee.py
[2026-05-27T06:02:51.762+0000] {processor.py:830} INFO - Processing file /opt/airflow/dags/playwright_shopee.py for tasks to queue
[2026-05-27T06:02:51.768+0000] {logging_mixin.py:188} INFO - [2026-05-27T06:02:51.767+0000] {dagbag.py:545} INFO - Filling up the DagBag from /opt/airflow/dags/playwright_shopee.py
[2026-05-27T06:02:52.808+0000] {logging_mixin.py:188} INFO - 🌐 Membuka Chromium...
[2026-05-27T06:02:53.141+0000] {logging_mixin.py:188} INFO - 🍪 Inject cookies Shopee...
[2026-05-27T06:02:53.145+0000] {logging_mixin.py:188} INFO - ✅ 16 cookies berhasil diload dari /opt/airflow/dags/shopee_cookies.json
[2026-05-27T06:02:53.353+0000] {logging_mixin.py:188} INFO - 🌍 Membuka Shopee search...
[2026-05-27T06:03:00.249+0000] {logging_mixin.py:188} INFO - 📄 URL   : https://shopee.co.id/search?keyword=msi%20gaming
[2026-05-27T06:03:00.824+0000] {logging_mixin.py:188} INFO - 📄 TITLE : Shopee Indonesia | Situs Belanja Online Terlengkap & Terpercaya
[2026-05-27T06:03:01.887+0000] {logging_mixin.py:188} INFO - ❌ Cookies tidak valid atau sudah expired.
[2026-05-27T06:03:02.062+0000] {logging_mixin.py:188} INFO - [2026-05-27T06:03:02.060+0000] {dagbag.py:355} ERROR - Failed to import: /opt/airflow/dags/playwright_shopee.py
Traceback (most recent call last):
  File "/home/airflow/.local/lib/python3.8/site-packages/airflow/models/dagbag.py", line 351, in parse
    loader.exec_module(new_module)
  File "<frozen importlib._bootstrap_external>", line 843, in exec_module
  File "<frozen importlib._bootstrap>", line 219, in _call_with_frames_removed
  File "/opt/airflow/dags/playwright_shopee.py", line 228, in <module>
    raise RuntimeError("Cookies tidak valid. Export ulang dari Chrome.")
RuntimeError: Cookies tidak valid. Export ulang dari Chrome.
[2026-05-27T06:03:02.065+0000] {processor.py:842} WARNING - No viable dags retrieved from /opt/airflow/dags/playwright_shopee.py
[2026-05-27T06:03:02.107+0000] {processor.py:183} INFO - Processing /opt/airflow/dags/playwright_shopee.py took 10.369 seconds
