[2026-05-27T01:40:14.415+0000] {processor.py:161} INFO - Started process (PID=174) to work on /opt/airflow/dags/shopee_dag.py
[2026-05-27T01:40:14.441+0000] {processor.py:830} INFO - Processing file /opt/airflow/dags/shopee_dag.py for tasks to queue
[2026-05-27T01:40:14.494+0000] {logging_mixin.py:188} INFO - [2026-05-27T01:40:14.491+0000] {dagbag.py:545} INFO - Filling up the DagBag from /opt/airflow/dags/shopee_dag.py
[2026-05-27T01:40:15.915+0000] {processor.py:840} INFO - DAG(s) 'shopee_pipeline' retrieved from /opt/airflow/dags/shopee_dag.py
[2026-05-27T01:40:16.688+0000] {logging_mixin.py:188} INFO - [2026-05-27T01:40:16.687+0000] {dag.py:3096} INFO - Sync 1 DAGs
[2026-05-27T01:40:16.956+0000] {logging_mixin.py:188} INFO - [2026-05-27T01:40:16.954+0000] {dag.py:3954} INFO - Setting next_dagrun for shopee_pipeline to 2026-05-26 01:00:00+00:00, run_after=2026-05-27 01:00:00+00:00
[2026-05-27T01:40:17.176+0000] {processor.py:183} INFO - Processing /opt/airflow/dags/shopee_dag.py took 2.853 seconds
[2026-05-27T01:40:47.863+0000] {processor.py:161} INFO - Started process (PID=283) to work on /opt/airflow/dags/shopee_dag.py
[2026-05-27T01:40:47.870+0000] {processor.py:830} INFO - Processing file /opt/airflow/dags/shopee_dag.py for tasks to queue
[2026-05-27T01:40:47.894+0000] {logging_mixin.py:188} INFO - [2026-05-27T01:40:47.892+0000] {dagbag.py:545} INFO - Filling up the DagBag from /opt/airflow/dags/shopee_dag.py
[2026-05-27T01:40:48.367+0000] {processor.py:840} INFO - DAG(s) 'shopee_pipeline' retrieved from /opt/airflow/dags/shopee_dag.py
[2026-05-27T01:40:48.410+0000] {logging_mixin.py:188} INFO - [2026-05-27T01:40:48.410+0000] {dag.py:3096} INFO - Sync 1 DAGs
[2026-05-27T01:40:48.540+0000] {logging_mixin.py:188} INFO - [2026-05-27T01:40:48.539+0000] {dag.py:3954} INFO - Setting next_dagrun for shopee_pipeline to 2026-05-26 01:00:00+00:00, run_after=2026-05-27 01:00:00+00:00
[2026-05-27T01:40:48.600+0000] {processor.py:183} INFO - Processing /opt/airflow/dags/shopee_dag.py took 0.812 seconds
[2026-05-27T01:41:18.925+0000] {processor.py:161} INFO - Started process (PID=405) to work on /opt/airflow/dags/shopee_dag.py
[2026-05-27T01:41:18.927+0000] {processor.py:830} INFO - Processing file /opt/airflow/dags/shopee_dag.py for tasks to queue
[2026-05-27T01:41:18.929+0000] {logging_mixin.py:188} INFO - [2026-05-27T01:41:18.929+0000] {dagbag.py:545} INFO - Filling up the DagBag from /opt/airflow/dags/shopee_dag.py
[2026-05-27T01:41:19.085+0000] {processor.py:840} INFO - DAG(s) 'shopee_pipeline' retrieved from /opt/airflow/dags/shopee_dag.py
[2026-05-27T01:41:19.438+0000] {logging_mixin.py:188} INFO - [2026-05-27T01:41:19.438+0000] {dag.py:3096} INFO - Sync 1 DAGs
[2026-05-27T01:41:19.477+0000] {logging_mixin.py:188} INFO - [2026-05-27T01:41:19.476+0000] {dag.py:3954} INFO - Setting next_dagrun for shopee_pipeline to 2026-05-26 01:00:00+00:00, run_after=2026-05-27 01:00:00+00:00
[2026-05-27T01:41:19.506+0000] {processor.py:183} INFO - Processing /opt/airflow/dags/shopee_dag.py took 0.593 seconds
[2026-05-27T01:41:49.825+0000] {processor.py:161} INFO - Started process (PID=418) to work on /opt/airflow/dags/shopee_dag.py
[2026-05-27T01:41:49.826+0000] {processor.py:830} INFO - Processing file /opt/airflow/dags/shopee_dag.py for tasks to queue
[2026-05-27T01:41:49.829+0000] {logging_mixin.py:188} INFO - [2026-05-27T01:41:49.829+0000] {dagbag.py:545} INFO - Filling up the DagBag from /opt/airflow/dags/shopee_dag.py
[2026-05-27T01:41:49.962+0000] {processor.py:840} INFO - DAG(s) 'shopee_pipeline' retrieved from /opt/airflow/dags/shopee_dag.py
[2026-05-27T01:41:50.015+0000] {logging_mixin.py:188} INFO - [2026-05-27T01:41:50.015+0000] {dag.py:3096} INFO - Sync 1 DAGs
[2026-05-27T01:41:50.070+0000] {logging_mixin.py:188} INFO - [2026-05-27T01:41:50.069+0000] {dag.py:3954} INFO - Setting next_dagrun for shopee_pipeline to 2026-05-26 01:00:00+00:00, run_after=2026-05-27 01:00:00+00:00
[2026-05-27T01:41:50.102+0000] {processor.py:183} INFO - Processing /opt/airflow/dags/shopee_dag.py took 0.284 seconds
[2026-05-27T01:42:20.382+0000] {processor.py:161} INFO - Started process (PID=534) to work on /opt/airflow/dags/shopee_dag.py
[2026-05-27T01:42:20.383+0000] {processor.py:830} INFO - Processing file /opt/airflow/dags/shopee_dag.py for tasks to queue
[2026-05-27T01:42:20.385+0000] {logging_mixin.py:188} INFO - [2026-05-27T01:42:20.385+0000] {dagbag.py:545} INFO - Filling up the DagBag from /opt/airflow/dags/shopee_dag.py
[2026-05-27T01:42:20.545+0000] {processor.py:840} INFO - DAG(s) 'shopee_pipeline' retrieved from /opt/airflow/dags/shopee_dag.py
[2026-05-27T01:42:20.602+0000] {logging_mixin.py:188} INFO - [2026-05-27T01:42:20.602+0000] {dag.py:3096} INFO - Sync 1 DAGs
[2026-05-27T01:42:20.647+0000] {logging_mixin.py:188} INFO - [2026-05-27T01:42:20.647+0000] {dag.py:3954} INFO - Setting next_dagrun for shopee_pipeline to 2026-05-26 01:00:00+00:00, run_after=2026-05-27 01:00:00+00:00
[2026-05-27T01:42:20.717+0000] {processor.py:183} INFO - Processing /opt/airflow/dags/shopee_dag.py took 0.343 seconds
[2026-05-27T01:42:50.903+0000] {processor.py:161} INFO - Started process (PID=655) to work on /opt/airflow/dags/shopee_dag.py
[2026-05-27T01:42:50.905+0000] {processor.py:830} INFO - Processing file /opt/airflow/dags/shopee_dag.py for tasks to queue
[2026-05-27T01:42:50.907+0000] {logging_mixin.py:188} INFO - [2026-05-27T01:42:50.907+0000] {dagbag.py:545} INFO - Filling up the DagBag from /opt/airflow/dags/shopee_dag.py
[2026-05-27T01:42:51.029+0000] {processor.py:840} INFO - DAG(s) 'shopee_pipeline' retrieved from /opt/airflow/dags/shopee_dag.py
[2026-05-27T01:42:51.071+0000] {logging_mixin.py:188} INFO - [2026-05-27T01:42:51.071+0000] {dag.py:3096} INFO - Sync 1 DAGs
[2026-05-27T01:42:51.097+0000] {logging_mixin.py:188} INFO - [2026-05-27T01:42:51.097+0000] {dag.py:3954} INFO - Setting next_dagrun for shopee_pipeline to 2026-05-26 01:00:00+00:00, run_after=2026-05-27 01:00:00+00:00
[2026-05-27T01:42:51.119+0000] {processor.py:183} INFO - Processing /opt/airflow/dags/shopee_dag.py took 0.225 seconds
[2026-05-27T01:43:21.241+0000] {processor.py:161} INFO - Started process (PID=770) to work on /opt/airflow/dags/shopee_dag.py
[2026-05-27T01:43:21.244+0000] {processor.py:830} INFO - Processing file /opt/airflow/dags/shopee_dag.py for tasks to queue
[2026-05-27T01:43:21.248+0000] {logging_mixin.py:188} INFO - [2026-05-27T01:43:21.247+0000] {dagbag.py:545} INFO - Filling up the DagBag from /opt/airflow/dags/shopee_dag.py
[2026-05-27T01:43:21.540+0000] {processor.py:840} INFO - DAG(s) 'shopee_pipeline' retrieved from /opt/airflow/dags/shopee_dag.py
[2026-05-27T01:43:21.694+0000] {logging_mixin.py:188} INFO - [2026-05-27T01:43:21.693+0000] {dag.py:3096} INFO - Sync 1 DAGs
[2026-05-27T01:43:21.799+0000] {logging_mixin.py:188} INFO - [2026-05-27T01:43:21.798+0000] {dag.py:3954} INFO - Setting next_dagrun for shopee_pipeline to 2026-05-26 01:00:00+00:00, run_after=2026-05-27 01:00:00+00:00
[2026-05-27T01:43:21.852+0000] {processor.py:183} INFO - Processing /opt/airflow/dags/shopee_dag.py took 0.624 seconds
[2026-05-27T01:43:52.216+0000] {processor.py:161} INFO - Started process (PID=795) to work on /opt/airflow/dags/shopee_dag.py
[2026-05-27T01:43:52.221+0000] {processor.py:830} INFO - Processing file /opt/airflow/dags/shopee_dag.py for tasks to queue
[2026-05-27T01:43:52.226+0000] {logging_mixin.py:188} INFO - [2026-05-27T01:43:52.226+0000] {dagbag.py:545} INFO - Filling up the DagBag from /opt/airflow/dags/shopee_dag.py
[2026-05-27T01:43:52.596+0000] {processor.py:840} INFO - DAG(s) 'shopee_pipeline' retrieved from /opt/airflow/dags/shopee_dag.py
[2026-05-27T01:43:52.814+0000] {logging_mixin.py:188} INFO - [2026-05-27T01:43:52.814+0000] {dag.py:3096} INFO - Sync 1 DAGs
[2026-05-27T01:43:52.926+0000] {logging_mixin.py:188} INFO - [2026-05-27T01:43:52.925+0000] {dag.py:3954} INFO - Setting next_dagrun for shopee_pipeline to 2026-05-26 01:00:00+00:00, run_after=2026-05-27 01:00:00+00:00
[2026-05-27T01:43:52.983+0000] {processor.py:183} INFO - Processing /opt/airflow/dags/shopee_dag.py took 0.780 seconds
[2026-05-27T01:44:23.635+0000] {processor.py:161} INFO - Started process (PID=926) to work on /opt/airflow/dags/shopee_dag.py
[2026-05-27T01:44:23.641+0000] {processor.py:830} INFO - Processing file /opt/airflow/dags/shopee_dag.py for tasks to queue
[2026-05-27T01:44:23.644+0000] {logging_mixin.py:188} INFO - [2026-05-27T01:44:23.644+0000] {dagbag.py:545} INFO - Filling up the DagBag from /opt/airflow/dags/shopee_dag.py
[2026-05-27T01:44:23.802+0000] {processor.py:840} INFO - DAG(s) 'shopee_pipeline' retrieved from /opt/airflow/dags/shopee_dag.py
[2026-05-27T01:44:23.842+0000] {logging_mixin.py:188} INFO - [2026-05-27T01:44:23.842+0000] {dag.py:3096} INFO - Sync 1 DAGs
[2026-05-27T01:44:23.869+0000] {logging_mixin.py:188} INFO - [2026-05-27T01:44:23.868+0000] {dag.py:3954} INFO - Setting next_dagrun for shopee_pipeline to 2026-05-26 01:00:00+00:00, run_after=2026-05-27 01:00:00+00:00
[2026-05-27T01:44:23.893+0000] {processor.py:183} INFO - Processing /opt/airflow/dags/shopee_dag.py took 0.277 seconds
[2026-05-27T01:44:54.431+0000] {processor.py:161} INFO - Started process (PID=939) to work on /opt/airflow/dags/shopee_dag.py
[2026-05-27T01:44:54.432+0000] {processor.py:830} INFO - Processing file /opt/airflow/dags/shopee_dag.py for tasks to queue
[2026-05-27T01:44:54.434+0000] {logging_mixin.py:188} INFO - [2026-05-27T01:44:54.434+0000] {dagbag.py:545} INFO - Filling up the DagBag from /opt/airflow/dags/shopee_dag.py
[2026-05-27T01:44:54.546+0000] {processor.py:840} INFO - DAG(s) 'shopee_pipeline' retrieved from /opt/airflow/dags/shopee_dag.py
[2026-05-27T01:44:54.589+0000] {logging_mixin.py:188} INFO - [2026-05-27T01:44:54.589+0000] {dag.py:3096} INFO - Sync 1 DAGs
[2026-05-27T01:44:54.620+0000] {logging_mixin.py:188} INFO - [2026-05-27T01:44:54.620+0000] {dag.py:3954} INFO - Setting next_dagrun for shopee_pipeline to 2026-05-26 01:00:00+00:00, run_after=2026-05-27 01:00:00+00:00
[2026-05-27T01:44:54.646+0000] {processor.py:183} INFO - Processing /opt/airflow/dags/shopee_dag.py took 0.221 seconds
[2026-05-27T01:45:25.054+0000] {processor.py:161} INFO - Started process (PID=1045) to work on /opt/airflow/dags/shopee_dag.py
[2026-05-27T01:45:25.056+0000] {processor.py:830} INFO - Processing file /opt/airflow/dags/shopee_dag.py for tasks to queue
[2026-05-27T01:45:25.059+0000] {logging_mixin.py:188} INFO - [2026-05-27T01:45:25.059+0000] {dagbag.py:545} INFO - Filling up the DagBag from /opt/airflow/dags/shopee_dag.py
[2026-05-27T01:45:25.231+0000] {processor.py:840} INFO - DAG(s) 'shopee_pipeline' retrieved from /opt/airflow/dags/shopee_dag.py
[2026-05-27T01:45:25.276+0000] {logging_mixin.py:188} INFO - [2026-05-27T01:45:25.276+0000] {dag.py:3096} INFO - Sync 1 DAGs
[2026-05-27T01:45:25.311+0000] {logging_mixin.py:188} INFO - [2026-05-27T01:45:25.310+0000] {dag.py:3954} INFO - Setting next_dagrun for shopee_pipeline to 2026-05-26 01:00:00+00:00, run_after=2026-05-27 01:00:00+00:00
[2026-05-27T01:45:25.342+0000] {processor.py:183} INFO - Processing /opt/airflow/dags/shopee_dag.py took 0.304 seconds
[2026-05-27T01:45:55.707+0000] {processor.py:161} INFO - Started process (PID=1170) to work on /opt/airflow/dags/shopee_dag.py
[2026-05-27T01:45:55.708+0000] {processor.py:830} INFO - Processing file /opt/airflow/dags/shopee_dag.py for tasks to queue
[2026-05-27T01:45:55.711+0000] {logging_mixin.py:188} INFO - [2026-05-27T01:45:55.710+0000] {dagbag.py:545} INFO - Filling up the DagBag from /opt/airflow/dags/shopee_dag.py
[2026-05-27T01:45:56.035+0000] {processor.py:840} INFO - DAG(s) 'shopee_pipeline' retrieved from /opt/airflow/dags/shopee_dag.py
[2026-05-27T01:45:56.093+0000] {logging_mixin.py:188} INFO - [2026-05-27T01:45:56.093+0000] {dag.py:3096} INFO - Sync 1 DAGs
[2026-05-27T01:45:56.145+0000] {logging_mixin.py:188} INFO - [2026-05-27T01:45:56.144+0000] {dag.py:3954} INFO - Setting next_dagrun for shopee_pipeline to 2026-05-26 01:00:00+00:00, run_after=2026-05-27 01:00:00+00:00
[2026-05-27T01:45:56.177+0000] {processor.py:183} INFO - Processing /opt/airflow/dags/shopee_dag.py took 0.480 seconds
[2026-05-27T01:46:26.468+0000] {processor.py:161} INFO - Started process (PID=1259) to work on /opt/airflow/dags/shopee_dag.py
[2026-05-27T01:46:26.471+0000] {processor.py:830} INFO - Processing file /opt/airflow/dags/shopee_dag.py for tasks to queue
[2026-05-27T01:46:26.475+0000] {logging_mixin.py:188} INFO - [2026-05-27T01:46:26.474+0000] {dagbag.py:545} INFO - Filling up the DagBag from /opt/airflow/dags/shopee_dag.py
[2026-05-27T01:46:26.633+0000] {processor.py:840} INFO - DAG(s) 'shopee_pipeline' retrieved from /opt/airflow/dags/shopee_dag.py
[2026-05-27T01:46:26.676+0000] {logging_mixin.py:188} INFO - [2026-05-27T01:46:26.676+0000] {dag.py:3096} INFO - Sync 1 DAGs
[2026-05-27T01:46:26.714+0000] {logging_mixin.py:188} INFO - [2026-05-27T01:46:26.714+0000] {dag.py:3954} INFO - Setting next_dagrun for shopee_pipeline to 2026-05-26 01:00:00+00:00, run_after=2026-05-27 01:00:00+00:00
[2026-05-27T01:46:26.749+0000] {processor.py:183} INFO - Processing /opt/airflow/dags/shopee_dag.py took 0.295 seconds
[2026-05-27T01:46:57.372+0000] {processor.py:161} INFO - Started process (PID=1302) to work on /opt/airflow/dags/shopee_dag.py
[2026-05-27T01:46:57.373+0000] {processor.py:830} INFO - Processing file /opt/airflow/dags/shopee_dag.py for tasks to queue
[2026-05-27T01:46:57.376+0000] {logging_mixin.py:188} INFO - [2026-05-27T01:46:57.376+0000] {dagbag.py:545} INFO - Filling up the DagBag from /opt/airflow/dags/shopee_dag.py
[2026-05-27T01:46:57.539+0000] {processor.py:840} INFO - DAG(s) 'shopee_pipeline' retrieved from /opt/airflow/dags/shopee_dag.py
[2026-05-27T01:46:57.588+0000] {logging_mixin.py:188} INFO - [2026-05-27T01:46:57.588+0000] {dag.py:3096} INFO - Sync 1 DAGs
[2026-05-27T01:46:57.633+0000] {logging_mixin.py:188} INFO - [2026-05-27T01:46:57.632+0000] {dag.py:3954} INFO - Setting next_dagrun for shopee_pipeline to 2026-05-26 01:00:00+00:00, run_after=2026-05-27 01:00:00+00:00
[2026-05-27T01:46:57.682+0000] {processor.py:183} INFO - Processing /opt/airflow/dags/shopee_dag.py took 0.321 seconds
[2026-05-27T01:47:27.936+0000] {processor.py:161} INFO - Started process (PID=1413) to work on /opt/airflow/dags/shopee_dag.py
[2026-05-27T01:47:27.937+0000] {processor.py:830} INFO - Processing file /opt/airflow/dags/shopee_dag.py for tasks to queue
[2026-05-27T01:47:27.939+0000] {logging_mixin.py:188} INFO - [2026-05-27T01:47:27.939+0000] {dagbag.py:545} INFO - Filling up the DagBag from /opt/airflow/dags/shopee_dag.py
[2026-05-27T01:47:28.059+0000] {processor.py:840} INFO - DAG(s) 'shopee_pipeline' retrieved from /opt/airflow/dags/shopee_dag.py
[2026-05-27T01:47:28.097+0000] {logging_mixin.py:188} INFO - [2026-05-27T01:47:28.096+0000] {dag.py:3096} INFO - Sync 1 DAGs
[2026-05-27T01:47:28.121+0000] {logging_mixin.py:188} INFO - [2026-05-27T01:47:28.121+0000] {dag.py:3954} INFO - Setting next_dagrun for shopee_pipeline to 2026-05-26 01:00:00+00:00, run_after=2026-05-27 01:00:00+00:00
[2026-05-27T01:47:28.142+0000] {processor.py:183} INFO - Processing /opt/airflow/dags/shopee_dag.py took 0.212 seconds
[2026-05-27T01:47:58.259+0000] {processor.py:161} INFO - Started process (PID=1530) to work on /opt/airflow/dags/shopee_dag.py
[2026-05-27T01:47:58.261+0000] {processor.py:830} INFO - Processing file /opt/airflow/dags/shopee_dag.py for tasks to queue
[2026-05-27T01:47:58.262+0000] {logging_mixin.py:188} INFO - [2026-05-27T01:47:58.262+0000] {dagbag.py:545} INFO - Filling up the DagBag from /opt/airflow/dags/shopee_dag.py
[2026-05-27T01:47:58.391+0000] {processor.py:840} INFO - DAG(s) 'shopee_pipeline' retrieved from /opt/airflow/dags/shopee_dag.py
[2026-05-27T01:47:58.432+0000] {logging_mixin.py:188} INFO - [2026-05-27T01:47:58.432+0000] {dag.py:3096} INFO - Sync 1 DAGs
[2026-05-27T01:47:58.460+0000] {logging_mixin.py:188} INFO - [2026-05-27T01:47:58.460+0000] {dag.py:3954} INFO - Setting next_dagrun for shopee_pipeline to 2026-05-26 01:00:00+00:00, run_after=2026-05-27 01:00:00+00:00
[2026-05-27T01:47:58.483+0000] {processor.py:183} INFO - Processing /opt/airflow/dags/shopee_dag.py took 0.231 seconds
[2026-05-27T01:48:29.070+0000] {processor.py:161} INFO - Started process (PID=1552) to work on /opt/airflow/dags/shopee_dag.py
[2026-05-27T01:48:29.071+0000] {processor.py:830} INFO - Processing file /opt/airflow/dags/shopee_dag.py for tasks to queue
[2026-05-27T01:48:29.074+0000] {logging_mixin.py:188} INFO - [2026-05-27T01:48:29.073+0000] {dagbag.py:545} INFO - Filling up the DagBag from /opt/airflow/dags/shopee_dag.py
[2026-05-27T01:48:29.201+0000] {processor.py:840} INFO - DAG(s) 'shopee_pipeline' retrieved from /opt/airflow/dags/shopee_dag.py
[2026-05-27T01:48:29.248+0000] {logging_mixin.py:188} INFO - [2026-05-27T01:48:29.247+0000] {dag.py:3096} INFO - Sync 1 DAGs
[2026-05-27T01:48:29.292+0000] {logging_mixin.py:188} INFO - [2026-05-27T01:48:29.291+0000] {dag.py:3954} INFO - Setting next_dagrun for shopee_pipeline to 2026-05-26 01:00:00+00:00, run_after=2026-05-27 01:00:00+00:00
[2026-05-27T01:48:29.329+0000] {processor.py:183} INFO - Processing /opt/airflow/dags/shopee_dag.py took 0.267 seconds
[2026-05-27T01:48:59.655+0000] {processor.py:161} INFO - Started process (PID=1675) to work on /opt/airflow/dags/shopee_dag.py
[2026-05-27T01:48:59.656+0000] {processor.py:830} INFO - Processing file /opt/airflow/dags/shopee_dag.py for tasks to queue
[2026-05-27T01:48:59.658+0000] {logging_mixin.py:188} INFO - [2026-05-27T01:48:59.658+0000] {dagbag.py:545} INFO - Filling up the DagBag from /opt/airflow/dags/shopee_dag.py
[2026-05-27T01:48:59.855+0000] {processor.py:840} INFO - DAG(s) 'shopee_pipeline' retrieved from /opt/airflow/dags/shopee_dag.py
[2026-05-27T01:48:59.910+0000] {logging_mixin.py:188} INFO - [2026-05-27T01:48:59.909+0000] {dag.py:3096} INFO - Sync 1 DAGs
[2026-05-27T01:48:59.966+0000] {logging_mixin.py:188} INFO - [2026-05-27T01:48:59.966+0000] {dag.py:3954} INFO - Setting next_dagrun for shopee_pipeline to 2026-05-26 01:00:00+00:00, run_after=2026-05-27 01:00:00+00:00
[2026-05-27T01:49:00.020+0000] {processor.py:183} INFO - Processing /opt/airflow/dags/shopee_dag.py took 0.375 seconds
[2026-05-27T01:49:30.277+0000] {processor.py:161} INFO - Started process (PID=1794) to work on /opt/airflow/dags/shopee_dag.py
[2026-05-27T01:49:30.281+0000] {processor.py:830} INFO - Processing file /opt/airflow/dags/shopee_dag.py for tasks to queue
[2026-05-27T01:49:30.283+0000] {logging_mixin.py:188} INFO - [2026-05-27T01:49:30.283+0000] {dagbag.py:545} INFO - Filling up the DagBag from /opt/airflow/dags/shopee_dag.py
[2026-05-27T01:49:30.464+0000] {processor.py:840} INFO - DAG(s) 'shopee_pipeline' retrieved from /opt/airflow/dags/shopee_dag.py
[2026-05-27T01:49:30.535+0000] {logging_mixin.py:188} INFO - [2026-05-27T01:49:30.534+0000] {dag.py:3096} INFO - Sync 1 DAGs
[2026-05-27T01:49:30.586+0000] {logging_mixin.py:188} INFO - [2026-05-27T01:49:30.585+0000] {dag.py:3954} INFO - Setting next_dagrun for shopee_pipeline to 2026-05-26 01:00:00+00:00, run_after=2026-05-27 01:00:00+00:00
[2026-05-27T01:49:30.622+0000] {processor.py:183} INFO - Processing /opt/airflow/dags/shopee_dag.py took 0.358 seconds
[2026-05-27T01:50:01.123+0000] {processor.py:161} INFO - Started process (PID=1818) to work on /opt/airflow/dags/shopee_dag.py
[2026-05-27T01:50:01.124+0000] {processor.py:830} INFO - Processing file /opt/airflow/dags/shopee_dag.py for tasks to queue
[2026-05-27T01:50:01.126+0000] {logging_mixin.py:188} INFO - [2026-05-27T01:50:01.126+0000] {dagbag.py:545} INFO - Filling up the DagBag from /opt/airflow/dags/shopee_dag.py
[2026-05-27T01:50:01.237+0000] {processor.py:840} INFO - DAG(s) 'shopee_pipeline' retrieved from /opt/airflow/dags/shopee_dag.py
[2026-05-27T01:50:01.276+0000] {logging_mixin.py:188} INFO - [2026-05-27T01:50:01.276+0000] {dag.py:3096} INFO - Sync 1 DAGs
[2026-05-27T01:50:01.318+0000] {logging_mixin.py:188} INFO - [2026-05-27T01:50:01.318+0000] {dag.py:3954} INFO - Setting next_dagrun for shopee_pipeline to 2026-05-26 01:00:00+00:00, run_after=2026-05-27 01:00:00+00:00
[2026-05-27T01:50:01.344+0000] {processor.py:183} INFO - Processing /opt/airflow/dags/shopee_dag.py took 0.229 seconds
[2026-05-27T01:50:31.780+0000] {processor.py:161} INFO - Started process (PID=1944) to work on /opt/airflow/dags/shopee_dag.py
[2026-05-27T01:50:31.780+0000] {processor.py:830} INFO - Processing file /opt/airflow/dags/shopee_dag.py for tasks to queue
[2026-05-27T01:50:31.783+0000] {logging_mixin.py:188} INFO - [2026-05-27T01:50:31.783+0000] {dagbag.py:545} INFO - Filling up the DagBag from /opt/airflow/dags/shopee_dag.py
[2026-05-27T01:50:31.902+0000] {processor.py:840} INFO - DAG(s) 'shopee_pipeline' retrieved from /opt/airflow/dags/shopee_dag.py
[2026-05-27T01:50:31.941+0000] {logging_mixin.py:188} INFO - [2026-05-27T01:50:31.941+0000] {dag.py:3096} INFO - Sync 1 DAGs
[2026-05-27T01:50:31.968+0000] {logging_mixin.py:188} INFO - [2026-05-27T01:50:31.968+0000] {dag.py:3954} INFO - Setting next_dagrun for shopee_pipeline to 2026-05-26 01:00:00+00:00, run_after=2026-05-27 01:00:00+00:00
[2026-05-27T01:50:31.990+0000] {processor.py:183} INFO - Processing /opt/airflow/dags/shopee_dag.py took 0.217 seconds
[2026-05-27T01:51:02.353+0000] {processor.py:161} INFO - Started process (PID=2071) to work on /opt/airflow/dags/shopee_dag.py
[2026-05-27T01:51:02.354+0000] {processor.py:830} INFO - Processing file /opt/airflow/dags/shopee_dag.py for tasks to queue
[2026-05-27T01:51:02.356+0000] {logging_mixin.py:188} INFO - [2026-05-27T01:51:02.355+0000] {dagbag.py:545} INFO - Filling up the DagBag from /opt/airflow/dags/shopee_dag.py
[2026-05-27T01:51:02.456+0000] {processor.py:840} INFO - DAG(s) 'shopee_pipeline' retrieved from /opt/airflow/dags/shopee_dag.py
[2026-05-27T01:51:02.493+0000] {logging_mixin.py:188} INFO - [2026-05-27T01:51:02.493+0000] {dag.py:3096} INFO - Sync 1 DAGs
[2026-05-27T01:51:02.521+0000] {logging_mixin.py:188} INFO - [2026-05-27T01:51:02.521+0000] {dag.py:3954} INFO - Setting next_dagrun for shopee_pipeline to 2026-05-26 01:00:00+00:00, run_after=2026-05-27 01:00:00+00:00
[2026-05-27T01:51:02.545+0000] {processor.py:183} INFO - Processing /opt/airflow/dags/shopee_dag.py took 0.199 seconds
[2026-05-27T01:51:32.909+0000] {processor.py:161} INFO - Started process (PID=2174) to work on /opt/airflow/dags/shopee_dag.py
[2026-05-27T01:51:32.912+0000] {processor.py:830} INFO - Processing file /opt/airflow/dags/shopee_dag.py for tasks to queue
[2026-05-27T01:51:32.915+0000] {logging_mixin.py:188} INFO - [2026-05-27T01:51:32.914+0000] {dagbag.py:545} INFO - Filling up the DagBag from /opt/airflow/dags/shopee_dag.py
[2026-05-27T01:51:33.116+0000] {processor.py:840} INFO - DAG(s) 'shopee_pipeline' retrieved from /opt/airflow/dags/shopee_dag.py
[2026-05-27T01:51:33.176+0000] {logging_mixin.py:188} INFO - [2026-05-27T01:51:33.176+0000] {dag.py:3096} INFO - Sync 1 DAGs
[2026-05-27T01:51:33.243+0000] {logging_mixin.py:188} INFO - [2026-05-27T01:51:33.243+0000] {dag.py:3954} INFO - Setting next_dagrun for shopee_pipeline to 2026-05-26 01:00:00+00:00, run_after=2026-05-27 01:00:00+00:00
[2026-05-27T01:51:33.301+0000] {processor.py:183} INFO - Processing /opt/airflow/dags/shopee_dag.py took 0.405 seconds
[2026-05-27T01:52:03.405+0000] {processor.py:161} INFO - Started process (PID=2204) to work on /opt/airflow/dags/shopee_dag.py
[2026-05-27T01:52:03.408+0000] {processor.py:830} INFO - Processing file /opt/airflow/dags/shopee_dag.py for tasks to queue
[2026-05-27T01:52:03.410+0000] {logging_mixin.py:188} INFO - [2026-05-27T01:52:03.410+0000] {dagbag.py:545} INFO - Filling up the DagBag from /opt/airflow/dags/shopee_dag.py
[2026-05-27T01:52:03.662+0000] {processor.py:840} INFO - DAG(s) 'shopee_pipeline' retrieved from /opt/airflow/dags/shopee_dag.py
[2026-05-27T01:52:03.716+0000] {logging_mixin.py:188} INFO - [2026-05-27T01:52:03.715+0000] {dag.py:3096} INFO - Sync 1 DAGs
[2026-05-27T01:52:03.755+0000] {logging_mixin.py:188} INFO - [2026-05-27T01:52:03.755+0000] {dag.py:3954} INFO - Setting next_dagrun for shopee_pipeline to 2026-05-26 01:00:00+00:00, run_after=2026-05-27 01:00:00+00:00
[2026-05-27T01:52:03.783+0000] {processor.py:183} INFO - Processing /opt/airflow/dags/shopee_dag.py took 0.385 seconds
[2026-05-27T01:52:33.878+0000] {processor.py:161} INFO - Started process (PID=2328) to work on /opt/airflow/dags/shopee_dag.py
[2026-05-27T01:52:33.880+0000] {processor.py:830} INFO - Processing file /opt/airflow/dags/shopee_dag.py for tasks to queue
[2026-05-27T01:52:33.885+0000] {logging_mixin.py:188} INFO - [2026-05-27T01:52:33.884+0000] {dagbag.py:545} INFO - Filling up the DagBag from /opt/airflow/dags/shopee_dag.py
[2026-05-27T01:52:34.068+0000] {processor.py:840} INFO - DAG(s) 'shopee_pipeline' retrieved from /opt/airflow/dags/shopee_dag.py
[2026-05-27T01:52:34.117+0000] {logging_mixin.py:188} INFO - [2026-05-27T01:52:34.117+0000] {dag.py:3096} INFO - Sync 1 DAGs
[2026-05-27T01:52:34.157+0000] {logging_mixin.py:188} INFO - [2026-05-27T01:52:34.156+0000] {dag.py:3954} INFO - Setting next_dagrun for shopee_pipeline to 2026-05-26 01:00:00+00:00, run_after=2026-05-27 01:00:00+00:00
[2026-05-27T01:52:34.202+0000] {processor.py:183} INFO - Processing /opt/airflow/dags/shopee_dag.py took 0.346 seconds
[2026-05-27T01:53:04.590+0000] {processor.py:161} INFO - Started process (PID=2444) to work on /opt/airflow/dags/shopee_dag.py
[2026-05-27T01:53:04.592+0000] {processor.py:830} INFO - Processing file /opt/airflow/dags/shopee_dag.py for tasks to queue
[2026-05-27T01:53:04.596+0000] {logging_mixin.py:188} INFO - [2026-05-27T01:53:04.595+0000] {dagbag.py:545} INFO - Filling up the DagBag from /opt/airflow/dags/shopee_dag.py
[2026-05-27T01:53:04.769+0000] {processor.py:840} INFO - DAG(s) 'shopee_pipeline' retrieved from /opt/airflow/dags/shopee_dag.py
[2026-05-27T01:53:04.828+0000] {logging_mixin.py:188} INFO - [2026-05-27T01:53:04.828+0000] {dag.py:3096} INFO - Sync 1 DAGs
[2026-05-27T01:53:04.877+0000] {logging_mixin.py:188} INFO - [2026-05-27T01:53:04.876+0000] {dag.py:3954} INFO - Setting next_dagrun for shopee_pipeline to 2026-05-26 01:00:00+00:00, run_after=2026-05-27 01:00:00+00:00
[2026-05-27T01:53:04.924+0000] {processor.py:183} INFO - Processing /opt/airflow/dags/shopee_dag.py took 0.346 seconds
[2026-05-27T01:53:34.992+0000] {processor.py:161} INFO - Started process (PID=2458) to work on /opt/airflow/dags/shopee_dag.py
[2026-05-27T01:53:34.993+0000] {processor.py:830} INFO - Processing file /opt/airflow/dags/shopee_dag.py for tasks to queue
[2026-05-27T01:53:34.995+0000] {logging_mixin.py:188} INFO - [2026-05-27T01:53:34.995+0000] {dagbag.py:545} INFO - Filling up the DagBag from /opt/airflow/dags/shopee_dag.py
[2026-05-27T01:53:35.116+0000] {processor.py:840} INFO - DAG(s) 'shopee_pipeline' retrieved from /opt/airflow/dags/shopee_dag.py
[2026-05-27T01:53:35.165+0000] {logging_mixin.py:188} INFO - [2026-05-27T01:53:35.165+0000] {dag.py:3096} INFO - Sync 1 DAGs
[2026-05-27T01:53:35.227+0000] {logging_mixin.py:188} INFO - [2026-05-27T01:53:35.226+0000] {dag.py:3954} INFO - Setting next_dagrun for shopee_pipeline to 2026-05-26 01:00:00+00:00, run_after=2026-05-27 01:00:00+00:00
[2026-05-27T01:53:35.262+0000] {processor.py:183} INFO - Processing /opt/airflow/dags/shopee_dag.py took 0.276 seconds
[2026-05-27T01:54:05.705+0000] {processor.py:161} INFO - Started process (PID=2581) to work on /opt/airflow/dags/shopee_dag.py
[2026-05-27T01:54:05.706+0000] {processor.py:830} INFO - Processing file /opt/airflow/dags/shopee_dag.py for tasks to queue
[2026-05-27T01:54:05.708+0000] {logging_mixin.py:188} INFO - [2026-05-27T01:54:05.707+0000] {dagbag.py:545} INFO - Filling up the DagBag from /opt/airflow/dags/shopee_dag.py
[2026-05-27T01:54:05.818+0000] {processor.py:840} INFO - DAG(s) 'shopee_pipeline' retrieved from /opt/airflow/dags/shopee_dag.py
[2026-05-27T01:54:05.859+0000] {logging_mixin.py:188} INFO - [2026-05-27T01:54:05.859+0000] {dag.py:3096} INFO - Sync 1 DAGs
[2026-05-27T01:54:05.892+0000] {logging_mixin.py:188} INFO - [2026-05-27T01:54:05.891+0000] {dag.py:3954} INFO - Setting next_dagrun for shopee_pipeline to 2026-05-26 01:00:00+00:00, run_after=2026-05-27 01:00:00+00:00
[2026-05-27T01:54:05.919+0000] {processor.py:183} INFO - Processing /opt/airflow/dags/shopee_dag.py took 0.221 seconds
[2026-05-27T01:54:36.239+0000] {processor.py:161} INFO - Started process (PID=2702) to work on /opt/airflow/dags/shopee_dag.py
[2026-05-27T01:54:36.240+0000] {processor.py:830} INFO - Processing file /opt/airflow/dags/shopee_dag.py for tasks to queue
[2026-05-27T01:54:36.245+0000] {logging_mixin.py:188} INFO - [2026-05-27T01:54:36.244+0000] {dagbag.py:545} INFO - Filling up the DagBag from /opt/airflow/dags/shopee_dag.py
[2026-05-27T01:54:36.433+0000] {processor.py:840} INFO - DAG(s) 'shopee_pipeline' retrieved from /opt/airflow/dags/shopee_dag.py
[2026-05-27T01:54:36.475+0000] {logging_mixin.py:188} INFO - [2026-05-27T01:54:36.475+0000] {dag.py:3096} INFO - Sync 1 DAGs
[2026-05-27T01:54:36.512+0000] {logging_mixin.py:188} INFO - [2026-05-27T01:54:36.512+0000] {dag.py:3954} INFO - Setting next_dagrun for shopee_pipeline to 2026-05-26 01:00:00+00:00, run_after=2026-05-27 01:00:00+00:00
[2026-05-27T01:54:36.540+0000] {processor.py:183} INFO - Processing /opt/airflow/dags/shopee_dag.py took 0.311 seconds
[2026-05-27T01:55:06.651+0000] {processor.py:161} INFO - Started process (PID=2804) to work on /opt/airflow/dags/shopee_dag.py
[2026-05-27T01:55:06.654+0000] {processor.py:830} INFO - Processing file /opt/airflow/dags/shopee_dag.py for tasks to queue
[2026-05-27T01:55:06.658+0000] {logging_mixin.py:188} INFO - [2026-05-27T01:55:06.657+0000] {dagbag.py:545} INFO - Filling up the DagBag from /opt/airflow/dags/shopee_dag.py
[2026-05-27T01:55:07.077+0000] {processor.py:840} INFO - DAG(s) 'shopee_pipeline' retrieved from /opt/airflow/dags/shopee_dag.py
[2026-05-27T01:55:07.174+0000] {logging_mixin.py:188} INFO - [2026-05-27T01:55:07.172+0000] {dag.py:3096} INFO - Sync 1 DAGs
[2026-05-27T01:55:07.302+0000] {logging_mixin.py:188} INFO - [2026-05-27T01:55:07.301+0000] {dag.py:3954} INFO - Setting next_dagrun for shopee_pipeline to 2026-05-26 01:00:00+00:00, run_after=2026-05-27 01:00:00+00:00
[2026-05-27T01:55:07.383+0000] {processor.py:183} INFO - Processing /opt/airflow/dags/shopee_dag.py took 0.749 seconds
[2026-05-27T01:55:37.580+0000] {processor.py:161} INFO - Started process (PID=2835) to work on /opt/airflow/dags/shopee_dag.py
[2026-05-27T01:55:37.582+0000] {processor.py:830} INFO - Processing file /opt/airflow/dags/shopee_dag.py for tasks to queue
[2026-05-27T01:55:37.585+0000] {logging_mixin.py:188} INFO - [2026-05-27T01:55:37.584+0000] {dagbag.py:545} INFO - Filling up the DagBag from /opt/airflow/dags/shopee_dag.py
[2026-05-27T01:55:37.783+0000] {processor.py:840} INFO - DAG(s) 'shopee_pipeline' retrieved from /opt/airflow/dags/shopee_dag.py
[2026-05-27T01:55:37.824+0000] {logging_mixin.py:188} INFO - [2026-05-27T01:55:37.824+0000] {dag.py:3096} INFO - Sync 1 DAGs
[2026-05-27T01:55:37.867+0000] {logging_mixin.py:188} INFO - [2026-05-27T01:55:37.866+0000] {dag.py:3954} INFO - Setting next_dagrun for shopee_pipeline to 2026-05-26 01:00:00+00:00, run_after=2026-05-27 01:00:00+00:00
[2026-05-27T01:55:37.904+0000] {processor.py:183} INFO - Processing /opt/airflow/dags/shopee_dag.py took 0.344 seconds
[2026-05-27T01:56:08.121+0000] {processor.py:161} INFO - Started process (PID=2958) to work on /opt/airflow/dags/shopee_dag.py
[2026-05-27T01:56:08.123+0000] {processor.py:830} INFO - Processing file /opt/airflow/dags/shopee_dag.py for tasks to queue
[2026-05-27T01:56:08.125+0000] {logging_mixin.py:188} INFO - [2026-05-27T01:56:08.125+0000] {dagbag.py:545} INFO - Filling up the DagBag from /opt/airflow/dags/shopee_dag.py
[2026-05-27T01:56:08.260+0000] {processor.py:840} INFO - DAG(s) 'shopee_pipeline' retrieved from /opt/airflow/dags/shopee_dag.py
[2026-05-27T01:56:08.307+0000] {logging_mixin.py:188} INFO - [2026-05-27T01:56:08.307+0000] {dag.py:3096} INFO - Sync 1 DAGs
[2026-05-27T01:56:08.338+0000] {logging_mixin.py:188} INFO - [2026-05-27T01:56:08.338+0000] {dag.py:3954} INFO - Setting next_dagrun for shopee_pipeline to 2026-05-26 01:00:00+00:00, run_after=2026-05-27 01:00:00+00:00
[2026-05-27T01:56:08.365+0000] {processor.py:183} INFO - Processing /opt/airflow/dags/shopee_dag.py took 0.253 seconds
[2026-05-27T01:56:38.514+0000] {processor.py:161} INFO - Started process (PID=3081) to work on /opt/airflow/dags/shopee_dag.py
[2026-05-27T01:56:38.516+0000] {processor.py:830} INFO - Processing file /opt/airflow/dags/shopee_dag.py for tasks to queue
[2026-05-27T01:56:38.519+0000] {logging_mixin.py:188} INFO - [2026-05-27T01:56:38.518+0000] {dagbag.py:545} INFO - Filling up the DagBag from /opt/airflow/dags/shopee_dag.py
[2026-05-27T01:56:38.845+0000] {processor.py:840} INFO - DAG(s) 'shopee_pipeline' retrieved from /opt/airflow/dags/shopee_dag.py
[2026-05-27T01:56:38.963+0000] {logging_mixin.py:188} INFO - [2026-05-27T01:56:38.962+0000] {dag.py:3096} INFO - Sync 1 DAGs
[2026-05-27T01:56:39.035+0000] {logging_mixin.py:188} INFO - [2026-05-27T01:56:39.034+0000] {dag.py:3954} INFO - Setting next_dagrun for shopee_pipeline to 2026-05-26 01:00:00+00:00, run_after=2026-05-27 01:00:00+00:00
[2026-05-27T01:56:39.073+0000] {processor.py:183} INFO - Processing /opt/airflow/dags/shopee_dag.py took 0.571 seconds
[2026-05-27T01:57:09.211+0000] {processor.py:161} INFO - Started process (PID=3096) to work on /opt/airflow/dags/shopee_dag.py
[2026-05-27T01:57:09.215+0000] {processor.py:830} INFO - Processing file /opt/airflow/dags/shopee_dag.py for tasks to queue
[2026-05-27T01:57:09.222+0000] {logging_mixin.py:188} INFO - [2026-05-27T01:57:09.221+0000] {dagbag.py:545} INFO - Filling up the DagBag from /opt/airflow/dags/shopee_dag.py
[2026-05-27T01:57:09.504+0000] {processor.py:840} INFO - DAG(s) 'shopee_pipeline' retrieved from /opt/airflow/dags/shopee_dag.py
[2026-05-27T01:57:09.605+0000] {logging_mixin.py:188} INFO - [2026-05-27T01:57:09.605+0000] {dag.py:3096} INFO - Sync 1 DAGs
[2026-05-27T01:57:09.672+0000] {logging_mixin.py:188} INFO - [2026-05-27T01:57:09.672+0000] {dag.py:3954} INFO - Setting next_dagrun for shopee_pipeline to 2026-05-26 01:00:00+00:00, run_after=2026-05-27 01:00:00+00:00
[2026-05-27T01:57:09.739+0000] {processor.py:183} INFO - Processing /opt/airflow/dags/shopee_dag.py took 0.551 seconds
[2026-05-27T01:57:40.576+0000] {processor.py:161} INFO - Started process (PID=3218) to work on /opt/airflow/dags/shopee_dag.py
[2026-05-27T01:57:40.578+0000] {processor.py:830} INFO - Processing file /opt/airflow/dags/shopee_dag.py for tasks to queue
[2026-05-27T01:57:40.581+0000] {logging_mixin.py:188} INFO - [2026-05-27T01:57:40.580+0000] {dagbag.py:545} INFO - Filling up the DagBag from /opt/airflow/dags/shopee_dag.py
[2026-05-27T01:57:40.725+0000] {processor.py:840} INFO - DAG(s) 'shopee_pipeline' retrieved from /opt/airflow/dags/shopee_dag.py
[2026-05-27T01:57:40.771+0000] {logging_mixin.py:188} INFO - [2026-05-27T01:57:40.770+0000] {dag.py:3096} INFO - Sync 1 DAGs
[2026-05-27T01:57:40.805+0000] {logging_mixin.py:188} INFO - [2026-05-27T01:57:40.804+0000] {dag.py:3954} INFO - Setting next_dagrun for shopee_pipeline to 2026-05-26 01:00:00+00:00, run_after=2026-05-27 01:00:00+00:00
[2026-05-27T01:57:40.858+0000] {processor.py:183} INFO - Processing /opt/airflow/dags/shopee_dag.py took 0.293 seconds
[2026-05-27T01:58:11.296+0000] {processor.py:161} INFO - Started process (PID=3342) to work on /opt/airflow/dags/shopee_dag.py
[2026-05-27T01:58:11.297+0000] {processor.py:830} INFO - Processing file /opt/airflow/dags/shopee_dag.py for tasks to queue
[2026-05-27T01:58:11.299+0000] {logging_mixin.py:188} INFO - [2026-05-27T01:58:11.299+0000] {dagbag.py:545} INFO - Filling up the DagBag from /opt/airflow/dags/shopee_dag.py
[2026-05-27T01:58:11.484+0000] {processor.py:840} INFO - DAG(s) 'shopee_pipeline' retrieved from /opt/airflow/dags/shopee_dag.py
[2026-05-27T01:58:11.541+0000] {logging_mixin.py:188} INFO - [2026-05-27T01:58:11.541+0000] {dag.py:3096} INFO - Sync 1 DAGs
[2026-05-27T01:58:11.587+0000] {logging_mixin.py:188} INFO - [2026-05-27T01:58:11.586+0000] {dag.py:3954} INFO - Setting next_dagrun for shopee_pipeline to 2026-05-26 01:00:00+00:00, run_after=2026-05-27 01:00:00+00:00
[2026-05-27T01:58:11.627+0000] {processor.py:183} INFO - Processing /opt/airflow/dags/shopee_dag.py took 0.341 seconds
[2026-05-27T01:58:41.940+0000] {processor.py:161} INFO - Started process (PID=3436) to work on /opt/airflow/dags/shopee_dag.py
[2026-05-27T01:58:41.942+0000] {processor.py:830} INFO - Processing file /opt/airflow/dags/shopee_dag.py for tasks to queue
[2026-05-27T01:58:41.945+0000] {logging_mixin.py:188} INFO - [2026-05-27T01:58:41.945+0000] {dagbag.py:545} INFO - Filling up the DagBag from /opt/airflow/dags/shopee_dag.py
[2026-05-27T01:58:42.240+0000] {processor.py:840} INFO - DAG(s) 'shopee_pipeline' retrieved from /opt/airflow/dags/shopee_dag.py
[2026-05-27T01:58:42.317+0000] {logging_mixin.py:188} INFO - [2026-05-27T01:58:42.316+0000] {dag.py:3096} INFO - Sync 1 DAGs
[2026-05-27T01:58:42.387+0000] {logging_mixin.py:188} INFO - [2026-05-27T01:58:42.387+0000] {dag.py:3954} INFO - Setting next_dagrun for shopee_pipeline to 2026-05-26 01:00:00+00:00, run_after=2026-05-27 01:00:00+00:00
[2026-05-27T01:58:42.435+0000] {processor.py:183} INFO - Processing /opt/airflow/dags/shopee_dag.py took 0.509 seconds
[2026-05-27T01:59:12.601+0000] {processor.py:161} INFO - Started process (PID=3477) to work on /opt/airflow/dags/shopee_dag.py
[2026-05-27T01:59:12.603+0000] {processor.py:830} INFO - Processing file /opt/airflow/dags/shopee_dag.py for tasks to queue
[2026-05-27T01:59:12.608+0000] {logging_mixin.py:188} INFO - [2026-05-27T01:59:12.608+0000] {dagbag.py:545} INFO - Filling up the DagBag from /opt/airflow/dags/shopee_dag.py
[2026-05-27T01:59:12.976+0000] {processor.py:840} INFO - DAG(s) 'shopee_pipeline' retrieved from /opt/airflow/dags/shopee_dag.py
[2026-05-27T01:59:13.061+0000] {logging_mixin.py:188} INFO - [2026-05-27T01:59:13.061+0000] {dag.py:3096} INFO - Sync 1 DAGs
[2026-05-27T01:59:13.099+0000] {logging_mixin.py:188} INFO - [2026-05-27T01:59:13.099+0000] {dag.py:3954} INFO - Setting next_dagrun for shopee_pipeline to 2026-05-27 01:00:00+00:00, run_after=2026-05-28 01:00:00+00:00
[2026-05-27T01:59:13.132+0000] {processor.py:183} INFO - Processing /opt/airflow/dags/shopee_dag.py took 0.559 seconds
[2026-05-27T01:59:43.599+0000] {processor.py:161} INFO - Started process (PID=3597) to work on /opt/airflow/dags/shopee_dag.py
[2026-05-27T01:59:43.600+0000] {processor.py:830} INFO - Processing file /opt/airflow/dags/shopee_dag.py for tasks to queue
[2026-05-27T01:59:43.604+0000] {logging_mixin.py:188} INFO - [2026-05-27T01:59:43.603+0000] {dagbag.py:545} INFO - Filling up the DagBag from /opt/airflow/dags/shopee_dag.py
[2026-05-27T01:59:43.826+0000] {processor.py:840} INFO - DAG(s) 'shopee_pipeline' retrieved from /opt/airflow/dags/shopee_dag.py
[2026-05-27T01:59:43.885+0000] {logging_mixin.py:188} INFO - [2026-05-27T01:59:43.885+0000] {dag.py:3096} INFO - Sync 1 DAGs
[2026-05-27T01:59:43.977+0000] {logging_mixin.py:188} INFO - [2026-05-27T01:59:43.977+0000] {dag.py:3954} INFO - Setting next_dagrun for shopee_pipeline to 2026-05-27 01:00:00+00:00, run_after=2026-05-28 01:00:00+00:00
[2026-05-27T01:59:44.016+0000] {processor.py:183} INFO - Processing /opt/airflow/dags/shopee_dag.py took 0.427 seconds
[2026-05-27T02:00:14.696+0000] {processor.py:161} INFO - Started process (PID=3689) to work on /opt/airflow/dags/shopee_dag.py
[2026-05-27T02:00:14.698+0000] {processor.py:830} INFO - Processing file /opt/airflow/dags/shopee_dag.py for tasks to queue
[2026-05-27T02:00:14.702+0000] {logging_mixin.py:188} INFO - [2026-05-27T02:00:14.701+0000] {dagbag.py:545} INFO - Filling up the DagBag from /opt/airflow/dags/shopee_dag.py
[2026-05-27T02:00:14.927+0000] {processor.py:840} INFO - DAG(s) 'shopee_pipeline' retrieved from /opt/airflow/dags/shopee_dag.py
[2026-05-27T02:00:14.989+0000] {logging_mixin.py:188} INFO - [2026-05-27T02:00:14.989+0000] {dag.py:3096} INFO - Sync 1 DAGs
[2026-05-27T02:00:15.045+0000] {logging_mixin.py:188} INFO - [2026-05-27T02:00:15.044+0000] {dag.py:3954} INFO - Setting next_dagrun for shopee_pipeline to 2026-05-27 01:00:00+00:00, run_after=2026-05-28 01:00:00+00:00
[2026-05-27T02:00:15.101+0000] {processor.py:183} INFO - Processing /opt/airflow/dags/shopee_dag.py took 0.418 seconds
[2026-05-27T02:00:45.493+0000] {processor.py:161} INFO - Started process (PID=3731) to work on /opt/airflow/dags/shopee_dag.py
[2026-05-27T02:00:45.496+0000] {processor.py:830} INFO - Processing file /opt/airflow/dags/shopee_dag.py for tasks to queue
[2026-05-27T02:00:45.501+0000] {logging_mixin.py:188} INFO - [2026-05-27T02:00:45.500+0000] {dagbag.py:545} INFO - Filling up the DagBag from /opt/airflow/dags/shopee_dag.py
[2026-05-27T02:00:45.810+0000] {processor.py:840} INFO - DAG(s) 'shopee_pipeline' retrieved from /opt/airflow/dags/shopee_dag.py
[2026-05-27T02:00:45.918+0000] {logging_mixin.py:188} INFO - [2026-05-27T02:00:45.918+0000] {dag.py:3096} INFO - Sync 1 DAGs
[2026-05-27T02:00:46.044+0000] {logging_mixin.py:188} INFO - [2026-05-27T02:00:46.043+0000] {dag.py:3954} INFO - Setting next_dagrun for shopee_pipeline to 2026-05-27 01:00:00+00:00, run_after=2026-05-28 01:00:00+00:00
[2026-05-27T02:00:46.129+0000] {processor.py:183} INFO - Processing /opt/airflow/dags/shopee_dag.py took 0.652 seconds
[2026-05-27T02:01:16.762+0000] {processor.py:161} INFO - Started process (PID=3853) to work on /opt/airflow/dags/shopee_dag.py
[2026-05-27T02:01:16.764+0000] {processor.py:830} INFO - Processing file /opt/airflow/dags/shopee_dag.py for tasks to queue
[2026-05-27T02:01:16.769+0000] {logging_mixin.py:188} INFO - [2026-05-27T02:01:16.768+0000] {dagbag.py:545} INFO - Filling up the DagBag from /opt/airflow/dags/shopee_dag.py
[2026-05-27T02:01:17.023+0000] {processor.py:840} INFO - DAG(s) 'shopee_pipeline' retrieved from /opt/airflow/dags/shopee_dag.py
[2026-05-27T02:01:17.092+0000] {logging_mixin.py:188} INFO - [2026-05-27T02:01:17.092+0000] {dag.py:3096} INFO - Sync 1 DAGs
[2026-05-27T02:01:17.146+0000] {logging_mixin.py:188} INFO - [2026-05-27T02:01:17.145+0000] {dag.py:3954} INFO - Setting next_dagrun for shopee_pipeline to 2026-05-27 01:00:00+00:00, run_after=2026-05-28 01:00:00+00:00
[2026-05-27T02:01:17.189+0000] {processor.py:183} INFO - Processing /opt/airflow/dags/shopee_dag.py took 0.441 seconds
[2026-05-27T02:01:47.508+0000] {processor.py:161} INFO - Started process (PID=3970) to work on /opt/airflow/dags/shopee_dag.py
[2026-05-27T02:01:47.510+0000] {processor.py:830} INFO - Processing file /opt/airflow/dags/shopee_dag.py for tasks to queue
[2026-05-27T02:01:47.514+0000] {logging_mixin.py:188} INFO - [2026-05-27T02:01:47.514+0000] {dagbag.py:545} INFO - Filling up the DagBag from /opt/airflow/dags/shopee_dag.py
[2026-05-27T02:01:47.718+0000] {processor.py:840} INFO - DAG(s) 'shopee_pipeline' retrieved from /opt/airflow/dags/shopee_dag.py
[2026-05-27T02:01:47.761+0000] {logging_mixin.py:188} INFO - [2026-05-27T02:01:47.761+0000] {dag.py:3096} INFO - Sync 1 DAGs
[2026-05-27T02:01:47.804+0000] {logging_mixin.py:188} INFO - [2026-05-27T02:01:47.803+0000] {dag.py:3954} INFO - Setting next_dagrun for shopee_pipeline to 2026-05-27 01:00:00+00:00, run_after=2026-05-28 01:00:00+00:00
[2026-05-27T02:01:47.839+0000] {processor.py:183} INFO - Processing /opt/airflow/dags/shopee_dag.py took 0.341 seconds
[2026-05-27T02:02:18.206+0000] {processor.py:161} INFO - Started process (PID=3987) to work on /opt/airflow/dags/shopee_dag.py
[2026-05-27T02:02:18.209+0000] {processor.py:830} INFO - Processing file /opt/airflow/dags/shopee_dag.py for tasks to queue
[2026-05-27T02:02:18.212+0000] {logging_mixin.py:188} INFO - [2026-05-27T02:02:18.212+0000] {dagbag.py:545} INFO - Filling up the DagBag from /opt/airflow/dags/shopee_dag.py
[2026-05-27T02:02:18.480+0000] {processor.py:840} INFO - DAG(s) 'shopee_pipeline' retrieved from /opt/airflow/dags/shopee_dag.py
[2026-05-27T02:02:18.561+0000] {logging_mixin.py:188} INFO - [2026-05-27T02:02:18.561+0000] {dag.py:3096} INFO - Sync 1 DAGs
[2026-05-27T02:02:18.626+0000] {logging_mixin.py:188} INFO - [2026-05-27T02:02:18.625+0000] {dag.py:3954} INFO - Setting next_dagrun for shopee_pipeline to 2026-05-27 01:00:00+00:00, run_after=2026-05-28 01:00:00+00:00
[2026-05-27T02:02:18.726+0000] {processor.py:183} INFO - Processing /opt/airflow/dags/shopee_dag.py took 0.534 seconds
[2026-05-27T02:02:49.239+0000] {processor.py:161} INFO - Started process (PID=4105) to work on /opt/airflow/dags/shopee_dag.py
[2026-05-27T02:02:49.241+0000] {processor.py:830} INFO - Processing file /opt/airflow/dags/shopee_dag.py for tasks to queue
[2026-05-27T02:02:49.245+0000] {logging_mixin.py:188} INFO - [2026-05-27T02:02:49.244+0000] {dagbag.py:545} INFO - Filling up the DagBag from /opt/airflow/dags/shopee_dag.py
[2026-05-27T02:02:49.480+0000] {processor.py:840} INFO - DAG(s) 'shopee_pipeline' retrieved from /opt/airflow/dags/shopee_dag.py
[2026-05-27T02:02:49.548+0000] {logging_mixin.py:188} INFO - [2026-05-27T02:02:49.547+0000] {dag.py:3096} INFO - Sync 1 DAGs
[2026-05-27T02:02:49.612+0000] {logging_mixin.py:188} INFO - [2026-05-27T02:02:49.612+0000] {dag.py:3954} INFO - Setting next_dagrun for shopee_pipeline to 2026-05-27 01:00:00+00:00, run_after=2026-05-28 01:00:00+00:00
[2026-05-27T02:02:49.657+0000] {processor.py:183} INFO - Processing /opt/airflow/dags/shopee_dag.py took 0.435 seconds
[2026-05-27T02:03:20.168+0000] {processor.py:161} INFO - Started process (PID=4228) to work on /opt/airflow/dags/shopee_dag.py
[2026-05-27T02:03:20.169+0000] {processor.py:830} INFO - Processing file /opt/airflow/dags/shopee_dag.py for tasks to queue
[2026-05-27T02:03:20.172+0000] {logging_mixin.py:188} INFO - [2026-05-27T02:03:20.172+0000] {dagbag.py:545} INFO - Filling up the DagBag from /opt/airflow/dags/shopee_dag.py
[2026-05-27T02:03:20.382+0000] {processor.py:840} INFO - DAG(s) 'shopee_pipeline' retrieved from /opt/airflow/dags/shopee_dag.py
[2026-05-27T02:03:20.445+0000] {logging_mixin.py:188} INFO - [2026-05-27T02:03:20.444+0000] {dag.py:3096} INFO - Sync 1 DAGs
[2026-05-27T02:03:20.484+0000] {logging_mixin.py:188} INFO - [2026-05-27T02:03:20.484+0000] {dag.py:3954} INFO - Setting next_dagrun for shopee_pipeline to 2026-05-27 01:00:00+00:00, run_after=2026-05-28 01:00:00+00:00
[2026-05-27T02:03:20.522+0000] {processor.py:183} INFO - Processing /opt/airflow/dags/shopee_dag.py took 0.364 seconds
[2026-05-27T02:03:50.916+0000] {processor.py:161} INFO - Started process (PID=4332) to work on /opt/airflow/dags/shopee_dag.py
[2026-05-27T02:03:50.918+0000] {processor.py:830} INFO - Processing file /opt/airflow/dags/shopee_dag.py for tasks to queue
[2026-05-27T02:03:50.923+0000] {logging_mixin.py:188} INFO - [2026-05-27T02:03:50.922+0000] {dagbag.py:545} INFO - Filling up the DagBag from /opt/airflow/dags/shopee_dag.py
[2026-05-27T02:03:51.580+0000] {processor.py:840} INFO - DAG(s) 'shopee_pipeline' retrieved from /opt/airflow/dags/shopee_dag.py
[2026-05-27T02:03:51.692+0000] {logging_mixin.py:188} INFO - [2026-05-27T02:03:51.691+0000] {dag.py:3096} INFO - Sync 1 DAGs
[2026-05-27T02:03:51.749+0000] {logging_mixin.py:188} INFO - [2026-05-27T02:03:51.748+0000] {dag.py:3954} INFO - Setting next_dagrun for shopee_pipeline to 2026-05-27 01:00:00+00:00, run_after=2026-05-28 01:00:00+00:00
[2026-05-27T02:03:51.793+0000] {processor.py:183} INFO - Processing /opt/airflow/dags/shopee_dag.py took 0.895 seconds
[2026-05-27T02:04:22.493+0000] {processor.py:161} INFO - Started process (PID=4372) to work on /opt/airflow/dags/shopee_dag.py
[2026-05-27T02:04:22.494+0000] {processor.py:830} INFO - Processing file /opt/airflow/dags/shopee_dag.py for tasks to queue
[2026-05-27T02:04:22.496+0000] {logging_mixin.py:188} INFO - [2026-05-27T02:04:22.496+0000] {dagbag.py:545} INFO - Filling up the DagBag from /opt/airflow/dags/shopee_dag.py
[2026-05-27T02:04:22.737+0000] {processor.py:840} INFO - DAG(s) 'shopee_pipeline' retrieved from /opt/airflow/dags/shopee_dag.py
[2026-05-27T02:04:22.791+0000] {logging_mixin.py:188} INFO - [2026-05-27T02:04:22.791+0000] {dag.py:3096} INFO - Sync 1 DAGs
[2026-05-27T02:04:22.846+0000] {logging_mixin.py:188} INFO - [2026-05-27T02:04:22.845+0000] {dag.py:3954} INFO - Setting next_dagrun for shopee_pipeline to 2026-05-27 01:00:00+00:00, run_after=2026-05-28 01:00:00+00:00
[2026-05-27T02:04:22.895+0000] {processor.py:183} INFO - Processing /opt/airflow/dags/shopee_dag.py took 0.409 seconds
[2026-05-27T02:04:53.658+0000] {processor.py:161} INFO - Started process (PID=4499) to work on /opt/airflow/dags/shopee_dag.py
[2026-05-27T02:04:53.659+0000] {processor.py:830} INFO - Processing file /opt/airflow/dags/shopee_dag.py for tasks to queue
[2026-05-27T02:04:53.661+0000] {logging_mixin.py:188} INFO - [2026-05-27T02:04:53.661+0000] {dagbag.py:545} INFO - Filling up the DagBag from /opt/airflow/dags/shopee_dag.py
[2026-05-27T02:04:53.797+0000] {processor.py:840} INFO - DAG(s) 'shopee_pipeline' retrieved from /opt/airflow/dags/shopee_dag.py
[2026-05-27T02:04:53.836+0000] {logging_mixin.py:188} INFO - [2026-05-27T02:04:53.836+0000] {dag.py:3096} INFO - Sync 1 DAGs
[2026-05-27T02:04:53.876+0000] {logging_mixin.py:188} INFO - [2026-05-27T02:04:53.875+0000] {dag.py:3954} INFO - Setting next_dagrun for shopee_pipeline to 2026-05-27 01:00:00+00:00, run_after=2026-05-28 01:00:00+00:00
[2026-05-27T02:04:53.905+0000] {processor.py:183} INFO - Processing /opt/airflow/dags/shopee_dag.py took 0.255 seconds
[2026-05-27T02:05:24.297+0000] {processor.py:161} INFO - Started process (PID=4623) to work on /opt/airflow/dags/shopee_dag.py
[2026-05-27T02:05:24.298+0000] {processor.py:830} INFO - Processing file /opt/airflow/dags/shopee_dag.py for tasks to queue
[2026-05-27T02:05:24.300+0000] {logging_mixin.py:188} INFO - [2026-05-27T02:05:24.300+0000] {dagbag.py:545} INFO - Filling up the DagBag from /opt/airflow/dags/shopee_dag.py
[2026-05-27T02:05:24.423+0000] {processor.py:840} INFO - DAG(s) 'shopee_pipeline' retrieved from /opt/airflow/dags/shopee_dag.py
[2026-05-27T02:05:24.478+0000] {logging_mixin.py:188} INFO - [2026-05-27T02:05:24.478+0000] {dag.py:3096} INFO - Sync 1 DAGs
[2026-05-27T02:05:24.524+0000] {logging_mixin.py:188} INFO - [2026-05-27T02:05:24.524+0000] {dag.py:3954} INFO - Setting next_dagrun for shopee_pipeline to 2026-05-27 01:00:00+00:00, run_after=2026-05-28 01:00:00+00:00
[2026-05-27T02:05:24.555+0000] {processor.py:183} INFO - Processing /opt/airflow/dags/shopee_dag.py took 0.265 seconds
[2026-05-27T02:05:54.902+0000] {processor.py:161} INFO - Started process (PID=4729) to work on /opt/airflow/dags/shopee_dag.py
[2026-05-27T02:05:54.903+0000] {processor.py:830} INFO - Processing file /opt/airflow/dags/shopee_dag.py for tasks to queue
[2026-05-27T02:05:54.905+0000] {logging_mixin.py:188} INFO - [2026-05-27T02:05:54.905+0000] {dagbag.py:545} INFO - Filling up the DagBag from /opt/airflow/dags/shopee_dag.py
[2026-05-27T02:05:55.050+0000] {processor.py:840} INFO - DAG(s) 'shopee_pipeline' retrieved from /opt/airflow/dags/shopee_dag.py
[2026-05-27T02:05:55.105+0000] {logging_mixin.py:188} INFO - [2026-05-27T02:05:55.104+0000] {dag.py:3096} INFO - Sync 1 DAGs
[2026-05-27T02:05:55.147+0000] {logging_mixin.py:188} INFO - [2026-05-27T02:05:55.147+0000] {dag.py:3954} INFO - Setting next_dagrun for shopee_pipeline to 2026-05-27 01:00:00+00:00, run_after=2026-05-28 01:00:00+00:00
[2026-05-27T02:05:55.188+0000] {processor.py:183} INFO - Processing /opt/airflow/dags/shopee_dag.py took 0.295 seconds
[2026-05-27T02:06:25.662+0000] {processor.py:161} INFO - Started process (PID=4803) to work on /opt/airflow/dags/shopee_dag.py
[2026-05-27T02:06:25.664+0000] {processor.py:830} INFO - Processing file /opt/airflow/dags/shopee_dag.py for tasks to queue
[2026-05-27T02:06:25.673+0000] {logging_mixin.py:188} INFO - [2026-05-27T02:06:25.672+0000] {dagbag.py:545} INFO - Filling up the DagBag from /opt/airflow/dags/shopee_dag.py
[2026-05-27T02:06:25.864+0000] {processor.py:840} INFO - DAG(s) 'shopee_pipeline' retrieved from /opt/airflow/dags/shopee_dag.py
[2026-05-27T02:06:25.910+0000] {logging_mixin.py:188} INFO - [2026-05-27T02:06:25.910+0000] {dag.py:3096} INFO - Sync 1 DAGs
[2026-05-27T02:06:25.941+0000] {logging_mixin.py:188} INFO - [2026-05-27T02:06:25.940+0000] {dag.py:3954} INFO - Setting next_dagrun for shopee_pipeline to 2026-05-27 01:00:00+00:00, run_after=2026-05-28 01:00:00+00:00
[2026-05-27T02:06:25.974+0000] {processor.py:183} INFO - Processing /opt/airflow/dags/shopee_dag.py took 0.328 seconds
[2026-05-27T02:06:56.511+0000] {processor.py:161} INFO - Started process (PID=4870) to work on /opt/airflow/dags/shopee_dag.py
[2026-05-27T02:06:56.513+0000] {processor.py:830} INFO - Processing file /opt/airflow/dags/shopee_dag.py for tasks to queue
[2026-05-27T02:06:56.516+0000] {logging_mixin.py:188} INFO - [2026-05-27T02:06:56.515+0000] {dagbag.py:545} INFO - Filling up the DagBag from /opt/airflow/dags/shopee_dag.py
[2026-05-27T02:06:56.678+0000] {processor.py:840} INFO - DAG(s) 'shopee_pipeline' retrieved from /opt/airflow/dags/shopee_dag.py
[2026-05-27T02:06:56.727+0000] {logging_mixin.py:188} INFO - [2026-05-27T02:06:56.727+0000] {dag.py:3096} INFO - Sync 1 DAGs
[2026-05-27T02:06:56.781+0000] {logging_mixin.py:188} INFO - [2026-05-27T02:06:56.781+0000] {dag.py:3954} INFO - Setting next_dagrun for shopee_pipeline to 2026-05-27 01:00:00+00:00, run_after=2026-05-28 01:00:00+00:00
[2026-05-27T02:06:56.964+0000] {processor.py:183} INFO - Processing /opt/airflow/dags/shopee_dag.py took 0.462 seconds
[2026-05-27T02:07:27.098+0000] {processor.py:161} INFO - Started process (PID=4957) to work on /opt/airflow/dags/shopee_dag.py
[2026-05-27T02:07:27.100+0000] {processor.py:830} INFO - Processing file /opt/airflow/dags/shopee_dag.py for tasks to queue
[2026-05-27T02:07:27.103+0000] {logging_mixin.py:188} INFO - [2026-05-27T02:07:27.102+0000] {dagbag.py:545} INFO - Filling up the DagBag from /opt/airflow/dags/shopee_dag.py
[2026-05-27T02:07:27.304+0000] {processor.py:840} INFO - DAG(s) 'shopee_pipeline' retrieved from /opt/airflow/dags/shopee_dag.py
[2026-05-27T02:07:27.360+0000] {logging_mixin.py:188} INFO - [2026-05-27T02:07:27.359+0000] {dag.py:3096} INFO - Sync 1 DAGs
[2026-05-27T02:07:27.386+0000] {logging_mixin.py:188} INFO - [2026-05-27T02:07:27.386+0000] {dag.py:3954} INFO - Setting next_dagrun for shopee_pipeline to 2026-05-27 01:00:00+00:00, run_after=2026-05-28 01:00:00+00:00
[2026-05-27T02:07:27.410+0000] {processor.py:183} INFO - Processing /opt/airflow/dags/shopee_dag.py took 0.319 seconds
[2026-05-27T02:07:57.737+0000] {processor.py:161} INFO - Started process (PID=5000) to work on /opt/airflow/dags/shopee_dag.py
[2026-05-27T02:07:57.738+0000] {processor.py:830} INFO - Processing file /opt/airflow/dags/shopee_dag.py for tasks to queue
[2026-05-27T02:07:57.741+0000] {logging_mixin.py:188} INFO - [2026-05-27T02:07:57.741+0000] {dagbag.py:545} INFO - Filling up the DagBag from /opt/airflow/dags/shopee_dag.py
[2026-05-27T02:07:57.887+0000] {processor.py:840} INFO - DAG(s) 'shopee_pipeline' retrieved from /opt/airflow/dags/shopee_dag.py
[2026-05-27T02:07:57.931+0000] {logging_mixin.py:188} INFO - [2026-05-27T02:07:57.931+0000] {dag.py:3096} INFO - Sync 1 DAGs
[2026-05-27T02:07:57.989+0000] {logging_mixin.py:188} INFO - [2026-05-27T02:07:57.989+0000] {dag.py:3954} INFO - Setting next_dagrun for shopee_pipeline to 2026-05-27 01:00:00+00:00, run_after=2026-05-28 01:00:00+00:00
[2026-05-27T02:07:58.016+0000] {processor.py:183} INFO - Processing /opt/airflow/dags/shopee_dag.py took 0.287 seconds
[2026-05-27T02:08:28.413+0000] {processor.py:161} INFO - Started process (PID=5106) to work on /opt/airflow/dags/shopee_dag.py
[2026-05-27T02:08:28.414+0000] {processor.py:830} INFO - Processing file /opt/airflow/dags/shopee_dag.py for tasks to queue
[2026-05-27T02:08:28.417+0000] {logging_mixin.py:188} INFO - [2026-05-27T02:08:28.416+0000] {dagbag.py:545} INFO - Filling up the DagBag from /opt/airflow/dags/shopee_dag.py
[2026-05-27T02:08:28.558+0000] {processor.py:840} INFO - DAG(s) 'shopee_pipeline' retrieved from /opt/airflow/dags/shopee_dag.py
[2026-05-27T02:08:28.602+0000] {logging_mixin.py:188} INFO - [2026-05-27T02:08:28.601+0000] {dag.py:3096} INFO - Sync 1 DAGs
[2026-05-27T02:08:28.637+0000] {logging_mixin.py:188} INFO - [2026-05-27T02:08:28.637+0000] {dag.py:3954} INFO - Setting next_dagrun for shopee_pipeline to 2026-05-27 01:00:00+00:00, run_after=2026-05-28 01:00:00+00:00
[2026-05-27T02:08:28.676+0000] {processor.py:183} INFO - Processing /opt/airflow/dags/shopee_dag.py took 0.271 seconds
[2026-05-27T02:08:59.019+0000] {processor.py:161} INFO - Started process (PID=5207) to work on /opt/airflow/dags/shopee_dag.py
[2026-05-27T02:08:59.021+0000] {processor.py:830} INFO - Processing file /opt/airflow/dags/shopee_dag.py for tasks to queue
[2026-05-27T02:08:59.023+0000] {logging_mixin.py:188} INFO - [2026-05-27T02:08:59.023+0000] {dagbag.py:545} INFO - Filling up the DagBag from /opt/airflow/dags/shopee_dag.py
[2026-05-27T02:08:59.314+0000] {processor.py:840} INFO - DAG(s) 'shopee_pipeline' retrieved from /opt/airflow/dags/shopee_dag.py
[2026-05-27T02:08:59.377+0000] {logging_mixin.py:188} INFO - [2026-05-27T02:08:59.377+0000] {dag.py:3096} INFO - Sync 1 DAGs
[2026-05-27T02:08:59.412+0000] {logging_mixin.py:188} INFO - [2026-05-27T02:08:59.412+0000] {dag.py:3954} INFO - Setting next_dagrun for shopee_pipeline to 2026-05-27 01:00:00+00:00, run_after=2026-05-28 01:00:00+00:00
[2026-05-27T02:08:59.440+0000] {processor.py:183} INFO - Processing /opt/airflow/dags/shopee_dag.py took 0.435 seconds
[2026-05-27T02:09:29.767+0000] {processor.py:161} INFO - Started process (PID=5226) to work on /opt/airflow/dags/shopee_dag.py
[2026-05-27T02:09:29.768+0000] {processor.py:830} INFO - Processing file /opt/airflow/dags/shopee_dag.py for tasks to queue
[2026-05-27T02:09:29.770+0000] {logging_mixin.py:188} INFO - [2026-05-27T02:09:29.770+0000] {dagbag.py:545} INFO - Filling up the DagBag from /opt/airflow/dags/shopee_dag.py
[2026-05-27T02:09:29.912+0000] {processor.py:840} INFO - DAG(s) 'shopee_pipeline' retrieved from /opt/airflow/dags/shopee_dag.py
[2026-05-27T02:09:29.958+0000] {logging_mixin.py:188} INFO - [2026-05-27T02:09:29.958+0000] {dag.py:3096} INFO - Sync 1 DAGs
[2026-05-27T02:09:30.133+0000] {logging_mixin.py:188} INFO - [2026-05-27T02:09:30.133+0000] {dag.py:3954} INFO - Setting next_dagrun for shopee_pipeline to 2026-05-27 01:00:00+00:00, run_after=2026-05-28 01:00:00+00:00
[2026-05-27T02:09:30.168+0000] {processor.py:183} INFO - Processing /opt/airflow/dags/shopee_dag.py took 0.407 seconds
[2026-05-27T02:10:00.547+0000] {processor.py:161} INFO - Started process (PID=5347) to work on /opt/airflow/dags/shopee_dag.py
[2026-05-27T02:10:00.548+0000] {processor.py:830} INFO - Processing file /opt/airflow/dags/shopee_dag.py for tasks to queue
[2026-05-27T02:10:00.550+0000] {logging_mixin.py:188} INFO - [2026-05-27T02:10:00.550+0000] {dagbag.py:545} INFO - Filling up the DagBag from /opt/airflow/dags/shopee_dag.py
[2026-05-27T02:10:00.668+0000] {processor.py:840} INFO - DAG(s) 'shopee_pipeline' retrieved from /opt/airflow/dags/shopee_dag.py
[2026-05-27T02:10:00.706+0000] {logging_mixin.py:188} INFO - [2026-05-27T02:10:00.705+0000] {dag.py:3096} INFO - Sync 1 DAGs
[2026-05-27T02:10:00.736+0000] {logging_mixin.py:188} INFO - [2026-05-27T02:10:00.736+0000] {dag.py:3954} INFO - Setting next_dagrun for shopee_pipeline to 2026-05-27 01:00:00+00:00, run_after=2026-05-28 01:00:00+00:00
[2026-05-27T02:10:00.768+0000] {processor.py:183} INFO - Processing /opt/airflow/dags/shopee_dag.py took 0.226 seconds
[2026-05-27T02:10:31.245+0000] {processor.py:161} INFO - Started process (PID=5465) to work on /opt/airflow/dags/shopee_dag.py
[2026-05-27T02:10:31.256+0000] {processor.py:830} INFO - Processing file /opt/airflow/dags/shopee_dag.py for tasks to queue
[2026-05-27T02:10:31.266+0000] {logging_mixin.py:188} INFO - [2026-05-27T02:10:31.265+0000] {dagbag.py:545} INFO - Filling up the DagBag from /opt/airflow/dags/shopee_dag.py
[2026-05-27T02:10:31.633+0000] {processor.py:840} INFO - DAG(s) 'shopee_pipeline' retrieved from /opt/airflow/dags/shopee_dag.py
[2026-05-27T02:10:31.744+0000] {logging_mixin.py:188} INFO - [2026-05-27T02:10:31.743+0000] {dag.py:3096} INFO - Sync 1 DAGs
[2026-05-27T02:10:31.950+0000] {logging_mixin.py:188} INFO - [2026-05-27T02:10:31.949+0000] {dag.py:3954} INFO - Setting next_dagrun for shopee_pipeline to 2026-05-27 01:00:00+00:00, run_after=2026-05-28 01:00:00+00:00
[2026-05-27T02:10:31.994+0000] {processor.py:183} INFO - Processing /opt/airflow/dags/shopee_dag.py took 0.829 seconds
[2026-05-27T02:11:02.297+0000] {processor.py:161} INFO - Started process (PID=5478) to work on /opt/airflow/dags/shopee_dag.py
[2026-05-27T02:11:02.299+0000] {processor.py:830} INFO - Processing file /opt/airflow/dags/shopee_dag.py for tasks to queue
[2026-05-27T02:11:02.301+0000] {logging_mixin.py:188} INFO - [2026-05-27T02:11:02.301+0000] {dagbag.py:545} INFO - Filling up the DagBag from /opt/airflow/dags/shopee_dag.py
[2026-05-27T02:11:02.447+0000] {processor.py:840} INFO - DAG(s) 'shopee_pipeline' retrieved from /opt/airflow/dags/shopee_dag.py
[2026-05-27T02:11:02.482+0000] {logging_mixin.py:188} INFO - [2026-05-27T02:11:02.482+0000] {dag.py:3096} INFO - Sync 1 DAGs
[2026-05-27T02:11:02.517+0000] {logging_mixin.py:188} INFO - [2026-05-27T02:11:02.517+0000] {dag.py:3954} INFO - Setting next_dagrun for shopee_pipeline to 2026-05-27 01:00:00+00:00, run_after=2026-05-28 01:00:00+00:00
[2026-05-27T02:11:02.541+0000] {processor.py:183} INFO - Processing /opt/airflow/dags/shopee_dag.py took 0.261 seconds
[2026-05-27T02:11:32.742+0000] {processor.py:161} INFO - Started process (PID=5600) to work on /opt/airflow/dags/shopee_dag.py
[2026-05-27T02:11:32.743+0000] {processor.py:830} INFO - Processing file /opt/airflow/dags/shopee_dag.py for tasks to queue
[2026-05-27T02:11:32.745+0000] {logging_mixin.py:188} INFO - [2026-05-27T02:11:32.745+0000] {dagbag.py:545} INFO - Filling up the DagBag from /opt/airflow/dags/shopee_dag.py
[2026-05-27T02:11:32.874+0000] {processor.py:840} INFO - DAG(s) 'shopee_pipeline' retrieved from /opt/airflow/dags/shopee_dag.py
[2026-05-27T02:11:33.015+0000] {logging_mixin.py:188} INFO - [2026-05-27T02:11:33.015+0000] {dag.py:3096} INFO - Sync 1 DAGs
[2026-05-27T02:11:33.037+0000] {logging_mixin.py:188} INFO - [2026-05-27T02:11:33.037+0000] {dag.py:3954} INFO - Setting next_dagrun for shopee_pipeline to 2026-05-27 01:00:00+00:00, run_after=2026-05-28 01:00:00+00:00
[2026-05-27T02:11:33.128+0000] {processor.py:183} INFO - Processing /opt/airflow/dags/shopee_dag.py took 0.392 seconds
[2026-05-27T02:12:03.411+0000] {processor.py:161} INFO - Started process (PID=5724) to work on /opt/airflow/dags/shopee_dag.py
[2026-05-27T02:12:03.412+0000] {processor.py:830} INFO - Processing file /opt/airflow/dags/shopee_dag.py for tasks to queue
[2026-05-27T02:12:03.414+0000] {logging_mixin.py:188} INFO - [2026-05-27T02:12:03.414+0000] {dagbag.py:545} INFO - Filling up the DagBag from /opt/airflow/dags/shopee_dag.py
[2026-05-27T02:12:03.535+0000] {processor.py:840} INFO - DAG(s) 'shopee_pipeline' retrieved from /opt/airflow/dags/shopee_dag.py
[2026-05-27T02:12:03.580+0000] {logging_mixin.py:188} INFO - [2026-05-27T02:12:03.580+0000] {dag.py:3096} INFO - Sync 1 DAGs
[2026-05-27T02:12:03.731+0000] {logging_mixin.py:188} INFO - [2026-05-27T02:12:03.731+0000] {dag.py:3954} INFO - Setting next_dagrun for shopee_pipeline to 2026-05-27 01:00:00+00:00, run_after=2026-05-28 01:00:00+00:00
[2026-05-27T02:12:03.753+0000] {processor.py:183} INFO - Processing /opt/airflow/dags/shopee_dag.py took 0.350 seconds
[2026-05-27T02:12:34.078+0000] {processor.py:161} INFO - Started process (PID=5815) to work on /opt/airflow/dags/shopee_dag.py
[2026-05-27T02:12:34.080+0000] {processor.py:830} INFO - Processing file /opt/airflow/dags/shopee_dag.py for tasks to queue
[2026-05-27T02:12:34.082+0000] {logging_mixin.py:188} INFO - [2026-05-27T02:12:34.082+0000] {dagbag.py:545} INFO - Filling up the DagBag from /opt/airflow/dags/shopee_dag.py
[2026-05-27T02:12:34.315+0000] {processor.py:840} INFO - DAG(s) 'shopee_pipeline' retrieved from /opt/airflow/dags/shopee_dag.py
[2026-05-27T02:12:34.345+0000] {logging_mixin.py:188} INFO - [2026-05-27T02:12:34.344+0000] {dag.py:3096} INFO - Sync 1 DAGs
[2026-05-27T02:12:34.368+0000] {logging_mixin.py:188} INFO - [2026-05-27T02:12:34.368+0000] {dag.py:3954} INFO - Setting next_dagrun for shopee_pipeline to 2026-05-27 01:00:00+00:00, run_after=2026-05-28 01:00:00+00:00
[2026-05-27T02:12:34.391+0000] {processor.py:183} INFO - Processing /opt/airflow/dags/shopee_dag.py took 0.323 seconds
[2026-05-27T02:13:04.668+0000] {processor.py:161} INFO - Started process (PID=5857) to work on /opt/airflow/dags/shopee_dag.py
[2026-05-27T02:13:04.669+0000] {processor.py:830} INFO - Processing file /opt/airflow/dags/shopee_dag.py for tasks to queue
[2026-05-27T02:13:04.671+0000] {logging_mixin.py:188} INFO - [2026-05-27T02:13:04.671+0000] {dagbag.py:545} INFO - Filling up the DagBag from /opt/airflow/dags/shopee_dag.py
[2026-05-27T02:13:04.785+0000] {processor.py:840} INFO - DAG(s) 'shopee_pipeline' retrieved from /opt/airflow/dags/shopee_dag.py
[2026-05-27T02:13:04.820+0000] {logging_mixin.py:188} INFO - [2026-05-27T02:13:04.820+0000] {dag.py:3096} INFO - Sync 1 DAGs
[2026-05-27T02:13:04.939+0000] {logging_mixin.py:188} INFO - [2026-05-27T02:13:04.939+0000] {dag.py:3954} INFO - Setting next_dagrun for shopee_pipeline to 2026-05-27 01:00:00+00:00, run_after=2026-05-28 01:00:00+00:00
[2026-05-27T02:13:04.961+0000] {processor.py:183} INFO - Processing /opt/airflow/dags/shopee_dag.py took 0.300 seconds
[2026-05-27T02:13:35.760+0000] {processor.py:161} INFO - Started process (PID=5980) to work on /opt/airflow/dags/shopee_dag.py
[2026-05-27T02:13:35.762+0000] {processor.py:830} INFO - Processing file /opt/airflow/dags/shopee_dag.py for tasks to queue
[2026-05-27T02:13:35.765+0000] {logging_mixin.py:188} INFO - [2026-05-27T02:13:35.764+0000] {dagbag.py:545} INFO - Filling up the DagBag from /opt/airflow/dags/shopee_dag.py
[2026-05-27T02:13:35.920+0000] {processor.py:840} INFO - DAG(s) 'shopee_pipeline' retrieved from /opt/airflow/dags/shopee_dag.py
[2026-05-27T02:13:35.961+0000] {logging_mixin.py:188} INFO - [2026-05-27T02:13:35.961+0000] {dag.py:3096} INFO - Sync 1 DAGs
[2026-05-27T02:13:36.112+0000] {logging_mixin.py:188} INFO - [2026-05-27T02:13:36.112+0000] {dag.py:3954} INFO - Setting next_dagrun for shopee_pipeline to 2026-05-27 01:00:00+00:00, run_after=2026-05-28 01:00:00+00:00
[2026-05-27T02:13:36.144+0000] {processor.py:183} INFO - Processing /opt/airflow/dags/shopee_dag.py took 0.400 seconds
[2026-05-27T02:14:06.398+0000] {processor.py:161} INFO - Started process (PID=6100) to work on /opt/airflow/dags/shopee_dag.py
[2026-05-27T02:14:06.399+0000] {processor.py:830} INFO - Processing file /opt/airflow/dags/shopee_dag.py for tasks to queue
[2026-05-27T02:14:06.401+0000] {logging_mixin.py:188} INFO - [2026-05-27T02:14:06.401+0000] {dagbag.py:545} INFO - Filling up the DagBag from /opt/airflow/dags/shopee_dag.py
[2026-05-27T02:14:06.634+0000] {processor.py:840} INFO - DAG(s) 'shopee_pipeline' retrieved from /opt/airflow/dags/shopee_dag.py
[2026-05-27T02:14:06.668+0000] {logging_mixin.py:188} INFO - [2026-05-27T02:14:06.668+0000] {dag.py:3096} INFO - Sync 1 DAGs
[2026-05-27T02:14:06.704+0000] {logging_mixin.py:188} INFO - [2026-05-27T02:14:06.704+0000] {dag.py:3954} INFO - Setting next_dagrun for shopee_pipeline to 2026-05-27 01:00:00+00:00, run_after=2026-05-28 01:00:00+00:00
[2026-05-27T02:14:06.736+0000] {processor.py:183} INFO - Processing /opt/airflow/dags/shopee_dag.py took 0.344 seconds
[2026-05-27T02:14:37.016+0000] {processor.py:161} INFO - Started process (PID=6198) to work on /opt/airflow/dags/shopee_dag.py
[2026-05-27T02:14:37.017+0000] {processor.py:830} INFO - Processing file /opt/airflow/dags/shopee_dag.py for tasks to queue
[2026-05-27T02:14:37.019+0000] {logging_mixin.py:188} INFO - [2026-05-27T02:14:37.018+0000] {dagbag.py:545} INFO - Filling up the DagBag from /opt/airflow/dags/shopee_dag.py
[2026-05-27T02:14:37.123+0000] {processor.py:840} INFO - DAG(s) 'shopee_pipeline' retrieved from /opt/airflow/dags/shopee_dag.py
[2026-05-27T02:14:37.296+0000] {logging_mixin.py:188} INFO - [2026-05-27T02:14:37.295+0000] {dag.py:3096} INFO - Sync 1 DAGs
[2026-05-27T02:14:37.321+0000] {logging_mixin.py:188} INFO - [2026-05-27T02:14:37.321+0000] {dag.py:3954} INFO - Setting next_dagrun for shopee_pipeline to 2026-05-27 01:00:00+00:00, run_after=2026-05-28 01:00:00+00:00
[2026-05-27T02:14:37.341+0000] {processor.py:183} INFO - Processing /opt/airflow/dags/shopee_dag.py took 0.332 seconds
[2026-05-27T02:15:07.620+0000] {processor.py:161} INFO - Started process (PID=6233) to work on /opt/airflow/dags/shopee_dag.py
[2026-05-27T02:15:07.621+0000] {processor.py:830} INFO - Processing file /opt/airflow/dags/shopee_dag.py for tasks to queue
[2026-05-27T02:15:07.623+0000] {logging_mixin.py:188} INFO - [2026-05-27T02:15:07.622+0000] {dagbag.py:545} INFO - Filling up the DagBag from /opt/airflow/dags/shopee_dag.py
[2026-05-27T02:15:07.837+0000] {processor.py:840} INFO - DAG(s) 'shopee_pipeline' retrieved from /opt/airflow/dags/shopee_dag.py
[2026-05-27T02:15:07.866+0000] {logging_mixin.py:188} INFO - [2026-05-27T02:15:07.866+0000] {dag.py:3096} INFO - Sync 1 DAGs
[2026-05-27T02:15:07.886+0000] {logging_mixin.py:188} INFO - [2026-05-27T02:15:07.886+0000] {dag.py:3954} INFO - Setting next_dagrun for shopee_pipeline to 2026-05-27 01:00:00+00:00, run_after=2026-05-28 01:00:00+00:00
[2026-05-27T02:15:07.905+0000] {processor.py:183} INFO - Processing /opt/airflow/dags/shopee_dag.py took 0.293 seconds
[2026-05-27T02:15:38.128+0000] {processor.py:161} INFO - Started process (PID=6355) to work on /opt/airflow/dags/shopee_dag.py
[2026-05-27T02:15:38.129+0000] {processor.py:830} INFO - Processing file /opt/airflow/dags/shopee_dag.py for tasks to queue
[2026-05-27T02:15:38.130+0000] {logging_mixin.py:188} INFO - [2026-05-27T02:15:38.130+0000] {dagbag.py:545} INFO - Filling up the DagBag from /opt/airflow/dags/shopee_dag.py
[2026-05-27T02:15:38.231+0000] {processor.py:840} INFO - DAG(s) 'shopee_pipeline' retrieved from /opt/airflow/dags/shopee_dag.py
[2026-05-27T02:15:38.378+0000] {logging_mixin.py:188} INFO - [2026-05-27T02:15:38.377+0000] {dag.py:3096} INFO - Sync 1 DAGs
[2026-05-27T02:15:38.410+0000] {logging_mixin.py:188} INFO - [2026-05-27T02:15:38.410+0000] {dag.py:3954} INFO - Setting next_dagrun for shopee_pipeline to 2026-05-27 01:00:00+00:00, run_after=2026-05-28 01:00:00+00:00
[2026-05-27T02:15:38.432+0000] {processor.py:183} INFO - Processing /opt/airflow/dags/shopee_dag.py took 0.310 seconds
[2026-05-27T02:16:08.520+0000] {processor.py:161} INFO - Started process (PID=6477) to work on /opt/airflow/dags/shopee_dag.py
[2026-05-27T02:16:08.520+0000] {processor.py:830} INFO - Processing file /opt/airflow/dags/shopee_dag.py for tasks to queue
[2026-05-27T02:16:08.522+0000] {logging_mixin.py:188} INFO - [2026-05-27T02:16:08.522+0000] {dagbag.py:545} INFO - Filling up the DagBag from /opt/airflow/dags/shopee_dag.py
[2026-05-27T02:16:08.718+0000] {processor.py:840} INFO - DAG(s) 'shopee_pipeline' retrieved from /opt/airflow/dags/shopee_dag.py
[2026-05-27T02:16:08.745+0000] {logging_mixin.py:188} INFO - [2026-05-27T02:16:08.745+0000] {dag.py:3096} INFO - Sync 1 DAGs
[2026-05-27T02:16:08.768+0000] {logging_mixin.py:188} INFO - [2026-05-27T02:16:08.768+0000] {dag.py:3954} INFO - Setting next_dagrun for shopee_pipeline to 2026-05-27 01:00:00+00:00, run_after=2026-05-28 01:00:00+00:00
[2026-05-27T02:16:08.798+0000] {processor.py:183} INFO - Processing /opt/airflow/dags/shopee_dag.py took 0.284 seconds
[2026-05-27T02:16:39.094+0000] {processor.py:161} INFO - Started process (PID=6570) to work on /opt/airflow/dags/shopee_dag.py
[2026-05-27T02:16:39.096+0000] {processor.py:830} INFO - Processing file /opt/airflow/dags/shopee_dag.py for tasks to queue
[2026-05-27T02:16:39.098+0000] {logging_mixin.py:188} INFO - [2026-05-27T02:16:39.097+0000] {dagbag.py:545} INFO - Filling up the DagBag from /opt/airflow/dags/shopee_dag.py
[2026-05-27T02:16:39.328+0000] {processor.py:840} INFO - DAG(s) 'shopee_pipeline' retrieved from /opt/airflow/dags/shopee_dag.py
[2026-05-27T02:16:39.363+0000] {logging_mixin.py:188} INFO - [2026-05-27T02:16:39.363+0000] {dag.py:3096} INFO - Sync 1 DAGs
[2026-05-27T02:16:39.402+0000] {logging_mixin.py:188} INFO - [2026-05-27T02:16:39.402+0000] {dag.py:3954} INFO - Setting next_dagrun for shopee_pipeline to 2026-05-27 01:00:00+00:00, run_after=2026-05-28 01:00:00+00:00
[2026-05-27T02:16:39.438+0000] {processor.py:183} INFO - Processing /opt/airflow/dags/shopee_dag.py took 0.349 seconds
[2026-05-27T02:17:09.544+0000] {processor.py:161} INFO - Started process (PID=6610) to work on /opt/airflow/dags/shopee_dag.py
[2026-05-27T02:17:09.545+0000] {processor.py:830} INFO - Processing file /opt/airflow/dags/shopee_dag.py for tasks to queue
[2026-05-27T02:17:09.547+0000] {logging_mixin.py:188} INFO - [2026-05-27T02:17:09.547+0000] {dagbag.py:545} INFO - Filling up the DagBag from /opt/airflow/dags/shopee_dag.py
[2026-05-27T02:17:09.826+0000] {processor.py:840} INFO - DAG(s) 'shopee_pipeline' retrieved from /opt/airflow/dags/shopee_dag.py
[2026-05-27T02:17:09.858+0000] {logging_mixin.py:188} INFO - [2026-05-27T02:17:09.858+0000] {dag.py:3096} INFO - Sync 1 DAGs
[2026-05-27T02:17:09.882+0000] {logging_mixin.py:188} INFO - [2026-05-27T02:17:09.882+0000] {dag.py:3954} INFO - Setting next_dagrun for shopee_pipeline to 2026-05-27 01:00:00+00:00, run_after=2026-05-28 01:00:00+00:00
[2026-05-27T02:17:09.904+0000] {processor.py:183} INFO - Processing /opt/airflow/dags/shopee_dag.py took 0.366 seconds
[2026-05-27T02:17:40.571+0000] {processor.py:161} INFO - Started process (PID=6733) to work on /opt/airflow/dags/shopee_dag.py
[2026-05-27T02:17:40.571+0000] {processor.py:830} INFO - Processing file /opt/airflow/dags/shopee_dag.py for tasks to queue
[2026-05-27T02:17:40.573+0000] {logging_mixin.py:188} INFO - [2026-05-27T02:17:40.573+0000] {dagbag.py:545} INFO - Filling up the DagBag from /opt/airflow/dags/shopee_dag.py
[2026-05-27T02:17:40.825+0000] {processor.py:840} INFO - DAG(s) 'shopee_pipeline' retrieved from /opt/airflow/dags/shopee_dag.py
[2026-05-27T02:17:40.865+0000] {logging_mixin.py:188} INFO - [2026-05-27T02:17:40.864+0000] {dag.py:3096} INFO - Sync 1 DAGs
[2026-05-27T02:17:40.902+0000] {logging_mixin.py:188} INFO - [2026-05-27T02:17:40.901+0000] {dag.py:3954} INFO - Setting next_dagrun for shopee_pipeline to 2026-05-27 01:00:00+00:00, run_after=2026-05-28 01:00:00+00:00
[2026-05-27T02:17:40.926+0000] {processor.py:183} INFO - Processing /opt/airflow/dags/shopee_dag.py took 0.362 seconds
[2026-05-27T02:18:11.382+0000] {processor.py:161} INFO - Started process (PID=6849) to work on /opt/airflow/dags/shopee_dag.py
[2026-05-27T02:18:11.383+0000] {processor.py:830} INFO - Processing file /opt/airflow/dags/shopee_dag.py for tasks to queue
[2026-05-27T02:18:11.386+0000] {logging_mixin.py:188} INFO - [2026-05-27T02:18:11.385+0000] {dagbag.py:545} INFO - Filling up the DagBag from /opt/airflow/dags/shopee_dag.py
[2026-05-27T02:18:11.702+0000] {processor.py:840} INFO - DAG(s) 'shopee_pipeline' retrieved from /opt/airflow/dags/shopee_dag.py
[2026-05-27T02:18:11.751+0000] {logging_mixin.py:188} INFO - [2026-05-27T02:18:11.750+0000] {dag.py:3096} INFO - Sync 1 DAGs
[2026-05-27T02:18:11.781+0000] {logging_mixin.py:188} INFO - [2026-05-27T02:18:11.781+0000] {dag.py:3954} INFO - Setting next_dagrun for shopee_pipeline to 2026-05-27 01:00:00+00:00, run_after=2026-05-28 01:00:00+00:00
[2026-05-27T02:18:11.821+0000] {processor.py:183} INFO - Processing /opt/airflow/dags/shopee_dag.py took 0.448 seconds
[2026-05-27T02:18:42.125+0000] {processor.py:161} INFO - Started process (PID=6873) to work on /opt/airflow/dags/shopee_dag.py
[2026-05-27T02:18:42.126+0000] {processor.py:830} INFO - Processing file /opt/airflow/dags/shopee_dag.py for tasks to queue
[2026-05-27T02:18:42.128+0000] {logging_mixin.py:188} INFO - [2026-05-27T02:18:42.127+0000] {dagbag.py:545} INFO - Filling up the DagBag from /opt/airflow/dags/shopee_dag.py
[2026-05-27T02:18:42.371+0000] {processor.py:840} INFO - DAG(s) 'shopee_pipeline' retrieved from /opt/airflow/dags/shopee_dag.py
[2026-05-27T02:18:42.411+0000] {logging_mixin.py:188} INFO - [2026-05-27T02:18:42.411+0000] {dag.py:3096} INFO - Sync 1 DAGs
[2026-05-27T02:18:42.439+0000] {logging_mixin.py:188} INFO - [2026-05-27T02:18:42.439+0000] {dag.py:3954} INFO - Setting next_dagrun for shopee_pipeline to 2026-05-27 01:00:00+00:00, run_after=2026-05-28 01:00:00+00:00
[2026-05-27T02:18:42.462+0000] {processor.py:183} INFO - Processing /opt/airflow/dags/shopee_dag.py took 0.343 seconds
[2026-05-27T02:19:13.039+0000] {processor.py:161} INFO - Started process (PID=6994) to work on /opt/airflow/dags/shopee_dag.py
[2026-05-27T02:19:13.040+0000] {processor.py:830} INFO - Processing file /opt/airflow/dags/shopee_dag.py for tasks to queue
[2026-05-27T02:19:13.042+0000] {logging_mixin.py:188} INFO - [2026-05-27T02:19:13.042+0000] {dagbag.py:545} INFO - Filling up the DagBag from /opt/airflow/dags/shopee_dag.py
[2026-05-27T02:19:13.314+0000] {processor.py:840} INFO - DAG(s) 'shopee_pipeline' retrieved from /opt/airflow/dags/shopee_dag.py
[2026-05-27T02:19:13.349+0000] {logging_mixin.py:188} INFO - [2026-05-27T02:19:13.349+0000] {dag.py:3096} INFO - Sync 1 DAGs
[2026-05-27T02:19:13.378+0000] {logging_mixin.py:188} INFO - [2026-05-27T02:19:13.378+0000] {dag.py:3954} INFO - Setting next_dagrun for shopee_pipeline to 2026-05-27 01:00:00+00:00, run_after=2026-05-28 01:00:00+00:00
[2026-05-27T02:19:13.402+0000] {processor.py:183} INFO - Processing /opt/airflow/dags/shopee_dag.py took 0.370 seconds
[2026-05-27T02:19:43.702+0000] {processor.py:161} INFO - Started process (PID=7093) to work on /opt/airflow/dags/shopee_dag.py
[2026-05-27T02:19:43.703+0000] {processor.py:830} INFO - Processing file /opt/airflow/dags/shopee_dag.py for tasks to queue
[2026-05-27T02:19:43.705+0000] {logging_mixin.py:188} INFO - [2026-05-27T02:19:43.705+0000] {dagbag.py:545} INFO - Filling up the DagBag from /opt/airflow/dags/shopee_dag.py
[2026-05-27T02:19:43.926+0000] {processor.py:840} INFO - DAG(s) 'shopee_pipeline' retrieved from /opt/airflow/dags/shopee_dag.py
[2026-05-27T02:19:43.955+0000] {logging_mixin.py:188} INFO - [2026-05-27T02:19:43.955+0000] {dag.py:3096} INFO - Sync 1 DAGs
[2026-05-27T02:19:43.978+0000] {logging_mixin.py:188} INFO - [2026-05-27T02:19:43.977+0000] {dag.py:3954} INFO - Setting next_dagrun for shopee_pipeline to 2026-05-27 01:00:00+00:00, run_after=2026-05-28 01:00:00+00:00
[2026-05-27T02:19:44.008+0000] {processor.py:183} INFO - Processing /opt/airflow/dags/shopee_dag.py took 0.313 seconds
[2026-05-27T02:20:14.727+0000] {processor.py:161} INFO - Started process (PID=7135) to work on /opt/airflow/dags/shopee_dag.py
[2026-05-27T02:20:14.727+0000] {processor.py:830} INFO - Processing file /opt/airflow/dags/shopee_dag.py for tasks to queue
[2026-05-27T02:20:14.729+0000] {logging_mixin.py:188} INFO - [2026-05-27T02:20:14.729+0000] {dagbag.py:545} INFO - Filling up the DagBag from /opt/airflow/dags/shopee_dag.py
[2026-05-27T02:20:14.955+0000] {processor.py:840} INFO - DAG(s) 'shopee_pipeline' retrieved from /opt/airflow/dags/shopee_dag.py
[2026-05-27T02:20:14.988+0000] {logging_mixin.py:188} INFO - [2026-05-27T02:20:14.988+0000] {dag.py:3096} INFO - Sync 1 DAGs
[2026-05-27T02:20:15.018+0000] {logging_mixin.py:188} INFO - [2026-05-27T02:20:15.017+0000] {dag.py:3954} INFO - Setting next_dagrun for shopee_pipeline to 2026-05-27 01:00:00+00:00, run_after=2026-05-28 01:00:00+00:00
[2026-05-27T02:20:15.042+0000] {processor.py:183} INFO - Processing /opt/airflow/dags/shopee_dag.py took 0.326 seconds
[2026-05-27T02:20:45.370+0000] {processor.py:161} INFO - Started process (PID=7263) to work on /opt/airflow/dags/shopee_dag.py
[2026-05-27T02:20:45.371+0000] {processor.py:830} INFO - Processing file /opt/airflow/dags/shopee_dag.py for tasks to queue
[2026-05-27T02:20:45.374+0000] {logging_mixin.py:188} INFO - [2026-05-27T02:20:45.374+0000] {dagbag.py:545} INFO - Filling up the DagBag from /opt/airflow/dags/shopee_dag.py
[2026-05-27T02:20:45.656+0000] {processor.py:840} INFO - DAG(s) 'shopee_pipeline' retrieved from /opt/airflow/dags/shopee_dag.py
[2026-05-27T02:20:45.692+0000] {logging_mixin.py:188} INFO - [2026-05-27T02:20:45.692+0000] {dag.py:3096} INFO - Sync 1 DAGs
[2026-05-27T02:20:45.718+0000] {logging_mixin.py:188} INFO - [2026-05-27T02:20:45.718+0000] {dag.py:3954} INFO - Setting next_dagrun for shopee_pipeline to 2026-05-27 01:00:00+00:00, run_after=2026-05-28 01:00:00+00:00
[2026-05-27T02:20:45.740+0000] {processor.py:183} INFO - Processing /opt/airflow/dags/shopee_dag.py took 0.377 seconds
[2026-05-27T02:21:16.091+0000] {processor.py:161} INFO - Started process (PID=7366) to work on /opt/airflow/dags/shopee_dag.py
[2026-05-27T02:21:16.093+0000] {processor.py:830} INFO - Processing file /opt/airflow/dags/shopee_dag.py for tasks to queue
[2026-05-27T02:21:16.097+0000] {logging_mixin.py:188} INFO - [2026-05-27T02:21:16.096+0000] {dagbag.py:545} INFO - Filling up the DagBag from /opt/airflow/dags/shopee_dag.py
[2026-05-27T02:21:16.477+0000] {processor.py:840} INFO - DAG(s) 'shopee_pipeline' retrieved from /opt/airflow/dags/shopee_dag.py
[2026-05-27T02:21:16.523+0000] {logging_mixin.py:188} INFO - [2026-05-27T02:21:16.523+0000] {dag.py:3096} INFO - Sync 1 DAGs
[2026-05-27T02:21:16.561+0000] {logging_mixin.py:188} INFO - [2026-05-27T02:21:16.561+0000] {dag.py:3954} INFO - Setting next_dagrun for shopee_pipeline to 2026-05-27 01:00:00+00:00, run_after=2026-05-28 01:00:00+00:00
[2026-05-27T02:21:16.598+0000] {processor.py:183} INFO - Processing /opt/airflow/dags/shopee_dag.py took 0.518 seconds
[2026-05-27T02:21:46.946+0000] {processor.py:161} INFO - Started process (PID=7395) to work on /opt/airflow/dags/shopee_dag.py
[2026-05-27T02:21:46.947+0000] {processor.py:830} INFO - Processing file /opt/airflow/dags/shopee_dag.py for tasks to queue
[2026-05-27T02:21:46.950+0000] {logging_mixin.py:188} INFO - [2026-05-27T02:21:46.949+0000] {dagbag.py:545} INFO - Filling up the DagBag from /opt/airflow/dags/shopee_dag.py
[2026-05-27T02:21:47.141+0000] {processor.py:840} INFO - DAG(s) 'shopee_pipeline' retrieved from /opt/airflow/dags/shopee_dag.py
[2026-05-27T02:21:47.169+0000] {logging_mixin.py:188} INFO - [2026-05-27T02:21:47.168+0000] {dag.py:3096} INFO - Sync 1 DAGs
[2026-05-27T02:21:47.189+0000] {logging_mixin.py:188} INFO - [2026-05-27T02:21:47.189+0000] {dag.py:3954} INFO - Setting next_dagrun for shopee_pipeline to 2026-05-27 01:00:00+00:00, run_after=2026-05-28 01:00:00+00:00
[2026-05-27T02:21:47.220+0000] {processor.py:183} INFO - Processing /opt/airflow/dags/shopee_dag.py took 0.279 seconds
[2026-05-27T02:22:17.606+0000] {processor.py:161} INFO - Started process (PID=7522) to work on /opt/airflow/dags/shopee_dag.py
[2026-05-27T02:22:17.607+0000] {processor.py:830} INFO - Processing file /opt/airflow/dags/shopee_dag.py for tasks to queue
[2026-05-27T02:22:17.609+0000] {logging_mixin.py:188} INFO - [2026-05-27T02:22:17.609+0000] {dagbag.py:545} INFO - Filling up the DagBag from /opt/airflow/dags/shopee_dag.py
[2026-05-27T02:22:17.825+0000] {processor.py:840} INFO - DAG(s) 'shopee_pipeline' retrieved from /opt/airflow/dags/shopee_dag.py
[2026-05-27T02:22:17.853+0000] {logging_mixin.py:188} INFO - [2026-05-27T02:22:17.853+0000] {dag.py:3096} INFO - Sync 1 DAGs
[2026-05-27T02:22:17.877+0000] {logging_mixin.py:188} INFO - [2026-05-27T02:22:17.877+0000] {dag.py:3954} INFO - Setting next_dagrun for shopee_pipeline to 2026-05-27 01:00:00+00:00, run_after=2026-05-28 01:00:00+00:00
[2026-05-27T02:22:17.899+0000] {processor.py:183} INFO - Processing /opt/airflow/dags/shopee_dag.py took 0.300 seconds
[2026-05-27T02:22:48.203+0000] {processor.py:161} INFO - Started process (PID=7643) to work on /opt/airflow/dags/shopee_dag.py
[2026-05-27T02:22:48.205+0000] {processor.py:830} INFO - Processing file /opt/airflow/dags/shopee_dag.py for tasks to queue
[2026-05-27T02:22:48.208+0000] {logging_mixin.py:188} INFO - [2026-05-27T02:22:48.207+0000] {dagbag.py:545} INFO - Filling up the DagBag from /opt/airflow/dags/shopee_dag.py
[2026-05-27T02:22:48.530+0000] {processor.py:840} INFO - DAG(s) 'shopee_pipeline' retrieved from /opt/airflow/dags/shopee_dag.py
[2026-05-27T02:22:48.579+0000] {logging_mixin.py:188} INFO - [2026-05-27T02:22:48.579+0000] {dag.py:3096} INFO - Sync 1 DAGs
[2026-05-27T02:22:48.625+0000] {logging_mixin.py:188} INFO - [2026-05-27T02:22:48.624+0000] {dag.py:3954} INFO - Setting next_dagrun for shopee_pipeline to 2026-05-27 01:00:00+00:00, run_after=2026-05-28 01:00:00+00:00
[2026-05-27T02:22:48.664+0000] {processor.py:183} INFO - Processing /opt/airflow/dags/shopee_dag.py took 0.471 seconds
[2026-05-27T02:23:19.346+0000] {processor.py:161} INFO - Started process (PID=7667) to work on /opt/airflow/dags/shopee_dag.py
[2026-05-27T02:23:19.347+0000] {processor.py:830} INFO - Processing file /opt/airflow/dags/shopee_dag.py for tasks to queue
[2026-05-27T02:23:19.348+0000] {logging_mixin.py:188} INFO - [2026-05-27T02:23:19.348+0000] {dagbag.py:545} INFO - Filling up the DagBag from /opt/airflow/dags/shopee_dag.py
[2026-05-27T02:23:19.586+0000] {processor.py:840} INFO - DAG(s) 'shopee_pipeline' retrieved from /opt/airflow/dags/shopee_dag.py
[2026-05-27T02:23:19.623+0000] {logging_mixin.py:188} INFO - [2026-05-27T02:23:19.623+0000] {dag.py:3096} INFO - Sync 1 DAGs
[2026-05-27T02:23:19.663+0000] {logging_mixin.py:188} INFO - [2026-05-27T02:23:19.663+0000] {dag.py:3954} INFO - Setting next_dagrun for shopee_pipeline to 2026-05-27 01:00:00+00:00, run_after=2026-05-28 01:00:00+00:00
[2026-05-27T02:23:19.697+0000] {processor.py:183} INFO - Processing /opt/airflow/dags/shopee_dag.py took 0.358 seconds
[2026-05-27T02:23:49.984+0000] {processor.py:161} INFO - Started process (PID=7797) to work on /opt/airflow/dags/shopee_dag.py
[2026-05-27T02:23:49.985+0000] {processor.py:830} INFO - Processing file /opt/airflow/dags/shopee_dag.py for tasks to queue
[2026-05-27T02:23:49.987+0000] {logging_mixin.py:188} INFO - [2026-05-27T02:23:49.987+0000] {dagbag.py:545} INFO - Filling up the DagBag from /opt/airflow/dags/shopee_dag.py
[2026-05-27T02:23:50.238+0000] {processor.py:840} INFO - DAG(s) 'shopee_pipeline' retrieved from /opt/airflow/dags/shopee_dag.py
[2026-05-27T02:23:50.276+0000] {logging_mixin.py:188} INFO - [2026-05-27T02:23:50.275+0000] {dag.py:3096} INFO - Sync 1 DAGs
[2026-05-27T02:23:50.303+0000] {logging_mixin.py:188} INFO - [2026-05-27T02:23:50.303+0000] {dag.py:3954} INFO - Setting next_dagrun for shopee_pipeline to 2026-05-27 01:00:00+00:00, run_after=2026-05-28 01:00:00+00:00
[2026-05-27T02:23:50.331+0000] {processor.py:183} INFO - Processing /opt/airflow/dags/shopee_dag.py took 0.354 seconds
[2026-05-27T02:24:20.761+0000] {processor.py:161} INFO - Started process (PID=7888) to work on /opt/airflow/dags/shopee_dag.py
[2026-05-27T02:24:20.762+0000] {processor.py:830} INFO - Processing file /opt/airflow/dags/shopee_dag.py for tasks to queue
[2026-05-27T02:24:20.764+0000] {logging_mixin.py:188} INFO - [2026-05-27T02:24:20.764+0000] {dagbag.py:545} INFO - Filling up the DagBag from /opt/airflow/dags/shopee_dag.py
[2026-05-27T02:24:20.873+0000] {processor.py:840} INFO - DAG(s) 'shopee_pipeline' retrieved from /opt/airflow/dags/shopee_dag.py
[2026-05-27T02:24:20.907+0000] {logging_mixin.py:188} INFO - [2026-05-27T02:24:20.907+0000] {dag.py:3096} INFO - Sync 1 DAGs
[2026-05-27T02:24:20.936+0000] {logging_mixin.py:188} INFO - [2026-05-27T02:24:20.936+0000] {dag.py:3954} INFO - Setting next_dagrun for shopee_pipeline to 2026-05-27 01:00:00+00:00, run_after=2026-05-28 01:00:00+00:00
[2026-05-27T02:24:20.963+0000] {processor.py:183} INFO - Processing /opt/airflow/dags/shopee_dag.py took 0.209 seconds
[2026-05-27T02:24:51.275+0000] {processor.py:161} INFO - Started process (PID=7929) to work on /opt/airflow/dags/shopee_dag.py
[2026-05-27T02:24:51.276+0000] {processor.py:830} INFO - Processing file /opt/airflow/dags/shopee_dag.py for tasks to queue
[2026-05-27T02:24:51.277+0000] {logging_mixin.py:188} INFO - [2026-05-27T02:24:51.277+0000] {dagbag.py:545} INFO - Filling up the DagBag from /opt/airflow/dags/shopee_dag.py
[2026-05-27T02:24:51.385+0000] {processor.py:840} INFO - DAG(s) 'shopee_pipeline' retrieved from /opt/airflow/dags/shopee_dag.py
[2026-05-27T02:24:51.422+0000] {logging_mixin.py:188} INFO - [2026-05-27T02:24:51.422+0000] {dag.py:3096} INFO - Sync 1 DAGs
[2026-05-27T02:24:51.452+0000] {logging_mixin.py:188} INFO - [2026-05-27T02:24:51.452+0000] {dag.py:3954} INFO - Setting next_dagrun for shopee_pipeline to 2026-05-27 01:00:00+00:00, run_after=2026-05-28 01:00:00+00:00
[2026-05-27T02:24:51.486+0000] {processor.py:183} INFO - Processing /opt/airflow/dags/shopee_dag.py took 0.218 seconds
[2026-05-27T02:25:21.893+0000] {processor.py:161} INFO - Started process (PID=8062) to work on /opt/airflow/dags/shopee_dag.py
[2026-05-27T02:25:21.894+0000] {processor.py:830} INFO - Processing file /opt/airflow/dags/shopee_dag.py for tasks to queue
[2026-05-27T02:25:21.895+0000] {logging_mixin.py:188} INFO - [2026-05-27T02:25:21.895+0000] {dagbag.py:545} INFO - Filling up the DagBag from /opt/airflow/dags/shopee_dag.py
[2026-05-27T02:25:22.012+0000] {processor.py:840} INFO - DAG(s) 'shopee_pipeline' retrieved from /opt/airflow/dags/shopee_dag.py
[2026-05-27T02:25:22.048+0000] {logging_mixin.py:188} INFO - [2026-05-27T02:25:22.048+0000] {dag.py:3096} INFO - Sync 1 DAGs
[2026-05-27T02:25:22.079+0000] {logging_mixin.py:188} INFO - [2026-05-27T02:25:22.079+0000] {dag.py:3954} INFO - Setting next_dagrun for shopee_pipeline to 2026-05-27 01:00:00+00:00, run_after=2026-05-28 01:00:00+00:00
[2026-05-27T02:25:22.104+0000] {processor.py:183} INFO - Processing /opt/airflow/dags/shopee_dag.py took 0.218 seconds
[2026-05-27T02:25:52.654+0000] {processor.py:161} INFO - Started process (PID=8075) to work on /opt/airflow/dags/shopee_dag.py
[2026-05-27T02:25:52.655+0000] {processor.py:830} INFO - Processing file /opt/airflow/dags/shopee_dag.py for tasks to queue
[2026-05-27T02:25:52.657+0000] {logging_mixin.py:188} INFO - [2026-05-27T02:25:52.657+0000] {dagbag.py:545} INFO - Filling up the DagBag from /opt/airflow/dags/shopee_dag.py
[2026-05-27T02:25:52.780+0000] {processor.py:840} INFO - DAG(s) 'shopee_pipeline' retrieved from /opt/airflow/dags/shopee_dag.py
[2026-05-27T02:25:52.824+0000] {logging_mixin.py:188} INFO - [2026-05-27T02:25:52.824+0000] {dag.py:3096} INFO - Sync 1 DAGs
[2026-05-27T02:25:52.857+0000] {logging_mixin.py:188} INFO - [2026-05-27T02:25:52.857+0000] {dag.py:3954} INFO - Setting next_dagrun for shopee_pipeline to 2026-05-27 01:00:00+00:00, run_after=2026-05-28 01:00:00+00:00
[2026-05-27T02:25:52.893+0000] {processor.py:183} INFO - Processing /opt/airflow/dags/shopee_dag.py took 0.246 seconds
[2026-05-27T02:26:23.218+0000] {processor.py:161} INFO - Started process (PID=8208) to work on /opt/airflow/dags/shopee_dag.py
[2026-05-27T02:26:23.219+0000] {processor.py:830} INFO - Processing file /opt/airflow/dags/shopee_dag.py for tasks to queue
[2026-05-27T02:26:23.220+0000] {logging_mixin.py:188} INFO - [2026-05-27T02:26:23.220+0000] {dagbag.py:545} INFO - Filling up the DagBag from /opt/airflow/dags/shopee_dag.py
[2026-05-27T02:26:23.334+0000] {processor.py:840} INFO - DAG(s) 'shopee_pipeline' retrieved from /opt/airflow/dags/shopee_dag.py
[2026-05-27T02:26:23.374+0000] {logging_mixin.py:188} INFO - [2026-05-27T02:26:23.374+0000] {dag.py:3096} INFO - Sync 1 DAGs
[2026-05-27T02:26:23.406+0000] {logging_mixin.py:188} INFO - [2026-05-27T02:26:23.405+0000] {dag.py:3954} INFO - Setting next_dagrun for shopee_pipeline to 2026-05-27 01:00:00+00:00, run_after=2026-05-28 01:00:00+00:00
[2026-05-27T02:26:23.432+0000] {processor.py:183} INFO - Processing /opt/airflow/dags/shopee_dag.py took 0.222 seconds
[2026-05-27T02:26:53.779+0000] {processor.py:161} INFO - Started process (PID=8318) to work on /opt/airflow/dags/shopee_dag.py
[2026-05-27T02:26:53.781+0000] {processor.py:830} INFO - Processing file /opt/airflow/dags/shopee_dag.py for tasks to queue
[2026-05-27T02:26:53.784+0000] {logging_mixin.py:188} INFO - [2026-05-27T02:26:53.784+0000] {dagbag.py:545} INFO - Filling up the DagBag from /opt/airflow/dags/shopee_dag.py
[2026-05-27T02:26:53.944+0000] {processor.py:840} INFO - DAG(s) 'shopee_pipeline' retrieved from /opt/airflow/dags/shopee_dag.py
[2026-05-27T02:26:53.989+0000] {logging_mixin.py:188} INFO - [2026-05-27T02:26:53.989+0000] {dag.py:3096} INFO - Sync 1 DAGs
[2026-05-27T02:26:54.030+0000] {logging_mixin.py:188} INFO - [2026-05-27T02:26:54.029+0000] {dag.py:3954} INFO - Setting next_dagrun for shopee_pipeline to 2026-05-27 01:00:00+00:00, run_after=2026-05-28 01:00:00+00:00
[2026-05-27T02:26:54.064+0000] {processor.py:183} INFO - Processing /opt/airflow/dags/shopee_dag.py took 0.297 seconds
[2026-05-27T02:27:24.746+0000] {processor.py:161} INFO - Started process (PID=8350) to work on /opt/airflow/dags/shopee_dag.py
[2026-05-27T02:27:24.747+0000] {processor.py:830} INFO - Processing file /opt/airflow/dags/shopee_dag.py for tasks to queue
[2026-05-27T02:27:24.749+0000] {logging_mixin.py:188} INFO - [2026-05-27T02:27:24.748+0000] {dagbag.py:545} INFO - Filling up the DagBag from /opt/airflow/dags/shopee_dag.py
[2026-05-27T02:27:24.857+0000] {processor.py:840} INFO - DAG(s) 'shopee_pipeline' retrieved from /opt/airflow/dags/shopee_dag.py
[2026-05-27T02:27:24.899+0000] {logging_mixin.py:188} INFO - [2026-05-27T02:27:24.898+0000] {dag.py:3096} INFO - Sync 1 DAGs
[2026-05-27T02:27:24.931+0000] {logging_mixin.py:188} INFO - [2026-05-27T02:27:24.930+0000] {dag.py:3954} INFO - Setting next_dagrun for shopee_pipeline to 2026-05-27 01:00:00+00:00, run_after=2026-05-28 01:00:00+00:00
[2026-05-27T02:27:24.967+0000] {processor.py:183} INFO - Processing /opt/airflow/dags/shopee_dag.py took 0.228 seconds
[2026-05-27T02:27:55.317+0000] {processor.py:161} INFO - Started process (PID=8474) to work on /opt/airflow/dags/shopee_dag.py
[2026-05-27T02:27:55.318+0000] {processor.py:830} INFO - Processing file /opt/airflow/dags/shopee_dag.py for tasks to queue
[2026-05-27T02:27:55.319+0000] {logging_mixin.py:188} INFO - [2026-05-27T02:27:55.319+0000] {dagbag.py:545} INFO - Filling up the DagBag from /opt/airflow/dags/shopee_dag.py
[2026-05-27T02:27:55.424+0000] {processor.py:840} INFO - DAG(s) 'shopee_pipeline' retrieved from /opt/airflow/dags/shopee_dag.py
[2026-05-27T02:27:55.463+0000] {logging_mixin.py:188} INFO - [2026-05-27T02:27:55.462+0000] {dag.py:3096} INFO - Sync 1 DAGs
[2026-05-27T02:27:55.490+0000] {logging_mixin.py:188} INFO - [2026-05-27T02:27:55.490+0000] {dag.py:3954} INFO - Setting next_dagrun for shopee_pipeline to 2026-05-27 01:00:00+00:00, run_after=2026-05-28 01:00:00+00:00
[2026-05-27T02:27:55.515+0000] {processor.py:183} INFO - Processing /opt/airflow/dags/shopee_dag.py took 0.204 seconds
[2026-05-27T02:28:25.902+0000] {processor.py:161} INFO - Started process (PID=8561) to work on /opt/airflow/dags/shopee_dag.py
[2026-05-27T02:28:25.903+0000] {processor.py:830} INFO - Processing file /opt/airflow/dags/shopee_dag.py for tasks to queue
[2026-05-27T02:28:25.904+0000] {logging_mixin.py:188} INFO - [2026-05-27T02:28:25.904+0000] {dagbag.py:545} INFO - Filling up the DagBag from /opt/airflow/dags/shopee_dag.py
[2026-05-27T02:28:25.998+0000] {processor.py:840} INFO - DAG(s) 'shopee_pipeline' retrieved from /opt/airflow/dags/shopee_dag.py
[2026-05-27T02:28:26.028+0000] {logging_mixin.py:188} INFO - [2026-05-27T02:28:26.028+0000] {dag.py:3096} INFO - Sync 1 DAGs
[2026-05-27T02:28:26.053+0000] {logging_mixin.py:188} INFO - [2026-05-27T02:28:26.053+0000] {dag.py:3954} INFO - Setting next_dagrun for shopee_pipeline to 2026-05-27 01:00:00+00:00, run_after=2026-05-28 01:00:00+00:00
[2026-05-27T02:28:26.085+0000] {processor.py:183} INFO - Processing /opt/airflow/dags/shopee_dag.py took 0.189 seconds
[2026-05-27T02:28:56.391+0000] {processor.py:161} INFO - Started process (PID=8604) to work on /opt/airflow/dags/shopee_dag.py
[2026-05-27T02:28:56.391+0000] {processor.py:830} INFO - Processing file /opt/airflow/dags/shopee_dag.py for tasks to queue
[2026-05-27T02:28:56.393+0000] {logging_mixin.py:188} INFO - [2026-05-27T02:28:56.393+0000] {dagbag.py:545} INFO - Filling up the DagBag from /opt/airflow/dags/shopee_dag.py
[2026-05-27T02:28:56.493+0000] {processor.py:840} INFO - DAG(s) 'shopee_pipeline' retrieved from /opt/airflow/dags/shopee_dag.py
[2026-05-27T02:28:56.538+0000] {logging_mixin.py:188} INFO - [2026-05-27T02:28:56.537+0000] {dag.py:3096} INFO - Sync 1 DAGs
[2026-05-27T02:28:56.568+0000] {logging_mixin.py:188} INFO - [2026-05-27T02:28:56.568+0000] {dag.py:3954} INFO - Setting next_dagrun for shopee_pipeline to 2026-05-27 01:00:00+00:00, run_after=2026-05-28 01:00:00+00:00
[2026-05-27T02:28:56.603+0000] {processor.py:183} INFO - Processing /opt/airflow/dags/shopee_dag.py took 0.220 seconds
[2026-05-27T02:29:26.880+0000] {processor.py:161} INFO - Started process (PID=8709) to work on /opt/airflow/dags/shopee_dag.py
[2026-05-27T02:29:26.881+0000] {processor.py:830} INFO - Processing file /opt/airflow/dags/shopee_dag.py for tasks to queue
[2026-05-27T02:29:26.883+0000] {logging_mixin.py:188} INFO - [2026-05-27T02:29:26.882+0000] {dagbag.py:545} INFO - Filling up the DagBag from /opt/airflow/dags/shopee_dag.py
[2026-05-27T02:29:26.989+0000] {processor.py:840} INFO - DAG(s) 'shopee_pipeline' retrieved from /opt/airflow/dags/shopee_dag.py
[2026-05-27T02:29:27.027+0000] {logging_mixin.py:188} INFO - [2026-05-27T02:29:27.027+0000] {dag.py:3096} INFO - Sync 1 DAGs
[2026-05-27T02:29:27.058+0000] {logging_mixin.py:188} INFO - [2026-05-27T02:29:27.057+0000] {dag.py:3954} INFO - Setting next_dagrun for shopee_pipeline to 2026-05-27 01:00:00+00:00, run_after=2026-05-28 01:00:00+00:00
[2026-05-27T02:29:27.091+0000] {processor.py:183} INFO - Processing /opt/airflow/dags/shopee_dag.py took 0.218 seconds
[2026-05-27T02:29:57.364+0000] {processor.py:161} INFO - Started process (PID=8829) to work on /opt/airflow/dags/shopee_dag.py
[2026-05-27T02:29:57.365+0000] {processor.py:830} INFO - Processing file /opt/airflow/dags/shopee_dag.py for tasks to queue
[2026-05-27T02:29:57.367+0000] {logging_mixin.py:188} INFO - [2026-05-27T02:29:57.367+0000] {dagbag.py:545} INFO - Filling up the DagBag from /opt/airflow/dags/shopee_dag.py
[2026-05-27T02:29:57.486+0000] {processor.py:840} INFO - DAG(s) 'shopee_pipeline' retrieved from /opt/airflow/dags/shopee_dag.py
[2026-05-27T02:29:57.521+0000] {logging_mixin.py:188} INFO - [2026-05-27T02:29:57.520+0000] {dag.py:3096} INFO - Sync 1 DAGs
[2026-05-27T02:29:57.550+0000] {logging_mixin.py:188} INFO - [2026-05-27T02:29:57.550+0000] {dag.py:3954} INFO - Setting next_dagrun for shopee_pipeline to 2026-05-27 01:00:00+00:00, run_after=2026-05-28 01:00:00+00:00
[2026-05-27T02:29:57.575+0000] {processor.py:183} INFO - Processing /opt/airflow/dags/shopee_dag.py took 0.218 seconds
[2026-05-27T02:30:28.023+0000] {processor.py:161} INFO - Started process (PID=8917) to work on /opt/airflow/dags/shopee_dag.py
[2026-05-27T02:30:28.024+0000] {processor.py:830} INFO - Processing file /opt/airflow/dags/shopee_dag.py for tasks to queue
[2026-05-27T02:30:28.026+0000] {logging_mixin.py:188} INFO - [2026-05-27T02:30:28.026+0000] {dagbag.py:545} INFO - Filling up the DagBag from /opt/airflow/dags/shopee_dag.py
[2026-05-27T02:30:28.151+0000] {processor.py:840} INFO - DAG(s) 'shopee_pipeline' retrieved from /opt/airflow/dags/shopee_dag.py
[2026-05-27T02:30:28.182+0000] {logging_mixin.py:188} INFO - [2026-05-27T02:30:28.182+0000] {dag.py:3096} INFO - Sync 1 DAGs
[2026-05-27T02:30:28.205+0000] {logging_mixin.py:188} INFO - [2026-05-27T02:30:28.205+0000] {dag.py:3954} INFO - Setting next_dagrun for shopee_pipeline to 2026-05-27 01:00:00+00:00, run_after=2026-05-28 01:00:00+00:00
[2026-05-27T02:30:28.227+0000] {processor.py:183} INFO - Processing /opt/airflow/dags/shopee_dag.py took 0.213 seconds
[2026-05-27T02:30:58.541+0000] {processor.py:161} INFO - Started process (PID=8963) to work on /opt/airflow/dags/shopee_dag.py
[2026-05-27T02:30:58.542+0000] {processor.py:830} INFO - Processing file /opt/airflow/dags/shopee_dag.py for tasks to queue
[2026-05-27T02:30:58.544+0000] {logging_mixin.py:188} INFO - [2026-05-27T02:30:58.544+0000] {dagbag.py:545} INFO - Filling up the DagBag from /opt/airflow/dags/shopee_dag.py
[2026-05-27T02:30:58.663+0000] {processor.py:840} INFO - DAG(s) 'shopee_pipeline' retrieved from /opt/airflow/dags/shopee_dag.py
[2026-05-27T02:30:58.715+0000] {logging_mixin.py:188} INFO - [2026-05-27T02:30:58.715+0000] {dag.py:3096} INFO - Sync 1 DAGs
[2026-05-27T02:30:58.746+0000] {logging_mixin.py:188} INFO - [2026-05-27T02:30:58.746+0000] {dag.py:3954} INFO - Setting next_dagrun for shopee_pipeline to 2026-05-27 01:00:00+00:00, run_after=2026-05-28 01:00:00+00:00
[2026-05-27T02:30:58.771+0000] {processor.py:183} INFO - Processing /opt/airflow/dags/shopee_dag.py took 0.236 seconds
[2026-05-27T02:31:29.056+0000] {processor.py:161} INFO - Started process (PID=9085) to work on /opt/airflow/dags/shopee_dag.py
[2026-05-27T02:31:29.057+0000] {processor.py:830} INFO - Processing file /opt/airflow/dags/shopee_dag.py for tasks to queue
[2026-05-27T02:31:29.059+0000] {logging_mixin.py:188} INFO - [2026-05-27T02:31:29.059+0000] {dagbag.py:545} INFO - Filling up the DagBag from /opt/airflow/dags/shopee_dag.py
[2026-05-27T02:31:29.191+0000] {processor.py:840} INFO - DAG(s) 'shopee_pipeline' retrieved from /opt/airflow/dags/shopee_dag.py
[2026-05-27T02:31:29.229+0000] {logging_mixin.py:188} INFO - [2026-05-27T02:31:29.228+0000] {dag.py:3096} INFO - Sync 1 DAGs
[2026-05-27T02:31:29.260+0000] {logging_mixin.py:188} INFO - [2026-05-27T02:31:29.259+0000] {dag.py:3954} INFO - Setting next_dagrun for shopee_pipeline to 2026-05-27 01:00:00+00:00, run_after=2026-05-28 01:00:00+00:00
[2026-05-27T02:31:29.284+0000] {processor.py:183} INFO - Processing /opt/airflow/dags/shopee_dag.py took 0.235 seconds
[2026-05-27T02:31:59.612+0000] {processor.py:161} INFO - Started process (PID=9179) to work on /opt/airflow/dags/shopee_dag.py
[2026-05-27T02:31:59.614+0000] {processor.py:830} INFO - Processing file /opt/airflow/dags/shopee_dag.py for tasks to queue
[2026-05-27T02:31:59.616+0000] {logging_mixin.py:188} INFO - [2026-05-27T02:31:59.616+0000] {dagbag.py:545} INFO - Filling up the DagBag from /opt/airflow/dags/shopee_dag.py
[2026-05-27T02:31:59.765+0000] {processor.py:840} INFO - DAG(s) 'shopee_pipeline' retrieved from /opt/airflow/dags/shopee_dag.py
[2026-05-27T02:31:59.807+0000] {logging_mixin.py:188} INFO - [2026-05-27T02:31:59.807+0000] {dag.py:3096} INFO - Sync 1 DAGs
[2026-05-27T02:31:59.842+0000] {logging_mixin.py:188} INFO - [2026-05-27T02:31:59.842+0000] {dag.py:3954} INFO - Setting next_dagrun for shopee_pipeline to 2026-05-27 01:00:00+00:00, run_after=2026-05-28 01:00:00+00:00
[2026-05-27T02:31:59.870+0000] {processor.py:183} INFO - Processing /opt/airflow/dags/shopee_dag.py took 0.266 seconds
[2026-05-27T02:32:30.501+0000] {processor.py:161} INFO - Started process (PID=9215) to work on /opt/airflow/dags/shopee_dag.py
[2026-05-27T02:32:30.502+0000] {processor.py:830} INFO - Processing file /opt/airflow/dags/shopee_dag.py for tasks to queue
[2026-05-27T02:32:30.504+0000] {logging_mixin.py:188} INFO - [2026-05-27T02:32:30.504+0000] {dagbag.py:545} INFO - Filling up the DagBag from /opt/airflow/dags/shopee_dag.py
[2026-05-27T02:32:30.607+0000] {processor.py:840} INFO - DAG(s) 'shopee_pipeline' retrieved from /opt/airflow/dags/shopee_dag.py
[2026-05-27T02:32:30.646+0000] {logging_mixin.py:188} INFO - [2026-05-27T02:32:30.646+0000] {dag.py:3096} INFO - Sync 1 DAGs
[2026-05-27T02:32:30.676+0000] {logging_mixin.py:188} INFO - [2026-05-27T02:32:30.676+0000] {dag.py:3954} INFO - Setting next_dagrun for shopee_pipeline to 2026-05-27 01:00:00+00:00, run_after=2026-05-28 01:00:00+00:00
[2026-05-27T02:32:30.700+0000] {processor.py:183} INFO - Processing /opt/airflow/dags/shopee_dag.py took 0.206 seconds
[2026-05-27T02:33:01.010+0000] {processor.py:161} INFO - Started process (PID=9331) to work on /opt/airflow/dags/shopee_dag.py
[2026-05-27T02:33:01.011+0000] {processor.py:830} INFO - Processing file /opt/airflow/dags/shopee_dag.py for tasks to queue
[2026-05-27T02:33:01.013+0000] {logging_mixin.py:188} INFO - [2026-05-27T02:33:01.012+0000] {dagbag.py:545} INFO - Filling up the DagBag from /opt/airflow/dags/shopee_dag.py
[2026-05-27T02:33:01.136+0000] {processor.py:840} INFO - DAG(s) 'shopee_pipeline' retrieved from /opt/airflow/dags/shopee_dag.py
[2026-05-27T02:33:01.174+0000] {logging_mixin.py:188} INFO - [2026-05-27T02:33:01.173+0000] {dag.py:3096} INFO - Sync 1 DAGs
[2026-05-27T02:33:01.203+0000] {logging_mixin.py:188} INFO - [2026-05-27T02:33:01.203+0000] {dag.py:3954} INFO - Setting next_dagrun for shopee_pipeline to 2026-05-27 01:00:00+00:00, run_after=2026-05-28 01:00:00+00:00
[2026-05-27T02:33:01.227+0000] {processor.py:183} INFO - Processing /opt/airflow/dags/shopee_dag.py took 0.224 seconds
[2026-05-27T02:33:31.489+0000] {processor.py:161} INFO - Started process (PID=9450) to work on /opt/airflow/dags/shopee_dag.py
[2026-05-27T02:33:31.490+0000] {processor.py:830} INFO - Processing file /opt/airflow/dags/shopee_dag.py for tasks to queue
[2026-05-27T02:33:31.491+0000] {logging_mixin.py:188} INFO - [2026-05-27T02:33:31.491+0000] {dagbag.py:545} INFO - Filling up the DagBag from /opt/airflow/dags/shopee_dag.py
[2026-05-27T02:33:31.596+0000] {processor.py:840} INFO - DAG(s) 'shopee_pipeline' retrieved from /opt/airflow/dags/shopee_dag.py
[2026-05-27T02:33:31.633+0000] {logging_mixin.py:188} INFO - [2026-05-27T02:33:31.632+0000] {dag.py:3096} INFO - Sync 1 DAGs
[2026-05-27T02:33:31.664+0000] {logging_mixin.py:188} INFO - [2026-05-27T02:33:31.663+0000] {dag.py:3954} INFO - Setting next_dagrun for shopee_pipeline to 2026-05-27 01:00:00+00:00, run_after=2026-05-28 01:00:00+00:00
[2026-05-27T02:33:31.689+0000] {processor.py:183} INFO - Processing /opt/airflow/dags/shopee_dag.py took 0.206 seconds
[2026-05-27T02:34:01.990+0000] {processor.py:161} INFO - Started process (PID=9542) to work on /opt/airflow/dags/shopee_dag.py
[2026-05-27T02:34:01.992+0000] {processor.py:830} INFO - Processing file /opt/airflow/dags/shopee_dag.py for tasks to queue
[2026-05-27T02:34:01.995+0000] {logging_mixin.py:188} INFO - [2026-05-27T02:34:01.995+0000] {dagbag.py:545} INFO - Filling up the DagBag from /opt/airflow/dags/shopee_dag.py
[2026-05-27T02:34:02.230+0000] {processor.py:840} INFO - DAG(s) 'shopee_pipeline' retrieved from /opt/airflow/dags/shopee_dag.py
[2026-05-27T02:34:02.289+0000] {logging_mixin.py:188} INFO - [2026-05-27T02:34:02.289+0000] {dag.py:3096} INFO - Sync 1 DAGs
[2026-05-27T02:34:02.335+0000] {logging_mixin.py:188} INFO - [2026-05-27T02:34:02.335+0000] {dag.py:3954} INFO - Setting next_dagrun for shopee_pipeline to 2026-05-27 01:00:00+00:00, run_after=2026-05-28 01:00:00+00:00
[2026-05-27T02:34:02.386+0000] {processor.py:183} INFO - Processing /opt/airflow/dags/shopee_dag.py took 0.410 seconds
[2026-05-27T02:34:32.449+0000] {processor.py:161} INFO - Started process (PID=9585) to work on /opt/airflow/dags/shopee_dag.py
[2026-05-27T02:34:32.449+0000] {processor.py:830} INFO - Processing file /opt/airflow/dags/shopee_dag.py for tasks to queue
[2026-05-27T02:34:32.451+0000] {logging_mixin.py:188} INFO - [2026-05-27T02:34:32.451+0000] {dagbag.py:545} INFO - Filling up the DagBag from /opt/airflow/dags/shopee_dag.py
[2026-05-27T02:34:32.556+0000] {processor.py:840} INFO - DAG(s) 'shopee_pipeline' retrieved from /opt/airflow/dags/shopee_dag.py
[2026-05-27T02:34:32.590+0000] {logging_mixin.py:188} INFO - [2026-05-27T02:34:32.590+0000] {dag.py:3096} INFO - Sync 1 DAGs
[2026-05-27T02:34:32.615+0000] {logging_mixin.py:188} INFO - [2026-05-27T02:34:32.615+0000] {dag.py:3954} INFO - Setting next_dagrun for shopee_pipeline to 2026-05-27 01:00:00+00:00, run_after=2026-05-28 01:00:00+00:00
[2026-05-27T02:34:32.635+0000] {processor.py:183} INFO - Processing /opt/airflow/dags/shopee_dag.py took 0.193 seconds
[2026-05-27T02:35:02.926+0000] {processor.py:161} INFO - Started process (PID=9714) to work on /opt/airflow/dags/shopee_dag.py
[2026-05-27T02:35:02.927+0000] {processor.py:830} INFO - Processing file /opt/airflow/dags/shopee_dag.py for tasks to queue
[2026-05-27T02:35:02.929+0000] {logging_mixin.py:188} INFO - [2026-05-27T02:35:02.929+0000] {dagbag.py:545} INFO - Filling up the DagBag from /opt/airflow/dags/shopee_dag.py
[2026-05-27T02:35:03.045+0000] {processor.py:840} INFO - DAG(s) 'shopee_pipeline' retrieved from /opt/airflow/dags/shopee_dag.py
[2026-05-27T02:35:03.079+0000] {logging_mixin.py:188} INFO - [2026-05-27T02:35:03.079+0000] {dag.py:3096} INFO - Sync 1 DAGs
[2026-05-27T02:35:03.107+0000] {logging_mixin.py:188} INFO - [2026-05-27T02:35:03.106+0000] {dag.py:3954} INFO - Setting next_dagrun for shopee_pipeline to 2026-05-27 01:00:00+00:00, run_after=2026-05-28 01:00:00+00:00
[2026-05-27T02:35:03.128+0000] {processor.py:183} INFO - Processing /opt/airflow/dags/shopee_dag.py took 0.210 seconds
[2026-05-27T02:35:33.322+0000] {processor.py:161} INFO - Started process (PID=9819) to work on /opt/airflow/dags/shopee_dag.py
[2026-05-27T02:35:33.324+0000] {processor.py:830} INFO - Processing file /opt/airflow/dags/shopee_dag.py for tasks to queue
[2026-05-27T02:35:33.327+0000] {logging_mixin.py:188} INFO - [2026-05-27T02:35:33.326+0000] {dagbag.py:545} INFO - Filling up the DagBag from /opt/airflow/dags/shopee_dag.py
[2026-05-27T02:35:33.501+0000] {processor.py:840} INFO - DAG(s) 'shopee_pipeline' retrieved from /opt/airflow/dags/shopee_dag.py
[2026-05-27T02:35:33.555+0000] {logging_mixin.py:188} INFO - [2026-05-27T02:35:33.554+0000] {dag.py:3096} INFO - Sync 1 DAGs
[2026-05-27T02:35:33.595+0000] {logging_mixin.py:188} INFO - [2026-05-27T02:35:33.594+0000] {dag.py:3954} INFO - Setting next_dagrun for shopee_pipeline to 2026-05-27 01:00:00+00:00, run_after=2026-05-28 01:00:00+00:00
[2026-05-27T02:35:33.641+0000] {processor.py:183} INFO - Processing /opt/airflow/dags/shopee_dag.py took 0.329 seconds
[2026-05-27T02:36:03.949+0000] {processor.py:161} INFO - Started process (PID=9868) to work on /opt/airflow/dags/shopee_dag.py
[2026-05-27T02:36:03.950+0000] {processor.py:830} INFO - Processing file /opt/airflow/dags/shopee_dag.py for tasks to queue
[2026-05-27T02:36:03.952+0000] {logging_mixin.py:188} INFO - [2026-05-27T02:36:03.951+0000] {dagbag.py:545} INFO - Filling up the DagBag from /opt/airflow/dags/shopee_dag.py
[2026-05-27T02:36:04.054+0000] {processor.py:840} INFO - DAG(s) 'shopee_pipeline' retrieved from /opt/airflow/dags/shopee_dag.py
[2026-05-27T02:36:04.089+0000] {logging_mixin.py:188} INFO - [2026-05-27T02:36:04.089+0000] {dag.py:3096} INFO - Sync 1 DAGs
[2026-05-27T02:36:04.118+0000] {logging_mixin.py:188} INFO - [2026-05-27T02:36:04.118+0000] {dag.py:3954} INFO - Setting next_dagrun for shopee_pipeline to 2026-05-27 01:00:00+00:00, run_after=2026-05-28 01:00:00+00:00
[2026-05-27T02:36:04.146+0000] {processor.py:183} INFO - Processing /opt/airflow/dags/shopee_dag.py took 0.203 seconds
[2026-05-27T02:36:34.220+0000] {processor.py:161} INFO - Started process (PID=9972) to work on /opt/airflow/dags/shopee_dag.py
[2026-05-27T02:36:34.222+0000] {processor.py:830} INFO - Processing file /opt/airflow/dags/shopee_dag.py for tasks to queue
[2026-05-27T02:36:34.226+0000] {logging_mixin.py:188} INFO - [2026-05-27T02:36:34.225+0000] {dagbag.py:545} INFO - Filling up the DagBag from /opt/airflow/dags/shopee_dag.py
[2026-05-27T02:36:34.448+0000] {processor.py:840} INFO - DAG(s) 'shopee_pipeline' retrieved from /opt/airflow/dags/shopee_dag.py
[2026-05-27T02:36:34.514+0000] {logging_mixin.py:188} INFO - [2026-05-27T02:36:34.514+0000] {dag.py:3096} INFO - Sync 1 DAGs
[2026-05-27T02:36:34.580+0000] {logging_mixin.py:188} INFO - [2026-05-27T02:36:34.579+0000] {dag.py:3954} INFO - Setting next_dagrun for shopee_pipeline to 2026-05-27 01:00:00+00:00, run_after=2026-05-28 01:00:00+00:00
[2026-05-27T02:36:34.625+0000] {processor.py:183} INFO - Processing /opt/airflow/dags/shopee_dag.py took 0.417 seconds
[2026-05-27T02:37:05.036+0000] {processor.py:161} INFO - Started process (PID=10000) to work on /opt/airflow/dags/shopee_dag.py
[2026-05-27T02:37:05.037+0000] {processor.py:830} INFO - Processing file /opt/airflow/dags/shopee_dag.py for tasks to queue
[2026-05-27T02:37:05.039+0000] {logging_mixin.py:188} INFO - [2026-05-27T02:37:05.039+0000] {dagbag.py:545} INFO - Filling up the DagBag from /opt/airflow/dags/shopee_dag.py
[2026-05-27T02:37:05.152+0000] {processor.py:840} INFO - DAG(s) 'shopee_pipeline' retrieved from /opt/airflow/dags/shopee_dag.py
[2026-05-27T02:37:05.186+0000] {logging_mixin.py:188} INFO - [2026-05-27T02:37:05.186+0000] {dag.py:3096} INFO - Sync 1 DAGs
[2026-05-27T02:37:05.210+0000] {logging_mixin.py:188} INFO - [2026-05-27T02:37:05.210+0000] {dag.py:3954} INFO - Setting next_dagrun for shopee_pipeline to 2026-05-27 01:00:00+00:00, run_after=2026-05-28 01:00:00+00:00
[2026-05-27T02:37:05.230+0000] {processor.py:183} INFO - Processing /opt/airflow/dags/shopee_dag.py took 0.200 seconds
[2026-05-27T02:37:35.475+0000] {processor.py:161} INFO - Started process (PID=10122) to work on /opt/airflow/dags/shopee_dag.py
[2026-05-27T02:37:35.477+0000] {processor.py:830} INFO - Processing file /opt/airflow/dags/shopee_dag.py for tasks to queue
[2026-05-27T02:37:35.478+0000] {logging_mixin.py:188} INFO - [2026-05-27T02:37:35.478+0000] {dagbag.py:545} INFO - Filling up the DagBag from /opt/airflow/dags/shopee_dag.py
[2026-05-27T02:37:35.596+0000] {processor.py:840} INFO - DAG(s) 'shopee_pipeline' retrieved from /opt/airflow/dags/shopee_dag.py
[2026-05-27T02:37:35.632+0000] {logging_mixin.py:188} INFO - [2026-05-27T02:37:35.631+0000] {dag.py:3096} INFO - Sync 1 DAGs
[2026-05-27T02:37:35.665+0000] {logging_mixin.py:188} INFO - [2026-05-27T02:37:35.664+0000] {dag.py:3954} INFO - Setting next_dagrun for shopee_pipeline to 2026-05-27 01:00:00+00:00, run_after=2026-05-28 01:00:00+00:00
[2026-05-27T02:37:35.687+0000] {processor.py:183} INFO - Processing /opt/airflow/dags/shopee_dag.py took 0.219 seconds
[2026-05-27T02:38:05.869+0000] {processor.py:161} INFO - Started process (PID=10222) to work on /opt/airflow/dags/shopee_dag.py
[2026-05-27T02:38:05.870+0000] {processor.py:830} INFO - Processing file /opt/airflow/dags/shopee_dag.py for tasks to queue
[2026-05-27T02:38:05.873+0000] {logging_mixin.py:188} INFO - [2026-05-27T02:38:05.872+0000] {dagbag.py:545} INFO - Filling up the DagBag from /opt/airflow/dags/shopee_dag.py
[2026-05-27T02:38:06.053+0000] {processor.py:840} INFO - DAG(s) 'shopee_pipeline' retrieved from /opt/airflow/dags/shopee_dag.py
[2026-05-27T02:38:06.111+0000] {logging_mixin.py:188} INFO - [2026-05-27T02:38:06.110+0000] {dag.py:3096} INFO - Sync 1 DAGs
[2026-05-27T02:38:06.157+0000] {logging_mixin.py:188} INFO - [2026-05-27T02:38:06.156+0000] {dag.py:3954} INFO - Setting next_dagrun for shopee_pipeline to 2026-05-27 01:00:00+00:00, run_after=2026-05-28 01:00:00+00:00
[2026-05-27T02:38:06.194+0000] {processor.py:183} INFO - Processing /opt/airflow/dags/shopee_dag.py took 0.336 seconds
[2026-05-27T02:38:36.587+0000] {processor.py:161} INFO - Started process (PID=10254) to work on /opt/airflow/dags/shopee_dag.py
[2026-05-27T02:38:36.588+0000] {processor.py:830} INFO - Processing file /opt/airflow/dags/shopee_dag.py for tasks to queue
[2026-05-27T02:38:36.590+0000] {logging_mixin.py:188} INFO - [2026-05-27T02:38:36.590+0000] {dagbag.py:545} INFO - Filling up the DagBag from /opt/airflow/dags/shopee_dag.py
[2026-05-27T02:38:36.714+0000] {processor.py:840} INFO - DAG(s) 'shopee_pipeline' retrieved from /opt/airflow/dags/shopee_dag.py
[2026-05-27T02:38:36.754+0000] {logging_mixin.py:188} INFO - [2026-05-27T02:38:36.754+0000] {dag.py:3096} INFO - Sync 1 DAGs
[2026-05-27T02:38:36.786+0000] {logging_mixin.py:188} INFO - [2026-05-27T02:38:36.786+0000] {dag.py:3954} INFO - Setting next_dagrun for shopee_pipeline to 2026-05-27 01:00:00+00:00, run_after=2026-05-28 01:00:00+00:00
[2026-05-27T02:38:36.818+0000] {processor.py:183} INFO - Processing /opt/airflow/dags/shopee_dag.py took 0.238 seconds
[2026-05-27T02:39:07.088+0000] {processor.py:161} INFO - Started process (PID=10374) to work on /opt/airflow/dags/shopee_dag.py
[2026-05-27T02:39:07.089+0000] {processor.py:830} INFO - Processing file /opt/airflow/dags/shopee_dag.py for tasks to queue
[2026-05-27T02:39:07.091+0000] {logging_mixin.py:188} INFO - [2026-05-27T02:39:07.091+0000] {dagbag.py:545} INFO - Filling up the DagBag from /opt/airflow/dags/shopee_dag.py
[2026-05-27T02:39:07.188+0000] {processor.py:840} INFO - DAG(s) 'shopee_pipeline' retrieved from /opt/airflow/dags/shopee_dag.py
[2026-05-27T02:39:07.223+0000] {logging_mixin.py:188} INFO - [2026-05-27T02:39:07.223+0000] {dag.py:3096} INFO - Sync 1 DAGs
[2026-05-27T02:39:07.249+0000] {logging_mixin.py:188} INFO - [2026-05-27T02:39:07.249+0000] {dag.py:3954} INFO - Setting next_dagrun for shopee_pipeline to 2026-05-27 01:00:00+00:00, run_after=2026-05-28 01:00:00+00:00
[2026-05-27T02:39:07.283+0000] {processor.py:183} INFO - Processing /opt/airflow/dags/shopee_dag.py took 0.201 seconds
[2026-05-27T02:39:37.565+0000] {processor.py:161} INFO - Started process (PID=10502) to work on /opt/airflow/dags/shopee_dag.py
[2026-05-27T02:39:37.566+0000] {processor.py:830} INFO - Processing file /opt/airflow/dags/shopee_dag.py for tasks to queue
[2026-05-27T02:39:37.568+0000] {logging_mixin.py:188} INFO - [2026-05-27T02:39:37.568+0000] {dagbag.py:545} INFO - Filling up the DagBag from /opt/airflow/dags/shopee_dag.py
[2026-05-27T02:39:37.672+0000] {processor.py:840} INFO - DAG(s) 'shopee_pipeline' retrieved from /opt/airflow/dags/shopee_dag.py
[2026-05-27T02:39:37.716+0000] {logging_mixin.py:188} INFO - [2026-05-27T02:39:37.715+0000] {dag.py:3096} INFO - Sync 1 DAGs
[2026-05-27T02:39:37.745+0000] {logging_mixin.py:188} INFO - [2026-05-27T02:39:37.745+0000] {dag.py:3954} INFO - Setting next_dagrun for shopee_pipeline to 2026-05-27 01:00:00+00:00, run_after=2026-05-28 01:00:00+00:00
[2026-05-27T02:39:37.771+0000] {processor.py:183} INFO - Processing /opt/airflow/dags/shopee_dag.py took 0.218 seconds
[2026-05-27T02:40:07.875+0000] {processor.py:161} INFO - Started process (PID=10598) to work on /opt/airflow/dags/shopee_dag.py
[2026-05-27T02:40:07.877+0000] {processor.py:830} INFO - Processing file /opt/airflow/dags/shopee_dag.py for tasks to queue
[2026-05-27T02:40:07.880+0000] {logging_mixin.py:188} INFO - [2026-05-27T02:40:07.879+0000] {dagbag.py:545} INFO - Filling up the DagBag from /opt/airflow/dags/shopee_dag.py
[2026-05-27T02:40:08.049+0000] {processor.py:840} INFO - DAG(s) 'shopee_pipeline' retrieved from /opt/airflow/dags/shopee_dag.py
[2026-05-27T02:40:08.109+0000] {logging_mixin.py:188} INFO - [2026-05-27T02:40:08.108+0000] {dag.py:3096} INFO - Sync 1 DAGs
[2026-05-27T02:40:08.149+0000] {logging_mixin.py:188} INFO - [2026-05-27T02:40:08.148+0000] {dag.py:3954} INFO - Setting next_dagrun for shopee_pipeline to 2026-05-27 01:00:00+00:00, run_after=2026-05-28 01:00:00+00:00
[2026-05-27T02:40:08.191+0000] {processor.py:183} INFO - Processing /opt/airflow/dags/shopee_dag.py took 0.327 seconds
[2026-05-27T02:40:38.633+0000] {processor.py:161} INFO - Started process (PID=10631) to work on /opt/airflow/dags/shopee_dag.py
[2026-05-27T02:40:38.635+0000] {processor.py:830} INFO - Processing file /opt/airflow/dags/shopee_dag.py for tasks to queue
[2026-05-27T02:40:38.636+0000] {logging_mixin.py:188} INFO - [2026-05-27T02:40:38.636+0000] {dagbag.py:545} INFO - Filling up the DagBag from /opt/airflow/dags/shopee_dag.py
[2026-05-27T02:40:38.742+0000] {processor.py:840} INFO - DAG(s) 'shopee_pipeline' retrieved from /opt/airflow/dags/shopee_dag.py
[2026-05-27T02:40:38.774+0000] {logging_mixin.py:188} INFO - [2026-05-27T02:40:38.774+0000] {dag.py:3096} INFO - Sync 1 DAGs
[2026-05-27T02:40:38.798+0000] {logging_mixin.py:188} INFO - [2026-05-27T02:40:38.798+0000] {dag.py:3954} INFO - Setting next_dagrun for shopee_pipeline to 2026-05-27 01:00:00+00:00, run_after=2026-05-28 01:00:00+00:00
[2026-05-27T02:40:38.819+0000] {processor.py:183} INFO - Processing /opt/airflow/dags/shopee_dag.py took 0.192 seconds
[2026-05-27T02:41:08.892+0000] {processor.py:161} INFO - Started process (PID=10753) to work on /opt/airflow/dags/shopee_dag.py
[2026-05-27T02:41:08.893+0000] {processor.py:830} INFO - Processing file /opt/airflow/dags/shopee_dag.py for tasks to queue
[2026-05-27T02:41:08.896+0000] {logging_mixin.py:188} INFO - [2026-05-27T02:41:08.895+0000] {dagbag.py:545} INFO - Filling up the DagBag from /opt/airflow/dags/shopee_dag.py
[2026-05-27T02:41:09.024+0000] {processor.py:840} INFO - DAG(s) 'shopee_pipeline' retrieved from /opt/airflow/dags/shopee_dag.py
[2026-05-27T02:41:09.064+0000] {logging_mixin.py:188} INFO - [2026-05-27T02:41:09.064+0000] {dag.py:3096} INFO - Sync 1 DAGs
[2026-05-27T02:41:09.093+0000] {logging_mixin.py:188} INFO - [2026-05-27T02:41:09.093+0000] {dag.py:3954} INFO - Setting next_dagrun for shopee_pipeline to 2026-05-27 01:00:00+00:00, run_after=2026-05-28 01:00:00+00:00
[2026-05-27T02:41:09.118+0000] {processor.py:183} INFO - Processing /opt/airflow/dags/shopee_dag.py took 0.236 seconds
[2026-05-27T02:41:39.254+0000] {processor.py:161} INFO - Started process (PID=10872) to work on /opt/airflow/dags/shopee_dag.py
[2026-05-27T02:41:39.274+0000] {processor.py:830} INFO - Processing file /opt/airflow/dags/shopee_dag.py for tasks to queue
[2026-05-27T02:41:39.281+0000] {logging_mixin.py:188} INFO - [2026-05-27T02:41:39.280+0000] {dagbag.py:545} INFO - Filling up the DagBag from /opt/airflow/dags/shopee_dag.py
[2026-05-27T02:41:39.449+0000] {processor.py:840} INFO - DAG(s) 'shopee_pipeline' retrieved from /opt/airflow/dags/shopee_dag.py
[2026-05-27T02:41:39.485+0000] {logging_mixin.py:188} INFO - [2026-05-27T02:41:39.485+0000] {dag.py:3096} INFO - Sync 1 DAGs
[2026-05-27T02:41:39.513+0000] {logging_mixin.py:188} INFO - [2026-05-27T02:41:39.513+0000] {dag.py:3954} INFO - Setting next_dagrun for shopee_pipeline to 2026-05-27 01:00:00+00:00, run_after=2026-05-28 01:00:00+00:00
[2026-05-27T02:41:39.536+0000] {processor.py:183} INFO - Processing /opt/airflow/dags/shopee_dag.py took 0.304 seconds
[2026-05-27T02:42:09.844+0000] {processor.py:161} INFO - Started process (PID=10885) to work on /opt/airflow/dags/shopee_dag.py
[2026-05-27T02:42:09.845+0000] {processor.py:830} INFO - Processing file /opt/airflow/dags/shopee_dag.py for tasks to queue
[2026-05-27T02:42:09.847+0000] {logging_mixin.py:188} INFO - [2026-05-27T02:42:09.847+0000] {dagbag.py:545} INFO - Filling up the DagBag from /opt/airflow/dags/shopee_dag.py
[2026-05-27T02:42:09.960+0000] {processor.py:840} INFO - DAG(s) 'shopee_pipeline' retrieved from /opt/airflow/dags/shopee_dag.py
[2026-05-27T02:42:09.997+0000] {logging_mixin.py:188} INFO - [2026-05-27T02:42:09.996+0000] {dag.py:3096} INFO - Sync 1 DAGs
[2026-05-27T02:42:10.025+0000] {logging_mixin.py:188} INFO - [2026-05-27T02:42:10.025+0000] {dag.py:3954} INFO - Setting next_dagrun for shopee_pipeline to 2026-05-27 01:00:00+00:00, run_after=2026-05-28 01:00:00+00:00
[2026-05-27T02:42:10.053+0000] {processor.py:183} INFO - Processing /opt/airflow/dags/shopee_dag.py took 0.215 seconds
[2026-05-27T02:42:40.460+0000] {processor.py:161} INFO - Started process (PID=11001) to work on /opt/airflow/dags/shopee_dag.py
[2026-05-27T02:42:40.461+0000] {processor.py:830} INFO - Processing file /opt/airflow/dags/shopee_dag.py for tasks to queue
[2026-05-27T02:42:40.463+0000] {logging_mixin.py:188} INFO - [2026-05-27T02:42:40.463+0000] {dagbag.py:545} INFO - Filling up the DagBag from /opt/airflow/dags/shopee_dag.py
[2026-05-27T02:42:40.574+0000] {processor.py:840} INFO - DAG(s) 'shopee_pipeline' retrieved from /opt/airflow/dags/shopee_dag.py
[2026-05-27T02:42:40.605+0000] {logging_mixin.py:188} INFO - [2026-05-27T02:42:40.605+0000] {dag.py:3096} INFO - Sync 1 DAGs
[2026-05-27T02:42:40.627+0000] {logging_mixin.py:188} INFO - [2026-05-27T02:42:40.627+0000] {dag.py:3954} INFO - Setting next_dagrun for shopee_pipeline to 2026-05-27 01:00:00+00:00, run_after=2026-05-28 01:00:00+00:00
[2026-05-27T02:42:40.651+0000] {processor.py:183} INFO - Processing /opt/airflow/dags/shopee_dag.py took 0.199 seconds
[2026-05-27T02:43:10.903+0000] {processor.py:161} INFO - Started process (PID=11125) to work on /opt/airflow/dags/shopee_dag.py
[2026-05-27T02:43:10.904+0000] {processor.py:830} INFO - Processing file /opt/airflow/dags/shopee_dag.py for tasks to queue
[2026-05-27T02:43:10.906+0000] {logging_mixin.py:188} INFO - [2026-05-27T02:43:10.905+0000] {dagbag.py:545} INFO - Filling up the DagBag from /opt/airflow/dags/shopee_dag.py
[2026-05-27T02:43:11.007+0000] {processor.py:840} INFO - DAG(s) 'shopee_pipeline' retrieved from /opt/airflow/dags/shopee_dag.py
[2026-05-27T02:43:11.038+0000] {logging_mixin.py:188} INFO - [2026-05-27T02:43:11.038+0000] {dag.py:3096} INFO - Sync 1 DAGs
[2026-05-27T02:43:11.062+0000] {logging_mixin.py:188} INFO - [2026-05-27T02:43:11.062+0000] {dag.py:3954} INFO - Setting next_dagrun for shopee_pipeline to 2026-05-27 01:00:00+00:00, run_after=2026-05-28 01:00:00+00:00
[2026-05-27T02:43:11.083+0000] {processor.py:183} INFO - Processing /opt/airflow/dags/shopee_dag.py took 0.185 seconds
[2026-05-27T02:43:41.381+0000] {processor.py:161} INFO - Started process (PID=11216) to work on /opt/airflow/dags/shopee_dag.py
[2026-05-27T02:43:41.382+0000] {processor.py:830} INFO - Processing file /opt/airflow/dags/shopee_dag.py for tasks to queue
[2026-05-27T02:43:41.384+0000] {logging_mixin.py:188} INFO - [2026-05-27T02:43:41.383+0000] {dagbag.py:545} INFO - Filling up the DagBag from /opt/airflow/dags/shopee_dag.py
[2026-05-27T02:43:41.510+0000] {processor.py:840} INFO - DAG(s) 'shopee_pipeline' retrieved from /opt/airflow/dags/shopee_dag.py
[2026-05-27T02:43:41.549+0000] {logging_mixin.py:188} INFO - [2026-05-27T02:43:41.549+0000] {dag.py:3096} INFO - Sync 1 DAGs
[2026-05-27T02:43:41.583+0000] {logging_mixin.py:188} INFO - [2026-05-27T02:43:41.583+0000] {dag.py:3954} INFO - Setting next_dagrun for shopee_pipeline to 2026-05-27 01:00:00+00:00, run_after=2026-05-28 01:00:00+00:00
[2026-05-27T02:43:41.622+0000] {processor.py:183} INFO - Processing /opt/airflow/dags/shopee_dag.py took 0.247 seconds
[2026-05-27T02:44:11.997+0000] {processor.py:161} INFO - Started process (PID=11236) to work on /opt/airflow/dags/shopee_dag.py
[2026-05-27T02:44:11.998+0000] {processor.py:830} INFO - Processing file /opt/airflow/dags/shopee_dag.py for tasks to queue
[2026-05-27T02:44:12.000+0000] {logging_mixin.py:188} INFO - [2026-05-27T02:44:12.000+0000] {dagbag.py:545} INFO - Filling up the DagBag from /opt/airflow/dags/shopee_dag.py
[2026-05-27T02:44:12.109+0000] {processor.py:840} INFO - DAG(s) 'shopee_pipeline' retrieved from /opt/airflow/dags/shopee_dag.py
[2026-05-27T02:44:12.140+0000] {logging_mixin.py:188} INFO - [2026-05-27T02:44:12.140+0000] {dag.py:3096} INFO - Sync 1 DAGs
[2026-05-27T02:44:12.163+0000] {logging_mixin.py:188} INFO - [2026-05-27T02:44:12.163+0000] {dag.py:3954} INFO - Setting next_dagrun for shopee_pipeline to 2026-05-27 01:00:00+00:00, run_after=2026-05-28 01:00:00+00:00
[2026-05-27T02:44:12.194+0000] {processor.py:183} INFO - Processing /opt/airflow/dags/shopee_dag.py took 0.205 seconds
[2026-05-27T02:44:42.480+0000] {processor.py:161} INFO - Started process (PID=11354) to work on /opt/airflow/dags/shopee_dag.py
[2026-05-27T02:44:42.481+0000] {processor.py:830} INFO - Processing file /opt/airflow/dags/shopee_dag.py for tasks to queue
[2026-05-27T02:44:42.482+0000] {logging_mixin.py:188} INFO - [2026-05-27T02:44:42.482+0000] {dagbag.py:545} INFO - Filling up the DagBag from /opt/airflow/dags/shopee_dag.py
[2026-05-27T02:44:42.589+0000] {processor.py:840} INFO - DAG(s) 'shopee_pipeline' retrieved from /opt/airflow/dags/shopee_dag.py
[2026-05-27T02:44:42.622+0000] {logging_mixin.py:188} INFO - [2026-05-27T02:44:42.622+0000] {dag.py:3096} INFO - Sync 1 DAGs
[2026-05-27T02:44:42.646+0000] {logging_mixin.py:188} INFO - [2026-05-27T02:44:42.646+0000] {dag.py:3954} INFO - Setting next_dagrun for shopee_pipeline to 2026-05-27 01:00:00+00:00, run_after=2026-05-28 01:00:00+00:00
[2026-05-27T02:44:42.678+0000] {processor.py:183} INFO - Processing /opt/airflow/dags/shopee_dag.py took 0.204 seconds
[2026-05-27T02:45:12.904+0000] {processor.py:161} INFO - Started process (PID=11478) to work on /opt/airflow/dags/shopee_dag.py
[2026-05-27T02:45:12.905+0000] {processor.py:830} INFO - Processing file /opt/airflow/dags/shopee_dag.py for tasks to queue
[2026-05-27T02:45:12.907+0000] {logging_mixin.py:188} INFO - [2026-05-27T02:45:12.907+0000] {dagbag.py:545} INFO - Filling up the DagBag from /opt/airflow/dags/shopee_dag.py
[2026-05-27T02:45:13.011+0000] {processor.py:840} INFO - DAG(s) 'shopee_pipeline' retrieved from /opt/airflow/dags/shopee_dag.py
[2026-05-27T02:45:13.046+0000] {logging_mixin.py:188} INFO - [2026-05-27T02:45:13.045+0000] {dag.py:3096} INFO - Sync 1 DAGs
[2026-05-27T02:45:13.069+0000] {logging_mixin.py:188} INFO - [2026-05-27T02:45:13.069+0000] {dag.py:3954} INFO - Setting next_dagrun for shopee_pipeline to 2026-05-27 01:00:00+00:00, run_after=2026-05-28 01:00:00+00:00
[2026-05-27T02:45:13.100+0000] {processor.py:183} INFO - Processing /opt/airflow/dags/shopee_dag.py took 0.201 seconds
[2026-05-27T02:45:43.583+0000] {processor.py:161} INFO - Started process (PID=11563) to work on /opt/airflow/dags/shopee_dag.py
[2026-05-27T02:45:43.584+0000] {processor.py:830} INFO - Processing file /opt/airflow/dags/shopee_dag.py for tasks to queue
[2026-05-27T02:45:43.586+0000] {logging_mixin.py:188} INFO - [2026-05-27T02:45:43.585+0000] {dagbag.py:545} INFO - Filling up the DagBag from /opt/airflow/dags/shopee_dag.py
[2026-05-27T02:45:43.703+0000] {processor.py:840} INFO - DAG(s) 'shopee_pipeline' retrieved from /opt/airflow/dags/shopee_dag.py
[2026-05-27T02:45:43.746+0000] {logging_mixin.py:188} INFO - [2026-05-27T02:45:43.746+0000] {dag.py:3096} INFO - Sync 1 DAGs
[2026-05-27T02:45:43.777+0000] {logging_mixin.py:188} INFO - [2026-05-27T02:45:43.776+0000] {dag.py:3954} INFO - Setting next_dagrun for shopee_pipeline to 2026-05-27 01:00:00+00:00, run_after=2026-05-28 01:00:00+00:00
[2026-05-27T02:45:43.798+0000] {processor.py:183} INFO - Processing /opt/airflow/dags/shopee_dag.py took 0.223 seconds
[2026-05-27T02:46:14.078+0000] {processor.py:161} INFO - Started process (PID=11608) to work on /opt/airflow/dags/shopee_dag.py
[2026-05-27T02:46:14.079+0000] {processor.py:830} INFO - Processing file /opt/airflow/dags/shopee_dag.py for tasks to queue
[2026-05-27T02:46:14.081+0000] {logging_mixin.py:188} INFO - [2026-05-27T02:46:14.081+0000] {dagbag.py:545} INFO - Filling up the DagBag from /opt/airflow/dags/shopee_dag.py
[2026-05-27T02:46:14.176+0000] {processor.py:840} INFO - DAG(s) 'shopee_pipeline' retrieved from /opt/airflow/dags/shopee_dag.py
[2026-05-27T02:46:14.209+0000] {logging_mixin.py:188} INFO - [2026-05-27T02:46:14.209+0000] {dag.py:3096} INFO - Sync 1 DAGs
[2026-05-27T02:46:14.237+0000] {logging_mixin.py:188} INFO - [2026-05-27T02:46:14.236+0000] {dag.py:3954} INFO - Setting next_dagrun for shopee_pipeline to 2026-05-27 01:00:00+00:00, run_after=2026-05-28 01:00:00+00:00
[2026-05-27T02:46:14.261+0000] {processor.py:183} INFO - Processing /opt/airflow/dags/shopee_dag.py took 0.190 seconds
[2026-05-27T02:46:44.576+0000] {processor.py:161} INFO - Started process (PID=11727) to work on /opt/airflow/dags/shopee_dag.py
[2026-05-27T02:46:44.577+0000] {processor.py:830} INFO - Processing file /opt/airflow/dags/shopee_dag.py for tasks to queue
[2026-05-27T02:46:44.579+0000] {logging_mixin.py:188} INFO - [2026-05-27T02:46:44.579+0000] {dagbag.py:545} INFO - Filling up the DagBag from /opt/airflow/dags/shopee_dag.py
[2026-05-27T02:46:44.680+0000] {processor.py:840} INFO - DAG(s) 'shopee_pipeline' retrieved from /opt/airflow/dags/shopee_dag.py
[2026-05-27T02:46:44.712+0000] {logging_mixin.py:188} INFO - [2026-05-27T02:46:44.712+0000] {dag.py:3096} INFO - Sync 1 DAGs
[2026-05-27T02:46:44.738+0000] {logging_mixin.py:188} INFO - [2026-05-27T02:46:44.738+0000] {dag.py:3954} INFO - Setting next_dagrun for shopee_pipeline to 2026-05-27 01:00:00+00:00, run_after=2026-05-28 01:00:00+00:00
[2026-05-27T02:46:44.760+0000] {processor.py:183} INFO - Processing /opt/airflow/dags/shopee_dag.py took 0.190 seconds
[2026-05-27T02:47:15.064+0000] {processor.py:161} INFO - Started process (PID=11815) to work on /opt/airflow/dags/shopee_dag.py
[2026-05-27T02:47:15.066+0000] {processor.py:830} INFO - Processing file /opt/airflow/dags/shopee_dag.py for tasks to queue
[2026-05-27T02:47:15.068+0000] {logging_mixin.py:188} INFO - [2026-05-27T02:47:15.067+0000] {dagbag.py:545} INFO - Filling up the DagBag from /opt/airflow/dags/shopee_dag.py
[2026-05-27T02:47:15.200+0000] {processor.py:840} INFO - DAG(s) 'shopee_pipeline' retrieved from /opt/airflow/dags/shopee_dag.py
[2026-05-27T02:47:15.237+0000] {logging_mixin.py:188} INFO - [2026-05-27T02:47:15.237+0000] {dag.py:3096} INFO - Sync 1 DAGs
[2026-05-27T02:47:15.267+0000] {logging_mixin.py:188} INFO - [2026-05-27T02:47:15.267+0000] {dag.py:3954} INFO - Setting next_dagrun for shopee_pipeline to 2026-05-27 01:00:00+00:00, run_after=2026-05-28 01:00:00+00:00
[2026-05-27T02:47:15.295+0000] {processor.py:183} INFO - Processing /opt/airflow/dags/shopee_dag.py took 0.238 seconds
[2026-05-27T02:47:45.702+0000] {processor.py:161} INFO - Started process (PID=11855) to work on /opt/airflow/dags/shopee_dag.py
[2026-05-27T02:47:45.703+0000] {processor.py:830} INFO - Processing file /opt/airflow/dags/shopee_dag.py for tasks to queue
[2026-05-27T02:47:45.705+0000] {logging_mixin.py:188} INFO - [2026-05-27T02:47:45.704+0000] {dagbag.py:545} INFO - Filling up the DagBag from /opt/airflow/dags/shopee_dag.py
[2026-05-27T02:47:45.812+0000] {processor.py:840} INFO - DAG(s) 'shopee_pipeline' retrieved from /opt/airflow/dags/shopee_dag.py
[2026-05-27T02:47:45.844+0000] {logging_mixin.py:188} INFO - [2026-05-27T02:47:45.844+0000] {dag.py:3096} INFO - Sync 1 DAGs
[2026-05-27T02:47:45.868+0000] {logging_mixin.py:188} INFO - [2026-05-27T02:47:45.867+0000] {dag.py:3954} INFO - Setting next_dagrun for shopee_pipeline to 2026-05-27 01:00:00+00:00, run_after=2026-05-28 01:00:00+00:00
[2026-05-27T02:47:45.890+0000] {processor.py:183} INFO - Processing /opt/airflow/dags/shopee_dag.py took 0.195 seconds
[2026-05-27T02:48:16.272+0000] {processor.py:161} INFO - Started process (PID=11979) to work on /opt/airflow/dags/shopee_dag.py
[2026-05-27T02:48:16.273+0000] {processor.py:830} INFO - Processing file /opt/airflow/dags/shopee_dag.py for tasks to queue
[2026-05-27T02:48:16.275+0000] {logging_mixin.py:188} INFO - [2026-05-27T02:48:16.275+0000] {dagbag.py:545} INFO - Filling up the DagBag from /opt/airflow/dags/shopee_dag.py
[2026-05-27T02:48:16.375+0000] {processor.py:840} INFO - DAG(s) 'shopee_pipeline' retrieved from /opt/airflow/dags/shopee_dag.py
[2026-05-27T02:48:16.419+0000] {logging_mixin.py:188} INFO - [2026-05-27T02:48:16.419+0000] {dag.py:3096} INFO - Sync 1 DAGs
[2026-05-27T02:48:16.445+0000] {logging_mixin.py:188} INFO - [2026-05-27T02:48:16.444+0000] {dag.py:3954} INFO - Setting next_dagrun for shopee_pipeline to 2026-05-27 01:00:00+00:00, run_after=2026-05-28 01:00:00+00:00
[2026-05-27T02:48:16.465+0000] {processor.py:183} INFO - Processing /opt/airflow/dags/shopee_dag.py took 0.200 seconds
[2026-05-27T02:48:46.576+0000] {processor.py:161} INFO - Started process (PID=12092) to work on /opt/airflow/dags/shopee_dag.py
[2026-05-27T02:48:46.578+0000] {processor.py:830} INFO - Processing file /opt/airflow/dags/shopee_dag.py for tasks to queue
[2026-05-27T02:48:46.581+0000] {logging_mixin.py:188} INFO - [2026-05-27T02:48:46.581+0000] {dagbag.py:545} INFO - Filling up the DagBag from /opt/airflow/dags/shopee_dag.py
[2026-05-27T02:48:46.767+0000] {processor.py:840} INFO - DAG(s) 'shopee_pipeline' retrieved from /opt/airflow/dags/shopee_dag.py
[2026-05-27T02:48:46.816+0000] {logging_mixin.py:188} INFO - [2026-05-27T02:48:46.816+0000] {dag.py:3096} INFO - Sync 1 DAGs
[2026-05-27T02:48:46.857+0000] {logging_mixin.py:188} INFO - [2026-05-27T02:48:46.856+0000] {dag.py:3954} INFO - Setting next_dagrun for shopee_pipeline to 2026-05-27 01:00:00+00:00, run_after=2026-05-28 01:00:00+00:00
[2026-05-27T02:48:46.890+0000] {processor.py:183} INFO - Processing /opt/airflow/dags/shopee_dag.py took 0.327 seconds
[2026-05-27T02:49:17.216+0000] {processor.py:161} INFO - Started process (PID=12110) to work on /opt/airflow/dags/shopee_dag.py
[2026-05-27T02:49:17.218+0000] {processor.py:830} INFO - Processing file /opt/airflow/dags/shopee_dag.py for tasks to queue
[2026-05-27T02:49:17.220+0000] {logging_mixin.py:188} INFO - [2026-05-27T02:49:17.219+0000] {dagbag.py:545} INFO - Filling up the DagBag from /opt/airflow/dags/shopee_dag.py
[2026-05-27T02:49:17.349+0000] {processor.py:840} INFO - DAG(s) 'shopee_pipeline' retrieved from /opt/airflow/dags/shopee_dag.py
[2026-05-27T02:49:17.385+0000] {logging_mixin.py:188} INFO - [2026-05-27T02:49:17.384+0000] {dag.py:3096} INFO - Sync 1 DAGs
[2026-05-27T02:49:17.422+0000] {logging_mixin.py:188} INFO - [2026-05-27T02:49:17.422+0000] {dag.py:3954} INFO - Setting next_dagrun for shopee_pipeline to 2026-05-27 01:00:00+00:00, run_after=2026-05-28 01:00:00+00:00
[2026-05-27T02:49:17.452+0000] {processor.py:183} INFO - Processing /opt/airflow/dags/shopee_dag.py took 0.245 seconds
[2026-05-27T02:49:47.669+0000] {processor.py:161} INFO - Started process (PID=12230) to work on /opt/airflow/dags/shopee_dag.py
[2026-05-27T02:49:47.670+0000] {processor.py:830} INFO - Processing file /opt/airflow/dags/shopee_dag.py for tasks to queue
[2026-05-27T02:49:47.672+0000] {logging_mixin.py:188} INFO - [2026-05-27T02:49:47.672+0000] {dagbag.py:545} INFO - Filling up the DagBag from /opt/airflow/dags/shopee_dag.py
[2026-05-27T02:49:47.793+0000] {processor.py:840} INFO - DAG(s) 'shopee_pipeline' retrieved from /opt/airflow/dags/shopee_dag.py
[2026-05-27T02:49:47.825+0000] {logging_mixin.py:188} INFO - [2026-05-27T02:49:47.825+0000] {dag.py:3096} INFO - Sync 1 DAGs
[2026-05-27T02:49:47.851+0000] {logging_mixin.py:188} INFO - [2026-05-27T02:49:47.850+0000] {dag.py:3954} INFO - Setting next_dagrun for shopee_pipeline to 2026-05-27 01:00:00+00:00, run_after=2026-05-28 01:00:00+00:00
[2026-05-27T02:49:47.873+0000] {processor.py:183} INFO - Processing /opt/airflow/dags/shopee_dag.py took 0.210 seconds
[2026-05-27T02:50:18.383+0000] {processor.py:161} INFO - Started process (PID=12349) to work on /opt/airflow/dags/shopee_dag.py
[2026-05-27T02:50:18.384+0000] {processor.py:830} INFO - Processing file /opt/airflow/dags/shopee_dag.py for tasks to queue
[2026-05-27T02:50:18.386+0000] {logging_mixin.py:188} INFO - [2026-05-27T02:50:18.385+0000] {dagbag.py:545} INFO - Filling up the DagBag from /opt/airflow/dags/shopee_dag.py
[2026-05-27T02:50:18.490+0000] {processor.py:840} INFO - DAG(s) 'shopee_pipeline' retrieved from /opt/airflow/dags/shopee_dag.py
[2026-05-27T02:50:18.522+0000] {logging_mixin.py:188} INFO - [2026-05-27T02:50:18.522+0000] {dag.py:3096} INFO - Sync 1 DAGs
[2026-05-27T02:50:18.548+0000] {logging_mixin.py:188} INFO - [2026-05-27T02:50:18.547+0000] {dag.py:3954} INFO - Setting next_dagrun for shopee_pipeline to 2026-05-27 01:00:00+00:00, run_after=2026-05-28 01:00:00+00:00
[2026-05-27T02:50:18.569+0000] {processor.py:183} INFO - Processing /opt/airflow/dags/shopee_dag.py took 0.192 seconds
[2026-05-27T02:50:48.696+0000] {processor.py:161} INFO - Started process (PID=12435) to work on /opt/airflow/dags/shopee_dag.py
[2026-05-27T02:50:48.697+0000] {processor.py:830} INFO - Processing file /opt/airflow/dags/shopee_dag.py for tasks to queue
[2026-05-27T02:50:48.699+0000] {logging_mixin.py:188} INFO - [2026-05-27T02:50:48.699+0000] {dagbag.py:545} INFO - Filling up the DagBag from /opt/airflow/dags/shopee_dag.py
[2026-05-27T02:50:48.822+0000] {processor.py:840} INFO - DAG(s) 'shopee_pipeline' retrieved from /opt/airflow/dags/shopee_dag.py
[2026-05-27T02:50:48.855+0000] {logging_mixin.py:188} INFO - [2026-05-27T02:50:48.855+0000] {dag.py:3096} INFO - Sync 1 DAGs
[2026-05-27T02:50:48.881+0000] {logging_mixin.py:188} INFO - [2026-05-27T02:50:48.880+0000] {dag.py:3954} INFO - Setting next_dagrun for shopee_pipeline to 2026-05-27 01:00:00+00:00, run_after=2026-05-28 01:00:00+00:00
[2026-05-27T02:50:48.913+0000] {processor.py:183} INFO - Processing /opt/airflow/dags/shopee_dag.py took 0.223 seconds
[2026-05-27T02:51:19.277+0000] {processor.py:161} INFO - Started process (PID=12480) to work on /opt/airflow/dags/shopee_dag.py
[2026-05-27T02:51:19.279+0000] {processor.py:830} INFO - Processing file /opt/airflow/dags/shopee_dag.py for tasks to queue
[2026-05-27T02:51:19.284+0000] {logging_mixin.py:188} INFO - [2026-05-27T02:51:19.283+0000] {dagbag.py:545} INFO - Filling up the DagBag from /opt/airflow/dags/shopee_dag.py
[2026-05-27T02:51:19.437+0000] {processor.py:840} INFO - DAG(s) 'shopee_pipeline' retrieved from /opt/airflow/dags/shopee_dag.py
[2026-05-27T02:51:19.480+0000] {logging_mixin.py:188} INFO - [2026-05-27T02:51:19.479+0000] {dag.py:3096} INFO - Sync 1 DAGs
[2026-05-27T02:51:19.509+0000] {logging_mixin.py:188} INFO - [2026-05-27T02:51:19.508+0000] {dag.py:3954} INFO - Setting next_dagrun for shopee_pipeline to 2026-05-27 01:00:00+00:00, run_after=2026-05-28 01:00:00+00:00
[2026-05-27T02:51:19.545+0000] {processor.py:183} INFO - Processing /opt/airflow/dags/shopee_dag.py took 0.278 seconds
[2026-05-27T02:51:49.830+0000] {processor.py:161} INFO - Started process (PID=12582) to work on /opt/airflow/dags/shopee_dag.py
[2026-05-27T02:51:49.831+0000] {processor.py:830} INFO - Processing file /opt/airflow/dags/shopee_dag.py for tasks to queue
[2026-05-27T02:51:49.832+0000] {logging_mixin.py:188} INFO - [2026-05-27T02:51:49.832+0000] {dagbag.py:545} INFO - Filling up the DagBag from /opt/airflow/dags/shopee_dag.py
[2026-05-27T02:51:49.934+0000] {processor.py:840} INFO - DAG(s) 'shopee_pipeline' retrieved from /opt/airflow/dags/shopee_dag.py
[2026-05-27T02:51:49.968+0000] {logging_mixin.py:188} INFO - [2026-05-27T02:51:49.968+0000] {dag.py:3096} INFO - Sync 1 DAGs
[2026-05-27T02:51:49.993+0000] {logging_mixin.py:188} INFO - [2026-05-27T02:51:49.993+0000] {dag.py:3954} INFO - Setting next_dagrun for shopee_pipeline to 2026-05-27 01:00:00+00:00, run_after=2026-05-28 01:00:00+00:00
[2026-05-27T02:51:50.013+0000] {processor.py:183} INFO - Processing /opt/airflow/dags/shopee_dag.py took 0.189 seconds
[2026-05-27T02:52:20.347+0000] {processor.py:161} INFO - Started process (PID=12686) to work on /opt/airflow/dags/shopee_dag.py
[2026-05-27T02:52:20.348+0000] {processor.py:830} INFO - Processing file /opt/airflow/dags/shopee_dag.py for tasks to queue
[2026-05-27T02:52:20.350+0000] {logging_mixin.py:188} INFO - [2026-05-27T02:52:20.350+0000] {dagbag.py:545} INFO - Filling up the DagBag from /opt/airflow/dags/shopee_dag.py
[2026-05-27T02:52:20.473+0000] {processor.py:840} INFO - DAG(s) 'shopee_pipeline' retrieved from /opt/airflow/dags/shopee_dag.py
[2026-05-27T02:52:20.513+0000] {logging_mixin.py:188} INFO - [2026-05-27T02:52:20.513+0000] {dag.py:3096} INFO - Sync 1 DAGs
[2026-05-27T02:52:20.545+0000] {logging_mixin.py:188} INFO - [2026-05-27T02:52:20.545+0000] {dag.py:3954} INFO - Setting next_dagrun for shopee_pipeline to 2026-05-27 01:00:00+00:00, run_after=2026-05-28 01:00:00+00:00
[2026-05-27T02:52:20.576+0000] {processor.py:183} INFO - Processing /opt/airflow/dags/shopee_dag.py took 0.236 seconds
[2026-05-27T02:52:50.775+0000] {processor.py:161} INFO - Started process (PID=12771) to work on /opt/airflow/dags/shopee_dag.py
[2026-05-27T02:52:50.776+0000] {processor.py:830} INFO - Processing file /opt/airflow/dags/shopee_dag.py for tasks to queue
[2026-05-27T02:52:50.777+0000] {logging_mixin.py:188} INFO - [2026-05-27T02:52:50.777+0000] {dagbag.py:545} INFO - Filling up the DagBag from /opt/airflow/dags/shopee_dag.py
[2026-05-27T02:52:50.895+0000] {processor.py:840} INFO - DAG(s) 'shopee_pipeline' retrieved from /opt/airflow/dags/shopee_dag.py
[2026-05-27T02:52:50.933+0000] {logging_mixin.py:188} INFO - [2026-05-27T02:52:50.933+0000] {dag.py:3096} INFO - Sync 1 DAGs
[2026-05-27T02:52:50.959+0000] {logging_mixin.py:188} INFO - [2026-05-27T02:52:50.958+0000] {dag.py:3954} INFO - Setting next_dagrun for shopee_pipeline to 2026-05-27 01:00:00+00:00, run_after=2026-05-28 01:00:00+00:00
[2026-05-27T02:52:50.979+0000] {processor.py:183} INFO - Processing /opt/airflow/dags/shopee_dag.py took 0.213 seconds
[2026-05-27T02:53:21.303+0000] {processor.py:161} INFO - Started process (PID=12815) to work on /opt/airflow/dags/shopee_dag.py
[2026-05-27T02:53:21.304+0000] {processor.py:830} INFO - Processing file /opt/airflow/dags/shopee_dag.py for tasks to queue
[2026-05-27T02:53:21.306+0000] {logging_mixin.py:188} INFO - [2026-05-27T02:53:21.306+0000] {dagbag.py:545} INFO - Filling up the DagBag from /opt/airflow/dags/shopee_dag.py
[2026-05-27T02:53:21.429+0000] {processor.py:840} INFO - DAG(s) 'shopee_pipeline' retrieved from /opt/airflow/dags/shopee_dag.py
[2026-05-27T02:53:21.462+0000] {logging_mixin.py:188} INFO - [2026-05-27T02:53:21.462+0000] {dag.py:3096} INFO - Sync 1 DAGs
[2026-05-27T02:53:21.486+0000] {logging_mixin.py:188} INFO - [2026-05-27T02:53:21.486+0000] {dag.py:3954} INFO - Setting next_dagrun for shopee_pipeline to 2026-05-27 01:00:00+00:00, run_after=2026-05-28 01:00:00+00:00
[2026-05-27T02:53:21.517+0000] {processor.py:183} INFO - Processing /opt/airflow/dags/shopee_dag.py took 0.224 seconds
[2026-05-27T02:53:51.629+0000] {processor.py:161} INFO - Started process (PID=12933) to work on /opt/airflow/dags/shopee_dag.py
[2026-05-27T02:53:51.630+0000] {processor.py:830} INFO - Processing file /opt/airflow/dags/shopee_dag.py for tasks to queue
[2026-05-27T02:53:51.632+0000] {logging_mixin.py:188} INFO - [2026-05-27T02:53:51.632+0000] {dagbag.py:545} INFO - Filling up the DagBag from /opt/airflow/dags/shopee_dag.py
[2026-05-27T02:53:51.730+0000] {processor.py:840} INFO - DAG(s) 'shopee_pipeline' retrieved from /opt/airflow/dags/shopee_dag.py
[2026-05-27T02:53:51.761+0000] {logging_mixin.py:188} INFO - [2026-05-27T02:53:51.761+0000] {dag.py:3096} INFO - Sync 1 DAGs
[2026-05-27T02:53:51.787+0000] {logging_mixin.py:188} INFO - [2026-05-27T02:53:51.787+0000] {dag.py:3954} INFO - Setting next_dagrun for shopee_pipeline to 2026-05-27 01:00:00+00:00, run_after=2026-05-28 01:00:00+00:00
[2026-05-27T02:53:51.810+0000] {processor.py:183} INFO - Processing /opt/airflow/dags/shopee_dag.py took 0.186 seconds
[2026-05-27T02:54:22.098+0000] {processor.py:161} INFO - Started process (PID=13024) to work on /opt/airflow/dags/shopee_dag.py
[2026-05-27T02:54:22.099+0000] {processor.py:830} INFO - Processing file /opt/airflow/dags/shopee_dag.py for tasks to queue
[2026-05-27T02:54:22.101+0000] {logging_mixin.py:188} INFO - [2026-05-27T02:54:22.101+0000] {dagbag.py:545} INFO - Filling up the DagBag from /opt/airflow/dags/shopee_dag.py
[2026-05-27T02:54:22.215+0000] {processor.py:840} INFO - DAG(s) 'shopee_pipeline' retrieved from /opt/airflow/dags/shopee_dag.py
[2026-05-27T02:54:22.253+0000] {logging_mixin.py:188} INFO - [2026-05-27T02:54:22.253+0000] {dag.py:3096} INFO - Sync 1 DAGs
[2026-05-27T02:54:22.287+0000] {logging_mixin.py:188} INFO - [2026-05-27T02:54:22.287+0000] {dag.py:3954} INFO - Setting next_dagrun for shopee_pipeline to 2026-05-27 01:00:00+00:00, run_after=2026-05-28 01:00:00+00:00
[2026-05-27T02:54:22.310+0000] {processor.py:183} INFO - Processing /opt/airflow/dags/shopee_dag.py took 0.218 seconds
[2026-05-27T02:54:52.639+0000] {processor.py:161} INFO - Started process (PID=13068) to work on /opt/airflow/dags/shopee_dag.py
[2026-05-27T02:54:52.640+0000] {processor.py:830} INFO - Processing file /opt/airflow/dags/shopee_dag.py for tasks to queue
[2026-05-27T02:54:52.642+0000] {logging_mixin.py:188} INFO - [2026-05-27T02:54:52.642+0000] {dagbag.py:545} INFO - Filling up the DagBag from /opt/airflow/dags/shopee_dag.py
[2026-05-27T02:54:52.781+0000] {processor.py:840} INFO - DAG(s) 'shopee_pipeline' retrieved from /opt/airflow/dags/shopee_dag.py
[2026-05-27T02:54:52.821+0000] {logging_mixin.py:188} INFO - [2026-05-27T02:54:52.821+0000] {dag.py:3096} INFO - Sync 1 DAGs
[2026-05-27T02:54:52.851+0000] {logging_mixin.py:188} INFO - [2026-05-27T02:54:52.850+0000] {dag.py:3954} INFO - Setting next_dagrun for shopee_pipeline to 2026-05-27 01:00:00+00:00, run_after=2026-05-28 01:00:00+00:00
[2026-05-27T02:54:52.886+0000] {processor.py:183} INFO - Processing /opt/airflow/dags/shopee_dag.py took 0.254 seconds
[2026-05-27T02:55:23.023+0000] {processor.py:161} INFO - Started process (PID=13192) to work on /opt/airflow/dags/shopee_dag.py
[2026-05-27T02:55:23.025+0000] {processor.py:830} INFO - Processing file /opt/airflow/dags/shopee_dag.py for tasks to queue
[2026-05-27T02:55:23.028+0000] {logging_mixin.py:188} INFO - [2026-05-27T02:55:23.028+0000] {dagbag.py:545} INFO - Filling up the DagBag from /opt/airflow/dags/shopee_dag.py
[2026-05-27T02:55:23.220+0000] {processor.py:840} INFO - DAG(s) 'shopee_pipeline' retrieved from /opt/airflow/dags/shopee_dag.py
[2026-05-27T02:55:23.273+0000] {logging_mixin.py:188} INFO - [2026-05-27T02:55:23.273+0000] {dag.py:3096} INFO - Sync 1 DAGs
[2026-05-27T02:55:23.311+0000] {logging_mixin.py:188} INFO - [2026-05-27T02:55:23.310+0000] {dag.py:3954} INFO - Setting next_dagrun for shopee_pipeline to 2026-05-27 01:00:00+00:00, run_after=2026-05-28 01:00:00+00:00
[2026-05-27T02:55:23.341+0000] {processor.py:183} INFO - Processing /opt/airflow/dags/shopee_dag.py took 0.329 seconds
[2026-05-27T02:55:53.717+0000] {processor.py:161} INFO - Started process (PID=13214) to work on /opt/airflow/dags/shopee_dag.py
[2026-05-27T02:55:53.718+0000] {processor.py:830} INFO - Processing file /opt/airflow/dags/shopee_dag.py for tasks to queue
[2026-05-27T02:55:53.720+0000] {logging_mixin.py:188} INFO - [2026-05-27T02:55:53.720+0000] {dagbag.py:545} INFO - Filling up the DagBag from /opt/airflow/dags/shopee_dag.py
[2026-05-27T02:55:53.825+0000] {processor.py:840} INFO - DAG(s) 'shopee_pipeline' retrieved from /opt/airflow/dags/shopee_dag.py
[2026-05-27T02:55:53.857+0000] {logging_mixin.py:188} INFO - [2026-05-27T02:55:53.857+0000] {dag.py:3096} INFO - Sync 1 DAGs
[2026-05-27T02:55:53.885+0000] {logging_mixin.py:188} INFO - [2026-05-27T02:55:53.884+0000] {dag.py:3954} INFO - Setting next_dagrun for shopee_pipeline to 2026-05-27 01:00:00+00:00, run_after=2026-05-28 01:00:00+00:00
[2026-05-27T02:55:53.919+0000] {processor.py:183} INFO - Processing /opt/airflow/dags/shopee_dag.py took 0.209 seconds
[2026-05-27T02:56:24.216+0000] {processor.py:161} INFO - Started process (PID=13331) to work on /opt/airflow/dags/shopee_dag.py
[2026-05-27T02:56:24.216+0000] {processor.py:830} INFO - Processing file /opt/airflow/dags/shopee_dag.py for tasks to queue
[2026-05-27T02:56:24.218+0000] {logging_mixin.py:188} INFO - [2026-05-27T02:56:24.218+0000] {dagbag.py:545} INFO - Filling up the DagBag from /opt/airflow/dags/shopee_dag.py
[2026-05-27T02:56:24.334+0000] {processor.py:840} INFO - DAG(s) 'shopee_pipeline' retrieved from /opt/airflow/dags/shopee_dag.py
[2026-05-27T02:56:24.371+0000] {logging_mixin.py:188} INFO - [2026-05-27T02:56:24.371+0000] {dag.py:3096} INFO - Sync 1 DAGs
[2026-05-27T02:56:24.397+0000] {logging_mixin.py:188} INFO - [2026-05-27T02:56:24.397+0000] {dag.py:3954} INFO - Setting next_dagrun for shopee_pipeline to 2026-05-27 01:00:00+00:00, run_after=2026-05-28 01:00:00+00:00
[2026-05-27T02:56:24.420+0000] {processor.py:183} INFO - Processing /opt/airflow/dags/shopee_dag.py took 0.210 seconds
[2026-05-27T02:56:54.472+0000] {processor.py:161} INFO - Started process (PID=13428) to work on /opt/airflow/dags/shopee_dag.py
[2026-05-27T02:56:54.473+0000] {processor.py:830} INFO - Processing file /opt/airflow/dags/shopee_dag.py for tasks to queue
[2026-05-27T02:56:54.474+0000] {logging_mixin.py:188} INFO - [2026-05-27T02:56:54.474+0000] {dagbag.py:545} INFO - Filling up the DagBag from /opt/airflow/dags/shopee_dag.py
[2026-05-27T02:56:54.572+0000] {processor.py:840} INFO - DAG(s) 'shopee_pipeline' retrieved from /opt/airflow/dags/shopee_dag.py
[2026-05-27T02:56:54.603+0000] {logging_mixin.py:188} INFO - [2026-05-27T02:56:54.603+0000] {dag.py:3096} INFO - Sync 1 DAGs
[2026-05-27T02:56:54.631+0000] {logging_mixin.py:188} INFO - [2026-05-27T02:56:54.630+0000] {dag.py:3954} INFO - Setting next_dagrun for shopee_pipeline to 2026-05-27 01:00:00+00:00, run_after=2026-05-28 01:00:00+00:00
[2026-05-27T02:56:54.653+0000] {processor.py:183} INFO - Processing /opt/airflow/dags/shopee_dag.py took 0.188 seconds
[2026-05-27T02:57:24.812+0000] {processor.py:161} INFO - Started process (PID=13485) to work on /opt/airflow/dags/shopee_dag.py
[2026-05-27T02:57:24.814+0000] {processor.py:830} INFO - Processing file /opt/airflow/dags/shopee_dag.py for tasks to queue
[2026-05-27T02:57:24.817+0000] {logging_mixin.py:188} INFO - [2026-05-27T02:57:24.816+0000] {dagbag.py:545} INFO - Filling up the DagBag from /opt/airflow/dags/shopee_dag.py
[2026-05-27T02:57:24.946+0000] {processor.py:840} INFO - DAG(s) 'shopee_pipeline' retrieved from /opt/airflow/dags/shopee_dag.py
[2026-05-27T02:57:24.989+0000] {logging_mixin.py:188} INFO - [2026-05-27T02:57:24.989+0000] {dag.py:3096} INFO - Sync 1 DAGs
[2026-05-27T02:57:25.040+0000] {logging_mixin.py:188} INFO - [2026-05-27T02:57:25.040+0000] {dag.py:3954} INFO - Setting next_dagrun for shopee_pipeline to 2026-05-27 01:00:00+00:00, run_after=2026-05-28 01:00:00+00:00
[2026-05-27T02:57:25.067+0000] {processor.py:183} INFO - Processing /opt/airflow/dags/shopee_dag.py took 0.265 seconds
[2026-05-27T02:57:55.385+0000] {processor.py:161} INFO - Started process (PID=13603) to work on /opt/airflow/dags/shopee_dag.py
[2026-05-27T02:57:55.387+0000] {processor.py:830} INFO - Processing file /opt/airflow/dags/shopee_dag.py for tasks to queue
[2026-05-27T02:57:55.391+0000] {logging_mixin.py:188} INFO - [2026-05-27T02:57:55.391+0000] {dagbag.py:545} INFO - Filling up the DagBag from /opt/airflow/dags/shopee_dag.py
[2026-05-27T02:57:55.638+0000] {processor.py:840} INFO - DAG(s) 'shopee_pipeline' retrieved from /opt/airflow/dags/shopee_dag.py
[2026-05-27T02:57:55.707+0000] {logging_mixin.py:188} INFO - [2026-05-27T02:57:55.706+0000] {dag.py:3096} INFO - Sync 1 DAGs
[2026-05-27T02:57:55.763+0000] {logging_mixin.py:188} INFO - [2026-05-27T02:57:55.762+0000] {dag.py:3954} INFO - Setting next_dagrun for shopee_pipeline to 2026-05-27 01:00:00+00:00, run_after=2026-05-28 01:00:00+00:00
[2026-05-27T02:57:55.819+0000] {processor.py:183} INFO - Processing /opt/airflow/dags/shopee_dag.py took 0.448 seconds
[2026-05-27T02:58:26.328+0000] {processor.py:161} INFO - Started process (PID=13626) to work on /opt/airflow/dags/shopee_dag.py
[2026-05-27T02:58:26.329+0000] {processor.py:830} INFO - Processing file /opt/airflow/dags/shopee_dag.py for tasks to queue
[2026-05-27T02:58:26.331+0000] {logging_mixin.py:188} INFO - [2026-05-27T02:58:26.331+0000] {dagbag.py:545} INFO - Filling up the DagBag from /opt/airflow/dags/shopee_dag.py
[2026-05-27T02:58:26.434+0000] {processor.py:840} INFO - DAG(s) 'shopee_pipeline' retrieved from /opt/airflow/dags/shopee_dag.py
[2026-05-27T02:58:26.474+0000] {logging_mixin.py:188} INFO - [2026-05-27T02:58:26.474+0000] {dag.py:3096} INFO - Sync 1 DAGs
[2026-05-27T02:58:26.503+0000] {logging_mixin.py:188} INFO - [2026-05-27T02:58:26.503+0000] {dag.py:3954} INFO - Setting next_dagrun for shopee_pipeline to 2026-05-27 01:00:00+00:00, run_after=2026-05-28 01:00:00+00:00
[2026-05-27T02:58:26.538+0000] {processor.py:183} INFO - Processing /opt/airflow/dags/shopee_dag.py took 0.216 seconds
[2026-05-27T02:58:56.775+0000] {processor.py:161} INFO - Started process (PID=13748) to work on /opt/airflow/dags/shopee_dag.py
[2026-05-27T02:58:56.775+0000] {processor.py:830} INFO - Processing file /opt/airflow/dags/shopee_dag.py for tasks to queue
[2026-05-27T02:58:56.778+0000] {logging_mixin.py:188} INFO - [2026-05-27T02:58:56.777+0000] {dagbag.py:545} INFO - Filling up the DagBag from /opt/airflow/dags/shopee_dag.py
[2026-05-27T02:58:56.891+0000] {processor.py:840} INFO - DAG(s) 'shopee_pipeline' retrieved from /opt/airflow/dags/shopee_dag.py
[2026-05-27T02:58:56.924+0000] {logging_mixin.py:188} INFO - [2026-05-27T02:58:56.924+0000] {dag.py:3096} INFO - Sync 1 DAGs
[2026-05-27T02:58:56.954+0000] {logging_mixin.py:188} INFO - [2026-05-27T02:58:56.954+0000] {dag.py:3954} INFO - Setting next_dagrun for shopee_pipeline to 2026-05-27 01:00:00+00:00, run_after=2026-05-28 01:00:00+00:00
[2026-05-27T02:58:56.978+0000] {processor.py:183} INFO - Processing /opt/airflow/dags/shopee_dag.py took 0.210 seconds
[2026-05-27T02:59:27.267+0000] {processor.py:161} INFO - Started process (PID=13870) to work on /opt/airflow/dags/shopee_dag.py
[2026-05-27T02:59:27.268+0000] {processor.py:830} INFO - Processing file /opt/airflow/dags/shopee_dag.py for tasks to queue
[2026-05-27T02:59:27.270+0000] {logging_mixin.py:188} INFO - [2026-05-27T02:59:27.270+0000] {dagbag.py:545} INFO - Filling up the DagBag from /opt/airflow/dags/shopee_dag.py
[2026-05-27T02:59:27.395+0000] {processor.py:840} INFO - DAG(s) 'shopee_pipeline' retrieved from /opt/airflow/dags/shopee_dag.py
[2026-05-27T02:59:27.430+0000] {logging_mixin.py:188} INFO - [2026-05-27T02:59:27.430+0000] {dag.py:3096} INFO - Sync 1 DAGs
[2026-05-27T02:59:27.457+0000] {logging_mixin.py:188} INFO - [2026-05-27T02:59:27.457+0000] {dag.py:3954} INFO - Setting next_dagrun for shopee_pipeline to 2026-05-27 01:00:00+00:00, run_after=2026-05-28 01:00:00+00:00
[2026-05-27T02:59:27.479+0000] {processor.py:183} INFO - Processing /opt/airflow/dags/shopee_dag.py took 0.224 seconds
[2026-05-27T02:59:57.811+0000] {processor.py:161} INFO - Started process (PID=13960) to work on /opt/airflow/dags/shopee_dag.py
[2026-05-27T02:59:57.812+0000] {processor.py:830} INFO - Processing file /opt/airflow/dags/shopee_dag.py for tasks to queue
[2026-05-27T02:59:57.815+0000] {logging_mixin.py:188} INFO - [2026-05-27T02:59:57.814+0000] {dagbag.py:545} INFO - Filling up the DagBag from /opt/airflow/dags/shopee_dag.py
[2026-05-27T02:59:57.926+0000] {processor.py:840} INFO - DAG(s) 'shopee_pipeline' retrieved from /opt/airflow/dags/shopee_dag.py
[2026-05-27T02:59:57.956+0000] {logging_mixin.py:188} INFO - [2026-05-27T02:59:57.955+0000] {dag.py:3096} INFO - Sync 1 DAGs
[2026-05-27T02:59:57.980+0000] {logging_mixin.py:188} INFO - [2026-05-27T02:59:57.980+0000] {dag.py:3954} INFO - Setting next_dagrun for shopee_pipeline to 2026-05-27 01:00:00+00:00, run_after=2026-05-28 01:00:00+00:00
[2026-05-27T02:59:58.006+0000] {processor.py:183} INFO - Processing /opt/airflow/dags/shopee_dag.py took 0.202 seconds
[2026-05-27T03:00:28.279+0000] {processor.py:161} INFO - Started process (PID=14014) to work on /opt/airflow/dags/shopee_dag.py
[2026-05-27T03:00:28.280+0000] {processor.py:830} INFO - Processing file /opt/airflow/dags/shopee_dag.py for tasks to queue
[2026-05-27T03:00:28.282+0000] {logging_mixin.py:188} INFO - [2026-05-27T03:00:28.281+0000] {dagbag.py:545} INFO - Filling up the DagBag from /opt/airflow/dags/shopee_dag.py
[2026-05-27T03:00:28.388+0000] {processor.py:840} INFO - DAG(s) 'shopee_pipeline' retrieved from /opt/airflow/dags/shopee_dag.py
[2026-05-27T03:00:28.430+0000] {logging_mixin.py:188} INFO - [2026-05-27T03:00:28.430+0000] {dag.py:3096} INFO - Sync 1 DAGs
[2026-05-27T03:00:28.459+0000] {logging_mixin.py:188} INFO - [2026-05-27T03:00:28.459+0000] {dag.py:3954} INFO - Setting next_dagrun for shopee_pipeline to 2026-05-27 01:00:00+00:00, run_after=2026-05-28 01:00:00+00:00
[2026-05-27T03:00:28.484+0000] {processor.py:183} INFO - Processing /opt/airflow/dags/shopee_dag.py took 0.213 seconds
[2026-05-27T03:00:58.614+0000] {processor.py:161} INFO - Started process (PID=14106) to work on /opt/airflow/dags/shopee_dag.py
[2026-05-27T03:00:58.615+0000] {processor.py:830} INFO - Processing file /opt/airflow/dags/shopee_dag.py for tasks to queue
[2026-05-27T03:00:58.617+0000] {logging_mixin.py:188} INFO - [2026-05-27T03:00:58.617+0000] {dagbag.py:545} INFO - Filling up the DagBag from /opt/airflow/dags/shopee_dag.py
[2026-05-27T03:00:58.760+0000] {processor.py:840} INFO - DAG(s) 'shopee_pipeline' retrieved from /opt/airflow/dags/shopee_dag.py
[2026-05-27T03:00:58.801+0000] {logging_mixin.py:188} INFO - [2026-05-27T03:00:58.801+0000] {dag.py:3096} INFO - Sync 1 DAGs
[2026-05-27T03:00:58.834+0000] {logging_mixin.py:188} INFO - [2026-05-27T03:00:58.834+0000] {dag.py:3954} INFO - Setting next_dagrun for shopee_pipeline to 2026-05-27 01:00:00+00:00, run_after=2026-05-28 01:00:00+00:00
[2026-05-27T03:00:58.880+0000] {processor.py:183} INFO - Processing /opt/airflow/dags/shopee_dag.py took 0.275 seconds
[2026-05-27T03:01:29.234+0000] {processor.py:161} INFO - Started process (PID=14149) to work on /opt/airflow/dags/shopee_dag.py
[2026-05-27T03:01:29.234+0000] {processor.py:830} INFO - Processing file /opt/airflow/dags/shopee_dag.py for tasks to queue
[2026-05-27T03:01:29.237+0000] {logging_mixin.py:188} INFO - [2026-05-27T03:01:29.236+0000] {dagbag.py:545} INFO - Filling up the DagBag from /opt/airflow/dags/shopee_dag.py
[2026-05-27T03:01:29.353+0000] {processor.py:840} INFO - DAG(s) 'shopee_pipeline' retrieved from /opt/airflow/dags/shopee_dag.py
[2026-05-27T03:01:29.387+0000] {logging_mixin.py:188} INFO - [2026-05-27T03:01:29.387+0000] {dag.py:3096} INFO - Sync 1 DAGs
[2026-05-27T03:01:29.414+0000] {logging_mixin.py:188} INFO - [2026-05-27T03:01:29.413+0000] {dag.py:3954} INFO - Setting next_dagrun for shopee_pipeline to 2026-05-27 01:00:00+00:00, run_after=2026-05-28 01:00:00+00:00
[2026-05-27T03:01:29.440+0000] {processor.py:183} INFO - Processing /opt/airflow/dags/shopee_dag.py took 0.213 seconds
[2026-05-27T03:01:59.647+0000] {processor.py:161} INFO - Started process (PID=14272) to work on /opt/airflow/dags/shopee_dag.py
[2026-05-27T03:01:59.648+0000] {processor.py:830} INFO - Processing file /opt/airflow/dags/shopee_dag.py for tasks to queue
[2026-05-27T03:01:59.650+0000] {logging_mixin.py:188} INFO - [2026-05-27T03:01:59.650+0000] {dagbag.py:545} INFO - Filling up the DagBag from /opt/airflow/dags/shopee_dag.py
[2026-05-27T03:01:59.767+0000] {processor.py:840} INFO - DAG(s) 'shopee_pipeline' retrieved from /opt/airflow/dags/shopee_dag.py
[2026-05-27T03:01:59.800+0000] {logging_mixin.py:188} INFO - [2026-05-27T03:01:59.799+0000] {dag.py:3096} INFO - Sync 1 DAGs
[2026-05-27T03:01:59.822+0000] {logging_mixin.py:188} INFO - [2026-05-27T03:01:59.822+0000] {dag.py:3954} INFO - Setting next_dagrun for shopee_pipeline to 2026-05-27 01:00:00+00:00, run_after=2026-05-28 01:00:00+00:00
[2026-05-27T03:01:59.855+0000] {processor.py:183} INFO - Processing /opt/airflow/dags/shopee_dag.py took 0.216 seconds
[2026-05-27T03:02:30.264+0000] {processor.py:161} INFO - Started process (PID=14379) to work on /opt/airflow/dags/shopee_dag.py
[2026-05-27T03:02:30.265+0000] {processor.py:830} INFO - Processing file /opt/airflow/dags/shopee_dag.py for tasks to queue
[2026-05-27T03:02:30.268+0000] {logging_mixin.py:188} INFO - [2026-05-27T03:02:30.268+0000] {dagbag.py:545} INFO - Filling up the DagBag from /opt/airflow/dags/shopee_dag.py
[2026-05-27T03:02:30.439+0000] {processor.py:840} INFO - DAG(s) 'shopee_pipeline' retrieved from /opt/airflow/dags/shopee_dag.py
[2026-05-27T03:02:30.493+0000] {logging_mixin.py:188} INFO - [2026-05-27T03:02:30.492+0000] {dag.py:3096} INFO - Sync 1 DAGs
[2026-05-27T03:02:30.713+0000] {logging_mixin.py:188} INFO - [2026-05-27T03:02:30.713+0000] {dag.py:3954} INFO - Setting next_dagrun for shopee_pipeline to 2026-05-27 01:00:00+00:00, run_after=2026-05-28 01:00:00+00:00
[2026-05-27T03:02:30.748+0000] {processor.py:183} INFO - Processing /opt/airflow/dags/shopee_dag.py took 0.497 seconds
[2026-05-27T03:03:01.041+0000] {processor.py:161} INFO - Started process (PID=14410) to work on /opt/airflow/dags/shopee_dag.py
[2026-05-27T03:03:01.042+0000] {processor.py:830} INFO - Processing file /opt/airflow/dags/shopee_dag.py for tasks to queue
[2026-05-27T03:03:01.044+0000] {logging_mixin.py:188} INFO - [2026-05-27T03:03:01.044+0000] {dagbag.py:545} INFO - Filling up the DagBag from /opt/airflow/dags/shopee_dag.py
[2026-05-27T03:03:01.153+0000] {processor.py:840} INFO - DAG(s) 'shopee_pipeline' retrieved from /opt/airflow/dags/shopee_dag.py
[2026-05-27T03:03:01.192+0000] {logging_mixin.py:188} INFO - [2026-05-27T03:03:01.192+0000] {dag.py:3096} INFO - Sync 1 DAGs
[2026-05-27T03:03:01.220+0000] {logging_mixin.py:188} INFO - [2026-05-27T03:03:01.220+0000] {dag.py:3954} INFO - Setting next_dagrun for shopee_pipeline to 2026-05-27 01:00:00+00:00, run_after=2026-05-28 01:00:00+00:00
[2026-05-27T03:03:01.255+0000] {processor.py:183} INFO - Processing /opt/airflow/dags/shopee_dag.py took 0.220 seconds
[2026-05-27T03:03:31.572+0000] {processor.py:161} INFO - Started process (PID=14514) to work on /opt/airflow/dags/shopee_dag.py
[2026-05-27T03:03:31.573+0000] {processor.py:830} INFO - Processing file /opt/airflow/dags/shopee_dag.py for tasks to queue
[2026-05-27T03:03:31.575+0000] {logging_mixin.py:188} INFO - [2026-05-27T03:03:31.575+0000] {dagbag.py:545} INFO - Filling up the DagBag from /opt/airflow/dags/shopee_dag.py
[2026-05-27T03:03:31.690+0000] {processor.py:840} INFO - DAG(s) 'shopee_pipeline' retrieved from /opt/airflow/dags/shopee_dag.py
[2026-05-27T03:03:31.731+0000] {logging_mixin.py:188} INFO - [2026-05-27T03:03:31.730+0000] {dag.py:3096} INFO - Sync 1 DAGs
[2026-05-27T03:03:31.868+0000] {logging_mixin.py:188} INFO - [2026-05-27T03:03:31.868+0000] {dag.py:3954} INFO - Setting next_dagrun for shopee_pipeline to 2026-05-27 01:00:00+00:00, run_after=2026-05-28 01:00:00+00:00
[2026-05-27T03:03:31.895+0000] {processor.py:183} INFO - Processing /opt/airflow/dags/shopee_dag.py took 0.330 seconds
[2026-05-27T03:04:02.263+0000] {processor.py:161} INFO - Started process (PID=14605) to work on /opt/airflow/dags/shopee_dag.py
[2026-05-27T03:04:02.265+0000] {processor.py:830} INFO - Processing file /opt/airflow/dags/shopee_dag.py for tasks to queue
[2026-05-27T03:04:02.267+0000] {logging_mixin.py:188} INFO - [2026-05-27T03:04:02.267+0000] {dagbag.py:545} INFO - Filling up the DagBag from /opt/airflow/dags/shopee_dag.py
[2026-05-27T03:04:02.381+0000] {processor.py:840} INFO - DAG(s) 'shopee_pipeline' retrieved from /opt/airflow/dags/shopee_dag.py
[2026-05-27T03:04:02.416+0000] {logging_mixin.py:188} INFO - [2026-05-27T03:04:02.415+0000] {dag.py:3096} INFO - Sync 1 DAGs
[2026-05-27T03:04:02.445+0000] {logging_mixin.py:188} INFO - [2026-05-27T03:04:02.444+0000] {dag.py:3954} INFO - Setting next_dagrun for shopee_pipeline to 2026-05-27 01:00:00+00:00, run_after=2026-05-28 01:00:00+00:00
[2026-05-27T03:04:02.597+0000] {processor.py:183} INFO - Processing /opt/airflow/dags/shopee_dag.py took 0.344 seconds
[2026-05-27T03:04:33.301+0000] {processor.py:161} INFO - Started process (PID=14652) to work on /opt/airflow/dags/shopee_dag.py
[2026-05-27T03:04:33.302+0000] {processor.py:830} INFO - Processing file /opt/airflow/dags/shopee_dag.py for tasks to queue
[2026-05-27T03:04:33.304+0000] {logging_mixin.py:188} INFO - [2026-05-27T03:04:33.304+0000] {dagbag.py:545} INFO - Filling up the DagBag from /opt/airflow/dags/shopee_dag.py
[2026-05-27T03:04:33.414+0000] {processor.py:840} INFO - DAG(s) 'shopee_pipeline' retrieved from /opt/airflow/dags/shopee_dag.py
[2026-05-27T03:04:33.449+0000] {logging_mixin.py:188} INFO - [2026-05-27T03:04:33.449+0000] {dag.py:3096} INFO - Sync 1 DAGs
[2026-05-27T03:04:33.569+0000] {logging_mixin.py:188} INFO - [2026-05-27T03:04:33.568+0000] {dag.py:3954} INFO - Setting next_dagrun for shopee_pipeline to 2026-05-27 01:00:00+00:00, run_after=2026-05-28 01:00:00+00:00
[2026-05-27T03:04:33.594+0000] {processor.py:183} INFO - Processing /opt/airflow/dags/shopee_dag.py took 0.298 seconds
[2026-05-27T03:05:04.025+0000] {processor.py:161} INFO - Started process (PID=14774) to work on /opt/airflow/dags/shopee_dag.py
[2026-05-27T03:05:04.026+0000] {processor.py:830} INFO - Processing file /opt/airflow/dags/shopee_dag.py for tasks to queue
[2026-05-27T03:05:04.028+0000] {logging_mixin.py:188} INFO - [2026-05-27T03:05:04.027+0000] {dagbag.py:545} INFO - Filling up the DagBag from /opt/airflow/dags/shopee_dag.py
[2026-05-27T03:05:04.122+0000] {processor.py:840} INFO - DAG(s) 'shopee_pipeline' retrieved from /opt/airflow/dags/shopee_dag.py
[2026-05-27T03:05:04.152+0000] {logging_mixin.py:188} INFO - [2026-05-27T03:05:04.152+0000] {dag.py:3096} INFO - Sync 1 DAGs
[2026-05-27T03:05:04.284+0000] {logging_mixin.py:188} INFO - [2026-05-27T03:05:04.284+0000] {dag.py:3954} INFO - Setting next_dagrun for shopee_pipeline to 2026-05-27 01:00:00+00:00, run_after=2026-05-28 01:00:00+00:00
[2026-05-27T03:05:04.308+0000] {processor.py:183} INFO - Processing /opt/airflow/dags/shopee_dag.py took 0.291 seconds
[2026-05-27T03:05:34.623+0000] {processor.py:161} INFO - Started process (PID=14891) to work on /opt/airflow/dags/shopee_dag.py
[2026-05-27T03:05:34.624+0000] {processor.py:830} INFO - Processing file /opt/airflow/dags/shopee_dag.py for tasks to queue
[2026-05-27T03:05:34.627+0000] {logging_mixin.py:188} INFO - [2026-05-27T03:05:34.626+0000] {dagbag.py:545} INFO - Filling up the DagBag from /opt/airflow/dags/shopee_dag.py
[2026-05-27T03:05:34.783+0000] {processor.py:840} INFO - DAG(s) 'shopee_pipeline' retrieved from /opt/airflow/dags/shopee_dag.py
[2026-05-27T03:05:34.827+0000] {logging_mixin.py:188} INFO - [2026-05-27T03:05:34.827+0000] {dag.py:3096} INFO - Sync 1 DAGs
[2026-05-27T03:05:34.859+0000] {logging_mixin.py:188} INFO - [2026-05-27T03:05:34.859+0000] {dag.py:3954} INFO - Setting next_dagrun for shopee_pipeline to 2026-05-27 01:00:00+00:00, run_after=2026-05-28 01:00:00+00:00
[2026-05-27T03:05:35.027+0000] {processor.py:183} INFO - Processing /opt/airflow/dags/shopee_dag.py took 0.418 seconds
[2026-05-27T03:06:05.337+0000] {processor.py:161} INFO - Started process (PID=14905) to work on /opt/airflow/dags/shopee_dag.py
[2026-05-27T03:06:05.338+0000] {processor.py:830} INFO - Processing file /opt/airflow/dags/shopee_dag.py for tasks to queue
[2026-05-27T03:06:05.339+0000] {logging_mixin.py:188} INFO - [2026-05-27T03:06:05.339+0000] {dagbag.py:545} INFO - Filling up the DagBag from /opt/airflow/dags/shopee_dag.py
[2026-05-27T03:06:05.458+0000] {processor.py:840} INFO - DAG(s) 'shopee_pipeline' retrieved from /opt/airflow/dags/shopee_dag.py
[2026-05-27T03:06:05.490+0000] {logging_mixin.py:188} INFO - [2026-05-27T03:06:05.490+0000] {dag.py:3096} INFO - Sync 1 DAGs
[2026-05-27T03:06:05.622+0000] {logging_mixin.py:188} INFO - [2026-05-27T03:06:05.622+0000] {dag.py:3954} INFO - Setting next_dagrun for shopee_pipeline to 2026-05-27 01:00:00+00:00, run_after=2026-05-28 01:00:00+00:00
[2026-05-27T03:06:05.642+0000] {processor.py:183} INFO - Processing /opt/airflow/dags/shopee_dag.py took 0.311 seconds
[2026-05-27T03:06:35.936+0000] {processor.py:161} INFO - Started process (PID=15031) to work on /opt/airflow/dags/shopee_dag.py
[2026-05-27T03:06:35.937+0000] {processor.py:830} INFO - Processing file /opt/airflow/dags/shopee_dag.py for tasks to queue
[2026-05-27T03:06:35.939+0000] {logging_mixin.py:188} INFO - [2026-05-27T03:06:35.939+0000] {dagbag.py:545} INFO - Filling up the DagBag from /opt/airflow/dags/shopee_dag.py
[2026-05-27T03:06:36.115+0000] {processor.py:840} INFO - DAG(s) 'shopee_pipeline' retrieved from /opt/airflow/dags/shopee_dag.py
[2026-05-27T03:06:36.191+0000] {logging_mixin.py:188} INFO - [2026-05-27T03:06:36.190+0000] {dag.py:3096} INFO - Sync 1 DAGs
[2026-05-27T03:06:36.404+0000] {logging_mixin.py:188} INFO - [2026-05-27T03:06:36.404+0000] {dag.py:3954} INFO - Setting next_dagrun for shopee_pipeline to 2026-05-27 01:00:00+00:00, run_after=2026-05-28 01:00:00+00:00
[2026-05-27T03:06:36.425+0000] {processor.py:183} INFO - Processing /opt/airflow/dags/shopee_dag.py took 0.497 seconds
[2026-05-27T03:07:06.953+0000] {processor.py:161} INFO - Started process (PID=15044) to work on /opt/airflow/dags/shopee_dag.py
[2026-05-27T03:07:06.954+0000] {processor.py:830} INFO - Processing file /opt/airflow/dags/shopee_dag.py for tasks to queue
[2026-05-27T03:07:06.956+0000] {logging_mixin.py:188} INFO - [2026-05-27T03:07:06.956+0000] {dagbag.py:545} INFO - Filling up the DagBag from /opt/airflow/dags/shopee_dag.py
[2026-05-27T03:07:07.078+0000] {processor.py:840} INFO - DAG(s) 'shopee_pipeline' retrieved from /opt/airflow/dags/shopee_dag.py
[2026-05-27T03:07:07.223+0000] {logging_mixin.py:188} INFO - [2026-05-27T03:07:07.222+0000] {dag.py:3096} INFO - Sync 1 DAGs
[2026-05-27T03:07:07.254+0000] {logging_mixin.py:188} INFO - [2026-05-27T03:07:07.254+0000] {dag.py:3954} INFO - Setting next_dagrun for shopee_pipeline to 2026-05-27 01:00:00+00:00, run_after=2026-05-28 01:00:00+00:00
[2026-05-27T03:07:07.282+0000] {processor.py:183} INFO - Processing /opt/airflow/dags/shopee_dag.py took 0.338 seconds
[2026-05-27T03:07:37.637+0000] {processor.py:161} INFO - Started process (PID=15177) to work on /opt/airflow/dags/shopee_dag.py
[2026-05-27T03:07:37.638+0000] {processor.py:830} INFO - Processing file /opt/airflow/dags/shopee_dag.py for tasks to queue
[2026-05-27T03:07:37.640+0000] {logging_mixin.py:188} INFO - [2026-05-27T03:07:37.640+0000] {dagbag.py:545} INFO - Filling up the DagBag from /opt/airflow/dags/shopee_dag.py
[2026-05-27T03:07:37.861+0000] {processor.py:840} INFO - DAG(s) 'shopee_pipeline' retrieved from /opt/airflow/dags/shopee_dag.py
[2026-05-27T03:07:37.893+0000] {logging_mixin.py:188} INFO - [2026-05-27T03:07:37.893+0000] {dag.py:3096} INFO - Sync 1 DAGs
[2026-05-27T03:07:37.918+0000] {logging_mixin.py:188} INFO - [2026-05-27T03:07:37.917+0000] {dag.py:3954} INFO - Setting next_dagrun for shopee_pipeline to 2026-05-27 01:00:00+00:00, run_after=2026-05-28 01:00:00+00:00
[2026-05-27T03:07:37.940+0000] {processor.py:183} INFO - Processing /opt/airflow/dags/shopee_dag.py took 0.309 seconds
[2026-05-27T03:08:08.236+0000] {processor.py:161} INFO - Started process (PID=15190) to work on /opt/airflow/dags/shopee_dag.py
[2026-05-27T03:08:08.238+0000] {processor.py:830} INFO - Processing file /opt/airflow/dags/shopee_dag.py for tasks to queue
[2026-05-27T03:08:08.240+0000] {logging_mixin.py:188} INFO - [2026-05-27T03:08:08.240+0000] {dagbag.py:545} INFO - Filling up the DagBag from /opt/airflow/dags/shopee_dag.py
[2026-05-27T03:08:08.343+0000] {processor.py:840} INFO - DAG(s) 'shopee_pipeline' retrieved from /opt/airflow/dags/shopee_dag.py
[2026-05-27T03:08:08.521+0000] {logging_mixin.py:188} INFO - [2026-05-27T03:08:08.521+0000] {dag.py:3096} INFO - Sync 1 DAGs
[2026-05-27T03:08:08.548+0000] {logging_mixin.py:188} INFO - [2026-05-27T03:08:08.547+0000] {dag.py:3954} INFO - Setting next_dagrun for shopee_pipeline to 2026-05-27 01:00:00+00:00, run_after=2026-05-28 01:00:00+00:00
[2026-05-27T03:08:08.582+0000] {processor.py:183} INFO - Processing /opt/airflow/dags/shopee_dag.py took 0.352 seconds
[2026-05-27T03:08:38.795+0000] {processor.py:161} INFO - Started process (PID=15296) to work on /opt/airflow/dags/shopee_dag.py
[2026-05-27T03:08:38.796+0000] {processor.py:830} INFO - Processing file /opt/airflow/dags/shopee_dag.py for tasks to queue
[2026-05-27T03:08:38.798+0000] {logging_mixin.py:188} INFO - [2026-05-27T03:08:38.797+0000] {dagbag.py:545} INFO - Filling up the DagBag from /opt/airflow/dags/shopee_dag.py
[2026-05-27T03:08:39.021+0000] {processor.py:840} INFO - DAG(s) 'shopee_pipeline' retrieved from /opt/airflow/dags/shopee_dag.py
[2026-05-27T03:08:39.048+0000] {logging_mixin.py:188} INFO - [2026-05-27T03:08:39.048+0000] {dag.py:3096} INFO - Sync 1 DAGs
[2026-05-27T03:08:39.068+0000] {logging_mixin.py:188} INFO - [2026-05-27T03:08:39.067+0000] {dag.py:3954} INFO - Setting next_dagrun for shopee_pipeline to 2026-05-27 01:00:00+00:00, run_after=2026-05-28 01:00:00+00:00
[2026-05-27T03:08:39.098+0000] {processor.py:183} INFO - Processing /opt/airflow/dags/shopee_dag.py took 0.308 seconds
[2026-05-27T03:09:09.171+0000] {processor.py:161} INFO - Started process (PID=15421) to work on /opt/airflow/dags/shopee_dag.py
[2026-05-27T03:09:09.172+0000] {processor.py:830} INFO - Processing file /opt/airflow/dags/shopee_dag.py for tasks to queue
[2026-05-27T03:09:09.174+0000] {logging_mixin.py:188} INFO - [2026-05-27T03:09:09.174+0000] {dagbag.py:545} INFO - Filling up the DagBag from /opt/airflow/dags/shopee_dag.py
[2026-05-27T03:09:09.397+0000] {processor.py:840} INFO - DAG(s) 'shopee_pipeline' retrieved from /opt/airflow/dags/shopee_dag.py
[2026-05-27T03:09:09.425+0000] {logging_mixin.py:188} INFO - [2026-05-27T03:09:09.425+0000] {dag.py:3096} INFO - Sync 1 DAGs
[2026-05-27T03:09:09.448+0000] {logging_mixin.py:188} INFO - [2026-05-27T03:09:09.448+0000] {dag.py:3954} INFO - Setting next_dagrun for shopee_pipeline to 2026-05-27 01:00:00+00:00, run_after=2026-05-28 01:00:00+00:00
[2026-05-27T03:09:09.479+0000] {processor.py:183} INFO - Processing /opt/airflow/dags/shopee_dag.py took 0.316 seconds
[2026-05-27T03:09:39.776+0000] {processor.py:161} INFO - Started process (PID=15506) to work on /opt/airflow/dags/shopee_dag.py
[2026-05-27T03:09:39.777+0000] {processor.py:830} INFO - Processing file /opt/airflow/dags/shopee_dag.py for tasks to queue
[2026-05-27T03:09:39.778+0000] {logging_mixin.py:188} INFO - [2026-05-27T03:09:39.778+0000] {dagbag.py:545} INFO - Filling up the DagBag from /opt/airflow/dags/shopee_dag.py
[2026-05-27T03:09:40.046+0000] {processor.py:840} INFO - DAG(s) 'shopee_pipeline' retrieved from /opt/airflow/dags/shopee_dag.py
[2026-05-27T03:09:40.075+0000] {logging_mixin.py:188} INFO - [2026-05-27T03:09:40.075+0000] {dag.py:3096} INFO - Sync 1 DAGs
[2026-05-27T03:09:40.099+0000] {logging_mixin.py:188} INFO - [2026-05-27T03:09:40.099+0000] {dag.py:3954} INFO - Setting next_dagrun for shopee_pipeline to 2026-05-27 01:00:00+00:00, run_after=2026-05-28 01:00:00+00:00
[2026-05-27T03:09:40.123+0000] {processor.py:183} INFO - Processing /opt/airflow/dags/shopee_dag.py took 0.355 seconds
[2026-05-27T03:10:10.691+0000] {processor.py:161} INFO - Started process (PID=15526) to work on /opt/airflow/dags/shopee_dag.py
[2026-05-27T03:10:10.692+0000] {processor.py:830} INFO - Processing file /opt/airflow/dags/shopee_dag.py for tasks to queue
[2026-05-27T03:10:10.695+0000] {logging_mixin.py:188} INFO - [2026-05-27T03:10:10.694+0000] {dagbag.py:545} INFO - Filling up the DagBag from /opt/airflow/dags/shopee_dag.py
[2026-05-27T03:10:10.919+0000] {processor.py:840} INFO - DAG(s) 'shopee_pipeline' retrieved from /opt/airflow/dags/shopee_dag.py
[2026-05-27T03:10:10.949+0000] {logging_mixin.py:188} INFO - [2026-05-27T03:10:10.949+0000] {dag.py:3096} INFO - Sync 1 DAGs
[2026-05-27T03:10:10.975+0000] {logging_mixin.py:188} INFO - [2026-05-27T03:10:10.975+0000] {dag.py:3954} INFO - Setting next_dagrun for shopee_pipeline to 2026-05-27 01:00:00+00:00, run_after=2026-05-28 01:00:00+00:00
[2026-05-27T03:10:10.998+0000] {processor.py:183} INFO - Processing /opt/airflow/dags/shopee_dag.py took 0.316 seconds
[2026-05-27T03:10:41.360+0000] {processor.py:161} INFO - Started process (PID=15618) to work on /opt/airflow/dags/shopee_dag.py
[2026-05-27T03:10:41.361+0000] {processor.py:830} INFO - Processing file /opt/airflow/dags/shopee_dag.py for tasks to queue
[2026-05-27T03:10:41.363+0000] {logging_mixin.py:188} INFO - [2026-05-27T03:10:41.362+0000] {dagbag.py:545} INFO - Filling up the DagBag from /opt/airflow/dags/shopee_dag.py
[2026-05-27T03:10:41.553+0000] {processor.py:840} INFO - DAG(s) 'shopee_pipeline' retrieved from /opt/airflow/dags/shopee_dag.py
[2026-05-27T03:10:41.579+0000] {logging_mixin.py:188} INFO - [2026-05-27T03:10:41.578+0000] {dag.py:3096} INFO - Sync 1 DAGs
[2026-05-27T03:10:41.599+0000] {logging_mixin.py:188} INFO - [2026-05-27T03:10:41.599+0000] {dag.py:3954} INFO - Setting next_dagrun for shopee_pipeline to 2026-05-27 01:00:00+00:00, run_after=2026-05-28 01:00:00+00:00
[2026-05-27T03:10:41.629+0000] {processor.py:183} INFO - Processing /opt/airflow/dags/shopee_dag.py took 0.274 seconds
[2026-05-27T03:11:11.905+0000] {processor.py:161} INFO - Started process (PID=15643) to work on /opt/airflow/dags/shopee_dag.py
[2026-05-27T03:11:11.907+0000] {processor.py:830} INFO - Processing file /opt/airflow/dags/shopee_dag.py for tasks to queue
[2026-05-27T03:11:11.913+0000] {logging_mixin.py:188} INFO - [2026-05-27T03:11:11.913+0000] {dagbag.py:545} INFO - Filling up the DagBag from /opt/airflow/dags/shopee_dag.py
[2026-05-27T03:11:12.214+0000] {processor.py:840} INFO - DAG(s) 'shopee_pipeline' retrieved from /opt/airflow/dags/shopee_dag.py
[2026-05-27T03:11:12.242+0000] {logging_mixin.py:188} INFO - [2026-05-27T03:11:12.242+0000] {dag.py:3096} INFO - Sync 1 DAGs
[2026-05-27T03:11:12.266+0000] {logging_mixin.py:188} INFO - [2026-05-27T03:11:12.266+0000] {dag.py:3954} INFO - Setting next_dagrun for shopee_pipeline to 2026-05-27 01:00:00+00:00, run_after=2026-05-28 01:00:00+00:00
[2026-05-27T03:11:12.288+0000] {processor.py:183} INFO - Processing /opt/airflow/dags/shopee_dag.py took 0.399 seconds
[2026-05-27T03:11:42.687+0000] {processor.py:161} INFO - Started process (PID=15763) to work on /opt/airflow/dags/shopee_dag.py
[2026-05-27T03:11:42.688+0000] {processor.py:830} INFO - Processing file /opt/airflow/dags/shopee_dag.py for tasks to queue
[2026-05-27T03:11:42.690+0000] {logging_mixin.py:188} INFO - [2026-05-27T03:11:42.690+0000] {dagbag.py:545} INFO - Filling up the DagBag from /opt/airflow/dags/shopee_dag.py
[2026-05-27T03:11:42.918+0000] {processor.py:840} INFO - DAG(s) 'shopee_pipeline' retrieved from /opt/airflow/dags/shopee_dag.py
[2026-05-27T03:11:42.953+0000] {logging_mixin.py:188} INFO - [2026-05-27T03:11:42.953+0000] {dag.py:3096} INFO - Sync 1 DAGs
[2026-05-27T03:11:42.990+0000] {logging_mixin.py:188} INFO - [2026-05-27T03:11:42.989+0000] {dag.py:3954} INFO - Setting next_dagrun for shopee_pipeline to 2026-05-27 01:00:00+00:00, run_after=2026-05-28 01:00:00+00:00
[2026-05-27T03:11:43.014+0000] {processor.py:183} INFO - Processing /opt/airflow/dags/shopee_dag.py took 0.335 seconds
[2026-05-27T03:12:13.207+0000] {processor.py:161} INFO - Started process (PID=15883) to work on /opt/airflow/dags/shopee_dag.py
[2026-05-27T03:12:13.210+0000] {processor.py:830} INFO - Processing file /opt/airflow/dags/shopee_dag.py for tasks to queue
[2026-05-27T03:12:13.213+0000] {logging_mixin.py:188} INFO - [2026-05-27T03:12:13.212+0000] {dagbag.py:545} INFO - Filling up the DagBag from /opt/airflow/dags/shopee_dag.py
[2026-05-27T03:12:13.474+0000] {processor.py:840} INFO - DAG(s) 'shopee_pipeline' retrieved from /opt/airflow/dags/shopee_dag.py
[2026-05-27T03:12:13.505+0000] {logging_mixin.py:188} INFO - [2026-05-27T03:12:13.505+0000] {dag.py:3096} INFO - Sync 1 DAGs
[2026-05-27T03:12:13.529+0000] {logging_mixin.py:188} INFO - [2026-05-27T03:12:13.529+0000] {dag.py:3954} INFO - Setting next_dagrun for shopee_pipeline to 2026-05-27 01:00:00+00:00, run_after=2026-05-28 01:00:00+00:00
[2026-05-27T03:12:13.559+0000] {processor.py:183} INFO - Processing /opt/airflow/dags/shopee_dag.py took 0.369 seconds
[2026-05-27T03:12:43.904+0000] {processor.py:161} INFO - Started process (PID=15906) to work on /opt/airflow/dags/shopee_dag.py
[2026-05-27T03:12:43.905+0000] {processor.py:830} INFO - Processing file /opt/airflow/dags/shopee_dag.py for tasks to queue
[2026-05-27T03:12:43.907+0000] {logging_mixin.py:188} INFO - [2026-05-27T03:12:43.907+0000] {dagbag.py:545} INFO - Filling up the DagBag from /opt/airflow/dags/shopee_dag.py
[2026-05-27T03:12:44.127+0000] {processor.py:840} INFO - DAG(s) 'shopee_pipeline' retrieved from /opt/airflow/dags/shopee_dag.py
[2026-05-27T03:12:44.158+0000] {logging_mixin.py:188} INFO - [2026-05-27T03:12:44.157+0000] {dag.py:3096} INFO - Sync 1 DAGs
[2026-05-27T03:12:44.185+0000] {logging_mixin.py:188} INFO - [2026-05-27T03:12:44.185+0000] {dag.py:3954} INFO - Setting next_dagrun for shopee_pipeline to 2026-05-27 01:00:00+00:00, run_after=2026-05-28 01:00:00+00:00
[2026-05-27T03:12:44.209+0000] {processor.py:183} INFO - Processing /opt/airflow/dags/shopee_dag.py took 0.312 seconds
[2026-05-27T03:13:14.875+0000] {processor.py:161} INFO - Started process (PID=16028) to work on /opt/airflow/dags/shopee_dag.py
[2026-05-27T03:13:14.876+0000] {processor.py:830} INFO - Processing file /opt/airflow/dags/shopee_dag.py for tasks to queue
[2026-05-27T03:13:14.877+0000] {logging_mixin.py:188} INFO - [2026-05-27T03:13:14.877+0000] {dagbag.py:545} INFO - Filling up the DagBag from /opt/airflow/dags/shopee_dag.py
[2026-05-27T03:13:15.103+0000] {processor.py:840} INFO - DAG(s) 'shopee_pipeline' retrieved from /opt/airflow/dags/shopee_dag.py
[2026-05-27T03:13:15.134+0000] {logging_mixin.py:188} INFO - [2026-05-27T03:13:15.134+0000] {dag.py:3096} INFO - Sync 1 DAGs
[2026-05-27T03:13:15.154+0000] {logging_mixin.py:188} INFO - [2026-05-27T03:13:15.154+0000] {dag.py:3954} INFO - Setting next_dagrun for shopee_pipeline to 2026-05-27 01:00:00+00:00, run_after=2026-05-28 01:00:00+00:00
[2026-05-27T03:13:15.173+0000] {processor.py:183} INFO - Processing /opt/airflow/dags/shopee_dag.py took 0.305 seconds
[2026-05-27T03:13:45.277+0000] {processor.py:161} INFO - Started process (PID=16125) to work on /opt/airflow/dags/shopee_dag.py
[2026-05-27T03:13:45.279+0000] {processor.py:830} INFO - Processing file /opt/airflow/dags/shopee_dag.py for tasks to queue
[2026-05-27T03:13:45.281+0000] {logging_mixin.py:188} INFO - [2026-05-27T03:13:45.281+0000] {dagbag.py:545} INFO - Filling up the DagBag from /opt/airflow/dags/shopee_dag.py
[2026-05-27T03:13:45.608+0000] {processor.py:840} INFO - DAG(s) 'shopee_pipeline' retrieved from /opt/airflow/dags/shopee_dag.py
[2026-05-27T03:13:45.650+0000] {logging_mixin.py:188} INFO - [2026-05-27T03:13:45.649+0000] {dag.py:3096} INFO - Sync 1 DAGs
[2026-05-27T03:13:45.682+0000] {logging_mixin.py:188} INFO - [2026-05-27T03:13:45.681+0000] {dag.py:3954} INFO - Setting next_dagrun for shopee_pipeline to 2026-05-27 01:00:00+00:00, run_after=2026-05-28 01:00:00+00:00
[2026-05-27T03:13:45.712+0000] {processor.py:183} INFO - Processing /opt/airflow/dags/shopee_dag.py took 0.446 seconds
[2026-05-27T03:14:15.955+0000] {processor.py:161} INFO - Started process (PID=16159) to work on /opt/airflow/dags/shopee_dag.py
[2026-05-27T03:14:15.955+0000] {processor.py:830} INFO - Processing file /opt/airflow/dags/shopee_dag.py for tasks to queue
[2026-05-27T03:14:15.957+0000] {logging_mixin.py:188} INFO - [2026-05-27T03:14:15.957+0000] {dagbag.py:545} INFO - Filling up the DagBag from /opt/airflow/dags/shopee_dag.py
[2026-05-27T03:14:16.167+0000] {processor.py:840} INFO - DAG(s) 'shopee_pipeline' retrieved from /opt/airflow/dags/shopee_dag.py
[2026-05-27T03:14:16.220+0000] {logging_mixin.py:188} INFO - [2026-05-27T03:14:16.220+0000] {dag.py:3096} INFO - Sync 1 DAGs
[2026-05-27T03:14:16.244+0000] {logging_mixin.py:188} INFO - [2026-05-27T03:14:16.244+0000] {dag.py:3954} INFO - Setting next_dagrun for shopee_pipeline to 2026-05-27 01:00:00+00:00, run_after=2026-05-28 01:00:00+00:00
[2026-05-27T03:14:16.271+0000] {processor.py:183} INFO - Processing /opt/airflow/dags/shopee_dag.py took 0.323 seconds
[2026-05-27T03:14:46.833+0000] {processor.py:161} INFO - Started process (PID=16283) to work on /opt/airflow/dags/shopee_dag.py
[2026-05-27T03:14:46.834+0000] {processor.py:830} INFO - Processing file /opt/airflow/dags/shopee_dag.py for tasks to queue
[2026-05-27T03:14:46.836+0000] {logging_mixin.py:188} INFO - [2026-05-27T03:14:46.836+0000] {dagbag.py:545} INFO - Filling up the DagBag from /opt/airflow/dags/shopee_dag.py
[2026-05-27T03:14:47.062+0000] {processor.py:840} INFO - DAG(s) 'shopee_pipeline' retrieved from /opt/airflow/dags/shopee_dag.py
[2026-05-27T03:14:47.093+0000] {logging_mixin.py:188} INFO - [2026-05-27T03:14:47.093+0000] {dag.py:3096} INFO - Sync 1 DAGs
[2026-05-27T03:14:47.117+0000] {logging_mixin.py:188} INFO - [2026-05-27T03:14:47.117+0000] {dag.py:3954} INFO - Setting next_dagrun for shopee_pipeline to 2026-05-27 01:00:00+00:00, run_after=2026-05-28 01:00:00+00:00
[2026-05-27T03:14:47.142+0000] {processor.py:183} INFO - Processing /opt/airflow/dags/shopee_dag.py took 0.315 seconds
[2026-05-27T03:15:17.550+0000] {processor.py:161} INFO - Started process (PID=16386) to work on /opt/airflow/dags/shopee_dag.py
[2026-05-27T03:15:17.552+0000] {processor.py:830} INFO - Processing file /opt/airflow/dags/shopee_dag.py for tasks to queue
[2026-05-27T03:15:17.555+0000] {logging_mixin.py:188} INFO - [2026-05-27T03:15:17.555+0000] {dagbag.py:545} INFO - Filling up the DagBag from /opt/airflow/dags/shopee_dag.py
[2026-05-27T03:15:17.904+0000] {processor.py:840} INFO - DAG(s) 'shopee_pipeline' retrieved from /opt/airflow/dags/shopee_dag.py
[2026-05-27T03:15:17.954+0000] {logging_mixin.py:188} INFO - [2026-05-27T03:15:17.953+0000] {dag.py:3096} INFO - Sync 1 DAGs
[2026-05-27T03:15:17.991+0000] {logging_mixin.py:188} INFO - [2026-05-27T03:15:17.991+0000] {dag.py:3954} INFO - Setting next_dagrun for shopee_pipeline to 2026-05-27 01:00:00+00:00, run_after=2026-05-28 01:00:00+00:00
[2026-05-27T03:15:18.024+0000] {processor.py:183} INFO - Processing /opt/airflow/dags/shopee_dag.py took 0.486 seconds
[2026-05-27T03:15:48.202+0000] {processor.py:161} INFO - Started process (PID=16416) to work on /opt/airflow/dags/shopee_dag.py
[2026-05-27T03:15:48.203+0000] {processor.py:830} INFO - Processing file /opt/airflow/dags/shopee_dag.py for tasks to queue
[2026-05-27T03:15:48.205+0000] {logging_mixin.py:188} INFO - [2026-05-27T03:15:48.204+0000] {dagbag.py:545} INFO - Filling up the DagBag from /opt/airflow/dags/shopee_dag.py
[2026-05-27T03:15:48.424+0000] {processor.py:840} INFO - DAG(s) 'shopee_pipeline' retrieved from /opt/airflow/dags/shopee_dag.py
[2026-05-27T03:15:48.453+0000] {logging_mixin.py:188} INFO - [2026-05-27T03:15:48.452+0000] {dag.py:3096} INFO - Sync 1 DAGs
[2026-05-27T03:15:48.475+0000] {logging_mixin.py:188} INFO - [2026-05-27T03:15:48.474+0000] {dag.py:3954} INFO - Setting next_dagrun for shopee_pipeline to 2026-05-27 01:00:00+00:00, run_after=2026-05-28 01:00:00+00:00
[2026-05-27T03:15:48.504+0000] {processor.py:183} INFO - Processing /opt/airflow/dags/shopee_dag.py took 0.309 seconds
[2026-05-27T03:16:18.547+0000] {processor.py:161} INFO - Started process (PID=16538) to work on /opt/airflow/dags/shopee_dag.py
[2026-05-27T03:16:18.548+0000] {processor.py:830} INFO - Processing file /opt/airflow/dags/shopee_dag.py for tasks to queue
[2026-05-27T03:16:18.550+0000] {logging_mixin.py:188} INFO - [2026-05-27T03:16:18.550+0000] {dagbag.py:545} INFO - Filling up the DagBag from /opt/airflow/dags/shopee_dag.py
[2026-05-27T03:16:18.644+0000] {processor.py:840} INFO - DAG(s) 'shopee_pipeline' retrieved from /opt/airflow/dags/shopee_dag.py
[2026-05-27T03:16:18.675+0000] {logging_mixin.py:188} INFO - [2026-05-27T03:16:18.674+0000] {dag.py:3096} INFO - Sync 1 DAGs
[2026-05-27T03:16:18.699+0000] {logging_mixin.py:188} INFO - [2026-05-27T03:16:18.699+0000] {dag.py:3954} INFO - Setting next_dagrun for shopee_pipeline to 2026-05-27 01:00:00+00:00, run_after=2026-05-28 01:00:00+00:00
[2026-05-27T03:16:18.731+0000] {processor.py:183} INFO - Processing /opt/airflow/dags/shopee_dag.py took 0.190 seconds
[2026-05-27T03:16:49.079+0000] {processor.py:161} INFO - Started process (PID=16657) to work on /opt/airflow/dags/shopee_dag.py
[2026-05-27T03:16:49.080+0000] {processor.py:830} INFO - Processing file /opt/airflow/dags/shopee_dag.py for tasks to queue
[2026-05-27T03:16:49.084+0000] {logging_mixin.py:188} INFO - [2026-05-27T03:16:49.083+0000] {dagbag.py:545} INFO - Filling up the DagBag from /opt/airflow/dags/shopee_dag.py
[2026-05-27T03:16:49.274+0000] {processor.py:840} INFO - DAG(s) 'shopee_pipeline' retrieved from /opt/airflow/dags/shopee_dag.py
[2026-05-27T03:16:49.321+0000] {logging_mixin.py:188} INFO - [2026-05-27T03:16:49.321+0000] {dag.py:3096} INFO - Sync 1 DAGs
[2026-05-27T03:16:49.361+0000] {logging_mixin.py:188} INFO - [2026-05-27T03:16:49.361+0000] {dag.py:3954} INFO - Setting next_dagrun for shopee_pipeline to 2026-05-27 01:00:00+00:00, run_after=2026-05-28 01:00:00+00:00
[2026-05-27T03:16:49.400+0000] {processor.py:183} INFO - Processing /opt/airflow/dags/shopee_dag.py took 0.333 seconds
[2026-05-27T03:17:19.516+0000] {processor.py:161} INFO - Started process (PID=16670) to work on /opt/airflow/dags/shopee_dag.py
[2026-05-27T03:17:19.517+0000] {processor.py:830} INFO - Processing file /opt/airflow/dags/shopee_dag.py for tasks to queue
[2026-05-27T03:17:19.519+0000] {logging_mixin.py:188} INFO - [2026-05-27T03:17:19.518+0000] {dagbag.py:545} INFO - Filling up the DagBag from /opt/airflow/dags/shopee_dag.py
[2026-05-27T03:17:19.629+0000] {processor.py:840} INFO - DAG(s) 'shopee_pipeline' retrieved from /opt/airflow/dags/shopee_dag.py
[2026-05-27T03:17:19.661+0000] {logging_mixin.py:188} INFO - [2026-05-27T03:17:19.661+0000] {dag.py:3096} INFO - Sync 1 DAGs
[2026-05-27T03:17:19.684+0000] {logging_mixin.py:188} INFO - [2026-05-27T03:17:19.684+0000] {dag.py:3954} INFO - Setting next_dagrun for shopee_pipeline to 2026-05-27 01:00:00+00:00, run_after=2026-05-28 01:00:00+00:00
[2026-05-27T03:17:19.739+0000] {processor.py:183} INFO - Processing /opt/airflow/dags/shopee_dag.py took 0.229 seconds
[2026-05-27T03:17:49.811+0000] {processor.py:161} INFO - Started process (PID=16792) to work on /opt/airflow/dags/shopee_dag.py
[2026-05-27T03:17:49.812+0000] {processor.py:830} INFO - Processing file /opt/airflow/dags/shopee_dag.py for tasks to queue
[2026-05-27T03:17:49.814+0000] {logging_mixin.py:188} INFO - [2026-05-27T03:17:49.813+0000] {dagbag.py:545} INFO - Filling up the DagBag from /opt/airflow/dags/shopee_dag.py
[2026-05-27T03:17:49.924+0000] {processor.py:840} INFO - DAG(s) 'shopee_pipeline' retrieved from /opt/airflow/dags/shopee_dag.py
[2026-05-27T03:17:49.960+0000] {logging_mixin.py:188} INFO - [2026-05-27T03:17:49.959+0000] {dag.py:3096} INFO - Sync 1 DAGs
[2026-05-27T03:17:49.989+0000] {logging_mixin.py:188} INFO - [2026-05-27T03:17:49.989+0000] {dag.py:3954} INFO - Setting next_dagrun for shopee_pipeline to 2026-05-27 01:00:00+00:00, run_after=2026-05-28 01:00:00+00:00
[2026-05-27T03:17:50.026+0000] {processor.py:183} INFO - Processing /opt/airflow/dags/shopee_dag.py took 0.221 seconds
[2026-05-27T03:18:20.483+0000] {processor.py:161} INFO - Started process (PID=16897) to work on /opt/airflow/dags/shopee_dag.py
[2026-05-27T03:18:20.484+0000] {processor.py:830} INFO - Processing file /opt/airflow/dags/shopee_dag.py for tasks to queue
[2026-05-27T03:18:20.486+0000] {logging_mixin.py:188} INFO - [2026-05-27T03:18:20.486+0000] {dagbag.py:545} INFO - Filling up the DagBag from /opt/airflow/dags/shopee_dag.py
[2026-05-27T03:18:20.596+0000] {processor.py:840} INFO - DAG(s) 'shopee_pipeline' retrieved from /opt/airflow/dags/shopee_dag.py
[2026-05-27T03:18:20.631+0000] {logging_mixin.py:188} INFO - [2026-05-27T03:18:20.630+0000] {dag.py:3096} INFO - Sync 1 DAGs
[2026-05-27T03:18:20.656+0000] {logging_mixin.py:188} INFO - [2026-05-27T03:18:20.656+0000] {dag.py:3954} INFO - Setting next_dagrun for shopee_pipeline to 2026-05-27 01:00:00+00:00, run_after=2026-05-28 01:00:00+00:00
[2026-05-27T03:18:20.688+0000] {processor.py:183} INFO - Processing /opt/airflow/dags/shopee_dag.py took 0.213 seconds
[2026-05-27T03:18:51.095+0000] {processor.py:161} INFO - Started process (PID=16988) to work on /opt/airflow/dags/shopee_dag.py
[2026-05-27T03:18:51.097+0000] {processor.py:830} INFO - Processing file /opt/airflow/dags/shopee_dag.py for tasks to queue
[2026-05-27T03:18:51.099+0000] {logging_mixin.py:188} INFO - [2026-05-27T03:18:51.099+0000] {dagbag.py:545} INFO - Filling up the DagBag from /opt/airflow/dags/shopee_dag.py
[2026-05-27T03:18:51.238+0000] {processor.py:840} INFO - DAG(s) 'shopee_pipeline' retrieved from /opt/airflow/dags/shopee_dag.py
[2026-05-27T03:18:51.281+0000] {logging_mixin.py:188} INFO - [2026-05-27T03:18:51.281+0000] {dag.py:3096} INFO - Sync 1 DAGs
[2026-05-27T03:18:51.319+0000] {logging_mixin.py:188} INFO - [2026-05-27T03:18:51.319+0000] {dag.py:3954} INFO - Setting next_dagrun for shopee_pipeline to 2026-05-27 01:00:00+00:00, run_after=2026-05-28 01:00:00+00:00
[2026-05-27T03:18:51.355+0000] {processor.py:183} INFO - Processing /opt/airflow/dags/shopee_dag.py took 0.270 seconds
[2026-05-27T03:19:21.542+0000] {processor.py:161} INFO - Started process (PID=17029) to work on /opt/airflow/dags/shopee_dag.py
[2026-05-27T03:19:21.542+0000] {processor.py:830} INFO - Processing file /opt/airflow/dags/shopee_dag.py for tasks to queue
[2026-05-27T03:19:21.544+0000] {logging_mixin.py:188} INFO - [2026-05-27T03:19:21.544+0000] {dagbag.py:545} INFO - Filling up the DagBag from /opt/airflow/dags/shopee_dag.py
[2026-05-27T03:19:21.640+0000] {processor.py:840} INFO - DAG(s) 'shopee_pipeline' retrieved from /opt/airflow/dags/shopee_dag.py
[2026-05-27T03:19:21.675+0000] {logging_mixin.py:188} INFO - [2026-05-27T03:19:21.675+0000] {dag.py:3096} INFO - Sync 1 DAGs
[2026-05-27T03:19:21.705+0000] {logging_mixin.py:188} INFO - [2026-05-27T03:19:21.704+0000] {dag.py:3954} INFO - Setting next_dagrun for shopee_pipeline to 2026-05-27 01:00:00+00:00, run_after=2026-05-28 01:00:00+00:00
[2026-05-27T03:19:21.748+0000] {processor.py:183} INFO - Processing /opt/airflow/dags/shopee_dag.py took 0.213 seconds
[2026-05-27T03:19:52.085+0000] {processor.py:161} INFO - Started process (PID=17151) to work on /opt/airflow/dags/shopee_dag.py
[2026-05-27T03:19:52.086+0000] {processor.py:830} INFO - Processing file /opt/airflow/dags/shopee_dag.py for tasks to queue
[2026-05-27T03:19:52.088+0000] {logging_mixin.py:188} INFO - [2026-05-27T03:19:52.087+0000] {dagbag.py:545} INFO - Filling up the DagBag from /opt/airflow/dags/shopee_dag.py
[2026-05-27T03:19:52.183+0000] {processor.py:840} INFO - DAG(s) 'shopee_pipeline' retrieved from /opt/airflow/dags/shopee_dag.py
[2026-05-27T03:19:52.218+0000] {logging_mixin.py:188} INFO - [2026-05-27T03:19:52.217+0000] {dag.py:3096} INFO - Sync 1 DAGs
[2026-05-27T03:19:52.247+0000] {logging_mixin.py:188} INFO - [2026-05-27T03:19:52.246+0000] {dag.py:3954} INFO - Setting next_dagrun for shopee_pipeline to 2026-05-27 01:00:00+00:00, run_after=2026-05-28 01:00:00+00:00
[2026-05-27T03:19:52.272+0000] {processor.py:183} INFO - Processing /opt/airflow/dags/shopee_dag.py took 0.193 seconds
[2026-05-27T03:20:22.977+0000] {processor.py:161} INFO - Started process (PID=17164) to work on /opt/airflow/dags/shopee_dag.py
[2026-05-27T03:20:22.999+0000] {processor.py:830} INFO - Processing file /opt/airflow/dags/shopee_dag.py for tasks to queue
[2026-05-27T03:20:23.029+0000] {logging_mixin.py:188} INFO - [2026-05-27T03:20:23.027+0000] {dagbag.py:545} INFO - Filling up the DagBag from /opt/airflow/dags/shopee_dag.py
[2026-05-27T03:20:24.343+0000] {processor.py:840} INFO - DAG(s) 'shopee_pipeline' retrieved from /opt/airflow/dags/shopee_dag.py
[2026-05-27T03:20:24.632+0000] {logging_mixin.py:188} INFO - [2026-05-27T03:20:24.631+0000] {dag.py:3096} INFO - Sync 1 DAGs
[2026-05-27T03:20:24.863+0000] {logging_mixin.py:188} INFO - [2026-05-27T03:20:24.862+0000] {dag.py:3954} INFO - Setting next_dagrun for shopee_pipeline to 2026-05-27 01:00:00+00:00, run_after=2026-05-28 01:00:00+00:00
[2026-05-27T03:20:25.073+0000] {processor.py:183} INFO - Processing /opt/airflow/dags/shopee_dag.py took 2.233 seconds
[2026-05-27T03:20:55.532+0000] {processor.py:161} INFO - Started process (PID=17280) to work on /opt/airflow/dags/shopee_dag.py
[2026-05-27T03:20:55.533+0000] {processor.py:830} INFO - Processing file /opt/airflow/dags/shopee_dag.py for tasks to queue
[2026-05-27T03:20:55.535+0000] {logging_mixin.py:188} INFO - [2026-05-27T03:20:55.535+0000] {dagbag.py:545} INFO - Filling up the DagBag from /opt/airflow/dags/shopee_dag.py
[2026-05-27T03:20:55.655+0000] {processor.py:840} INFO - DAG(s) 'shopee_pipeline' retrieved from /opt/airflow/dags/shopee_dag.py
[2026-05-27T03:20:55.699+0000] {logging_mixin.py:188} INFO - [2026-05-27T03:20:55.699+0000] {dag.py:3096} INFO - Sync 1 DAGs
[2026-05-27T03:20:55.734+0000] {logging_mixin.py:188} INFO - [2026-05-27T03:20:55.734+0000] {dag.py:3954} INFO - Setting next_dagrun for shopee_pipeline to 2026-05-27 01:00:00+00:00, run_after=2026-05-28 01:00:00+00:00
[2026-05-27T03:20:55.764+0000] {processor.py:183} INFO - Processing /opt/airflow/dags/shopee_dag.py took 0.239 seconds
[2026-05-27T03:21:26.002+0000] {processor.py:161} INFO - Started process (PID=17401) to work on /opt/airflow/dags/shopee_dag.py
[2026-05-27T03:21:26.003+0000] {processor.py:830} INFO - Processing file /opt/airflow/dags/shopee_dag.py for tasks to queue
[2026-05-27T03:21:26.005+0000] {logging_mixin.py:188} INFO - [2026-05-27T03:21:26.005+0000] {dagbag.py:545} INFO - Filling up the DagBag from /opt/airflow/dags/shopee_dag.py
[2026-05-27T03:21:26.134+0000] {processor.py:840} INFO - DAG(s) 'shopee_pipeline' retrieved from /opt/airflow/dags/shopee_dag.py
[2026-05-27T03:21:26.232+0000] {logging_mixin.py:188} INFO - [2026-05-27T03:21:26.231+0000] {dag.py:3096} INFO - Sync 1 DAGs
[2026-05-27T03:21:26.265+0000] {logging_mixin.py:188} INFO - [2026-05-27T03:21:26.265+0000] {dag.py:3954} INFO - Setting next_dagrun for shopee_pipeline to 2026-05-27 01:00:00+00:00, run_after=2026-05-28 01:00:00+00:00
[2026-05-27T03:21:26.293+0000] {processor.py:183} INFO - Processing /opt/airflow/dags/shopee_dag.py took 0.297 seconds
[2026-05-27T03:21:56.631+0000] {processor.py:161} INFO - Started process (PID=17490) to work on /opt/airflow/dags/shopee_dag.py
[2026-05-27T03:21:56.633+0000] {processor.py:830} INFO - Processing file /opt/airflow/dags/shopee_dag.py for tasks to queue
[2026-05-27T03:21:56.635+0000] {logging_mixin.py:188} INFO - [2026-05-27T03:21:56.635+0000] {dagbag.py:545} INFO - Filling up the DagBag from /opt/airflow/dags/shopee_dag.py
[2026-05-27T03:21:56.770+0000] {processor.py:840} INFO - DAG(s) 'shopee_pipeline' retrieved from /opt/airflow/dags/shopee_dag.py
[2026-05-27T03:21:56.816+0000] {logging_mixin.py:188} INFO - [2026-05-27T03:21:56.816+0000] {dag.py:3096} INFO - Sync 1 DAGs
[2026-05-27T03:21:56.846+0000] {logging_mixin.py:188} INFO - [2026-05-27T03:21:56.846+0000] {dag.py:3954} INFO - Setting next_dagrun for shopee_pipeline to 2026-05-27 01:00:00+00:00, run_after=2026-05-28 01:00:00+00:00
[2026-05-27T03:21:56.873+0000] {processor.py:183} INFO - Processing /opt/airflow/dags/shopee_dag.py took 0.249 seconds
[2026-05-27T03:22:27.485+0000] {processor.py:161} INFO - Started process (PID=17536) to work on /opt/airflow/dags/shopee_dag.py
[2026-05-27T03:22:27.486+0000] {processor.py:830} INFO - Processing file /opt/airflow/dags/shopee_dag.py for tasks to queue
[2026-05-27T03:22:27.488+0000] {logging_mixin.py:188} INFO - [2026-05-27T03:22:27.488+0000] {dagbag.py:545} INFO - Filling up the DagBag from /opt/airflow/dags/shopee_dag.py
[2026-05-27T03:22:27.618+0000] {processor.py:840} INFO - DAG(s) 'shopee_pipeline' retrieved from /opt/airflow/dags/shopee_dag.py
[2026-05-27T03:22:27.658+0000] {logging_mixin.py:188} INFO - [2026-05-27T03:22:27.658+0000] {dag.py:3096} INFO - Sync 1 DAGs
[2026-05-27T03:22:27.695+0000] {logging_mixin.py:188} INFO - [2026-05-27T03:22:27.695+0000] {dag.py:3954} INFO - Setting next_dagrun for shopee_pipeline to 2026-05-27 01:00:00+00:00, run_after=2026-05-28 01:00:00+00:00
[2026-05-27T03:22:27.724+0000] {processor.py:183} INFO - Processing /opt/airflow/dags/shopee_dag.py took 0.248 seconds
[2026-05-27T03:22:58.029+0000] {processor.py:161} INFO - Started process (PID=17638) to work on /opt/airflow/dags/shopee_dag.py
[2026-05-27T03:22:58.031+0000] {processor.py:830} INFO - Processing file /opt/airflow/dags/shopee_dag.py for tasks to queue
[2026-05-27T03:22:58.034+0000] {logging_mixin.py:188} INFO - [2026-05-27T03:22:58.033+0000] {dagbag.py:545} INFO - Filling up the DagBag from /opt/airflow/dags/shopee_dag.py
[2026-05-27T03:22:58.226+0000] {processor.py:840} INFO - DAG(s) 'shopee_pipeline' retrieved from /opt/airflow/dags/shopee_dag.py
[2026-05-27T03:22:58.285+0000] {logging_mixin.py:188} INFO - [2026-05-27T03:22:58.285+0000] {dag.py:3096} INFO - Sync 1 DAGs
[2026-05-27T03:22:58.323+0000] {logging_mixin.py:188} INFO - [2026-05-27T03:22:58.322+0000] {dag.py:3954} INFO - Setting next_dagrun for shopee_pipeline to 2026-05-27 01:00:00+00:00, run_after=2026-05-28 01:00:00+00:00
[2026-05-27T03:22:58.376+0000] {processor.py:183} INFO - Processing /opt/airflow/dags/shopee_dag.py took 0.356 seconds
[2026-05-27T03:23:28.710+0000] {processor.py:161} INFO - Started process (PID=17671) to work on /opt/airflow/dags/shopee_dag.py
[2026-05-27T03:23:28.711+0000] {processor.py:830} INFO - Processing file /opt/airflow/dags/shopee_dag.py for tasks to queue
[2026-05-27T03:23:28.713+0000] {logging_mixin.py:188} INFO - [2026-05-27T03:23:28.713+0000] {dagbag.py:545} INFO - Filling up the DagBag from /opt/airflow/dags/shopee_dag.py
[2026-05-27T03:23:28.819+0000] {processor.py:840} INFO - DAG(s) 'shopee_pipeline' retrieved from /opt/airflow/dags/shopee_dag.py
[2026-05-27T03:23:28.853+0000] {logging_mixin.py:188} INFO - [2026-05-27T03:23:28.852+0000] {dag.py:3096} INFO - Sync 1 DAGs
[2026-05-27T03:23:28.879+0000] {logging_mixin.py:188} INFO - [2026-05-27T03:23:28.879+0000] {dag.py:3954} INFO - Setting next_dagrun for shopee_pipeline to 2026-05-27 01:00:00+00:00, run_after=2026-05-28 01:00:00+00:00
[2026-05-27T03:23:28.899+0000] {processor.py:183} INFO - Processing /opt/airflow/dags/shopee_dag.py took 0.197 seconds
[2026-05-27T03:23:59.232+0000] {processor.py:161} INFO - Started process (PID=17793) to work on /opt/airflow/dags/shopee_dag.py
[2026-05-27T03:23:59.233+0000] {processor.py:830} INFO - Processing file /opt/airflow/dags/shopee_dag.py for tasks to queue
[2026-05-27T03:23:59.236+0000] {logging_mixin.py:188} INFO - [2026-05-27T03:23:59.236+0000] {dagbag.py:545} INFO - Filling up the DagBag from /opt/airflow/dags/shopee_dag.py
[2026-05-27T03:23:59.364+0000] {processor.py:840} INFO - DAG(s) 'shopee_pipeline' retrieved from /opt/airflow/dags/shopee_dag.py
[2026-05-27T03:23:59.402+0000] {logging_mixin.py:188} INFO - [2026-05-27T03:23:59.401+0000] {dag.py:3096} INFO - Sync 1 DAGs
[2026-05-27T03:23:59.429+0000] {logging_mixin.py:188} INFO - [2026-05-27T03:23:59.429+0000] {dag.py:3954} INFO - Setting next_dagrun for shopee_pipeline to 2026-05-27 01:00:00+00:00, run_after=2026-05-28 01:00:00+00:00
[2026-05-27T03:23:59.456+0000] {processor.py:183} INFO - Processing /opt/airflow/dags/shopee_dag.py took 0.234 seconds
[2026-05-27T03:24:29.894+0000] {processor.py:161} INFO - Started process (PID=17910) to work on /opt/airflow/dags/shopee_dag.py
[2026-05-27T03:24:29.896+0000] {processor.py:830} INFO - Processing file /opt/airflow/dags/shopee_dag.py for tasks to queue
[2026-05-27T03:24:29.899+0000] {logging_mixin.py:188} INFO - [2026-05-27T03:24:29.899+0000] {dagbag.py:545} INFO - Filling up the DagBag from /opt/airflow/dags/shopee_dag.py
[2026-05-27T03:24:30.247+0000] {processor.py:840} INFO - DAG(s) 'shopee_pipeline' retrieved from /opt/airflow/dags/shopee_dag.py
[2026-05-27T03:24:30.321+0000] {logging_mixin.py:188} INFO - [2026-05-27T03:24:30.321+0000] {dag.py:3096} INFO - Sync 1 DAGs
[2026-05-27T03:24:30.375+0000] {logging_mixin.py:188} INFO - [2026-05-27T03:24:30.374+0000] {dag.py:3954} INFO - Setting next_dagrun for shopee_pipeline to 2026-05-27 01:00:00+00:00, run_after=2026-05-28 01:00:00+00:00
[2026-05-27T03:24:30.421+0000] {processor.py:183} INFO - Processing /opt/airflow/dags/shopee_dag.py took 0.538 seconds
[2026-05-27T03:25:01.159+0000] {processor.py:161} INFO - Started process (PID=17924) to work on /opt/airflow/dags/shopee_dag.py
[2026-05-27T03:25:01.160+0000] {processor.py:830} INFO - Processing file /opt/airflow/dags/shopee_dag.py for tasks to queue
[2026-05-27T03:25:01.162+0000] {logging_mixin.py:188} INFO - [2026-05-27T03:25:01.161+0000] {dagbag.py:545} INFO - Filling up the DagBag from /opt/airflow/dags/shopee_dag.py
[2026-05-27T03:25:01.295+0000] {processor.py:840} INFO - DAG(s) 'shopee_pipeline' retrieved from /opt/airflow/dags/shopee_dag.py
[2026-05-27T03:25:01.335+0000] {logging_mixin.py:188} INFO - [2026-05-27T03:25:01.335+0000] {dag.py:3096} INFO - Sync 1 DAGs
[2026-05-27T03:25:01.377+0000] {logging_mixin.py:188} INFO - [2026-05-27T03:25:01.376+0000] {dag.py:3954} INFO - Setting next_dagrun for shopee_pipeline to 2026-05-27 01:00:00+00:00, run_after=2026-05-28 01:00:00+00:00
[2026-05-27T03:25:01.399+0000] {processor.py:183} INFO - Processing /opt/airflow/dags/shopee_dag.py took 0.246 seconds
[2026-05-27T03:25:31.786+0000] {processor.py:161} INFO - Started process (PID=18046) to work on /opt/airflow/dags/shopee_dag.py
[2026-05-27T03:25:31.788+0000] {processor.py:830} INFO - Processing file /opt/airflow/dags/shopee_dag.py for tasks to queue
[2026-05-27T03:25:31.789+0000] {logging_mixin.py:188} INFO - [2026-05-27T03:25:31.789+0000] {dagbag.py:545} INFO - Filling up the DagBag from /opt/airflow/dags/shopee_dag.py
[2026-05-27T03:25:31.902+0000] {processor.py:840} INFO - DAG(s) 'shopee_pipeline' retrieved from /opt/airflow/dags/shopee_dag.py
[2026-05-27T03:25:31.980+0000] {logging_mixin.py:188} INFO - [2026-05-27T03:25:31.980+0000] {dag.py:3096} INFO - Sync 1 DAGs
[2026-05-27T03:25:32.031+0000] {logging_mixin.py:188} INFO - [2026-05-27T03:25:32.031+0000] {dag.py:3954} INFO - Setting next_dagrun for shopee_pipeline to 2026-05-27 01:00:00+00:00, run_after=2026-05-28 01:00:00+00:00
[2026-05-27T03:25:32.058+0000] {processor.py:183} INFO - Processing /opt/airflow/dags/shopee_dag.py took 0.279 seconds
[2026-05-27T03:26:02.346+0000] {processor.py:161} INFO - Started process (PID=18155) to work on /opt/airflow/dags/shopee_dag.py
[2026-05-27T03:26:02.347+0000] {processor.py:830} INFO - Processing file /opt/airflow/dags/shopee_dag.py for tasks to queue
[2026-05-27T03:26:02.349+0000] {logging_mixin.py:188} INFO - [2026-05-27T03:26:02.349+0000] {dagbag.py:545} INFO - Filling up the DagBag from /opt/airflow/dags/shopee_dag.py
[2026-05-27T03:26:02.483+0000] {processor.py:840} INFO - DAG(s) 'shopee_pipeline' retrieved from /opt/airflow/dags/shopee_dag.py
[2026-05-27T03:26:02.528+0000] {logging_mixin.py:188} INFO - [2026-05-27T03:26:02.527+0000] {dag.py:3096} INFO - Sync 1 DAGs
[2026-05-27T03:26:02.562+0000] {logging_mixin.py:188} INFO - [2026-05-27T03:26:02.561+0000] {dag.py:3954} INFO - Setting next_dagrun for shopee_pipeline to 2026-05-27 01:00:00+00:00, run_after=2026-05-28 01:00:00+00:00
[2026-05-27T03:26:02.587+0000] {processor.py:183} INFO - Processing /opt/airflow/dags/shopee_dag.py took 0.249 seconds
[2026-05-27T03:26:32.881+0000] {processor.py:161} INFO - Started process (PID=18244) to work on /opt/airflow/dags/shopee_dag.py
[2026-05-27T03:26:32.883+0000] {processor.py:830} INFO - Processing file /opt/airflow/dags/shopee_dag.py for tasks to queue
[2026-05-27T03:26:32.886+0000] {logging_mixin.py:188} INFO - [2026-05-27T03:26:32.885+0000] {dagbag.py:545} INFO - Filling up the DagBag from /opt/airflow/dags/shopee_dag.py
[2026-05-27T03:26:33.052+0000] {processor.py:840} INFO - DAG(s) 'shopee_pipeline' retrieved from /opt/airflow/dags/shopee_dag.py
[2026-05-27T03:26:33.093+0000] {logging_mixin.py:188} INFO - [2026-05-27T03:26:33.093+0000] {dag.py:3096} INFO - Sync 1 DAGs
[2026-05-27T03:26:33.128+0000] {logging_mixin.py:188} INFO - [2026-05-27T03:26:33.128+0000] {dag.py:3954} INFO - Setting next_dagrun for shopee_pipeline to 2026-05-27 01:00:00+00:00, run_after=2026-05-28 01:00:00+00:00
[2026-05-27T03:26:33.157+0000] {processor.py:183} INFO - Processing /opt/airflow/dags/shopee_dag.py took 0.285 seconds
[2026-05-27T03:27:03.453+0000] {processor.py:161} INFO - Started process (PID=18283) to work on /opt/airflow/dags/shopee_dag.py
[2026-05-27T03:27:03.454+0000] {processor.py:830} INFO - Processing file /opt/airflow/dags/shopee_dag.py for tasks to queue
[2026-05-27T03:27:03.456+0000] {logging_mixin.py:188} INFO - [2026-05-27T03:27:03.456+0000] {dagbag.py:545} INFO - Filling up the DagBag from /opt/airflow/dags/shopee_dag.py
[2026-05-27T03:27:03.563+0000] {processor.py:840} INFO - DAG(s) 'shopee_pipeline' retrieved from /opt/airflow/dags/shopee_dag.py
[2026-05-27T03:27:03.599+0000] {logging_mixin.py:188} INFO - [2026-05-27T03:27:03.599+0000] {dag.py:3096} INFO - Sync 1 DAGs
[2026-05-27T03:27:03.624+0000] {logging_mixin.py:188} INFO - [2026-05-27T03:27:03.623+0000] {dag.py:3954} INFO - Setting next_dagrun for shopee_pipeline to 2026-05-27 01:00:00+00:00, run_after=2026-05-28 01:00:00+00:00
[2026-05-27T03:27:03.645+0000] {processor.py:183} INFO - Processing /opt/airflow/dags/shopee_dag.py took 0.198 seconds
[2026-05-27T03:27:34.105+0000] {processor.py:161} INFO - Started process (PID=18406) to work on /opt/airflow/dags/shopee_dag.py
[2026-05-27T03:27:34.107+0000] {processor.py:830} INFO - Processing file /opt/airflow/dags/shopee_dag.py for tasks to queue
[2026-05-27T03:27:34.109+0000] {logging_mixin.py:188} INFO - [2026-05-27T03:27:34.109+0000] {dagbag.py:545} INFO - Filling up the DagBag from /opt/airflow/dags/shopee_dag.py
[2026-05-27T03:27:34.236+0000] {processor.py:840} INFO - DAG(s) 'shopee_pipeline' retrieved from /opt/airflow/dags/shopee_dag.py
[2026-05-27T03:27:34.283+0000] {logging_mixin.py:188} INFO - [2026-05-27T03:27:34.282+0000] {dag.py:3096} INFO - Sync 1 DAGs
[2026-05-27T03:27:34.316+0000] {logging_mixin.py:188} INFO - [2026-05-27T03:27:34.315+0000] {dag.py:3954} INFO - Setting next_dagrun for shopee_pipeline to 2026-05-27 01:00:00+00:00, run_after=2026-05-28 01:00:00+00:00
[2026-05-27T03:27:34.342+0000] {processor.py:183} INFO - Processing /opt/airflow/dags/shopee_dag.py took 0.243 seconds
[2026-05-27T03:28:04.652+0000] {processor.py:161} INFO - Started process (PID=18496) to work on /opt/airflow/dags/shopee_dag.py
[2026-05-27T03:28:04.653+0000] {processor.py:830} INFO - Processing file /opt/airflow/dags/shopee_dag.py for tasks to queue
[2026-05-27T03:28:04.654+0000] {logging_mixin.py:188} INFO - [2026-05-27T03:28:04.654+0000] {dagbag.py:545} INFO - Filling up the DagBag from /opt/airflow/dags/shopee_dag.py
[2026-05-27T03:28:04.761+0000] {processor.py:840} INFO - DAG(s) 'shopee_pipeline' retrieved from /opt/airflow/dags/shopee_dag.py
[2026-05-27T03:28:04.796+0000] {logging_mixin.py:188} INFO - [2026-05-27T03:28:04.796+0000] {dag.py:3096} INFO - Sync 1 DAGs
[2026-05-27T03:28:04.821+0000] {logging_mixin.py:188} INFO - [2026-05-27T03:28:04.821+0000] {dag.py:3954} INFO - Setting next_dagrun for shopee_pipeline to 2026-05-27 01:00:00+00:00, run_after=2026-05-28 01:00:00+00:00
[2026-05-27T03:28:04.842+0000] {processor.py:183} INFO - Processing /opt/airflow/dags/shopee_dag.py took 0.195 seconds
[2026-05-27T03:28:35.372+0000] {processor.py:161} INFO - Started process (PID=18548) to work on /opt/airflow/dags/shopee_dag.py
[2026-05-27T03:28:35.373+0000] {processor.py:830} INFO - Processing file /opt/airflow/dags/shopee_dag.py for tasks to queue
[2026-05-27T03:28:35.375+0000] {logging_mixin.py:188} INFO - [2026-05-27T03:28:35.375+0000] {dagbag.py:545} INFO - Filling up the DagBag from /opt/airflow/dags/shopee_dag.py
[2026-05-27T03:28:35.496+0000] {processor.py:840} INFO - DAG(s) 'shopee_pipeline' retrieved from /opt/airflow/dags/shopee_dag.py
[2026-05-27T03:28:35.538+0000] {logging_mixin.py:188} INFO - [2026-05-27T03:28:35.537+0000] {dag.py:3096} INFO - Sync 1 DAGs
[2026-05-27T03:28:35.569+0000] {logging_mixin.py:188} INFO - [2026-05-27T03:28:35.569+0000] {dag.py:3954} INFO - Setting next_dagrun for shopee_pipeline to 2026-05-27 01:00:00+00:00, run_after=2026-05-28 01:00:00+00:00
[2026-05-27T03:28:35.592+0000] {processor.py:183} INFO - Processing /opt/airflow/dags/shopee_dag.py took 0.227 seconds
[2026-05-27T03:29:05.674+0000] {processor.py:161} INFO - Started process (PID=18653) to work on /opt/airflow/dags/shopee_dag.py
[2026-05-27T03:29:05.676+0000] {processor.py:830} INFO - Processing file /opt/airflow/dags/shopee_dag.py for tasks to queue
[2026-05-27T03:29:05.678+0000] {logging_mixin.py:188} INFO - [2026-05-27T03:29:05.678+0000] {dagbag.py:545} INFO - Filling up the DagBag from /opt/airflow/dags/shopee_dag.py
[2026-05-27T03:29:05.826+0000] {processor.py:840} INFO - DAG(s) 'shopee_pipeline' retrieved from /opt/airflow/dags/shopee_dag.py
[2026-05-27T03:29:05.877+0000] {logging_mixin.py:188} INFO - [2026-05-27T03:29:05.877+0000] {dag.py:3096} INFO - Sync 1 DAGs
[2026-05-27T03:29:05.981+0000] {logging_mixin.py:188} INFO - [2026-05-27T03:29:05.981+0000] {dag.py:3954} INFO - Setting next_dagrun for shopee_pipeline to 2026-05-27 01:00:00+00:00, run_after=2026-05-28 01:00:00+00:00
[2026-05-27T03:29:06.022+0000] {processor.py:183} INFO - Processing /opt/airflow/dags/shopee_dag.py took 0.357 seconds
[2026-05-27T03:29:36.347+0000] {processor.py:161} INFO - Started process (PID=18666) to work on /opt/airflow/dags/shopee_dag.py
[2026-05-27T03:29:36.349+0000] {processor.py:830} INFO - Processing file /opt/airflow/dags/shopee_dag.py for tasks to queue
[2026-05-27T03:29:36.352+0000] {logging_mixin.py:188} INFO - [2026-05-27T03:29:36.351+0000] {dagbag.py:545} INFO - Filling up the DagBag from /opt/airflow/dags/shopee_dag.py
[2026-05-27T03:29:36.495+0000] {processor.py:840} INFO - DAG(s) 'shopee_pipeline' retrieved from /opt/airflow/dags/shopee_dag.py
[2026-05-27T03:29:36.537+0000] {logging_mixin.py:188} INFO - [2026-05-27T03:29:36.536+0000] {dag.py:3096} INFO - Sync 1 DAGs
[2026-05-27T03:29:36.565+0000] {logging_mixin.py:188} INFO - [2026-05-27T03:29:36.564+0000] {dag.py:3954} INFO - Setting next_dagrun for shopee_pipeline to 2026-05-27 01:00:00+00:00, run_after=2026-05-28 01:00:00+00:00
[2026-05-27T03:29:36.594+0000] {processor.py:183} INFO - Processing /opt/airflow/dags/shopee_dag.py took 0.257 seconds
[2026-05-27T03:30:07.161+0000] {processor.py:161} INFO - Started process (PID=18785) to work on /opt/airflow/dags/shopee_dag.py
[2026-05-27T03:30:07.162+0000] {processor.py:830} INFO - Processing file /opt/airflow/dags/shopee_dag.py for tasks to queue
[2026-05-27T03:30:07.164+0000] {logging_mixin.py:188} INFO - [2026-05-27T03:30:07.164+0000] {dagbag.py:545} INFO - Filling up the DagBag from /opt/airflow/dags/shopee_dag.py
[2026-05-27T03:30:07.286+0000] {processor.py:840} INFO - DAG(s) 'shopee_pipeline' retrieved from /opt/airflow/dags/shopee_dag.py
[2026-05-27T03:30:07.325+0000] {logging_mixin.py:188} INFO - [2026-05-27T03:30:07.325+0000] {dag.py:3096} INFO - Sync 1 DAGs
[2026-05-27T03:30:07.356+0000] {logging_mixin.py:188} INFO - [2026-05-27T03:30:07.355+0000] {dag.py:3954} INFO - Setting next_dagrun for shopee_pipeline to 2026-05-27 01:00:00+00:00, run_after=2026-05-28 01:00:00+00:00
[2026-05-27T03:30:07.385+0000] {processor.py:183} INFO - Processing /opt/airflow/dags/shopee_dag.py took 0.231 seconds
[2026-05-27T03:30:37.730+0000] {processor.py:161} INFO - Started process (PID=18908) to work on /opt/airflow/dags/shopee_dag.py
[2026-05-27T03:30:37.731+0000] {processor.py:830} INFO - Processing file /opt/airflow/dags/shopee_dag.py for tasks to queue
[2026-05-27T03:30:37.733+0000] {logging_mixin.py:188} INFO - [2026-05-27T03:30:37.732+0000] {dagbag.py:545} INFO - Filling up the DagBag from /opt/airflow/dags/shopee_dag.py
[2026-05-27T03:30:37.847+0000] {processor.py:840} INFO - DAG(s) 'shopee_pipeline' retrieved from /opt/airflow/dags/shopee_dag.py
[2026-05-27T03:30:37.889+0000] {logging_mixin.py:188} INFO - [2026-05-27T03:30:37.889+0000] {dag.py:3096} INFO - Sync 1 DAGs
[2026-05-27T03:30:37.933+0000] {logging_mixin.py:188} INFO - [2026-05-27T03:30:37.933+0000] {dag.py:3954} INFO - Setting next_dagrun for shopee_pipeline to 2026-05-27 01:00:00+00:00, run_after=2026-05-28 01:00:00+00:00
[2026-05-27T03:30:37.962+0000] {processor.py:183} INFO - Processing /opt/airflow/dags/shopee_dag.py took 0.239 seconds
[2026-05-27T03:31:08.285+0000] {processor.py:161} INFO - Started process (PID=18998) to work on /opt/airflow/dags/shopee_dag.py
[2026-05-27T03:31:08.286+0000] {processor.py:830} INFO - Processing file /opt/airflow/dags/shopee_dag.py for tasks to queue
[2026-05-27T03:31:08.288+0000] {logging_mixin.py:188} INFO - [2026-05-27T03:31:08.288+0000] {dagbag.py:545} INFO - Filling up the DagBag from /opt/airflow/dags/shopee_dag.py
[2026-05-27T03:31:08.406+0000] {processor.py:840} INFO - DAG(s) 'shopee_pipeline' retrieved from /opt/airflow/dags/shopee_dag.py
[2026-05-27T03:31:08.440+0000] {logging_mixin.py:188} INFO - [2026-05-27T03:31:08.440+0000] {dag.py:3096} INFO - Sync 1 DAGs
[2026-05-27T03:31:08.467+0000] {logging_mixin.py:188} INFO - [2026-05-27T03:31:08.466+0000] {dag.py:3954} INFO - Setting next_dagrun for shopee_pipeline to 2026-05-27 01:00:00+00:00, run_after=2026-05-28 01:00:00+00:00
[2026-05-27T03:31:08.498+0000] {processor.py:183} INFO - Processing /opt/airflow/dags/shopee_dag.py took 0.218 seconds
[2026-05-27T03:31:39.040+0000] {processor.py:161} INFO - Started process (PID=19040) to work on /opt/airflow/dags/shopee_dag.py
[2026-05-27T03:31:39.041+0000] {processor.py:830} INFO - Processing file /opt/airflow/dags/shopee_dag.py for tasks to queue
[2026-05-27T03:31:39.043+0000] {logging_mixin.py:188} INFO - [2026-05-27T03:31:39.042+0000] {dagbag.py:545} INFO - Filling up the DagBag from /opt/airflow/dags/shopee_dag.py
[2026-05-27T03:31:39.159+0000] {processor.py:840} INFO - DAG(s) 'shopee_pipeline' retrieved from /opt/airflow/dags/shopee_dag.py
[2026-05-27T03:31:39.202+0000] {logging_mixin.py:188} INFO - [2026-05-27T03:31:39.201+0000] {dag.py:3096} INFO - Sync 1 DAGs
[2026-05-27T03:31:39.238+0000] {logging_mixin.py:188} INFO - [2026-05-27T03:31:39.237+0000] {dag.py:3954} INFO - Setting next_dagrun for shopee_pipeline to 2026-05-27 01:00:00+00:00, run_after=2026-05-28 01:00:00+00:00
[2026-05-27T03:31:39.270+0000] {processor.py:183} INFO - Processing /opt/airflow/dags/shopee_dag.py took 0.237 seconds
[2026-05-27T03:32:09.536+0000] {processor.py:161} INFO - Started process (PID=19162) to work on /opt/airflow/dags/shopee_dag.py
[2026-05-27T03:32:09.538+0000] {processor.py:830} INFO - Processing file /opt/airflow/dags/shopee_dag.py for tasks to queue
[2026-05-27T03:32:09.542+0000] {logging_mixin.py:188} INFO - [2026-05-27T03:32:09.542+0000] {dagbag.py:545} INFO - Filling up the DagBag from /opt/airflow/dags/shopee_dag.py
[2026-05-27T03:32:09.657+0000] {processor.py:840} INFO - DAG(s) 'shopee_pipeline' retrieved from /opt/airflow/dags/shopee_dag.py
[2026-05-27T03:32:09.699+0000] {logging_mixin.py:188} INFO - [2026-05-27T03:32:09.699+0000] {dag.py:3096} INFO - Sync 1 DAGs
[2026-05-27T03:32:09.730+0000] {logging_mixin.py:188} INFO - [2026-05-27T03:32:09.729+0000] {dag.py:3954} INFO - Setting next_dagrun for shopee_pipeline to 2026-05-27 01:00:00+00:00, run_after=2026-05-28 01:00:00+00:00
[2026-05-27T03:32:09.756+0000] {processor.py:183} INFO - Processing /opt/airflow/dags/shopee_dag.py took 0.228 seconds
[2026-05-27T03:32:40.083+0000] {processor.py:161} INFO - Started process (PID=19279) to work on /opt/airflow/dags/shopee_dag.py
[2026-05-27T03:32:40.085+0000] {processor.py:830} INFO - Processing file /opt/airflow/dags/shopee_dag.py for tasks to queue
[2026-05-27T03:32:40.089+0000] {logging_mixin.py:188} INFO - [2026-05-27T03:32:40.088+0000] {dagbag.py:545} INFO - Filling up the DagBag from /opt/airflow/dags/shopee_dag.py
[2026-05-27T03:32:40.274+0000] {processor.py:840} INFO - DAG(s) 'shopee_pipeline' retrieved from /opt/airflow/dags/shopee_dag.py
[2026-05-27T03:32:40.316+0000] {logging_mixin.py:188} INFO - [2026-05-27T03:32:40.316+0000] {dag.py:3096} INFO - Sync 1 DAGs
[2026-05-27T03:32:40.350+0000] {logging_mixin.py:188} INFO - [2026-05-27T03:32:40.349+0000] {dag.py:3954} INFO - Setting next_dagrun for shopee_pipeline to 2026-05-27 01:00:00+00:00, run_after=2026-05-28 01:00:00+00:00
[2026-05-27T03:32:40.382+0000] {processor.py:183} INFO - Processing /opt/airflow/dags/shopee_dag.py took 0.312 seconds
[2026-05-27T03:33:10.586+0000] {processor.py:161} INFO - Started process (PID=19295) to work on /opt/airflow/dags/shopee_dag.py
[2026-05-27T03:33:10.587+0000] {processor.py:830} INFO - Processing file /opt/airflow/dags/shopee_dag.py for tasks to queue
[2026-05-27T03:33:10.590+0000] {logging_mixin.py:188} INFO - [2026-05-27T03:33:10.589+0000] {dagbag.py:545} INFO - Filling up the DagBag from /opt/airflow/dags/shopee_dag.py
[2026-05-27T03:33:10.753+0000] {processor.py:840} INFO - DAG(s) 'shopee_pipeline' retrieved from /opt/airflow/dags/shopee_dag.py
[2026-05-27T03:33:10.792+0000] {logging_mixin.py:188} INFO - [2026-05-27T03:33:10.791+0000] {dag.py:3096} INFO - Sync 1 DAGs
[2026-05-27T03:33:10.824+0000] {logging_mixin.py:188} INFO - [2026-05-27T03:33:10.824+0000] {dag.py:3954} INFO - Setting next_dagrun for shopee_pipeline to 2026-05-27 01:00:00+00:00, run_after=2026-05-28 01:00:00+00:00
[2026-05-27T03:33:10.848+0000] {processor.py:183} INFO - Processing /opt/airflow/dags/shopee_dag.py took 0.273 seconds
[2026-05-27T03:33:41.436+0000] {processor.py:161} INFO - Started process (PID=19417) to work on /opt/airflow/dags/shopee_dag.py
[2026-05-27T03:33:41.437+0000] {processor.py:830} INFO - Processing file /opt/airflow/dags/shopee_dag.py for tasks to queue
[2026-05-27T03:33:41.439+0000] {logging_mixin.py:188} INFO - [2026-05-27T03:33:41.439+0000] {dagbag.py:545} INFO - Filling up the DagBag from /opt/airflow/dags/shopee_dag.py
[2026-05-27T03:33:41.553+0000] {processor.py:840} INFO - DAG(s) 'shopee_pipeline' retrieved from /opt/airflow/dags/shopee_dag.py
[2026-05-27T03:33:41.598+0000] {logging_mixin.py:188} INFO - [2026-05-27T03:33:41.597+0000] {dag.py:3096} INFO - Sync 1 DAGs
[2026-05-27T03:33:41.632+0000] {logging_mixin.py:188} INFO - [2026-05-27T03:33:41.631+0000] {dag.py:3954} INFO - Setting next_dagrun for shopee_pipeline to 2026-05-27 01:00:00+00:00, run_after=2026-05-28 01:00:00+00:00
[2026-05-27T03:33:41.674+0000] {processor.py:183} INFO - Processing /opt/airflow/dags/shopee_dag.py took 0.246 seconds
[2026-05-27T03:34:11.794+0000] {processor.py:161} INFO - Started process (PID=19541) to work on /opt/airflow/dags/shopee_dag.py
[2026-05-27T03:34:11.797+0000] {processor.py:830} INFO - Processing file /opt/airflow/dags/shopee_dag.py for tasks to queue
[2026-05-27T03:34:11.800+0000] {logging_mixin.py:188} INFO - [2026-05-27T03:34:11.800+0000] {dagbag.py:545} INFO - Filling up the DagBag from /opt/airflow/dags/shopee_dag.py
[2026-05-27T03:34:11.936+0000] {processor.py:840} INFO - DAG(s) 'shopee_pipeline' retrieved from /opt/airflow/dags/shopee_dag.py
[2026-05-27T03:34:11.976+0000] {logging_mixin.py:188} INFO - [2026-05-27T03:34:11.976+0000] {dag.py:3096} INFO - Sync 1 DAGs
[2026-05-27T03:34:12.007+0000] {logging_mixin.py:188} INFO - [2026-05-27T03:34:12.006+0000] {dag.py:3954} INFO - Setting next_dagrun for shopee_pipeline to 2026-05-27 01:00:00+00:00, run_after=2026-05-28 01:00:00+00:00
[2026-05-27T03:34:12.037+0000] {processor.py:183} INFO - Processing /opt/airflow/dags/shopee_dag.py took 0.256 seconds
[2026-05-27T03:34:42.336+0000] {processor.py:161} INFO - Started process (PID=19627) to work on /opt/airflow/dags/shopee_dag.py
[2026-05-27T03:34:42.337+0000] {processor.py:830} INFO - Processing file /opt/airflow/dags/shopee_dag.py for tasks to queue
[2026-05-27T03:34:42.338+0000] {logging_mixin.py:188} INFO - [2026-05-27T03:34:42.338+0000] {dagbag.py:545} INFO - Filling up the DagBag from /opt/airflow/dags/shopee_dag.py
[2026-05-27T03:34:42.444+0000] {processor.py:840} INFO - DAG(s) 'shopee_pipeline' retrieved from /opt/airflow/dags/shopee_dag.py
[2026-05-27T03:34:42.482+0000] {logging_mixin.py:188} INFO - [2026-05-27T03:34:42.482+0000] {dag.py:3096} INFO - Sync 1 DAGs
[2026-05-27T03:34:42.521+0000] {logging_mixin.py:188} INFO - [2026-05-27T03:34:42.520+0000] {dag.py:3954} INFO - Setting next_dagrun for shopee_pipeline to 2026-05-27 01:00:00+00:00, run_after=2026-05-28 01:00:00+00:00
[2026-05-27T03:34:42.561+0000] {processor.py:183} INFO - Processing /opt/airflow/dags/shopee_dag.py took 0.232 seconds
[2026-05-27T03:35:13.027+0000] {processor.py:161} INFO - Started process (PID=19684) to work on /opt/airflow/dags/shopee_dag.py
[2026-05-27T03:35:13.028+0000] {processor.py:830} INFO - Processing file /opt/airflow/dags/shopee_dag.py for tasks to queue
[2026-05-27T03:35:13.030+0000] {logging_mixin.py:188} INFO - [2026-05-27T03:35:13.030+0000] {dagbag.py:545} INFO - Filling up the DagBag from /opt/airflow/dags/shopee_dag.py
[2026-05-27T03:35:13.144+0000] {processor.py:840} INFO - DAG(s) 'shopee_pipeline' retrieved from /opt/airflow/dags/shopee_dag.py
[2026-05-27T03:35:13.187+0000] {logging_mixin.py:188} INFO - [2026-05-27T03:35:13.187+0000] {dag.py:3096} INFO - Sync 1 DAGs
[2026-05-27T03:35:13.229+0000] {logging_mixin.py:188} INFO - [2026-05-27T03:35:13.229+0000] {dag.py:3954} INFO - Setting next_dagrun for shopee_pipeline to 2026-05-27 01:00:00+00:00, run_after=2026-05-28 01:00:00+00:00
[2026-05-27T03:35:13.259+0000] {processor.py:183} INFO - Processing /opt/airflow/dags/shopee_dag.py took 0.238 seconds
[2026-05-27T03:35:43.598+0000] {processor.py:161} INFO - Started process (PID=19771) to work on /opt/airflow/dags/shopee_dag.py
[2026-05-27T03:35:43.599+0000] {processor.py:830} INFO - Processing file /opt/airflow/dags/shopee_dag.py for tasks to queue
[2026-05-27T03:35:43.601+0000] {logging_mixin.py:188} INFO - [2026-05-27T03:35:43.601+0000] {dagbag.py:545} INFO - Filling up the DagBag from /opt/airflow/dags/shopee_dag.py
[2026-05-27T03:35:43.714+0000] {processor.py:840} INFO - DAG(s) 'shopee_pipeline' retrieved from /opt/airflow/dags/shopee_dag.py
[2026-05-27T03:35:43.749+0000] {logging_mixin.py:188} INFO - [2026-05-27T03:35:43.749+0000] {dag.py:3096} INFO - Sync 1 DAGs
[2026-05-27T03:35:43.778+0000] {logging_mixin.py:188} INFO - [2026-05-27T03:35:43.778+0000] {dag.py:3954} INFO - Setting next_dagrun for shopee_pipeline to 2026-05-27 01:00:00+00:00, run_after=2026-05-28 01:00:00+00:00
[2026-05-27T03:35:43.806+0000] {processor.py:183} INFO - Processing /opt/airflow/dags/shopee_dag.py took 0.213 seconds
[2026-05-27T03:36:14.348+0000] {processor.py:161} INFO - Started process (PID=19828) to work on /opt/airflow/dags/shopee_dag.py
[2026-05-27T03:36:14.349+0000] {processor.py:830} INFO - Processing file /opt/airflow/dags/shopee_dag.py for tasks to queue
[2026-05-27T03:36:14.352+0000] {logging_mixin.py:188} INFO - [2026-05-27T03:36:14.352+0000] {dagbag.py:545} INFO - Filling up the DagBag from /opt/airflow/dags/shopee_dag.py
[2026-05-27T03:36:14.494+0000] {processor.py:840} INFO - DAG(s) 'shopee_pipeline' retrieved from /opt/airflow/dags/shopee_dag.py
[2026-05-27T03:36:14.540+0000] {logging_mixin.py:188} INFO - [2026-05-27T03:36:14.539+0000] {dag.py:3096} INFO - Sync 1 DAGs
[2026-05-27T03:36:14.580+0000] {logging_mixin.py:188} INFO - [2026-05-27T03:36:14.579+0000] {dag.py:3954} INFO - Setting next_dagrun for shopee_pipeline to 2026-05-27 01:00:00+00:00, run_after=2026-05-28 01:00:00+00:00
[2026-05-27T03:36:14.612+0000] {processor.py:183} INFO - Processing /opt/airflow/dags/shopee_dag.py took 0.273 seconds
[2026-05-27T03:36:44.872+0000] {processor.py:161} INFO - Started process (PID=19919) to work on /opt/airflow/dags/shopee_dag.py
[2026-05-27T03:36:44.873+0000] {processor.py:830} INFO - Processing file /opt/airflow/dags/shopee_dag.py for tasks to queue
[2026-05-27T03:36:44.876+0000] {logging_mixin.py:188} INFO - [2026-05-27T03:36:44.876+0000] {dagbag.py:545} INFO - Filling up the DagBag from /opt/airflow/dags/shopee_dag.py
[2026-05-27T03:36:45.002+0000] {processor.py:840} INFO - DAG(s) 'shopee_pipeline' retrieved from /opt/airflow/dags/shopee_dag.py
[2026-05-27T03:36:45.043+0000] {logging_mixin.py:188} INFO - [2026-05-27T03:36:45.043+0000] {dag.py:3096} INFO - Sync 1 DAGs
[2026-05-27T03:36:45.074+0000] {logging_mixin.py:188} INFO - [2026-05-27T03:36:45.074+0000] {dag.py:3954} INFO - Setting next_dagrun for shopee_pipeline to 2026-05-27 01:00:00+00:00, run_after=2026-05-28 01:00:00+00:00
[2026-05-27T03:36:45.103+0000] {processor.py:183} INFO - Processing /opt/airflow/dags/shopee_dag.py took 0.240 seconds
[2026-05-27T03:37:15.777+0000] {processor.py:161} INFO - Started process (PID=19961) to work on /opt/airflow/dags/shopee_dag.py
[2026-05-27T03:37:15.778+0000] {processor.py:830} INFO - Processing file /opt/airflow/dags/shopee_dag.py for tasks to queue
[2026-05-27T03:37:15.780+0000] {logging_mixin.py:188} INFO - [2026-05-27T03:37:15.780+0000] {dagbag.py:545} INFO - Filling up the DagBag from /opt/airflow/dags/shopee_dag.py
[2026-05-27T03:37:15.921+0000] {processor.py:840} INFO - DAG(s) 'shopee_pipeline' retrieved from /opt/airflow/dags/shopee_dag.py
[2026-05-27T03:37:15.973+0000] {logging_mixin.py:188} INFO - [2026-05-27T03:37:15.972+0000] {dag.py:3096} INFO - Sync 1 DAGs
[2026-05-27T03:37:16.010+0000] {logging_mixin.py:188} INFO - [2026-05-27T03:37:16.010+0000] {dag.py:3954} INFO - Setting next_dagrun for shopee_pipeline to 2026-05-27 01:00:00+00:00, run_after=2026-05-28 01:00:00+00:00
[2026-05-27T03:37:16.062+0000] {processor.py:183} INFO - Processing /opt/airflow/dags/shopee_dag.py took 0.294 seconds
[2026-05-27T03:37:46.351+0000] {processor.py:161} INFO - Started process (PID=20089) to work on /opt/airflow/dags/shopee_dag.py
[2026-05-27T03:37:46.352+0000] {processor.py:830} INFO - Processing file /opt/airflow/dags/shopee_dag.py for tasks to queue
[2026-05-27T03:37:46.354+0000] {logging_mixin.py:188} INFO - [2026-05-27T03:37:46.354+0000] {dagbag.py:545} INFO - Filling up the DagBag from /opt/airflow/dags/shopee_dag.py
[2026-05-27T03:37:46.453+0000] {processor.py:840} INFO - DAG(s) 'shopee_pipeline' retrieved from /opt/airflow/dags/shopee_dag.py
[2026-05-27T03:37:46.486+0000] {logging_mixin.py:188} INFO - [2026-05-27T03:37:46.486+0000] {dag.py:3096} INFO - Sync 1 DAGs
[2026-05-27T03:37:46.509+0000] {logging_mixin.py:188} INFO - [2026-05-27T03:37:46.509+0000] {dag.py:3954} INFO - Setting next_dagrun for shopee_pipeline to 2026-05-27 01:00:00+00:00, run_after=2026-05-28 01:00:00+00:00
[2026-05-27T03:37:46.530+0000] {processor.py:183} INFO - Processing /opt/airflow/dags/shopee_dag.py took 0.185 seconds
[2026-05-27T03:38:17.037+0000] {processor.py:161} INFO - Started process (PID=20102) to work on /opt/airflow/dags/shopee_dag.py
[2026-05-27T03:38:17.038+0000] {processor.py:830} INFO - Processing file /opt/airflow/dags/shopee_dag.py for tasks to queue
[2026-05-27T03:38:17.040+0000] {logging_mixin.py:188} INFO - [2026-05-27T03:38:17.040+0000] {dagbag.py:545} INFO - Filling up the DagBag from /opt/airflow/dags/shopee_dag.py
[2026-05-27T03:38:17.170+0000] {processor.py:840} INFO - DAG(s) 'shopee_pipeline' retrieved from /opt/airflow/dags/shopee_dag.py
[2026-05-27T03:38:17.212+0000] {logging_mixin.py:188} INFO - [2026-05-27T03:38:17.212+0000] {dag.py:3096} INFO - Sync 1 DAGs
[2026-05-27T03:38:17.242+0000] {logging_mixin.py:188} INFO - [2026-05-27T03:38:17.242+0000] {dag.py:3954} INFO - Setting next_dagrun for shopee_pipeline to 2026-05-27 01:00:00+00:00, run_after=2026-05-28 01:00:00+00:00
[2026-05-27T03:38:17.276+0000] {processor.py:183} INFO - Processing /opt/airflow/dags/shopee_dag.py took 0.246 seconds
[2026-05-27T03:38:47.595+0000] {processor.py:161} INFO - Started process (PID=20241) to work on /opt/airflow/dags/shopee_dag.py
[2026-05-27T03:38:47.596+0000] {processor.py:830} INFO - Processing file /opt/airflow/dags/shopee_dag.py for tasks to queue
[2026-05-27T03:38:47.598+0000] {logging_mixin.py:188} INFO - [2026-05-27T03:38:47.598+0000] {dagbag.py:545} INFO - Filling up the DagBag from /opt/airflow/dags/shopee_dag.py
[2026-05-27T03:38:47.713+0000] {processor.py:840} INFO - DAG(s) 'shopee_pipeline' retrieved from /opt/airflow/dags/shopee_dag.py
[2026-05-27T03:38:47.751+0000] {logging_mixin.py:188} INFO - [2026-05-27T03:38:47.751+0000] {dag.py:3096} INFO - Sync 1 DAGs
[2026-05-27T03:38:47.779+0000] {logging_mixin.py:188} INFO - [2026-05-27T03:38:47.778+0000] {dag.py:3954} INFO - Setting next_dagrun for shopee_pipeline to 2026-05-27 01:00:00+00:00, run_after=2026-05-28 01:00:00+00:00
[2026-05-27T03:38:47.802+0000] {processor.py:183} INFO - Processing /opt/airflow/dags/shopee_dag.py took 0.214 seconds
[2026-05-27T03:39:18.173+0000] {processor.py:161} INFO - Started process (PID=20343) to work on /opt/airflow/dags/shopee_dag.py
[2026-05-27T03:39:18.174+0000] {processor.py:830} INFO - Processing file /opt/airflow/dags/shopee_dag.py for tasks to queue
[2026-05-27T03:39:18.177+0000] {logging_mixin.py:188} INFO - [2026-05-27T03:39:18.176+0000] {dagbag.py:545} INFO - Filling up the DagBag from /opt/airflow/dags/shopee_dag.py
[2026-05-27T03:39:18.378+0000] {processor.py:840} INFO - DAG(s) 'shopee_pipeline' retrieved from /opt/airflow/dags/shopee_dag.py
[2026-05-27T03:39:18.430+0000] {logging_mixin.py:188} INFO - [2026-05-27T03:39:18.430+0000] {dag.py:3096} INFO - Sync 1 DAGs
[2026-05-27T03:39:18.469+0000] {logging_mixin.py:188} INFO - [2026-05-27T03:39:18.469+0000] {dag.py:3954} INFO - Setting next_dagrun for shopee_pipeline to 2026-05-27 01:00:00+00:00, run_after=2026-05-28 01:00:00+00:00
[2026-05-27T03:39:18.501+0000] {processor.py:183} INFO - Processing /opt/airflow/dags/shopee_dag.py took 0.338 seconds
[2026-05-27T03:39:49.196+0000] {processor.py:161} INFO - Started process (PID=20376) to work on /opt/airflow/dags/shopee_dag.py
[2026-05-27T03:39:49.197+0000] {processor.py:830} INFO - Processing file /opt/airflow/dags/shopee_dag.py for tasks to queue
[2026-05-27T03:39:49.199+0000] {logging_mixin.py:188} INFO - [2026-05-27T03:39:49.199+0000] {dagbag.py:545} INFO - Filling up the DagBag from /opt/airflow/dags/shopee_dag.py
[2026-05-27T03:39:49.319+0000] {processor.py:840} INFO - DAG(s) 'shopee_pipeline' retrieved from /opt/airflow/dags/shopee_dag.py
[2026-05-27T03:39:49.360+0000] {logging_mixin.py:188} INFO - [2026-05-27T03:39:49.360+0000] {dag.py:3096} INFO - Sync 1 DAGs
[2026-05-27T03:39:49.396+0000] {logging_mixin.py:188} INFO - [2026-05-27T03:39:49.395+0000] {dag.py:3954} INFO - Setting next_dagrun for shopee_pipeline to 2026-05-27 01:00:00+00:00, run_after=2026-05-28 01:00:00+00:00
[2026-05-27T03:39:49.435+0000] {processor.py:183} INFO - Processing /opt/airflow/dags/shopee_dag.py took 0.250 seconds
[2026-05-27T03:40:19.751+0000] {processor.py:161} INFO - Started process (PID=20490) to work on /opt/airflow/dags/shopee_dag.py
[2026-05-27T03:40:19.752+0000] {processor.py:830} INFO - Processing file /opt/airflow/dags/shopee_dag.py for tasks to queue
[2026-05-27T03:40:19.755+0000] {logging_mixin.py:188} INFO - [2026-05-27T03:40:19.754+0000] {dagbag.py:545} INFO - Filling up the DagBag from /opt/airflow/dags/shopee_dag.py
[2026-05-27T03:40:19.871+0000] {processor.py:840} INFO - DAG(s) 'shopee_pipeline' retrieved from /opt/airflow/dags/shopee_dag.py
[2026-05-27T03:40:19.911+0000] {logging_mixin.py:188} INFO - [2026-05-27T03:40:19.911+0000] {dag.py:3096} INFO - Sync 1 DAGs
[2026-05-27T03:40:19.941+0000] {logging_mixin.py:188} INFO - [2026-05-27T03:40:19.941+0000] {dag.py:3954} INFO - Setting next_dagrun for shopee_pipeline to 2026-05-27 01:00:00+00:00, run_after=2026-05-28 01:00:00+00:00
[2026-05-27T03:40:19.962+0000] {processor.py:183} INFO - Processing /opt/airflow/dags/shopee_dag.py took 0.220 seconds
[2026-05-27T03:40:50.049+0000] {processor.py:161} INFO - Started process (PID=20618) to work on /opt/airflow/dags/shopee_dag.py
[2026-05-27T03:40:50.050+0000] {processor.py:830} INFO - Processing file /opt/airflow/dags/shopee_dag.py for tasks to queue
[2026-05-27T03:40:50.051+0000] {logging_mixin.py:188} INFO - [2026-05-27T03:40:50.051+0000] {dagbag.py:545} INFO - Filling up the DagBag from /opt/airflow/dags/shopee_dag.py
[2026-05-27T03:40:50.163+0000] {processor.py:840} INFO - DAG(s) 'shopee_pipeline' retrieved from /opt/airflow/dags/shopee_dag.py
[2026-05-27T03:40:50.204+0000] {logging_mixin.py:188} INFO - [2026-05-27T03:40:50.204+0000] {dag.py:3096} INFO - Sync 1 DAGs
[2026-05-27T03:40:50.239+0000] {logging_mixin.py:188} INFO - [2026-05-27T03:40:50.239+0000] {dag.py:3954} INFO - Setting next_dagrun for shopee_pipeline to 2026-05-27 01:00:00+00:00, run_after=2026-05-28 01:00:00+00:00
[2026-05-27T03:40:50.283+0000] {processor.py:183} INFO - Processing /opt/airflow/dags/shopee_dag.py took 0.240 seconds
[2026-05-27T03:41:20.618+0000] {processor.py:161} INFO - Started process (PID=20707) to work on /opt/airflow/dags/shopee_dag.py
[2026-05-27T03:41:20.620+0000] {processor.py:830} INFO - Processing file /opt/airflow/dags/shopee_dag.py for tasks to queue
[2026-05-27T03:41:20.622+0000] {logging_mixin.py:188} INFO - [2026-05-27T03:41:20.622+0000] {dagbag.py:545} INFO - Filling up the DagBag from /opt/airflow/dags/shopee_dag.py
[2026-05-27T03:41:20.739+0000] {processor.py:840} INFO - DAG(s) 'shopee_pipeline' retrieved from /opt/airflow/dags/shopee_dag.py
[2026-05-27T03:41:20.773+0000] {logging_mixin.py:188} INFO - [2026-05-27T03:41:20.773+0000] {dag.py:3096} INFO - Sync 1 DAGs
[2026-05-27T03:41:20.803+0000] {logging_mixin.py:188} INFO - [2026-05-27T03:41:20.803+0000] {dag.py:3954} INFO - Setting next_dagrun for shopee_pipeline to 2026-05-27 01:00:00+00:00, run_after=2026-05-28 01:00:00+00:00
[2026-05-27T03:41:20.838+0000] {processor.py:183} INFO - Processing /opt/airflow/dags/shopee_dag.py took 0.227 seconds
[2026-05-27T03:41:51.387+0000] {processor.py:161} INFO - Started process (PID=20750) to work on /opt/airflow/dags/shopee_dag.py
[2026-05-27T03:41:51.389+0000] {processor.py:830} INFO - Processing file /opt/airflow/dags/shopee_dag.py for tasks to queue
[2026-05-27T03:41:51.392+0000] {logging_mixin.py:188} INFO - [2026-05-27T03:41:51.391+0000] {dagbag.py:545} INFO - Filling up the DagBag from /opt/airflow/dags/shopee_dag.py
[2026-05-27T03:41:51.543+0000] {processor.py:840} INFO - DAG(s) 'shopee_pipeline' retrieved from /opt/airflow/dags/shopee_dag.py
[2026-05-27T03:41:51.587+0000] {logging_mixin.py:188} INFO - [2026-05-27T03:41:51.587+0000] {dag.py:3096} INFO - Sync 1 DAGs
[2026-05-27T03:41:51.622+0000] {logging_mixin.py:188} INFO - [2026-05-27T03:41:51.622+0000] {dag.py:3954} INFO - Setting next_dagrun for shopee_pipeline to 2026-05-27 01:00:00+00:00, run_after=2026-05-28 01:00:00+00:00
[2026-05-27T03:41:51.651+0000] {processor.py:183} INFO - Processing /opt/airflow/dags/shopee_dag.py took 0.275 seconds
[2026-05-27T03:42:22.031+0000] {processor.py:161} INFO - Started process (PID=20872) to work on /opt/airflow/dags/shopee_dag.py
[2026-05-27T03:42:22.032+0000] {processor.py:830} INFO - Processing file /opt/airflow/dags/shopee_dag.py for tasks to queue
[2026-05-27T03:42:22.034+0000] {logging_mixin.py:188} INFO - [2026-05-27T03:42:22.034+0000] {dagbag.py:545} INFO - Filling up the DagBag from /opt/airflow/dags/shopee_dag.py
[2026-05-27T03:42:22.144+0000] {processor.py:840} INFO - DAG(s) 'shopee_pipeline' retrieved from /opt/airflow/dags/shopee_dag.py
[2026-05-27T03:42:22.200+0000] {logging_mixin.py:188} INFO - [2026-05-27T03:42:22.200+0000] {dag.py:3096} INFO - Sync 1 DAGs
[2026-05-27T03:42:22.249+0000] {logging_mixin.py:188} INFO - [2026-05-27T03:42:22.249+0000] {dag.py:3954} INFO - Setting next_dagrun for shopee_pipeline to 2026-05-27 01:00:00+00:00, run_after=2026-05-28 01:00:00+00:00
[2026-05-27T03:42:22.281+0000] {processor.py:183} INFO - Processing /opt/airflow/dags/shopee_dag.py took 0.255 seconds
[2026-05-27T03:42:52.544+0000] {processor.py:161} INFO - Started process (PID=20990) to work on /opt/airflow/dags/shopee_dag.py
[2026-05-27T03:42:52.546+0000] {processor.py:830} INFO - Processing file /opt/airflow/dags/shopee_dag.py for tasks to queue
[2026-05-27T03:42:52.548+0000] {logging_mixin.py:188} INFO - [2026-05-27T03:42:52.548+0000] {dagbag.py:545} INFO - Filling up the DagBag from /opt/airflow/dags/shopee_dag.py
[2026-05-27T03:42:52.693+0000] {processor.py:840} INFO - DAG(s) 'shopee_pipeline' retrieved from /opt/airflow/dags/shopee_dag.py
[2026-05-27T03:42:52.739+0000] {logging_mixin.py:188} INFO - [2026-05-27T03:42:52.738+0000] {dag.py:3096} INFO - Sync 1 DAGs
[2026-05-27T03:42:52.775+0000] {logging_mixin.py:188} INFO - [2026-05-27T03:42:52.775+0000] {dag.py:3954} INFO - Setting next_dagrun for shopee_pipeline to 2026-05-27 01:00:00+00:00, run_after=2026-05-28 01:00:00+00:00
[2026-05-27T03:42:52.813+0000] {processor.py:183} INFO - Processing /opt/airflow/dags/shopee_dag.py took 0.276 seconds
[2026-05-27T03:43:23.446+0000] {processor.py:161} INFO - Started process (PID=21007) to work on /opt/airflow/dags/shopee_dag.py
[2026-05-27T03:43:23.448+0000] {processor.py:830} INFO - Processing file /opt/airflow/dags/shopee_dag.py for tasks to queue
[2026-05-27T03:43:23.449+0000] {logging_mixin.py:188} INFO - [2026-05-27T03:43:23.449+0000] {dagbag.py:545} INFO - Filling up the DagBag from /opt/airflow/dags/shopee_dag.py
[2026-05-27T03:43:23.561+0000] {processor.py:840} INFO - DAG(s) 'shopee_pipeline' retrieved from /opt/airflow/dags/shopee_dag.py
[2026-05-27T03:43:23.599+0000] {logging_mixin.py:188} INFO - [2026-05-27T03:43:23.599+0000] {dag.py:3096} INFO - Sync 1 DAGs
[2026-05-27T03:43:23.634+0000] {logging_mixin.py:188} INFO - [2026-05-27T03:43:23.633+0000] {dag.py:3954} INFO - Setting next_dagrun for shopee_pipeline to 2026-05-27 01:00:00+00:00, run_after=2026-05-28 01:00:00+00:00
[2026-05-27T03:43:23.667+0000] {processor.py:183} INFO - Processing /opt/airflow/dags/shopee_dag.py took 0.227 seconds
[2026-05-27T03:43:53.915+0000] {processor.py:161} INFO - Started process (PID=21114) to work on /opt/airflow/dags/shopee_dag.py
[2026-05-27T03:43:53.916+0000] {processor.py:830} INFO - Processing file /opt/airflow/dags/shopee_dag.py for tasks to queue
[2026-05-27T03:43:53.918+0000] {logging_mixin.py:188} INFO - [2026-05-27T03:43:53.917+0000] {dagbag.py:545} INFO - Filling up the DagBag from /opt/airflow/dags/shopee_dag.py
[2026-05-27T03:43:54.039+0000] {processor.py:840} INFO - DAG(s) 'shopee_pipeline' retrieved from /opt/airflow/dags/shopee_dag.py
[2026-05-27T03:43:54.083+0000] {logging_mixin.py:188} INFO - [2026-05-27T03:43:54.082+0000] {dag.py:3096} INFO - Sync 1 DAGs
[2026-05-27T03:43:54.115+0000] {logging_mixin.py:188} INFO - [2026-05-27T03:43:54.115+0000] {dag.py:3954} INFO - Setting next_dagrun for shopee_pipeline to 2026-05-27 01:00:00+00:00, run_after=2026-05-28 01:00:00+00:00
[2026-05-27T03:43:54.151+0000] {processor.py:183} INFO - Processing /opt/airflow/dags/shopee_dag.py took 0.243 seconds
[2026-05-27T03:44:24.425+0000] {processor.py:161} INFO - Started process (PID=21202) to work on /opt/airflow/dags/shopee_dag.py
[2026-05-27T03:44:24.427+0000] {processor.py:830} INFO - Processing file /opt/airflow/dags/shopee_dag.py for tasks to queue
[2026-05-27T03:44:24.429+0000] {logging_mixin.py:188} INFO - [2026-05-27T03:44:24.429+0000] {dagbag.py:545} INFO - Filling up the DagBag from /opt/airflow/dags/shopee_dag.py
[2026-05-27T03:44:24.542+0000] {processor.py:840} INFO - DAG(s) 'shopee_pipeline' retrieved from /opt/airflow/dags/shopee_dag.py
[2026-05-27T03:44:24.575+0000] {logging_mixin.py:188} INFO - [2026-05-27T03:44:24.575+0000] {dag.py:3096} INFO - Sync 1 DAGs
[2026-05-27T03:44:24.600+0000] {logging_mixin.py:188} INFO - [2026-05-27T03:44:24.600+0000] {dag.py:3954} INFO - Setting next_dagrun for shopee_pipeline to 2026-05-27 01:00:00+00:00, run_after=2026-05-28 01:00:00+00:00
[2026-05-27T03:44:24.620+0000] {processor.py:183} INFO - Processing /opt/airflow/dags/shopee_dag.py took 0.203 seconds
[2026-05-27T03:44:55.108+0000] {processor.py:161} INFO - Started process (PID=21249) to work on /opt/airflow/dags/shopee_dag.py
[2026-05-27T03:44:55.109+0000] {processor.py:830} INFO - Processing file /opt/airflow/dags/shopee_dag.py for tasks to queue
[2026-05-27T03:44:55.111+0000] {logging_mixin.py:188} INFO - [2026-05-27T03:44:55.110+0000] {dagbag.py:545} INFO - Filling up the DagBag from /opt/airflow/dags/shopee_dag.py
[2026-05-27T03:44:55.220+0000] {processor.py:840} INFO - DAG(s) 'shopee_pipeline' retrieved from /opt/airflow/dags/shopee_dag.py
[2026-05-27T03:44:55.265+0000] {logging_mixin.py:188} INFO - [2026-05-27T03:44:55.264+0000] {dag.py:3096} INFO - Sync 1 DAGs
[2026-05-27T03:44:55.299+0000] {logging_mixin.py:188} INFO - [2026-05-27T03:44:55.299+0000] {dag.py:3954} INFO - Setting next_dagrun for shopee_pipeline to 2026-05-27 01:00:00+00:00, run_after=2026-05-28 01:00:00+00:00
[2026-05-27T03:44:55.335+0000] {processor.py:183} INFO - Processing /opt/airflow/dags/shopee_dag.py took 0.234 seconds
[2026-05-27T03:45:25.708+0000] {processor.py:161} INFO - Started process (PID=21348) to work on /opt/airflow/dags/shopee_dag.py
[2026-05-27T03:45:25.709+0000] {processor.py:830} INFO - Processing file /opt/airflow/dags/shopee_dag.py for tasks to queue
[2026-05-27T03:45:25.711+0000] {logging_mixin.py:188} INFO - [2026-05-27T03:45:25.711+0000] {dagbag.py:545} INFO - Filling up the DagBag from /opt/airflow/dags/shopee_dag.py
[2026-05-27T03:45:25.814+0000] {processor.py:840} INFO - DAG(s) 'shopee_pipeline' retrieved from /opt/airflow/dags/shopee_dag.py
[2026-05-27T03:45:25.846+0000] {logging_mixin.py:188} INFO - [2026-05-27T03:45:25.846+0000] {dag.py:3096} INFO - Sync 1 DAGs
[2026-05-27T03:45:25.875+0000] {logging_mixin.py:188} INFO - [2026-05-27T03:45:25.875+0000] {dag.py:3954} INFO - Setting next_dagrun for shopee_pipeline to 2026-05-27 01:00:00+00:00, run_after=2026-05-28 01:00:00+00:00
[2026-05-27T03:45:25.900+0000] {processor.py:183} INFO - Processing /opt/airflow/dags/shopee_dag.py took 0.198 seconds
[2026-05-27T03:45:56.345+0000] {processor.py:161} INFO - Started process (PID=21382) to work on /opt/airflow/dags/shopee_dag.py
[2026-05-27T03:45:56.346+0000] {processor.py:830} INFO - Processing file /opt/airflow/dags/shopee_dag.py for tasks to queue
[2026-05-27T03:45:56.348+0000] {logging_mixin.py:188} INFO - [2026-05-27T03:45:56.348+0000] {dagbag.py:545} INFO - Filling up the DagBag from /opt/airflow/dags/shopee_dag.py
[2026-05-27T03:45:56.472+0000] {processor.py:840} INFO - DAG(s) 'shopee_pipeline' retrieved from /opt/airflow/dags/shopee_dag.py
[2026-05-27T03:45:56.517+0000] {logging_mixin.py:188} INFO - [2026-05-27T03:45:56.516+0000] {dag.py:3096} INFO - Sync 1 DAGs
[2026-05-27T03:45:56.554+0000] {logging_mixin.py:188} INFO - [2026-05-27T03:45:56.553+0000] {dag.py:3954} INFO - Setting next_dagrun for shopee_pipeline to 2026-05-27 01:00:00+00:00, run_after=2026-05-28 01:00:00+00:00
[2026-05-27T03:45:56.591+0000] {processor.py:183} INFO - Processing /opt/airflow/dags/shopee_dag.py took 0.253 seconds
[2026-05-27T03:46:26.863+0000] {processor.py:161} INFO - Started process (PID=21506) to work on /opt/airflow/dags/shopee_dag.py
[2026-05-27T03:46:26.864+0000] {processor.py:830} INFO - Processing file /opt/airflow/dags/shopee_dag.py for tasks to queue
[2026-05-27T03:46:26.866+0000] {logging_mixin.py:188} INFO - [2026-05-27T03:46:26.866+0000] {dagbag.py:545} INFO - Filling up the DagBag from /opt/airflow/dags/shopee_dag.py
[2026-05-27T03:46:26.978+0000] {processor.py:840} INFO - DAG(s) 'shopee_pipeline' retrieved from /opt/airflow/dags/shopee_dag.py
[2026-05-27T03:46:27.016+0000] {logging_mixin.py:188} INFO - [2026-05-27T03:46:27.016+0000] {dag.py:3096} INFO - Sync 1 DAGs
[2026-05-27T03:46:27.043+0000] {logging_mixin.py:188} INFO - [2026-05-27T03:46:27.043+0000] {dag.py:3954} INFO - Setting next_dagrun for shopee_pipeline to 2026-05-27 01:00:00+00:00, run_after=2026-05-28 01:00:00+00:00
[2026-05-27T03:46:27.065+0000] {processor.py:183} INFO - Processing /opt/airflow/dags/shopee_dag.py took 0.208 seconds
[2026-05-27T03:46:57.405+0000] {processor.py:161} INFO - Started process (PID=21596) to work on /opt/airflow/dags/shopee_dag.py
[2026-05-27T03:46:57.406+0000] {processor.py:830} INFO - Processing file /opt/airflow/dags/shopee_dag.py for tasks to queue
[2026-05-27T03:46:57.408+0000] {logging_mixin.py:188} INFO - [2026-05-27T03:46:57.408+0000] {dagbag.py:545} INFO - Filling up the DagBag from /opt/airflow/dags/shopee_dag.py
[2026-05-27T03:46:57.532+0000] {processor.py:840} INFO - DAG(s) 'shopee_pipeline' retrieved from /opt/airflow/dags/shopee_dag.py
[2026-05-27T03:46:57.571+0000] {logging_mixin.py:188} INFO - [2026-05-27T03:46:57.571+0000] {dag.py:3096} INFO - Sync 1 DAGs
[2026-05-27T03:46:57.598+0000] {logging_mixin.py:188} INFO - [2026-05-27T03:46:57.598+0000] {dag.py:3954} INFO - Setting next_dagrun for shopee_pipeline to 2026-05-27 01:00:00+00:00, run_after=2026-05-28 01:00:00+00:00
[2026-05-27T03:46:57.621+0000] {processor.py:183} INFO - Processing /opt/airflow/dags/shopee_dag.py took 0.223 seconds
[2026-05-27T03:47:28.057+0000] {processor.py:161} INFO - Started process (PID=21641) to work on /opt/airflow/dags/shopee_dag.py
[2026-05-27T03:47:28.058+0000] {processor.py:830} INFO - Processing file /opt/airflow/dags/shopee_dag.py for tasks to queue
[2026-05-27T03:47:28.060+0000] {logging_mixin.py:188} INFO - [2026-05-27T03:47:28.059+0000] {dagbag.py:545} INFO - Filling up the DagBag from /opt/airflow/dags/shopee_dag.py
[2026-05-27T03:47:28.166+0000] {processor.py:840} INFO - DAG(s) 'shopee_pipeline' retrieved from /opt/airflow/dags/shopee_dag.py
[2026-05-27T03:47:28.207+0000] {logging_mixin.py:188} INFO - [2026-05-27T03:47:28.207+0000] {dag.py:3096} INFO - Sync 1 DAGs
[2026-05-27T03:47:28.241+0000] {logging_mixin.py:188} INFO - [2026-05-27T03:47:28.241+0000] {dag.py:3954} INFO - Setting next_dagrun for shopee_pipeline to 2026-05-27 01:00:00+00:00, run_after=2026-05-28 01:00:00+00:00
[2026-05-27T03:47:28.269+0000] {processor.py:183} INFO - Processing /opt/airflow/dags/shopee_dag.py took 0.219 seconds
[2026-05-27T03:47:58.628+0000] {processor.py:161} INFO - Started process (PID=21733) to work on /opt/airflow/dags/shopee_dag.py
[2026-05-27T03:47:58.629+0000] {processor.py:830} INFO - Processing file /opt/airflow/dags/shopee_dag.py for tasks to queue
[2026-05-27T03:47:58.630+0000] {logging_mixin.py:188} INFO - [2026-05-27T03:47:58.630+0000] {dagbag.py:545} INFO - Filling up the DagBag from /opt/airflow/dags/shopee_dag.py
[2026-05-27T03:47:58.729+0000] {processor.py:840} INFO - DAG(s) 'shopee_pipeline' retrieved from /opt/airflow/dags/shopee_dag.py
[2026-05-27T03:47:58.759+0000] {logging_mixin.py:188} INFO - [2026-05-27T03:47:58.759+0000] {dag.py:3096} INFO - Sync 1 DAGs
[2026-05-27T03:47:58.782+0000] {logging_mixin.py:188} INFO - [2026-05-27T03:47:58.781+0000] {dag.py:3954} INFO - Setting next_dagrun for shopee_pipeline to 2026-05-27 01:00:00+00:00, run_after=2026-05-28 01:00:00+00:00
[2026-05-27T03:47:58.803+0000] {processor.py:183} INFO - Processing /opt/airflow/dags/shopee_dag.py took 0.180 seconds
[2026-05-27T03:48:29.273+0000] {processor.py:161} INFO - Started process (PID=21788) to work on /opt/airflow/dags/shopee_dag.py
[2026-05-27T03:48:29.274+0000] {processor.py:830} INFO - Processing file /opt/airflow/dags/shopee_dag.py for tasks to queue
[2026-05-27T03:48:29.276+0000] {logging_mixin.py:188} INFO - [2026-05-27T03:48:29.276+0000] {dagbag.py:545} INFO - Filling up the DagBag from /opt/airflow/dags/shopee_dag.py
[2026-05-27T03:48:29.386+0000] {processor.py:840} INFO - DAG(s) 'shopee_pipeline' retrieved from /opt/airflow/dags/shopee_dag.py
[2026-05-27T03:48:29.428+0000] {logging_mixin.py:188} INFO - [2026-05-27T03:48:29.428+0000] {dag.py:3096} INFO - Sync 1 DAGs
[2026-05-27T03:48:29.462+0000] {logging_mixin.py:188} INFO - [2026-05-27T03:48:29.461+0000] {dag.py:3954} INFO - Setting next_dagrun for shopee_pipeline to 2026-05-27 01:00:00+00:00, run_after=2026-05-28 01:00:00+00:00
[2026-05-27T03:48:29.488+0000] {processor.py:183} INFO - Processing /opt/airflow/dags/shopee_dag.py took 0.222 seconds
[2026-05-27T03:48:59.796+0000] {processor.py:161} INFO - Started process (PID=21911) to work on /opt/airflow/dags/shopee_dag.py
[2026-05-27T03:48:59.798+0000] {processor.py:830} INFO - Processing file /opt/airflow/dags/shopee_dag.py for tasks to queue
[2026-05-27T03:48:59.801+0000] {logging_mixin.py:188} INFO - [2026-05-27T03:48:59.800+0000] {dagbag.py:545} INFO - Filling up the DagBag from /opt/airflow/dags/shopee_dag.py
[2026-05-27T03:48:59.998+0000] {processor.py:840} INFO - DAG(s) 'shopee_pipeline' retrieved from /opt/airflow/dags/shopee_dag.py
[2026-05-27T03:49:00.055+0000] {logging_mixin.py:188} INFO - [2026-05-27T03:49:00.054+0000] {dag.py:3096} INFO - Sync 1 DAGs
[2026-05-27T03:49:00.092+0000] {logging_mixin.py:188} INFO - [2026-05-27T03:49:00.092+0000] {dag.py:3954} INFO - Setting next_dagrun for shopee_pipeline to 2026-05-27 01:00:00+00:00, run_after=2026-05-28 01:00:00+00:00
[2026-05-27T03:49:00.118+0000] {processor.py:183} INFO - Processing /opt/airflow/dags/shopee_dag.py took 0.334 seconds
[2026-05-27T03:49:30.423+0000] {processor.py:161} INFO - Started process (PID=21927) to work on /opt/airflow/dags/shopee_dag.py
[2026-05-27T03:49:30.424+0000] {processor.py:830} INFO - Processing file /opt/airflow/dags/shopee_dag.py for tasks to queue
[2026-05-27T03:49:30.426+0000] {logging_mixin.py:188} INFO - [2026-05-27T03:49:30.426+0000] {dagbag.py:545} INFO - Filling up the DagBag from /opt/airflow/dags/shopee_dag.py
[2026-05-27T03:49:30.545+0000] {processor.py:840} INFO - DAG(s) 'shopee_pipeline' retrieved from /opt/airflow/dags/shopee_dag.py
[2026-05-27T03:49:30.586+0000] {logging_mixin.py:188} INFO - [2026-05-27T03:49:30.586+0000] {dag.py:3096} INFO - Sync 1 DAGs
[2026-05-27T03:49:30.627+0000] {logging_mixin.py:188} INFO - [2026-05-27T03:49:30.626+0000] {dag.py:3954} INFO - Setting next_dagrun for shopee_pipeline to 2026-05-27 01:00:00+00:00, run_after=2026-05-28 01:00:00+00:00
[2026-05-27T03:49:30.668+0000] {processor.py:183} INFO - Processing /opt/airflow/dags/shopee_dag.py took 0.252 seconds
[2026-05-27T03:50:00.979+0000] {processor.py:161} INFO - Started process (PID=22045) to work on /opt/airflow/dags/shopee_dag.py
[2026-05-27T03:50:00.981+0000] {processor.py:830} INFO - Processing file /opt/airflow/dags/shopee_dag.py for tasks to queue
[2026-05-27T03:50:00.983+0000] {logging_mixin.py:188} INFO - [2026-05-27T03:50:00.983+0000] {dagbag.py:545} INFO - Filling up the DagBag from /opt/airflow/dags/shopee_dag.py
[2026-05-27T03:50:01.126+0000] {processor.py:840} INFO - DAG(s) 'shopee_pipeline' retrieved from /opt/airflow/dags/shopee_dag.py
[2026-05-27T03:50:01.169+0000] {logging_mixin.py:188} INFO - [2026-05-27T03:50:01.168+0000] {dag.py:3096} INFO - Sync 1 DAGs
[2026-05-27T03:50:01.207+0000] {logging_mixin.py:188} INFO - [2026-05-27T03:50:01.206+0000] {dag.py:3954} INFO - Setting next_dagrun for shopee_pipeline to 2026-05-27 01:00:00+00:00, run_after=2026-05-28 01:00:00+00:00
[2026-05-27T03:50:01.236+0000] {processor.py:183} INFO - Processing /opt/airflow/dags/shopee_dag.py took 0.265 seconds
[2026-05-27T03:50:31.841+0000] {processor.py:161} INFO - Started process (PID=22166) to work on /opt/airflow/dags/shopee_dag.py
[2026-05-27T03:50:31.843+0000] {processor.py:830} INFO - Processing file /opt/airflow/dags/shopee_dag.py for tasks to queue
[2026-05-27T03:50:31.847+0000] {logging_mixin.py:188} INFO - [2026-05-27T03:50:31.846+0000] {dagbag.py:545} INFO - Filling up the DagBag from /opt/airflow/dags/shopee_dag.py
[2026-05-27T03:50:31.995+0000] {processor.py:840} INFO - DAG(s) 'shopee_pipeline' retrieved from /opt/airflow/dags/shopee_dag.py
[2026-05-27T03:50:32.045+0000] {logging_mixin.py:188} INFO - [2026-05-27T03:50:32.044+0000] {dag.py:3096} INFO - Sync 1 DAGs
[2026-05-27T03:50:32.079+0000] {logging_mixin.py:188} INFO - [2026-05-27T03:50:32.078+0000] {dag.py:3954} INFO - Setting next_dagrun for shopee_pipeline to 2026-05-27 01:00:00+00:00, run_after=2026-05-28 01:00:00+00:00
[2026-05-27T03:50:32.106+0000] {processor.py:183} INFO - Processing /opt/airflow/dags/shopee_dag.py took 0.277 seconds
[2026-05-27T03:51:02.437+0000] {processor.py:161} INFO - Started process (PID=22257) to work on /opt/airflow/dags/shopee_dag.py
[2026-05-27T03:51:02.439+0000] {processor.py:830} INFO - Processing file /opt/airflow/dags/shopee_dag.py for tasks to queue
[2026-05-27T03:51:02.441+0000] {logging_mixin.py:188} INFO - [2026-05-27T03:51:02.441+0000] {dagbag.py:545} INFO - Filling up the DagBag from /opt/airflow/dags/shopee_dag.py
[2026-05-27T03:51:02.597+0000] {processor.py:840} INFO - DAG(s) 'shopee_pipeline' retrieved from /opt/airflow/dags/shopee_dag.py
[2026-05-27T03:51:02.643+0000] {logging_mixin.py:188} INFO - [2026-05-27T03:51:02.643+0000] {dag.py:3096} INFO - Sync 1 DAGs
[2026-05-27T03:51:02.679+0000] {logging_mixin.py:188} INFO - [2026-05-27T03:51:02.678+0000] {dag.py:3954} INFO - Setting next_dagrun for shopee_pipeline to 2026-05-27 01:00:00+00:00, run_after=2026-05-28 01:00:00+00:00
[2026-05-27T03:51:02.707+0000] {processor.py:183} INFO - Processing /opt/airflow/dags/shopee_dag.py took 0.278 seconds
[2026-05-27T03:51:33.347+0000] {processor.py:161} INFO - Started process (PID=22298) to work on /opt/airflow/dags/shopee_dag.py
[2026-05-27T03:51:33.348+0000] {processor.py:830} INFO - Processing file /opt/airflow/dags/shopee_dag.py for tasks to queue
[2026-05-27T03:51:33.351+0000] {logging_mixin.py:188} INFO - [2026-05-27T03:51:33.351+0000] {dagbag.py:545} INFO - Filling up the DagBag from /opt/airflow/dags/shopee_dag.py
[2026-05-27T03:51:33.486+0000] {processor.py:840} INFO - DAG(s) 'shopee_pipeline' retrieved from /opt/airflow/dags/shopee_dag.py
[2026-05-27T03:51:33.533+0000] {logging_mixin.py:188} INFO - [2026-05-27T03:51:33.533+0000] {dag.py:3096} INFO - Sync 1 DAGs
[2026-05-27T03:51:33.563+0000] {logging_mixin.py:188} INFO - [2026-05-27T03:51:33.562+0000] {dag.py:3954} INFO - Setting next_dagrun for shopee_pipeline to 2026-05-27 01:00:00+00:00, run_after=2026-05-28 01:00:00+00:00
[2026-05-27T03:51:33.587+0000] {processor.py:183} INFO - Processing /opt/airflow/dags/shopee_dag.py took 0.249 seconds
[2026-05-27T03:52:03.875+0000] {processor.py:161} INFO - Started process (PID=22432) to work on /opt/airflow/dags/shopee_dag.py
[2026-05-27T03:52:03.876+0000] {processor.py:830} INFO - Processing file /opt/airflow/dags/shopee_dag.py for tasks to queue
[2026-05-27T03:52:03.878+0000] {logging_mixin.py:188} INFO - [2026-05-27T03:52:03.877+0000] {dagbag.py:545} INFO - Filling up the DagBag from /opt/airflow/dags/shopee_dag.py
[2026-05-27T03:52:03.996+0000] {processor.py:840} INFO - DAG(s) 'shopee_pipeline' retrieved from /opt/airflow/dags/shopee_dag.py
[2026-05-27T03:52:04.028+0000] {logging_mixin.py:188} INFO - [2026-05-27T03:52:04.028+0000] {dag.py:3096} INFO - Sync 1 DAGs
[2026-05-27T03:52:04.052+0000] {logging_mixin.py:188} INFO - [2026-05-27T03:52:04.052+0000] {dag.py:3954} INFO - Setting next_dagrun for shopee_pipeline to 2026-05-27 01:00:00+00:00, run_after=2026-05-28 01:00:00+00:00
[2026-05-27T03:52:04.072+0000] {processor.py:183} INFO - Processing /opt/airflow/dags/shopee_dag.py took 0.204 seconds
[2026-05-27T03:52:34.621+0000] {processor.py:161} INFO - Started process (PID=22445) to work on /opt/airflow/dags/shopee_dag.py
[2026-05-27T03:52:34.622+0000] {processor.py:830} INFO - Processing file /opt/airflow/dags/shopee_dag.py for tasks to queue
[2026-05-27T03:52:34.624+0000] {logging_mixin.py:188} INFO - [2026-05-27T03:52:34.624+0000] {dagbag.py:545} INFO - Filling up the DagBag from /opt/airflow/dags/shopee_dag.py
[2026-05-27T03:52:34.739+0000] {processor.py:840} INFO - DAG(s) 'shopee_pipeline' retrieved from /opt/airflow/dags/shopee_dag.py
[2026-05-27T03:52:34.780+0000] {logging_mixin.py:188} INFO - [2026-05-27T03:52:34.779+0000] {dag.py:3096} INFO - Sync 1 DAGs
[2026-05-27T03:52:34.811+0000] {logging_mixin.py:188} INFO - [2026-05-27T03:52:34.811+0000] {dag.py:3954} INFO - Setting next_dagrun for shopee_pipeline to 2026-05-27 01:00:00+00:00, run_after=2026-05-28 01:00:00+00:00
[2026-05-27T03:52:34.836+0000] {processor.py:183} INFO - Processing /opt/airflow/dags/shopee_dag.py took 0.222 seconds
[2026-05-27T03:53:05.094+0000] {processor.py:161} INFO - Started process (PID=22568) to work on /opt/airflow/dags/shopee_dag.py
[2026-05-27T03:53:05.096+0000] {processor.py:830} INFO - Processing file /opt/airflow/dags/shopee_dag.py for tasks to queue
[2026-05-27T03:53:05.099+0000] {logging_mixin.py:188} INFO - [2026-05-27T03:53:05.098+0000] {dagbag.py:545} INFO - Filling up the DagBag from /opt/airflow/dags/shopee_dag.py
[2026-05-27T03:53:05.221+0000] {processor.py:840} INFO - DAG(s) 'shopee_pipeline' retrieved from /opt/airflow/dags/shopee_dag.py
[2026-05-27T03:53:05.261+0000] {logging_mixin.py:188} INFO - [2026-05-27T03:53:05.261+0000] {dag.py:3096} INFO - Sync 1 DAGs
[2026-05-27T03:53:05.291+0000] {logging_mixin.py:188} INFO - [2026-05-27T03:53:05.291+0000] {dag.py:3954} INFO - Setting next_dagrun for shopee_pipeline to 2026-05-27 01:00:00+00:00, run_after=2026-05-28 01:00:00+00:00
[2026-05-27T03:53:05.317+0000] {processor.py:183} INFO - Processing /opt/airflow/dags/shopee_dag.py took 0.236 seconds
[2026-05-27T03:53:35.623+0000] {processor.py:161} INFO - Started process (PID=22689) to work on /opt/airflow/dags/shopee_dag.py
[2026-05-27T03:53:35.624+0000] {processor.py:830} INFO - Processing file /opt/airflow/dags/shopee_dag.py for tasks to queue
[2026-05-27T03:53:35.626+0000] {logging_mixin.py:188} INFO - [2026-05-27T03:53:35.625+0000] {dagbag.py:545} INFO - Filling up the DagBag from /opt/airflow/dags/shopee_dag.py
[2026-05-27T03:53:35.737+0000] {processor.py:840} INFO - DAG(s) 'shopee_pipeline' retrieved from /opt/airflow/dags/shopee_dag.py
[2026-05-27T03:53:35.781+0000] {logging_mixin.py:188} INFO - [2026-05-27T03:53:35.780+0000] {dag.py:3096} INFO - Sync 1 DAGs
[2026-05-27T03:53:35.810+0000] {logging_mixin.py:188} INFO - [2026-05-27T03:53:35.809+0000] {dag.py:3954} INFO - Setting next_dagrun for shopee_pipeline to 2026-05-27 01:00:00+00:00, run_after=2026-05-28 01:00:00+00:00
[2026-05-27T03:53:35.834+0000] {processor.py:183} INFO - Processing /opt/airflow/dags/shopee_dag.py took 0.220 seconds
[2026-05-27T03:54:06.137+0000] {processor.py:161} INFO - Started process (PID=22812) to work on /opt/airflow/dags/shopee_dag.py
[2026-05-27T03:54:06.138+0000] {processor.py:830} INFO - Processing file /opt/airflow/dags/shopee_dag.py for tasks to queue
[2026-05-27T03:54:06.139+0000] {logging_mixin.py:188} INFO - [2026-05-27T03:54:06.139+0000] {dagbag.py:545} INFO - Filling up the DagBag from /opt/airflow/dags/shopee_dag.py
[2026-05-27T03:54:06.254+0000] {processor.py:840} INFO - DAG(s) 'shopee_pipeline' retrieved from /opt/airflow/dags/shopee_dag.py
[2026-05-27T03:54:06.296+0000] {logging_mixin.py:188} INFO - [2026-05-27T03:54:06.295+0000] {dag.py:3096} INFO - Sync 1 DAGs
[2026-05-27T03:54:06.335+0000] {logging_mixin.py:188} INFO - [2026-05-27T03:54:06.334+0000] {dag.py:3954} INFO - Setting next_dagrun for shopee_pipeline to 2026-05-27 01:00:00+00:00, run_after=2026-05-28 01:00:00+00:00
[2026-05-27T03:54:06.362+0000] {processor.py:183} INFO - Processing /opt/airflow/dags/shopee_dag.py took 0.232 seconds
[2026-05-27T03:54:36.631+0000] {processor.py:161} INFO - Started process (PID=22898) to work on /opt/airflow/dags/shopee_dag.py
[2026-05-27T03:54:36.633+0000] {processor.py:830} INFO - Processing file /opt/airflow/dags/shopee_dag.py for tasks to queue
[2026-05-27T03:54:36.636+0000] {logging_mixin.py:188} INFO - [2026-05-27T03:54:36.635+0000] {dagbag.py:545} INFO - Filling up the DagBag from /opt/airflow/dags/shopee_dag.py
[2026-05-27T03:54:36.796+0000] {processor.py:840} INFO - DAG(s) 'shopee_pipeline' retrieved from /opt/airflow/dags/shopee_dag.py
[2026-05-27T03:54:36.901+0000] {logging_mixin.py:188} INFO - [2026-05-27T03:54:36.901+0000] {dag.py:3096} INFO - Sync 1 DAGs
[2026-05-27T03:54:36.934+0000] {logging_mixin.py:188} INFO - [2026-05-27T03:54:36.933+0000] {dag.py:3954} INFO - Setting next_dagrun for shopee_pipeline to 2026-05-27 01:00:00+00:00, run_after=2026-05-28 01:00:00+00:00
[2026-05-27T03:54:36.958+0000] {processor.py:183} INFO - Processing /opt/airflow/dags/shopee_dag.py took 0.338 seconds
[2026-05-27T03:55:07.512+0000] {processor.py:161} INFO - Started process (PID=22924) to work on /opt/airflow/dags/shopee_dag.py
[2026-05-27T03:55:07.513+0000] {processor.py:830} INFO - Processing file /opt/airflow/dags/shopee_dag.py for tasks to queue
[2026-05-27T03:55:07.515+0000] {logging_mixin.py:188} INFO - [2026-05-27T03:55:07.514+0000] {dagbag.py:545} INFO - Filling up the DagBag from /opt/airflow/dags/shopee_dag.py
[2026-05-27T03:55:07.627+0000] {processor.py:840} INFO - DAG(s) 'shopee_pipeline' retrieved from /opt/airflow/dags/shopee_dag.py
[2026-05-27T03:55:07.673+0000] {logging_mixin.py:188} INFO - [2026-05-27T03:55:07.673+0000] {dag.py:3096} INFO - Sync 1 DAGs
[2026-05-27T03:55:07.706+0000] {logging_mixin.py:188} INFO - [2026-05-27T03:55:07.705+0000] {dag.py:3954} INFO - Setting next_dagrun for shopee_pipeline to 2026-05-27 01:00:00+00:00, run_after=2026-05-28 01:00:00+00:00
[2026-05-27T03:55:07.731+0000] {processor.py:183} INFO - Processing /opt/airflow/dags/shopee_dag.py took 0.225 seconds
[2026-05-27T03:55:38.128+0000] {processor.py:161} INFO - Started process (PID=23012) to work on /opt/airflow/dags/shopee_dag.py
[2026-05-27T03:55:38.129+0000] {processor.py:830} INFO - Processing file /opt/airflow/dags/shopee_dag.py for tasks to queue
[2026-05-27T03:55:38.131+0000] {logging_mixin.py:188} INFO - [2026-05-27T03:55:38.130+0000] {dagbag.py:545} INFO - Filling up the DagBag from /opt/airflow/dags/shopee_dag.py
[2026-05-27T03:55:38.239+0000] {processor.py:840} INFO - DAG(s) 'shopee_pipeline' retrieved from /opt/airflow/dags/shopee_dag.py
[2026-05-27T03:55:38.272+0000] {logging_mixin.py:188} INFO - [2026-05-27T03:55:38.272+0000] {dag.py:3096} INFO - Sync 1 DAGs
[2026-05-27T03:55:38.475+0000] {logging_mixin.py:188} INFO - [2026-05-27T03:55:38.475+0000] {dag.py:3954} INFO - Setting next_dagrun for shopee_pipeline to 2026-05-27 01:00:00+00:00, run_after=2026-05-28 01:00:00+00:00
[2026-05-27T03:55:38.497+0000] {processor.py:183} INFO - Processing /opt/airflow/dags/shopee_dag.py took 0.378 seconds
[2026-05-27T03:56:08.717+0000] {processor.py:161} INFO - Started process (PID=23039) to work on /opt/airflow/dags/shopee_dag.py
[2026-05-27T03:56:08.718+0000] {processor.py:830} INFO - Processing file /opt/airflow/dags/shopee_dag.py for tasks to queue
[2026-05-27T03:56:08.720+0000] {logging_mixin.py:188} INFO - [2026-05-27T03:56:08.719+0000] {dagbag.py:545} INFO - Filling up the DagBag from /opt/airflow/dags/shopee_dag.py
[2026-05-27T03:56:08.811+0000] {processor.py:840} INFO - DAG(s) 'shopee_pipeline' retrieved from /opt/airflow/dags/shopee_dag.py
[2026-05-27T03:56:08.841+0000] {logging_mixin.py:188} INFO - [2026-05-27T03:56:08.841+0000] {dag.py:3096} INFO - Sync 1 DAGs
[2026-05-27T03:56:08.863+0000] {logging_mixin.py:188} INFO - [2026-05-27T03:56:08.863+0000] {dag.py:3954} INFO - Setting next_dagrun for shopee_pipeline to 2026-05-27 01:00:00+00:00, run_after=2026-05-28 01:00:00+00:00
[2026-05-27T03:56:08.883+0000] {processor.py:183} INFO - Processing /opt/airflow/dags/shopee_dag.py took 0.172 seconds
[2026-05-27T03:56:39.530+0000] {processor.py:161} INFO - Started process (PID=23160) to work on /opt/airflow/dags/shopee_dag.py
[2026-05-27T03:56:39.531+0000] {processor.py:830} INFO - Processing file /opt/airflow/dags/shopee_dag.py for tasks to queue
[2026-05-27T03:56:39.536+0000] {logging_mixin.py:188} INFO - [2026-05-27T03:56:39.535+0000] {dagbag.py:545} INFO - Filling up the DagBag from /opt/airflow/dags/shopee_dag.py
[2026-05-27T03:56:39.676+0000] {processor.py:840} INFO - DAG(s) 'shopee_pipeline' retrieved from /opt/airflow/dags/shopee_dag.py
[2026-05-27T03:56:39.724+0000] {logging_mixin.py:188} INFO - [2026-05-27T03:56:39.723+0000] {dag.py:3096} INFO - Sync 1 DAGs
[2026-05-27T03:56:39.870+0000] {logging_mixin.py:188} INFO - [2026-05-27T03:56:39.870+0000] {dag.py:3954} INFO - Setting next_dagrun for shopee_pipeline to 2026-05-27 01:00:00+00:00, run_after=2026-05-28 01:00:00+00:00
[2026-05-27T03:56:39.889+0000] {processor.py:183} INFO - Processing /opt/airflow/dags/shopee_dag.py took 0.368 seconds
[2026-05-27T03:57:10.071+0000] {processor.py:161} INFO - Started process (PID=23291) to work on /opt/airflow/dags/shopee_dag.py
[2026-05-27T03:57:10.072+0000] {processor.py:830} INFO - Processing file /opt/airflow/dags/shopee_dag.py for tasks to queue
[2026-05-27T03:57:10.074+0000] {logging_mixin.py:188} INFO - [2026-05-27T03:57:10.073+0000] {dagbag.py:545} INFO - Filling up the DagBag from /opt/airflow/dags/shopee_dag.py
[2026-05-27T03:57:10.175+0000] {processor.py:840} INFO - DAG(s) 'shopee_pipeline' retrieved from /opt/airflow/dags/shopee_dag.py
[2026-05-27T03:57:10.216+0000] {logging_mixin.py:188} INFO - [2026-05-27T03:57:10.216+0000] {dag.py:3096} INFO - Sync 1 DAGs
[2026-05-27T03:57:10.246+0000] {logging_mixin.py:188} INFO - [2026-05-27T03:57:10.246+0000] {dag.py:3954} INFO - Setting next_dagrun for shopee_pipeline to 2026-05-27 01:00:00+00:00, run_after=2026-05-28 01:00:00+00:00
[2026-05-27T03:57:10.374+0000] {processor.py:183} INFO - Processing /opt/airflow/dags/shopee_dag.py took 0.309 seconds
[2026-05-27T03:57:41.051+0000] {processor.py:161} INFO - Started process (PID=23304) to work on /opt/airflow/dags/shopee_dag.py
[2026-05-27T03:57:41.053+0000] {processor.py:830} INFO - Processing file /opt/airflow/dags/shopee_dag.py for tasks to queue
[2026-05-27T03:57:41.055+0000] {logging_mixin.py:188} INFO - [2026-05-27T03:57:41.054+0000] {dagbag.py:545} INFO - Filling up the DagBag from /opt/airflow/dags/shopee_dag.py
[2026-05-27T03:57:41.168+0000] {processor.py:840} INFO - DAG(s) 'shopee_pipeline' retrieved from /opt/airflow/dags/shopee_dag.py
[2026-05-27T03:57:41.213+0000] {logging_mixin.py:188} INFO - [2026-05-27T03:57:41.212+0000] {dag.py:3096} INFO - Sync 1 DAGs
[2026-05-27T03:57:41.375+0000] {logging_mixin.py:188} INFO - [2026-05-27T03:57:41.375+0000] {dag.py:3954} INFO - Setting next_dagrun for shopee_pipeline to 2026-05-27 01:00:00+00:00, run_after=2026-05-28 01:00:00+00:00
[2026-05-27T03:57:41.400+0000] {processor.py:183} INFO - Processing /opt/airflow/dags/shopee_dag.py took 0.356 seconds
[2026-05-27T03:58:11.560+0000] {processor.py:161} INFO - Started process (PID=23397) to work on /opt/airflow/dags/shopee_dag.py
[2026-05-27T03:58:11.562+0000] {processor.py:830} INFO - Processing file /opt/airflow/dags/shopee_dag.py for tasks to queue
[2026-05-27T03:58:11.563+0000] {logging_mixin.py:188} INFO - [2026-05-27T03:58:11.563+0000] {dagbag.py:545} INFO - Filling up the DagBag from /opt/airflow/dags/shopee_dag.py
[2026-05-27T03:58:11.679+0000] {processor.py:840} INFO - DAG(s) 'shopee_pipeline' retrieved from /opt/airflow/dags/shopee_dag.py
[2026-05-27T03:58:11.715+0000] {logging_mixin.py:188} INFO - [2026-05-27T03:58:11.714+0000] {dag.py:3096} INFO - Sync 1 DAGs
[2026-05-27T03:58:11.870+0000] {logging_mixin.py:188} INFO - [2026-05-27T03:58:11.870+0000] {dag.py:3954} INFO - Setting next_dagrun for shopee_pipeline to 2026-05-27 01:00:00+00:00, run_after=2026-05-28 01:00:00+00:00
[2026-05-27T03:58:11.894+0000] {processor.py:183} INFO - Processing /opt/airflow/dags/shopee_dag.py took 0.341 seconds
[2026-05-27T03:58:42.572+0000] {processor.py:161} INFO - Started process (PID=23441) to work on /opt/airflow/dags/shopee_dag.py
[2026-05-27T03:58:42.573+0000] {processor.py:830} INFO - Processing file /opt/airflow/dags/shopee_dag.py for tasks to queue
[2026-05-27T03:58:42.575+0000] {logging_mixin.py:188} INFO - [2026-05-27T03:58:42.575+0000] {dagbag.py:545} INFO - Filling up the DagBag from /opt/airflow/dags/shopee_dag.py
[2026-05-27T03:58:42.699+0000] {processor.py:840} INFO - DAG(s) 'shopee_pipeline' retrieved from /opt/airflow/dags/shopee_dag.py
[2026-05-27T03:58:42.852+0000] {logging_mixin.py:188} INFO - [2026-05-27T03:58:42.852+0000] {dag.py:3096} INFO - Sync 1 DAGs
[2026-05-27T03:58:42.874+0000] {logging_mixin.py:188} INFO - [2026-05-27T03:58:42.873+0000] {dag.py:3954} INFO - Setting next_dagrun for shopee_pipeline to 2026-05-27 01:00:00+00:00, run_after=2026-05-28 01:00:00+00:00
[2026-05-27T03:58:42.904+0000] {processor.py:183} INFO - Processing /opt/airflow/dags/shopee_dag.py took 0.338 seconds
[2026-05-27T03:59:13.157+0000] {processor.py:161} INFO - Started process (PID=23534) to work on /opt/airflow/dags/shopee_dag.py
[2026-05-27T03:59:13.158+0000] {processor.py:830} INFO - Processing file /opt/airflow/dags/shopee_dag.py for tasks to queue
[2026-05-27T03:59:13.160+0000] {logging_mixin.py:188} INFO - [2026-05-27T03:59:13.159+0000] {dagbag.py:545} INFO - Filling up the DagBag from /opt/airflow/dags/shopee_dag.py
[2026-05-27T03:59:13.299+0000] {processor.py:840} INFO - DAG(s) 'shopee_pipeline' retrieved from /opt/airflow/dags/shopee_dag.py
[2026-05-27T03:59:13.334+0000] {logging_mixin.py:188} INFO - [2026-05-27T03:59:13.333+0000] {dag.py:3096} INFO - Sync 1 DAGs
[2026-05-27T03:59:13.472+0000] {logging_mixin.py:188} INFO - [2026-05-27T03:59:13.472+0000] {dag.py:3954} INFO - Setting next_dagrun for shopee_pipeline to 2026-05-27 01:00:00+00:00, run_after=2026-05-28 01:00:00+00:00
[2026-05-27T03:59:13.495+0000] {processor.py:183} INFO - Processing /opt/airflow/dags/shopee_dag.py took 0.344 seconds
[2026-05-27T03:59:44.139+0000] {processor.py:161} INFO - Started process (PID=23578) to work on /opt/airflow/dags/shopee_dag.py
[2026-05-27T03:59:44.140+0000] {processor.py:830} INFO - Processing file /opt/airflow/dags/shopee_dag.py for tasks to queue
[2026-05-27T03:59:44.143+0000] {logging_mixin.py:188} INFO - [2026-05-27T03:59:44.142+0000] {dagbag.py:545} INFO - Filling up the DagBag from /opt/airflow/dags/shopee_dag.py
[2026-05-27T03:59:44.252+0000] {processor.py:840} INFO - DAG(s) 'shopee_pipeline' retrieved from /opt/airflow/dags/shopee_dag.py
[2026-05-27T03:59:44.439+0000] {logging_mixin.py:188} INFO - [2026-05-27T03:59:44.439+0000] {dag.py:3096} INFO - Sync 1 DAGs
[2026-05-27T03:59:44.468+0000] {logging_mixin.py:188} INFO - [2026-05-27T03:59:44.467+0000] {dag.py:3954} INFO - Setting next_dagrun for shopee_pipeline to 2026-05-27 01:00:00+00:00, run_after=2026-05-28 01:00:00+00:00
[2026-05-27T03:59:44.493+0000] {processor.py:183} INFO - Processing /opt/airflow/dags/shopee_dag.py took 0.361 seconds
[2026-05-27T04:00:14.562+0000] {processor.py:161} INFO - Started process (PID=23674) to work on /opt/airflow/dags/shopee_dag.py
[2026-05-27T04:00:14.563+0000] {processor.py:830} INFO - Processing file /opt/airflow/dags/shopee_dag.py for tasks to queue
[2026-05-27T04:00:14.565+0000] {logging_mixin.py:188} INFO - [2026-05-27T04:00:14.564+0000] {dagbag.py:545} INFO - Filling up the DagBag from /opt/airflow/dags/shopee_dag.py
[2026-05-27T04:00:14.889+0000] {processor.py:840} INFO - DAG(s) 'shopee_pipeline' retrieved from /opt/airflow/dags/shopee_dag.py
[2026-05-27T04:00:14.930+0000] {logging_mixin.py:188} INFO - [2026-05-27T04:00:14.930+0000] {dag.py:3096} INFO - Sync 1 DAGs
[2026-05-27T04:00:14.969+0000] {logging_mixin.py:188} INFO - [2026-05-27T04:00:14.968+0000] {dag.py:3954} INFO - Setting next_dagrun for shopee_pipeline to 2026-05-27 01:00:00+00:00, run_after=2026-05-28 01:00:00+00:00
[2026-05-27T04:00:15.004+0000] {processor.py:183} INFO - Processing /opt/airflow/dags/shopee_dag.py took 0.449 seconds
[2026-05-27T04:00:45.764+0000] {processor.py:161} INFO - Started process (PID=23722) to work on /opt/airflow/dags/shopee_dag.py
[2026-05-27T04:00:45.765+0000] {processor.py:830} INFO - Processing file /opt/airflow/dags/shopee_dag.py for tasks to queue
[2026-05-27T04:00:45.767+0000] {logging_mixin.py:188} INFO - [2026-05-27T04:00:45.767+0000] {dagbag.py:545} INFO - Filling up the DagBag from /opt/airflow/dags/shopee_dag.py
[2026-05-27T04:00:45.893+0000] {processor.py:840} INFO - DAG(s) 'shopee_pipeline' retrieved from /opt/airflow/dags/shopee_dag.py
[2026-05-27T04:00:46.092+0000] {logging_mixin.py:188} INFO - [2026-05-27T04:00:46.092+0000] {dag.py:3096} INFO - Sync 1 DAGs
[2026-05-27T04:00:46.121+0000] {logging_mixin.py:188} INFO - [2026-05-27T04:00:46.121+0000] {dag.py:3954} INFO - Setting next_dagrun for shopee_pipeline to 2026-05-27 01:00:00+00:00, run_after=2026-05-28 01:00:00+00:00
[2026-05-27T04:00:46.146+0000] {processor.py:183} INFO - Processing /opt/airflow/dags/shopee_dag.py took 0.390 seconds
[2026-05-27T04:01:16.485+0000] {processor.py:161} INFO - Started process (PID=23840) to work on /opt/airflow/dags/shopee_dag.py
[2026-05-27T04:01:16.486+0000] {processor.py:830} INFO - Processing file /opt/airflow/dags/shopee_dag.py for tasks to queue
[2026-05-27T04:01:16.488+0000] {logging_mixin.py:188} INFO - [2026-05-27T04:01:16.488+0000] {dagbag.py:545} INFO - Filling up the DagBag from /opt/airflow/dags/shopee_dag.py
[2026-05-27T04:01:16.776+0000] {processor.py:840} INFO - DAG(s) 'shopee_pipeline' retrieved from /opt/airflow/dags/shopee_dag.py
[2026-05-27T04:01:16.810+0000] {logging_mixin.py:188} INFO - [2026-05-27T04:01:16.810+0000] {dag.py:3096} INFO - Sync 1 DAGs
[2026-05-27T04:01:16.839+0000] {logging_mixin.py:188} INFO - [2026-05-27T04:01:16.838+0000] {dag.py:3954} INFO - Setting next_dagrun for shopee_pipeline to 2026-05-27 01:00:00+00:00, run_after=2026-05-28 01:00:00+00:00
[2026-05-27T04:01:16.861+0000] {processor.py:183} INFO - Processing /opt/airflow/dags/shopee_dag.py took 0.384 seconds
[2026-05-27T04:01:47.175+0000] {processor.py:161} INFO - Started process (PID=23924) to work on /opt/airflow/dags/shopee_dag.py
[2026-05-27T04:01:47.176+0000] {processor.py:830} INFO - Processing file /opt/airflow/dags/shopee_dag.py for tasks to queue
[2026-05-27T04:01:47.178+0000] {logging_mixin.py:188} INFO - [2026-05-27T04:01:47.177+0000] {dagbag.py:545} INFO - Filling up the DagBag from /opt/airflow/dags/shopee_dag.py
[2026-05-27T04:01:47.403+0000] {processor.py:840} INFO - DAG(s) 'shopee_pipeline' retrieved from /opt/airflow/dags/shopee_dag.py
[2026-05-27T04:01:47.437+0000] {logging_mixin.py:188} INFO - [2026-05-27T04:01:47.436+0000] {dag.py:3096} INFO - Sync 1 DAGs
[2026-05-27T04:01:47.459+0000] {logging_mixin.py:188} INFO - [2026-05-27T04:01:47.459+0000] {dag.py:3954} INFO - Setting next_dagrun for shopee_pipeline to 2026-05-27 01:00:00+00:00, run_after=2026-05-28 01:00:00+00:00
[2026-05-27T04:01:47.486+0000] {processor.py:183} INFO - Processing /opt/airflow/dags/shopee_dag.py took 0.318 seconds
[2026-05-27T04:02:18.110+0000] {processor.py:161} INFO - Started process (PID=23950) to work on /opt/airflow/dags/shopee_dag.py
[2026-05-27T04:02:18.111+0000] {processor.py:830} INFO - Processing file /opt/airflow/dags/shopee_dag.py for tasks to queue
[2026-05-27T04:02:18.113+0000] {logging_mixin.py:188} INFO - [2026-05-27T04:02:18.112+0000] {dagbag.py:545} INFO - Filling up the DagBag from /opt/airflow/dags/shopee_dag.py
[2026-05-27T04:02:18.348+0000] {processor.py:840} INFO - DAG(s) 'shopee_pipeline' retrieved from /opt/airflow/dags/shopee_dag.py
[2026-05-27T04:02:18.383+0000] {logging_mixin.py:188} INFO - [2026-05-27T04:02:18.382+0000] {dag.py:3096} INFO - Sync 1 DAGs
[2026-05-27T04:02:18.410+0000] {logging_mixin.py:188} INFO - [2026-05-27T04:02:18.410+0000] {dag.py:3954} INFO - Setting next_dagrun for shopee_pipeline to 2026-05-27 01:00:00+00:00, run_after=2026-05-28 01:00:00+00:00
[2026-05-27T04:02:18.433+0000] {processor.py:183} INFO - Processing /opt/airflow/dags/shopee_dag.py took 0.330 seconds
[2026-05-27T04:02:48.724+0000] {processor.py:161} INFO - Started process (PID=24038) to work on /opt/airflow/dags/shopee_dag.py
[2026-05-27T04:02:48.725+0000] {processor.py:830} INFO - Processing file /opt/airflow/dags/shopee_dag.py for tasks to queue
[2026-05-27T04:02:48.728+0000] {logging_mixin.py:188} INFO - [2026-05-27T04:02:48.728+0000] {dagbag.py:545} INFO - Filling up the DagBag from /opt/airflow/dags/shopee_dag.py
[2026-05-27T04:02:48.971+0000] {processor.py:840} INFO - DAG(s) 'shopee_pipeline' retrieved from /opt/airflow/dags/shopee_dag.py
[2026-05-27T04:02:48.999+0000] {logging_mixin.py:188} INFO - [2026-05-27T04:02:48.999+0000] {dag.py:3096} INFO - Sync 1 DAGs
[2026-05-27T04:02:49.025+0000] {logging_mixin.py:188} INFO - [2026-05-27T04:02:49.024+0000] {dag.py:3954} INFO - Setting next_dagrun for shopee_pipeline to 2026-05-27 01:00:00+00:00, run_after=2026-05-28 01:00:00+00:00
[2026-05-27T04:02:49.045+0000] {processor.py:183} INFO - Processing /opt/airflow/dags/shopee_dag.py took 0.329 seconds
[2026-05-27T04:03:19.674+0000] {processor.py:161} INFO - Started process (PID=24058) to work on /opt/airflow/dags/shopee_dag.py
[2026-05-27T04:03:19.676+0000] {processor.py:830} INFO - Processing file /opt/airflow/dags/shopee_dag.py for tasks to queue
[2026-05-27T04:03:19.678+0000] {logging_mixin.py:188} INFO - [2026-05-27T04:03:19.678+0000] {dagbag.py:545} INFO - Filling up the DagBag from /opt/airflow/dags/shopee_dag.py
[2026-05-27T04:03:19.952+0000] {processor.py:840} INFO - DAG(s) 'shopee_pipeline' retrieved from /opt/airflow/dags/shopee_dag.py
[2026-05-27T04:03:19.988+0000] {logging_mixin.py:188} INFO - [2026-05-27T04:03:19.988+0000] {dag.py:3096} INFO - Sync 1 DAGs
[2026-05-27T04:03:20.013+0000] {logging_mixin.py:188} INFO - [2026-05-27T04:03:20.013+0000] {dag.py:3954} INFO - Setting next_dagrun for shopee_pipeline to 2026-05-27 01:00:00+00:00, run_after=2026-05-28 01:00:00+00:00
[2026-05-27T04:03:20.035+0000] {processor.py:183} INFO - Processing /opt/airflow/dags/shopee_dag.py took 0.370 seconds
[2026-05-27T04:03:50.344+0000] {processor.py:161} INFO - Started process (PID=24146) to work on /opt/airflow/dags/shopee_dag.py
[2026-05-27T04:03:50.345+0000] {processor.py:830} INFO - Processing file /opt/airflow/dags/shopee_dag.py for tasks to queue
[2026-05-27T04:03:50.347+0000] {logging_mixin.py:188} INFO - [2026-05-27T04:03:50.347+0000] {dagbag.py:545} INFO - Filling up the DagBag from /opt/airflow/dags/shopee_dag.py
[2026-05-27T04:03:50.590+0000] {processor.py:840} INFO - DAG(s) 'shopee_pipeline' retrieved from /opt/airflow/dags/shopee_dag.py
[2026-05-27T04:03:50.630+0000] {logging_mixin.py:188} INFO - [2026-05-27T04:03:50.629+0000] {dag.py:3096} INFO - Sync 1 DAGs
[2026-05-27T04:03:50.694+0000] {logging_mixin.py:188} INFO - [2026-05-27T04:03:50.694+0000] {dag.py:3954} INFO - Setting next_dagrun for shopee_pipeline to 2026-05-27 01:00:00+00:00, run_after=2026-05-28 01:00:00+00:00
[2026-05-27T04:03:50.734+0000] {processor.py:183} INFO - Processing /opt/airflow/dags/shopee_dag.py took 0.396 seconds
[2026-05-27T04:04:21.445+0000] {processor.py:161} INFO - Started process (PID=24186) to work on /opt/airflow/dags/shopee_dag.py
[2026-05-27T04:04:21.446+0000] {processor.py:830} INFO - Processing file /opt/airflow/dags/shopee_dag.py for tasks to queue
[2026-05-27T04:04:21.449+0000] {logging_mixin.py:188} INFO - [2026-05-27T04:04:21.449+0000] {dagbag.py:545} INFO - Filling up the DagBag from /opt/airflow/dags/shopee_dag.py
[2026-05-27T04:04:21.766+0000] {processor.py:840} INFO - DAG(s) 'shopee_pipeline' retrieved from /opt/airflow/dags/shopee_dag.py
[2026-05-27T04:04:21.800+0000] {logging_mixin.py:188} INFO - [2026-05-27T04:04:21.800+0000] {dag.py:3096} INFO - Sync 1 DAGs
[2026-05-27T04:04:21.825+0000] {logging_mixin.py:188} INFO - [2026-05-27T04:04:21.825+0000] {dag.py:3954} INFO - Setting next_dagrun for shopee_pipeline to 2026-05-27 01:00:00+00:00, run_after=2026-05-28 01:00:00+00:00
[2026-05-27T04:04:21.846+0000] {processor.py:183} INFO - Processing /opt/airflow/dags/shopee_dag.py took 0.409 seconds
[2026-05-27T04:04:52.223+0000] {processor.py:161} INFO - Started process (PID=24315) to work on /opt/airflow/dags/shopee_dag.py
[2026-05-27T04:04:52.224+0000] {processor.py:830} INFO - Processing file /opt/airflow/dags/shopee_dag.py for tasks to queue
[2026-05-27T04:04:52.226+0000] {logging_mixin.py:188} INFO - [2026-05-27T04:04:52.226+0000] {dagbag.py:545} INFO - Filling up the DagBag from /opt/airflow/dags/shopee_dag.py
[2026-05-27T04:04:52.335+0000] {processor.py:840} INFO - DAG(s) 'shopee_pipeline' retrieved from /opt/airflow/dags/shopee_dag.py
[2026-05-27T04:04:52.370+0000] {logging_mixin.py:188} INFO - [2026-05-27T04:04:52.370+0000] {dag.py:3096} INFO - Sync 1 DAGs
[2026-05-27T04:04:52.396+0000] {logging_mixin.py:188} INFO - [2026-05-27T04:04:52.396+0000] {dag.py:3954} INFO - Setting next_dagrun for shopee_pipeline to 2026-05-27 01:00:00+00:00, run_after=2026-05-28 01:00:00+00:00
[2026-05-27T04:04:52.429+0000] {processor.py:183} INFO - Processing /opt/airflow/dags/shopee_dag.py took 0.211 seconds
[2026-05-27T04:05:23.052+0000] {processor.py:161} INFO - Started process (PID=24328) to work on /opt/airflow/dags/shopee_dag.py
[2026-05-27T04:05:23.054+0000] {processor.py:830} INFO - Processing file /opt/airflow/dags/shopee_dag.py for tasks to queue
[2026-05-27T04:05:23.057+0000] {logging_mixin.py:188} INFO - [2026-05-27T04:05:23.056+0000] {dagbag.py:545} INFO - Filling up the DagBag from /opt/airflow/dags/shopee_dag.py
[2026-05-27T04:05:23.205+0000] {processor.py:840} INFO - DAG(s) 'shopee_pipeline' retrieved from /opt/airflow/dags/shopee_dag.py
[2026-05-27T04:05:23.256+0000] {logging_mixin.py:188} INFO - [2026-05-27T04:05:23.256+0000] {dag.py:3096} INFO - Sync 1 DAGs
[2026-05-27T04:05:23.293+0000] {logging_mixin.py:188} INFO - [2026-05-27T04:05:23.292+0000] {dag.py:3954} INFO - Setting next_dagrun for shopee_pipeline to 2026-05-27 01:00:00+00:00, run_after=2026-05-28 01:00:00+00:00
[2026-05-27T04:05:23.322+0000] {processor.py:183} INFO - Processing /opt/airflow/dags/shopee_dag.py took 0.280 seconds
[2026-05-27T04:05:53.601+0000] {processor.py:161} INFO - Started process (PID=24432) to work on /opt/airflow/dags/shopee_dag.py
[2026-05-27T04:05:53.602+0000] {processor.py:830} INFO - Processing file /opt/airflow/dags/shopee_dag.py for tasks to queue
[2026-05-27T04:05:53.604+0000] {logging_mixin.py:188} INFO - [2026-05-27T04:05:53.603+0000] {dagbag.py:545} INFO - Filling up the DagBag from /opt/airflow/dags/shopee_dag.py
[2026-05-27T04:05:53.720+0000] {processor.py:840} INFO - DAG(s) 'shopee_pipeline' retrieved from /opt/airflow/dags/shopee_dag.py
[2026-05-27T04:05:53.759+0000] {logging_mixin.py:188} INFO - [2026-05-27T04:05:53.759+0000] {dag.py:3096} INFO - Sync 1 DAGs
[2026-05-27T04:05:53.788+0000] {logging_mixin.py:188} INFO - [2026-05-27T04:05:53.787+0000] {dag.py:3954} INFO - Setting next_dagrun for shopee_pipeline to 2026-05-27 01:00:00+00:00, run_after=2026-05-28 01:00:00+00:00
[2026-05-27T04:05:53.812+0000] {processor.py:183} INFO - Processing /opt/airflow/dags/shopee_dag.py took 0.217 seconds
[2026-05-27T04:06:23.946+0000] {processor.py:161} INFO - Started process (PID=24551) to work on /opt/airflow/dags/shopee_dag.py
[2026-05-27T04:06:23.947+0000] {processor.py:830} INFO - Processing file /opt/airflow/dags/shopee_dag.py for tasks to queue
[2026-05-27T04:06:23.950+0000] {logging_mixin.py:188} INFO - [2026-05-27T04:06:23.950+0000] {dagbag.py:545} INFO - Filling up the DagBag from /opt/airflow/dags/shopee_dag.py
[2026-05-27T04:06:24.164+0000] {processor.py:840} INFO - DAG(s) 'shopee_pipeline' retrieved from /opt/airflow/dags/shopee_dag.py
[2026-05-27T04:06:24.207+0000] {logging_mixin.py:188} INFO - [2026-05-27T04:06:24.206+0000] {dag.py:3096} INFO - Sync 1 DAGs
[2026-05-27T04:06:24.237+0000] {logging_mixin.py:188} INFO - [2026-05-27T04:06:24.237+0000] {dag.py:3954} INFO - Setting next_dagrun for shopee_pipeline to 2026-05-27 01:00:00+00:00, run_after=2026-05-28 01:00:00+00:00
[2026-05-27T04:06:24.271+0000] {processor.py:183} INFO - Processing /opt/airflow/dags/shopee_dag.py took 0.337 seconds
[2026-05-27T04:06:54.565+0000] {processor.py:161} INFO - Started process (PID=24637) to work on /opt/airflow/dags/shopee_dag.py
[2026-05-27T04:06:54.566+0000] {processor.py:830} INFO - Processing file /opt/airflow/dags/shopee_dag.py for tasks to queue
[2026-05-27T04:06:54.568+0000] {logging_mixin.py:188} INFO - [2026-05-27T04:06:54.568+0000] {dagbag.py:545} INFO - Filling up the DagBag from /opt/airflow/dags/shopee_dag.py
[2026-05-27T04:06:54.686+0000] {processor.py:840} INFO - DAG(s) 'shopee_pipeline' retrieved from /opt/airflow/dags/shopee_dag.py
[2026-05-27T04:06:54.720+0000] {logging_mixin.py:188} INFO - [2026-05-27T04:06:54.720+0000] {dag.py:3096} INFO - Sync 1 DAGs
[2026-05-27T04:06:54.747+0000] {logging_mixin.py:188} INFO - [2026-05-27T04:06:54.747+0000] {dag.py:3954} INFO - Setting next_dagrun for shopee_pipeline to 2026-05-27 01:00:00+00:00, run_after=2026-05-28 01:00:00+00:00
[2026-05-27T04:06:54.770+0000] {processor.py:183} INFO - Processing /opt/airflow/dags/shopee_dag.py took 0.211 seconds
[2026-05-27T04:07:25.293+0000] {processor.py:161} INFO - Started process (PID=24699) to work on /opt/airflow/dags/shopee_dag.py
[2026-05-27T04:07:25.294+0000] {processor.py:830} INFO - Processing file /opt/airflow/dags/shopee_dag.py for tasks to queue
[2026-05-27T04:07:25.296+0000] {logging_mixin.py:188} INFO - [2026-05-27T04:07:25.296+0000] {dagbag.py:545} INFO - Filling up the DagBag from /opt/airflow/dags/shopee_dag.py
[2026-05-27T04:07:25.415+0000] {processor.py:840} INFO - DAG(s) 'shopee_pipeline' retrieved from /opt/airflow/dags/shopee_dag.py
[2026-05-27T04:07:25.462+0000] {logging_mixin.py:188} INFO - [2026-05-27T04:07:25.461+0000] {dag.py:3096} INFO - Sync 1 DAGs
[2026-05-27T04:07:25.497+0000] {logging_mixin.py:188} INFO - [2026-05-27T04:07:25.497+0000] {dag.py:3954} INFO - Setting next_dagrun for shopee_pipeline to 2026-05-27 01:00:00+00:00, run_after=2026-05-28 01:00:00+00:00
[2026-05-27T04:07:25.533+0000] {processor.py:183} INFO - Processing /opt/airflow/dags/shopee_dag.py took 0.248 seconds
[2026-05-27T04:07:55.828+0000] {processor.py:161} INFO - Started process (PID=24787) to work on /opt/airflow/dags/shopee_dag.py
[2026-05-27T04:07:55.829+0000] {processor.py:830} INFO - Processing file /opt/airflow/dags/shopee_dag.py for tasks to queue
[2026-05-27T04:07:55.832+0000] {logging_mixin.py:188} INFO - [2026-05-27T04:07:55.831+0000] {dagbag.py:545} INFO - Filling up the DagBag from /opt/airflow/dags/shopee_dag.py
[2026-05-27T04:07:55.953+0000] {processor.py:840} INFO - DAG(s) 'shopee_pipeline' retrieved from /opt/airflow/dags/shopee_dag.py
[2026-05-27T04:07:55.990+0000] {logging_mixin.py:188} INFO - [2026-05-27T04:07:55.989+0000] {dag.py:3096} INFO - Sync 1 DAGs
[2026-05-27T04:07:56.016+0000] {logging_mixin.py:188} INFO - [2026-05-27T04:07:56.015+0000] {dag.py:3954} INFO - Setting next_dagrun for shopee_pipeline to 2026-05-27 01:00:00+00:00, run_after=2026-05-28 01:00:00+00:00
[2026-05-27T04:07:56.037+0000] {processor.py:183} INFO - Processing /opt/airflow/dags/shopee_dag.py took 0.216 seconds
[2026-05-27T04:08:26.637+0000] {processor.py:161} INFO - Started process (PID=24841) to work on /opt/airflow/dags/shopee_dag.py
[2026-05-27T04:08:26.638+0000] {processor.py:830} INFO - Processing file /opt/airflow/dags/shopee_dag.py for tasks to queue
[2026-05-27T04:08:26.639+0000] {logging_mixin.py:188} INFO - [2026-05-27T04:08:26.639+0000] {dagbag.py:545} INFO - Filling up the DagBag from /opt/airflow/dags/shopee_dag.py
[2026-05-27T04:08:26.756+0000] {processor.py:840} INFO - DAG(s) 'shopee_pipeline' retrieved from /opt/airflow/dags/shopee_dag.py
[2026-05-27T04:08:26.793+0000] {logging_mixin.py:188} INFO - [2026-05-27T04:08:26.793+0000] {dag.py:3096} INFO - Sync 1 DAGs
[2026-05-27T04:08:26.824+0000] {logging_mixin.py:188} INFO - [2026-05-27T04:08:26.823+0000] {dag.py:3954} INFO - Setting next_dagrun for shopee_pipeline to 2026-05-27 01:00:00+00:00, run_after=2026-05-28 01:00:00+00:00
[2026-05-27T04:08:26.860+0000] {processor.py:183} INFO - Processing /opt/airflow/dags/shopee_dag.py took 0.230 seconds
[2026-05-27T04:08:57.135+0000] {processor.py:161} INFO - Started process (PID=24927) to work on /opt/airflow/dags/shopee_dag.py
[2026-05-27T04:08:57.136+0000] {processor.py:830} INFO - Processing file /opt/airflow/dags/shopee_dag.py for tasks to queue
[2026-05-27T04:08:57.138+0000] {logging_mixin.py:188} INFO - [2026-05-27T04:08:57.138+0000] {dagbag.py:545} INFO - Filling up the DagBag from /opt/airflow/dags/shopee_dag.py
[2026-05-27T04:08:57.258+0000] {processor.py:840} INFO - DAG(s) 'shopee_pipeline' retrieved from /opt/airflow/dags/shopee_dag.py
[2026-05-27T04:08:57.295+0000] {logging_mixin.py:188} INFO - [2026-05-27T04:08:57.295+0000] {dag.py:3096} INFO - Sync 1 DAGs
[2026-05-27T04:08:57.325+0000] {logging_mixin.py:188} INFO - [2026-05-27T04:08:57.325+0000] {dag.py:3954} INFO - Setting next_dagrun for shopee_pipeline to 2026-05-27 01:00:00+00:00, run_after=2026-05-28 01:00:00+00:00
[2026-05-27T04:08:57.348+0000] {processor.py:183} INFO - Processing /opt/airflow/dags/shopee_dag.py took 0.220 seconds
[2026-05-27T04:09:27.922+0000] {processor.py:161} INFO - Started process (PID=24969) to work on /opt/airflow/dags/shopee_dag.py
[2026-05-27T04:09:27.923+0000] {processor.py:830} INFO - Processing file /opt/airflow/dags/shopee_dag.py for tasks to queue
[2026-05-27T04:09:27.925+0000] {logging_mixin.py:188} INFO - [2026-05-27T04:09:27.925+0000] {dagbag.py:545} INFO - Filling up the DagBag from /opt/airflow/dags/shopee_dag.py
[2026-05-27T04:09:28.038+0000] {processor.py:840} INFO - DAG(s) 'shopee_pipeline' retrieved from /opt/airflow/dags/shopee_dag.py
[2026-05-27T04:09:28.081+0000] {logging_mixin.py:188} INFO - [2026-05-27T04:09:28.081+0000] {dag.py:3096} INFO - Sync 1 DAGs
[2026-05-27T04:09:28.116+0000] {logging_mixin.py:188} INFO - [2026-05-27T04:09:28.115+0000] {dag.py:3954} INFO - Setting next_dagrun for shopee_pipeline to 2026-05-27 01:00:00+00:00, run_after=2026-05-28 01:00:00+00:00
[2026-05-27T04:09:28.144+0000] {processor.py:183} INFO - Processing /opt/airflow/dags/shopee_dag.py took 0.229 seconds
[2026-05-27T04:09:58.511+0000] {processor.py:161} INFO - Started process (PID=25086) to work on /opt/airflow/dags/shopee_dag.py
[2026-05-27T04:09:58.512+0000] {processor.py:830} INFO - Processing file /opt/airflow/dags/shopee_dag.py for tasks to queue
[2026-05-27T04:09:58.515+0000] {logging_mixin.py:188} INFO - [2026-05-27T04:09:58.515+0000] {dagbag.py:545} INFO - Filling up the DagBag from /opt/airflow/dags/shopee_dag.py
[2026-05-27T04:09:58.661+0000] {processor.py:840} INFO - DAG(s) 'shopee_pipeline' retrieved from /opt/airflow/dags/shopee_dag.py
[2026-05-27T04:09:58.702+0000] {logging_mixin.py:188} INFO - [2026-05-27T04:09:58.702+0000] {dag.py:3096} INFO - Sync 1 DAGs
[2026-05-27T04:09:58.749+0000] {logging_mixin.py:188} INFO - [2026-05-27T04:09:58.748+0000] {dag.py:3954} INFO - Setting next_dagrun for shopee_pipeline to 2026-05-27 01:00:00+00:00, run_after=2026-05-28 01:00:00+00:00
[2026-05-27T04:09:58.777+0000] {processor.py:183} INFO - Processing /opt/airflow/dags/shopee_dag.py took 0.276 seconds
[2026-05-27T04:10:29.092+0000] {processor.py:161} INFO - Started process (PID=25203) to work on /opt/airflow/dags/shopee_dag.py
[2026-05-27T04:10:29.093+0000] {processor.py:830} INFO - Processing file /opt/airflow/dags/shopee_dag.py for tasks to queue
[2026-05-27T04:10:29.095+0000] {logging_mixin.py:188} INFO - [2026-05-27T04:10:29.094+0000] {dagbag.py:545} INFO - Filling up the DagBag from /opt/airflow/dags/shopee_dag.py
[2026-05-27T04:10:29.232+0000] {processor.py:840} INFO - DAG(s) 'shopee_pipeline' retrieved from /opt/airflow/dags/shopee_dag.py
[2026-05-27T04:10:29.278+0000] {logging_mixin.py:188} INFO - [2026-05-27T04:10:29.278+0000] {dag.py:3096} INFO - Sync 1 DAGs
[2026-05-27T04:10:29.309+0000] {logging_mixin.py:188} INFO - [2026-05-27T04:10:29.309+0000] {dag.py:3954} INFO - Setting next_dagrun for shopee_pipeline to 2026-05-27 01:00:00+00:00, run_after=2026-05-28 01:00:00+00:00
[2026-05-27T04:10:29.336+0000] {processor.py:183} INFO - Processing /opt/airflow/dags/shopee_dag.py took 0.253 seconds
[2026-05-27T04:10:59.686+0000] {processor.py:161} INFO - Started process (PID=25216) to work on /opt/airflow/dags/shopee_dag.py
[2026-05-27T04:10:59.687+0000] {processor.py:830} INFO - Processing file /opt/airflow/dags/shopee_dag.py for tasks to queue
[2026-05-27T04:10:59.690+0000] {logging_mixin.py:188} INFO - [2026-05-27T04:10:59.689+0000] {dagbag.py:545} INFO - Filling up the DagBag from /opt/airflow/dags/shopee_dag.py
[2026-05-27T04:10:59.844+0000] {processor.py:840} INFO - DAG(s) 'shopee_pipeline' retrieved from /opt/airflow/dags/shopee_dag.py
[2026-05-27T04:10:59.888+0000] {logging_mixin.py:188} INFO - [2026-05-27T04:10:59.887+0000] {dag.py:3096} INFO - Sync 1 DAGs
[2026-05-27T04:10:59.928+0000] {logging_mixin.py:188} INFO - [2026-05-27T04:10:59.928+0000] {dag.py:3954} INFO - Setting next_dagrun for shopee_pipeline to 2026-05-27 01:00:00+00:00, run_after=2026-05-28 01:00:00+00:00
[2026-05-27T04:10:59.969+0000] {processor.py:183} INFO - Processing /opt/airflow/dags/shopee_dag.py took 0.292 seconds
[2026-05-27T04:11:30.616+0000] {processor.py:161} INFO - Started process (PID=25333) to work on /opt/airflow/dags/shopee_dag.py
[2026-05-27T04:11:30.617+0000] {processor.py:830} INFO - Processing file /opt/airflow/dags/shopee_dag.py for tasks to queue
[2026-05-27T04:11:30.619+0000] {logging_mixin.py:188} INFO - [2026-05-27T04:11:30.618+0000] {dagbag.py:545} INFO - Filling up the DagBag from /opt/airflow/dags/shopee_dag.py
[2026-05-27T04:11:30.791+0000] {processor.py:840} INFO - DAG(s) 'shopee_pipeline' retrieved from /opt/airflow/dags/shopee_dag.py
[2026-05-27T04:11:30.832+0000] {logging_mixin.py:188} INFO - [2026-05-27T04:11:30.832+0000] {dag.py:3096} INFO - Sync 1 DAGs
[2026-05-27T04:11:30.863+0000] {logging_mixin.py:188} INFO - [2026-05-27T04:11:30.862+0000] {dag.py:3954} INFO - Setting next_dagrun for shopee_pipeline to 2026-05-27 01:00:00+00:00, run_after=2026-05-28 01:00:00+00:00
[2026-05-27T04:11:30.884+0000] {processor.py:183} INFO - Processing /opt/airflow/dags/shopee_dag.py took 0.276 seconds
[2026-05-27T04:12:01.155+0000] {processor.py:161} INFO - Started process (PID=25454) to work on /opt/airflow/dags/shopee_dag.py
[2026-05-27T04:12:01.181+0000] {processor.py:830} INFO - Processing file /opt/airflow/dags/shopee_dag.py for tasks to queue
[2026-05-27T04:12:01.189+0000] {logging_mixin.py:188} INFO - [2026-05-27T04:12:01.188+0000] {dagbag.py:545} INFO - Filling up the DagBag from /opt/airflow/dags/shopee_dag.py
[2026-05-27T04:12:01.360+0000] {processor.py:840} INFO - DAG(s) 'shopee_pipeline' retrieved from /opt/airflow/dags/shopee_dag.py
[2026-05-27T04:12:01.408+0000] {logging_mixin.py:188} INFO - [2026-05-27T04:12:01.407+0000] {dag.py:3096} INFO - Sync 1 DAGs
[2026-05-27T04:12:01.451+0000] {logging_mixin.py:188} INFO - [2026-05-27T04:12:01.451+0000] {dag.py:3954} INFO - Setting next_dagrun for shopee_pipeline to 2026-05-27 01:00:00+00:00, run_after=2026-05-28 01:00:00+00:00
[2026-05-27T04:12:01.484+0000] {processor.py:183} INFO - Processing /opt/airflow/dags/shopee_dag.py took 0.347 seconds
[2026-05-27T04:12:31.997+0000] {processor.py:161} INFO - Started process (PID=25476) to work on /opt/airflow/dags/shopee_dag.py
[2026-05-27T04:12:31.998+0000] {processor.py:830} INFO - Processing file /opt/airflow/dags/shopee_dag.py for tasks to queue
[2026-05-27T04:12:32.000+0000] {logging_mixin.py:188} INFO - [2026-05-27T04:12:32.000+0000] {dagbag.py:545} INFO - Filling up the DagBag from /opt/airflow/dags/shopee_dag.py
[2026-05-27T04:12:32.127+0000] {processor.py:840} INFO - DAG(s) 'shopee_pipeline' retrieved from /opt/airflow/dags/shopee_dag.py
[2026-05-27T04:12:32.167+0000] {logging_mixin.py:188} INFO - [2026-05-27T04:12:32.167+0000] {dag.py:3096} INFO - Sync 1 DAGs
[2026-05-27T04:12:32.198+0000] {logging_mixin.py:188} INFO - [2026-05-27T04:12:32.198+0000] {dag.py:3954} INFO - Setting next_dagrun for shopee_pipeline to 2026-05-27 01:00:00+00:00, run_after=2026-05-28 01:00:00+00:00
[2026-05-27T04:12:32.220+0000] {processor.py:183} INFO - Processing /opt/airflow/dags/shopee_dag.py took 0.231 seconds
[2026-05-27T04:13:02.530+0000] {processor.py:161} INFO - Started process (PID=25595) to work on /opt/airflow/dags/shopee_dag.py
[2026-05-27T04:13:02.531+0000] {processor.py:830} INFO - Processing file /opt/airflow/dags/shopee_dag.py for tasks to queue
[2026-05-27T04:13:02.532+0000] {logging_mixin.py:188} INFO - [2026-05-27T04:13:02.532+0000] {dagbag.py:545} INFO - Filling up the DagBag from /opt/airflow/dags/shopee_dag.py
[2026-05-27T04:13:02.642+0000] {processor.py:840} INFO - DAG(s) 'shopee_pipeline' retrieved from /opt/airflow/dags/shopee_dag.py
[2026-05-27T04:13:02.680+0000] {logging_mixin.py:188} INFO - [2026-05-27T04:13:02.679+0000] {dag.py:3096} INFO - Sync 1 DAGs
[2026-05-27T04:13:02.707+0000] {logging_mixin.py:188} INFO - [2026-05-27T04:13:02.707+0000] {dag.py:3954} INFO - Setting next_dagrun for shopee_pipeline to 2026-05-27 01:00:00+00:00, run_after=2026-05-28 01:00:00+00:00
[2026-05-27T04:13:02.737+0000] {processor.py:183} INFO - Processing /opt/airflow/dags/shopee_dag.py took 0.212 seconds
[2026-05-27T04:13:33.132+0000] {processor.py:161} INFO - Started process (PID=25708) to work on /opt/airflow/dags/shopee_dag.py
[2026-05-27T04:13:33.134+0000] {processor.py:830} INFO - Processing file /opt/airflow/dags/shopee_dag.py for tasks to queue
[2026-05-27T04:13:33.137+0000] {logging_mixin.py:188} INFO - [2026-05-27T04:13:33.136+0000] {dagbag.py:545} INFO - Filling up the DagBag from /opt/airflow/dags/shopee_dag.py
[2026-05-27T04:13:33.362+0000] {processor.py:840} INFO - DAG(s) 'shopee_pipeline' retrieved from /opt/airflow/dags/shopee_dag.py
[2026-05-27T04:13:33.434+0000] {logging_mixin.py:188} INFO - [2026-05-27T04:13:33.434+0000] {dag.py:3096} INFO - Sync 1 DAGs
[2026-05-27T04:13:33.481+0000] {logging_mixin.py:188} INFO - [2026-05-27T04:13:33.481+0000] {dag.py:3954} INFO - Setting next_dagrun for shopee_pipeline to 2026-05-27 01:00:00+00:00, run_after=2026-05-28 01:00:00+00:00
[2026-05-27T04:13:33.514+0000] {processor.py:183} INFO - Processing /opt/airflow/dags/shopee_dag.py took 0.394 seconds
[2026-05-27T04:14:04.230+0000] {processor.py:161} INFO - Started process (PID=25727) to work on /opt/airflow/dags/shopee_dag.py
[2026-05-27T04:14:04.231+0000] {processor.py:830} INFO - Processing file /opt/airflow/dags/shopee_dag.py for tasks to queue
[2026-05-27T04:14:04.233+0000] {logging_mixin.py:188} INFO - [2026-05-27T04:14:04.233+0000] {dagbag.py:545} INFO - Filling up the DagBag from /opt/airflow/dags/shopee_dag.py
[2026-05-27T04:14:04.350+0000] {processor.py:840} INFO - DAG(s) 'shopee_pipeline' retrieved from /opt/airflow/dags/shopee_dag.py
[2026-05-27T04:14:04.393+0000] {logging_mixin.py:188} INFO - [2026-05-27T04:14:04.392+0000] {dag.py:3096} INFO - Sync 1 DAGs
[2026-05-27T04:14:04.425+0000] {logging_mixin.py:188} INFO - [2026-05-27T04:14:04.425+0000] {dag.py:3954} INFO - Setting next_dagrun for shopee_pipeline to 2026-05-27 01:00:00+00:00, run_after=2026-05-28 01:00:00+00:00
[2026-05-27T04:14:04.454+0000] {processor.py:183} INFO - Processing /opt/airflow/dags/shopee_dag.py took 0.231 seconds
[2026-05-27T04:14:34.526+0000] {processor.py:161} INFO - Started process (PID=25847) to work on /opt/airflow/dags/shopee_dag.py
[2026-05-27T04:14:34.527+0000] {processor.py:830} INFO - Processing file /opt/airflow/dags/shopee_dag.py for tasks to queue
[2026-05-27T04:14:34.529+0000] {logging_mixin.py:188} INFO - [2026-05-27T04:14:34.528+0000] {dagbag.py:545} INFO - Filling up the DagBag from /opt/airflow/dags/shopee_dag.py
[2026-05-27T04:14:34.636+0000] {processor.py:840} INFO - DAG(s) 'shopee_pipeline' retrieved from /opt/airflow/dags/shopee_dag.py
[2026-05-27T04:14:34.676+0000] {logging_mixin.py:188} INFO - [2026-05-27T04:14:34.676+0000] {dag.py:3096} INFO - Sync 1 DAGs
[2026-05-27T04:14:34.722+0000] {logging_mixin.py:188} INFO - [2026-05-27T04:14:34.722+0000] {dag.py:3954} INFO - Setting next_dagrun for shopee_pipeline to 2026-05-27 01:00:00+00:00, run_after=2026-05-28 01:00:00+00:00
[2026-05-27T04:14:34.753+0000] {processor.py:183} INFO - Processing /opt/airflow/dags/shopee_dag.py took 0.233 seconds
[2026-05-27T04:15:05.015+0000] {processor.py:161} INFO - Started process (PID=25974) to work on /opt/airflow/dags/shopee_dag.py
[2026-05-27T04:15:05.016+0000] {processor.py:830} INFO - Processing file /opt/airflow/dags/shopee_dag.py for tasks to queue
[2026-05-27T04:15:05.017+0000] {logging_mixin.py:188} INFO - [2026-05-27T04:15:05.017+0000] {dagbag.py:545} INFO - Filling up the DagBag from /opt/airflow/dags/shopee_dag.py
[2026-05-27T04:15:05.121+0000] {processor.py:840} INFO - DAG(s) 'shopee_pipeline' retrieved from /opt/airflow/dags/shopee_dag.py
[2026-05-27T04:15:05.160+0000] {logging_mixin.py:188} INFO - [2026-05-27T04:15:05.160+0000] {dag.py:3096} INFO - Sync 1 DAGs
[2026-05-27T04:15:05.188+0000] {logging_mixin.py:188} INFO - [2026-05-27T04:15:05.188+0000] {dag.py:3954} INFO - Setting next_dagrun for shopee_pipeline to 2026-05-27 01:00:00+00:00, run_after=2026-05-28 01:00:00+00:00
[2026-05-27T04:15:05.216+0000] {processor.py:183} INFO - Processing /opt/airflow/dags/shopee_dag.py took 0.207 seconds
[2026-05-27T04:15:35.809+0000] {processor.py:161} INFO - Started process (PID=25987) to work on /opt/airflow/dags/shopee_dag.py
[2026-05-27T04:15:35.810+0000] {processor.py:830} INFO - Processing file /opt/airflow/dags/shopee_dag.py for tasks to queue
[2026-05-27T04:15:35.813+0000] {logging_mixin.py:188} INFO - [2026-05-27T04:15:35.812+0000] {dagbag.py:545} INFO - Filling up the DagBag from /opt/airflow/dags/shopee_dag.py
[2026-05-27T04:15:35.932+0000] {processor.py:840} INFO - DAG(s) 'shopee_pipeline' retrieved from /opt/airflow/dags/shopee_dag.py
[2026-05-27T04:15:35.977+0000] {logging_mixin.py:188} INFO - [2026-05-27T04:15:35.977+0000] {dag.py:3096} INFO - Sync 1 DAGs
[2026-05-27T04:15:36.013+0000] {logging_mixin.py:188} INFO - [2026-05-27T04:15:36.013+0000] {dag.py:3954} INFO - Setting next_dagrun for shopee_pipeline to 2026-05-27 01:00:00+00:00, run_after=2026-05-28 01:00:00+00:00
[2026-05-27T04:15:36.039+0000] {processor.py:183} INFO - Processing /opt/airflow/dags/shopee_dag.py took 0.238 seconds
[2026-05-27T04:16:06.345+0000] {processor.py:161} INFO - Started process (PID=26106) to work on /opt/airflow/dags/shopee_dag.py
[2026-05-27T04:16:06.347+0000] {processor.py:830} INFO - Processing file /opt/airflow/dags/shopee_dag.py for tasks to queue
[2026-05-27T04:16:06.349+0000] {logging_mixin.py:188} INFO - [2026-05-27T04:16:06.349+0000] {dagbag.py:545} INFO - Filling up the DagBag from /opt/airflow/dags/shopee_dag.py
[2026-05-27T04:16:06.467+0000] {processor.py:840} INFO - DAG(s) 'shopee_pipeline' retrieved from /opt/airflow/dags/shopee_dag.py
[2026-05-27T04:16:06.509+0000] {logging_mixin.py:188} INFO - [2026-05-27T04:16:06.509+0000] {dag.py:3096} INFO - Sync 1 DAGs
[2026-05-27T04:16:06.537+0000] {logging_mixin.py:188} INFO - [2026-05-27T04:16:06.537+0000] {dag.py:3954} INFO - Setting next_dagrun for shopee_pipeline to 2026-05-27 01:00:00+00:00, run_after=2026-05-28 01:00:00+00:00
[2026-05-27T04:16:06.570+0000] {processor.py:183} INFO - Processing /opt/airflow/dags/shopee_dag.py took 0.233 seconds
[2026-05-27T04:16:36.868+0000] {processor.py:161} INFO - Started process (PID=26199) to work on /opt/airflow/dags/shopee_dag.py
[2026-05-27T04:16:36.870+0000] {processor.py:830} INFO - Processing file /opt/airflow/dags/shopee_dag.py for tasks to queue
[2026-05-27T04:16:36.872+0000] {logging_mixin.py:188} INFO - [2026-05-27T04:16:36.872+0000] {dagbag.py:545} INFO - Filling up the DagBag from /opt/airflow/dags/shopee_dag.py
[2026-05-27T04:16:37.029+0000] {processor.py:840} INFO - DAG(s) 'shopee_pipeline' retrieved from /opt/airflow/dags/shopee_dag.py
[2026-05-27T04:16:37.083+0000] {logging_mixin.py:188} INFO - [2026-05-27T04:16:37.082+0000] {dag.py:3096} INFO - Sync 1 DAGs
[2026-05-27T04:16:37.132+0000] {logging_mixin.py:188} INFO - [2026-05-27T04:16:37.131+0000] {dag.py:3954} INFO - Setting next_dagrun for shopee_pipeline to 2026-05-27 01:00:00+00:00, run_after=2026-05-28 01:00:00+00:00
[2026-05-27T04:16:37.174+0000] {processor.py:183} INFO - Processing /opt/airflow/dags/shopee_dag.py took 0.315 seconds
[2026-05-27T04:17:07.763+0000] {processor.py:161} INFO - Started process (PID=26237) to work on /opt/airflow/dags/shopee_dag.py
[2026-05-27T04:17:07.764+0000] {processor.py:830} INFO - Processing file /opt/airflow/dags/shopee_dag.py for tasks to queue
[2026-05-27T04:17:07.765+0000] {logging_mixin.py:188} INFO - [2026-05-27T04:17:07.765+0000] {dagbag.py:545} INFO - Filling up the DagBag from /opt/airflow/dags/shopee_dag.py
[2026-05-27T04:17:07.866+0000] {processor.py:840} INFO - DAG(s) 'shopee_pipeline' retrieved from /opt/airflow/dags/shopee_dag.py
[2026-05-27T04:17:07.902+0000] {logging_mixin.py:188} INFO - [2026-05-27T04:17:07.902+0000] {dag.py:3096} INFO - Sync 1 DAGs
[2026-05-27T04:17:07.930+0000] {logging_mixin.py:188} INFO - [2026-05-27T04:17:07.930+0000] {dag.py:3954} INFO - Setting next_dagrun for shopee_pipeline to 2026-05-27 01:00:00+00:00, run_after=2026-05-28 01:00:00+00:00
[2026-05-27T04:17:07.951+0000] {processor.py:183} INFO - Processing /opt/airflow/dags/shopee_dag.py took 0.194 seconds
[2026-05-27T04:17:38.276+0000] {processor.py:161} INFO - Started process (PID=26364) to work on /opt/airflow/dags/shopee_dag.py
[2026-05-27T04:17:38.277+0000] {processor.py:830} INFO - Processing file /opt/airflow/dags/shopee_dag.py for tasks to queue
[2026-05-27T04:17:38.279+0000] {logging_mixin.py:188} INFO - [2026-05-27T04:17:38.279+0000] {dagbag.py:545} INFO - Filling up the DagBag from /opt/airflow/dags/shopee_dag.py
[2026-05-27T04:17:38.403+0000] {processor.py:840} INFO - DAG(s) 'shopee_pipeline' retrieved from /opt/airflow/dags/shopee_dag.py
[2026-05-27T04:17:38.452+0000] {logging_mixin.py:188} INFO - [2026-05-27T04:17:38.452+0000] {dag.py:3096} INFO - Sync 1 DAGs
[2026-05-27T04:17:38.485+0000] {logging_mixin.py:188} INFO - [2026-05-27T04:17:38.485+0000] {dag.py:3954} INFO - Setting next_dagrun for shopee_pipeline to 2026-05-27 01:00:00+00:00, run_after=2026-05-28 01:00:00+00:00
[2026-05-27T04:17:38.519+0000] {processor.py:183} INFO - Processing /opt/airflow/dags/shopee_dag.py took 0.252 seconds
[2026-05-27T04:18:08.835+0000] {processor.py:161} INFO - Started process (PID=26482) to work on /opt/airflow/dags/shopee_dag.py
[2026-05-27T04:18:08.836+0000] {processor.py:830} INFO - Processing file /opt/airflow/dags/shopee_dag.py for tasks to queue
[2026-05-27T04:18:08.838+0000] {logging_mixin.py:188} INFO - [2026-05-27T04:18:08.837+0000] {dagbag.py:545} INFO - Filling up the DagBag from /opt/airflow/dags/shopee_dag.py
[2026-05-27T04:18:08.956+0000] {processor.py:840} INFO - DAG(s) 'shopee_pipeline' retrieved from /opt/airflow/dags/shopee_dag.py
[2026-05-27T04:18:09.000+0000] {logging_mixin.py:188} INFO - [2026-05-27T04:18:08.999+0000] {dag.py:3096} INFO - Sync 1 DAGs
[2026-05-27T04:18:09.035+0000] {logging_mixin.py:188} INFO - [2026-05-27T04:18:09.034+0000] {dag.py:3954} INFO - Setting next_dagrun for shopee_pipeline to 2026-05-27 01:00:00+00:00, run_after=2026-05-28 01:00:00+00:00
[2026-05-27T04:18:09.071+0000] {processor.py:183} INFO - Processing /opt/airflow/dags/shopee_dag.py took 0.243 seconds
[2026-05-27T04:18:39.412+0000] {processor.py:161} INFO - Started process (PID=26569) to work on /opt/airflow/dags/shopee_dag.py
[2026-05-27T04:18:39.412+0000] {processor.py:830} INFO - Processing file /opt/airflow/dags/shopee_dag.py for tasks to queue
[2026-05-27T04:18:39.414+0000] {logging_mixin.py:188} INFO - [2026-05-27T04:18:39.414+0000] {dagbag.py:545} INFO - Filling up the DagBag from /opt/airflow/dags/shopee_dag.py
[2026-05-27T04:18:39.518+0000] {processor.py:840} INFO - DAG(s) 'shopee_pipeline' retrieved from /opt/airflow/dags/shopee_dag.py
[2026-05-27T04:18:39.558+0000] {logging_mixin.py:188} INFO - [2026-05-27T04:18:39.558+0000] {dag.py:3096} INFO - Sync 1 DAGs
[2026-05-27T04:18:39.589+0000] {logging_mixin.py:188} INFO - [2026-05-27T04:18:39.589+0000] {dag.py:3954} INFO - Setting next_dagrun for shopee_pipeline to 2026-05-27 01:00:00+00:00, run_after=2026-05-28 01:00:00+00:00
[2026-05-27T04:18:39.623+0000] {processor.py:183} INFO - Processing /opt/airflow/dags/shopee_dag.py took 0.218 seconds
[2026-05-27T04:19:09.687+0000] {processor.py:161} INFO - Started process (PID=26610) to work on /opt/airflow/dags/shopee_dag.py
[2026-05-27T04:19:09.688+0000] {processor.py:830} INFO - Processing file /opt/airflow/dags/shopee_dag.py for tasks to queue
[2026-05-27T04:19:09.691+0000] {logging_mixin.py:188} INFO - [2026-05-27T04:19:09.690+0000] {dagbag.py:545} INFO - Filling up the DagBag from /opt/airflow/dags/shopee_dag.py
[2026-05-27T04:19:09.811+0000] {processor.py:840} INFO - DAG(s) 'shopee_pipeline' retrieved from /opt/airflow/dags/shopee_dag.py
[2026-05-27T04:19:09.846+0000] {logging_mixin.py:188} INFO - [2026-05-27T04:19:09.846+0000] {dag.py:3096} INFO - Sync 1 DAGs
[2026-05-27T04:19:09.873+0000] {logging_mixin.py:188} INFO - [2026-05-27T04:19:09.873+0000] {dag.py:3954} INFO - Setting next_dagrun for shopee_pipeline to 2026-05-27 01:00:00+00:00, run_after=2026-05-28 01:00:00+00:00
[2026-05-27T04:19:09.904+0000] {processor.py:183} INFO - Processing /opt/airflow/dags/shopee_dag.py took 0.225 seconds
[2026-05-27T04:19:40.261+0000] {processor.py:161} INFO - Started process (PID=26734) to work on /opt/airflow/dags/shopee_dag.py
[2026-05-27T04:19:40.262+0000] {processor.py:830} INFO - Processing file /opt/airflow/dags/shopee_dag.py for tasks to queue
[2026-05-27T04:19:40.264+0000] {logging_mixin.py:188} INFO - [2026-05-27T04:19:40.264+0000] {dagbag.py:545} INFO - Filling up the DagBag from /opt/airflow/dags/shopee_dag.py
[2026-05-27T04:19:40.378+0000] {processor.py:840} INFO - DAG(s) 'shopee_pipeline' retrieved from /opt/airflow/dags/shopee_dag.py
[2026-05-27T04:19:40.422+0000] {logging_mixin.py:188} INFO - [2026-05-27T04:19:40.422+0000] {dag.py:3096} INFO - Sync 1 DAGs
[2026-05-27T04:19:40.456+0000] {logging_mixin.py:188} INFO - [2026-05-27T04:19:40.455+0000] {dag.py:3954} INFO - Setting next_dagrun for shopee_pipeline to 2026-05-27 01:00:00+00:00, run_after=2026-05-28 01:00:00+00:00
[2026-05-27T04:19:40.482+0000] {processor.py:183} INFO - Processing /opt/airflow/dags/shopee_dag.py took 0.228 seconds
[2026-05-27T04:20:10.757+0000] {processor.py:161} INFO - Started process (PID=26834) to work on /opt/airflow/dags/shopee_dag.py
[2026-05-27T04:20:10.759+0000] {processor.py:830} INFO - Processing file /opt/airflow/dags/shopee_dag.py for tasks to queue
[2026-05-27T04:20:10.761+0000] {logging_mixin.py:188} INFO - [2026-05-27T04:20:10.761+0000] {dagbag.py:545} INFO - Filling up the DagBag from /opt/airflow/dags/shopee_dag.py
[2026-05-27T04:20:10.926+0000] {processor.py:840} INFO - DAG(s) 'shopee_pipeline' retrieved from /opt/airflow/dags/shopee_dag.py
[2026-05-27T04:20:10.985+0000] {logging_mixin.py:188} INFO - [2026-05-27T04:20:10.985+0000] {dag.py:3096} INFO - Sync 1 DAGs
[2026-05-27T04:20:11.023+0000] {logging_mixin.py:188} INFO - [2026-05-27T04:20:11.023+0000] {dag.py:3954} INFO - Setting next_dagrun for shopee_pipeline to 2026-05-27 01:00:00+00:00, run_after=2026-05-28 01:00:00+00:00
[2026-05-27T04:20:11.067+0000] {processor.py:183} INFO - Processing /opt/airflow/dags/shopee_dag.py took 0.319 seconds
[2026-05-27T04:20:41.496+0000] {processor.py:161} INFO - Started process (PID=26865) to work on /opt/airflow/dags/shopee_dag.py
[2026-05-27T04:20:41.497+0000] {processor.py:830} INFO - Processing file /opt/airflow/dags/shopee_dag.py for tasks to queue
[2026-05-27T04:20:41.499+0000] {logging_mixin.py:188} INFO - [2026-05-27T04:20:41.499+0000] {dagbag.py:545} INFO - Filling up the DagBag from /opt/airflow/dags/shopee_dag.py
[2026-05-27T04:20:41.624+0000] {processor.py:840} INFO - DAG(s) 'shopee_pipeline' retrieved from /opt/airflow/dags/shopee_dag.py
[2026-05-27T04:20:41.666+0000] {logging_mixin.py:188} INFO - [2026-05-27T04:20:41.666+0000] {dag.py:3096} INFO - Sync 1 DAGs
[2026-05-27T04:20:41.704+0000] {logging_mixin.py:188} INFO - [2026-05-27T04:20:41.704+0000] {dag.py:3954} INFO - Setting next_dagrun for shopee_pipeline to 2026-05-27 01:00:00+00:00, run_after=2026-05-28 01:00:00+00:00
[2026-05-27T04:20:41.737+0000] {processor.py:183} INFO - Processing /opt/airflow/dags/shopee_dag.py took 0.250 seconds
[2026-05-27T04:21:12.038+0000] {processor.py:161} INFO - Started process (PID=26984) to work on /opt/airflow/dags/shopee_dag.py
[2026-05-27T04:21:12.039+0000] {processor.py:830} INFO - Processing file /opt/airflow/dags/shopee_dag.py for tasks to queue
[2026-05-27T04:21:12.041+0000] {logging_mixin.py:188} INFO - [2026-05-27T04:21:12.041+0000] {dagbag.py:545} INFO - Filling up the DagBag from /opt/airflow/dags/shopee_dag.py
[2026-05-27T04:21:12.159+0000] {processor.py:840} INFO - DAG(s) 'shopee_pipeline' retrieved from /opt/airflow/dags/shopee_dag.py
[2026-05-27T04:21:12.199+0000] {logging_mixin.py:188} INFO - [2026-05-27T04:21:12.199+0000] {dag.py:3096} INFO - Sync 1 DAGs
[2026-05-27T04:21:12.232+0000] {logging_mixin.py:188} INFO - [2026-05-27T04:21:12.232+0000] {dag.py:3954} INFO - Setting next_dagrun for shopee_pipeline to 2026-05-27 01:00:00+00:00, run_after=2026-05-28 01:00:00+00:00
[2026-05-27T04:21:12.262+0000] {processor.py:183} INFO - Processing /opt/airflow/dags/shopee_dag.py took 0.232 seconds
[2026-05-27T04:21:42.590+0000] {processor.py:161} INFO - Started process (PID=27105) to work on /opt/airflow/dags/shopee_dag.py
[2026-05-27T04:21:42.592+0000] {processor.py:830} INFO - Processing file /opt/airflow/dags/shopee_dag.py for tasks to queue
[2026-05-27T04:21:42.594+0000] {logging_mixin.py:188} INFO - [2026-05-27T04:21:42.594+0000] {dagbag.py:545} INFO - Filling up the DagBag from /opt/airflow/dags/shopee_dag.py
[2026-05-27T04:21:42.710+0000] {processor.py:840} INFO - DAG(s) 'shopee_pipeline' retrieved from /opt/airflow/dags/shopee_dag.py
[2026-05-27T04:21:42.752+0000] {logging_mixin.py:188} INFO - [2026-05-27T04:21:42.752+0000] {dag.py:3096} INFO - Sync 1 DAGs
[2026-05-27T04:21:42.783+0000] {logging_mixin.py:188} INFO - [2026-05-27T04:21:42.783+0000] {dag.py:3954} INFO - Setting next_dagrun for shopee_pipeline to 2026-05-27 01:00:00+00:00, run_after=2026-05-28 01:00:00+00:00
[2026-05-27T04:21:42.806+0000] {processor.py:183} INFO - Processing /opt/airflow/dags/shopee_dag.py took 0.225 seconds
[2026-05-27T04:22:13.082+0000] {processor.py:161} INFO - Started process (PID=27190) to work on /opt/airflow/dags/shopee_dag.py
[2026-05-27T04:22:13.083+0000] {processor.py:830} INFO - Processing file /opt/airflow/dags/shopee_dag.py for tasks to queue
[2026-05-27T04:22:13.084+0000] {logging_mixin.py:188} INFO - [2026-05-27T04:22:13.084+0000] {dagbag.py:545} INFO - Filling up the DagBag from /opt/airflow/dags/shopee_dag.py
[2026-05-27T04:22:13.216+0000] {processor.py:840} INFO - DAG(s) 'shopee_pipeline' retrieved from /opt/airflow/dags/shopee_dag.py
[2026-05-27T04:22:13.253+0000] {logging_mixin.py:188} INFO - [2026-05-27T04:22:13.252+0000] {dag.py:3096} INFO - Sync 1 DAGs
[2026-05-27T04:22:13.277+0000] {logging_mixin.py:188} INFO - [2026-05-27T04:22:13.277+0000] {dag.py:3954} INFO - Setting next_dagrun for shopee_pipeline to 2026-05-27 01:00:00+00:00, run_after=2026-05-28 01:00:00+00:00
[2026-05-27T04:22:13.311+0000] {processor.py:183} INFO - Processing /opt/airflow/dags/shopee_dag.py took 0.236 seconds
[2026-05-27T04:22:43.820+0000] {processor.py:161} INFO - Started process (PID=27250) to work on /opt/airflow/dags/shopee_dag.py
[2026-05-27T04:22:43.821+0000] {processor.py:830} INFO - Processing file /opt/airflow/dags/shopee_dag.py for tasks to queue
[2026-05-27T04:22:43.823+0000] {logging_mixin.py:188} INFO - [2026-05-27T04:22:43.823+0000] {dagbag.py:545} INFO - Filling up the DagBag from /opt/airflow/dags/shopee_dag.py
[2026-05-27T04:22:43.976+0000] {processor.py:840} INFO - DAG(s) 'shopee_pipeline' retrieved from /opt/airflow/dags/shopee_dag.py
[2026-05-27T04:22:44.075+0000] {logging_mixin.py:188} INFO - [2026-05-27T04:22:44.074+0000] {dag.py:3096} INFO - Sync 1 DAGs
[2026-05-27T04:22:44.112+0000] {logging_mixin.py:188} INFO - [2026-05-27T04:22:44.111+0000] {dag.py:3954} INFO - Setting next_dagrun for shopee_pipeline to 2026-05-27 01:00:00+00:00, run_after=2026-05-28 01:00:00+00:00
[2026-05-27T04:22:44.142+0000] {processor.py:183} INFO - Processing /opt/airflow/dags/shopee_dag.py took 0.329 seconds
[2026-05-27T04:23:14.475+0000] {processor.py:161} INFO - Started process (PID=27339) to work on /opt/airflow/dags/shopee_dag.py
[2026-05-27T04:23:14.477+0000] {processor.py:830} INFO - Processing file /opt/airflow/dags/shopee_dag.py for tasks to queue
[2026-05-27T04:23:14.480+0000] {logging_mixin.py:188} INFO - [2026-05-27T04:23:14.480+0000] {dagbag.py:545} INFO - Filling up the DagBag from /opt/airflow/dags/shopee_dag.py
[2026-05-27T04:23:14.696+0000] {processor.py:840} INFO - DAG(s) 'shopee_pipeline' retrieved from /opt/airflow/dags/shopee_dag.py
[2026-05-27T04:23:14.732+0000] {logging_mixin.py:188} INFO - [2026-05-27T04:23:14.732+0000] {dag.py:3096} INFO - Sync 1 DAGs
[2026-05-27T04:23:14.761+0000] {logging_mixin.py:188} INFO - [2026-05-27T04:23:14.761+0000] {dag.py:3954} INFO - Setting next_dagrun for shopee_pipeline to 2026-05-27 01:00:00+00:00, run_after=2026-05-28 01:00:00+00:00
[2026-05-27T04:23:14.786+0000] {processor.py:183} INFO - Processing /opt/airflow/dags/shopee_dag.py took 0.320 seconds
[2026-05-27T04:23:45.278+0000] {processor.py:161} INFO - Started process (PID=27382) to work on /opt/airflow/dags/shopee_dag.py
[2026-05-27T04:23:45.279+0000] {processor.py:830} INFO - Processing file /opt/airflow/dags/shopee_dag.py for tasks to queue
[2026-05-27T04:23:45.281+0000] {logging_mixin.py:188} INFO - [2026-05-27T04:23:45.280+0000] {dagbag.py:545} INFO - Filling up the DagBag from /opt/airflow/dags/shopee_dag.py
[2026-05-27T04:23:45.387+0000] {processor.py:840} INFO - DAG(s) 'shopee_pipeline' retrieved from /opt/airflow/dags/shopee_dag.py
[2026-05-27T04:23:45.426+0000] {logging_mixin.py:188} INFO - [2026-05-27T04:23:45.426+0000] {dag.py:3096} INFO - Sync 1 DAGs
[2026-05-27T04:23:45.458+0000] {logging_mixin.py:188} INFO - [2026-05-27T04:23:45.457+0000] {dag.py:3954} INFO - Setting next_dagrun for shopee_pipeline to 2026-05-27 01:00:00+00:00, run_after=2026-05-28 01:00:00+00:00
[2026-05-27T04:23:45.482+0000] {processor.py:183} INFO - Processing /opt/airflow/dags/shopee_dag.py took 0.212 seconds
[2026-05-27T04:24:15.753+0000] {processor.py:161} INFO - Started process (PID=27503) to work on /opt/airflow/dags/shopee_dag.py
[2026-05-27T04:24:15.754+0000] {processor.py:830} INFO - Processing file /opt/airflow/dags/shopee_dag.py for tasks to queue
[2026-05-27T04:24:15.756+0000] {logging_mixin.py:188} INFO - [2026-05-27T04:24:15.756+0000] {dagbag.py:545} INFO - Filling up the DagBag from /opt/airflow/dags/shopee_dag.py
[2026-05-27T04:24:15.897+0000] {processor.py:840} INFO - DAG(s) 'shopee_pipeline' retrieved from /opt/airflow/dags/shopee_dag.py
[2026-05-27T04:24:15.984+0000] {logging_mixin.py:188} INFO - [2026-05-27T04:24:15.983+0000] {dag.py:3096} INFO - Sync 1 DAGs
[2026-05-27T04:24:16.044+0000] {logging_mixin.py:188} INFO - [2026-05-27T04:24:16.044+0000] {dag.py:3954} INFO - Setting next_dagrun for shopee_pipeline to 2026-05-27 01:00:00+00:00, run_after=2026-05-28 01:00:00+00:00
[2026-05-27T04:24:16.072+0000] {processor.py:183} INFO - Processing /opt/airflow/dags/shopee_dag.py took 0.329 seconds
[2026-05-27T04:24:46.363+0000] {processor.py:161} INFO - Started process (PID=27622) to work on /opt/airflow/dags/shopee_dag.py
[2026-05-27T04:24:46.364+0000] {processor.py:830} INFO - Processing file /opt/airflow/dags/shopee_dag.py for tasks to queue
[2026-05-27T04:24:46.367+0000] {logging_mixin.py:188} INFO - [2026-05-27T04:24:46.366+0000] {dagbag.py:545} INFO - Filling up the DagBag from /opt/airflow/dags/shopee_dag.py
[2026-05-27T04:24:46.488+0000] {processor.py:840} INFO - DAG(s) 'shopee_pipeline' retrieved from /opt/airflow/dags/shopee_dag.py
[2026-05-27T04:24:46.524+0000] {logging_mixin.py:188} INFO - [2026-05-27T04:24:46.524+0000] {dag.py:3096} INFO - Sync 1 DAGs
[2026-05-27T04:24:46.553+0000] {logging_mixin.py:188} INFO - [2026-05-27T04:24:46.553+0000] {dag.py:3954} INFO - Setting next_dagrun for shopee_pipeline to 2026-05-27 01:00:00+00:00, run_after=2026-05-28 01:00:00+00:00
[2026-05-27T04:24:46.576+0000] {processor.py:183} INFO - Processing /opt/airflow/dags/shopee_dag.py took 0.221 seconds
[2026-05-27T04:25:16.940+0000] {processor.py:161} INFO - Started process (PID=27722) to work on /opt/airflow/dags/shopee_dag.py
[2026-05-27T04:25:16.941+0000] {processor.py:830} INFO - Processing file /opt/airflow/dags/shopee_dag.py for tasks to queue
[2026-05-27T04:25:16.944+0000] {logging_mixin.py:188} INFO - [2026-05-27T04:25:16.943+0000] {dagbag.py:545} INFO - Filling up the DagBag from /opt/airflow/dags/shopee_dag.py
[2026-05-27T04:25:17.100+0000] {processor.py:840} INFO - DAG(s) 'shopee_pipeline' retrieved from /opt/airflow/dags/shopee_dag.py
[2026-05-27T04:25:17.162+0000] {logging_mixin.py:188} INFO - [2026-05-27T04:25:17.161+0000] {dag.py:3096} INFO - Sync 1 DAGs
[2026-05-27T04:25:17.206+0000] {logging_mixin.py:188} INFO - [2026-05-27T04:25:17.206+0000] {dag.py:3954} INFO - Setting next_dagrun for shopee_pipeline to 2026-05-27 01:00:00+00:00, run_after=2026-05-28 01:00:00+00:00
[2026-05-27T04:25:17.242+0000] {processor.py:183} INFO - Processing /opt/airflow/dags/shopee_dag.py took 0.310 seconds
[2026-05-27T04:25:47.929+0000] {processor.py:161} INFO - Started process (PID=27753) to work on /opt/airflow/dags/shopee_dag.py
[2026-05-27T04:25:47.930+0000] {processor.py:830} INFO - Processing file /opt/airflow/dags/shopee_dag.py for tasks to queue
[2026-05-27T04:25:47.932+0000] {logging_mixin.py:188} INFO - [2026-05-27T04:25:47.932+0000] {dagbag.py:545} INFO - Filling up the DagBag from /opt/airflow/dags/shopee_dag.py
[2026-05-27T04:25:48.044+0000] {processor.py:840} INFO - DAG(s) 'shopee_pipeline' retrieved from /opt/airflow/dags/shopee_dag.py
[2026-05-27T04:25:48.084+0000] {logging_mixin.py:188} INFO - [2026-05-27T04:25:48.084+0000] {dag.py:3096} INFO - Sync 1 DAGs
[2026-05-27T04:25:48.118+0000] {logging_mixin.py:188} INFO - [2026-05-27T04:25:48.117+0000] {dag.py:3954} INFO - Setting next_dagrun for shopee_pipeline to 2026-05-27 01:00:00+00:00, run_after=2026-05-28 01:00:00+00:00
[2026-05-27T04:25:48.143+0000] {processor.py:183} INFO - Processing /opt/airflow/dags/shopee_dag.py took 0.225 seconds
[2026-05-27T04:26:18.401+0000] {processor.py:161} INFO - Started process (PID=27874) to work on /opt/airflow/dags/shopee_dag.py
[2026-05-27T04:26:18.402+0000] {processor.py:830} INFO - Processing file /opt/airflow/dags/shopee_dag.py for tasks to queue
[2026-05-27T04:26:18.404+0000] {logging_mixin.py:188} INFO - [2026-05-27T04:26:18.404+0000] {dagbag.py:545} INFO - Filling up the DagBag from /opt/airflow/dags/shopee_dag.py
[2026-05-27T04:26:18.522+0000] {processor.py:840} INFO - DAG(s) 'shopee_pipeline' retrieved from /opt/airflow/dags/shopee_dag.py
[2026-05-27T04:26:18.565+0000] {logging_mixin.py:188} INFO - [2026-05-27T04:26:18.565+0000] {dag.py:3096} INFO - Sync 1 DAGs
[2026-05-27T04:26:18.598+0000] {logging_mixin.py:188} INFO - [2026-05-27T04:26:18.597+0000] {dag.py:3954} INFO - Setting next_dagrun for shopee_pipeline to 2026-05-27 01:00:00+00:00, run_after=2026-05-28 01:00:00+00:00
[2026-05-27T04:26:18.622+0000] {processor.py:183} INFO - Processing /opt/airflow/dags/shopee_dag.py took 0.229 seconds
[2026-05-27T04:26:48.759+0000] {processor.py:161} INFO - Started process (PID=27992) to work on /opt/airflow/dags/shopee_dag.py
[2026-05-27T04:26:48.761+0000] {processor.py:830} INFO - Processing file /opt/airflow/dags/shopee_dag.py for tasks to queue
[2026-05-27T04:26:48.764+0000] {logging_mixin.py:188} INFO - [2026-05-27T04:26:48.763+0000] {dagbag.py:545} INFO - Filling up the DagBag from /opt/airflow/dags/shopee_dag.py
[2026-05-27T04:26:48.931+0000] {processor.py:840} INFO - DAG(s) 'shopee_pipeline' retrieved from /opt/airflow/dags/shopee_dag.py
[2026-05-27T04:26:48.987+0000] {logging_mixin.py:188} INFO - [2026-05-27T04:26:48.987+0000] {dag.py:3096} INFO - Sync 1 DAGs
[2026-05-27T04:26:49.028+0000] {logging_mixin.py:188} INFO - [2026-05-27T04:26:49.028+0000] {dag.py:3954} INFO - Setting next_dagrun for shopee_pipeline to 2026-05-27 01:00:00+00:00, run_after=2026-05-28 01:00:00+00:00
[2026-05-27T04:26:49.063+0000] {processor.py:183} INFO - Processing /opt/airflow/dags/shopee_dag.py took 0.313 seconds
[2026-05-27T04:27:19.390+0000] {processor.py:161} INFO - Started process (PID=28077) to work on /opt/airflow/dags/shopee_dag.py
[2026-05-27T04:27:19.391+0000] {processor.py:830} INFO - Processing file /opt/airflow/dags/shopee_dag.py for tasks to queue
[2026-05-27T04:27:19.394+0000] {logging_mixin.py:188} INFO - [2026-05-27T04:27:19.394+0000] {dagbag.py:545} INFO - Filling up the DagBag from /opt/airflow/dags/shopee_dag.py
[2026-05-27T04:27:19.531+0000] {processor.py:840} INFO - DAG(s) 'shopee_pipeline' retrieved from /opt/airflow/dags/shopee_dag.py
[2026-05-27T04:27:19.569+0000] {logging_mixin.py:188} INFO - [2026-05-27T04:27:19.569+0000] {dag.py:3096} INFO - Sync 1 DAGs
[2026-05-27T04:27:19.597+0000] {logging_mixin.py:188} INFO - [2026-05-27T04:27:19.597+0000] {dag.py:3954} INFO - Setting next_dagrun for shopee_pipeline to 2026-05-27 01:00:00+00:00, run_after=2026-05-28 01:00:00+00:00
[2026-05-27T04:27:19.627+0000] {processor.py:183} INFO - Processing /opt/airflow/dags/shopee_dag.py took 0.248 seconds
[2026-05-27T04:27:50.158+0000] {processor.py:161} INFO - Started process (PID=28120) to work on /opt/airflow/dags/shopee_dag.py
[2026-05-27T04:27:50.159+0000] {processor.py:830} INFO - Processing file /opt/airflow/dags/shopee_dag.py for tasks to queue
[2026-05-27T04:27:50.161+0000] {logging_mixin.py:188} INFO - [2026-05-27T04:27:50.161+0000] {dagbag.py:545} INFO - Filling up the DagBag from /opt/airflow/dags/shopee_dag.py
[2026-05-27T04:27:50.300+0000] {processor.py:840} INFO - DAG(s) 'shopee_pipeline' retrieved from /opt/airflow/dags/shopee_dag.py
[2026-05-27T04:27:50.349+0000] {logging_mixin.py:188} INFO - [2026-05-27T04:27:50.349+0000] {dag.py:3096} INFO - Sync 1 DAGs
[2026-05-27T04:27:50.381+0000] {logging_mixin.py:188} INFO - [2026-05-27T04:27:50.381+0000] {dag.py:3954} INFO - Setting next_dagrun for shopee_pipeline to 2026-05-27 01:00:00+00:00, run_after=2026-05-28 01:00:00+00:00
[2026-05-27T04:27:50.404+0000] {processor.py:183} INFO - Processing /opt/airflow/dags/shopee_dag.py took 0.257 seconds
[2026-05-27T04:28:20.744+0000] {processor.py:161} INFO - Started process (PID=28239) to work on /opt/airflow/dags/shopee_dag.py
[2026-05-27T04:28:20.745+0000] {processor.py:830} INFO - Processing file /opt/airflow/dags/shopee_dag.py for tasks to queue
[2026-05-27T04:28:20.747+0000] {logging_mixin.py:188} INFO - [2026-05-27T04:28:20.747+0000] {dagbag.py:545} INFO - Filling up the DagBag from /opt/airflow/dags/shopee_dag.py
[2026-05-27T04:28:20.864+0000] {processor.py:840} INFO - DAG(s) 'shopee_pipeline' retrieved from /opt/airflow/dags/shopee_dag.py
[2026-05-27T04:28:20.907+0000] {logging_mixin.py:188} INFO - [2026-05-27T04:28:20.907+0000] {dag.py:3096} INFO - Sync 1 DAGs
[2026-05-27T04:28:20.939+0000] {logging_mixin.py:188} INFO - [2026-05-27T04:28:20.939+0000] {dag.py:3954} INFO - Setting next_dagrun for shopee_pipeline to 2026-05-27 01:00:00+00:00, run_after=2026-05-28 01:00:00+00:00
[2026-05-27T04:28:20.973+0000] {processor.py:183} INFO - Processing /opt/airflow/dags/shopee_dag.py took 0.236 seconds
[2026-05-27T04:28:51.307+0000] {processor.py:161} INFO - Started process (PID=28354) to work on /opt/airflow/dags/shopee_dag.py
[2026-05-27T04:28:51.308+0000] {processor.py:830} INFO - Processing file /opt/airflow/dags/shopee_dag.py for tasks to queue
[2026-05-27T04:28:51.311+0000] {logging_mixin.py:188} INFO - [2026-05-27T04:28:51.311+0000] {dagbag.py:545} INFO - Filling up the DagBag from /opt/airflow/dags/shopee_dag.py
[2026-05-27T04:28:51.487+0000] {processor.py:840} INFO - DAG(s) 'shopee_pipeline' retrieved from /opt/airflow/dags/shopee_dag.py
[2026-05-27T04:28:51.537+0000] {logging_mixin.py:188} INFO - [2026-05-27T04:28:51.537+0000] {dag.py:3096} INFO - Sync 1 DAGs
[2026-05-27T04:28:51.574+0000] {logging_mixin.py:188} INFO - [2026-05-27T04:28:51.574+0000] {dag.py:3954} INFO - Setting next_dagrun for shopee_pipeline to 2026-05-27 01:00:00+00:00, run_after=2026-05-28 01:00:00+00:00
[2026-05-27T04:28:51.615+0000] {processor.py:183} INFO - Processing /opt/airflow/dags/shopee_dag.py took 0.319 seconds
[2026-05-27T04:29:21.909+0000] {processor.py:161} INFO - Started process (PID=28370) to work on /opt/airflow/dags/shopee_dag.py
[2026-05-27T04:29:21.910+0000] {processor.py:830} INFO - Processing file /opt/airflow/dags/shopee_dag.py for tasks to queue
[2026-05-27T04:29:21.912+0000] {logging_mixin.py:188} INFO - [2026-05-27T04:29:21.912+0000] {dagbag.py:545} INFO - Filling up the DagBag from /opt/airflow/dags/shopee_dag.py
[2026-05-27T04:29:22.040+0000] {processor.py:840} INFO - DAG(s) 'shopee_pipeline' retrieved from /opt/airflow/dags/shopee_dag.py
[2026-05-27T04:29:22.082+0000] {logging_mixin.py:188} INFO - [2026-05-27T04:29:22.081+0000] {dag.py:3096} INFO - Sync 1 DAGs
[2026-05-27T04:29:22.110+0000] {logging_mixin.py:188} INFO - [2026-05-27T04:29:22.110+0000] {dag.py:3954} INFO - Setting next_dagrun for shopee_pipeline to 2026-05-27 01:00:00+00:00, run_after=2026-05-28 01:00:00+00:00
[2026-05-27T04:29:22.138+0000] {processor.py:183} INFO - Processing /opt/airflow/dags/shopee_dag.py took 0.236 seconds
[2026-05-27T04:29:52.450+0000] {processor.py:161} INFO - Started process (PID=28499) to work on /opt/airflow/dags/shopee_dag.py
[2026-05-27T04:29:52.451+0000] {processor.py:830} INFO - Processing file /opt/airflow/dags/shopee_dag.py for tasks to queue
[2026-05-27T04:29:52.453+0000] {logging_mixin.py:188} INFO - [2026-05-27T04:29:52.452+0000] {dagbag.py:545} INFO - Filling up the DagBag from /opt/airflow/dags/shopee_dag.py
[2026-05-27T04:29:52.567+0000] {processor.py:840} INFO - DAG(s) 'shopee_pipeline' retrieved from /opt/airflow/dags/shopee_dag.py
[2026-05-27T04:29:52.607+0000] {logging_mixin.py:188} INFO - [2026-05-27T04:29:52.607+0000] {dag.py:3096} INFO - Sync 1 DAGs
[2026-05-27T04:29:52.637+0000] {logging_mixin.py:188} INFO - [2026-05-27T04:29:52.637+0000] {dag.py:3954} INFO - Setting next_dagrun for shopee_pipeline to 2026-05-27 01:00:00+00:00, run_after=2026-05-28 01:00:00+00:00
[2026-05-27T04:29:52.662+0000] {processor.py:183} INFO - Processing /opt/airflow/dags/shopee_dag.py took 0.219 seconds
[2026-05-27T04:30:22.919+0000] {processor.py:161} INFO - Started process (PID=28618) to work on /opt/airflow/dags/shopee_dag.py
[2026-05-27T04:30:22.920+0000] {processor.py:830} INFO - Processing file /opt/airflow/dags/shopee_dag.py for tasks to queue
[2026-05-27T04:30:22.922+0000] {logging_mixin.py:188} INFO - [2026-05-27T04:30:22.922+0000] {dagbag.py:545} INFO - Filling up the DagBag from /opt/airflow/dags/shopee_dag.py
[2026-05-27T04:30:23.029+0000] {processor.py:840} INFO - DAG(s) 'shopee_pipeline' retrieved from /opt/airflow/dags/shopee_dag.py
[2026-05-27T04:30:23.068+0000] {logging_mixin.py:188} INFO - [2026-05-27T04:30:23.067+0000] {dag.py:3096} INFO - Sync 1 DAGs
[2026-05-27T04:30:23.103+0000] {logging_mixin.py:188} INFO - [2026-05-27T04:30:23.103+0000] {dag.py:3954} INFO - Setting next_dagrun for shopee_pipeline to 2026-05-27 01:00:00+00:00, run_after=2026-05-28 01:00:00+00:00
[2026-05-27T04:30:23.132+0000] {processor.py:183} INFO - Processing /opt/airflow/dags/shopee_dag.py took 0.219 seconds
[2026-05-27T04:30:53.570+0000] {processor.py:161} INFO - Started process (PID=28703) to work on /opt/airflow/dags/shopee_dag.py
[2026-05-27T04:30:53.572+0000] {processor.py:830} INFO - Processing file /opt/airflow/dags/shopee_dag.py for tasks to queue
[2026-05-27T04:30:53.573+0000] {logging_mixin.py:188} INFO - [2026-05-27T04:30:53.573+0000] {dagbag.py:545} INFO - Filling up the DagBag from /opt/airflow/dags/shopee_dag.py
[2026-05-27T04:30:53.681+0000] {processor.py:840} INFO - DAG(s) 'shopee_pipeline' retrieved from /opt/airflow/dags/shopee_dag.py
[2026-05-27T04:30:53.725+0000] {logging_mixin.py:188} INFO - [2026-05-27T04:30:53.725+0000] {dag.py:3096} INFO - Sync 1 DAGs
[2026-05-27T04:30:53.828+0000] {logging_mixin.py:188} INFO - [2026-05-27T04:30:53.814+0000] {dag.py:3954} INFO - Setting next_dagrun for shopee_pipeline to 2026-05-27 01:00:00+00:00, run_after=2026-05-28 01:00:00+00:00
[2026-05-27T04:30:53.916+0000] {processor.py:183} INFO - Processing /opt/airflow/dags/shopee_dag.py took 0.351 seconds
[2026-05-27T04:31:24.481+0000] {processor.py:161} INFO - Started process (PID=28747) to work on /opt/airflow/dags/shopee_dag.py
[2026-05-27T04:31:24.482+0000] {processor.py:830} INFO - Processing file /opt/airflow/dags/shopee_dag.py for tasks to queue
[2026-05-27T04:31:24.484+0000] {logging_mixin.py:188} INFO - [2026-05-27T04:31:24.484+0000] {dagbag.py:545} INFO - Filling up the DagBag from /opt/airflow/dags/shopee_dag.py
[2026-05-27T04:31:24.590+0000] {processor.py:840} INFO - DAG(s) 'shopee_pipeline' retrieved from /opt/airflow/dags/shopee_dag.py
[2026-05-27T04:31:24.631+0000] {logging_mixin.py:188} INFO - [2026-05-27T04:31:24.631+0000] {dag.py:3096} INFO - Sync 1 DAGs
[2026-05-27T04:31:24.662+0000] {logging_mixin.py:188} INFO - [2026-05-27T04:31:24.661+0000] {dag.py:3954} INFO - Setting next_dagrun for shopee_pipeline to 2026-05-27 01:00:00+00:00, run_after=2026-05-28 01:00:00+00:00
[2026-05-27T04:31:24.694+0000] {processor.py:183} INFO - Processing /opt/airflow/dags/shopee_dag.py took 0.219 seconds
[2026-05-27T04:31:54.978+0000] {processor.py:161} INFO - Started process (PID=28867) to work on /opt/airflow/dags/shopee_dag.py
[2026-05-27T04:31:54.979+0000] {processor.py:830} INFO - Processing file /opt/airflow/dags/shopee_dag.py for tasks to queue
[2026-05-27T04:31:54.982+0000] {logging_mixin.py:188} INFO - [2026-05-27T04:31:54.982+0000] {dagbag.py:545} INFO - Filling up the DagBag from /opt/airflow/dags/shopee_dag.py
[2026-05-27T04:31:55.101+0000] {processor.py:840} INFO - DAG(s) 'shopee_pipeline' retrieved from /opt/airflow/dags/shopee_dag.py
[2026-05-27T04:31:55.140+0000] {logging_mixin.py:188} INFO - [2026-05-27T04:31:55.140+0000] {dag.py:3096} INFO - Sync 1 DAGs
[2026-05-27T04:31:55.168+0000] {logging_mixin.py:188} INFO - [2026-05-27T04:31:55.168+0000] {dag.py:3954} INFO - Setting next_dagrun for shopee_pipeline to 2026-05-27 01:00:00+00:00, run_after=2026-05-28 01:00:00+00:00
[2026-05-27T04:31:55.194+0000] {processor.py:183} INFO - Processing /opt/airflow/dags/shopee_dag.py took 0.225 seconds
[2026-05-27T04:32:25.529+0000] {processor.py:161} INFO - Started process (PID=28986) to work on /opt/airflow/dags/shopee_dag.py
[2026-05-27T04:32:25.530+0000] {processor.py:830} INFO - Processing file /opt/airflow/dags/shopee_dag.py for tasks to queue
[2026-05-27T04:32:25.531+0000] {logging_mixin.py:188} INFO - [2026-05-27T04:32:25.531+0000] {dagbag.py:545} INFO - Filling up the DagBag from /opt/airflow/dags/shopee_dag.py
[2026-05-27T04:32:25.644+0000] {processor.py:840} INFO - DAG(s) 'shopee_pipeline' retrieved from /opt/airflow/dags/shopee_dag.py
[2026-05-27T04:32:25.681+0000] {logging_mixin.py:188} INFO - [2026-05-27T04:32:25.680+0000] {dag.py:3096} INFO - Sync 1 DAGs
[2026-05-27T04:32:25.710+0000] {logging_mixin.py:188} INFO - [2026-05-27T04:32:25.709+0000] {dag.py:3954} INFO - Setting next_dagrun for shopee_pipeline to 2026-05-27 01:00:00+00:00, run_after=2026-05-28 01:00:00+00:00
[2026-05-27T04:32:25.746+0000] {processor.py:183} INFO - Processing /opt/airflow/dags/shopee_dag.py took 0.223 seconds
[2026-05-27T04:32:56.042+0000] {processor.py:161} INFO - Started process (PID=29075) to work on /opt/airflow/dags/shopee_dag.py
[2026-05-27T04:32:56.043+0000] {processor.py:830} INFO - Processing file /opt/airflow/dags/shopee_dag.py for tasks to queue
[2026-05-27T04:32:56.046+0000] {logging_mixin.py:188} INFO - [2026-05-27T04:32:56.046+0000] {dagbag.py:545} INFO - Filling up the DagBag from /opt/airflow/dags/shopee_dag.py
[2026-05-27T04:32:56.194+0000] {processor.py:840} INFO - DAG(s) 'shopee_pipeline' retrieved from /opt/airflow/dags/shopee_dag.py
[2026-05-27T04:32:56.236+0000] {logging_mixin.py:188} INFO - [2026-05-27T04:32:56.236+0000] {dag.py:3096} INFO - Sync 1 DAGs
[2026-05-27T04:32:56.268+0000] {logging_mixin.py:188} INFO - [2026-05-27T04:32:56.267+0000] {dag.py:3954} INFO - Setting next_dagrun for shopee_pipeline to 2026-05-27 01:00:00+00:00, run_after=2026-05-28 01:00:00+00:00
[2026-05-27T04:32:56.292+0000] {processor.py:183} INFO - Processing /opt/airflow/dags/shopee_dag.py took 0.257 seconds
[2026-05-27T04:33:26.907+0000] {processor.py:161} INFO - Started process (PID=29122) to work on /opt/airflow/dags/shopee_dag.py
[2026-05-27T04:33:26.908+0000] {processor.py:830} INFO - Processing file /opt/airflow/dags/shopee_dag.py for tasks to queue
[2026-05-27T04:33:26.913+0000] {logging_mixin.py:188} INFO - [2026-05-27T04:33:26.912+0000] {dagbag.py:545} INFO - Filling up the DagBag from /opt/airflow/dags/shopee_dag.py
[2026-05-27T04:33:27.052+0000] {processor.py:840} INFO - DAG(s) 'shopee_pipeline' retrieved from /opt/airflow/dags/shopee_dag.py
[2026-05-27T04:33:27.094+0000] {logging_mixin.py:188} INFO - [2026-05-27T04:33:27.094+0000] {dag.py:3096} INFO - Sync 1 DAGs
[2026-05-27T04:33:27.124+0000] {logging_mixin.py:188} INFO - [2026-05-27T04:33:27.124+0000] {dag.py:3954} INFO - Setting next_dagrun for shopee_pipeline to 2026-05-27 01:00:00+00:00, run_after=2026-05-28 01:00:00+00:00
[2026-05-27T04:33:27.149+0000] {processor.py:183} INFO - Processing /opt/airflow/dags/shopee_dag.py took 0.256 seconds
[2026-05-27T04:33:57.475+0000] {processor.py:161} INFO - Started process (PID=29250) to work on /opt/airflow/dags/shopee_dag.py
[2026-05-27T04:33:57.476+0000] {processor.py:830} INFO - Processing file /opt/airflow/dags/shopee_dag.py for tasks to queue
[2026-05-27T04:33:57.478+0000] {logging_mixin.py:188} INFO - [2026-05-27T04:33:57.478+0000] {dagbag.py:545} INFO - Filling up the DagBag from /opt/airflow/dags/shopee_dag.py
[2026-05-27T04:33:57.596+0000] {processor.py:840} INFO - DAG(s) 'shopee_pipeline' retrieved from /opt/airflow/dags/shopee_dag.py
[2026-05-27T04:33:57.635+0000] {logging_mixin.py:188} INFO - [2026-05-27T04:33:57.635+0000] {dag.py:3096} INFO - Sync 1 DAGs
[2026-05-27T04:33:57.668+0000] {logging_mixin.py:188} INFO - [2026-05-27T04:33:57.668+0000] {dag.py:3954} INFO - Setting next_dagrun for shopee_pipeline to 2026-05-27 01:00:00+00:00, run_after=2026-05-28 01:00:00+00:00
[2026-05-27T04:33:57.693+0000] {processor.py:183} INFO - Processing /opt/airflow/dags/shopee_dag.py took 0.225 seconds
[2026-05-27T04:34:28.231+0000] {processor.py:161} INFO - Started process (PID=29267) to work on /opt/airflow/dags/shopee_dag.py
[2026-05-27T04:34:28.232+0000] {processor.py:830} INFO - Processing file /opt/airflow/dags/shopee_dag.py for tasks to queue
[2026-05-27T04:34:28.233+0000] {logging_mixin.py:188} INFO - [2026-05-27T04:34:28.233+0000] {dagbag.py:545} INFO - Filling up the DagBag from /opt/airflow/dags/shopee_dag.py
[2026-05-27T04:34:28.350+0000] {processor.py:840} INFO - DAG(s) 'shopee_pipeline' retrieved from /opt/airflow/dags/shopee_dag.py
[2026-05-27T04:34:28.388+0000] {logging_mixin.py:188} INFO - [2026-05-27T04:34:28.387+0000] {dag.py:3096} INFO - Sync 1 DAGs
[2026-05-27T04:34:28.416+0000] {logging_mixin.py:188} INFO - [2026-05-27T04:34:28.415+0000] {dag.py:3954} INFO - Setting next_dagrun for shopee_pipeline to 2026-05-27 01:00:00+00:00, run_after=2026-05-28 01:00:00+00:00
[2026-05-27T04:34:28.449+0000] {processor.py:183} INFO - Processing /opt/airflow/dags/shopee_dag.py took 0.229 seconds
[2026-05-27T04:34:58.732+0000] {processor.py:161} INFO - Started process (PID=29386) to work on /opt/airflow/dags/shopee_dag.py
[2026-05-27T04:34:58.734+0000] {processor.py:830} INFO - Processing file /opt/airflow/dags/shopee_dag.py for tasks to queue
[2026-05-27T04:34:58.736+0000] {logging_mixin.py:188} INFO - [2026-05-27T04:34:58.735+0000] {dagbag.py:545} INFO - Filling up the DagBag from /opt/airflow/dags/shopee_dag.py
[2026-05-27T04:34:58.889+0000] {processor.py:840} INFO - DAG(s) 'shopee_pipeline' retrieved from /opt/airflow/dags/shopee_dag.py
[2026-05-27T04:34:58.934+0000] {logging_mixin.py:188} INFO - [2026-05-27T04:34:58.933+0000] {dag.py:3096} INFO - Sync 1 DAGs
[2026-05-27T04:34:58.964+0000] {logging_mixin.py:188} INFO - [2026-05-27T04:34:58.964+0000] {dag.py:3954} INFO - Setting next_dagrun for shopee_pipeline to 2026-05-27 01:00:00+00:00, run_after=2026-05-28 01:00:00+00:00
[2026-05-27T04:34:58.990+0000] {processor.py:183} INFO - Processing /opt/airflow/dags/shopee_dag.py took 0.266 seconds
[2026-05-27T04:35:29.345+0000] {processor.py:161} INFO - Started process (PID=29505) to work on /opt/airflow/dags/shopee_dag.py
[2026-05-27T04:35:29.346+0000] {processor.py:830} INFO - Processing file /opt/airflow/dags/shopee_dag.py for tasks to queue
[2026-05-27T04:35:29.348+0000] {logging_mixin.py:188} INFO - [2026-05-27T04:35:29.347+0000] {dagbag.py:545} INFO - Filling up the DagBag from /opt/airflow/dags/shopee_dag.py
[2026-05-27T04:35:29.477+0000] {processor.py:840} INFO - DAG(s) 'shopee_pipeline' retrieved from /opt/airflow/dags/shopee_dag.py
[2026-05-27T04:35:29.515+0000] {logging_mixin.py:188} INFO - [2026-05-27T04:35:29.515+0000] {dag.py:3096} INFO - Sync 1 DAGs
[2026-05-27T04:35:29.546+0000] {logging_mixin.py:188} INFO - [2026-05-27T04:35:29.545+0000] {dag.py:3954} INFO - Setting next_dagrun for shopee_pipeline to 2026-05-27 01:00:00+00:00, run_after=2026-05-28 01:00:00+00:00
[2026-05-27T04:35:29.580+0000] {processor.py:183} INFO - Processing /opt/airflow/dags/shopee_dag.py took 0.241 seconds
[2026-05-27T04:35:59.999+0000] {processor.py:161} INFO - Started process (PID=29592) to work on /opt/airflow/dags/shopee_dag.py
[2026-05-27T04:36:00.001+0000] {processor.py:830} INFO - Processing file /opt/airflow/dags/shopee_dag.py for tasks to queue
[2026-05-27T04:36:00.004+0000] {logging_mixin.py:188} INFO - [2026-05-27T04:36:00.004+0000] {dagbag.py:545} INFO - Filling up the DagBag from /opt/airflow/dags/shopee_dag.py
[2026-05-27T04:36:00.190+0000] {processor.py:840} INFO - DAG(s) 'shopee_pipeline' retrieved from /opt/airflow/dags/shopee_dag.py
[2026-05-27T04:36:00.243+0000] {logging_mixin.py:188} INFO - [2026-05-27T04:36:00.242+0000] {dag.py:3096} INFO - Sync 1 DAGs
[2026-05-27T04:36:00.291+0000] {logging_mixin.py:188} INFO - [2026-05-27T04:36:00.291+0000] {dag.py:3954} INFO - Setting next_dagrun for shopee_pipeline to 2026-05-27 01:00:00+00:00, run_after=2026-05-28 01:00:00+00:00
[2026-05-27T04:36:00.355+0000] {processor.py:183} INFO - Processing /opt/airflow/dags/shopee_dag.py took 0.368 seconds
[2026-05-27T04:36:30.573+0000] {processor.py:161} INFO - Started process (PID=29633) to work on /opt/airflow/dags/shopee_dag.py
[2026-05-27T04:36:30.574+0000] {processor.py:830} INFO - Processing file /opt/airflow/dags/shopee_dag.py for tasks to queue
[2026-05-27T04:36:30.577+0000] {logging_mixin.py:188} INFO - [2026-05-27T04:36:30.576+0000] {dagbag.py:545} INFO - Filling up the DagBag from /opt/airflow/dags/shopee_dag.py
[2026-05-27T04:36:30.709+0000] {processor.py:840} INFO - DAG(s) 'shopee_pipeline' retrieved from /opt/airflow/dags/shopee_dag.py
[2026-05-27T04:36:30.748+0000] {logging_mixin.py:188} INFO - [2026-05-27T04:36:30.748+0000] {dag.py:3096} INFO - Sync 1 DAGs
[2026-05-27T04:36:30.776+0000] {logging_mixin.py:188} INFO - [2026-05-27T04:36:30.775+0000] {dag.py:3954} INFO - Setting next_dagrun for shopee_pipeline to 2026-05-27 01:00:00+00:00, run_after=2026-05-28 01:00:00+00:00
[2026-05-27T04:36:30.820+0000] {processor.py:183} INFO - Processing /opt/airflow/dags/shopee_dag.py took 0.257 seconds
[2026-05-27T05:02:53.705+0000] {processor.py:161} INFO - Started process (PID=29755) to work on /opt/airflow/dags/shopee_dag.py
[2026-05-27T05:02:53.929+0000] {processor.py:830} INFO - Processing file /opt/airflow/dags/shopee_dag.py for tasks to queue
[2026-05-27T05:02:53.996+0000] {logging_mixin.py:188} INFO - [2026-05-27T05:02:53.992+0000] {dagbag.py:545} INFO - Filling up the DagBag from /opt/airflow/dags/shopee_dag.py
[2026-05-27T05:03:00.828+0000] {processor.py:840} INFO - DAG(s) 'shopee_pipeline' retrieved from /opt/airflow/dags/shopee_dag.py
[2026-05-27T05:03:02.036+0000] {logging_mixin.py:188} INFO - [2026-05-27T05:03:02.029+0000] {dag.py:3096} INFO - Sync 1 DAGs
[2026-05-27T05:03:04.012+0000] {logging_mixin.py:188} INFO - [2026-05-27T05:03:04.011+0000] {dag.py:3954} INFO - Setting next_dagrun for shopee_pipeline to 2026-05-27 01:00:00+00:00, run_after=2026-05-28 01:00:00+00:00
[2026-05-27T05:03:04.181+0000] {processor.py:183} INFO - Processing /opt/airflow/dags/shopee_dag.py took 10.831 seconds
[2026-05-27T05:03:34.555+0000] {processor.py:161} INFO - Started process (PID=29844) to work on /opt/airflow/dags/shopee_dag.py
[2026-05-27T05:03:34.556+0000] {processor.py:830} INFO - Processing file /opt/airflow/dags/shopee_dag.py for tasks to queue
[2026-05-27T05:03:34.558+0000] {logging_mixin.py:188} INFO - [2026-05-27T05:03:34.557+0000] {dagbag.py:545} INFO - Filling up the DagBag from /opt/airflow/dags/shopee_dag.py
[2026-05-27T05:03:34.850+0000] {processor.py:840} INFO - DAG(s) 'shopee_pipeline' retrieved from /opt/airflow/dags/shopee_dag.py
[2026-05-27T05:03:34.970+0000] {logging_mixin.py:188} INFO - [2026-05-27T05:03:34.969+0000] {dag.py:3096} INFO - Sync 1 DAGs
[2026-05-27T05:03:35.062+0000] {logging_mixin.py:188} INFO - [2026-05-27T05:03:35.062+0000] {dag.py:3954} INFO - Setting next_dagrun for shopee_pipeline to 2026-05-27 01:00:00+00:00, run_after=2026-05-28 01:00:00+00:00
[2026-05-27T05:03:35.139+0000] {processor.py:183} INFO - Processing /opt/airflow/dags/shopee_dag.py took 0.592 seconds
[2026-05-27T05:04:05.263+0000] {processor.py:161} INFO - Started process (PID=29892) to work on /opt/airflow/dags/shopee_dag.py
[2026-05-27T05:04:05.264+0000] {processor.py:830} INFO - Processing file /opt/airflow/dags/shopee_dag.py for tasks to queue
[2026-05-27T05:04:05.266+0000] {logging_mixin.py:188} INFO - [2026-05-27T05:04:05.266+0000] {dagbag.py:545} INFO - Filling up the DagBag from /opt/airflow/dags/shopee_dag.py
[2026-05-27T05:04:05.359+0000] {processor.py:840} INFO - DAG(s) 'shopee_pipeline' retrieved from /opt/airflow/dags/shopee_dag.py
[2026-05-27T05:04:05.398+0000] {logging_mixin.py:188} INFO - [2026-05-27T05:04:05.398+0000] {dag.py:3096} INFO - Sync 1 DAGs
[2026-05-27T05:04:05.426+0000] {logging_mixin.py:188} INFO - [2026-05-27T05:04:05.425+0000] {dag.py:3954} INFO - Setting next_dagrun for shopee_pipeline to 2026-05-27 01:00:00+00:00, run_after=2026-05-28 01:00:00+00:00
[2026-05-27T05:04:05.451+0000] {processor.py:183} INFO - Processing /opt/airflow/dags/shopee_dag.py took 0.194 seconds
[2026-05-27T05:04:35.792+0000] {processor.py:161} INFO - Started process (PID=30009) to work on /opt/airflow/dags/shopee_dag.py
[2026-05-27T05:04:35.795+0000] {processor.py:830} INFO - Processing file /opt/airflow/dags/shopee_dag.py for tasks to queue
[2026-05-27T05:04:35.802+0000] {logging_mixin.py:188} INFO - [2026-05-27T05:04:35.801+0000] {dagbag.py:545} INFO - Filling up the DagBag from /opt/airflow/dags/shopee_dag.py
[2026-05-27T05:04:36.002+0000] {processor.py:840} INFO - DAG(s) 'shopee_pipeline' retrieved from /opt/airflow/dags/shopee_dag.py
[2026-05-27T05:04:36.072+0000] {logging_mixin.py:188} INFO - [2026-05-27T05:04:36.071+0000] {dag.py:3096} INFO - Sync 1 DAGs
[2026-05-27T05:04:36.172+0000] {logging_mixin.py:188} INFO - [2026-05-27T05:04:36.170+0000] {dag.py:3954} INFO - Setting next_dagrun for shopee_pipeline to 2026-05-27 01:00:00+00:00, run_after=2026-05-28 01:00:00+00:00
[2026-05-27T05:04:36.279+0000] {processor.py:183} INFO - Processing /opt/airflow/dags/shopee_dag.py took 0.512 seconds
[2026-05-27T05:05:06.599+0000] {processor.py:161} INFO - Started process (PID=30021) to work on /opt/airflow/dags/shopee_dag.py
[2026-05-27T05:05:06.611+0000] {processor.py:830} INFO - Processing file /opt/airflow/dags/shopee_dag.py for tasks to queue
[2026-05-27T05:05:06.614+0000] {logging_mixin.py:188} INFO - [2026-05-27T05:05:06.613+0000] {dagbag.py:545} INFO - Filling up the DagBag from /opt/airflow/dags/shopee_dag.py
[2026-05-27T05:05:06.777+0000] {processor.py:840} INFO - DAG(s) 'shopee_pipeline' retrieved from /opt/airflow/dags/shopee_dag.py
[2026-05-27T05:05:06.845+0000] {logging_mixin.py:188} INFO - [2026-05-27T05:05:06.845+0000] {dag.py:3096} INFO - Sync 1 DAGs
[2026-05-27T05:05:06.875+0000] {logging_mixin.py:188} INFO - [2026-05-27T05:05:06.874+0000] {dag.py:3954} INFO - Setting next_dagrun for shopee_pipeline to 2026-05-27 01:00:00+00:00, run_after=2026-05-28 01:00:00+00:00
[2026-05-27T05:05:06.949+0000] {processor.py:183} INFO - Processing /opt/airflow/dags/shopee_dag.py took 0.356 seconds
[2026-05-27T05:05:37.096+0000] {processor.py:161} INFO - Started process (PID=30147) to work on /opt/airflow/dags/shopee_dag.py
[2026-05-27T05:05:37.097+0000] {processor.py:830} INFO - Processing file /opt/airflow/dags/shopee_dag.py for tasks to queue
[2026-05-27T05:05:37.099+0000] {logging_mixin.py:188} INFO - [2026-05-27T05:05:37.098+0000] {dagbag.py:545} INFO - Filling up the DagBag from /opt/airflow/dags/shopee_dag.py
[2026-05-27T05:05:37.222+0000] {processor.py:840} INFO - DAG(s) 'shopee_pipeline' retrieved from /opt/airflow/dags/shopee_dag.py
[2026-05-27T05:05:37.269+0000] {logging_mixin.py:188} INFO - [2026-05-27T05:05:37.268+0000] {dag.py:3096} INFO - Sync 1 DAGs
[2026-05-27T05:05:37.297+0000] {logging_mixin.py:188} INFO - [2026-05-27T05:05:37.297+0000] {dag.py:3954} INFO - Setting next_dagrun for shopee_pipeline to 2026-05-27 01:00:00+00:00, run_after=2026-05-28 01:00:00+00:00
[2026-05-27T05:05:37.469+0000] {processor.py:183} INFO - Processing /opt/airflow/dags/shopee_dag.py took 0.379 seconds
[2026-05-27T05:06:07.822+0000] {processor.py:161} INFO - Started process (PID=30263) to work on /opt/airflow/dags/shopee_dag.py
[2026-05-27T05:06:07.824+0000] {processor.py:830} INFO - Processing file /opt/airflow/dags/shopee_dag.py for tasks to queue
[2026-05-27T05:06:07.830+0000] {logging_mixin.py:188} INFO - [2026-05-27T05:06:07.828+0000] {dagbag.py:545} INFO - Filling up the DagBag from /opt/airflow/dags/shopee_dag.py
[2026-05-27T05:06:08.362+0000] {processor.py:840} INFO - DAG(s) 'shopee_pipeline' retrieved from /opt/airflow/dags/shopee_dag.py
[2026-05-27T05:06:08.433+0000] {logging_mixin.py:188} INFO - [2026-05-27T05:06:08.433+0000] {dag.py:3096} INFO - Sync 1 DAGs
[2026-05-27T05:06:08.480+0000] {logging_mixin.py:188} INFO - [2026-05-27T05:06:08.480+0000] {dag.py:3954} INFO - Setting next_dagrun for shopee_pipeline to 2026-05-27 01:00:00+00:00, run_after=2026-05-28 01:00:00+00:00
[2026-05-27T05:06:08.513+0000] {processor.py:183} INFO - Processing /opt/airflow/dags/shopee_dag.py took 0.712 seconds
[2026-05-27T05:06:39.309+0000] {processor.py:161} INFO - Started process (PID=30286) to work on /opt/airflow/dags/shopee_dag.py
[2026-05-27T05:06:39.310+0000] {processor.py:830} INFO - Processing file /opt/airflow/dags/shopee_dag.py for tasks to queue
[2026-05-27T05:06:39.311+0000] {logging_mixin.py:188} INFO - [2026-05-27T05:06:39.311+0000] {dagbag.py:545} INFO - Filling up the DagBag from /opt/airflow/dags/shopee_dag.py
[2026-05-27T05:06:39.446+0000] {processor.py:840} INFO - DAG(s) 'shopee_pipeline' retrieved from /opt/airflow/dags/shopee_dag.py
[2026-05-27T05:06:39.527+0000] {logging_mixin.py:188} INFO - [2026-05-27T05:06:39.527+0000] {dag.py:3096} INFO - Sync 1 DAGs
[2026-05-27T05:06:39.626+0000] {logging_mixin.py:188} INFO - [2026-05-27T05:06:39.625+0000] {dag.py:3954} INFO - Setting next_dagrun for shopee_pipeline to 2026-05-27 01:00:00+00:00, run_after=2026-05-28 01:00:00+00:00
[2026-05-27T05:06:40.531+0000] {processor.py:183} INFO - Processing /opt/airflow/dags/shopee_dag.py took 1.229 seconds
[2026-05-27T05:07:10.997+0000] {processor.py:161} INFO - Started process (PID=30382) to work on /opt/airflow/dags/shopee_dag.py
[2026-05-27T05:07:11.002+0000] {processor.py:830} INFO - Processing file /opt/airflow/dags/shopee_dag.py for tasks to queue
[2026-05-27T05:07:11.012+0000] {logging_mixin.py:188} INFO - [2026-05-27T05:07:11.011+0000] {dagbag.py:545} INFO - Filling up the DagBag from /opt/airflow/dags/shopee_dag.py
[2026-05-27T05:07:11.391+0000] {processor.py:840} INFO - DAG(s) 'shopee_pipeline' retrieved from /opt/airflow/dags/shopee_dag.py
[2026-05-27T05:07:11.495+0000] {logging_mixin.py:188} INFO - [2026-05-27T05:07:11.495+0000] {dag.py:3096} INFO - Sync 1 DAGs
[2026-05-27T05:07:11.565+0000] {logging_mixin.py:188} INFO - [2026-05-27T05:07:11.564+0000] {dag.py:3954} INFO - Setting next_dagrun for shopee_pipeline to 2026-05-27 01:00:00+00:00, run_after=2026-05-28 01:00:00+00:00
[2026-05-27T05:07:11.616+0000] {processor.py:183} INFO - Processing /opt/airflow/dags/shopee_dag.py took 0.648 seconds
[2026-05-27T05:07:41.951+0000] {processor.py:161} INFO - Started process (PID=30394) to work on /opt/airflow/dags/shopee_dag.py
[2026-05-27T05:07:41.952+0000] {processor.py:830} INFO - Processing file /opt/airflow/dags/shopee_dag.py for tasks to queue
[2026-05-27T05:07:41.954+0000] {logging_mixin.py:188} INFO - [2026-05-27T05:07:41.954+0000] {dagbag.py:545} INFO - Filling up the DagBag from /opt/airflow/dags/shopee_dag.py
[2026-05-27T05:07:42.074+0000] {processor.py:840} INFO - DAG(s) 'shopee_pipeline' retrieved from /opt/airflow/dags/shopee_dag.py
[2026-05-27T05:07:42.112+0000] {logging_mixin.py:188} INFO - [2026-05-27T05:07:42.111+0000] {dag.py:3096} INFO - Sync 1 DAGs
[2026-05-27T05:07:42.268+0000] {logging_mixin.py:188} INFO - [2026-05-27T05:07:42.268+0000] {dag.py:3954} INFO - Setting next_dagrun for shopee_pipeline to 2026-05-27 01:00:00+00:00, run_after=2026-05-28 01:00:00+00:00
[2026-05-27T05:07:42.304+0000] {processor.py:183} INFO - Processing /opt/airflow/dags/shopee_dag.py took 0.362 seconds
[2026-05-27T05:08:13.006+0000] {processor.py:161} INFO - Started process (PID=30517) to work on /opt/airflow/dags/shopee_dag.py
[2026-05-27T05:08:13.008+0000] {processor.py:830} INFO - Processing file /opt/airflow/dags/shopee_dag.py for tasks to queue
[2026-05-27T05:08:13.010+0000] {logging_mixin.py:188} INFO - [2026-05-27T05:08:13.010+0000] {dagbag.py:545} INFO - Filling up the DagBag from /opt/airflow/dags/shopee_dag.py
[2026-05-27T05:08:13.136+0000] {processor.py:840} INFO - DAG(s) 'shopee_pipeline' retrieved from /opt/airflow/dags/shopee_dag.py
[2026-05-27T05:08:13.180+0000] {logging_mixin.py:188} INFO - [2026-05-27T05:08:13.179+0000] {dag.py:3096} INFO - Sync 1 DAGs
[2026-05-27T05:08:13.213+0000] {logging_mixin.py:188} INFO - [2026-05-27T05:08:13.212+0000] {dag.py:3954} INFO - Setting next_dagrun for shopee_pipeline to 2026-05-27 01:00:00+00:00, run_after=2026-05-28 01:00:00+00:00
[2026-05-27T05:08:13.248+0000] {processor.py:183} INFO - Processing /opt/airflow/dags/shopee_dag.py took 0.251 seconds
[2026-05-27T05:08:43.529+0000] {processor.py:161} INFO - Started process (PID=30639) to work on /opt/airflow/dags/shopee_dag.py
[2026-05-27T05:08:43.531+0000] {processor.py:830} INFO - Processing file /opt/airflow/dags/shopee_dag.py for tasks to queue
[2026-05-27T05:08:43.534+0000] {logging_mixin.py:188} INFO - [2026-05-27T05:08:43.533+0000] {dagbag.py:545} INFO - Filling up the DagBag from /opt/airflow/dags/shopee_dag.py
[2026-05-27T05:08:43.642+0000] {processor.py:840} INFO - DAG(s) 'shopee_pipeline' retrieved from /opt/airflow/dags/shopee_dag.py
[2026-05-27T05:08:43.814+0000] {logging_mixin.py:188} INFO - [2026-05-27T05:08:43.814+0000] {dag.py:3096} INFO - Sync 1 DAGs
[2026-05-27T05:08:43.839+0000] {logging_mixin.py:188} INFO - [2026-05-27T05:08:43.839+0000] {dag.py:3954} INFO - Setting next_dagrun for shopee_pipeline to 2026-05-27 01:00:00+00:00, run_after=2026-05-28 01:00:00+00:00
[2026-05-27T05:08:43.874+0000] {processor.py:183} INFO - Processing /opt/airflow/dags/shopee_dag.py took 0.353 seconds
[2026-05-27T05:09:14.168+0000] {processor.py:161} INFO - Started process (PID=30741) to work on /opt/airflow/dags/shopee_dag.py
[2026-05-27T05:09:14.171+0000] {processor.py:830} INFO - Processing file /opt/airflow/dags/shopee_dag.py for tasks to queue
[2026-05-27T05:09:14.176+0000] {logging_mixin.py:188} INFO - [2026-05-27T05:09:14.175+0000] {dagbag.py:545} INFO - Filling up the DagBag from /opt/airflow/dags/shopee_dag.py
[2026-05-27T05:09:14.431+0000] {processor.py:840} INFO - DAG(s) 'shopee_pipeline' retrieved from /opt/airflow/dags/shopee_dag.py
[2026-05-27T05:09:14.509+0000] {logging_mixin.py:188} INFO - [2026-05-27T05:09:14.508+0000] {dag.py:3096} INFO - Sync 1 DAGs
[2026-05-27T05:09:15.135+0000] {logging_mixin.py:188} INFO - [2026-05-27T05:09:15.134+0000] {dag.py:3954} INFO - Setting next_dagrun for shopee_pipeline to 2026-05-27 01:00:00+00:00, run_after=2026-05-28 01:00:00+00:00
[2026-05-27T05:09:15.203+0000] {processor.py:183} INFO - Processing /opt/airflow/dags/shopee_dag.py took 1.046 seconds
[2026-05-27T05:09:45.532+0000] {processor.py:161} INFO - Started process (PID=30754) to work on /opt/airflow/dags/shopee_dag.py
[2026-05-27T05:09:45.533+0000] {processor.py:830} INFO - Processing file /opt/airflow/dags/shopee_dag.py for tasks to queue
[2026-05-27T05:09:45.534+0000] {logging_mixin.py:188} INFO - [2026-05-27T05:09:45.534+0000] {dagbag.py:545} INFO - Filling up the DagBag from /opt/airflow/dags/shopee_dag.py
[2026-05-27T05:09:45.631+0000] {processor.py:840} INFO - DAG(s) 'shopee_pipeline' retrieved from /opt/airflow/dags/shopee_dag.py
[2026-05-27T05:09:45.811+0000] {logging_mixin.py:188} INFO - [2026-05-27T05:09:45.810+0000] {dag.py:3096} INFO - Sync 1 DAGs
[2026-05-27T05:09:45.836+0000] {logging_mixin.py:188} INFO - [2026-05-27T05:09:45.836+0000] {dag.py:3954} INFO - Setting next_dagrun for shopee_pipeline to 2026-05-27 01:00:00+00:00, run_after=2026-05-28 01:00:00+00:00
[2026-05-27T05:09:45.859+0000] {processor.py:183} INFO - Processing /opt/airflow/dags/shopee_dag.py took 0.333 seconds
[2026-05-27T05:10:16.197+0000] {processor.py:161} INFO - Started process (PID=30877) to work on /opt/airflow/dags/shopee_dag.py
[2026-05-27T05:10:16.198+0000] {processor.py:830} INFO - Processing file /opt/airflow/dags/shopee_dag.py for tasks to queue
[2026-05-27T05:10:16.199+0000] {logging_mixin.py:188} INFO - [2026-05-27T05:10:16.199+0000] {dagbag.py:545} INFO - Filling up the DagBag from /opt/airflow/dags/shopee_dag.py
[2026-05-27T05:10:16.305+0000] {processor.py:840} INFO - DAG(s) 'shopee_pipeline' retrieved from /opt/airflow/dags/shopee_dag.py
[2026-05-27T05:10:16.337+0000] {logging_mixin.py:188} INFO - [2026-05-27T05:10:16.337+0000] {dag.py:3096} INFO - Sync 1 DAGs
[2026-05-27T05:10:16.480+0000] {logging_mixin.py:188} INFO - [2026-05-27T05:10:16.480+0000] {dag.py:3954} INFO - Setting next_dagrun for shopee_pipeline to 2026-05-27 01:00:00+00:00, run_after=2026-05-28 01:00:00+00:00
[2026-05-27T05:10:16.512+0000] {processor.py:183} INFO - Processing /opt/airflow/dags/shopee_dag.py took 0.322 seconds
[2026-05-27T05:10:47.030+0000] {processor.py:161} INFO - Started process (PID=31006) to work on /opt/airflow/dags/shopee_dag.py
[2026-05-27T05:10:47.030+0000] {processor.py:830} INFO - Processing file /opt/airflow/dags/shopee_dag.py for tasks to queue
[2026-05-27T05:10:47.033+0000] {logging_mixin.py:188} INFO - [2026-05-27T05:10:47.032+0000] {dagbag.py:545} INFO - Filling up the DagBag from /opt/airflow/dags/shopee_dag.py
[2026-05-27T05:10:47.130+0000] {processor.py:840} INFO - DAG(s) 'shopee_pipeline' retrieved from /opt/airflow/dags/shopee_dag.py
[2026-05-27T05:10:47.166+0000] {logging_mixin.py:188} INFO - [2026-05-27T05:10:47.166+0000] {dag.py:3096} INFO - Sync 1 DAGs
[2026-05-27T05:10:47.189+0000] {logging_mixin.py:188} INFO - [2026-05-27T05:10:47.188+0000] {dag.py:3954} INFO - Setting next_dagrun for shopee_pipeline to 2026-05-27 01:00:00+00:00, run_after=2026-05-28 01:00:00+00:00
[2026-05-27T05:10:47.333+0000] {processor.py:183} INFO - Processing /opt/airflow/dags/shopee_dag.py took 0.309 seconds
[2026-05-27T05:11:17.677+0000] {processor.py:161} INFO - Started process (PID=31093) to work on /opt/airflow/dags/shopee_dag.py
[2026-05-27T05:11:17.678+0000] {processor.py:830} INFO - Processing file /opt/airflow/dags/shopee_dag.py for tasks to queue
[2026-05-27T05:11:17.680+0000] {logging_mixin.py:188} INFO - [2026-05-27T05:11:17.680+0000] {dagbag.py:545} INFO - Filling up the DagBag from /opt/airflow/dags/shopee_dag.py
[2026-05-27T05:11:17.774+0000] {processor.py:840} INFO - DAG(s) 'shopee_pipeline' retrieved from /opt/airflow/dags/shopee_dag.py
[2026-05-27T05:11:17.938+0000] {logging_mixin.py:188} INFO - [2026-05-27T05:11:17.937+0000] {dag.py:3096} INFO - Sync 1 DAGs
[2026-05-27T05:11:17.961+0000] {logging_mixin.py:188} INFO - [2026-05-27T05:11:17.961+0000] {dag.py:3954} INFO - Setting next_dagrun for shopee_pipeline to 2026-05-27 01:00:00+00:00, run_after=2026-05-28 01:00:00+00:00
[2026-05-27T05:11:17.981+0000] {processor.py:183} INFO - Processing /opt/airflow/dags/shopee_dag.py took 0.313 seconds
[2026-05-27T05:11:48.158+0000] {processor.py:161} INFO - Started process (PID=31135) to work on /opt/airflow/dags/shopee_dag.py
[2026-05-27T05:11:48.159+0000] {processor.py:830} INFO - Processing file /opt/airflow/dags/shopee_dag.py for tasks to queue
[2026-05-27T05:11:48.161+0000] {logging_mixin.py:188} INFO - [2026-05-27T05:11:48.160+0000] {dagbag.py:545} INFO - Filling up the DagBag from /opt/airflow/dags/shopee_dag.py
[2026-05-27T05:11:48.258+0000] {processor.py:840} INFO - DAG(s) 'shopee_pipeline' retrieved from /opt/airflow/dags/shopee_dag.py
[2026-05-27T05:11:48.288+0000] {logging_mixin.py:188} INFO - [2026-05-27T05:11:48.287+0000] {dag.py:3096} INFO - Sync 1 DAGs
[2026-05-27T05:11:48.311+0000] {logging_mixin.py:188} INFO - [2026-05-27T05:11:48.311+0000] {dag.py:3954} INFO - Setting next_dagrun for shopee_pipeline to 2026-05-27 01:00:00+00:00, run_after=2026-05-28 01:00:00+00:00
[2026-05-27T05:11:48.437+0000] {processor.py:183} INFO - Processing /opt/airflow/dags/shopee_dag.py took 0.286 seconds
[2026-05-27T05:12:18.519+0000] {processor.py:161} INFO - Started process (PID=31261) to work on /opt/airflow/dags/shopee_dag.py
[2026-05-27T05:12:18.520+0000] {processor.py:830} INFO - Processing file /opt/airflow/dags/shopee_dag.py for tasks to queue
[2026-05-27T05:12:18.522+0000] {logging_mixin.py:188} INFO - [2026-05-27T05:12:18.522+0000] {dagbag.py:545} INFO - Filling up the DagBag from /opt/airflow/dags/shopee_dag.py
[2026-05-27T05:12:18.622+0000] {processor.py:840} INFO - DAG(s) 'shopee_pipeline' retrieved from /opt/airflow/dags/shopee_dag.py
[2026-05-27T05:12:18.764+0000] {logging_mixin.py:188} INFO - [2026-05-27T05:12:18.764+0000] {dag.py:3096} INFO - Sync 1 DAGs
[2026-05-27T05:12:18.791+0000] {logging_mixin.py:188} INFO - [2026-05-27T05:12:18.791+0000] {dag.py:3954} INFO - Setting next_dagrun for shopee_pipeline to 2026-05-27 01:00:00+00:00, run_after=2026-05-28 01:00:00+00:00
[2026-05-27T05:12:18.811+0000] {processor.py:183} INFO - Processing /opt/airflow/dags/shopee_dag.py took 0.298 seconds
[2026-05-27T05:12:49.057+0000] {processor.py:161} INFO - Started process (PID=31357) to work on /opt/airflow/dags/shopee_dag.py
[2026-05-27T05:12:49.058+0000] {processor.py:830} INFO - Processing file /opt/airflow/dags/shopee_dag.py for tasks to queue
[2026-05-27T05:12:49.060+0000] {logging_mixin.py:188} INFO - [2026-05-27T05:12:49.060+0000] {dagbag.py:545} INFO - Filling up the DagBag from /opt/airflow/dags/shopee_dag.py
[2026-05-27T05:12:49.186+0000] {processor.py:840} INFO - DAG(s) 'shopee_pipeline' retrieved from /opt/airflow/dags/shopee_dag.py
[2026-05-27T05:12:49.230+0000] {logging_mixin.py:188} INFO - [2026-05-27T05:12:49.230+0000] {dag.py:3096} INFO - Sync 1 DAGs
[2026-05-27T05:12:49.397+0000] {logging_mixin.py:188} INFO - [2026-05-27T05:12:49.397+0000] {dag.py:3954} INFO - Setting next_dagrun for shopee_pipeline to 2026-05-27 01:00:00+00:00, run_after=2026-05-28 01:00:00+00:00
[2026-05-27T05:12:49.428+0000] {processor.py:183} INFO - Processing /opt/airflow/dags/shopee_dag.py took 0.380 seconds
[2026-05-27T05:13:19.842+0000] {processor.py:161} INFO - Started process (PID=31391) to work on /opt/airflow/dags/shopee_dag.py
[2026-05-27T05:13:19.843+0000] {processor.py:830} INFO - Processing file /opt/airflow/dags/shopee_dag.py for tasks to queue
[2026-05-27T05:13:19.845+0000] {logging_mixin.py:188} INFO - [2026-05-27T05:13:19.844+0000] {dagbag.py:545} INFO - Filling up the DagBag from /opt/airflow/dags/shopee_dag.py
[2026-05-27T05:13:19.947+0000] {processor.py:840} INFO - DAG(s) 'shopee_pipeline' retrieved from /opt/airflow/dags/shopee_dag.py
[2026-05-27T05:13:20.081+0000] {logging_mixin.py:188} INFO - [2026-05-27T05:13:20.081+0000] {dag.py:3096} INFO - Sync 1 DAGs
[2026-05-27T05:13:20.105+0000] {logging_mixin.py:188} INFO - [2026-05-27T05:13:20.105+0000] {dag.py:3954} INFO - Setting next_dagrun for shopee_pipeline to 2026-05-27 01:00:00+00:00, run_after=2026-05-28 01:00:00+00:00
[2026-05-27T05:13:20.123+0000] {processor.py:183} INFO - Processing /opt/airflow/dags/shopee_dag.py took 0.287 seconds
[2026-05-27T05:13:50.356+0000] {processor.py:161} INFO - Started process (PID=31511) to work on /opt/airflow/dags/shopee_dag.py
[2026-05-27T05:13:50.358+0000] {processor.py:830} INFO - Processing file /opt/airflow/dags/shopee_dag.py for tasks to queue
[2026-05-27T05:13:50.360+0000] {logging_mixin.py:188} INFO - [2026-05-27T05:13:50.360+0000] {dagbag.py:545} INFO - Filling up the DagBag from /opt/airflow/dags/shopee_dag.py
[2026-05-27T05:13:50.580+0000] {processor.py:840} INFO - DAG(s) 'shopee_pipeline' retrieved from /opt/airflow/dags/shopee_dag.py
[2026-05-27T05:13:50.608+0000] {logging_mixin.py:188} INFO - [2026-05-27T05:13:50.608+0000] {dag.py:3096} INFO - Sync 1 DAGs
[2026-05-27T05:13:50.632+0000] {logging_mixin.py:188} INFO - [2026-05-27T05:13:50.632+0000] {dag.py:3954} INFO - Setting next_dagrun for shopee_pipeline to 2026-05-27 01:00:00+00:00, run_after=2026-05-28 01:00:00+00:00
[2026-05-27T05:13:50.652+0000] {processor.py:183} INFO - Processing /opt/airflow/dags/shopee_dag.py took 0.302 seconds
[2026-05-27T05:14:21.210+0000] {processor.py:161} INFO - Started process (PID=31630) to work on /opt/airflow/dags/shopee_dag.py
[2026-05-27T05:14:21.211+0000] {processor.py:830} INFO - Processing file /opt/airflow/dags/shopee_dag.py for tasks to queue
[2026-05-27T05:14:21.212+0000] {logging_mixin.py:188} INFO - [2026-05-27T05:14:21.212+0000] {dagbag.py:545} INFO - Filling up the DagBag from /opt/airflow/dags/shopee_dag.py
[2026-05-27T05:14:21.466+0000] {processor.py:840} INFO - DAG(s) 'shopee_pipeline' retrieved from /opt/airflow/dags/shopee_dag.py
[2026-05-27T05:14:21.496+0000] {logging_mixin.py:188} INFO - [2026-05-27T05:14:21.496+0000] {dag.py:3096} INFO - Sync 1 DAGs
[2026-05-27T05:14:21.518+0000] {logging_mixin.py:188} INFO - [2026-05-27T05:14:21.518+0000] {dag.py:3954} INFO - Setting next_dagrun for shopee_pipeline to 2026-05-27 01:00:00+00:00, run_after=2026-05-28 01:00:00+00:00
[2026-05-27T05:14:21.556+0000] {processor.py:183} INFO - Processing /opt/airflow/dags/shopee_dag.py took 0.352 seconds
[2026-05-27T05:14:51.913+0000] {processor.py:161} INFO - Started process (PID=31718) to work on /opt/airflow/dags/shopee_dag.py
[2026-05-27T05:14:51.914+0000] {processor.py:830} INFO - Processing file /opt/airflow/dags/shopee_dag.py for tasks to queue
[2026-05-27T05:14:51.916+0000] {logging_mixin.py:188} INFO - [2026-05-27T05:14:51.915+0000] {dagbag.py:545} INFO - Filling up the DagBag from /opt/airflow/dags/shopee_dag.py
[2026-05-27T05:14:52.173+0000] {processor.py:840} INFO - DAG(s) 'shopee_pipeline' retrieved from /opt/airflow/dags/shopee_dag.py
[2026-05-27T05:14:52.216+0000] {logging_mixin.py:188} INFO - [2026-05-27T05:14:52.216+0000] {dag.py:3096} INFO - Sync 1 DAGs
[2026-05-27T05:14:52.253+0000] {logging_mixin.py:188} INFO - [2026-05-27T05:14:52.253+0000] {dag.py:3954} INFO - Setting next_dagrun for shopee_pipeline to 2026-05-27 01:00:00+00:00, run_after=2026-05-28 01:00:00+00:00
[2026-05-27T05:14:52.278+0000] {processor.py:183} INFO - Processing /opt/airflow/dags/shopee_dag.py took 0.372 seconds
[2026-05-27T05:15:22.763+0000] {processor.py:161} INFO - Started process (PID=31777) to work on /opt/airflow/dags/shopee_dag.py
[2026-05-27T05:15:22.764+0000] {processor.py:830} INFO - Processing file /opt/airflow/dags/shopee_dag.py for tasks to queue
[2026-05-27T05:15:22.766+0000] {logging_mixin.py:188} INFO - [2026-05-27T05:15:22.766+0000] {dagbag.py:545} INFO - Filling up the DagBag from /opt/airflow/dags/shopee_dag.py
[2026-05-27T05:15:22.996+0000] {processor.py:840} INFO - DAG(s) 'shopee_pipeline' retrieved from /opt/airflow/dags/shopee_dag.py
[2026-05-27T05:15:23.033+0000] {logging_mixin.py:188} INFO - [2026-05-27T05:15:23.033+0000] {dag.py:3096} INFO - Sync 1 DAGs
[2026-05-27T05:15:23.060+0000] {logging_mixin.py:188} INFO - [2026-05-27T05:15:23.060+0000] {dag.py:3954} INFO - Setting next_dagrun for shopee_pipeline to 2026-05-27 01:00:00+00:00, run_after=2026-05-28 01:00:00+00:00
[2026-05-27T05:15:23.099+0000] {processor.py:183} INFO - Processing /opt/airflow/dags/shopee_dag.py took 0.347 seconds
[2026-05-27T05:15:53.467+0000] {processor.py:161} INFO - Started process (PID=31864) to work on /opt/airflow/dags/shopee_dag.py
[2026-05-27T05:15:53.468+0000] {processor.py:830} INFO - Processing file /opt/airflow/dags/shopee_dag.py for tasks to queue
[2026-05-27T05:15:53.471+0000] {logging_mixin.py:188} INFO - [2026-05-27T05:15:53.471+0000] {dagbag.py:545} INFO - Filling up the DagBag from /opt/airflow/dags/shopee_dag.py
[2026-05-27T05:15:53.705+0000] {processor.py:840} INFO - DAG(s) 'shopee_pipeline' retrieved from /opt/airflow/dags/shopee_dag.py
[2026-05-27T05:15:53.743+0000] {logging_mixin.py:188} INFO - [2026-05-27T05:15:53.742+0000] {dag.py:3096} INFO - Sync 1 DAGs
[2026-05-27T05:15:53.766+0000] {logging_mixin.py:188} INFO - [2026-05-27T05:15:53.766+0000] {dag.py:3954} INFO - Setting next_dagrun for shopee_pipeline to 2026-05-27 01:00:00+00:00, run_after=2026-05-28 01:00:00+00:00
[2026-05-27T05:15:53.789+0000] {processor.py:183} INFO - Processing /opt/airflow/dags/shopee_dag.py took 0.331 seconds
[2026-05-27T05:16:24.148+0000] {processor.py:161} INFO - Started process (PID=31904) to work on /opt/airflow/dags/shopee_dag.py
[2026-05-27T05:16:24.149+0000] {processor.py:830} INFO - Processing file /opt/airflow/dags/shopee_dag.py for tasks to queue
[2026-05-27T05:16:24.151+0000] {logging_mixin.py:188} INFO - [2026-05-27T05:16:24.151+0000] {dagbag.py:545} INFO - Filling up the DagBag from /opt/airflow/dags/shopee_dag.py
[2026-05-27T05:16:24.382+0000] {processor.py:840} INFO - DAG(s) 'shopee_pipeline' retrieved from /opt/airflow/dags/shopee_dag.py
[2026-05-27T05:16:24.416+0000] {logging_mixin.py:188} INFO - [2026-05-27T05:16:24.416+0000] {dag.py:3096} INFO - Sync 1 DAGs
[2026-05-27T05:16:24.448+0000] {logging_mixin.py:188} INFO - [2026-05-27T05:16:24.447+0000] {dag.py:3954} INFO - Setting next_dagrun for shopee_pipeline to 2026-05-27 01:00:00+00:00, run_after=2026-05-28 01:00:00+00:00
[2026-05-27T05:16:24.475+0000] {processor.py:183} INFO - Processing /opt/airflow/dags/shopee_dag.py took 0.334 seconds
[2026-05-27T05:16:54.867+0000] {processor.py:161} INFO - Started process (PID=32022) to work on /opt/airflow/dags/shopee_dag.py
[2026-05-27T05:16:54.868+0000] {processor.py:830} INFO - Processing file /opt/airflow/dags/shopee_dag.py for tasks to queue
[2026-05-27T05:16:54.869+0000] {logging_mixin.py:188} INFO - [2026-05-27T05:16:54.869+0000] {dagbag.py:545} INFO - Filling up the DagBag from /opt/airflow/dags/shopee_dag.py
[2026-05-27T05:16:55.093+0000] {processor.py:840} INFO - DAG(s) 'shopee_pipeline' retrieved from /opt/airflow/dags/shopee_dag.py
[2026-05-27T05:16:55.124+0000] {logging_mixin.py:188} INFO - [2026-05-27T05:16:55.124+0000] {dag.py:3096} INFO - Sync 1 DAGs
[2026-05-27T05:16:55.147+0000] {logging_mixin.py:188} INFO - [2026-05-27T05:16:55.146+0000] {dag.py:3954} INFO - Setting next_dagrun for shopee_pipeline to 2026-05-27 01:00:00+00:00, run_after=2026-05-28 01:00:00+00:00
[2026-05-27T05:16:55.170+0000] {processor.py:183} INFO - Processing /opt/airflow/dags/shopee_dag.py took 0.309 seconds
[2026-05-27T05:17:25.475+0000] {processor.py:161} INFO - Started process (PID=32140) to work on /opt/airflow/dags/shopee_dag.py
[2026-05-27T05:17:25.477+0000] {processor.py:830} INFO - Processing file /opt/airflow/dags/shopee_dag.py for tasks to queue
[2026-05-27T05:17:25.480+0000] {logging_mixin.py:188} INFO - [2026-05-27T05:17:25.479+0000] {dagbag.py:545} INFO - Filling up the DagBag from /opt/airflow/dags/shopee_dag.py
[2026-05-27T05:17:25.772+0000] {processor.py:840} INFO - DAG(s) 'shopee_pipeline' retrieved from /opt/airflow/dags/shopee_dag.py
[2026-05-27T05:17:25.814+0000] {logging_mixin.py:188} INFO - [2026-05-27T05:17:25.814+0000] {dag.py:3096} INFO - Sync 1 DAGs
[2026-05-27T05:17:25.847+0000] {logging_mixin.py:188} INFO - [2026-05-27T05:17:25.846+0000] {dag.py:3954} INFO - Setting next_dagrun for shopee_pipeline to 2026-05-27 01:00:00+00:00, run_after=2026-05-28 01:00:00+00:00
[2026-05-27T05:17:25.890+0000] {processor.py:183} INFO - Processing /opt/airflow/dags/shopee_dag.py took 0.425 seconds
[2026-05-27T05:17:56.247+0000] {processor.py:161} INFO - Started process (PID=32155) to work on /opt/airflow/dags/shopee_dag.py
[2026-05-27T05:17:56.248+0000] {processor.py:830} INFO - Processing file /opt/airflow/dags/shopee_dag.py for tasks to queue
[2026-05-27T05:17:56.250+0000] {logging_mixin.py:188} INFO - [2026-05-27T05:17:56.250+0000] {dagbag.py:545} INFO - Filling up the DagBag from /opt/airflow/dags/shopee_dag.py
[2026-05-27T05:17:56.480+0000] {processor.py:840} INFO - DAG(s) 'shopee_pipeline' retrieved from /opt/airflow/dags/shopee_dag.py
[2026-05-27T05:17:56.509+0000] {logging_mixin.py:188} INFO - [2026-05-27T05:17:56.508+0000] {dag.py:3096} INFO - Sync 1 DAGs
[2026-05-27T05:17:56.539+0000] {logging_mixin.py:188} INFO - [2026-05-27T05:17:56.539+0000] {dag.py:3954} INFO - Setting next_dagrun for shopee_pipeline to 2026-05-27 01:00:00+00:00, run_after=2026-05-28 01:00:00+00:00
[2026-05-27T05:17:56.563+0000] {processor.py:183} INFO - Processing /opt/airflow/dags/shopee_dag.py took 0.324 seconds
[2026-05-27T05:18:27.023+0000] {processor.py:161} INFO - Started process (PID=32279) to work on /opt/airflow/dags/shopee_dag.py
[2026-05-27T05:18:27.024+0000] {processor.py:830} INFO - Processing file /opt/airflow/dags/shopee_dag.py for tasks to queue
[2026-05-27T05:18:27.026+0000] {logging_mixin.py:188} INFO - [2026-05-27T05:18:27.026+0000] {dagbag.py:545} INFO - Filling up the DagBag from /opt/airflow/dags/shopee_dag.py
[2026-05-27T05:18:27.152+0000] {processor.py:840} INFO - DAG(s) 'shopee_pipeline' retrieved from /opt/airflow/dags/shopee_dag.py
[2026-05-27T05:18:27.202+0000] {logging_mixin.py:188} INFO - [2026-05-27T05:18:27.201+0000] {dag.py:3096} INFO - Sync 1 DAGs
[2026-05-27T05:18:27.243+0000] {logging_mixin.py:188} INFO - [2026-05-27T05:18:27.243+0000] {dag.py:3954} INFO - Setting next_dagrun for shopee_pipeline to 2026-05-27 01:00:00+00:00, run_after=2026-05-28 01:00:00+00:00
[2026-05-27T05:18:27.270+0000] {processor.py:183} INFO - Processing /opt/airflow/dags/shopee_dag.py took 0.253 seconds
[2026-05-27T05:18:57.557+0000] {processor.py:161} INFO - Started process (PID=32292) to work on /opt/airflow/dags/shopee_dag.py
[2026-05-27T05:18:57.558+0000] {processor.py:830} INFO - Processing file /opt/airflow/dags/shopee_dag.py for tasks to queue
[2026-05-27T05:18:57.560+0000] {logging_mixin.py:188} INFO - [2026-05-27T05:18:57.559+0000] {dagbag.py:545} INFO - Filling up the DagBag from /opt/airflow/dags/shopee_dag.py
[2026-05-27T05:18:57.687+0000] {processor.py:840} INFO - DAG(s) 'shopee_pipeline' retrieved from /opt/airflow/dags/shopee_dag.py
[2026-05-27T05:18:57.733+0000] {logging_mixin.py:188} INFO - [2026-05-27T05:18:57.733+0000] {dag.py:3096} INFO - Sync 1 DAGs
[2026-05-27T05:18:57.773+0000] {logging_mixin.py:188} INFO - [2026-05-27T05:18:57.772+0000] {dag.py:3954} INFO - Setting next_dagrun for shopee_pipeline to 2026-05-27 01:00:00+00:00, run_after=2026-05-28 01:00:00+00:00
[2026-05-27T05:18:57.807+0000] {processor.py:183} INFO - Processing /opt/airflow/dags/shopee_dag.py took 0.259 seconds
[2026-05-27T05:19:28.181+0000] {processor.py:161} INFO - Started process (PID=32420) to work on /opt/airflow/dags/shopee_dag.py
[2026-05-27T05:19:28.184+0000] {processor.py:830} INFO - Processing file /opt/airflow/dags/shopee_dag.py for tasks to queue
[2026-05-27T05:19:28.188+0000] {logging_mixin.py:188} INFO - [2026-05-27T05:19:28.187+0000] {dagbag.py:545} INFO - Filling up the DagBag from /opt/airflow/dags/shopee_dag.py
[2026-05-27T05:19:28.359+0000] {processor.py:840} INFO - DAG(s) 'shopee_pipeline' retrieved from /opt/airflow/dags/shopee_dag.py
[2026-05-27T05:19:28.404+0000] {logging_mixin.py:188} INFO - [2026-05-27T05:19:28.403+0000] {dag.py:3096} INFO - Sync 1 DAGs
[2026-05-27T05:19:28.447+0000] {logging_mixin.py:188} INFO - [2026-05-27T05:19:28.447+0000] {dag.py:3954} INFO - Setting next_dagrun for shopee_pipeline to 2026-05-27 01:00:00+00:00, run_after=2026-05-28 01:00:00+00:00
[2026-05-27T05:19:28.483+0000] {processor.py:183} INFO - Processing /opt/airflow/dags/shopee_dag.py took 0.317 seconds
[2026-05-27T05:19:58.849+0000] {processor.py:161} INFO - Started process (PID=32433) to work on /opt/airflow/dags/shopee_dag.py
[2026-05-27T05:19:58.851+0000] {processor.py:830} INFO - Processing file /opt/airflow/dags/shopee_dag.py for tasks to queue
[2026-05-27T05:19:58.854+0000] {logging_mixin.py:188} INFO - [2026-05-27T05:19:58.853+0000] {dagbag.py:545} INFO - Filling up the DagBag from /opt/airflow/dags/shopee_dag.py
[2026-05-27T05:19:59.026+0000] {processor.py:840} INFO - DAG(s) 'shopee_pipeline' retrieved from /opt/airflow/dags/shopee_dag.py
[2026-05-27T05:19:59.073+0000] {logging_mixin.py:188} INFO - [2026-05-27T05:19:59.072+0000] {dag.py:3096} INFO - Sync 1 DAGs
[2026-05-27T05:19:59.109+0000] {logging_mixin.py:188} INFO - [2026-05-27T05:19:59.109+0000] {dag.py:3954} INFO - Setting next_dagrun for shopee_pipeline to 2026-05-27 01:00:00+00:00, run_after=2026-05-28 01:00:00+00:00
[2026-05-27T05:19:59.158+0000] {processor.py:183} INFO - Processing /opt/airflow/dags/shopee_dag.py took 0.318 seconds
[2026-05-27T05:20:29.550+0000] {processor.py:161} INFO - Started process (PID=32544) to work on /opt/airflow/dags/shopee_dag.py
[2026-05-27T05:20:29.551+0000] {processor.py:830} INFO - Processing file /opt/airflow/dags/shopee_dag.py for tasks to queue
[2026-05-27T05:20:29.553+0000] {logging_mixin.py:188} INFO - [2026-05-27T05:20:29.553+0000] {dagbag.py:545} INFO - Filling up the DagBag from /opt/airflow/dags/shopee_dag.py
[2026-05-27T05:20:29.678+0000] {processor.py:840} INFO - DAG(s) 'shopee_pipeline' retrieved from /opt/airflow/dags/shopee_dag.py
[2026-05-27T05:20:29.725+0000] {logging_mixin.py:188} INFO - [2026-05-27T05:20:29.725+0000] {dag.py:3096} INFO - Sync 1 DAGs
[2026-05-27T05:20:29.759+0000] {logging_mixin.py:188} INFO - [2026-05-27T05:20:29.758+0000] {dag.py:3954} INFO - Setting next_dagrun for shopee_pipeline to 2026-05-27 01:00:00+00:00, run_after=2026-05-28 01:00:00+00:00
[2026-05-27T05:20:29.791+0000] {processor.py:183} INFO - Processing /opt/airflow/dags/shopee_dag.py took 0.248 seconds
[2026-05-27T05:21:00.121+0000] {processor.py:161} INFO - Started process (PID=32670) to work on /opt/airflow/dags/shopee_dag.py
[2026-05-27T05:21:00.124+0000] {processor.py:830} INFO - Processing file /opt/airflow/dags/shopee_dag.py for tasks to queue
[2026-05-27T05:21:00.130+0000] {logging_mixin.py:188} INFO - [2026-05-27T05:21:00.129+0000] {dagbag.py:545} INFO - Filling up the DagBag from /opt/airflow/dags/shopee_dag.py
[2026-05-27T05:21:00.361+0000] {processor.py:840} INFO - DAG(s) 'shopee_pipeline' retrieved from /opt/airflow/dags/shopee_dag.py
[2026-05-27T05:21:00.502+0000] {logging_mixin.py:188} INFO - [2026-05-27T05:21:00.501+0000] {dag.py:3096} INFO - Sync 1 DAGs
[2026-05-27T05:21:00.579+0000] {logging_mixin.py:188} INFO - [2026-05-27T05:21:00.578+0000] {dag.py:3954} INFO - Setting next_dagrun for shopee_pipeline to 2026-05-27 01:00:00+00:00, run_after=2026-05-28 01:00:00+00:00
[2026-05-27T05:21:00.649+0000] {processor.py:183} INFO - Processing /opt/airflow/dags/shopee_dag.py took 0.540 seconds
[2026-05-27T05:21:31.000+0000] {processor.py:161} INFO - Started process (PID=32683) to work on /opt/airflow/dags/shopee_dag.py
[2026-05-27T05:21:31.002+0000] {processor.py:830} INFO - Processing file /opt/airflow/dags/shopee_dag.py for tasks to queue
[2026-05-27T05:21:31.004+0000] {logging_mixin.py:188} INFO - [2026-05-27T05:21:31.004+0000] {dagbag.py:545} INFO - Filling up the DagBag from /opt/airflow/dags/shopee_dag.py
[2026-05-27T05:21:31.116+0000] {processor.py:840} INFO - DAG(s) 'shopee_pipeline' retrieved from /opt/airflow/dags/shopee_dag.py
[2026-05-27T05:21:31.155+0000] {logging_mixin.py:188} INFO - [2026-05-27T05:21:31.154+0000] {dag.py:3096} INFO - Sync 1 DAGs
[2026-05-27T05:21:31.188+0000] {logging_mixin.py:188} INFO - [2026-05-27T05:21:31.187+0000] {dag.py:3954} INFO - Setting next_dagrun for shopee_pipeline to 2026-05-27 01:00:00+00:00, run_after=2026-05-28 01:00:00+00:00
[2026-05-27T05:21:31.226+0000] {processor.py:183} INFO - Processing /opt/airflow/dags/shopee_dag.py took 0.232 seconds
[2026-05-27T05:22:01.783+0000] {processor.py:161} INFO - Started process (PID=32790) to work on /opt/airflow/dags/shopee_dag.py
[2026-05-27T05:22:01.784+0000] {processor.py:830} INFO - Processing file /opt/airflow/dags/shopee_dag.py for tasks to queue
[2026-05-27T05:22:01.787+0000] {logging_mixin.py:188} INFO - [2026-05-27T05:22:01.786+0000] {dagbag.py:545} INFO - Filling up the DagBag from /opt/airflow/dags/shopee_dag.py
[2026-05-27T05:22:01.914+0000] {processor.py:840} INFO - DAG(s) 'shopee_pipeline' retrieved from /opt/airflow/dags/shopee_dag.py
[2026-05-27T05:22:01.956+0000] {logging_mixin.py:188} INFO - [2026-05-27T05:22:01.956+0000] {dag.py:3096} INFO - Sync 1 DAGs
[2026-05-27T05:22:02.003+0000] {logging_mixin.py:188} INFO - [2026-05-27T05:22:02.001+0000] {dag.py:3954} INFO - Setting next_dagrun for shopee_pipeline to 2026-05-27 01:00:00+00:00, run_after=2026-05-28 01:00:00+00:00
[2026-05-27T05:22:02.049+0000] {processor.py:183} INFO - Processing /opt/airflow/dags/shopee_dag.py took 0.271 seconds
[2026-05-27T05:22:32.347+0000] {processor.py:161} INFO - Started process (PID=32896) to work on /opt/airflow/dags/shopee_dag.py
[2026-05-27T05:22:32.349+0000] {processor.py:830} INFO - Processing file /opt/airflow/dags/shopee_dag.py for tasks to queue
[2026-05-27T05:22:32.352+0000] {logging_mixin.py:188} INFO - [2026-05-27T05:22:32.352+0000] {dagbag.py:545} INFO - Filling up the DagBag from /opt/airflow/dags/shopee_dag.py
[2026-05-27T05:22:32.596+0000] {processor.py:840} INFO - DAG(s) 'shopee_pipeline' retrieved from /opt/airflow/dags/shopee_dag.py
[2026-05-27T05:22:32.680+0000] {logging_mixin.py:188} INFO - [2026-05-27T05:22:32.680+0000] {dag.py:3096} INFO - Sync 1 DAGs
[2026-05-27T05:22:32.733+0000] {logging_mixin.py:188} INFO - [2026-05-27T05:22:32.732+0000] {dag.py:3954} INFO - Setting next_dagrun for shopee_pipeline to 2026-05-27 01:00:00+00:00, run_after=2026-05-28 01:00:00+00:00
[2026-05-27T05:22:32.780+0000] {processor.py:183} INFO - Processing /opt/airflow/dags/shopee_dag.py took 0.448 seconds
[2026-05-27T05:23:03.277+0000] {processor.py:161} INFO - Started process (PID=32923) to work on /opt/airflow/dags/shopee_dag.py
[2026-05-27T05:23:03.278+0000] {processor.py:830} INFO - Processing file /opt/airflow/dags/shopee_dag.py for tasks to queue
[2026-05-27T05:23:03.280+0000] {logging_mixin.py:188} INFO - [2026-05-27T05:23:03.280+0000] {dagbag.py:545} INFO - Filling up the DagBag from /opt/airflow/dags/shopee_dag.py
[2026-05-27T05:23:03.411+0000] {processor.py:840} INFO - DAG(s) 'shopee_pipeline' retrieved from /opt/airflow/dags/shopee_dag.py
[2026-05-27T05:23:03.449+0000] {logging_mixin.py:188} INFO - [2026-05-27T05:23:03.449+0000] {dag.py:3096} INFO - Sync 1 DAGs
[2026-05-27T05:23:03.476+0000] {logging_mixin.py:188} INFO - [2026-05-27T05:23:03.476+0000] {dag.py:3954} INFO - Setting next_dagrun for shopee_pipeline to 2026-05-27 01:00:00+00:00, run_after=2026-05-28 01:00:00+00:00
[2026-05-27T05:23:03.498+0000] {processor.py:183} INFO - Processing /opt/airflow/dags/shopee_dag.py took 0.229 seconds
[2026-05-27T05:23:33.682+0000] {processor.py:161} INFO - Started process (PID=33045) to work on /opt/airflow/dags/shopee_dag.py
[2026-05-27T05:23:33.683+0000] {processor.py:830} INFO - Processing file /opt/airflow/dags/shopee_dag.py for tasks to queue
[2026-05-27T05:23:33.685+0000] {logging_mixin.py:188} INFO - [2026-05-27T05:23:33.685+0000] {dagbag.py:545} INFO - Filling up the DagBag from /opt/airflow/dags/shopee_dag.py
[2026-05-27T05:23:33.794+0000] {processor.py:840} INFO - DAG(s) 'shopee_pipeline' retrieved from /opt/airflow/dags/shopee_dag.py
[2026-05-27T05:23:33.833+0000] {logging_mixin.py:188} INFO - [2026-05-27T05:23:33.833+0000] {dag.py:3096} INFO - Sync 1 DAGs
[2026-05-27T05:23:33.865+0000] {logging_mixin.py:188} INFO - [2026-05-27T05:23:33.865+0000] {dag.py:3954} INFO - Setting next_dagrun for shopee_pipeline to 2026-05-27 01:00:00+00:00, run_after=2026-05-28 01:00:00+00:00
[2026-05-27T05:23:33.889+0000] {processor.py:183} INFO - Processing /opt/airflow/dags/shopee_dag.py took 0.213 seconds
[2026-05-27T05:24:04.225+0000] {processor.py:161} INFO - Started process (PID=33160) to work on /opt/airflow/dags/shopee_dag.py
[2026-05-27T05:24:04.226+0000] {processor.py:830} INFO - Processing file /opt/airflow/dags/shopee_dag.py for tasks to queue
[2026-05-27T05:24:04.228+0000] {logging_mixin.py:188} INFO - [2026-05-27T05:24:04.228+0000] {dagbag.py:545} INFO - Filling up the DagBag from /opt/airflow/dags/shopee_dag.py
[2026-05-27T05:24:04.438+0000] {processor.py:840} INFO - DAG(s) 'shopee_pipeline' retrieved from /opt/airflow/dags/shopee_dag.py
[2026-05-27T05:24:04.488+0000] {logging_mixin.py:188} INFO - [2026-05-27T05:24:04.487+0000] {dag.py:3096} INFO - Sync 1 DAGs
[2026-05-27T05:24:04.525+0000] {logging_mixin.py:188} INFO - [2026-05-27T05:24:04.525+0000] {dag.py:3954} INFO - Setting next_dagrun for shopee_pipeline to 2026-05-27 01:00:00+00:00, run_after=2026-05-28 01:00:00+00:00
[2026-05-27T05:24:04.555+0000] {processor.py:183} INFO - Processing /opt/airflow/dags/shopee_dag.py took 0.338 seconds
[2026-05-27T05:24:34.957+0000] {processor.py:161} INFO - Started process (PID=33173) to work on /opt/airflow/dags/shopee_dag.py
[2026-05-27T05:24:34.958+0000] {processor.py:830} INFO - Processing file /opt/airflow/dags/shopee_dag.py for tasks to queue
[2026-05-27T05:24:34.960+0000] {logging_mixin.py:188} INFO - [2026-05-27T05:24:34.960+0000] {dagbag.py:545} INFO - Filling up the DagBag from /opt/airflow/dags/shopee_dag.py
[2026-05-27T05:24:35.078+0000] {processor.py:840} INFO - DAG(s) 'shopee_pipeline' retrieved from /opt/airflow/dags/shopee_dag.py
[2026-05-27T05:24:35.116+0000] {logging_mixin.py:188} INFO - [2026-05-27T05:24:35.116+0000] {dag.py:3096} INFO - Sync 1 DAGs
[2026-05-27T05:24:35.146+0000] {logging_mixin.py:188} INFO - [2026-05-27T05:24:35.146+0000] {dag.py:3954} INFO - Setting next_dagrun for shopee_pipeline to 2026-05-27 01:00:00+00:00, run_after=2026-05-28 01:00:00+00:00
[2026-05-27T05:24:35.174+0000] {processor.py:183} INFO - Processing /opt/airflow/dags/shopee_dag.py took 0.224 seconds
[2026-05-27T05:25:05.486+0000] {processor.py:161} INFO - Started process (PID=33291) to work on /opt/airflow/dags/shopee_dag.py
[2026-05-27T05:25:05.487+0000] {processor.py:830} INFO - Processing file /opt/airflow/dags/shopee_dag.py for tasks to queue
[2026-05-27T05:25:05.490+0000] {logging_mixin.py:188} INFO - [2026-05-27T05:25:05.489+0000] {dagbag.py:545} INFO - Filling up the DagBag from /opt/airflow/dags/shopee_dag.py
[2026-05-27T05:25:05.607+0000] {processor.py:840} INFO - DAG(s) 'shopee_pipeline' retrieved from /opt/airflow/dags/shopee_dag.py
[2026-05-27T05:25:05.649+0000] {logging_mixin.py:188} INFO - [2026-05-27T05:25:05.649+0000] {dag.py:3096} INFO - Sync 1 DAGs
[2026-05-27T05:25:05.684+0000] {logging_mixin.py:188} INFO - [2026-05-27T05:25:05.684+0000] {dag.py:3954} INFO - Setting next_dagrun for shopee_pipeline to 2026-05-27 01:00:00+00:00, run_after=2026-05-28 01:00:00+00:00
[2026-05-27T05:25:05.711+0000] {processor.py:183} INFO - Processing /opt/airflow/dags/shopee_dag.py took 0.233 seconds
[2026-05-27T05:25:36.056+0000] {processor.py:161} INFO - Started process (PID=33421) to work on /opt/airflow/dags/shopee_dag.py
[2026-05-27T05:25:36.057+0000] {processor.py:830} INFO - Processing file /opt/airflow/dags/shopee_dag.py for tasks to queue
[2026-05-27T05:25:36.059+0000] {logging_mixin.py:188} INFO - [2026-05-27T05:25:36.058+0000] {dagbag.py:545} INFO - Filling up the DagBag from /opt/airflow/dags/shopee_dag.py
[2026-05-27T05:25:36.182+0000] {processor.py:840} INFO - DAG(s) 'shopee_pipeline' retrieved from /opt/airflow/dags/shopee_dag.py
[2026-05-27T05:25:36.226+0000] {logging_mixin.py:188} INFO - [2026-05-27T05:25:36.226+0000] {dag.py:3096} INFO - Sync 1 DAGs
[2026-05-27T05:25:36.257+0000] {logging_mixin.py:188} INFO - [2026-05-27T05:25:36.256+0000] {dag.py:3954} INFO - Setting next_dagrun for shopee_pipeline to 2026-05-27 01:00:00+00:00, run_after=2026-05-28 01:00:00+00:00
[2026-05-27T05:25:36.282+0000] {processor.py:183} INFO - Processing /opt/airflow/dags/shopee_dag.py took 0.234 seconds
[2026-05-27T05:26:06.602+0000] {processor.py:161} INFO - Started process (PID=33505) to work on /opt/airflow/dags/shopee_dag.py
[2026-05-27T05:26:06.603+0000] {processor.py:830} INFO - Processing file /opt/airflow/dags/shopee_dag.py for tasks to queue
[2026-05-27T05:26:06.605+0000] {logging_mixin.py:188} INFO - [2026-05-27T05:26:06.605+0000] {dagbag.py:545} INFO - Filling up the DagBag from /opt/airflow/dags/shopee_dag.py
[2026-05-27T05:26:07.306+0000] {processor.py:840} INFO - DAG(s) 'shopee_pipeline' retrieved from /opt/airflow/dags/shopee_dag.py
[2026-05-27T05:26:07.409+0000] {logging_mixin.py:188} INFO - [2026-05-27T05:26:07.408+0000] {dag.py:3096} INFO - Sync 1 DAGs
[2026-05-27T05:26:07.457+0000] {logging_mixin.py:188} INFO - [2026-05-27T05:26:07.456+0000] {dag.py:3954} INFO - Setting next_dagrun for shopee_pipeline to 2026-05-27 01:00:00+00:00, run_after=2026-05-28 01:00:00+00:00
[2026-05-27T05:26:07.502+0000] {processor.py:183} INFO - Processing /opt/airflow/dags/shopee_dag.py took 0.908 seconds
[2026-05-27T05:26:37.646+0000] {processor.py:161} INFO - Started process (PID=33550) to work on /opt/airflow/dags/shopee_dag.py
[2026-05-27T05:26:37.647+0000] {processor.py:830} INFO - Processing file /opt/airflow/dags/shopee_dag.py for tasks to queue
[2026-05-27T05:26:37.651+0000] {logging_mixin.py:188} INFO - [2026-05-27T05:26:37.650+0000] {dagbag.py:545} INFO - Filling up the DagBag from /opt/airflow/dags/shopee_dag.py
[2026-05-27T05:26:37.807+0000] {processor.py:840} INFO - DAG(s) 'shopee_pipeline' retrieved from /opt/airflow/dags/shopee_dag.py
[2026-05-27T05:26:37.855+0000] {logging_mixin.py:188} INFO - [2026-05-27T05:26:37.854+0000] {dag.py:3096} INFO - Sync 1 DAGs
[2026-05-27T05:26:37.902+0000] {logging_mixin.py:188} INFO - [2026-05-27T05:26:37.901+0000] {dag.py:3954} INFO - Setting next_dagrun for shopee_pipeline to 2026-05-27 01:00:00+00:00, run_after=2026-05-28 01:00:00+00:00
[2026-05-27T05:26:37.939+0000] {processor.py:183} INFO - Processing /opt/airflow/dags/shopee_dag.py took 0.315 seconds
[2026-05-27T05:27:08.257+0000] {processor.py:161} INFO - Started process (PID=33651) to work on /opt/airflow/dags/shopee_dag.py
[2026-05-27T05:27:08.259+0000] {processor.py:830} INFO - Processing file /opt/airflow/dags/shopee_dag.py for tasks to queue
[2026-05-27T05:27:08.262+0000] {logging_mixin.py:188} INFO - [2026-05-27T05:27:08.261+0000] {dagbag.py:545} INFO - Filling up the DagBag from /opt/airflow/dags/shopee_dag.py
[2026-05-27T05:27:08.470+0000] {processor.py:840} INFO - DAG(s) 'shopee_pipeline' retrieved from /opt/airflow/dags/shopee_dag.py
[2026-05-27T05:27:08.530+0000] {logging_mixin.py:188} INFO - [2026-05-27T05:27:08.530+0000] {dag.py:3096} INFO - Sync 1 DAGs
[2026-05-27T05:27:08.584+0000] {logging_mixin.py:188} INFO - [2026-05-27T05:27:08.584+0000] {dag.py:3954} INFO - Setting next_dagrun for shopee_pipeline to 2026-05-27 01:00:00+00:00, run_after=2026-05-28 01:00:00+00:00
[2026-05-27T05:27:08.644+0000] {processor.py:183} INFO - Processing /opt/airflow/dags/shopee_dag.py took 0.402 seconds
[2026-05-27T05:27:38.846+0000] {processor.py:161} INFO - Started process (PID=33680) to work on /opt/airflow/dags/shopee_dag.py
[2026-05-27T05:27:38.847+0000] {processor.py:830} INFO - Processing file /opt/airflow/dags/shopee_dag.py for tasks to queue
[2026-05-27T05:27:38.849+0000] {logging_mixin.py:188} INFO - [2026-05-27T05:27:38.849+0000] {dagbag.py:545} INFO - Filling up the DagBag from /opt/airflow/dags/shopee_dag.py
[2026-05-27T05:27:38.964+0000] {processor.py:840} INFO - DAG(s) 'shopee_pipeline' retrieved from /opt/airflow/dags/shopee_dag.py
[2026-05-27T05:27:38.998+0000] {logging_mixin.py:188} INFO - [2026-05-27T05:27:38.998+0000] {dag.py:3096} INFO - Sync 1 DAGs
[2026-05-27T05:27:39.024+0000] {logging_mixin.py:188} INFO - [2026-05-27T05:27:39.024+0000] {dag.py:3954} INFO - Setting next_dagrun for shopee_pipeline to 2026-05-27 01:00:00+00:00, run_after=2026-05-28 01:00:00+00:00
[2026-05-27T05:27:39.114+0000] {processor.py:183} INFO - Processing /opt/airflow/dags/shopee_dag.py took 0.274 seconds
[2026-05-27T05:28:09.569+0000] {processor.py:161} INFO - Started process (PID=33804) to work on /opt/airflow/dags/shopee_dag.py
[2026-05-27T05:28:09.571+0000] {processor.py:830} INFO - Processing file /opt/airflow/dags/shopee_dag.py for tasks to queue
[2026-05-27T05:28:09.575+0000] {logging_mixin.py:188} INFO - [2026-05-27T05:28:09.574+0000] {dagbag.py:545} INFO - Filling up the DagBag from /opt/airflow/dags/shopee_dag.py
[2026-05-27T05:28:09.745+0000] {processor.py:840} INFO - DAG(s) 'shopee_pipeline' retrieved from /opt/airflow/dags/shopee_dag.py
[2026-05-27T05:28:09.782+0000] {logging_mixin.py:188} INFO - [2026-05-27T05:28:09.782+0000] {dag.py:3096} INFO - Sync 1 DAGs
[2026-05-27T05:28:09.812+0000] {logging_mixin.py:188} INFO - [2026-05-27T05:28:09.812+0000] {dag.py:3954} INFO - Setting next_dagrun for shopee_pipeline to 2026-05-27 01:00:00+00:00, run_after=2026-05-28 01:00:00+00:00
[2026-05-27T05:28:09.838+0000] {processor.py:183} INFO - Processing /opt/airflow/dags/shopee_dag.py took 0.285 seconds
[2026-05-27T05:28:40.063+0000] {processor.py:161} INFO - Started process (PID=33923) to work on /opt/airflow/dags/shopee_dag.py
[2026-05-27T05:28:40.066+0000] {processor.py:830} INFO - Processing file /opt/airflow/dags/shopee_dag.py for tasks to queue
[2026-05-27T05:28:40.070+0000] {logging_mixin.py:188} INFO - [2026-05-27T05:28:40.069+0000] {dagbag.py:545} INFO - Filling up the DagBag from /opt/airflow/dags/shopee_dag.py
[2026-05-27T05:28:40.259+0000] {processor.py:840} INFO - DAG(s) 'shopee_pipeline' retrieved from /opt/airflow/dags/shopee_dag.py
[2026-05-27T05:28:40.315+0000] {logging_mixin.py:188} INFO - [2026-05-27T05:28:40.314+0000] {dag.py:3096} INFO - Sync 1 DAGs
[2026-05-27T05:28:40.358+0000] {logging_mixin.py:188} INFO - [2026-05-27T05:28:40.358+0000] {dag.py:3954} INFO - Setting next_dagrun for shopee_pipeline to 2026-05-27 01:00:00+00:00, run_after=2026-05-28 01:00:00+00:00
[2026-05-27T05:28:40.391+0000] {processor.py:183} INFO - Processing /opt/airflow/dags/shopee_dag.py took 0.344 seconds
[2026-05-27T05:29:10.646+0000] {processor.py:161} INFO - Started process (PID=34019) to work on /opt/airflow/dags/shopee_dag.py
[2026-05-27T05:29:10.648+0000] {processor.py:830} INFO - Processing file /opt/airflow/dags/shopee_dag.py for tasks to queue
[2026-05-27T05:29:10.651+0000] {logging_mixin.py:188} INFO - [2026-05-27T05:29:10.651+0000] {dagbag.py:545} INFO - Filling up the DagBag from /opt/airflow/dags/shopee_dag.py
[2026-05-27T05:29:10.846+0000] {processor.py:840} INFO - DAG(s) 'shopee_pipeline' retrieved from /opt/airflow/dags/shopee_dag.py
[2026-05-27T05:29:10.906+0000] {logging_mixin.py:188} INFO - [2026-05-27T05:29:10.906+0000] {dag.py:3096} INFO - Sync 1 DAGs
[2026-05-27T05:29:10.943+0000] {logging_mixin.py:188} INFO - [2026-05-27T05:29:10.942+0000] {dag.py:3954} INFO - Setting next_dagrun for shopee_pipeline to 2026-05-27 01:00:00+00:00, run_after=2026-05-28 01:00:00+00:00
[2026-05-27T05:29:10.973+0000] {processor.py:183} INFO - Processing /opt/airflow/dags/shopee_dag.py took 0.339 seconds
[2026-05-27T05:29:41.458+0000] {processor.py:161} INFO - Started process (PID=34052) to work on /opt/airflow/dags/shopee_dag.py
[2026-05-27T05:29:41.459+0000] {processor.py:830} INFO - Processing file /opt/airflow/dags/shopee_dag.py for tasks to queue
[2026-05-27T05:29:41.460+0000] {logging_mixin.py:188} INFO - [2026-05-27T05:29:41.460+0000] {dagbag.py:545} INFO - Filling up the DagBag from /opt/airflow/dags/shopee_dag.py
[2026-05-27T05:29:41.571+0000] {processor.py:840} INFO - DAG(s) 'shopee_pipeline' retrieved from /opt/airflow/dags/shopee_dag.py
[2026-05-27T05:29:41.604+0000] {logging_mixin.py:188} INFO - [2026-05-27T05:29:41.604+0000] {dag.py:3096} INFO - Sync 1 DAGs
[2026-05-27T05:29:41.629+0000] {logging_mixin.py:188} INFO - [2026-05-27T05:29:41.629+0000] {dag.py:3954} INFO - Setting next_dagrun for shopee_pipeline to 2026-05-27 01:00:00+00:00, run_after=2026-05-28 01:00:00+00:00
[2026-05-27T05:29:41.648+0000] {processor.py:183} INFO - Processing /opt/airflow/dags/shopee_dag.py took 0.196 seconds
[2026-05-27T05:30:11.965+0000] {processor.py:161} INFO - Started process (PID=34172) to work on /opt/airflow/dags/shopee_dag.py
[2026-05-27T05:30:11.966+0000] {processor.py:830} INFO - Processing file /opt/airflow/dags/shopee_dag.py for tasks to queue
[2026-05-27T05:30:11.969+0000] {logging_mixin.py:188} INFO - [2026-05-27T05:30:11.969+0000] {dagbag.py:545} INFO - Filling up the DagBag from /opt/airflow/dags/shopee_dag.py
[2026-05-27T05:30:12.248+0000] {processor.py:840} INFO - DAG(s) 'shopee_pipeline' retrieved from /opt/airflow/dags/shopee_dag.py
[2026-05-27T05:30:12.299+0000] {logging_mixin.py:188} INFO - [2026-05-27T05:30:12.299+0000] {dag.py:3096} INFO - Sync 1 DAGs
[2026-05-27T05:30:12.340+0000] {logging_mixin.py:188} INFO - [2026-05-27T05:30:12.340+0000] {dag.py:3954} INFO - Setting next_dagrun for shopee_pipeline to 2026-05-27 01:00:00+00:00, run_after=2026-05-28 01:00:00+00:00
[2026-05-27T05:30:12.374+0000] {processor.py:183} INFO - Processing /opt/airflow/dags/shopee_dag.py took 0.420 seconds
[2026-05-27T05:30:42.682+0000] {processor.py:161} INFO - Started process (PID=34296) to work on /opt/airflow/dags/shopee_dag.py
[2026-05-27T05:30:42.683+0000] {processor.py:830} INFO - Processing file /opt/airflow/dags/shopee_dag.py for tasks to queue
[2026-05-27T05:30:42.684+0000] {logging_mixin.py:188} INFO - [2026-05-27T05:30:42.684+0000] {dagbag.py:545} INFO - Filling up the DagBag from /opt/airflow/dags/shopee_dag.py
[2026-05-27T05:30:42.792+0000] {processor.py:840} INFO - DAG(s) 'shopee_pipeline' retrieved from /opt/airflow/dags/shopee_dag.py
[2026-05-27T05:30:42.830+0000] {logging_mixin.py:188} INFO - [2026-05-27T05:30:42.830+0000] {dag.py:3096} INFO - Sync 1 DAGs
[2026-05-27T05:30:42.856+0000] {logging_mixin.py:188} INFO - [2026-05-27T05:30:42.856+0000] {dag.py:3954} INFO - Setting next_dagrun for shopee_pipeline to 2026-05-27 01:00:00+00:00, run_after=2026-05-28 01:00:00+00:00
[2026-05-27T05:30:42.877+0000] {processor.py:183} INFO - Processing /opt/airflow/dags/shopee_dag.py took 0.201 seconds
[2026-05-27T05:31:13.299+0000] {processor.py:161} INFO - Started process (PID=34396) to work on /opt/airflow/dags/shopee_dag.py
[2026-05-27T05:31:13.306+0000] {processor.py:830} INFO - Processing file /opt/airflow/dags/shopee_dag.py for tasks to queue
[2026-05-27T05:31:13.310+0000] {logging_mixin.py:188} INFO - [2026-05-27T05:31:13.309+0000] {dagbag.py:545} INFO - Filling up the DagBag from /opt/airflow/dags/shopee_dag.py
[2026-05-27T05:31:13.510+0000] {processor.py:840} INFO - DAG(s) 'shopee_pipeline' retrieved from /opt/airflow/dags/shopee_dag.py
[2026-05-27T05:31:13.568+0000] {logging_mixin.py:188} INFO - [2026-05-27T05:31:13.567+0000] {dag.py:3096} INFO - Sync 1 DAGs
[2026-05-27T05:31:13.618+0000] {logging_mixin.py:188} INFO - [2026-05-27T05:31:13.617+0000] {dag.py:3954} INFO - Setting next_dagrun for shopee_pipeline to 2026-05-27 01:00:00+00:00, run_after=2026-05-28 01:00:00+00:00
[2026-05-27T05:31:13.655+0000] {processor.py:183} INFO - Processing /opt/airflow/dags/shopee_dag.py took 0.374 seconds
[2026-05-27T05:31:44.070+0000] {processor.py:161} INFO - Started process (PID=34426) to work on /opt/airflow/dags/shopee_dag.py
[2026-05-27T05:31:44.071+0000] {processor.py:830} INFO - Processing file /opt/airflow/dags/shopee_dag.py for tasks to queue
[2026-05-27T05:31:44.074+0000] {logging_mixin.py:188} INFO - [2026-05-27T05:31:44.073+0000] {dagbag.py:545} INFO - Filling up the DagBag from /opt/airflow/dags/shopee_dag.py
[2026-05-27T05:31:44.189+0000] {processor.py:840} INFO - DAG(s) 'shopee_pipeline' retrieved from /opt/airflow/dags/shopee_dag.py
[2026-05-27T05:31:44.222+0000] {logging_mixin.py:188} INFO - [2026-05-27T05:31:44.221+0000] {dag.py:3096} INFO - Sync 1 DAGs
[2026-05-27T05:31:44.247+0000] {logging_mixin.py:188} INFO - [2026-05-27T05:31:44.247+0000] {dag.py:3954} INFO - Setting next_dagrun for shopee_pipeline to 2026-05-27 01:00:00+00:00, run_after=2026-05-28 01:00:00+00:00
[2026-05-27T05:31:44.271+0000] {processor.py:183} INFO - Processing /opt/airflow/dags/shopee_dag.py took 0.211 seconds
[2026-05-27T05:32:14.624+0000] {processor.py:161} INFO - Started process (PID=34545) to work on /opt/airflow/dags/shopee_dag.py
[2026-05-27T05:32:14.625+0000] {processor.py:830} INFO - Processing file /opt/airflow/dags/shopee_dag.py for tasks to queue
[2026-05-27T05:32:14.627+0000] {logging_mixin.py:188} INFO - [2026-05-27T05:32:14.627+0000] {dagbag.py:545} INFO - Filling up the DagBag from /opt/airflow/dags/shopee_dag.py
[2026-05-27T05:32:14.730+0000] {processor.py:840} INFO - DAG(s) 'shopee_pipeline' retrieved from /opt/airflow/dags/shopee_dag.py
[2026-05-27T05:32:14.761+0000] {logging_mixin.py:188} INFO - [2026-05-27T05:32:14.760+0000] {dag.py:3096} INFO - Sync 1 DAGs
[2026-05-27T05:32:14.786+0000] {logging_mixin.py:188} INFO - [2026-05-27T05:32:14.786+0000] {dag.py:3954} INFO - Setting next_dagrun for shopee_pipeline to 2026-05-27 01:00:00+00:00, run_after=2026-05-28 01:00:00+00:00
[2026-05-27T05:32:14.806+0000] {processor.py:183} INFO - Processing /opt/airflow/dags/shopee_dag.py took 0.190 seconds
[2026-05-27T05:32:47.668+0000] {processor.py:161} INFO - Started process (PID=34662) to work on /opt/airflow/dags/shopee_dag.py
[2026-05-27T05:32:47.672+0000] {processor.py:830} INFO - Processing file /opt/airflow/dags/shopee_dag.py for tasks to queue
[2026-05-27T05:32:47.683+0000] {logging_mixin.py:188} INFO - [2026-05-27T05:32:47.680+0000] {dagbag.py:545} INFO - Filling up the DagBag from /opt/airflow/dags/shopee_dag.py
[2026-05-27T05:32:48.361+0000] {processor.py:840} INFO - DAG(s) 'shopee_pipeline' retrieved from /opt/airflow/dags/shopee_dag.py
[2026-05-27T05:32:48.690+0000] {logging_mixin.py:188} INFO - [2026-05-27T05:32:48.690+0000] {dag.py:3096} INFO - Sync 1 DAGs
[2026-05-27T05:32:49.105+0000] {logging_mixin.py:188} INFO - [2026-05-27T05:32:49.104+0000] {dag.py:3954} INFO - Setting next_dagrun for shopee_pipeline to 2026-05-27 01:00:00+00:00, run_after=2026-05-28 01:00:00+00:00
[2026-05-27T05:32:49.284+0000] {processor.py:183} INFO - Processing /opt/airflow/dags/shopee_dag.py took 1.718 seconds
[2026-05-27T05:33:20.313+0000] {processor.py:161} INFO - Started process (PID=34733) to work on /opt/airflow/dags/shopee_dag.py
[2026-05-27T05:33:20.317+0000] {processor.py:830} INFO - Processing file /opt/airflow/dags/shopee_dag.py for tasks to queue
[2026-05-27T05:33:20.329+0000] {logging_mixin.py:188} INFO - [2026-05-27T05:33:20.328+0000] {dagbag.py:545} INFO - Filling up the DagBag from /opt/airflow/dags/shopee_dag.py
[2026-05-27T05:33:20.731+0000] {processor.py:840} INFO - DAG(s) 'shopee_pipeline' retrieved from /opt/airflow/dags/shopee_dag.py
[2026-05-27T05:33:20.842+0000] {logging_mixin.py:188} INFO - [2026-05-27T05:33:20.842+0000] {dag.py:3096} INFO - Sync 1 DAGs
[2026-05-27T05:33:20.939+0000] {logging_mixin.py:188} INFO - [2026-05-27T05:33:20.939+0000] {dag.py:3954} INFO - Setting next_dagrun for shopee_pipeline to 2026-05-27 01:00:00+00:00, run_after=2026-05-28 01:00:00+00:00
[2026-05-27T05:33:20.986+0000] {processor.py:183} INFO - Processing /opt/airflow/dags/shopee_dag.py took 0.725 seconds
[2026-05-27T05:33:51.596+0000] {processor.py:161} INFO - Started process (PID=34792) to work on /opt/airflow/dags/shopee_dag.py
[2026-05-27T05:33:51.597+0000] {processor.py:830} INFO - Processing file /opt/airflow/dags/shopee_dag.py for tasks to queue
[2026-05-27T05:33:51.600+0000] {logging_mixin.py:188} INFO - [2026-05-27T05:33:51.599+0000] {dagbag.py:545} INFO - Filling up the DagBag from /opt/airflow/dags/shopee_dag.py
[2026-05-27T05:33:51.738+0000] {processor.py:840} INFO - DAG(s) 'shopee_pipeline' retrieved from /opt/airflow/dags/shopee_dag.py
[2026-05-27T05:33:51.797+0000] {logging_mixin.py:188} INFO - [2026-05-27T05:33:51.796+0000] {dag.py:3096} INFO - Sync 1 DAGs
[2026-05-27T05:33:51.840+0000] {logging_mixin.py:188} INFO - [2026-05-27T05:33:51.839+0000] {dag.py:3954} INFO - Setting next_dagrun for shopee_pipeline to 2026-05-27 01:00:00+00:00, run_after=2026-05-28 01:00:00+00:00
[2026-05-27T05:33:51.881+0000] {processor.py:183} INFO - Processing /opt/airflow/dags/shopee_dag.py took 0.296 seconds
[2026-05-27T05:34:22.251+0000] {processor.py:161} INFO - Started process (PID=34917) to work on /opt/airflow/dags/shopee_dag.py
[2026-05-27T05:34:22.252+0000] {processor.py:830} INFO - Processing file /opt/airflow/dags/shopee_dag.py for tasks to queue
[2026-05-27T05:34:22.255+0000] {logging_mixin.py:188} INFO - [2026-05-27T05:34:22.254+0000] {dagbag.py:545} INFO - Filling up the DagBag from /opt/airflow/dags/shopee_dag.py
[2026-05-27T05:34:22.421+0000] {processor.py:840} INFO - DAG(s) 'shopee_pipeline' retrieved from /opt/airflow/dags/shopee_dag.py
[2026-05-27T05:34:22.462+0000] {logging_mixin.py:188} INFO - [2026-05-27T05:34:22.462+0000] {dag.py:3096} INFO - Sync 1 DAGs
[2026-05-27T05:34:22.492+0000] {logging_mixin.py:188} INFO - [2026-05-27T05:34:22.492+0000] {dag.py:3954} INFO - Setting next_dagrun for shopee_pipeline to 2026-05-27 01:00:00+00:00, run_after=2026-05-28 01:00:00+00:00
[2026-05-27T05:34:22.517+0000] {processor.py:183} INFO - Processing /opt/airflow/dags/shopee_dag.py took 0.277 seconds
[2026-05-27T05:34:52.645+0000] {processor.py:161} INFO - Started process (PID=34939) to work on /opt/airflow/dags/shopee_dag.py
[2026-05-27T05:34:52.646+0000] {processor.py:830} INFO - Processing file /opt/airflow/dags/shopee_dag.py for tasks to queue
[2026-05-27T05:34:52.647+0000] {logging_mixin.py:188} INFO - [2026-05-27T05:34:52.647+0000] {dagbag.py:545} INFO - Filling up the DagBag from /opt/airflow/dags/shopee_dag.py
[2026-05-27T05:34:52.805+0000] {processor.py:840} INFO - DAG(s) 'shopee_pipeline' retrieved from /opt/airflow/dags/shopee_dag.py
[2026-05-27T05:34:52.845+0000] {logging_mixin.py:188} INFO - [2026-05-27T05:34:52.844+0000] {dag.py:3096} INFO - Sync 1 DAGs
[2026-05-27T05:34:52.875+0000] {logging_mixin.py:188} INFO - [2026-05-27T05:34:52.874+0000] {dag.py:3954} INFO - Setting next_dagrun for shopee_pipeline to 2026-05-27 01:00:00+00:00, run_after=2026-05-28 01:00:00+00:00
[2026-05-27T05:34:52.924+0000] {processor.py:183} INFO - Processing /opt/airflow/dags/shopee_dag.py took 0.285 seconds
[2026-05-27T05:35:23.124+0000] {processor.py:161} INFO - Started process (PID=35059) to work on /opt/airflow/dags/shopee_dag.py
[2026-05-27T05:35:23.149+0000] {processor.py:830} INFO - Processing file /opt/airflow/dags/shopee_dag.py for tasks to queue
[2026-05-27T05:35:23.151+0000] {logging_mixin.py:188} INFO - [2026-05-27T05:35:23.151+0000] {dagbag.py:545} INFO - Filling up the DagBag from /opt/airflow/dags/shopee_dag.py
[2026-05-27T05:35:23.324+0000] {processor.py:840} INFO - DAG(s) 'shopee_pipeline' retrieved from /opt/airflow/dags/shopee_dag.py
[2026-05-27T05:35:23.361+0000] {logging_mixin.py:188} INFO - [2026-05-27T05:35:23.361+0000] {dag.py:3096} INFO - Sync 1 DAGs
[2026-05-27T05:35:23.388+0000] {logging_mixin.py:188} INFO - [2026-05-27T05:35:23.388+0000] {dag.py:3954} INFO - Setting next_dagrun for shopee_pipeline to 2026-05-27 01:00:00+00:00, run_after=2026-05-28 01:00:00+00:00
[2026-05-27T05:35:23.445+0000] {processor.py:183} INFO - Processing /opt/airflow/dags/shopee_dag.py took 0.327 seconds
[2026-05-27T05:35:53.841+0000] {processor.py:161} INFO - Started process (PID=35181) to work on /opt/airflow/dags/shopee_dag.py
[2026-05-27T05:35:53.844+0000] {processor.py:830} INFO - Processing file /opt/airflow/dags/shopee_dag.py for tasks to queue
[2026-05-27T05:35:53.849+0000] {logging_mixin.py:188} INFO - [2026-05-27T05:35:53.849+0000] {dagbag.py:545} INFO - Filling up the DagBag from /opt/airflow/dags/shopee_dag.py
[2026-05-27T05:35:54.091+0000] {processor.py:840} INFO - DAG(s) 'shopee_pipeline' retrieved from /opt/airflow/dags/shopee_dag.py
[2026-05-27T05:35:54.175+0000] {logging_mixin.py:188} INFO - [2026-05-27T05:35:54.175+0000] {dag.py:3096} INFO - Sync 1 DAGs
[2026-05-27T05:35:54.216+0000] {logging_mixin.py:188} INFO - [2026-05-27T05:35:54.216+0000] {dag.py:3954} INFO - Setting next_dagrun for shopee_pipeline to 2026-05-27 01:00:00+00:00, run_after=2026-05-28 01:00:00+00:00
[2026-05-27T05:35:54.249+0000] {processor.py:183} INFO - Processing /opt/airflow/dags/shopee_dag.py took 0.423 seconds
[2026-05-27T05:36:25.018+0000] {processor.py:161} INFO - Started process (PID=35216) to work on /opt/airflow/dags/shopee_dag.py
[2026-05-27T05:36:25.019+0000] {processor.py:830} INFO - Processing file /opt/airflow/dags/shopee_dag.py for tasks to queue
[2026-05-27T05:36:25.020+0000] {logging_mixin.py:188} INFO - [2026-05-27T05:36:25.020+0000] {dagbag.py:545} INFO - Filling up the DagBag from /opt/airflow/dags/shopee_dag.py
[2026-05-27T05:36:25.127+0000] {processor.py:840} INFO - DAG(s) 'shopee_pipeline' retrieved from /opt/airflow/dags/shopee_dag.py
[2026-05-27T05:36:25.161+0000] {logging_mixin.py:188} INFO - [2026-05-27T05:36:25.161+0000] {dag.py:3096} INFO - Sync 1 DAGs
[2026-05-27T05:36:25.185+0000] {logging_mixin.py:188} INFO - [2026-05-27T05:36:25.184+0000] {dag.py:3954} INFO - Setting next_dagrun for shopee_pipeline to 2026-05-27 01:00:00+00:00, run_after=2026-05-28 01:00:00+00:00
[2026-05-27T05:36:25.208+0000] {processor.py:183} INFO - Processing /opt/airflow/dags/shopee_dag.py took 0.196 seconds
[2026-05-27T05:36:55.591+0000] {processor.py:161} INFO - Started process (PID=35338) to work on /opt/airflow/dags/shopee_dag.py
[2026-05-27T05:36:55.592+0000] {processor.py:830} INFO - Processing file /opt/airflow/dags/shopee_dag.py for tasks to queue
[2026-05-27T05:36:55.594+0000] {logging_mixin.py:188} INFO - [2026-05-27T05:36:55.594+0000] {dagbag.py:545} INFO - Filling up the DagBag from /opt/airflow/dags/shopee_dag.py
[2026-05-27T05:36:55.719+0000] {processor.py:840} INFO - DAG(s) 'shopee_pipeline' retrieved from /opt/airflow/dags/shopee_dag.py
[2026-05-27T05:36:55.757+0000] {logging_mixin.py:188} INFO - [2026-05-27T05:36:55.757+0000] {dag.py:3096} INFO - Sync 1 DAGs
[2026-05-27T05:36:55.783+0000] {logging_mixin.py:188} INFO - [2026-05-27T05:36:55.783+0000] {dag.py:3954} INFO - Setting next_dagrun for shopee_pipeline to 2026-05-27 01:00:00+00:00, run_after=2026-05-28 01:00:00+00:00
[2026-05-27T05:36:55.806+0000] {processor.py:183} INFO - Processing /opt/airflow/dags/shopee_dag.py took 0.223 seconds
[2026-05-27T05:37:26.160+0000] {processor.py:161} INFO - Started process (PID=35351) to work on /opt/airflow/dags/shopee_dag.py
[2026-05-27T05:37:26.161+0000] {processor.py:830} INFO - Processing file /opt/airflow/dags/shopee_dag.py for tasks to queue
[2026-05-27T05:37:26.163+0000] {logging_mixin.py:188} INFO - [2026-05-27T05:37:26.163+0000] {dagbag.py:545} INFO - Filling up the DagBag from /opt/airflow/dags/shopee_dag.py
[2026-05-27T05:37:26.266+0000] {processor.py:840} INFO - DAG(s) 'shopee_pipeline' retrieved from /opt/airflow/dags/shopee_dag.py
[2026-05-27T05:37:26.303+0000] {logging_mixin.py:188} INFO - [2026-05-27T05:37:26.302+0000] {dag.py:3096} INFO - Sync 1 DAGs
[2026-05-27T05:37:26.327+0000] {logging_mixin.py:188} INFO - [2026-05-27T05:37:26.327+0000] {dag.py:3954} INFO - Setting next_dagrun for shopee_pipeline to 2026-05-27 01:00:00+00:00, run_after=2026-05-28 01:00:00+00:00
[2026-05-27T05:37:26.348+0000] {processor.py:183} INFO - Processing /opt/airflow/dags/shopee_dag.py took 0.194 seconds
[2026-05-27T05:37:57.012+0000] {processor.py:161} INFO - Started process (PID=35471) to work on /opt/airflow/dags/shopee_dag.py
[2026-05-27T05:37:57.014+0000] {processor.py:830} INFO - Processing file /opt/airflow/dags/shopee_dag.py for tasks to queue
[2026-05-27T05:37:57.016+0000] {logging_mixin.py:188} INFO - [2026-05-27T05:37:57.016+0000] {dagbag.py:545} INFO - Filling up the DagBag from /opt/airflow/dags/shopee_dag.py
[2026-05-27T05:37:57.129+0000] {processor.py:840} INFO - DAG(s) 'shopee_pipeline' retrieved from /opt/airflow/dags/shopee_dag.py
[2026-05-27T05:37:57.168+0000] {logging_mixin.py:188} INFO - [2026-05-27T05:37:57.167+0000] {dag.py:3096} INFO - Sync 1 DAGs
[2026-05-27T05:37:57.193+0000] {logging_mixin.py:188} INFO - [2026-05-27T05:37:57.193+0000] {dag.py:3954} INFO - Setting next_dagrun for shopee_pipeline to 2026-05-27 01:00:00+00:00, run_after=2026-05-28 01:00:00+00:00
[2026-05-27T05:37:57.216+0000] {processor.py:183} INFO - Processing /opt/airflow/dags/shopee_dag.py took 0.212 seconds
[2026-05-27T05:38:27.497+0000] {processor.py:161} INFO - Started process (PID=35556) to work on /opt/airflow/dags/shopee_dag.py
[2026-05-27T05:38:27.498+0000] {processor.py:830} INFO - Processing file /opt/airflow/dags/shopee_dag.py for tasks to queue
[2026-05-27T05:38:27.502+0000] {logging_mixin.py:188} INFO - [2026-05-27T05:38:27.501+0000] {dagbag.py:545} INFO - Filling up the DagBag from /opt/airflow/dags/shopee_dag.py
[2026-05-27T05:38:27.767+0000] {processor.py:840} INFO - DAG(s) 'shopee_pipeline' retrieved from /opt/airflow/dags/shopee_dag.py
[2026-05-27T05:38:27.811+0000] {logging_mixin.py:188} INFO - [2026-05-27T05:38:27.811+0000] {dag.py:3096} INFO - Sync 1 DAGs
[2026-05-27T05:38:27.845+0000] {logging_mixin.py:188} INFO - [2026-05-27T05:38:27.845+0000] {dag.py:3954} INFO - Setting next_dagrun for shopee_pipeline to 2026-05-27 01:00:00+00:00, run_after=2026-05-28 01:00:00+00:00
[2026-05-27T05:38:27.871+0000] {processor.py:183} INFO - Processing /opt/airflow/dags/shopee_dag.py took 0.383 seconds
[2026-05-27T05:38:58.042+0000] {processor.py:161} INFO - Started process (PID=35601) to work on /opt/airflow/dags/shopee_dag.py
[2026-05-27T05:38:58.043+0000] {processor.py:830} INFO - Processing file /opt/airflow/dags/shopee_dag.py for tasks to queue
[2026-05-27T05:38:58.045+0000] {logging_mixin.py:188} INFO - [2026-05-27T05:38:58.045+0000] {dagbag.py:545} INFO - Filling up the DagBag from /opt/airflow/dags/shopee_dag.py
[2026-05-27T05:38:58.168+0000] {processor.py:840} INFO - DAG(s) 'shopee_pipeline' retrieved from /opt/airflow/dags/shopee_dag.py
[2026-05-27T05:38:58.219+0000] {logging_mixin.py:188} INFO - [2026-05-27T05:38:58.219+0000] {dag.py:3096} INFO - Sync 1 DAGs
[2026-05-27T05:38:58.250+0000] {logging_mixin.py:188} INFO - [2026-05-27T05:38:58.250+0000] {dag.py:3954} INFO - Setting next_dagrun for shopee_pipeline to 2026-05-27 01:00:00+00:00, run_after=2026-05-28 01:00:00+00:00
[2026-05-27T05:38:58.271+0000] {processor.py:183} INFO - Processing /opt/airflow/dags/shopee_dag.py took 0.237 seconds
[2026-05-27T05:39:28.576+0000] {processor.py:161} INFO - Started process (PID=35720) to work on /opt/airflow/dags/shopee_dag.py
[2026-05-27T05:39:28.578+0000] {processor.py:830} INFO - Processing file /opt/airflow/dags/shopee_dag.py for tasks to queue
[2026-05-27T05:39:28.581+0000] {logging_mixin.py:188} INFO - [2026-05-27T05:39:28.580+0000] {dagbag.py:545} INFO - Filling up the DagBag from /opt/airflow/dags/shopee_dag.py
[2026-05-27T05:39:28.770+0000] {processor.py:840} INFO - DAG(s) 'shopee_pipeline' retrieved from /opt/airflow/dags/shopee_dag.py
[2026-05-27T05:39:28.826+0000] {logging_mixin.py:188} INFO - [2026-05-27T05:39:28.825+0000] {dag.py:3096} INFO - Sync 1 DAGs
[2026-05-27T05:39:28.873+0000] {logging_mixin.py:188} INFO - [2026-05-27T05:39:28.873+0000] {dag.py:3954} INFO - Setting next_dagrun for shopee_pipeline to 2026-05-27 01:00:00+00:00, run_after=2026-05-28 01:00:00+00:00
[2026-05-27T05:39:28.912+0000] {processor.py:183} INFO - Processing /opt/airflow/dags/shopee_dag.py took 0.348 seconds
[2026-05-27T05:39:59.201+0000] {processor.py:161} INFO - Started process (PID=35744) to work on /opt/airflow/dags/shopee_dag.py
[2026-05-27T05:39:59.203+0000] {processor.py:830} INFO - Processing file /opt/airflow/dags/shopee_dag.py for tasks to queue
[2026-05-27T05:39:59.205+0000] {logging_mixin.py:188} INFO - [2026-05-27T05:39:59.204+0000] {dagbag.py:545} INFO - Filling up the DagBag from /opt/airflow/dags/shopee_dag.py
[2026-05-27T05:39:59.319+0000] {processor.py:840} INFO - DAG(s) 'shopee_pipeline' retrieved from /opt/airflow/dags/shopee_dag.py
[2026-05-27T05:39:59.356+0000] {logging_mixin.py:188} INFO - [2026-05-27T05:39:59.356+0000] {dag.py:3096} INFO - Sync 1 DAGs
[2026-05-27T05:39:59.384+0000] {logging_mixin.py:188} INFO - [2026-05-27T05:39:59.383+0000] {dag.py:3954} INFO - Setting next_dagrun for shopee_pipeline to 2026-05-27 01:00:00+00:00, run_after=2026-05-28 01:00:00+00:00
[2026-05-27T05:39:59.404+0000] {processor.py:183} INFO - Processing /opt/airflow/dags/shopee_dag.py took 0.212 seconds
[2026-05-27T05:40:29.706+0000] {processor.py:161} INFO - Started process (PID=35848) to work on /opt/airflow/dags/shopee_dag.py
[2026-05-27T05:40:29.707+0000] {processor.py:830} INFO - Processing file /opt/airflow/dags/shopee_dag.py for tasks to queue
[2026-05-27T05:40:29.710+0000] {logging_mixin.py:188} INFO - [2026-05-27T05:40:29.710+0000] {dagbag.py:545} INFO - Filling up the DagBag from /opt/airflow/dags/shopee_dag.py
[2026-05-27T05:40:29.835+0000] {processor.py:840} INFO - DAG(s) 'shopee_pipeline' retrieved from /opt/airflow/dags/shopee_dag.py
[2026-05-27T05:40:29.874+0000] {logging_mixin.py:188} INFO - [2026-05-27T05:40:29.873+0000] {dag.py:3096} INFO - Sync 1 DAGs
[2026-05-27T05:40:29.905+0000] {logging_mixin.py:188} INFO - [2026-05-27T05:40:29.905+0000] {dag.py:3954} INFO - Setting next_dagrun for shopee_pipeline to 2026-05-27 01:00:00+00:00, run_after=2026-05-28 01:00:00+00:00
[2026-05-27T05:40:29.934+0000] {processor.py:183} INFO - Processing /opt/airflow/dags/shopee_dag.py took 0.236 seconds
[2026-05-27T05:41:00.266+0000] {processor.py:161} INFO - Started process (PID=35940) to work on /opt/airflow/dags/shopee_dag.py
[2026-05-27T05:41:00.268+0000] {processor.py:830} INFO - Processing file /opt/airflow/dags/shopee_dag.py for tasks to queue
[2026-05-27T05:41:00.272+0000] {logging_mixin.py:188} INFO - [2026-05-27T05:41:00.271+0000] {dagbag.py:545} INFO - Filling up the DagBag from /opt/airflow/dags/shopee_dag.py
[2026-05-27T05:41:00.440+0000] {processor.py:840} INFO - DAG(s) 'shopee_pipeline' retrieved from /opt/airflow/dags/shopee_dag.py
[2026-05-27T05:41:00.489+0000] {logging_mixin.py:188} INFO - [2026-05-27T05:41:00.488+0000] {dag.py:3096} INFO - Sync 1 DAGs
[2026-05-27T05:41:00.560+0000] {logging_mixin.py:188} INFO - [2026-05-27T05:41:00.559+0000] {dag.py:3954} INFO - Setting next_dagrun for shopee_pipeline to 2026-05-27 01:00:00+00:00, run_after=2026-05-28 01:00:00+00:00
[2026-05-27T05:41:00.602+0000] {processor.py:183} INFO - Processing /opt/airflow/dags/shopee_dag.py took 0.349 seconds
