[2026-05-27T01:40:17.656+0000] {processor.py:161} INFO - Started process (PID=187) to work on /opt/airflow/dags/transfrom_to_mysql.py
[2026-05-27T01:40:17.679+0000] {processor.py:830} INFO - Processing file /opt/airflow/dags/transfrom_to_mysql.py for tasks to queue
[2026-05-27T01:40:17.688+0000] {logging_mixin.py:188} INFO - [2026-05-27T01:40:17.687+0000] {dagbag.py:545} INFO - Filling up the DagBag from /opt/airflow/dags/transfrom_to_mysql.py
[2026-05-27T01:40:19.087+0000] {processor.py:842} WARNING - No viable dags retrieved from /opt/airflow/dags/transfrom_to_mysql.py
[2026-05-27T01:40:19.230+0000] {processor.py:183} INFO - Processing /opt/airflow/dags/transfrom_to_mysql.py took 1.636 seconds
[2026-05-27T01:40:49.668+0000] {processor.py:161} INFO - Started process (PID=288) to work on /opt/airflow/dags/transfrom_to_mysql.py
[2026-05-27T01:40:49.669+0000] {processor.py:830} INFO - Processing file /opt/airflow/dags/transfrom_to_mysql.py for tasks to queue
[2026-05-27T01:40:49.672+0000] {logging_mixin.py:188} INFO - [2026-05-27T01:40:49.671+0000] {dagbag.py:545} INFO - Filling up the DagBag from /opt/airflow/dags/transfrom_to_mysql.py
[2026-05-27T01:40:49.877+0000] {processor.py:842} WARNING - No viable dags retrieved from /opt/airflow/dags/transfrom_to_mysql.py
[2026-05-27T01:40:49.900+0000] {processor.py:183} INFO - Processing /opt/airflow/dags/transfrom_to_mysql.py took 0.240 seconds
[2026-05-27T01:41:20.286+0000] {processor.py:161} INFO - Started process (PID=410) to work on /opt/airflow/dags/transfrom_to_mysql.py
[2026-05-27T01:41:20.289+0000] {processor.py:830} INFO - Processing file /opt/airflow/dags/transfrom_to_mysql.py for tasks to queue
[2026-05-27T01:41:20.292+0000] {logging_mixin.py:188} INFO - [2026-05-27T01:41:20.292+0000] {dagbag.py:545} INFO - Filling up the DagBag from /opt/airflow/dags/transfrom_to_mysql.py
[2026-05-27T01:41:20.580+0000] {processor.py:842} WARNING - No viable dags retrieved from /opt/airflow/dags/transfrom_to_mysql.py
[2026-05-27T01:41:20.610+0000] {processor.py:183} INFO - Processing /opt/airflow/dags/transfrom_to_mysql.py took 0.334 seconds
[2026-05-27T01:41:50.878+0000] {processor.py:161} INFO - Started process (PID=496) to work on /opt/airflow/dags/transfrom_to_mysql.py
[2026-05-27T01:41:50.880+0000] {processor.py:830} INFO - Processing file /opt/airflow/dags/transfrom_to_mysql.py for tasks to queue
[2026-05-27T01:41:50.882+0000] {logging_mixin.py:188} INFO - [2026-05-27T01:41:50.881+0000] {dagbag.py:545} INFO - Filling up the DagBag from /opt/airflow/dags/transfrom_to_mysql.py
[2026-05-27T01:41:51.071+0000] {processor.py:842} WARNING - No viable dags retrieved from /opt/airflow/dags/transfrom_to_mysql.py
[2026-05-27T01:41:51.110+0000] {processor.py:183} INFO - Processing /opt/airflow/dags/transfrom_to_mysql.py took 0.243 seconds
[2026-05-27T01:42:21.393+0000] {processor.py:161} INFO - Started process (PID=539) to work on /opt/airflow/dags/transfrom_to_mysql.py
[2026-05-27T01:42:21.395+0000] {processor.py:830} INFO - Processing file /opt/airflow/dags/transfrom_to_mysql.py for tasks to queue
[2026-05-27T01:42:21.398+0000] {logging_mixin.py:188} INFO - [2026-05-27T01:42:21.398+0000] {dagbag.py:545} INFO - Filling up the DagBag from /opt/airflow/dags/transfrom_to_mysql.py
[2026-05-27T01:42:21.543+0000] {processor.py:842} WARNING - No viable dags retrieved from /opt/airflow/dags/transfrom_to_mysql.py
[2026-05-27T01:42:21.563+0000] {processor.py:183} INFO - Processing /opt/airflow/dags/transfrom_to_mysql.py took 0.178 seconds
[2026-05-27T01:42:51.910+0000] {processor.py:161} INFO - Started process (PID=660) to work on /opt/airflow/dags/transfrom_to_mysql.py
[2026-05-27T01:42:51.911+0000] {processor.py:830} INFO - Processing file /opt/airflow/dags/transfrom_to_mysql.py for tasks to queue
[2026-05-27T01:42:51.913+0000] {logging_mixin.py:188} INFO - [2026-05-27T01:42:51.912+0000] {dagbag.py:545} INFO - Filling up the DagBag from /opt/airflow/dags/transfrom_to_mysql.py
[2026-05-27T01:42:52.058+0000] {processor.py:842} WARNING - No viable dags retrieved from /opt/airflow/dags/transfrom_to_mysql.py
[2026-05-27T01:42:52.084+0000] {processor.py:183} INFO - Processing /opt/airflow/dags/transfrom_to_mysql.py took 0.180 seconds
[2026-05-27T01:43:22.445+0000] {processor.py:161} INFO - Started process (PID=775) to work on /opt/airflow/dags/transfrom_to_mysql.py
[2026-05-27T01:43:22.447+0000] {processor.py:830} INFO - Processing file /opt/airflow/dags/transfrom_to_mysql.py for tasks to queue
[2026-05-27T01:43:22.450+0000] {logging_mixin.py:188} INFO - [2026-05-27T01:43:22.449+0000] {dagbag.py:545} INFO - Filling up the DagBag from /opt/airflow/dags/transfrom_to_mysql.py
[2026-05-27T01:43:22.806+0000] {processor.py:842} WARNING - No viable dags retrieved from /opt/airflow/dags/transfrom_to_mysql.py
[2026-05-27T01:43:22.892+0000] {processor.py:183} INFO - Processing /opt/airflow/dags/transfrom_to_mysql.py took 0.458 seconds
[2026-05-27T01:43:53.089+0000] {processor.py:161} INFO - Started process (PID=800) to work on /opt/airflow/dags/transfrom_to_mysql.py
[2026-05-27T01:43:53.091+0000] {processor.py:830} INFO - Processing file /opt/airflow/dags/transfrom_to_mysql.py for tasks to queue
[2026-05-27T01:43:53.098+0000] {logging_mixin.py:188} INFO - [2026-05-27T01:43:53.097+0000] {dagbag.py:545} INFO - Filling up the DagBag from /opt/airflow/dags/transfrom_to_mysql.py
[2026-05-27T01:43:53.446+0000] {processor.py:842} WARNING - No viable dags retrieved from /opt/airflow/dags/transfrom_to_mysql.py
[2026-05-27T01:43:53.492+0000] {processor.py:183} INFO - Processing /opt/airflow/dags/transfrom_to_mysql.py took 0.420 seconds
[2026-05-27T01:44:23.936+0000] {processor.py:161} INFO - Started process (PID=931) to work on /opt/airflow/dags/transfrom_to_mysql.py
[2026-05-27T01:44:23.937+0000] {processor.py:830} INFO - Processing file /opt/airflow/dags/transfrom_to_mysql.py for tasks to queue
[2026-05-27T01:44:23.939+0000] {logging_mixin.py:188} INFO - [2026-05-27T01:44:23.938+0000] {dagbag.py:545} INFO - Filling up the DagBag from /opt/airflow/dags/transfrom_to_mysql.py
[2026-05-27T01:44:24.093+0000] {processor.py:842} WARNING - No viable dags retrieved from /opt/airflow/dags/transfrom_to_mysql.py
[2026-05-27T01:44:24.115+0000] {processor.py:183} INFO - Processing /opt/airflow/dags/transfrom_to_mysql.py took 0.186 seconds
[2026-05-27T01:44:54.439+0000] {processor.py:161} INFO - Started process (PID=942) to work on /opt/airflow/dags/transfrom_to_mysql.py
[2026-05-27T01:44:54.440+0000] {processor.py:830} INFO - Processing file /opt/airflow/dags/transfrom_to_mysql.py for tasks to queue
[2026-05-27T01:44:54.441+0000] {logging_mixin.py:188} INFO - [2026-05-27T01:44:54.441+0000] {dagbag.py:545} INFO - Filling up the DagBag from /opt/airflow/dags/transfrom_to_mysql.py
[2026-05-27T01:44:54.599+0000] {processor.py:842} WARNING - No viable dags retrieved from /opt/airflow/dags/transfrom_to_mysql.py
[2026-05-27T01:44:54.623+0000] {processor.py:183} INFO - Processing /opt/airflow/dags/transfrom_to_mysql.py took 0.191 seconds
[2026-05-27T01:45:25.067+0000] {processor.py:161} INFO - Started process (PID=1048) to work on /opt/airflow/dags/transfrom_to_mysql.py
[2026-05-27T01:45:25.069+0000] {processor.py:830} INFO - Processing file /opt/airflow/dags/transfrom_to_mysql.py for tasks to queue
[2026-05-27T01:45:25.073+0000] {logging_mixin.py:188} INFO - [2026-05-27T01:45:25.072+0000] {dagbag.py:545} INFO - Filling up the DagBag from /opt/airflow/dags/transfrom_to_mysql.py
[2026-05-27T01:45:25.285+0000] {processor.py:842} WARNING - No viable dags retrieved from /opt/airflow/dags/transfrom_to_mysql.py
[2026-05-27T01:45:25.308+0000] {processor.py:183} INFO - Processing /opt/airflow/dags/transfrom_to_mysql.py took 0.252 seconds
[2026-05-27T01:45:55.718+0000] {processor.py:161} INFO - Started process (PID=1173) to work on /opt/airflow/dags/transfrom_to_mysql.py
[2026-05-27T01:45:55.720+0000] {processor.py:830} INFO - Processing file /opt/airflow/dags/transfrom_to_mysql.py for tasks to queue
[2026-05-27T01:45:55.722+0000] {logging_mixin.py:188} INFO - [2026-05-27T01:45:55.722+0000] {dagbag.py:545} INFO - Filling up the DagBag from /opt/airflow/dags/transfrom_to_mysql.py
[2026-05-27T01:45:56.093+0000] {processor.py:842} WARNING - No viable dags retrieved from /opt/airflow/dags/transfrom_to_mysql.py
[2026-05-27T01:45:56.126+0000] {processor.py:183} INFO - Processing /opt/airflow/dags/transfrom_to_mysql.py took 0.418 seconds
[2026-05-27T01:46:26.807+0000] {processor.py:161} INFO - Started process (PID=1264) to work on /opt/airflow/dags/transfrom_to_mysql.py
[2026-05-27T01:46:26.809+0000] {processor.py:830} INFO - Processing file /opt/airflow/dags/transfrom_to_mysql.py for tasks to queue
[2026-05-27T01:46:26.811+0000] {logging_mixin.py:188} INFO - [2026-05-27T01:46:26.811+0000] {dagbag.py:545} INFO - Filling up the DagBag from /opt/airflow/dags/transfrom_to_mysql.py
[2026-05-27T01:46:27.020+0000] {processor.py:842} WARNING - No viable dags retrieved from /opt/airflow/dags/transfrom_to_mysql.py
[2026-05-27T01:46:27.058+0000] {processor.py:183} INFO - Processing /opt/airflow/dags/transfrom_to_mysql.py took 0.260 seconds
[2026-05-27T01:46:57.383+0000] {processor.py:161} INFO - Started process (PID=1305) to work on /opt/airflow/dags/transfrom_to_mysql.py
[2026-05-27T01:46:57.385+0000] {processor.py:830} INFO - Processing file /opt/airflow/dags/transfrom_to_mysql.py for tasks to queue
[2026-05-27T01:46:57.388+0000] {logging_mixin.py:188} INFO - [2026-05-27T01:46:57.387+0000] {dagbag.py:545} INFO - Filling up the DagBag from /opt/airflow/dags/transfrom_to_mysql.py
[2026-05-27T01:46:57.598+0000] {processor.py:842} WARNING - No viable dags retrieved from /opt/airflow/dags/transfrom_to_mysql.py
[2026-05-27T01:46:57.631+0000] {processor.py:183} INFO - Processing /opt/airflow/dags/transfrom_to_mysql.py took 0.259 seconds
[2026-05-27T01:47:27.694+0000] {processor.py:161} INFO - Started process (PID=1408) to work on /opt/airflow/dags/transfrom_to_mysql.py
[2026-05-27T01:47:27.695+0000] {processor.py:830} INFO - Processing file /opt/airflow/dags/transfrom_to_mysql.py for tasks to queue
[2026-05-27T01:47:27.697+0000] {logging_mixin.py:188} INFO - [2026-05-27T01:47:27.697+0000] {dagbag.py:545} INFO - Filling up the DagBag from /opt/airflow/dags/transfrom_to_mysql.py
[2026-05-27T01:47:27.868+0000] {processor.py:842} WARNING - No viable dags retrieved from /opt/airflow/dags/transfrom_to_mysql.py
[2026-05-27T01:47:27.892+0000] {processor.py:183} INFO - Processing /opt/airflow/dags/transfrom_to_mysql.py took 0.207 seconds
[2026-05-27T01:47:58.522+0000] {processor.py:161} INFO - Started process (PID=1535) to work on /opt/airflow/dags/transfrom_to_mysql.py
[2026-05-27T01:47:58.523+0000] {processor.py:830} INFO - Processing file /opt/airflow/dags/transfrom_to_mysql.py for tasks to queue
[2026-05-27T01:47:58.525+0000] {logging_mixin.py:188} INFO - [2026-05-27T01:47:58.525+0000] {dagbag.py:545} INFO - Filling up the DagBag from /opt/airflow/dags/transfrom_to_mysql.py
[2026-05-27T01:47:58.726+0000] {processor.py:842} WARNING - No viable dags retrieved from /opt/airflow/dags/transfrom_to_mysql.py
[2026-05-27T01:47:58.752+0000] {processor.py:183} INFO - Processing /opt/airflow/dags/transfrom_to_mysql.py took 0.236 seconds
[2026-05-27T01:48:29.077+0000] {processor.py:161} INFO - Started process (PID=1555) to work on /opt/airflow/dags/transfrom_to_mysql.py
[2026-05-27T01:48:29.079+0000] {processor.py:830} INFO - Processing file /opt/airflow/dags/transfrom_to_mysql.py for tasks to queue
[2026-05-27T01:48:29.081+0000] {logging_mixin.py:188} INFO - [2026-05-27T01:48:29.081+0000] {dagbag.py:545} INFO - Filling up the DagBag from /opt/airflow/dags/transfrom_to_mysql.py
[2026-05-27T01:48:29.258+0000] {processor.py:842} WARNING - No viable dags retrieved from /opt/airflow/dags/transfrom_to_mysql.py
[2026-05-27T01:48:29.292+0000] {processor.py:183} INFO - Processing /opt/airflow/dags/transfrom_to_mysql.py took 0.223 seconds
[2026-05-27T01:48:59.663+0000] {processor.py:161} INFO - Started process (PID=1678) to work on /opt/airflow/dags/transfrom_to_mysql.py
[2026-05-27T01:48:59.665+0000] {processor.py:830} INFO - Processing file /opt/airflow/dags/transfrom_to_mysql.py for tasks to queue
[2026-05-27T01:48:59.667+0000] {logging_mixin.py:188} INFO - [2026-05-27T01:48:59.667+0000] {dagbag.py:545} INFO - Filling up the DagBag from /opt/airflow/dags/transfrom_to_mysql.py
[2026-05-27T01:48:59.917+0000] {processor.py:842} WARNING - No viable dags retrieved from /opt/airflow/dags/transfrom_to_mysql.py
[2026-05-27T01:48:59.947+0000] {processor.py:183} INFO - Processing /opt/airflow/dags/transfrom_to_mysql.py took 0.292 seconds
[2026-05-27T01:49:30.697+0000] {processor.py:161} INFO - Started process (PID=1799) to work on /opt/airflow/dags/transfrom_to_mysql.py
[2026-05-27T01:49:30.700+0000] {processor.py:830} INFO - Processing file /opt/airflow/dags/transfrom_to_mysql.py for tasks to queue
[2026-05-27T01:49:30.709+0000] {logging_mixin.py:188} INFO - [2026-05-27T01:49:30.708+0000] {dagbag.py:545} INFO - Filling up the DagBag from /opt/airflow/dags/transfrom_to_mysql.py
[2026-05-27T01:49:30.947+0000] {processor.py:842} WARNING - No viable dags retrieved from /opt/airflow/dags/transfrom_to_mysql.py
[2026-05-27T01:49:30.974+0000] {processor.py:183} INFO - Processing /opt/airflow/dags/transfrom_to_mysql.py took 0.297 seconds
[2026-05-27T01:50:01.132+0000] {processor.py:161} INFO - Started process (PID=1821) to work on /opt/airflow/dags/transfrom_to_mysql.py
[2026-05-27T01:50:01.133+0000] {processor.py:830} INFO - Processing file /opt/airflow/dags/transfrom_to_mysql.py for tasks to queue
[2026-05-27T01:50:01.135+0000] {logging_mixin.py:188} INFO - [2026-05-27T01:50:01.135+0000] {dagbag.py:545} INFO - Filling up the DagBag from /opt/airflow/dags/transfrom_to_mysql.py
[2026-05-27T01:50:01.286+0000] {processor.py:842} WARNING - No viable dags retrieved from /opt/airflow/dags/transfrom_to_mysql.py
[2026-05-27T01:50:01.308+0000] {processor.py:183} INFO - Processing /opt/airflow/dags/transfrom_to_mysql.py took 0.184 seconds
[2026-05-27T01:50:31.789+0000] {processor.py:161} INFO - Started process (PID=1947) to work on /opt/airflow/dags/transfrom_to_mysql.py
[2026-05-27T01:50:31.790+0000] {processor.py:830} INFO - Processing file /opt/airflow/dags/transfrom_to_mysql.py for tasks to queue
[2026-05-27T01:50:31.792+0000] {logging_mixin.py:188} INFO - [2026-05-27T01:50:31.792+0000] {dagbag.py:545} INFO - Filling up the DagBag from /opt/airflow/dags/transfrom_to_mysql.py
[2026-05-27T01:50:31.942+0000] {processor.py:842} WARNING - No viable dags retrieved from /opt/airflow/dags/transfrom_to_mysql.py
[2026-05-27T01:50:31.963+0000] {processor.py:183} INFO - Processing /opt/airflow/dags/transfrom_to_mysql.py took 0.182 seconds
[2026-05-27T01:51:02.361+0000] {processor.py:161} INFO - Started process (PID=2074) to work on /opt/airflow/dags/transfrom_to_mysql.py
[2026-05-27T01:51:02.362+0000] {processor.py:830} INFO - Processing file /opt/airflow/dags/transfrom_to_mysql.py for tasks to queue
[2026-05-27T01:51:02.363+0000] {logging_mixin.py:188} INFO - [2026-05-27T01:51:02.363+0000] {dagbag.py:545} INFO - Filling up the DagBag from /opt/airflow/dags/transfrom_to_mysql.py
[2026-05-27T01:51:02.503+0000] {processor.py:842} WARNING - No viable dags retrieved from /opt/airflow/dags/transfrom_to_mysql.py
[2026-05-27T01:51:02.523+0000] {processor.py:183} INFO - Processing /opt/airflow/dags/transfrom_to_mysql.py took 0.168 seconds
[2026-05-27T01:51:33.369+0000] {processor.py:161} INFO - Started process (PID=2179) to work on /opt/airflow/dags/transfrom_to_mysql.py
[2026-05-27T01:51:33.371+0000] {processor.py:830} INFO - Processing file /opt/airflow/dags/transfrom_to_mysql.py for tasks to queue
[2026-05-27T01:51:33.375+0000] {logging_mixin.py:188} INFO - [2026-05-27T01:51:33.374+0000] {dagbag.py:545} INFO - Filling up the DagBag from /opt/airflow/dags/transfrom_to_mysql.py
[2026-05-27T01:51:33.680+0000] {processor.py:842} WARNING - No viable dags retrieved from /opt/airflow/dags/transfrom_to_mysql.py
[2026-05-27T01:51:33.722+0000] {processor.py:183} INFO - Processing /opt/airflow/dags/transfrom_to_mysql.py took 0.368 seconds
[2026-05-27T01:52:03.833+0000] {processor.py:161} INFO - Started process (PID=2209) to work on /opt/airflow/dags/transfrom_to_mysql.py
[2026-05-27T01:52:03.835+0000] {processor.py:830} INFO - Processing file /opt/airflow/dags/transfrom_to_mysql.py for tasks to queue
[2026-05-27T01:52:03.837+0000] {logging_mixin.py:188} INFO - [2026-05-27T01:52:03.837+0000] {dagbag.py:545} INFO - Filling up the DagBag from /opt/airflow/dags/transfrom_to_mysql.py
[2026-05-27T01:52:04.021+0000] {processor.py:842} WARNING - No viable dags retrieved from /opt/airflow/dags/transfrom_to_mysql.py
[2026-05-27T01:52:04.042+0000] {processor.py:183} INFO - Processing /opt/airflow/dags/transfrom_to_mysql.py took 0.217 seconds
[2026-05-27T01:52:34.283+0000] {processor.py:161} INFO - Started process (PID=2333) to work on /opt/airflow/dags/transfrom_to_mysql.py
[2026-05-27T01:52:34.285+0000] {processor.py:830} INFO - Processing file /opt/airflow/dags/transfrom_to_mysql.py for tasks to queue
[2026-05-27T01:52:34.288+0000] {logging_mixin.py:188} INFO - [2026-05-27T01:52:34.288+0000] {dagbag.py:545} INFO - Filling up the DagBag from /opt/airflow/dags/transfrom_to_mysql.py
[2026-05-27T01:52:34.538+0000] {processor.py:842} WARNING - No viable dags retrieved from /opt/airflow/dags/transfrom_to_mysql.py
[2026-05-27T01:52:34.566+0000] {processor.py:183} INFO - Processing /opt/airflow/dags/transfrom_to_mysql.py took 0.294 seconds
[2026-05-27T01:53:05.012+0000] {processor.py:161} INFO - Started process (PID=2449) to work on /opt/airflow/dags/transfrom_to_mysql.py
[2026-05-27T01:53:05.014+0000] {processor.py:830} INFO - Processing file /opt/airflow/dags/transfrom_to_mysql.py for tasks to queue
[2026-05-27T01:53:05.018+0000] {logging_mixin.py:188} INFO - [2026-05-27T01:53:05.017+0000] {dagbag.py:545} INFO - Filling up the DagBag from /opt/airflow/dags/transfrom_to_mysql.py
[2026-05-27T01:53:05.301+0000] {processor.py:842} WARNING - No viable dags retrieved from /opt/airflow/dags/transfrom_to_mysql.py
[2026-05-27T01:53:05.334+0000] {processor.py:183} INFO - Processing /opt/airflow/dags/transfrom_to_mysql.py took 0.334 seconds
[2026-05-27T01:53:36.026+0000] {processor.py:161} INFO - Started process (PID=2466) to work on /opt/airflow/dags/transfrom_to_mysql.py
[2026-05-27T01:53:36.028+0000] {processor.py:830} INFO - Processing file /opt/airflow/dags/transfrom_to_mysql.py for tasks to queue
[2026-05-27T01:53:36.030+0000] {logging_mixin.py:188} INFO - [2026-05-27T01:53:36.030+0000] {dagbag.py:545} INFO - Filling up the DagBag from /opt/airflow/dags/transfrom_to_mysql.py
[2026-05-27T01:53:36.331+0000] {processor.py:842} WARNING - No viable dags retrieved from /opt/airflow/dags/transfrom_to_mysql.py
[2026-05-27T01:53:36.366+0000] {processor.py:183} INFO - Processing /opt/airflow/dags/transfrom_to_mysql.py took 0.349 seconds
[2026-05-27T01:54:06.727+0000] {processor.py:161} INFO - Started process (PID=2586) to work on /opt/airflow/dags/transfrom_to_mysql.py
[2026-05-27T01:54:06.728+0000] {processor.py:830} INFO - Processing file /opt/airflow/dags/transfrom_to_mysql.py for tasks to queue
[2026-05-27T01:54:06.730+0000] {logging_mixin.py:188} INFO - [2026-05-27T01:54:06.730+0000] {dagbag.py:545} INFO - Filling up the DagBag from /opt/airflow/dags/transfrom_to_mysql.py
[2026-05-27T01:54:06.886+0000] {processor.py:842} WARNING - No viable dags retrieved from /opt/airflow/dags/transfrom_to_mysql.py
[2026-05-27T01:54:06.907+0000] {processor.py:183} INFO - Processing /opt/airflow/dags/transfrom_to_mysql.py took 0.188 seconds
[2026-05-27T01:54:37.244+0000] {processor.py:161} INFO - Started process (PID=2707) to work on /opt/airflow/dags/transfrom_to_mysql.py
[2026-05-27T01:54:37.245+0000] {processor.py:830} INFO - Processing file /opt/airflow/dags/transfrom_to_mysql.py for tasks to queue
[2026-05-27T01:54:37.247+0000] {logging_mixin.py:188} INFO - [2026-05-27T01:54:37.246+0000] {dagbag.py:545} INFO - Filling up the DagBag from /opt/airflow/dags/transfrom_to_mysql.py
[2026-05-27T01:54:37.413+0000] {processor.py:842} WARNING - No viable dags retrieved from /opt/airflow/dags/transfrom_to_mysql.py
[2026-05-27T01:54:37.437+0000] {processor.py:183} INFO - Processing /opt/airflow/dags/transfrom_to_mysql.py took 0.200 seconds
[2026-05-27T01:55:07.935+0000] {processor.py:161} INFO - Started process (PID=2810) to work on /opt/airflow/dags/transfrom_to_mysql.py
[2026-05-27T01:55:07.937+0000] {processor.py:830} INFO - Processing file /opt/airflow/dags/transfrom_to_mysql.py for tasks to queue
[2026-05-27T01:55:07.941+0000] {logging_mixin.py:188} INFO - [2026-05-27T01:55:07.940+0000] {dagbag.py:545} INFO - Filling up the DagBag from /opt/airflow/dags/transfrom_to_mysql.py
[2026-05-27T01:55:08.254+0000] {processor.py:842} WARNING - No viable dags retrieved from /opt/airflow/dags/transfrom_to_mysql.py
[2026-05-27T01:55:08.292+0000] {processor.py:183} INFO - Processing /opt/airflow/dags/transfrom_to_mysql.py took 0.372 seconds
[2026-05-27T01:55:38.573+0000] {processor.py:161} INFO - Started process (PID=2840) to work on /opt/airflow/dags/transfrom_to_mysql.py
[2026-05-27T01:55:38.575+0000] {processor.py:830} INFO - Processing file /opt/airflow/dags/transfrom_to_mysql.py for tasks to queue
[2026-05-27T01:55:38.577+0000] {logging_mixin.py:188} INFO - [2026-05-27T01:55:38.576+0000] {dagbag.py:545} INFO - Filling up the DagBag from /opt/airflow/dags/transfrom_to_mysql.py
[2026-05-27T01:55:38.771+0000] {processor.py:842} WARNING - No viable dags retrieved from /opt/airflow/dags/transfrom_to_mysql.py
[2026-05-27T01:55:38.796+0000] {processor.py:183} INFO - Processing /opt/airflow/dags/transfrom_to_mysql.py took 0.229 seconds
[2026-05-27T01:56:09.133+0000] {processor.py:161} INFO - Started process (PID=2963) to work on /opt/airflow/dags/transfrom_to_mysql.py
[2026-05-27T01:56:09.134+0000] {processor.py:830} INFO - Processing file /opt/airflow/dags/transfrom_to_mysql.py for tasks to queue
[2026-05-27T01:56:09.136+0000] {logging_mixin.py:188} INFO - [2026-05-27T01:56:09.135+0000] {dagbag.py:545} INFO - Filling up the DagBag from /opt/airflow/dags/transfrom_to_mysql.py
[2026-05-27T01:56:09.308+0000] {processor.py:842} WARNING - No viable dags retrieved from /opt/airflow/dags/transfrom_to_mysql.py
[2026-05-27T01:56:09.331+0000] {processor.py:183} INFO - Processing /opt/airflow/dags/transfrom_to_mysql.py took 0.205 seconds
[2026-05-27T01:56:39.598+0000] {processor.py:161} INFO - Started process (PID=3088) to work on /opt/airflow/dags/transfrom_to_mysql.py
[2026-05-27T01:56:39.600+0000] {processor.py:830} INFO - Processing file /opt/airflow/dags/transfrom_to_mysql.py for tasks to queue
[2026-05-27T01:56:39.602+0000] {logging_mixin.py:188} INFO - [2026-05-27T01:56:39.602+0000] {dagbag.py:545} INFO - Filling up the DagBag from /opt/airflow/dags/transfrom_to_mysql.py
[2026-05-27T01:56:39.818+0000] {processor.py:842} WARNING - No viable dags retrieved from /opt/airflow/dags/transfrom_to_mysql.py
[2026-05-27T01:56:39.844+0000] {processor.py:183} INFO - Processing /opt/airflow/dags/transfrom_to_mysql.py took 0.257 seconds
[2026-05-27T01:57:10.251+0000] {processor.py:161} INFO - Started process (PID=3129) to work on /opt/airflow/dags/transfrom_to_mysql.py
[2026-05-27T01:57:10.267+0000] {processor.py:830} INFO - Processing file /opt/airflow/dags/transfrom_to_mysql.py for tasks to queue
[2026-05-27T01:57:10.275+0000] {logging_mixin.py:188} INFO - [2026-05-27T01:57:10.272+0000] {dagbag.py:545} INFO - Filling up the DagBag from /opt/airflow/dags/transfrom_to_mysql.py
[2026-05-27T01:57:10.610+0000] {processor.py:842} WARNING - No viable dags retrieved from /opt/airflow/dags/transfrom_to_mysql.py
[2026-05-27T01:57:10.646+0000] {processor.py:183} INFO - Processing /opt/airflow/dags/transfrom_to_mysql.py took 0.430 seconds
[2026-05-27T01:57:40.954+0000] {processor.py:161} INFO - Started process (PID=3223) to work on /opt/airflow/dags/transfrom_to_mysql.py
[2026-05-27T01:57:40.956+0000] {processor.py:830} INFO - Processing file /opt/airflow/dags/transfrom_to_mysql.py for tasks to queue
[2026-05-27T01:57:40.957+0000] {logging_mixin.py:188} INFO - [2026-05-27T01:57:40.957+0000] {dagbag.py:545} INFO - Filling up the DagBag from /opt/airflow/dags/transfrom_to_mysql.py
[2026-05-27T01:57:41.179+0000] {processor.py:842} WARNING - No viable dags retrieved from /opt/airflow/dags/transfrom_to_mysql.py
[2026-05-27T01:57:41.209+0000] {processor.py:183} INFO - Processing /opt/airflow/dags/transfrom_to_mysql.py took 0.263 seconds
[2026-05-27T01:58:11.307+0000] {processor.py:161} INFO - Started process (PID=3345) to work on /opt/airflow/dags/transfrom_to_mysql.py
[2026-05-27T01:58:11.309+0000] {processor.py:830} INFO - Processing file /opt/airflow/dags/transfrom_to_mysql.py for tasks to queue
[2026-05-27T01:58:11.311+0000] {logging_mixin.py:188} INFO - [2026-05-27T01:58:11.311+0000] {dagbag.py:545} INFO - Filling up the DagBag from /opt/airflow/dags/transfrom_to_mysql.py
[2026-05-27T01:58:11.558+0000] {processor.py:842} WARNING - No viable dags retrieved from /opt/airflow/dags/transfrom_to_mysql.py
[2026-05-27T01:58:11.589+0000] {processor.py:183} INFO - Processing /opt/airflow/dags/transfrom_to_mysql.py took 0.293 seconds
[2026-05-27T01:58:42.526+0000] {processor.py:161} INFO - Started process (PID=3442) to work on /opt/airflow/dags/transfrom_to_mysql.py
[2026-05-27T01:58:42.529+0000] {processor.py:830} INFO - Processing file /opt/airflow/dags/transfrom_to_mysql.py for tasks to queue
[2026-05-27T01:58:42.535+0000] {logging_mixin.py:188} INFO - [2026-05-27T01:58:42.534+0000] {dagbag.py:545} INFO - Filling up the DagBag from /opt/airflow/dags/transfrom_to_mysql.py
[2026-05-27T01:58:42.957+0000] {processor.py:842} WARNING - No viable dags retrieved from /opt/airflow/dags/transfrom_to_mysql.py
[2026-05-27T01:58:43.006+0000] {processor.py:183} INFO - Processing /opt/airflow/dags/transfrom_to_mysql.py took 0.497 seconds
[2026-05-27T01:59:13.231+0000] {processor.py:161} INFO - Started process (PID=3482) to work on /opt/airflow/dags/transfrom_to_mysql.py
[2026-05-27T01:59:13.233+0000] {processor.py:830} INFO - Processing file /opt/airflow/dags/transfrom_to_mysql.py for tasks to queue
[2026-05-27T01:59:13.241+0000] {logging_mixin.py:188} INFO - [2026-05-27T01:59:13.240+0000] {dagbag.py:545} INFO - Filling up the DagBag from /opt/airflow/dags/transfrom_to_mysql.py
[2026-05-27T01:59:13.545+0000] {processor.py:842} WARNING - No viable dags retrieved from /opt/airflow/dags/transfrom_to_mysql.py
[2026-05-27T01:59:13.591+0000] {processor.py:183} INFO - Processing /opt/airflow/dags/transfrom_to_mysql.py took 0.382 seconds
[2026-05-27T01:59:43.802+0000] {processor.py:161} INFO - Started process (PID=3600) to work on /opt/airflow/dags/transfrom_to_mysql.py
[2026-05-27T01:59:43.803+0000] {processor.py:830} INFO - Processing file /opt/airflow/dags/transfrom_to_mysql.py for tasks to queue
[2026-05-27T01:59:43.806+0000] {logging_mixin.py:188} INFO - [2026-05-27T01:59:43.805+0000] {dagbag.py:545} INFO - Filling up the DagBag from /opt/airflow/dags/transfrom_to_mysql.py
[2026-05-27T01:59:44.016+0000] {processor.py:842} WARNING - No viable dags retrieved from /opt/airflow/dags/transfrom_to_mysql.py
[2026-05-27T01:59:44.041+0000] {processor.py:183} INFO - Processing /opt/airflow/dags/transfrom_to_mysql.py took 0.251 seconds
[2026-05-27T02:00:15.177+0000] {processor.py:161} INFO - Started process (PID=3694) to work on /opt/airflow/dags/transfrom_to_mysql.py
[2026-05-27T02:00:15.179+0000] {processor.py:830} INFO - Processing file /opt/airflow/dags/transfrom_to_mysql.py for tasks to queue
[2026-05-27T02:00:15.183+0000] {logging_mixin.py:188} INFO - [2026-05-27T02:00:15.183+0000] {dagbag.py:545} INFO - Filling up the DagBag from /opt/airflow/dags/transfrom_to_mysql.py
[2026-05-27T02:00:15.539+0000] {processor.py:842} WARNING - No viable dags retrieved from /opt/airflow/dags/transfrom_to_mysql.py
[2026-05-27T02:00:15.616+0000] {processor.py:183} INFO - Processing /opt/airflow/dags/transfrom_to_mysql.py took 0.452 seconds
[2026-05-27T02:00:45.912+0000] {processor.py:161} INFO - Started process (PID=3734) to work on /opt/airflow/dags/transfrom_to_mysql.py
[2026-05-27T02:00:45.916+0000] {processor.py:830} INFO - Processing file /opt/airflow/dags/transfrom_to_mysql.py for tasks to queue
[2026-05-27T02:00:45.921+0000] {logging_mixin.py:188} INFO - [2026-05-27T02:00:45.920+0000] {dagbag.py:545} INFO - Filling up the DagBag from /opt/airflow/dags/transfrom_to_mysql.py
[2026-05-27T02:00:46.338+0000] {processor.py:842} WARNING - No viable dags retrieved from /opt/airflow/dags/transfrom_to_mysql.py
[2026-05-27T02:00:46.378+0000] {processor.py:183} INFO - Processing /opt/airflow/dags/transfrom_to_mysql.py took 0.489 seconds
[2026-05-27T02:01:16.776+0000] {processor.py:161} INFO - Started process (PID=3856) to work on /opt/airflow/dags/transfrom_to_mysql.py
[2026-05-27T02:01:16.778+0000] {processor.py:830} INFO - Processing file /opt/airflow/dags/transfrom_to_mysql.py for tasks to queue
[2026-05-27T02:01:16.784+0000] {logging_mixin.py:188} INFO - [2026-05-27T02:01:16.782+0000] {dagbag.py:545} INFO - Filling up the DagBag from /opt/airflow/dags/transfrom_to_mysql.py
[2026-05-27T02:01:17.092+0000] {processor.py:842} WARNING - No viable dags retrieved from /opt/airflow/dags/transfrom_to_mysql.py
[2026-05-27T02:01:17.124+0000] {processor.py:183} INFO - Processing /opt/airflow/dags/transfrom_to_mysql.py took 0.363 seconds
[2026-05-27T02:01:47.807+0000] {processor.py:161} INFO - Started process (PID=3977) to work on /opt/airflow/dags/transfrom_to_mysql.py
[2026-05-27T02:01:47.808+0000] {processor.py:830} INFO - Processing file /opt/airflow/dags/transfrom_to_mysql.py for tasks to queue
[2026-05-27T02:01:47.811+0000] {logging_mixin.py:188} INFO - [2026-05-27T02:01:47.811+0000] {dagbag.py:545} INFO - Filling up the DagBag from /opt/airflow/dags/transfrom_to_mysql.py
[2026-05-27T02:01:48.010+0000] {processor.py:842} WARNING - No viable dags retrieved from /opt/airflow/dags/transfrom_to_mysql.py
[2026-05-27T02:01:48.033+0000] {processor.py:183} INFO - Processing /opt/airflow/dags/transfrom_to_mysql.py took 0.237 seconds
[2026-05-27T02:02:18.827+0000] {processor.py:161} INFO - Started process (PID=4000) to work on /opt/airflow/dags/transfrom_to_mysql.py
[2026-05-27T02:02:18.829+0000] {processor.py:830} INFO - Processing file /opt/airflow/dags/transfrom_to_mysql.py for tasks to queue
[2026-05-27T02:02:18.833+0000] {logging_mixin.py:188} INFO - [2026-05-27T02:02:18.832+0000] {dagbag.py:545} INFO - Filling up the DagBag from /opt/airflow/dags/transfrom_to_mysql.py
[2026-05-27T02:02:19.273+0000] {processor.py:842} WARNING - No viable dags retrieved from /opt/airflow/dags/transfrom_to_mysql.py
[2026-05-27T02:02:19.330+0000] {processor.py:183} INFO - Processing /opt/airflow/dags/transfrom_to_mysql.py took 0.516 seconds
[2026-05-27T02:02:49.783+0000] {processor.py:161} INFO - Started process (PID=4110) to work on /opt/airflow/dags/transfrom_to_mysql.py
[2026-05-27T02:02:49.786+0000] {processor.py:830} INFO - Processing file /opt/airflow/dags/transfrom_to_mysql.py for tasks to queue
[2026-05-27T02:02:49.790+0000] {logging_mixin.py:188} INFO - [2026-05-27T02:02:49.790+0000] {dagbag.py:545} INFO - Filling up the DagBag from /opt/airflow/dags/transfrom_to_mysql.py
[2026-05-27T02:02:50.078+0000] {processor.py:842} WARNING - No viable dags retrieved from /opt/airflow/dags/transfrom_to_mysql.py
[2026-05-27T02:02:50.132+0000] {processor.py:183} INFO - Processing /opt/airflow/dags/transfrom_to_mysql.py took 0.365 seconds
[2026-05-27T02:03:20.243+0000] {processor.py:161} INFO - Started process (PID=4231) to work on /opt/airflow/dags/transfrom_to_mysql.py
[2026-05-27T02:03:20.245+0000] {processor.py:830} INFO - Processing file /opt/airflow/dags/transfrom_to_mysql.py for tasks to queue
[2026-05-27T02:03:20.248+0000] {logging_mixin.py:188} INFO - [2026-05-27T02:03:20.247+0000] {dagbag.py:545} INFO - Filling up the DagBag from /opt/airflow/dags/transfrom_to_mysql.py
[2026-05-27T02:03:20.508+0000] {processor.py:842} WARNING - No viable dags retrieved from /opt/airflow/dags/transfrom_to_mysql.py
[2026-05-27T02:03:20.537+0000] {processor.py:183} INFO - Processing /opt/airflow/dags/transfrom_to_mysql.py took 0.305 seconds
[2026-05-27T02:03:51.879+0000] {processor.py:161} INFO - Started process (PID=4352) to work on /opt/airflow/dags/transfrom_to_mysql.py
[2026-05-27T02:03:51.881+0000] {processor.py:830} INFO - Processing file /opt/airflow/dags/transfrom_to_mysql.py for tasks to queue
[2026-05-27T02:03:51.886+0000] {logging_mixin.py:188} INFO - [2026-05-27T02:03:51.885+0000] {dagbag.py:545} INFO - Filling up the DagBag from /opt/airflow/dags/transfrom_to_mysql.py
[2026-05-27T02:03:52.167+0000] {processor.py:842} WARNING - No viable dags retrieved from /opt/airflow/dags/transfrom_to_mysql.py
[2026-05-27T02:03:52.190+0000] {processor.py:183} INFO - Processing /opt/airflow/dags/transfrom_to_mysql.py took 0.328 seconds
[2026-05-27T02:04:22.968+0000] {processor.py:161} INFO - Started process (PID=4385) to work on /opt/airflow/dags/transfrom_to_mysql.py
[2026-05-27T02:04:22.970+0000] {processor.py:830} INFO - Processing file /opt/airflow/dags/transfrom_to_mysql.py for tasks to queue
[2026-05-27T02:04:22.974+0000] {logging_mixin.py:188} INFO - [2026-05-27T02:04:22.973+0000] {dagbag.py:545} INFO - Filling up the DagBag from /opt/airflow/dags/transfrom_to_mysql.py
[2026-05-27T02:04:23.278+0000] {processor.py:842} WARNING - No viable dags retrieved from /opt/airflow/dags/transfrom_to_mysql.py
[2026-05-27T02:04:23.314+0000] {processor.py:183} INFO - Processing /opt/airflow/dags/transfrom_to_mysql.py took 0.361 seconds
[2026-05-27T02:04:53.667+0000] {processor.py:161} INFO - Started process (PID=4502) to work on /opt/airflow/dags/transfrom_to_mysql.py
[2026-05-27T02:04:53.668+0000] {processor.py:830} INFO - Processing file /opt/airflow/dags/transfrom_to_mysql.py for tasks to queue
[2026-05-27T02:04:53.670+0000] {logging_mixin.py:188} INFO - [2026-05-27T02:04:53.670+0000] {dagbag.py:545} INFO - Filling up the DagBag from /opt/airflow/dags/transfrom_to_mysql.py
[2026-05-27T02:04:53.849+0000] {processor.py:842} WARNING - No viable dags retrieved from /opt/airflow/dags/transfrom_to_mysql.py
[2026-05-27T02:04:53.877+0000] {processor.py:183} INFO - Processing /opt/airflow/dags/transfrom_to_mysql.py took 0.218 seconds
[2026-05-27T02:05:24.305+0000] {processor.py:161} INFO - Started process (PID=4626) to work on /opt/airflow/dags/transfrom_to_mysql.py
[2026-05-27T02:05:24.306+0000] {processor.py:830} INFO - Processing file /opt/airflow/dags/transfrom_to_mysql.py for tasks to queue
[2026-05-27T02:05:24.307+0000] {logging_mixin.py:188} INFO - [2026-05-27T02:05:24.307+0000] {dagbag.py:545} INFO - Filling up the DagBag from /opt/airflow/dags/transfrom_to_mysql.py
[2026-05-27T02:05:24.488+0000] {processor.py:842} WARNING - No viable dags retrieved from /opt/airflow/dags/transfrom_to_mysql.py
[2026-05-27T02:05:24.517+0000] {processor.py:183} INFO - Processing /opt/airflow/dags/transfrom_to_mysql.py took 0.219 seconds
[2026-05-27T02:05:54.911+0000] {processor.py:161} INFO - Started process (PID=4732) to work on /opt/airflow/dags/transfrom_to_mysql.py
[2026-05-27T02:05:54.913+0000] {processor.py:830} INFO - Processing file /opt/airflow/dags/transfrom_to_mysql.py for tasks to queue
[2026-05-27T02:05:54.914+0000] {logging_mixin.py:188} INFO - [2026-05-27T02:05:54.914+0000] {dagbag.py:545} INFO - Filling up the DagBag from /opt/airflow/dags/transfrom_to_mysql.py
[2026-05-27T02:05:55.122+0000] {processor.py:842} WARNING - No viable dags retrieved from /opt/airflow/dags/transfrom_to_mysql.py
[2026-05-27T02:05:55.150+0000] {processor.py:183} INFO - Processing /opt/airflow/dags/transfrom_to_mysql.py took 0.247 seconds
[2026-05-27T02:06:26.020+0000] {processor.py:161} INFO - Started process (PID=4823) to work on /opt/airflow/dags/transfrom_to_mysql.py
[2026-05-27T02:06:26.021+0000] {processor.py:830} INFO - Processing file /opt/airflow/dags/transfrom_to_mysql.py for tasks to queue
[2026-05-27T02:06:26.023+0000] {logging_mixin.py:188} INFO - [2026-05-27T02:06:26.022+0000] {dagbag.py:545} INFO - Filling up the DagBag from /opt/airflow/dags/transfrom_to_mysql.py
[2026-05-27T02:06:26.217+0000] {processor.py:842} WARNING - No viable dags retrieved from /opt/airflow/dags/transfrom_to_mysql.py
[2026-05-27T02:06:26.243+0000] {processor.py:183} INFO - Processing /opt/airflow/dags/transfrom_to_mysql.py took 0.233 seconds
[2026-05-27T02:06:56.522+0000] {processor.py:161} INFO - Started process (PID=4873) to work on /opt/airflow/dags/transfrom_to_mysql.py
[2026-05-27T02:06:56.523+0000] {processor.py:830} INFO - Processing file /opt/airflow/dags/transfrom_to_mysql.py for tasks to queue
[2026-05-27T02:06:56.525+0000] {logging_mixin.py:188} INFO - [2026-05-27T02:06:56.525+0000] {dagbag.py:545} INFO - Filling up the DagBag from /opt/airflow/dags/transfrom_to_mysql.py
[2026-05-27T02:06:56.728+0000] {processor.py:842} WARNING - No viable dags retrieved from /opt/airflow/dags/transfrom_to_mysql.py
[2026-05-27T02:06:56.768+0000] {processor.py:183} INFO - Processing /opt/airflow/dags/transfrom_to_mysql.py took 0.254 seconds
[2026-05-27T02:07:27.453+0000] {processor.py:161} INFO - Started process (PID=4962) to work on /opt/airflow/dags/transfrom_to_mysql.py
[2026-05-27T02:07:27.455+0000] {processor.py:830} INFO - Processing file /opt/airflow/dags/transfrom_to_mysql.py for tasks to queue
[2026-05-27T02:07:27.457+0000] {logging_mixin.py:188} INFO - [2026-05-27T02:07:27.456+0000] {dagbag.py:545} INFO - Filling up the DagBag from /opt/airflow/dags/transfrom_to_mysql.py
[2026-05-27T02:07:27.753+0000] {processor.py:842} WARNING - No viable dags retrieved from /opt/airflow/dags/transfrom_to_mysql.py
[2026-05-27T02:07:27.770+0000] {processor.py:183} INFO - Processing /opt/airflow/dags/transfrom_to_mysql.py took 0.326 seconds
[2026-05-27T02:07:57.861+0000] {processor.py:161} INFO - Started process (PID=5003) to work on /opt/airflow/dags/transfrom_to_mysql.py
[2026-05-27T02:07:57.862+0000] {processor.py:830} INFO - Processing file /opt/airflow/dags/transfrom_to_mysql.py for tasks to queue
[2026-05-27T02:07:57.864+0000] {logging_mixin.py:188} INFO - [2026-05-27T02:07:57.864+0000] {dagbag.py:545} INFO - Filling up the DagBag from /opt/airflow/dags/transfrom_to_mysql.py
[2026-05-27T02:07:58.083+0000] {processor.py:842} WARNING - No viable dags retrieved from /opt/airflow/dags/transfrom_to_mysql.py
[2026-05-27T02:07:58.102+0000] {processor.py:183} INFO - Processing /opt/airflow/dags/transfrom_to_mysql.py took 0.249 seconds
[2026-05-27T02:08:28.422+0000] {processor.py:161} INFO - Started process (PID=5109) to work on /opt/airflow/dags/transfrom_to_mysql.py
[2026-05-27T02:08:28.424+0000] {processor.py:830} INFO - Processing file /opt/airflow/dags/transfrom_to_mysql.py for tasks to queue
[2026-05-27T02:08:28.426+0000] {logging_mixin.py:188} INFO - [2026-05-27T02:08:28.425+0000] {dagbag.py:545} INFO - Filling up the DagBag from /opt/airflow/dags/transfrom_to_mysql.py
[2026-05-27T02:08:28.745+0000] {processor.py:842} WARNING - No viable dags retrieved from /opt/airflow/dags/transfrom_to_mysql.py
[2026-05-27T02:08:28.762+0000] {processor.py:183} INFO - Processing /opt/airflow/dags/transfrom_to_mysql.py took 0.349 seconds
[2026-05-27T02:08:59.485+0000] {processor.py:161} INFO - Started process (PID=5213) to work on /opt/airflow/dags/transfrom_to_mysql.py
[2026-05-27T02:08:59.487+0000] {processor.py:830} INFO - Processing file /opt/airflow/dags/transfrom_to_mysql.py for tasks to queue
[2026-05-27T02:08:59.489+0000] {logging_mixin.py:188} INFO - [2026-05-27T02:08:59.489+0000] {dagbag.py:545} INFO - Filling up the DagBag from /opt/airflow/dags/transfrom_to_mysql.py
[2026-05-27T02:08:59.656+0000] {processor.py:842} WARNING - No viable dags retrieved from /opt/airflow/dags/transfrom_to_mysql.py
[2026-05-27T02:08:59.678+0000] {processor.py:183} INFO - Processing /opt/airflow/dags/transfrom_to_mysql.py took 0.202 seconds
[2026-05-27T02:09:30.238+0000] {processor.py:161} INFO - Started process (PID=5239) to work on /opt/airflow/dags/transfrom_to_mysql.py
[2026-05-27T02:09:30.240+0000] {processor.py:830} INFO - Processing file /opt/airflow/dags/transfrom_to_mysql.py for tasks to queue
[2026-05-27T02:09:30.243+0000] {logging_mixin.py:188} INFO - [2026-05-27T02:09:30.242+0000] {dagbag.py:545} INFO - Filling up the DagBag from /opt/airflow/dags/transfrom_to_mysql.py
[2026-05-27T02:09:30.440+0000] {processor.py:842} WARNING - No viable dags retrieved from /opt/airflow/dags/transfrom_to_mysql.py
[2026-05-27T02:09:30.470+0000] {processor.py:183} INFO - Processing /opt/airflow/dags/transfrom_to_mysql.py took 0.243 seconds
[2026-05-27T02:10:00.771+0000] {processor.py:161} INFO - Started process (PID=5350) to work on /opt/airflow/dags/transfrom_to_mysql.py
[2026-05-27T02:10:00.773+0000] {processor.py:830} INFO - Processing file /opt/airflow/dags/transfrom_to_mysql.py for tasks to queue
[2026-05-27T02:10:00.776+0000] {logging_mixin.py:188} INFO - [2026-05-27T02:10:00.776+0000] {dagbag.py:545} INFO - Filling up the DagBag from /opt/airflow/dags/transfrom_to_mysql.py
[2026-05-27T02:10:01.070+0000] {processor.py:842} WARNING - No viable dags retrieved from /opt/airflow/dags/transfrom_to_mysql.py
[2026-05-27T02:10:01.087+0000] {processor.py:183} INFO - Processing /opt/airflow/dags/transfrom_to_mysql.py took 0.327 seconds
[2026-05-27T02:10:32.059+0000] {processor.py:161} INFO - Started process (PID=5470) to work on /opt/airflow/dags/transfrom_to_mysql.py
[2026-05-27T02:10:32.061+0000] {processor.py:830} INFO - Processing file /opt/airflow/dags/transfrom_to_mysql.py for tasks to queue
[2026-05-27T02:10:32.064+0000] {logging_mixin.py:188} INFO - [2026-05-27T02:10:32.063+0000] {dagbag.py:545} INFO - Filling up the DagBag from /opt/airflow/dags/transfrom_to_mysql.py
[2026-05-27T02:10:32.373+0000] {processor.py:842} WARNING - No viable dags retrieved from /opt/airflow/dags/transfrom_to_mysql.py
[2026-05-27T02:10:32.407+0000] {processor.py:183} INFO - Processing /opt/airflow/dags/transfrom_to_mysql.py took 0.360 seconds
[2026-05-27T02:11:02.585+0000] {processor.py:161} INFO - Started process (PID=5483) to work on /opt/airflow/dags/transfrom_to_mysql.py
[2026-05-27T02:11:02.586+0000] {processor.py:830} INFO - Processing file /opt/airflow/dags/transfrom_to_mysql.py for tasks to queue
[2026-05-27T02:11:02.587+0000] {logging_mixin.py:188} INFO - [2026-05-27T02:11:02.587+0000] {dagbag.py:545} INFO - Filling up the DagBag from /opt/airflow/dags/transfrom_to_mysql.py
[2026-05-27T02:11:02.894+0000] {processor.py:842} WARNING - No viable dags retrieved from /opt/airflow/dags/transfrom_to_mysql.py
[2026-05-27T02:11:02.911+0000] {processor.py:183} INFO - Processing /opt/airflow/dags/transfrom_to_mysql.py took 0.334 seconds
[2026-05-27T02:11:33.179+0000] {processor.py:161} INFO - Started process (PID=5605) to work on /opt/airflow/dags/transfrom_to_mysql.py
[2026-05-27T02:11:33.180+0000] {processor.py:830} INFO - Processing file /opt/airflow/dags/transfrom_to_mysql.py for tasks to queue
[2026-05-27T02:11:33.183+0000] {logging_mixin.py:188} INFO - [2026-05-27T02:11:33.182+0000] {dagbag.py:545} INFO - Filling up the DagBag from /opt/airflow/dags/transfrom_to_mysql.py
[2026-05-27T02:11:33.354+0000] {processor.py:842} WARNING - No viable dags retrieved from /opt/airflow/dags/transfrom_to_mysql.py
[2026-05-27T02:11:33.483+0000] {processor.py:183} INFO - Processing /opt/airflow/dags/transfrom_to_mysql.py took 0.311 seconds
[2026-05-27T02:12:03.755+0000] {processor.py:161} INFO - Started process (PID=5727) to work on /opt/airflow/dags/transfrom_to_mysql.py
[2026-05-27T02:12:03.756+0000] {processor.py:830} INFO - Processing file /opt/airflow/dags/transfrom_to_mysql.py for tasks to queue
[2026-05-27T02:12:03.758+0000] {logging_mixin.py:188} INFO - [2026-05-27T02:12:03.758+0000] {dagbag.py:545} INFO - Filling up the DagBag from /opt/airflow/dags/transfrom_to_mysql.py
[2026-05-27T02:12:04.025+0000] {processor.py:842} WARNING - No viable dags retrieved from /opt/airflow/dags/transfrom_to_mysql.py
[2026-05-27T02:12:04.041+0000] {processor.py:183} INFO - Processing /opt/airflow/dags/transfrom_to_mysql.py took 0.293 seconds
[2026-05-27T02:12:34.426+0000] {processor.py:161} INFO - Started process (PID=5821) to work on /opt/airflow/dags/transfrom_to_mysql.py
[2026-05-27T02:12:34.427+0000] {processor.py:830} INFO - Processing file /opt/airflow/dags/transfrom_to_mysql.py for tasks to queue
[2026-05-27T02:12:34.429+0000] {logging_mixin.py:188} INFO - [2026-05-27T02:12:34.429+0000] {dagbag.py:545} INFO - Filling up the DagBag from /opt/airflow/dags/transfrom_to_mysql.py
[2026-05-27T02:12:34.806+0000] {processor.py:842} WARNING - No viable dags retrieved from /opt/airflow/dags/transfrom_to_mysql.py
[2026-05-27T02:12:34.826+0000] {processor.py:183} INFO - Processing /opt/airflow/dags/transfrom_to_mysql.py took 0.406 seconds
[2026-05-27T02:13:05.002+0000] {processor.py:161} INFO - Started process (PID=5862) to work on /opt/airflow/dags/transfrom_to_mysql.py
[2026-05-27T02:13:05.003+0000] {processor.py:830} INFO - Processing file /opt/airflow/dags/transfrom_to_mysql.py for tasks to queue
[2026-05-27T02:13:05.005+0000] {logging_mixin.py:188} INFO - [2026-05-27T02:13:05.005+0000] {dagbag.py:545} INFO - Filling up the DagBag from /opt/airflow/dags/transfrom_to_mysql.py
[2026-05-27T02:13:05.266+0000] {processor.py:842} WARNING - No viable dags retrieved from /opt/airflow/dags/transfrom_to_mysql.py
[2026-05-27T02:13:05.288+0000] {processor.py:183} INFO - Processing /opt/airflow/dags/transfrom_to_mysql.py took 0.293 seconds
[2026-05-27T02:13:35.771+0000] {processor.py:161} INFO - Started process (PID=5983) to work on /opt/airflow/dags/transfrom_to_mysql.py
[2026-05-27T02:13:35.773+0000] {processor.py:830} INFO - Processing file /opt/airflow/dags/transfrom_to_mysql.py for tasks to queue
[2026-05-27T02:13:35.779+0000] {logging_mixin.py:188} INFO - [2026-05-27T02:13:35.777+0000] {dagbag.py:545} INFO - Filling up the DagBag from /opt/airflow/dags/transfrom_to_mysql.py
[2026-05-27T02:13:36.093+0000] {processor.py:842} WARNING - No viable dags retrieved from /opt/airflow/dags/transfrom_to_mysql.py
[2026-05-27T02:13:36.111+0000] {processor.py:183} INFO - Processing /opt/airflow/dags/transfrom_to_mysql.py took 0.352 seconds
[2026-05-27T02:14:06.405+0000] {processor.py:161} INFO - Started process (PID=6103) to work on /opt/airflow/dags/transfrom_to_mysql.py
[2026-05-27T02:14:06.406+0000] {processor.py:830} INFO - Processing file /opt/airflow/dags/transfrom_to_mysql.py for tasks to queue
[2026-05-27T02:14:06.408+0000] {logging_mixin.py:188} INFO - [2026-05-27T02:14:06.407+0000] {dagbag.py:545} INFO - Filling up the DagBag from /opt/airflow/dags/transfrom_to_mysql.py
[2026-05-27T02:14:06.667+0000] {processor.py:842} WARNING - No viable dags retrieved from /opt/airflow/dags/transfrom_to_mysql.py
[2026-05-27T02:14:06.693+0000] {processor.py:183} INFO - Processing /opt/airflow/dags/transfrom_to_mysql.py took 0.294 seconds
[2026-05-27T02:14:37.381+0000] {processor.py:161} INFO - Started process (PID=6203) to work on /opt/airflow/dags/transfrom_to_mysql.py
[2026-05-27T02:14:37.382+0000] {processor.py:830} INFO - Processing file /opt/airflow/dags/transfrom_to_mysql.py for tasks to queue
[2026-05-27T02:14:37.384+0000] {logging_mixin.py:188} INFO - [2026-05-27T02:14:37.384+0000] {dagbag.py:545} INFO - Filling up the DagBag from /opt/airflow/dags/transfrom_to_mysql.py
[2026-05-27T02:14:37.692+0000] {processor.py:842} WARNING - No viable dags retrieved from /opt/airflow/dags/transfrom_to_mysql.py
[2026-05-27T02:14:37.713+0000] {processor.py:183} INFO - Processing /opt/airflow/dags/transfrom_to_mysql.py took 0.339 seconds
[2026-05-27T02:15:07.946+0000] {processor.py:161} INFO - Started process (PID=6238) to work on /opt/airflow/dags/transfrom_to_mysql.py
[2026-05-27T02:15:07.947+0000] {processor.py:830} INFO - Processing file /opt/airflow/dags/transfrom_to_mysql.py for tasks to queue
[2026-05-27T02:15:07.949+0000] {logging_mixin.py:188} INFO - [2026-05-27T02:15:07.948+0000] {dagbag.py:545} INFO - Filling up the DagBag from /opt/airflow/dags/transfrom_to_mysql.py
[2026-05-27T02:15:08.240+0000] {processor.py:842} WARNING - No viable dags retrieved from /opt/airflow/dags/transfrom_to_mysql.py
[2026-05-27T02:15:08.259+0000] {processor.py:183} INFO - Processing /opt/airflow/dags/transfrom_to_mysql.py took 0.319 seconds
[2026-05-27T02:15:38.475+0000] {processor.py:161} INFO - Started process (PID=6360) to work on /opt/airflow/dags/transfrom_to_mysql.py
[2026-05-27T02:15:38.476+0000] {processor.py:830} INFO - Processing file /opt/airflow/dags/transfrom_to_mysql.py for tasks to queue
[2026-05-27T02:15:38.477+0000] {logging_mixin.py:188} INFO - [2026-05-27T02:15:38.477+0000] {dagbag.py:545} INFO - Filling up the DagBag from /opt/airflow/dags/transfrom_to_mysql.py
[2026-05-27T02:15:38.728+0000] {processor.py:842} WARNING - No viable dags retrieved from /opt/airflow/dags/transfrom_to_mysql.py
[2026-05-27T02:15:38.746+0000] {processor.py:183} INFO - Processing /opt/airflow/dags/transfrom_to_mysql.py took 0.278 seconds
[2026-05-27T02:16:08.838+0000] {processor.py:161} INFO - Started process (PID=6482) to work on /opt/airflow/dags/transfrom_to_mysql.py
[2026-05-27T02:16:08.839+0000] {processor.py:830} INFO - Processing file /opt/airflow/dags/transfrom_to_mysql.py for tasks to queue
[2026-05-27T02:16:08.841+0000] {logging_mixin.py:188} INFO - [2026-05-27T02:16:08.841+0000] {dagbag.py:545} INFO - Filling up the DagBag from /opt/airflow/dags/transfrom_to_mysql.py
[2026-05-27T02:16:09.115+0000] {processor.py:842} WARNING - No viable dags retrieved from /opt/airflow/dags/transfrom_to_mysql.py
[2026-05-27T02:16:09.138+0000] {processor.py:183} INFO - Processing /opt/airflow/dags/transfrom_to_mysql.py took 0.306 seconds
[2026-05-27T02:16:39.486+0000] {processor.py:161} INFO - Started process (PID=6575) to work on /opt/airflow/dags/transfrom_to_mysql.py
[2026-05-27T02:16:39.488+0000] {processor.py:830} INFO - Processing file /opt/airflow/dags/transfrom_to_mysql.py for tasks to queue
[2026-05-27T02:16:39.490+0000] {logging_mixin.py:188} INFO - [2026-05-27T02:16:39.490+0000] {dagbag.py:545} INFO - Filling up the DagBag from /opt/airflow/dags/transfrom_to_mysql.py
[2026-05-27T02:16:39.787+0000] {processor.py:842} WARNING - No viable dags retrieved from /opt/airflow/dags/transfrom_to_mysql.py
[2026-05-27T02:16:39.808+0000] {processor.py:183} INFO - Processing /opt/airflow/dags/transfrom_to_mysql.py took 0.330 seconds
[2026-05-27T02:17:09.948+0000] {processor.py:161} INFO - Started process (PID=6615) to work on /opt/airflow/dags/transfrom_to_mysql.py
[2026-05-27T02:17:09.949+0000] {processor.py:830} INFO - Processing file /opt/airflow/dags/transfrom_to_mysql.py for tasks to queue
[2026-05-27T02:17:09.951+0000] {logging_mixin.py:188} INFO - [2026-05-27T02:17:09.951+0000] {dagbag.py:545} INFO - Filling up the DagBag from /opt/airflow/dags/transfrom_to_mysql.py
[2026-05-27T02:17:10.202+0000] {processor.py:842} WARNING - No viable dags retrieved from /opt/airflow/dags/transfrom_to_mysql.py
[2026-05-27T02:17:10.219+0000] {processor.py:183} INFO - Processing /opt/airflow/dags/transfrom_to_mysql.py took 0.277 seconds
[2026-05-27T02:17:40.578+0000] {processor.py:161} INFO - Started process (PID=6736) to work on /opt/airflow/dags/transfrom_to_mysql.py
[2026-05-27T02:17:40.579+0000] {processor.py:830} INFO - Processing file /opt/airflow/dags/transfrom_to_mysql.py for tasks to queue
[2026-05-27T02:17:40.581+0000] {logging_mixin.py:188} INFO - [2026-05-27T02:17:40.580+0000] {dagbag.py:545} INFO - Filling up the DagBag from /opt/airflow/dags/transfrom_to_mysql.py
[2026-05-27T02:17:40.877+0000] {processor.py:842} WARNING - No viable dags retrieved from /opt/airflow/dags/transfrom_to_mysql.py
[2026-05-27T02:17:40.900+0000] {processor.py:183} INFO - Processing /opt/airflow/dags/transfrom_to_mysql.py took 0.328 seconds
[2026-05-27T02:18:11.876+0000] {processor.py:161} INFO - Started process (PID=6854) to work on /opt/airflow/dags/transfrom_to_mysql.py
[2026-05-27T02:18:11.877+0000] {processor.py:830} INFO - Processing file /opt/airflow/dags/transfrom_to_mysql.py for tasks to queue
[2026-05-27T02:18:11.879+0000] {logging_mixin.py:188} INFO - [2026-05-27T02:18:11.879+0000] {dagbag.py:545} INFO - Filling up the DagBag from /opt/airflow/dags/transfrom_to_mysql.py
[2026-05-27T02:18:12.302+0000] {processor.py:842} WARNING - No viable dags retrieved from /opt/airflow/dags/transfrom_to_mysql.py
[2026-05-27T02:18:12.324+0000] {processor.py:183} INFO - Processing /opt/airflow/dags/transfrom_to_mysql.py took 0.457 seconds
[2026-05-27T02:18:42.479+0000] {processor.py:161} INFO - Started process (PID=6876) to work on /opt/airflow/dags/transfrom_to_mysql.py
[2026-05-27T02:18:42.481+0000] {processor.py:830} INFO - Processing file /opt/airflow/dags/transfrom_to_mysql.py for tasks to queue
[2026-05-27T02:18:42.483+0000] {logging_mixin.py:188} INFO - [2026-05-27T02:18:42.483+0000] {dagbag.py:545} INFO - Filling up the DagBag from /opt/airflow/dags/transfrom_to_mysql.py
[2026-05-27T02:18:42.750+0000] {processor.py:842} WARNING - No viable dags retrieved from /opt/airflow/dags/transfrom_to_mysql.py
[2026-05-27T02:18:42.769+0000] {processor.py:183} INFO - Processing /opt/airflow/dags/transfrom_to_mysql.py took 0.298 seconds
[2026-05-27T02:19:13.046+0000] {processor.py:161} INFO - Started process (PID=6997) to work on /opt/airflow/dags/transfrom_to_mysql.py
[2026-05-27T02:19:13.047+0000] {processor.py:830} INFO - Processing file /opt/airflow/dags/transfrom_to_mysql.py for tasks to queue
[2026-05-27T02:19:13.049+0000] {logging_mixin.py:188} INFO - [2026-05-27T02:19:13.049+0000] {dagbag.py:545} INFO - Filling up the DagBag from /opt/airflow/dags/transfrom_to_mysql.py
[2026-05-27T02:19:13.356+0000] {processor.py:842} WARNING - No viable dags retrieved from /opt/airflow/dags/transfrom_to_mysql.py
[2026-05-27T02:19:13.374+0000] {processor.py:183} INFO - Processing /opt/airflow/dags/transfrom_to_mysql.py took 0.335 seconds
[2026-05-27T02:19:44.046+0000] {processor.py:161} INFO - Started process (PID=7098) to work on /opt/airflow/dags/transfrom_to_mysql.py
[2026-05-27T02:19:44.047+0000] {processor.py:830} INFO - Processing file /opt/airflow/dags/transfrom_to_mysql.py for tasks to queue
[2026-05-27T02:19:44.049+0000] {logging_mixin.py:188} INFO - [2026-05-27T02:19:44.048+0000] {dagbag.py:545} INFO - Filling up the DagBag from /opt/airflow/dags/transfrom_to_mysql.py
[2026-05-27T02:19:44.308+0000] {processor.py:842} WARNING - No viable dags retrieved from /opt/airflow/dags/transfrom_to_mysql.py
[2026-05-27T02:19:44.329+0000] {processor.py:183} INFO - Processing /opt/airflow/dags/transfrom_to_mysql.py took 0.290 seconds
[2026-05-27T02:20:14.735+0000] {processor.py:161} INFO - Started process (PID=7138) to work on /opt/airflow/dags/transfrom_to_mysql.py
[2026-05-27T02:20:14.736+0000] {processor.py:830} INFO - Processing file /opt/airflow/dags/transfrom_to_mysql.py for tasks to queue
[2026-05-27T02:20:14.738+0000] {logging_mixin.py:188} INFO - [2026-05-27T02:20:14.737+0000] {dagbag.py:545} INFO - Filling up the DagBag from /opt/airflow/dags/transfrom_to_mysql.py
[2026-05-27T02:20:15.000+0000] {processor.py:842} WARNING - No viable dags retrieved from /opt/airflow/dags/transfrom_to_mysql.py
[2026-05-27T02:20:15.019+0000] {processor.py:183} INFO - Processing /opt/airflow/dags/transfrom_to_mysql.py took 0.291 seconds
[2026-05-27T02:20:45.387+0000] {processor.py:161} INFO - Started process (PID=7266) to work on /opt/airflow/dags/transfrom_to_mysql.py
[2026-05-27T02:20:45.388+0000] {processor.py:830} INFO - Processing file /opt/airflow/dags/transfrom_to_mysql.py for tasks to queue
[2026-05-27T02:20:45.390+0000] {logging_mixin.py:188} INFO - [2026-05-27T02:20:45.390+0000] {dagbag.py:545} INFO - Filling up the DagBag from /opt/airflow/dags/transfrom_to_mysql.py
[2026-05-27T02:20:45.695+0000] {processor.py:842} WARNING - No viable dags retrieved from /opt/airflow/dags/transfrom_to_mysql.py
[2026-05-27T02:20:45.715+0000] {processor.py:183} INFO - Processing /opt/airflow/dags/transfrom_to_mysql.py took 0.353 seconds
[2026-05-27T02:21:16.680+0000] {processor.py:161} INFO - Started process (PID=7371) to work on /opt/airflow/dags/transfrom_to_mysql.py
[2026-05-27T02:21:16.683+0000] {processor.py:830} INFO - Processing file /opt/airflow/dags/transfrom_to_mysql.py for tasks to queue
[2026-05-27T02:21:16.687+0000] {logging_mixin.py:188} INFO - [2026-05-27T02:21:16.686+0000] {dagbag.py:545} INFO - Filling up the DagBag from /opt/airflow/dags/transfrom_to_mysql.py
[2026-05-27T02:21:17.166+0000] {processor.py:842} WARNING - No viable dags retrieved from /opt/airflow/dags/transfrom_to_mysql.py
[2026-05-27T02:21:17.191+0000] {processor.py:183} INFO - Processing /opt/airflow/dags/transfrom_to_mysql.py took 0.526 seconds
[2026-05-27T02:21:47.262+0000] {processor.py:161} INFO - Started process (PID=7400) to work on /opt/airflow/dags/transfrom_to_mysql.py
[2026-05-27T02:21:47.263+0000] {processor.py:830} INFO - Processing file /opt/airflow/dags/transfrom_to_mysql.py for tasks to queue
[2026-05-27T02:21:47.265+0000] {logging_mixin.py:188} INFO - [2026-05-27T02:21:47.265+0000] {dagbag.py:545} INFO - Filling up the DagBag from /opt/airflow/dags/transfrom_to_mysql.py
[2026-05-27T02:21:47.624+0000] {processor.py:842} WARNING - No viable dags retrieved from /opt/airflow/dags/transfrom_to_mysql.py
[2026-05-27T02:21:47.650+0000] {processor.py:183} INFO - Processing /opt/airflow/dags/transfrom_to_mysql.py took 0.395 seconds
[2026-05-27T02:22:17.948+0000] {processor.py:161} INFO - Started process (PID=7527) to work on /opt/airflow/dags/transfrom_to_mysql.py
[2026-05-27T02:22:17.950+0000] {processor.py:830} INFO - Processing file /opt/airflow/dags/transfrom_to_mysql.py for tasks to queue
[2026-05-27T02:22:17.952+0000] {logging_mixin.py:188} INFO - [2026-05-27T02:22:17.952+0000] {dagbag.py:545} INFO - Filling up the DagBag from /opt/airflow/dags/transfrom_to_mysql.py
[2026-05-27T02:22:18.196+0000] {processor.py:842} WARNING - No viable dags retrieved from /opt/airflow/dags/transfrom_to_mysql.py
[2026-05-27T02:22:18.213+0000] {processor.py:183} INFO - Processing /opt/airflow/dags/transfrom_to_mysql.py took 0.273 seconds
[2026-05-27T02:22:48.724+0000] {processor.py:161} INFO - Started process (PID=7648) to work on /opt/airflow/dags/transfrom_to_mysql.py
[2026-05-27T02:22:48.726+0000] {processor.py:830} INFO - Processing file /opt/airflow/dags/transfrom_to_mysql.py for tasks to queue
[2026-05-27T02:22:48.728+0000] {logging_mixin.py:188} INFO - [2026-05-27T02:22:48.727+0000] {dagbag.py:545} INFO - Filling up the DagBag from /opt/airflow/dags/transfrom_to_mysql.py
[2026-05-27T02:22:49.009+0000] {processor.py:842} WARNING - No viable dags retrieved from /opt/airflow/dags/transfrom_to_mysql.py
[2026-05-27T02:22:49.030+0000] {processor.py:183} INFO - Processing /opt/airflow/dags/transfrom_to_mysql.py took 0.315 seconds
[2026-05-27T02:23:19.354+0000] {processor.py:161} INFO - Started process (PID=7670) to work on /opt/airflow/dags/transfrom_to_mysql.py
[2026-05-27T02:23:19.355+0000] {processor.py:830} INFO - Processing file /opt/airflow/dags/transfrom_to_mysql.py for tasks to queue
[2026-05-27T02:23:19.356+0000] {logging_mixin.py:188} INFO - [2026-05-27T02:23:19.356+0000] {dagbag.py:545} INFO - Filling up the DagBag from /opt/airflow/dags/transfrom_to_mysql.py
[2026-05-27T02:23:19.638+0000] {processor.py:842} WARNING - No viable dags retrieved from /opt/airflow/dags/transfrom_to_mysql.py
[2026-05-27T02:23:19.667+0000] {processor.py:183} INFO - Processing /opt/airflow/dags/transfrom_to_mysql.py took 0.320 seconds
[2026-05-27T02:23:49.993+0000] {processor.py:161} INFO - Started process (PID=7800) to work on /opt/airflow/dags/transfrom_to_mysql.py
[2026-05-27T02:23:49.994+0000] {processor.py:830} INFO - Processing file /opt/airflow/dags/transfrom_to_mysql.py for tasks to queue
[2026-05-27T02:23:49.996+0000] {logging_mixin.py:188} INFO - [2026-05-27T02:23:49.996+0000] {dagbag.py:545} INFO - Filling up the DagBag from /opt/airflow/dags/transfrom_to_mysql.py
[2026-05-27T02:23:50.292+0000] {processor.py:842} WARNING - No viable dags retrieved from /opt/airflow/dags/transfrom_to_mysql.py
[2026-05-27T02:23:50.312+0000] {processor.py:183} INFO - Processing /opt/airflow/dags/transfrom_to_mysql.py took 0.326 seconds
[2026-05-27T02:24:21.011+0000] {processor.py:161} INFO - Started process (PID=7893) to work on /opt/airflow/dags/transfrom_to_mysql.py
[2026-05-27T02:24:21.012+0000] {processor.py:830} INFO - Processing file /opt/airflow/dags/transfrom_to_mysql.py for tasks to queue
[2026-05-27T02:24:21.015+0000] {logging_mixin.py:188} INFO - [2026-05-27T02:24:21.014+0000] {dagbag.py:545} INFO - Filling up the DagBag from /opt/airflow/dags/transfrom_to_mysql.py
[2026-05-27T02:24:21.180+0000] {processor.py:842} WARNING - No viable dags retrieved from /opt/airflow/dags/transfrom_to_mysql.py
[2026-05-27T02:24:21.198+0000] {processor.py:183} INFO - Processing /opt/airflow/dags/transfrom_to_mysql.py took 0.197 seconds
[2026-05-27T02:24:51.284+0000] {processor.py:161} INFO - Started process (PID=7932) to work on /opt/airflow/dags/transfrom_to_mysql.py
[2026-05-27T02:24:51.285+0000] {processor.py:830} INFO - Processing file /opt/airflow/dags/transfrom_to_mysql.py for tasks to queue
[2026-05-27T02:24:51.287+0000] {logging_mixin.py:188} INFO - [2026-05-27T02:24:51.286+0000] {dagbag.py:545} INFO - Filling up the DagBag from /opt/airflow/dags/transfrom_to_mysql.py
[2026-05-27T02:24:51.434+0000] {processor.py:842} WARNING - No viable dags retrieved from /opt/airflow/dags/transfrom_to_mysql.py
[2026-05-27T02:24:51.456+0000] {processor.py:183} INFO - Processing /opt/airflow/dags/transfrom_to_mysql.py took 0.178 seconds
[2026-05-27T02:25:22.146+0000] {processor.py:161} INFO - Started process (PID=8067) to work on /opt/airflow/dags/transfrom_to_mysql.py
[2026-05-27T02:25:22.147+0000] {processor.py:830} INFO - Processing file /opt/airflow/dags/transfrom_to_mysql.py for tasks to queue
[2026-05-27T02:25:22.149+0000] {logging_mixin.py:188} INFO - [2026-05-27T02:25:22.149+0000] {dagbag.py:545} INFO - Filling up the DagBag from /opt/airflow/dags/transfrom_to_mysql.py
[2026-05-27T02:25:22.292+0000] {processor.py:842} WARNING - No viable dags retrieved from /opt/airflow/dags/transfrom_to_mysql.py
[2026-05-27T02:25:22.311+0000] {processor.py:183} INFO - Processing /opt/airflow/dags/transfrom_to_mysql.py took 0.172 seconds
[2026-05-27T02:25:52.665+0000] {processor.py:161} INFO - Started process (PID=8078) to work on /opt/airflow/dags/transfrom_to_mysql.py
[2026-05-27T02:25:52.667+0000] {processor.py:830} INFO - Processing file /opt/airflow/dags/transfrom_to_mysql.py for tasks to queue
[2026-05-27T02:25:52.669+0000] {logging_mixin.py:188} INFO - [2026-05-27T02:25:52.668+0000] {dagbag.py:545} INFO - Filling up the DagBag from /opt/airflow/dags/transfrom_to_mysql.py
[2026-05-27T02:25:52.837+0000] {processor.py:842} WARNING - No viable dags retrieved from /opt/airflow/dags/transfrom_to_mysql.py
[2026-05-27T02:25:52.860+0000] {processor.py:183} INFO - Processing /opt/airflow/dags/transfrom_to_mysql.py took 0.203 seconds
[2026-05-27T02:26:23.227+0000] {processor.py:161} INFO - Started process (PID=8211) to work on /opt/airflow/dags/transfrom_to_mysql.py
[2026-05-27T02:26:23.228+0000] {processor.py:830} INFO - Processing file /opt/airflow/dags/transfrom_to_mysql.py for tasks to queue
[2026-05-27T02:26:23.230+0000] {logging_mixin.py:188} INFO - [2026-05-27T02:26:23.229+0000] {dagbag.py:545} INFO - Filling up the DagBag from /opt/airflow/dags/transfrom_to_mysql.py
[2026-05-27T02:26:23.390+0000] {processor.py:842} WARNING - No viable dags retrieved from /opt/airflow/dags/transfrom_to_mysql.py
[2026-05-27T02:26:23.413+0000] {processor.py:183} INFO - Processing /opt/airflow/dags/transfrom_to_mysql.py took 0.192 seconds
[2026-05-27T02:26:54.127+0000] {processor.py:161} INFO - Started process (PID=8333) to work on /opt/airflow/dags/transfrom_to_mysql.py
[2026-05-27T02:26:54.128+0000] {processor.py:830} INFO - Processing file /opt/airflow/dags/transfrom_to_mysql.py for tasks to queue
[2026-05-27T02:26:54.132+0000] {logging_mixin.py:188} INFO - [2026-05-27T02:26:54.131+0000] {dagbag.py:545} INFO - Filling up the DagBag from /opt/airflow/dags/transfrom_to_mysql.py
[2026-05-27T02:26:54.429+0000] {processor.py:842} WARNING - No viable dags retrieved from /opt/airflow/dags/transfrom_to_mysql.py
[2026-05-27T02:26:54.455+0000] {processor.py:183} INFO - Processing /opt/airflow/dags/transfrom_to_mysql.py took 0.340 seconds
[2026-05-27T02:27:24.753+0000] {processor.py:161} INFO - Started process (PID=8353) to work on /opt/airflow/dags/transfrom_to_mysql.py
[2026-05-27T02:27:24.754+0000] {processor.py:830} INFO - Processing file /opt/airflow/dags/transfrom_to_mysql.py for tasks to queue
[2026-05-27T02:27:24.756+0000] {logging_mixin.py:188} INFO - [2026-05-27T02:27:24.756+0000] {dagbag.py:545} INFO - Filling up the DagBag from /opt/airflow/dags/transfrom_to_mysql.py
[2026-05-27T02:27:24.910+0000] {processor.py:842} WARNING - No viable dags retrieved from /opt/airflow/dags/transfrom_to_mysql.py
[2026-05-27T02:27:24.933+0000] {processor.py:183} INFO - Processing /opt/airflow/dags/transfrom_to_mysql.py took 0.186 seconds
[2026-05-27T02:27:55.324+0000] {processor.py:161} INFO - Started process (PID=8477) to work on /opt/airflow/dags/transfrom_to_mysql.py
[2026-05-27T02:27:55.325+0000] {processor.py:830} INFO - Processing file /opt/airflow/dags/transfrom_to_mysql.py for tasks to queue
[2026-05-27T02:27:55.326+0000] {logging_mixin.py:188} INFO - [2026-05-27T02:27:55.326+0000] {dagbag.py:545} INFO - Filling up the DagBag from /opt/airflow/dags/transfrom_to_mysql.py
[2026-05-27T02:27:55.468+0000] {processor.py:842} WARNING - No viable dags retrieved from /opt/airflow/dags/transfrom_to_mysql.py
[2026-05-27T02:27:55.489+0000] {processor.py:183} INFO - Processing /opt/airflow/dags/transfrom_to_mysql.py took 0.171 seconds
[2026-05-27T02:28:26.120+0000] {processor.py:161} INFO - Started process (PID=8566) to work on /opt/airflow/dags/transfrom_to_mysql.py
[2026-05-27T02:28:26.121+0000] {processor.py:830} INFO - Processing file /opt/airflow/dags/transfrom_to_mysql.py for tasks to queue
[2026-05-27T02:28:26.122+0000] {logging_mixin.py:188} INFO - [2026-05-27T02:28:26.122+0000] {dagbag.py:545} INFO - Filling up the DagBag from /opt/airflow/dags/transfrom_to_mysql.py
[2026-05-27T02:28:26.267+0000] {processor.py:842} WARNING - No viable dags retrieved from /opt/airflow/dags/transfrom_to_mysql.py
[2026-05-27T02:28:26.285+0000] {processor.py:183} INFO - Processing /opt/airflow/dags/transfrom_to_mysql.py took 0.172 seconds
[2026-05-27T02:28:56.399+0000] {processor.py:161} INFO - Started process (PID=8607) to work on /opt/airflow/dags/transfrom_to_mysql.py
[2026-05-27T02:28:56.400+0000] {processor.py:830} INFO - Processing file /opt/airflow/dags/transfrom_to_mysql.py for tasks to queue
[2026-05-27T02:28:56.401+0000] {logging_mixin.py:188} INFO - [2026-05-27T02:28:56.401+0000] {dagbag.py:545} INFO - Filling up the DagBag from /opt/airflow/dags/transfrom_to_mysql.py
[2026-05-27T02:28:56.550+0000] {processor.py:842} WARNING - No viable dags retrieved from /opt/airflow/dags/transfrom_to_mysql.py
[2026-05-27T02:28:56.569+0000] {processor.py:183} INFO - Processing /opt/airflow/dags/transfrom_to_mysql.py took 0.177 seconds
[2026-05-27T02:29:26.889+0000] {processor.py:161} INFO - Started process (PID=8712) to work on /opt/airflow/dags/transfrom_to_mysql.py
[2026-05-27T02:29:26.890+0000] {processor.py:830} INFO - Processing file /opt/airflow/dags/transfrom_to_mysql.py for tasks to queue
[2026-05-27T02:29:26.891+0000] {logging_mixin.py:188} INFO - [2026-05-27T02:29:26.891+0000] {dagbag.py:545} INFO - Filling up the DagBag from /opt/airflow/dags/transfrom_to_mysql.py
[2026-05-27T02:29:27.033+0000] {processor.py:842} WARNING - No viable dags retrieved from /opt/airflow/dags/transfrom_to_mysql.py
[2026-05-27T02:29:27.053+0000] {processor.py:183} INFO - Processing /opt/airflow/dags/transfrom_to_mysql.py took 0.171 seconds
[2026-05-27T02:29:57.372+0000] {processor.py:161} INFO - Started process (PID=8832) to work on /opt/airflow/dags/transfrom_to_mysql.py
[2026-05-27T02:29:57.374+0000] {processor.py:830} INFO - Processing file /opt/airflow/dags/transfrom_to_mysql.py for tasks to queue
[2026-05-27T02:29:57.377+0000] {logging_mixin.py:188} INFO - [2026-05-27T02:29:57.376+0000] {dagbag.py:545} INFO - Filling up the DagBag from /opt/airflow/dags/transfrom_to_mysql.py
[2026-05-27T02:29:57.528+0000] {processor.py:842} WARNING - No viable dags retrieved from /opt/airflow/dags/transfrom_to_mysql.py
[2026-05-27T02:29:57.547+0000] {processor.py:183} INFO - Processing /opt/airflow/dags/transfrom_to_mysql.py took 0.181 seconds
[2026-05-27T02:30:28.274+0000] {processor.py:161} INFO - Started process (PID=8922) to work on /opt/airflow/dags/transfrom_to_mysql.py
[2026-05-27T02:30:28.275+0000] {processor.py:830} INFO - Processing file /opt/airflow/dags/transfrom_to_mysql.py for tasks to queue
[2026-05-27T02:30:28.277+0000] {logging_mixin.py:188} INFO - [2026-05-27T02:30:28.277+0000] {dagbag.py:545} INFO - Filling up the DagBag from /opt/airflow/dags/transfrom_to_mysql.py
[2026-05-27T02:30:28.437+0000] {processor.py:842} WARNING - No viable dags retrieved from /opt/airflow/dags/transfrom_to_mysql.py
[2026-05-27T02:30:28.456+0000] {processor.py:183} INFO - Processing /opt/airflow/dags/transfrom_to_mysql.py took 0.190 seconds
[2026-05-27T02:30:58.549+0000] {processor.py:161} INFO - Started process (PID=8966) to work on /opt/airflow/dags/transfrom_to_mysql.py
[2026-05-27T02:30:58.550+0000] {processor.py:830} INFO - Processing file /opt/airflow/dags/transfrom_to_mysql.py for tasks to queue
[2026-05-27T02:30:58.552+0000] {logging_mixin.py:188} INFO - [2026-05-27T02:30:58.552+0000] {dagbag.py:545} INFO - Filling up the DagBag from /opt/airflow/dags/transfrom_to_mysql.py
[2026-05-27T02:30:58.725+0000] {processor.py:842} WARNING - No viable dags retrieved from /opt/airflow/dags/transfrom_to_mysql.py
[2026-05-27T02:30:58.745+0000] {processor.py:183} INFO - Processing /opt/airflow/dags/transfrom_to_mysql.py took 0.202 seconds
[2026-05-27T02:31:29.069+0000] {processor.py:161} INFO - Started process (PID=9088) to work on /opt/airflow/dags/transfrom_to_mysql.py
[2026-05-27T02:31:29.071+0000] {processor.py:830} INFO - Processing file /opt/airflow/dags/transfrom_to_mysql.py for tasks to queue
[2026-05-27T02:31:29.074+0000] {logging_mixin.py:188} INFO - [2026-05-27T02:31:29.073+0000] {dagbag.py:545} INFO - Filling up the DagBag from /opt/airflow/dags/transfrom_to_mysql.py
[2026-05-27T02:31:29.242+0000] {processor.py:842} WARNING - No viable dags retrieved from /opt/airflow/dags/transfrom_to_mysql.py
[2026-05-27T02:31:29.264+0000] {processor.py:183} INFO - Processing /opt/airflow/dags/transfrom_to_mysql.py took 0.205 seconds
[2026-05-27T02:31:59.919+0000] {processor.py:161} INFO - Started process (PID=9184) to work on /opt/airflow/dags/transfrom_to_mysql.py
[2026-05-27T02:31:59.921+0000] {processor.py:830} INFO - Processing file /opt/airflow/dags/transfrom_to_mysql.py for tasks to queue
[2026-05-27T02:31:59.924+0000] {logging_mixin.py:188} INFO - [2026-05-27T02:31:59.923+0000] {dagbag.py:545} INFO - Filling up the DagBag from /opt/airflow/dags/transfrom_to_mysql.py
[2026-05-27T02:32:00.151+0000] {processor.py:842} WARNING - No viable dags retrieved from /opt/airflow/dags/transfrom_to_mysql.py
[2026-05-27T02:32:00.180+0000] {processor.py:183} INFO - Processing /opt/airflow/dags/transfrom_to_mysql.py took 0.270 seconds
[2026-05-27T02:32:30.509+0000] {processor.py:161} INFO - Started process (PID=9218) to work on /opt/airflow/dags/transfrom_to_mysql.py
[2026-05-27T02:32:30.510+0000] {processor.py:830} INFO - Processing file /opt/airflow/dags/transfrom_to_mysql.py for tasks to queue
[2026-05-27T02:32:30.512+0000] {logging_mixin.py:188} INFO - [2026-05-27T02:32:30.511+0000] {dagbag.py:545} INFO - Filling up the DagBag from /opt/airflow/dags/transfrom_to_mysql.py
[2026-05-27T02:32:30.660+0000] {processor.py:842} WARNING - No viable dags retrieved from /opt/airflow/dags/transfrom_to_mysql.py
[2026-05-27T02:32:30.680+0000] {processor.py:183} INFO - Processing /opt/airflow/dags/transfrom_to_mysql.py took 0.176 seconds
[2026-05-27T02:33:01.018+0000] {processor.py:161} INFO - Started process (PID=9334) to work on /opt/airflow/dags/transfrom_to_mysql.py
[2026-05-27T02:33:01.019+0000] {processor.py:830} INFO - Processing file /opt/airflow/dags/transfrom_to_mysql.py for tasks to queue
[2026-05-27T02:33:01.021+0000] {logging_mixin.py:188} INFO - [2026-05-27T02:33:01.021+0000] {dagbag.py:545} INFO - Filling up the DagBag from /opt/airflow/dags/transfrom_to_mysql.py
[2026-05-27T02:33:01.185+0000] {processor.py:842} WARNING - No viable dags retrieved from /opt/airflow/dags/transfrom_to_mysql.py
[2026-05-27T02:33:01.206+0000] {processor.py:183} INFO - Processing /opt/airflow/dags/transfrom_to_mysql.py took 0.195 seconds
[2026-05-27T02:33:31.497+0000] {processor.py:161} INFO - Started process (PID=9453) to work on /opt/airflow/dags/transfrom_to_mysql.py
[2026-05-27T02:33:31.498+0000] {processor.py:830} INFO - Processing file /opt/airflow/dags/transfrom_to_mysql.py for tasks to queue
[2026-05-27T02:33:31.500+0000] {logging_mixin.py:188} INFO - [2026-05-27T02:33:31.500+0000] {dagbag.py:545} INFO - Filling up the DagBag from /opt/airflow/dags/transfrom_to_mysql.py
[2026-05-27T02:33:31.645+0000] {processor.py:842} WARNING - No viable dags retrieved from /opt/airflow/dags/transfrom_to_mysql.py
[2026-05-27T02:33:31.666+0000] {processor.py:183} INFO - Processing /opt/airflow/dags/transfrom_to_mysql.py took 0.175 seconds
[2026-05-27T02:34:02.454+0000] {processor.py:161} INFO - Started process (PID=9550) to work on /opt/airflow/dags/transfrom_to_mysql.py
[2026-05-27T02:34:02.456+0000] {processor.py:830} INFO - Processing file /opt/airflow/dags/transfrom_to_mysql.py for tasks to queue
[2026-05-27T02:34:02.459+0000] {logging_mixin.py:188} INFO - [2026-05-27T02:34:02.458+0000] {dagbag.py:545} INFO - Filling up the DagBag from /opt/airflow/dags/transfrom_to_mysql.py
[2026-05-27T02:34:02.657+0000] {processor.py:842} WARNING - No viable dags retrieved from /opt/airflow/dags/transfrom_to_mysql.py
[2026-05-27T02:34:02.686+0000] {processor.py:183} INFO - Processing /opt/airflow/dags/transfrom_to_mysql.py took 0.245 seconds
[2026-05-27T02:34:33.464+0000] {processor.py:161} INFO - Started process (PID=9590) to work on /opt/airflow/dags/transfrom_to_mysql.py
[2026-05-27T02:34:33.464+0000] {processor.py:830} INFO - Processing file /opt/airflow/dags/transfrom_to_mysql.py for tasks to queue
[2026-05-27T02:34:33.466+0000] {logging_mixin.py:188} INFO - [2026-05-27T02:34:33.466+0000] {dagbag.py:545} INFO - Filling up the DagBag from /opt/airflow/dags/transfrom_to_mysql.py
[2026-05-27T02:34:33.598+0000] {processor.py:842} WARNING - No viable dags retrieved from /opt/airflow/dags/transfrom_to_mysql.py
[2026-05-27T02:34:33.618+0000] {processor.py:183} INFO - Processing /opt/airflow/dags/transfrom_to_mysql.py took 0.161 seconds
[2026-05-27T02:35:03.951+0000] {processor.py:161} INFO - Started process (PID=9719) to work on /opt/airflow/dags/transfrom_to_mysql.py
[2026-05-27T02:35:03.952+0000] {processor.py:830} INFO - Processing file /opt/airflow/dags/transfrom_to_mysql.py for tasks to queue
[2026-05-27T02:35:03.954+0000] {logging_mixin.py:188} INFO - [2026-05-27T02:35:03.954+0000] {dagbag.py:545} INFO - Filling up the DagBag from /opt/airflow/dags/transfrom_to_mysql.py
[2026-05-27T02:35:04.114+0000] {processor.py:842} WARNING - No viable dags retrieved from /opt/airflow/dags/transfrom_to_mysql.py
[2026-05-27T02:35:04.135+0000] {processor.py:183} INFO - Processing /opt/airflow/dags/transfrom_to_mysql.py took 0.193 seconds
[2026-05-27T02:35:34.423+0000] {processor.py:161} INFO - Started process (PID=9838) to work on /opt/airflow/dags/transfrom_to_mysql.py
[2026-05-27T02:35:34.424+0000] {processor.py:830} INFO - Processing file /opt/airflow/dags/transfrom_to_mysql.py for tasks to queue
[2026-05-27T02:35:34.426+0000] {logging_mixin.py:188} INFO - [2026-05-27T02:35:34.426+0000] {dagbag.py:545} INFO - Filling up the DagBag from /opt/airflow/dags/transfrom_to_mysql.py
[2026-05-27T02:35:34.625+0000] {processor.py:842} WARNING - No viable dags retrieved from /opt/airflow/dags/transfrom_to_mysql.py
[2026-05-27T02:35:34.651+0000] {processor.py:183} INFO - Processing /opt/airflow/dags/transfrom_to_mysql.py took 0.237 seconds
[2026-05-27T02:36:04.963+0000] {processor.py:161} INFO - Started process (PID=9873) to work on /opt/airflow/dags/transfrom_to_mysql.py
[2026-05-27T02:36:04.964+0000] {processor.py:830} INFO - Processing file /opt/airflow/dags/transfrom_to_mysql.py for tasks to queue
[2026-05-27T02:36:04.965+0000] {logging_mixin.py:188} INFO - [2026-05-27T02:36:04.965+0000] {dagbag.py:545} INFO - Filling up the DagBag from /opt/airflow/dags/transfrom_to_mysql.py
[2026-05-27T02:36:05.134+0000] {processor.py:842} WARNING - No viable dags retrieved from /opt/airflow/dags/transfrom_to_mysql.py
[2026-05-27T02:36:05.154+0000] {processor.py:183} INFO - Processing /opt/airflow/dags/transfrom_to_mysql.py took 0.197 seconds
[2026-05-27T02:36:35.489+0000] {processor.py:161} INFO - Started process (PID=9991) to work on /opt/airflow/dags/transfrom_to_mysql.py
[2026-05-27T02:36:35.491+0000] {processor.py:830} INFO - Processing file /opt/airflow/dags/transfrom_to_mysql.py for tasks to queue
[2026-05-27T02:36:35.495+0000] {logging_mixin.py:188} INFO - [2026-05-27T02:36:35.495+0000] {dagbag.py:545} INFO - Filling up the DagBag from /opt/airflow/dags/transfrom_to_mysql.py
[2026-05-27T02:36:35.692+0000] {processor.py:842} WARNING - No viable dags retrieved from /opt/airflow/dags/transfrom_to_mysql.py
[2026-05-27T02:36:35.714+0000] {processor.py:183} INFO - Processing /opt/airflow/dags/transfrom_to_mysql.py took 0.236 seconds
[2026-05-27T02:37:06.054+0000] {processor.py:161} INFO - Started process (PID=10005) to work on /opt/airflow/dags/transfrom_to_mysql.py
[2026-05-27T02:37:06.054+0000] {processor.py:830} INFO - Processing file /opt/airflow/dags/transfrom_to_mysql.py for tasks to queue
[2026-05-27T02:37:06.056+0000] {logging_mixin.py:188} INFO - [2026-05-27T02:37:06.056+0000] {dagbag.py:545} INFO - Filling up the DagBag from /opt/airflow/dags/transfrom_to_mysql.py
[2026-05-27T02:37:06.201+0000] {processor.py:842} WARNING - No viable dags retrieved from /opt/airflow/dags/transfrom_to_mysql.py
[2026-05-27T02:37:06.223+0000] {processor.py:183} INFO - Processing /opt/airflow/dags/transfrom_to_mysql.py took 0.176 seconds
[2026-05-27T02:37:36.514+0000] {processor.py:161} INFO - Started process (PID=10127) to work on /opt/airflow/dags/transfrom_to_mysql.py
[2026-05-27T02:37:36.515+0000] {processor.py:830} INFO - Processing file /opt/airflow/dags/transfrom_to_mysql.py for tasks to queue
[2026-05-27T02:37:36.516+0000] {logging_mixin.py:188} INFO - [2026-05-27T02:37:36.516+0000] {dagbag.py:545} INFO - Filling up the DagBag from /opt/airflow/dags/transfrom_to_mysql.py
[2026-05-27T02:37:36.645+0000] {processor.py:842} WARNING - No viable dags retrieved from /opt/airflow/dags/transfrom_to_mysql.py
[2026-05-27T02:37:36.662+0000] {processor.py:183} INFO - Processing /opt/airflow/dags/transfrom_to_mysql.py took 0.154 seconds
[2026-05-27T02:38:06.965+0000] {processor.py:161} INFO - Started process (PID=10229) to work on /opt/airflow/dags/transfrom_to_mysql.py
[2026-05-27T02:38:06.967+0000] {processor.py:830} INFO - Processing file /opt/airflow/dags/transfrom_to_mysql.py for tasks to queue
[2026-05-27T02:38:06.970+0000] {logging_mixin.py:188} INFO - [2026-05-27T02:38:06.970+0000] {dagbag.py:545} INFO - Filling up the DagBag from /opt/airflow/dags/transfrom_to_mysql.py
[2026-05-27T02:38:07.204+0000] {processor.py:842} WARNING - No viable dags retrieved from /opt/airflow/dags/transfrom_to_mysql.py
[2026-05-27T02:38:07.236+0000] {processor.py:183} INFO - Processing /opt/airflow/dags/transfrom_to_mysql.py took 0.285 seconds
[2026-05-27T02:38:37.612+0000] {processor.py:161} INFO - Started process (PID=10259) to work on /opt/airflow/dags/transfrom_to_mysql.py
[2026-05-27T02:38:37.613+0000] {processor.py:830} INFO - Processing file /opt/airflow/dags/transfrom_to_mysql.py for tasks to queue
[2026-05-27T02:38:37.615+0000] {logging_mixin.py:188} INFO - [2026-05-27T02:38:37.615+0000] {dagbag.py:545} INFO - Filling up the DagBag from /opt/airflow/dags/transfrom_to_mysql.py
[2026-05-27T02:38:37.754+0000] {processor.py:842} WARNING - No viable dags retrieved from /opt/airflow/dags/transfrom_to_mysql.py
[2026-05-27T02:38:37.775+0000] {processor.py:183} INFO - Processing /opt/airflow/dags/transfrom_to_mysql.py took 0.169 seconds
[2026-05-27T02:39:08.101+0000] {processor.py:161} INFO - Started process (PID=10379) to work on /opt/airflow/dags/transfrom_to_mysql.py
[2026-05-27T02:39:08.102+0000] {processor.py:830} INFO - Processing file /opt/airflow/dags/transfrom_to_mysql.py for tasks to queue
[2026-05-27T02:39:08.104+0000] {logging_mixin.py:188} INFO - [2026-05-27T02:39:08.103+0000] {dagbag.py:545} INFO - Filling up the DagBag from /opt/airflow/dags/transfrom_to_mysql.py
[2026-05-27T02:39:08.237+0000] {processor.py:842} WARNING - No viable dags retrieved from /opt/airflow/dags/transfrom_to_mysql.py
[2026-05-27T02:39:08.257+0000] {processor.py:183} INFO - Processing /opt/airflow/dags/transfrom_to_mysql.py took 0.161 seconds
[2026-05-27T02:39:38.579+0000] {processor.py:161} INFO - Started process (PID=10507) to work on /opt/airflow/dags/transfrom_to_mysql.py
[2026-05-27T02:39:38.579+0000] {processor.py:830} INFO - Processing file /opt/airflow/dags/transfrom_to_mysql.py for tasks to queue
[2026-05-27T02:39:38.581+0000] {logging_mixin.py:188} INFO - [2026-05-27T02:39:38.581+0000] {dagbag.py:545} INFO - Filling up the DagBag from /opt/airflow/dags/transfrom_to_mysql.py
[2026-05-27T02:39:38.714+0000] {processor.py:842} WARNING - No viable dags retrieved from /opt/airflow/dags/transfrom_to_mysql.py
[2026-05-27T02:39:38.733+0000] {processor.py:183} INFO - Processing /opt/airflow/dags/transfrom_to_mysql.py took 0.160 seconds
[2026-05-27T02:40:09.056+0000] {processor.py:161} INFO - Started process (PID=10607) to work on /opt/airflow/dags/transfrom_to_mysql.py
[2026-05-27T02:40:09.057+0000] {processor.py:830} INFO - Processing file /opt/airflow/dags/transfrom_to_mysql.py for tasks to queue
[2026-05-27T02:40:09.060+0000] {logging_mixin.py:188} INFO - [2026-05-27T02:40:09.060+0000] {dagbag.py:545} INFO - Filling up the DagBag from /opt/airflow/dags/transfrom_to_mysql.py
[2026-05-27T02:40:09.275+0000] {processor.py:842} WARNING - No viable dags retrieved from /opt/airflow/dags/transfrom_to_mysql.py
[2026-05-27T02:40:09.313+0000] {processor.py:183} INFO - Processing /opt/airflow/dags/transfrom_to_mysql.py took 0.268 seconds
[2026-05-27T02:40:39.752+0000] {processor.py:161} INFO - Started process (PID=10636) to work on /opt/airflow/dags/transfrom_to_mysql.py
[2026-05-27T02:40:39.752+0000] {processor.py:830} INFO - Processing file /opt/airflow/dags/transfrom_to_mysql.py for tasks to queue
[2026-05-27T02:40:39.754+0000] {logging_mixin.py:188} INFO - [2026-05-27T02:40:39.753+0000] {dagbag.py:545} INFO - Filling up the DagBag from /opt/airflow/dags/transfrom_to_mysql.py
[2026-05-27T02:40:39.887+0000] {processor.py:842} WARNING - No viable dags retrieved from /opt/airflow/dags/transfrom_to_mysql.py
[2026-05-27T02:40:39.903+0000] {processor.py:183} INFO - Processing /opt/airflow/dags/transfrom_to_mysql.py took 0.157 seconds
[2026-05-27T02:41:10.147+0000] {processor.py:161} INFO - Started process (PID=10758) to work on /opt/airflow/dags/transfrom_to_mysql.py
[2026-05-27T02:41:10.148+0000] {processor.py:830} INFO - Processing file /opt/airflow/dags/transfrom_to_mysql.py for tasks to queue
[2026-05-27T02:41:10.150+0000] {logging_mixin.py:188} INFO - [2026-05-27T02:41:10.150+0000] {dagbag.py:545} INFO - Filling up the DagBag from /opt/airflow/dags/transfrom_to_mysql.py
[2026-05-27T02:41:10.309+0000] {processor.py:842} WARNING - No viable dags retrieved from /opt/airflow/dags/transfrom_to_mysql.py
[2026-05-27T02:41:10.328+0000] {processor.py:183} INFO - Processing /opt/airflow/dags/transfrom_to_mysql.py took 0.189 seconds
[2026-05-27T02:41:40.598+0000] {processor.py:161} INFO - Started process (PID=10877) to work on /opt/airflow/dags/transfrom_to_mysql.py
[2026-05-27T02:41:40.599+0000] {processor.py:830} INFO - Processing file /opt/airflow/dags/transfrom_to_mysql.py for tasks to queue
[2026-05-27T02:41:40.601+0000] {logging_mixin.py:188} INFO - [2026-05-27T02:41:40.601+0000] {dagbag.py:545} INFO - Filling up the DagBag from /opt/airflow/dags/transfrom_to_mysql.py
[2026-05-27T02:41:40.737+0000] {processor.py:842} WARNING - No viable dags retrieved from /opt/airflow/dags/transfrom_to_mysql.py
[2026-05-27T02:41:40.756+0000] {processor.py:183} INFO - Processing /opt/airflow/dags/transfrom_to_mysql.py took 0.163 seconds
[2026-05-27T02:42:11.015+0000] {processor.py:161} INFO - Started process (PID=10962) to work on /opt/airflow/dags/transfrom_to_mysql.py
[2026-05-27T02:42:11.016+0000] {processor.py:830} INFO - Processing file /opt/airflow/dags/transfrom_to_mysql.py for tasks to queue
[2026-05-27T02:42:11.018+0000] {logging_mixin.py:188} INFO - [2026-05-27T02:42:11.017+0000] {dagbag.py:545} INFO - Filling up the DagBag from /opt/airflow/dags/transfrom_to_mysql.py
[2026-05-27T02:42:11.174+0000] {processor.py:842} WARNING - No viable dags retrieved from /opt/airflow/dags/transfrom_to_mysql.py
[2026-05-27T02:42:11.192+0000] {processor.py:183} INFO - Processing /opt/airflow/dags/transfrom_to_mysql.py took 0.183 seconds
[2026-05-27T02:42:41.479+0000] {processor.py:161} INFO - Started process (PID=11006) to work on /opt/airflow/dags/transfrom_to_mysql.py
[2026-05-27T02:42:41.480+0000] {processor.py:830} INFO - Processing file /opt/airflow/dags/transfrom_to_mysql.py for tasks to queue
[2026-05-27T02:42:41.481+0000] {logging_mixin.py:188} INFO - [2026-05-27T02:42:41.481+0000] {dagbag.py:545} INFO - Filling up the DagBag from /opt/airflow/dags/transfrom_to_mysql.py
[2026-05-27T02:42:41.614+0000] {processor.py:842} WARNING - No viable dags retrieved from /opt/airflow/dags/transfrom_to_mysql.py
[2026-05-27T02:42:41.632+0000] {processor.py:183} INFO - Processing /opt/airflow/dags/transfrom_to_mysql.py took 0.159 seconds
[2026-05-27T02:43:11.924+0000] {processor.py:161} INFO - Started process (PID=11130) to work on /opt/airflow/dags/transfrom_to_mysql.py
[2026-05-27T02:43:11.925+0000] {processor.py:830} INFO - Processing file /opt/airflow/dags/transfrom_to_mysql.py for tasks to queue
[2026-05-27T02:43:11.927+0000] {logging_mixin.py:188} INFO - [2026-05-27T02:43:11.926+0000] {dagbag.py:545} INFO - Filling up the DagBag from /opt/airflow/dags/transfrom_to_mysql.py
[2026-05-27T02:43:12.078+0000] {processor.py:842} WARNING - No viable dags retrieved from /opt/airflow/dags/transfrom_to_mysql.py
[2026-05-27T02:43:12.097+0000] {processor.py:183} INFO - Processing /opt/airflow/dags/transfrom_to_mysql.py took 0.180 seconds
[2026-05-27T02:43:42.419+0000] {processor.py:161} INFO - Started process (PID=11228) to work on /opt/airflow/dags/transfrom_to_mysql.py
[2026-05-27T02:43:42.420+0000] {processor.py:830} INFO - Processing file /opt/airflow/dags/transfrom_to_mysql.py for tasks to queue
[2026-05-27T02:43:42.423+0000] {logging_mixin.py:188} INFO - [2026-05-27T02:43:42.422+0000] {dagbag.py:545} INFO - Filling up the DagBag from /opt/airflow/dags/transfrom_to_mysql.py
[2026-05-27T02:43:42.621+0000] {processor.py:842} WARNING - No viable dags retrieved from /opt/airflow/dags/transfrom_to_mysql.py
[2026-05-27T02:43:42.653+0000] {processor.py:183} INFO - Processing /opt/airflow/dags/transfrom_to_mysql.py took 0.245 seconds
[2026-05-27T02:44:13.013+0000] {processor.py:161} INFO - Started process (PID=11241) to work on /opt/airflow/dags/transfrom_to_mysql.py
[2026-05-27T02:44:13.014+0000] {processor.py:830} INFO - Processing file /opt/airflow/dags/transfrom_to_mysql.py for tasks to queue
[2026-05-27T02:44:13.016+0000] {logging_mixin.py:188} INFO - [2026-05-27T02:44:13.016+0000] {dagbag.py:545} INFO - Filling up the DagBag from /opt/airflow/dags/transfrom_to_mysql.py
[2026-05-27T02:44:13.171+0000] {processor.py:842} WARNING - No viable dags retrieved from /opt/airflow/dags/transfrom_to_mysql.py
[2026-05-27T02:44:13.192+0000] {processor.py:183} INFO - Processing /opt/airflow/dags/transfrom_to_mysql.py took 0.187 seconds
[2026-05-27T02:44:43.494+0000] {processor.py:161} INFO - Started process (PID=11359) to work on /opt/airflow/dags/transfrom_to_mysql.py
[2026-05-27T02:44:43.495+0000] {processor.py:830} INFO - Processing file /opt/airflow/dags/transfrom_to_mysql.py for tasks to queue
[2026-05-27T02:44:43.496+0000] {logging_mixin.py:188} INFO - [2026-05-27T02:44:43.496+0000] {dagbag.py:545} INFO - Filling up the DagBag from /opt/airflow/dags/transfrom_to_mysql.py
[2026-05-27T02:44:43.637+0000] {processor.py:842} WARNING - No viable dags retrieved from /opt/airflow/dags/transfrom_to_mysql.py
[2026-05-27T02:44:43.658+0000] {processor.py:183} INFO - Processing /opt/airflow/dags/transfrom_to_mysql.py took 0.169 seconds
[2026-05-27T02:45:14.101+0000] {processor.py:161} INFO - Started process (PID=11483) to work on /opt/airflow/dags/transfrom_to_mysql.py
[2026-05-27T02:45:14.101+0000] {processor.py:830} INFO - Processing file /opt/airflow/dags/transfrom_to_mysql.py for tasks to queue
[2026-05-27T02:45:14.103+0000] {logging_mixin.py:188} INFO - [2026-05-27T02:45:14.103+0000] {dagbag.py:545} INFO - Filling up the DagBag from /opt/airflow/dags/transfrom_to_mysql.py
[2026-05-27T02:45:14.276+0000] {processor.py:842} WARNING - No viable dags retrieved from /opt/airflow/dags/transfrom_to_mysql.py
[2026-05-27T02:45:14.295+0000] {processor.py:183} INFO - Processing /opt/airflow/dags/transfrom_to_mysql.py took 0.200 seconds
[2026-05-27T02:45:44.607+0000] {processor.py:161} INFO - Started process (PID=11570) to work on /opt/airflow/dags/transfrom_to_mysql.py
[2026-05-27T02:45:44.608+0000] {processor.py:830} INFO - Processing file /opt/airflow/dags/transfrom_to_mysql.py for tasks to queue
[2026-05-27T02:45:44.610+0000] {logging_mixin.py:188} INFO - [2026-05-27T02:45:44.610+0000] {dagbag.py:545} INFO - Filling up the DagBag from /opt/airflow/dags/transfrom_to_mysql.py
[2026-05-27T02:45:44.760+0000] {processor.py:842} WARNING - No viable dags retrieved from /opt/airflow/dags/transfrom_to_mysql.py
[2026-05-27T02:45:44.781+0000] {processor.py:183} INFO - Processing /opt/airflow/dags/transfrom_to_mysql.py took 0.181 seconds
[2026-05-27T02:46:15.091+0000] {processor.py:161} INFO - Started process (PID=11613) to work on /opt/airflow/dags/transfrom_to_mysql.py
[2026-05-27T02:46:15.092+0000] {processor.py:830} INFO - Processing file /opt/airflow/dags/transfrom_to_mysql.py for tasks to queue
[2026-05-27T02:46:15.093+0000] {logging_mixin.py:188} INFO - [2026-05-27T02:46:15.093+0000] {dagbag.py:545} INFO - Filling up the DagBag from /opt/airflow/dags/transfrom_to_mysql.py
[2026-05-27T02:46:15.256+0000] {processor.py:842} WARNING - No viable dags retrieved from /opt/airflow/dags/transfrom_to_mysql.py
[2026-05-27T02:46:15.282+0000] {processor.py:183} INFO - Processing /opt/airflow/dags/transfrom_to_mysql.py took 0.197 seconds
[2026-05-27T02:46:45.667+0000] {processor.py:161} INFO - Started process (PID=11732) to work on /opt/airflow/dags/transfrom_to_mysql.py
[2026-05-27T02:46:45.668+0000] {processor.py:830} INFO - Processing file /opt/airflow/dags/transfrom_to_mysql.py for tasks to queue
[2026-05-27T02:46:45.670+0000] {logging_mixin.py:188} INFO - [2026-05-27T02:46:45.670+0000] {dagbag.py:545} INFO - Filling up the DagBag from /opt/airflow/dags/transfrom_to_mysql.py
[2026-05-27T02:46:45.826+0000] {processor.py:842} WARNING - No viable dags retrieved from /opt/airflow/dags/transfrom_to_mysql.py
[2026-05-27T02:46:45.846+0000] {processor.py:183} INFO - Processing /opt/airflow/dags/transfrom_to_mysql.py took 0.186 seconds
[2026-05-27T02:47:16.149+0000] {processor.py:161} INFO - Started process (PID=11820) to work on /opt/airflow/dags/transfrom_to_mysql.py
[2026-05-27T02:47:16.150+0000] {processor.py:830} INFO - Processing file /opt/airflow/dags/transfrom_to_mysql.py for tasks to queue
[2026-05-27T02:47:16.152+0000] {logging_mixin.py:188} INFO - [2026-05-27T02:47:16.152+0000] {dagbag.py:545} INFO - Filling up the DagBag from /opt/airflow/dags/transfrom_to_mysql.py
[2026-05-27T02:47:16.327+0000] {processor.py:842} WARNING - No viable dags retrieved from /opt/airflow/dags/transfrom_to_mysql.py
[2026-05-27T02:47:16.347+0000] {processor.py:183} INFO - Processing /opt/airflow/dags/transfrom_to_mysql.py took 0.205 seconds
[2026-05-27T02:47:46.774+0000] {processor.py:161} INFO - Started process (PID=11860) to work on /opt/airflow/dags/transfrom_to_mysql.py
[2026-05-27T02:47:46.775+0000] {processor.py:830} INFO - Processing file /opt/airflow/dags/transfrom_to_mysql.py for tasks to queue
[2026-05-27T02:47:46.777+0000] {logging_mixin.py:188} INFO - [2026-05-27T02:47:46.776+0000] {dagbag.py:545} INFO - Filling up the DagBag from /opt/airflow/dags/transfrom_to_mysql.py
[2026-05-27T02:47:46.917+0000] {processor.py:842} WARNING - No viable dags retrieved from /opt/airflow/dags/transfrom_to_mysql.py
[2026-05-27T02:47:46.936+0000] {processor.py:183} INFO - Processing /opt/airflow/dags/transfrom_to_mysql.py took 0.168 seconds
[2026-05-27T02:48:17.293+0000] {processor.py:161} INFO - Started process (PID=11984) to work on /opt/airflow/dags/transfrom_to_mysql.py
[2026-05-27T02:48:17.293+0000] {processor.py:830} INFO - Processing file /opt/airflow/dags/transfrom_to_mysql.py for tasks to queue
[2026-05-27T02:48:17.295+0000] {logging_mixin.py:188} INFO - [2026-05-27T02:48:17.295+0000] {dagbag.py:545} INFO - Filling up the DagBag from /opt/airflow/dags/transfrom_to_mysql.py
[2026-05-27T02:48:17.438+0000] {processor.py:842} WARNING - No viable dags retrieved from /opt/airflow/dags/transfrom_to_mysql.py
[2026-05-27T02:48:17.459+0000] {processor.py:183} INFO - Processing /opt/airflow/dags/transfrom_to_mysql.py took 0.173 seconds
[2026-05-27T02:48:47.945+0000] {processor.py:161} INFO - Started process (PID=12102) to work on /opt/airflow/dags/transfrom_to_mysql.py
[2026-05-27T02:48:47.946+0000] {processor.py:830} INFO - Processing file /opt/airflow/dags/transfrom_to_mysql.py for tasks to queue
[2026-05-27T02:48:47.948+0000] {logging_mixin.py:188} INFO - [2026-05-27T02:48:47.947+0000] {dagbag.py:545} INFO - Filling up the DagBag from /opt/airflow/dags/transfrom_to_mysql.py
[2026-05-27T02:48:48.096+0000] {processor.py:842} WARNING - No viable dags retrieved from /opt/airflow/dags/transfrom_to_mysql.py
[2026-05-27T02:48:48.116+0000] {processor.py:183} INFO - Processing /opt/airflow/dags/transfrom_to_mysql.py took 0.179 seconds
[2026-05-27T02:49:18.419+0000] {processor.py:161} INFO - Started process (PID=12186) to work on /opt/airflow/dags/transfrom_to_mysql.py
[2026-05-27T02:49:18.420+0000] {processor.py:830} INFO - Processing file /opt/airflow/dags/transfrom_to_mysql.py for tasks to queue
[2026-05-27T02:49:18.422+0000] {logging_mixin.py:188} INFO - [2026-05-27T02:49:18.422+0000] {dagbag.py:545} INFO - Filling up the DagBag from /opt/airflow/dags/transfrom_to_mysql.py
[2026-05-27T02:49:18.574+0000] {processor.py:842} WARNING - No viable dags retrieved from /opt/airflow/dags/transfrom_to_mysql.py
[2026-05-27T02:49:18.592+0000] {processor.py:183} INFO - Processing /opt/airflow/dags/transfrom_to_mysql.py took 0.179 seconds
[2026-05-27T02:49:48.884+0000] {processor.py:161} INFO - Started process (PID=12235) to work on /opt/airflow/dags/transfrom_to_mysql.py
[2026-05-27T02:49:48.884+0000] {processor.py:830} INFO - Processing file /opt/airflow/dags/transfrom_to_mysql.py for tasks to queue
[2026-05-27T02:49:48.886+0000] {logging_mixin.py:188} INFO - [2026-05-27T02:49:48.886+0000] {dagbag.py:545} INFO - Filling up the DagBag from /opt/airflow/dags/transfrom_to_mysql.py
[2026-05-27T02:49:49.053+0000] {processor.py:842} WARNING - No viable dags retrieved from /opt/airflow/dags/transfrom_to_mysql.py
[2026-05-27T02:49:49.071+0000] {processor.py:183} INFO - Processing /opt/airflow/dags/transfrom_to_mysql.py took 0.193 seconds
[2026-05-27T02:50:19.405+0000] {processor.py:161} INFO - Started process (PID=12354) to work on /opt/airflow/dags/transfrom_to_mysql.py
[2026-05-27T02:50:19.406+0000] {processor.py:830} INFO - Processing file /opt/airflow/dags/transfrom_to_mysql.py for tasks to queue
[2026-05-27T02:50:19.407+0000] {logging_mixin.py:188} INFO - [2026-05-27T02:50:19.407+0000] {dagbag.py:545} INFO - Filling up the DagBag from /opt/airflow/dags/transfrom_to_mysql.py
[2026-05-27T02:50:19.543+0000] {processor.py:842} WARNING - No viable dags retrieved from /opt/airflow/dags/transfrom_to_mysql.py
[2026-05-27T02:50:19.566+0000] {processor.py:183} INFO - Processing /opt/airflow/dags/transfrom_to_mysql.py took 0.166 seconds
[2026-05-27T02:50:49.825+0000] {processor.py:161} INFO - Started process (PID=12441) to work on /opt/airflow/dags/transfrom_to_mysql.py
[2026-05-27T02:50:49.826+0000] {processor.py:830} INFO - Processing file /opt/airflow/dags/transfrom_to_mysql.py for tasks to queue
[2026-05-27T02:50:49.828+0000] {logging_mixin.py:188} INFO - [2026-05-27T02:50:49.827+0000] {dagbag.py:545} INFO - Filling up the DagBag from /opt/airflow/dags/transfrom_to_mysql.py
[2026-05-27T02:50:49.963+0000] {processor.py:842} WARNING - No viable dags retrieved from /opt/airflow/dags/transfrom_to_mysql.py
[2026-05-27T02:50:49.986+0000] {processor.py:183} INFO - Processing /opt/airflow/dags/transfrom_to_mysql.py took 0.166 seconds
[2026-05-27T02:51:20.306+0000] {processor.py:161} INFO - Started process (PID=12485) to work on /opt/airflow/dags/transfrom_to_mysql.py
[2026-05-27T02:51:20.307+0000] {processor.py:830} INFO - Processing file /opt/airflow/dags/transfrom_to_mysql.py for tasks to queue
[2026-05-27T02:51:20.308+0000] {logging_mixin.py:188} INFO - [2026-05-27T02:51:20.308+0000] {dagbag.py:545} INFO - Filling up the DagBag from /opt/airflow/dags/transfrom_to_mysql.py
[2026-05-27T02:51:20.464+0000] {processor.py:842} WARNING - No viable dags retrieved from /opt/airflow/dags/transfrom_to_mysql.py
[2026-05-27T02:51:20.485+0000] {processor.py:183} INFO - Processing /opt/airflow/dags/transfrom_to_mysql.py took 0.186 seconds
[2026-05-27T02:51:50.888+0000] {processor.py:161} INFO - Started process (PID=12587) to work on /opt/airflow/dags/transfrom_to_mysql.py
[2026-05-27T02:51:50.889+0000] {processor.py:830} INFO - Processing file /opt/airflow/dags/transfrom_to_mysql.py for tasks to queue
[2026-05-27T02:51:50.890+0000] {logging_mixin.py:188} INFO - [2026-05-27T02:51:50.890+0000] {dagbag.py:545} INFO - Filling up the DagBag from /opt/airflow/dags/transfrom_to_mysql.py
[2026-05-27T02:51:51.017+0000] {processor.py:842} WARNING - No viable dags retrieved from /opt/airflow/dags/transfrom_to_mysql.py
[2026-05-27T02:51:51.036+0000] {processor.py:183} INFO - Processing /opt/airflow/dags/transfrom_to_mysql.py took 0.153 seconds
[2026-05-27T02:52:21.367+0000] {processor.py:161} INFO - Started process (PID=12691) to work on /opt/airflow/dags/transfrom_to_mysql.py
[2026-05-27T02:52:21.369+0000] {processor.py:830} INFO - Processing file /opt/airflow/dags/transfrom_to_mysql.py for tasks to queue
[2026-05-27T02:52:21.371+0000] {logging_mixin.py:188} INFO - [2026-05-27T02:52:21.371+0000] {dagbag.py:545} INFO - Filling up the DagBag from /opt/airflow/dags/transfrom_to_mysql.py
[2026-05-27T02:52:21.523+0000] {processor.py:842} WARNING - No viable dags retrieved from /opt/airflow/dags/transfrom_to_mysql.py
[2026-05-27T02:52:21.545+0000] {processor.py:183} INFO - Processing /opt/airflow/dags/transfrom_to_mysql.py took 0.186 seconds
[2026-05-27T02:52:51.793+0000] {processor.py:161} INFO - Started process (PID=12779) to work on /opt/airflow/dags/transfrom_to_mysql.py
[2026-05-27T02:52:51.795+0000] {processor.py:830} INFO - Processing file /opt/airflow/dags/transfrom_to_mysql.py for tasks to queue
[2026-05-27T02:52:51.797+0000] {logging_mixin.py:188} INFO - [2026-05-27T02:52:51.797+0000] {dagbag.py:545} INFO - Filling up the DagBag from /opt/airflow/dags/transfrom_to_mysql.py
[2026-05-27T02:52:51.965+0000] {processor.py:842} WARNING - No viable dags retrieved from /opt/airflow/dags/transfrom_to_mysql.py
[2026-05-27T02:52:51.985+0000] {processor.py:183} INFO - Processing /opt/airflow/dags/transfrom_to_mysql.py took 0.200 seconds
[2026-05-27T02:53:22.307+0000] {processor.py:161} INFO - Started process (PID=12820) to work on /opt/airflow/dags/transfrom_to_mysql.py
[2026-05-27T02:53:22.307+0000] {processor.py:830} INFO - Processing file /opt/airflow/dags/transfrom_to_mysql.py for tasks to queue
[2026-05-27T02:53:22.309+0000] {logging_mixin.py:188} INFO - [2026-05-27T02:53:22.309+0000] {dagbag.py:545} INFO - Filling up the DagBag from /opt/airflow/dags/transfrom_to_mysql.py
[2026-05-27T02:53:22.463+0000] {processor.py:842} WARNING - No viable dags retrieved from /opt/airflow/dags/transfrom_to_mysql.py
[2026-05-27T02:53:22.485+0000] {processor.py:183} INFO - Processing /opt/airflow/dags/transfrom_to_mysql.py took 0.184 seconds
[2026-05-27T02:53:52.654+0000] {processor.py:161} INFO - Started process (PID=12938) to work on /opt/airflow/dags/transfrom_to_mysql.py
[2026-05-27T02:53:52.655+0000] {processor.py:830} INFO - Processing file /opt/airflow/dags/transfrom_to_mysql.py for tasks to queue
[2026-05-27T02:53:52.656+0000] {logging_mixin.py:188} INFO - [2026-05-27T02:53:52.656+0000] {dagbag.py:545} INFO - Filling up the DagBag from /opt/airflow/dags/transfrom_to_mysql.py
[2026-05-27T02:53:52.805+0000] {processor.py:842} WARNING - No viable dags retrieved from /opt/airflow/dags/transfrom_to_mysql.py
[2026-05-27T02:53:52.826+0000] {processor.py:183} INFO - Processing /opt/airflow/dags/transfrom_to_mysql.py took 0.178 seconds
[2026-05-27T02:54:23.129+0000] {processor.py:161} INFO - Started process (PID=13029) to work on /opt/airflow/dags/transfrom_to_mysql.py
[2026-05-27T02:54:23.130+0000] {processor.py:830} INFO - Processing file /opt/airflow/dags/transfrom_to_mysql.py for tasks to queue
[2026-05-27T02:54:23.132+0000] {logging_mixin.py:188} INFO - [2026-05-27T02:54:23.132+0000] {dagbag.py:545} INFO - Filling up the DagBag from /opt/airflow/dags/transfrom_to_mysql.py
[2026-05-27T02:54:23.304+0000] {processor.py:842} WARNING - No viable dags retrieved from /opt/airflow/dags/transfrom_to_mysql.py
[2026-05-27T02:54:23.334+0000] {processor.py:183} INFO - Processing /opt/airflow/dags/transfrom_to_mysql.py took 0.213 seconds
[2026-05-27T02:54:53.663+0000] {processor.py:161} INFO - Started process (PID=13073) to work on /opt/airflow/dags/transfrom_to_mysql.py
[2026-05-27T02:54:53.664+0000] {processor.py:830} INFO - Processing file /opt/airflow/dags/transfrom_to_mysql.py for tasks to queue
[2026-05-27T02:54:53.666+0000] {logging_mixin.py:188} INFO - [2026-05-27T02:54:53.665+0000] {dagbag.py:545} INFO - Filling up the DagBag from /opt/airflow/dags/transfrom_to_mysql.py
[2026-05-27T02:54:53.820+0000] {processor.py:842} WARNING - No viable dags retrieved from /opt/airflow/dags/transfrom_to_mysql.py
[2026-05-27T02:54:53.841+0000] {processor.py:183} INFO - Processing /opt/airflow/dags/transfrom_to_mysql.py took 0.185 seconds
[2026-05-27T02:55:24.121+0000] {processor.py:161} INFO - Started process (PID=13197) to work on /opt/airflow/dags/transfrom_to_mysql.py
[2026-05-27T02:55:24.123+0000] {processor.py:830} INFO - Processing file /opt/airflow/dags/transfrom_to_mysql.py for tasks to queue
[2026-05-27T02:55:24.125+0000] {logging_mixin.py:188} INFO - [2026-05-27T02:55:24.125+0000] {dagbag.py:545} INFO - Filling up the DagBag from /opt/airflow/dags/transfrom_to_mysql.py
[2026-05-27T02:55:24.346+0000] {processor.py:842} WARNING - No viable dags retrieved from /opt/airflow/dags/transfrom_to_mysql.py
[2026-05-27T02:55:24.374+0000] {processor.py:183} INFO - Processing /opt/airflow/dags/transfrom_to_mysql.py took 0.262 seconds
[2026-05-27T02:55:54.729+0000] {processor.py:161} INFO - Started process (PID=13219) to work on /opt/airflow/dags/transfrom_to_mysql.py
[2026-05-27T02:55:54.730+0000] {processor.py:830} INFO - Processing file /opt/airflow/dags/transfrom_to_mysql.py for tasks to queue
[2026-05-27T02:55:54.731+0000] {logging_mixin.py:188} INFO - [2026-05-27T02:55:54.731+0000] {dagbag.py:545} INFO - Filling up the DagBag from /opt/airflow/dags/transfrom_to_mysql.py
[2026-05-27T02:55:54.885+0000] {processor.py:842} WARNING - No viable dags retrieved from /opt/airflow/dags/transfrom_to_mysql.py
[2026-05-27T02:55:54.907+0000] {processor.py:183} INFO - Processing /opt/airflow/dags/transfrom_to_mysql.py took 0.183 seconds
[2026-05-27T02:56:25.227+0000] {processor.py:161} INFO - Started process (PID=13336) to work on /opt/airflow/dags/transfrom_to_mysql.py
[2026-05-27T02:56:25.227+0000] {processor.py:830} INFO - Processing file /opt/airflow/dags/transfrom_to_mysql.py for tasks to queue
[2026-05-27T02:56:25.229+0000] {logging_mixin.py:188} INFO - [2026-05-27T02:56:25.229+0000] {dagbag.py:545} INFO - Filling up the DagBag from /opt/airflow/dags/transfrom_to_mysql.py
[2026-05-27T02:56:25.368+0000] {processor.py:842} WARNING - No viable dags retrieved from /opt/airflow/dags/transfrom_to_mysql.py
[2026-05-27T02:56:25.388+0000] {processor.py:183} INFO - Processing /opt/airflow/dags/transfrom_to_mysql.py took 0.167 seconds
[2026-05-27T02:56:55.675+0000] {processor.py:161} INFO - Started process (PID=13433) to work on /opt/airflow/dags/transfrom_to_mysql.py
[2026-05-27T02:56:55.676+0000] {processor.py:830} INFO - Processing file /opt/airflow/dags/transfrom_to_mysql.py for tasks to queue
[2026-05-27T02:56:55.678+0000] {logging_mixin.py:188} INFO - [2026-05-27T02:56:55.678+0000] {dagbag.py:545} INFO - Filling up the DagBag from /opt/airflow/dags/transfrom_to_mysql.py
[2026-05-27T02:56:55.837+0000] {processor.py:842} WARNING - No viable dags retrieved from /opt/airflow/dags/transfrom_to_mysql.py
[2026-05-27T02:56:55.861+0000] {processor.py:183} INFO - Processing /opt/airflow/dags/transfrom_to_mysql.py took 0.194 seconds
[2026-05-27T02:57:26.117+0000] {processor.py:161} INFO - Started process (PID=13490) to work on /opt/airflow/dags/transfrom_to_mysql.py
[2026-05-27T02:57:26.118+0000] {processor.py:830} INFO - Processing file /opt/airflow/dags/transfrom_to_mysql.py for tasks to queue
[2026-05-27T02:57:26.119+0000] {logging_mixin.py:188} INFO - [2026-05-27T02:57:26.119+0000] {dagbag.py:545} INFO - Filling up the DagBag from /opt/airflow/dags/transfrom_to_mysql.py
[2026-05-27T02:57:26.266+0000] {processor.py:842} WARNING - No viable dags retrieved from /opt/airflow/dags/transfrom_to_mysql.py
[2026-05-27T02:57:26.285+0000] {processor.py:183} INFO - Processing /opt/airflow/dags/transfrom_to_mysql.py took 0.176 seconds
[2026-05-27T02:57:56.641+0000] {processor.py:161} INFO - Started process (PID=13608) to work on /opt/airflow/dags/transfrom_to_mysql.py
[2026-05-27T02:57:56.644+0000] {processor.py:830} INFO - Processing file /opt/airflow/dags/transfrom_to_mysql.py for tasks to queue
[2026-05-27T02:57:56.651+0000] {logging_mixin.py:188} INFO - [2026-05-27T02:57:56.650+0000] {dagbag.py:545} INFO - Filling up the DagBag from /opt/airflow/dags/transfrom_to_mysql.py
[2026-05-27T02:57:56.960+0000] {processor.py:842} WARNING - No viable dags retrieved from /opt/airflow/dags/transfrom_to_mysql.py
[2026-05-27T02:57:56.992+0000] {processor.py:183} INFO - Processing /opt/airflow/dags/transfrom_to_mysql.py took 0.365 seconds
[2026-05-27T02:58:27.352+0000] {processor.py:161} INFO - Started process (PID=13631) to work on /opt/airflow/dags/transfrom_to_mysql.py
[2026-05-27T02:58:27.353+0000] {processor.py:830} INFO - Processing file /opt/airflow/dags/transfrom_to_mysql.py for tasks to queue
[2026-05-27T02:58:27.355+0000] {logging_mixin.py:188} INFO - [2026-05-27T02:58:27.355+0000] {dagbag.py:545} INFO - Filling up the DagBag from /opt/airflow/dags/transfrom_to_mysql.py
[2026-05-27T02:58:27.487+0000] {processor.py:842} WARNING - No viable dags retrieved from /opt/airflow/dags/transfrom_to_mysql.py
[2026-05-27T02:58:27.509+0000] {processor.py:183} INFO - Processing /opt/airflow/dags/transfrom_to_mysql.py took 0.164 seconds
[2026-05-27T02:58:57.816+0000] {processor.py:161} INFO - Started process (PID=13753) to work on /opt/airflow/dags/transfrom_to_mysql.py
[2026-05-27T02:58:57.817+0000] {processor.py:830} INFO - Processing file /opt/airflow/dags/transfrom_to_mysql.py for tasks to queue
[2026-05-27T02:58:57.819+0000] {logging_mixin.py:188} INFO - [2026-05-27T02:58:57.819+0000] {dagbag.py:545} INFO - Filling up the DagBag from /opt/airflow/dags/transfrom_to_mysql.py
[2026-05-27T02:58:57.960+0000] {processor.py:842} WARNING - No viable dags retrieved from /opt/airflow/dags/transfrom_to_mysql.py
[2026-05-27T02:58:57.979+0000] {processor.py:183} INFO - Processing /opt/airflow/dags/transfrom_to_mysql.py took 0.171 seconds
[2026-05-27T02:59:28.280+0000] {processor.py:161} INFO - Started process (PID=13875) to work on /opt/airflow/dags/transfrom_to_mysql.py
[2026-05-27T02:59:28.281+0000] {processor.py:830} INFO - Processing file /opt/airflow/dags/transfrom_to_mysql.py for tasks to queue
[2026-05-27T02:59:28.283+0000] {logging_mixin.py:188} INFO - [2026-05-27T02:59:28.283+0000] {dagbag.py:545} INFO - Filling up the DagBag from /opt/airflow/dags/transfrom_to_mysql.py
[2026-05-27T02:59:28.442+0000] {processor.py:842} WARNING - No viable dags retrieved from /opt/airflow/dags/transfrom_to_mysql.py
[2026-05-27T02:59:28.466+0000] {processor.py:183} INFO - Processing /opt/airflow/dags/transfrom_to_mysql.py took 0.192 seconds
[2026-05-27T02:59:58.821+0000] {processor.py:161} INFO - Started process (PID=13965) to work on /opt/airflow/dags/transfrom_to_mysql.py
[2026-05-27T02:59:58.822+0000] {processor.py:830} INFO - Processing file /opt/airflow/dags/transfrom_to_mysql.py for tasks to queue
[2026-05-27T02:59:58.823+0000] {logging_mixin.py:188} INFO - [2026-05-27T02:59:58.823+0000] {dagbag.py:545} INFO - Filling up the DagBag from /opt/airflow/dags/transfrom_to_mysql.py
[2026-05-27T02:59:58.957+0000] {processor.py:842} WARNING - No viable dags retrieved from /opt/airflow/dags/transfrom_to_mysql.py
[2026-05-27T02:59:58.976+0000] {processor.py:183} INFO - Processing /opt/airflow/dags/transfrom_to_mysql.py took 0.161 seconds
[2026-05-27T03:00:29.289+0000] {processor.py:161} INFO - Started process (PID=14019) to work on /opt/airflow/dags/transfrom_to_mysql.py
[2026-05-27T03:00:29.290+0000] {processor.py:830} INFO - Processing file /opt/airflow/dags/transfrom_to_mysql.py for tasks to queue
[2026-05-27T03:00:29.292+0000] {logging_mixin.py:188} INFO - [2026-05-27T03:00:29.292+0000] {dagbag.py:545} INFO - Filling up the DagBag from /opt/airflow/dags/transfrom_to_mysql.py
[2026-05-27T03:00:29.451+0000] {processor.py:842} WARNING - No viable dags retrieved from /opt/airflow/dags/transfrom_to_mysql.py
[2026-05-27T03:00:29.482+0000] {processor.py:183} INFO - Processing /opt/airflow/dags/transfrom_to_mysql.py took 0.200 seconds
[2026-05-27T03:00:59.777+0000] {processor.py:161} INFO - Started process (PID=14121) to work on /opt/airflow/dags/transfrom_to_mysql.py
[2026-05-27T03:00:59.779+0000] {processor.py:830} INFO - Processing file /opt/airflow/dags/transfrom_to_mysql.py for tasks to queue
[2026-05-27T03:00:59.782+0000] {logging_mixin.py:188} INFO - [2026-05-27T03:00:59.781+0000] {dagbag.py:545} INFO - Filling up the DagBag from /opt/airflow/dags/transfrom_to_mysql.py
[2026-05-27T03:00:59.994+0000] {processor.py:842} WARNING - No viable dags retrieved from /opt/airflow/dags/transfrom_to_mysql.py
[2026-05-27T03:01:00.024+0000] {processor.py:183} INFO - Processing /opt/airflow/dags/transfrom_to_mysql.py took 0.258 seconds
[2026-05-27T03:01:30.256+0000] {processor.py:161} INFO - Started process (PID=14154) to work on /opt/airflow/dags/transfrom_to_mysql.py
[2026-05-27T03:01:30.257+0000] {processor.py:830} INFO - Processing file /opt/airflow/dags/transfrom_to_mysql.py for tasks to queue
[2026-05-27T03:01:30.260+0000] {logging_mixin.py:188} INFO - [2026-05-27T03:01:30.260+0000] {dagbag.py:545} INFO - Filling up the DagBag from /opt/airflow/dags/transfrom_to_mysql.py
[2026-05-27T03:01:30.512+0000] {processor.py:842} WARNING - No viable dags retrieved from /opt/airflow/dags/transfrom_to_mysql.py
[2026-05-27T03:01:30.530+0000] {processor.py:183} INFO - Processing /opt/airflow/dags/transfrom_to_mysql.py took 0.280 seconds
[2026-05-27T03:02:00.782+0000] {processor.py:161} INFO - Started process (PID=14277) to work on /opt/airflow/dags/transfrom_to_mysql.py
[2026-05-27T03:02:00.784+0000] {processor.py:830} INFO - Processing file /opt/airflow/dags/transfrom_to_mysql.py for tasks to queue
[2026-05-27T03:02:00.786+0000] {logging_mixin.py:188} INFO - [2026-05-27T03:02:00.786+0000] {dagbag.py:545} INFO - Filling up the DagBag from /opt/airflow/dags/transfrom_to_mysql.py
[2026-05-27T03:02:00.950+0000] {processor.py:842} WARNING - No viable dags retrieved from /opt/airflow/dags/transfrom_to_mysql.py
[2026-05-27T03:02:00.969+0000] {processor.py:183} INFO - Processing /opt/airflow/dags/transfrom_to_mysql.py took 0.195 seconds
[2026-05-27T03:02:31.288+0000] {processor.py:161} INFO - Started process (PID=14397) to work on /opt/airflow/dags/transfrom_to_mysql.py
[2026-05-27T03:02:31.290+0000] {processor.py:830} INFO - Processing file /opt/airflow/dags/transfrom_to_mysql.py for tasks to queue
[2026-05-27T03:02:31.292+0000] {logging_mixin.py:188} INFO - [2026-05-27T03:02:31.291+0000] {dagbag.py:545} INFO - Filling up the DagBag from /opt/airflow/dags/transfrom_to_mysql.py
[2026-05-27T03:02:31.756+0000] {processor.py:842} WARNING - No viable dags retrieved from /opt/airflow/dags/transfrom_to_mysql.py
[2026-05-27T03:02:31.787+0000] {processor.py:183} INFO - Processing /opt/airflow/dags/transfrom_to_mysql.py took 0.507 seconds
[2026-05-27T03:03:02.304+0000] {processor.py:161} INFO - Started process (PID=14415) to work on /opt/airflow/dags/transfrom_to_mysql.py
[2026-05-27T03:03:02.305+0000] {processor.py:830} INFO - Processing file /opt/airflow/dags/transfrom_to_mysql.py for tasks to queue
[2026-05-27T03:03:02.307+0000] {logging_mixin.py:188} INFO - [2026-05-27T03:03:02.307+0000] {dagbag.py:545} INFO - Filling up the DagBag from /opt/airflow/dags/transfrom_to_mysql.py
[2026-05-27T03:03:02.615+0000] {processor.py:842} WARNING - No viable dags retrieved from /opt/airflow/dags/transfrom_to_mysql.py
[2026-05-27T03:03:02.636+0000] {processor.py:183} INFO - Processing /opt/airflow/dags/transfrom_to_mysql.py took 0.341 seconds
[2026-05-27T03:03:32.964+0000] {processor.py:161} INFO - Started process (PID=14519) to work on /opt/airflow/dags/transfrom_to_mysql.py
[2026-05-27T03:03:32.965+0000] {processor.py:830} INFO - Processing file /opt/airflow/dags/transfrom_to_mysql.py for tasks to queue
[2026-05-27T03:03:32.967+0000] {logging_mixin.py:188} INFO - [2026-05-27T03:03:32.966+0000] {dagbag.py:545} INFO - Filling up the DagBag from /opt/airflow/dags/transfrom_to_mysql.py
[2026-05-27T03:03:33.220+0000] {processor.py:842} WARNING - No viable dags retrieved from /opt/airflow/dags/transfrom_to_mysql.py
[2026-05-27T03:03:33.240+0000] {processor.py:183} INFO - Processing /opt/airflow/dags/transfrom_to_mysql.py took 0.283 seconds
[2026-05-27T03:04:03.574+0000] {processor.py:161} INFO - Started process (PID=14622) to work on /opt/airflow/dags/transfrom_to_mysql.py
[2026-05-27T03:04:03.576+0000] {processor.py:830} INFO - Processing file /opt/airflow/dags/transfrom_to_mysql.py for tasks to queue
[2026-05-27T03:04:03.578+0000] {logging_mixin.py:188} INFO - [2026-05-27T03:04:03.578+0000] {dagbag.py:545} INFO - Filling up the DagBag from /opt/airflow/dags/transfrom_to_mysql.py
[2026-05-27T03:04:03.953+0000] {processor.py:842} WARNING - No viable dags retrieved from /opt/airflow/dags/transfrom_to_mysql.py
[2026-05-27T03:04:03.974+0000] {processor.py:183} INFO - Processing /opt/airflow/dags/transfrom_to_mysql.py took 0.409 seconds
[2026-05-27T03:04:34.457+0000] {processor.py:161} INFO - Started process (PID=14657) to work on /opt/airflow/dags/transfrom_to_mysql.py
[2026-05-27T03:04:34.458+0000] {processor.py:830} INFO - Processing file /opt/airflow/dags/transfrom_to_mysql.py for tasks to queue
[2026-05-27T03:04:34.460+0000] {logging_mixin.py:188} INFO - [2026-05-27T03:04:34.460+0000] {dagbag.py:545} INFO - Filling up the DagBag from /opt/airflow/dags/transfrom_to_mysql.py
[2026-05-27T03:04:34.725+0000] {processor.py:842} WARNING - No viable dags retrieved from /opt/airflow/dags/transfrom_to_mysql.py
[2026-05-27T03:04:34.744+0000] {processor.py:183} INFO - Processing /opt/airflow/dags/transfrom_to_mysql.py took 0.292 seconds
[2026-05-27T03:05:05.036+0000] {processor.py:161} INFO - Started process (PID=14779) to work on /opt/airflow/dags/transfrom_to_mysql.py
[2026-05-27T03:05:05.037+0000] {processor.py:830} INFO - Processing file /opt/airflow/dags/transfrom_to_mysql.py for tasks to queue
[2026-05-27T03:05:05.039+0000] {logging_mixin.py:188} INFO - [2026-05-27T03:05:05.038+0000] {dagbag.py:545} INFO - Filling up the DagBag from /opt/airflow/dags/transfrom_to_mysql.py
[2026-05-27T03:05:05.293+0000] {processor.py:842} WARNING - No viable dags retrieved from /opt/airflow/dags/transfrom_to_mysql.py
[2026-05-27T03:05:05.309+0000] {processor.py:183} INFO - Processing /opt/airflow/dags/transfrom_to_mysql.py took 0.280 seconds
[2026-05-27T03:05:35.645+0000] {processor.py:161} INFO - Started process (PID=14897) to work on /opt/airflow/dags/transfrom_to_mysql.py
[2026-05-27T03:05:35.646+0000] {processor.py:830} INFO - Processing file /opt/airflow/dags/transfrom_to_mysql.py for tasks to queue
[2026-05-27T03:05:35.650+0000] {logging_mixin.py:188} INFO - [2026-05-27T03:05:35.649+0000] {dagbag.py:545} INFO - Filling up the DagBag from /opt/airflow/dags/transfrom_to_mysql.py
[2026-05-27T03:05:36.000+0000] {processor.py:842} WARNING - No viable dags retrieved from /opt/airflow/dags/transfrom_to_mysql.py
[2026-05-27T03:05:36.044+0000] {processor.py:183} INFO - Processing /opt/airflow/dags/transfrom_to_mysql.py took 0.412 seconds
[2026-05-27T03:06:06.581+0000] {processor.py:161} INFO - Started process (PID=14910) to work on /opt/airflow/dags/transfrom_to_mysql.py
[2026-05-27T03:06:06.582+0000] {processor.py:830} INFO - Processing file /opt/airflow/dags/transfrom_to_mysql.py for tasks to queue
[2026-05-27T03:06:06.584+0000] {logging_mixin.py:188} INFO - [2026-05-27T03:06:06.583+0000] {dagbag.py:545} INFO - Filling up the DagBag from /opt/airflow/dags/transfrom_to_mysql.py
[2026-05-27T03:06:06.832+0000] {processor.py:842} WARNING - No viable dags retrieved from /opt/airflow/dags/transfrom_to_mysql.py
[2026-05-27T03:06:06.848+0000] {processor.py:183} INFO - Processing /opt/airflow/dags/transfrom_to_mysql.py took 0.272 seconds
[2026-05-27T03:06:37.211+0000] {processor.py:161} INFO - Started process (PID=15036) to work on /opt/airflow/dags/transfrom_to_mysql.py
[2026-05-27T03:06:37.214+0000] {processor.py:830} INFO - Processing file /opt/airflow/dags/transfrom_to_mysql.py for tasks to queue
[2026-05-27T03:06:37.217+0000] {logging_mixin.py:188} INFO - [2026-05-27T03:06:37.217+0000] {dagbag.py:545} INFO - Filling up the DagBag from /opt/airflow/dags/transfrom_to_mysql.py
[2026-05-27T03:06:37.644+0000] {processor.py:842} WARNING - No viable dags retrieved from /opt/airflow/dags/transfrom_to_mysql.py
[2026-05-27T03:06:37.673+0000] {processor.py:183} INFO - Processing /opt/airflow/dags/transfrom_to_mysql.py took 0.486 seconds
[2026-05-27T03:07:08.068+0000] {processor.py:161} INFO - Started process (PID=15049) to work on /opt/airflow/dags/transfrom_to_mysql.py
[2026-05-27T03:07:08.069+0000] {processor.py:830} INFO - Processing file /opt/airflow/dags/transfrom_to_mysql.py for tasks to queue
[2026-05-27T03:07:08.071+0000] {logging_mixin.py:188} INFO - [2026-05-27T03:07:08.070+0000] {dagbag.py:545} INFO - Filling up the DagBag from /opt/airflow/dags/transfrom_to_mysql.py
[2026-05-27T03:07:08.344+0000] {processor.py:842} WARNING - No viable dags retrieved from /opt/airflow/dags/transfrom_to_mysql.py
[2026-05-27T03:07:08.362+0000] {processor.py:183} INFO - Processing /opt/airflow/dags/transfrom_to_mysql.py took 0.301 seconds
[2026-05-27T03:07:38.665+0000] {processor.py:161} INFO - Started process (PID=15182) to work on /opt/airflow/dags/transfrom_to_mysql.py
[2026-05-27T03:07:38.666+0000] {processor.py:830} INFO - Processing file /opt/airflow/dags/transfrom_to_mysql.py for tasks to queue
[2026-05-27T03:07:38.669+0000] {logging_mixin.py:188} INFO - [2026-05-27T03:07:38.668+0000] {dagbag.py:545} INFO - Filling up the DagBag from /opt/airflow/dags/transfrom_to_mysql.py
[2026-05-27T03:07:38.910+0000] {processor.py:842} WARNING - No viable dags retrieved from /opt/airflow/dags/transfrom_to_mysql.py
[2026-05-27T03:07:38.928+0000] {processor.py:183} INFO - Processing /opt/airflow/dags/transfrom_to_mysql.py took 0.271 seconds
[2026-05-27T03:08:09.260+0000] {processor.py:161} INFO - Started process (PID=15195) to work on /opt/airflow/dags/transfrom_to_mysql.py
[2026-05-27T03:08:09.261+0000] {processor.py:830} INFO - Processing file /opt/airflow/dags/transfrom_to_mysql.py for tasks to queue
[2026-05-27T03:08:09.263+0000] {logging_mixin.py:188} INFO - [2026-05-27T03:08:09.263+0000] {dagbag.py:545} INFO - Filling up the DagBag from /opt/airflow/dags/transfrom_to_mysql.py
[2026-05-27T03:08:09.509+0000] {processor.py:842} WARNING - No viable dags retrieved from /opt/airflow/dags/transfrom_to_mysql.py
[2026-05-27T03:08:09.528+0000] {processor.py:183} INFO - Processing /opt/airflow/dags/transfrom_to_mysql.py took 0.277 seconds
[2026-05-27T03:08:39.853+0000] {processor.py:161} INFO - Started process (PID=15301) to work on /opt/airflow/dags/transfrom_to_mysql.py
[2026-05-27T03:08:39.872+0000] {processor.py:830} INFO - Processing file /opt/airflow/dags/transfrom_to_mysql.py for tasks to queue
[2026-05-27T03:08:39.894+0000] {logging_mixin.py:188} INFO - [2026-05-27T03:08:39.893+0000] {dagbag.py:545} INFO - Filling up the DagBag from /opt/airflow/dags/transfrom_to_mysql.py
[2026-05-27T03:08:40.207+0000] {processor.py:842} WARNING - No viable dags retrieved from /opt/airflow/dags/transfrom_to_mysql.py
[2026-05-27T03:08:40.227+0000] {processor.py:183} INFO - Processing /opt/airflow/dags/transfrom_to_mysql.py took 0.395 seconds
[2026-05-27T03:09:10.471+0000] {processor.py:161} INFO - Started process (PID=15426) to work on /opt/airflow/dags/transfrom_to_mysql.py
[2026-05-27T03:09:10.472+0000] {processor.py:830} INFO - Processing file /opt/airflow/dags/transfrom_to_mysql.py for tasks to queue
[2026-05-27T03:09:10.474+0000] {logging_mixin.py:188} INFO - [2026-05-27T03:09:10.474+0000] {dagbag.py:545} INFO - Filling up the DagBag from /opt/airflow/dags/transfrom_to_mysql.py
[2026-05-27T03:09:10.730+0000] {processor.py:842} WARNING - No viable dags retrieved from /opt/airflow/dags/transfrom_to_mysql.py
[2026-05-27T03:09:10.747+0000] {processor.py:183} INFO - Processing /opt/airflow/dags/transfrom_to_mysql.py took 0.284 seconds
[2026-05-27T03:09:41.035+0000] {processor.py:161} INFO - Started process (PID=15514) to work on /opt/airflow/dags/transfrom_to_mysql.py
[2026-05-27T03:09:41.037+0000] {processor.py:830} INFO - Processing file /opt/airflow/dags/transfrom_to_mysql.py for tasks to queue
[2026-05-27T03:09:41.039+0000] {logging_mixin.py:188} INFO - [2026-05-27T03:09:41.038+0000] {dagbag.py:545} INFO - Filling up the DagBag from /opt/airflow/dags/transfrom_to_mysql.py
[2026-05-27T03:09:41.372+0000] {processor.py:842} WARNING - No viable dags retrieved from /opt/airflow/dags/transfrom_to_mysql.py
[2026-05-27T03:09:41.392+0000] {processor.py:183} INFO - Processing /opt/airflow/dags/transfrom_to_mysql.py took 0.364 seconds
[2026-05-27T03:10:11.932+0000] {processor.py:161} INFO - Started process (PID=15531) to work on /opt/airflow/dags/transfrom_to_mysql.py
[2026-05-27T03:10:11.933+0000] {processor.py:830} INFO - Processing file /opt/airflow/dags/transfrom_to_mysql.py for tasks to queue
[2026-05-27T03:10:11.935+0000] {logging_mixin.py:188} INFO - [2026-05-27T03:10:11.934+0000] {dagbag.py:545} INFO - Filling up the DagBag from /opt/airflow/dags/transfrom_to_mysql.py
[2026-05-27T03:10:12.189+0000] {processor.py:842} WARNING - No viable dags retrieved from /opt/airflow/dags/transfrom_to_mysql.py
[2026-05-27T03:10:12.215+0000] {processor.py:183} INFO - Processing /opt/airflow/dags/transfrom_to_mysql.py took 0.289 seconds
[2026-05-27T03:10:42.603+0000] {processor.py:161} INFO - Started process (PID=15628) to work on /opt/airflow/dags/transfrom_to_mysql.py
[2026-05-27T03:10:42.604+0000] {processor.py:830} INFO - Processing file /opt/airflow/dags/transfrom_to_mysql.py for tasks to queue
[2026-05-27T03:10:42.606+0000] {logging_mixin.py:188} INFO - [2026-05-27T03:10:42.606+0000] {dagbag.py:545} INFO - Filling up the DagBag from /opt/airflow/dags/transfrom_to_mysql.py
[2026-05-27T03:10:42.858+0000] {processor.py:842} WARNING - No viable dags retrieved from /opt/airflow/dags/transfrom_to_mysql.py
[2026-05-27T03:10:42.880+0000] {processor.py:183} INFO - Processing /opt/airflow/dags/transfrom_to_mysql.py took 0.285 seconds
[2026-05-27T03:11:13.133+0000] {processor.py:161} INFO - Started process (PID=15648) to work on /opt/airflow/dags/transfrom_to_mysql.py
[2026-05-27T03:11:13.134+0000] {processor.py:830} INFO - Processing file /opt/airflow/dags/transfrom_to_mysql.py for tasks to queue
[2026-05-27T03:11:13.135+0000] {logging_mixin.py:188} INFO - [2026-05-27T03:11:13.135+0000] {dagbag.py:545} INFO - Filling up the DagBag from /opt/airflow/dags/transfrom_to_mysql.py
[2026-05-27T03:11:13.383+0000] {processor.py:842} WARNING - No viable dags retrieved from /opt/airflow/dags/transfrom_to_mysql.py
[2026-05-27T03:11:13.398+0000] {processor.py:183} INFO - Processing /opt/airflow/dags/transfrom_to_mysql.py took 0.271 seconds
[2026-05-27T03:11:43.695+0000] {processor.py:161} INFO - Started process (PID=15768) to work on /opt/airflow/dags/transfrom_to_mysql.py
[2026-05-27T03:11:43.696+0000] {processor.py:830} INFO - Processing file /opt/airflow/dags/transfrom_to_mysql.py for tasks to queue
[2026-05-27T03:11:43.697+0000] {logging_mixin.py:188} INFO - [2026-05-27T03:11:43.697+0000] {dagbag.py:545} INFO - Filling up the DagBag from /opt/airflow/dags/transfrom_to_mysql.py
[2026-05-27T03:11:43.933+0000] {processor.py:842} WARNING - No viable dags retrieved from /opt/airflow/dags/transfrom_to_mysql.py
[2026-05-27T03:11:43.950+0000] {processor.py:183} INFO - Processing /opt/airflow/dags/transfrom_to_mysql.py took 0.261 seconds
[2026-05-27T03:12:14.247+0000] {processor.py:161} INFO - Started process (PID=15888) to work on /opt/airflow/dags/transfrom_to_mysql.py
[2026-05-27T03:12:14.250+0000] {processor.py:830} INFO - Processing file /opt/airflow/dags/transfrom_to_mysql.py for tasks to queue
[2026-05-27T03:12:14.253+0000] {logging_mixin.py:188} INFO - [2026-05-27T03:12:14.253+0000] {dagbag.py:545} INFO - Filling up the DagBag from /opt/airflow/dags/transfrom_to_mysql.py
[2026-05-27T03:12:15.935+0000] {processor.py:842} WARNING - No viable dags retrieved from /opt/airflow/dags/transfrom_to_mysql.py
[2026-05-27T03:12:16.048+0000] {processor.py:183} INFO - Processing /opt/airflow/dags/transfrom_to_mysql.py took 1.816 seconds
[2026-05-27T03:12:46.271+0000] {processor.py:161} INFO - Started process (PID=15911) to work on /opt/airflow/dags/transfrom_to_mysql.py
[2026-05-27T03:12:46.272+0000] {processor.py:830} INFO - Processing file /opt/airflow/dags/transfrom_to_mysql.py for tasks to queue
[2026-05-27T03:12:46.274+0000] {logging_mixin.py:188} INFO - [2026-05-27T03:12:46.274+0000] {dagbag.py:545} INFO - Filling up the DagBag from /opt/airflow/dags/transfrom_to_mysql.py
[2026-05-27T03:12:46.542+0000] {processor.py:842} WARNING - No viable dags retrieved from /opt/airflow/dags/transfrom_to_mysql.py
[2026-05-27T03:12:46.557+0000] {processor.py:183} INFO - Processing /opt/airflow/dags/transfrom_to_mysql.py took 0.303 seconds
[2026-05-27T03:13:16.975+0000] {processor.py:161} INFO - Started process (PID=16033) to work on /opt/airflow/dags/transfrom_to_mysql.py
[2026-05-27T03:13:16.976+0000] {processor.py:830} INFO - Processing file /opt/airflow/dags/transfrom_to_mysql.py for tasks to queue
[2026-05-27T03:13:16.977+0000] {logging_mixin.py:188} INFO - [2026-05-27T03:13:16.977+0000] {dagbag.py:545} INFO - Filling up the DagBag from /opt/airflow/dags/transfrom_to_mysql.py
[2026-05-27T03:13:17.214+0000] {processor.py:842} WARNING - No viable dags retrieved from /opt/airflow/dags/transfrom_to_mysql.py
[2026-05-27T03:13:17.236+0000] {processor.py:183} INFO - Processing /opt/airflow/dags/transfrom_to_mysql.py took 0.267 seconds
[2026-05-27T03:13:47.593+0000] {processor.py:161} INFO - Started process (PID=16150) to work on /opt/airflow/dags/transfrom_to_mysql.py
[2026-05-27T03:13:47.594+0000] {processor.py:830} INFO - Processing file /opt/airflow/dags/transfrom_to_mysql.py for tasks to queue
[2026-05-27T03:13:47.597+0000] {logging_mixin.py:188} INFO - [2026-05-27T03:13:47.596+0000] {dagbag.py:545} INFO - Filling up the DagBag from /opt/airflow/dags/transfrom_to_mysql.py
[2026-05-27T03:13:47.994+0000] {processor.py:842} WARNING - No viable dags retrieved from /opt/airflow/dags/transfrom_to_mysql.py
[2026-05-27T03:13:48.018+0000] {processor.py:183} INFO - Processing /opt/airflow/dags/transfrom_to_mysql.py took 0.434 seconds
[2026-05-27T03:14:18.303+0000] {processor.py:161} INFO - Started process (PID=16164) to work on /opt/airflow/dags/transfrom_to_mysql.py
[2026-05-27T03:14:18.304+0000] {processor.py:830} INFO - Processing file /opt/airflow/dags/transfrom_to_mysql.py for tasks to queue
[2026-05-27T03:14:18.306+0000] {logging_mixin.py:188} INFO - [2026-05-27T03:14:18.305+0000] {dagbag.py:545} INFO - Filling up the DagBag from /opt/airflow/dags/transfrom_to_mysql.py
[2026-05-27T03:14:18.537+0000] {processor.py:842} WARNING - No viable dags retrieved from /opt/airflow/dags/transfrom_to_mysql.py
[2026-05-27T03:14:18.553+0000] {processor.py:183} INFO - Processing /opt/airflow/dags/transfrom_to_mysql.py took 0.257 seconds
[2026-05-27T03:14:49.022+0000] {processor.py:161} INFO - Started process (PID=16288) to work on /opt/airflow/dags/transfrom_to_mysql.py
[2026-05-27T03:14:49.023+0000] {processor.py:830} INFO - Processing file /opt/airflow/dags/transfrom_to_mysql.py for tasks to queue
[2026-05-27T03:14:49.025+0000] {logging_mixin.py:188} INFO - [2026-05-27T03:14:49.025+0000] {dagbag.py:545} INFO - Filling up the DagBag from /opt/airflow/dags/transfrom_to_mysql.py
[2026-05-27T03:14:49.311+0000] {processor.py:842} WARNING - No viable dags retrieved from /opt/airflow/dags/transfrom_to_mysql.py
[2026-05-27T03:14:49.332+0000] {processor.py:183} INFO - Processing /opt/airflow/dags/transfrom_to_mysql.py took 0.317 seconds
[2026-05-27T03:15:19.657+0000] {processor.py:161} INFO - Started process (PID=16411) to work on /opt/airflow/dags/transfrom_to_mysql.py
[2026-05-27T03:15:19.658+0000] {processor.py:830} INFO - Processing file /opt/airflow/dags/transfrom_to_mysql.py for tasks to queue
[2026-05-27T03:15:19.660+0000] {logging_mixin.py:188} INFO - [2026-05-27T03:15:19.659+0000] {dagbag.py:545} INFO - Filling up the DagBag from /opt/airflow/dags/transfrom_to_mysql.py
[2026-05-27T03:15:19.904+0000] {processor.py:842} WARNING - No viable dags retrieved from /opt/airflow/dags/transfrom_to_mysql.py
[2026-05-27T03:15:19.924+0000] {processor.py:183} INFO - Processing /opt/airflow/dags/transfrom_to_mysql.py took 0.273 seconds
[2026-05-27T03:15:50.327+0000] {processor.py:161} INFO - Started process (PID=16498) to work on /opt/airflow/dags/transfrom_to_mysql.py
[2026-05-27T03:15:50.328+0000] {processor.py:830} INFO - Processing file /opt/airflow/dags/transfrom_to_mysql.py for tasks to queue
[2026-05-27T03:15:50.330+0000] {logging_mixin.py:188} INFO - [2026-05-27T03:15:50.330+0000] {dagbag.py:545} INFO - Filling up the DagBag from /opt/airflow/dags/transfrom_to_mysql.py
[2026-05-27T03:15:50.462+0000] {processor.py:842} WARNING - No viable dags retrieved from /opt/airflow/dags/transfrom_to_mysql.py
[2026-05-27T03:15:50.483+0000] {processor.py:183} INFO - Processing /opt/airflow/dags/transfrom_to_mysql.py took 0.162 seconds
[2026-05-27T03:16:20.574+0000] {processor.py:161} INFO - Started process (PID=16543) to work on /opt/airflow/dags/transfrom_to_mysql.py
[2026-05-27T03:16:20.575+0000] {processor.py:830} INFO - Processing file /opt/airflow/dags/transfrom_to_mysql.py for tasks to queue
[2026-05-27T03:16:20.577+0000] {logging_mixin.py:188} INFO - [2026-05-27T03:16:20.577+0000] {dagbag.py:545} INFO - Filling up the DagBag from /opt/airflow/dags/transfrom_to_mysql.py
[2026-05-27T03:16:20.735+0000] {processor.py:842} WARNING - No viable dags retrieved from /opt/airflow/dags/transfrom_to_mysql.py
[2026-05-27T03:16:20.757+0000] {processor.py:183} INFO - Processing /opt/airflow/dags/transfrom_to_mysql.py took 0.190 seconds
[2026-05-27T03:16:51.096+0000] {processor.py:161} INFO - Started process (PID=16665) to work on /opt/airflow/dags/transfrom_to_mysql.py
[2026-05-27T03:16:51.097+0000] {processor.py:830} INFO - Processing file /opt/airflow/dags/transfrom_to_mysql.py for tasks to queue
[2026-05-27T03:16:51.099+0000] {logging_mixin.py:188} INFO - [2026-05-27T03:16:51.098+0000] {dagbag.py:545} INFO - Filling up the DagBag from /opt/airflow/dags/transfrom_to_mysql.py
[2026-05-27T03:16:51.279+0000] {processor.py:842} WARNING - No viable dags retrieved from /opt/airflow/dags/transfrom_to_mysql.py
[2026-05-27T03:16:51.296+0000] {processor.py:183} INFO - Processing /opt/airflow/dags/transfrom_to_mysql.py took 0.211 seconds
[2026-05-27T03:17:21.562+0000] {processor.py:161} INFO - Started process (PID=16752) to work on /opt/airflow/dags/transfrom_to_mysql.py
[2026-05-27T03:17:21.563+0000] {processor.py:830} INFO - Processing file /opt/airflow/dags/transfrom_to_mysql.py for tasks to queue
[2026-05-27T03:17:21.564+0000] {logging_mixin.py:188} INFO - [2026-05-27T03:17:21.564+0000] {dagbag.py:545} INFO - Filling up the DagBag from /opt/airflow/dags/transfrom_to_mysql.py
[2026-05-27T03:17:21.712+0000] {processor.py:842} WARNING - No viable dags retrieved from /opt/airflow/dags/transfrom_to_mysql.py
[2026-05-27T03:17:21.738+0000] {processor.py:183} INFO - Processing /opt/airflow/dags/transfrom_to_mysql.py took 0.183 seconds
[2026-05-27T03:17:52.022+0000] {processor.py:161} INFO - Started process (PID=16797) to work on /opt/airflow/dags/transfrom_to_mysql.py
[2026-05-27T03:17:52.023+0000] {processor.py:830} INFO - Processing file /opt/airflow/dags/transfrom_to_mysql.py for tasks to queue
[2026-05-27T03:17:52.024+0000] {logging_mixin.py:188} INFO - [2026-05-27T03:17:52.024+0000] {dagbag.py:545} INFO - Filling up the DagBag from /opt/airflow/dags/transfrom_to_mysql.py
[2026-05-27T03:17:52.171+0000] {processor.py:842} WARNING - No viable dags retrieved from /opt/airflow/dags/transfrom_to_mysql.py
[2026-05-27T03:17:52.190+0000] {processor.py:183} INFO - Processing /opt/airflow/dags/transfrom_to_mysql.py took 0.175 seconds
[2026-05-27T03:18:22.745+0000] {processor.py:161} INFO - Started process (PID=16902) to work on /opt/airflow/dags/transfrom_to_mysql.py
[2026-05-27T03:18:22.746+0000] {processor.py:830} INFO - Processing file /opt/airflow/dags/transfrom_to_mysql.py for tasks to queue
[2026-05-27T03:18:22.747+0000] {logging_mixin.py:188} INFO - [2026-05-27T03:18:22.747+0000] {dagbag.py:545} INFO - Filling up the DagBag from /opt/airflow/dags/transfrom_to_mysql.py
[2026-05-27T03:18:22.885+0000] {processor.py:842} WARNING - No viable dags retrieved from /opt/airflow/dags/transfrom_to_mysql.py
[2026-05-27T03:18:22.904+0000] {processor.py:183} INFO - Processing /opt/airflow/dags/transfrom_to_mysql.py took 0.164 seconds
[2026-05-27T03:18:53.174+0000] {processor.py:161} INFO - Started process (PID=17005) to work on /opt/airflow/dags/transfrom_to_mysql.py
[2026-05-27T03:18:53.176+0000] {processor.py:830} INFO - Processing file /opt/airflow/dags/transfrom_to_mysql.py for tasks to queue
[2026-05-27T03:18:53.181+0000] {logging_mixin.py:188} INFO - [2026-05-27T03:18:53.180+0000] {dagbag.py:545} INFO - Filling up the DagBag from /opt/airflow/dags/transfrom_to_mysql.py
[2026-05-27T03:18:53.442+0000] {processor.py:842} WARNING - No viable dags retrieved from /opt/airflow/dags/transfrom_to_mysql.py
[2026-05-27T03:18:53.467+0000] {processor.py:183} INFO - Processing /opt/airflow/dags/transfrom_to_mysql.py took 0.304 seconds
[2026-05-27T03:19:23.805+0000] {processor.py:161} INFO - Started process (PID=17034) to work on /opt/airflow/dags/transfrom_to_mysql.py
[2026-05-27T03:19:23.806+0000] {processor.py:830} INFO - Processing file /opt/airflow/dags/transfrom_to_mysql.py for tasks to queue
[2026-05-27T03:19:23.807+0000] {logging_mixin.py:188} INFO - [2026-05-27T03:19:23.807+0000] {dagbag.py:545} INFO - Filling up the DagBag from /opt/airflow/dags/transfrom_to_mysql.py
[2026-05-27T03:19:23.945+0000] {processor.py:842} WARNING - No viable dags retrieved from /opt/airflow/dags/transfrom_to_mysql.py
[2026-05-27T03:19:23.965+0000] {processor.py:183} INFO - Processing /opt/airflow/dags/transfrom_to_mysql.py took 0.164 seconds
[2026-05-27T03:19:54.246+0000] {processor.py:161} INFO - Started process (PID=17156) to work on /opt/airflow/dags/transfrom_to_mysql.py
[2026-05-27T03:19:54.247+0000] {processor.py:830} INFO - Processing file /opt/airflow/dags/transfrom_to_mysql.py for tasks to queue
[2026-05-27T03:19:54.250+0000] {logging_mixin.py:188} INFO - [2026-05-27T03:19:54.250+0000] {dagbag.py:545} INFO - Filling up the DagBag from /opt/airflow/dags/transfrom_to_mysql.py
[2026-05-27T03:19:54.428+0000] {processor.py:842} WARNING - No viable dags retrieved from /opt/airflow/dags/transfrom_to_mysql.py
[2026-05-27T03:19:54.449+0000] {processor.py:183} INFO - Processing /opt/airflow/dags/transfrom_to_mysql.py took 0.211 seconds
[2026-05-27T03:20:24.936+0000] {processor.py:161} INFO - Started process (PID=17167) to work on /opt/airflow/dags/transfrom_to_mysql.py
[2026-05-27T03:20:24.994+0000] {processor.py:830} INFO - Processing file /opt/airflow/dags/transfrom_to_mysql.py for tasks to queue
[2026-05-27T03:20:25.057+0000] {logging_mixin.py:188} INFO - [2026-05-27T03:20:25.054+0000] {dagbag.py:545} INFO - Filling up the DagBag from /opt/airflow/dags/transfrom_to_mysql.py
[2026-05-27T03:20:25.251+0000] {processor.py:842} WARNING - No viable dags retrieved from /opt/airflow/dags/transfrom_to_mysql.py
[2026-05-27T03:20:25.272+0000] {processor.py:183} INFO - Processing /opt/airflow/dags/transfrom_to_mysql.py took 0.357 seconds
[2026-05-27T03:20:55.541+0000] {processor.py:161} INFO - Started process (PID=17283) to work on /opt/airflow/dags/transfrom_to_mysql.py
[2026-05-27T03:20:55.541+0000] {processor.py:830} INFO - Processing file /opt/airflow/dags/transfrom_to_mysql.py for tasks to queue
[2026-05-27T03:20:55.543+0000] {logging_mixin.py:188} INFO - [2026-05-27T03:20:55.543+0000] {dagbag.py:545} INFO - Filling up the DagBag from /opt/airflow/dags/transfrom_to_mysql.py
[2026-05-27T03:20:55.715+0000] {processor.py:842} WARNING - No viable dags retrieved from /opt/airflow/dags/transfrom_to_mysql.py
[2026-05-27T03:20:55.740+0000] {processor.py:183} INFO - Processing /opt/airflow/dags/transfrom_to_mysql.py took 0.206 seconds
[2026-05-27T03:21:26.011+0000] {processor.py:161} INFO - Started process (PID=17404) to work on /opt/airflow/dags/transfrom_to_mysql.py
[2026-05-27T03:21:26.012+0000] {processor.py:830} INFO - Processing file /opt/airflow/dags/transfrom_to_mysql.py for tasks to queue
[2026-05-27T03:21:26.014+0000] {logging_mixin.py:188} INFO - [2026-05-27T03:21:26.013+0000] {dagbag.py:545} INFO - Filling up the DagBag from /opt/airflow/dags/transfrom_to_mysql.py
[2026-05-27T03:21:26.235+0000] {processor.py:842} WARNING - No viable dags retrieved from /opt/airflow/dags/transfrom_to_mysql.py
[2026-05-27T03:21:26.262+0000] {processor.py:183} INFO - Processing /opt/airflow/dags/transfrom_to_mysql.py took 0.258 seconds
[2026-05-27T03:21:56.910+0000] {processor.py:161} INFO - Started process (PID=17495) to work on /opt/airflow/dags/transfrom_to_mysql.py
[2026-05-27T03:21:56.911+0000] {processor.py:830} INFO - Processing file /opt/airflow/dags/transfrom_to_mysql.py for tasks to queue
[2026-05-27T03:21:56.913+0000] {logging_mixin.py:188} INFO - [2026-05-27T03:21:56.912+0000] {dagbag.py:545} INFO - Filling up the DagBag from /opt/airflow/dags/transfrom_to_mysql.py
[2026-05-27T03:21:57.171+0000] {processor.py:842} WARNING - No viable dags retrieved from /opt/airflow/dags/transfrom_to_mysql.py
[2026-05-27T03:21:57.200+0000] {processor.py:183} INFO - Processing /opt/airflow/dags/transfrom_to_mysql.py took 0.297 seconds
[2026-05-27T03:22:27.493+0000] {processor.py:161} INFO - Started process (PID=17539) to work on /opt/airflow/dags/transfrom_to_mysql.py
[2026-05-27T03:22:27.494+0000] {processor.py:830} INFO - Processing file /opt/airflow/dags/transfrom_to_mysql.py for tasks to queue
[2026-05-27T03:22:27.497+0000] {logging_mixin.py:188} INFO - [2026-05-27T03:22:27.496+0000] {dagbag.py:545} INFO - Filling up the DagBag from /opt/airflow/dags/transfrom_to_mysql.py
[2026-05-27T03:22:27.662+0000] {processor.py:842} WARNING - No viable dags retrieved from /opt/airflow/dags/transfrom_to_mysql.py
[2026-05-27T03:22:27.684+0000] {processor.py:183} INFO - Processing /opt/airflow/dags/transfrom_to_mysql.py took 0.198 seconds
[2026-05-27T03:22:58.445+0000] {processor.py:161} INFO - Started process (PID=17643) to work on /opt/airflow/dags/transfrom_to_mysql.py
[2026-05-27T03:22:58.446+0000] {processor.py:830} INFO - Processing file /opt/airflow/dags/transfrom_to_mysql.py for tasks to queue
[2026-05-27T03:22:58.449+0000] {logging_mixin.py:188} INFO - [2026-05-27T03:22:58.449+0000] {dagbag.py:545} INFO - Filling up the DagBag from /opt/airflow/dags/transfrom_to_mysql.py
[2026-05-27T03:22:58.797+0000] {processor.py:842} WARNING - No viable dags retrieved from /opt/airflow/dags/transfrom_to_mysql.py
[2026-05-27T03:22:58.829+0000] {processor.py:183} INFO - Processing /opt/airflow/dags/transfrom_to_mysql.py took 0.400 seconds
[2026-05-27T03:23:28.945+0000] {processor.py:161} INFO - Started process (PID=17676) to work on /opt/airflow/dags/transfrom_to_mysql.py
[2026-05-27T03:23:28.947+0000] {processor.py:830} INFO - Processing file /opt/airflow/dags/transfrom_to_mysql.py for tasks to queue
[2026-05-27T03:23:28.949+0000] {logging_mixin.py:188} INFO - [2026-05-27T03:23:28.948+0000] {dagbag.py:545} INFO - Filling up the DagBag from /opt/airflow/dags/transfrom_to_mysql.py
[2026-05-27T03:23:29.122+0000] {processor.py:842} WARNING - No viable dags retrieved from /opt/airflow/dags/transfrom_to_mysql.py
[2026-05-27T03:23:29.146+0000] {processor.py:183} INFO - Processing /opt/airflow/dags/transfrom_to_mysql.py took 0.211 seconds
[2026-05-27T03:23:59.305+0000] {processor.py:161} INFO - Started process (PID=17796) to work on /opt/airflow/dags/transfrom_to_mysql.py
[2026-05-27T03:23:59.306+0000] {processor.py:830} INFO - Processing file /opt/airflow/dags/transfrom_to_mysql.py for tasks to queue
[2026-05-27T03:23:59.308+0000] {logging_mixin.py:188} INFO - [2026-05-27T03:23:59.308+0000] {dagbag.py:545} INFO - Filling up the DagBag from /opt/airflow/dags/transfrom_to_mysql.py
[2026-05-27T03:23:59.467+0000] {processor.py:842} WARNING - No viable dags retrieved from /opt/airflow/dags/transfrom_to_mysql.py
[2026-05-27T03:23:59.486+0000] {processor.py:183} INFO - Processing /opt/airflow/dags/transfrom_to_mysql.py took 0.190 seconds
[2026-05-27T03:24:30.515+0000] {processor.py:161} INFO - Started process (PID=17915) to work on /opt/airflow/dags/transfrom_to_mysql.py
[2026-05-27T03:24:30.517+0000] {processor.py:830} INFO - Processing file /opt/airflow/dags/transfrom_to_mysql.py for tasks to queue
[2026-05-27T03:24:30.521+0000] {logging_mixin.py:188} INFO - [2026-05-27T03:24:30.520+0000] {dagbag.py:545} INFO - Filling up the DagBag from /opt/airflow/dags/transfrom_to_mysql.py
[2026-05-27T03:24:30.825+0000] {processor.py:842} WARNING - No viable dags retrieved from /opt/airflow/dags/transfrom_to_mysql.py
[2026-05-27T03:24:30.855+0000] {processor.py:183} INFO - Processing /opt/airflow/dags/transfrom_to_mysql.py took 0.365 seconds
[2026-05-27T03:25:01.168+0000] {processor.py:161} INFO - Started process (PID=17927) to work on /opt/airflow/dags/transfrom_to_mysql.py
[2026-05-27T03:25:01.169+0000] {processor.py:830} INFO - Processing file /opt/airflow/dags/transfrom_to_mysql.py for tasks to queue
[2026-05-27T03:25:01.171+0000] {logging_mixin.py:188} INFO - [2026-05-27T03:25:01.171+0000] {dagbag.py:545} INFO - Filling up the DagBag from /opt/airflow/dags/transfrom_to_mysql.py
[2026-05-27T03:25:01.344+0000] {processor.py:842} WARNING - No viable dags retrieved from /opt/airflow/dags/transfrom_to_mysql.py
[2026-05-27T03:25:01.364+0000] {processor.py:183} INFO - Processing /opt/airflow/dags/transfrom_to_mysql.py took 0.203 seconds
[2026-05-27T03:25:31.795+0000] {processor.py:161} INFO - Started process (PID=18049) to work on /opt/airflow/dags/transfrom_to_mysql.py
[2026-05-27T03:25:31.797+0000] {processor.py:830} INFO - Processing file /opt/airflow/dags/transfrom_to_mysql.py for tasks to queue
[2026-05-27T03:25:31.798+0000] {logging_mixin.py:188} INFO - [2026-05-27T03:25:31.798+0000] {dagbag.py:545} INFO - Filling up the DagBag from /opt/airflow/dags/transfrom_to_mysql.py
[2026-05-27T03:25:31.981+0000] {processor.py:842} WARNING - No viable dags retrieved from /opt/airflow/dags/transfrom_to_mysql.py
[2026-05-27T03:25:32.015+0000] {processor.py:183} INFO - Processing /opt/airflow/dags/transfrom_to_mysql.py took 0.227 seconds
[2026-05-27T03:26:02.357+0000] {processor.py:161} INFO - Started process (PID=18158) to work on /opt/airflow/dags/transfrom_to_mysql.py
[2026-05-27T03:26:02.358+0000] {processor.py:830} INFO - Processing file /opt/airflow/dags/transfrom_to_mysql.py for tasks to queue
[2026-05-27T03:26:02.361+0000] {logging_mixin.py:188} INFO - [2026-05-27T03:26:02.360+0000] {dagbag.py:545} INFO - Filling up the DagBag from /opt/airflow/dags/transfrom_to_mysql.py
[2026-05-27T03:26:02.551+0000] {processor.py:842} WARNING - No viable dags retrieved from /opt/airflow/dags/transfrom_to_mysql.py
[2026-05-27T03:26:02.574+0000] {processor.py:183} INFO - Processing /opt/airflow/dags/transfrom_to_mysql.py took 0.226 seconds
[2026-05-27T03:26:33.212+0000] {processor.py:161} INFO - Started process (PID=18252) to work on /opt/airflow/dags/transfrom_to_mysql.py
[2026-05-27T03:26:33.213+0000] {processor.py:830} INFO - Processing file /opt/airflow/dags/transfrom_to_mysql.py for tasks to queue
[2026-05-27T03:26:33.216+0000] {logging_mixin.py:188} INFO - [2026-05-27T03:26:33.215+0000] {dagbag.py:545} INFO - Filling up the DagBag from /opt/airflow/dags/transfrom_to_mysql.py
[2026-05-27T03:26:33.438+0000] {processor.py:842} WARNING - No viable dags retrieved from /opt/airflow/dags/transfrom_to_mysql.py
[2026-05-27T03:26:33.469+0000] {processor.py:183} INFO - Processing /opt/airflow/dags/transfrom_to_mysql.py took 0.267 seconds
[2026-05-27T03:27:03.669+0000] {processor.py:161} INFO - Started process (PID=18288) to work on /opt/airflow/dags/transfrom_to_mysql.py
[2026-05-27T03:27:03.670+0000] {processor.py:830} INFO - Processing file /opt/airflow/dags/transfrom_to_mysql.py for tasks to queue
[2026-05-27T03:27:03.672+0000] {logging_mixin.py:188} INFO - [2026-05-27T03:27:03.671+0000] {dagbag.py:545} INFO - Filling up the DagBag from /opt/airflow/dags/transfrom_to_mysql.py
[2026-05-27T03:27:03.807+0000] {processor.py:842} WARNING - No viable dags retrieved from /opt/airflow/dags/transfrom_to_mysql.py
[2026-05-27T03:27:03.826+0000] {processor.py:183} INFO - Processing /opt/airflow/dags/transfrom_to_mysql.py took 0.164 seconds
[2026-05-27T03:27:34.118+0000] {processor.py:161} INFO - Started process (PID=18409) to work on /opt/airflow/dags/transfrom_to_mysql.py
[2026-05-27T03:27:34.119+0000] {processor.py:830} INFO - Processing file /opt/airflow/dags/transfrom_to_mysql.py for tasks to queue
[2026-05-27T03:27:34.121+0000] {logging_mixin.py:188} INFO - [2026-05-27T03:27:34.121+0000] {dagbag.py:545} INFO - Filling up the DagBag from /opt/airflow/dags/transfrom_to_mysql.py
[2026-05-27T03:27:34.292+0000] {processor.py:842} WARNING - No viable dags retrieved from /opt/airflow/dags/transfrom_to_mysql.py
[2026-05-27T03:27:34.315+0000] {processor.py:183} INFO - Processing /opt/airflow/dags/transfrom_to_mysql.py took 0.207 seconds
[2026-05-27T03:28:04.879+0000] {processor.py:161} INFO - Started process (PID=18501) to work on /opt/airflow/dags/transfrom_to_mysql.py
[2026-05-27T03:28:04.881+0000] {processor.py:830} INFO - Processing file /opt/airflow/dags/transfrom_to_mysql.py for tasks to queue
[2026-05-27T03:28:04.884+0000] {logging_mixin.py:188} INFO - [2026-05-27T03:28:04.884+0000] {dagbag.py:545} INFO - Filling up the DagBag from /opt/airflow/dags/transfrom_to_mysql.py
[2026-05-27T03:28:05.054+0000] {processor.py:842} WARNING - No viable dags retrieved from /opt/airflow/dags/transfrom_to_mysql.py
[2026-05-27T03:28:05.077+0000] {processor.py:183} INFO - Processing /opt/airflow/dags/transfrom_to_mysql.py took 0.208 seconds
[2026-05-27T03:28:35.381+0000] {processor.py:161} INFO - Started process (PID=18551) to work on /opt/airflow/dags/transfrom_to_mysql.py
[2026-05-27T03:28:35.383+0000] {processor.py:830} INFO - Processing file /opt/airflow/dags/transfrom_to_mysql.py for tasks to queue
[2026-05-27T03:28:35.385+0000] {logging_mixin.py:188} INFO - [2026-05-27T03:28:35.385+0000] {dagbag.py:545} INFO - Filling up the DagBag from /opt/airflow/dags/transfrom_to_mysql.py
[2026-05-27T03:28:35.547+0000] {processor.py:842} WARNING - No viable dags retrieved from /opt/airflow/dags/transfrom_to_mysql.py
[2026-05-27T03:28:35.570+0000] {processor.py:183} INFO - Processing /opt/airflow/dags/transfrom_to_mysql.py took 0.195 seconds
[2026-05-27T03:29:05.688+0000] {processor.py:161} INFO - Started process (PID=18656) to work on /opt/airflow/dags/transfrom_to_mysql.py
[2026-05-27T03:29:05.691+0000] {processor.py:830} INFO - Processing file /opt/airflow/dags/transfrom_to_mysql.py for tasks to queue
[2026-05-27T03:29:05.696+0000] {logging_mixin.py:188} INFO - [2026-05-27T03:29:05.696+0000] {dagbag.py:545} INFO - Filling up the DagBag from /opt/airflow/dags/transfrom_to_mysql.py
[2026-05-27T03:29:05.934+0000] {processor.py:842} WARNING - No viable dags retrieved from /opt/airflow/dags/transfrom_to_mysql.py
[2026-05-27T03:29:05.996+0000] {processor.py:183} INFO - Processing /opt/airflow/dags/transfrom_to_mysql.py took 0.319 seconds
[2026-05-27T03:29:36.654+0000] {processor.py:161} INFO - Started process (PID=18679) to work on /opt/airflow/dags/transfrom_to_mysql.py
[2026-05-27T03:29:36.656+0000] {processor.py:830} INFO - Processing file /opt/airflow/dags/transfrom_to_mysql.py for tasks to queue
[2026-05-27T03:29:36.659+0000] {logging_mixin.py:188} INFO - [2026-05-27T03:29:36.658+0000] {dagbag.py:545} INFO - Filling up the DagBag from /opt/airflow/dags/transfrom_to_mysql.py
[2026-05-27T03:29:36.847+0000] {processor.py:842} WARNING - No viable dags retrieved from /opt/airflow/dags/transfrom_to_mysql.py
[2026-05-27T03:29:36.872+0000] {processor.py:183} INFO - Processing /opt/airflow/dags/transfrom_to_mysql.py took 0.229 seconds
[2026-05-27T03:30:07.170+0000] {processor.py:161} INFO - Started process (PID=18788) to work on /opt/airflow/dags/transfrom_to_mysql.py
[2026-05-27T03:30:07.171+0000] {processor.py:830} INFO - Processing file /opt/airflow/dags/transfrom_to_mysql.py for tasks to queue
[2026-05-27T03:30:07.173+0000] {logging_mixin.py:188} INFO - [2026-05-27T03:30:07.173+0000] {dagbag.py:545} INFO - Filling up the DagBag from /opt/airflow/dags/transfrom_to_mysql.py
[2026-05-27T03:30:07.333+0000] {processor.py:842} WARNING - No viable dags retrieved from /opt/airflow/dags/transfrom_to_mysql.py
[2026-05-27T03:30:07.355+0000] {processor.py:183} INFO - Processing /opt/airflow/dags/transfrom_to_mysql.py took 0.191 seconds
[2026-05-27T03:30:37.738+0000] {processor.py:161} INFO - Started process (PID=18911) to work on /opt/airflow/dags/transfrom_to_mysql.py
[2026-05-27T03:30:37.740+0000] {processor.py:830} INFO - Processing file /opt/airflow/dags/transfrom_to_mysql.py for tasks to queue
[2026-05-27T03:30:37.741+0000] {logging_mixin.py:188} INFO - [2026-05-27T03:30:37.741+0000] {dagbag.py:545} INFO - Filling up the DagBag from /opt/airflow/dags/transfrom_to_mysql.py
[2026-05-27T03:30:37.899+0000] {processor.py:842} WARNING - No viable dags retrieved from /opt/airflow/dags/transfrom_to_mysql.py
[2026-05-27T03:30:37.930+0000] {processor.py:183} INFO - Processing /opt/airflow/dags/transfrom_to_mysql.py took 0.198 seconds
[2026-05-27T03:31:08.533+0000] {processor.py:161} INFO - Started process (PID=19003) to work on /opt/airflow/dags/transfrom_to_mysql.py
[2026-05-27T03:31:08.534+0000] {processor.py:830} INFO - Processing file /opt/airflow/dags/transfrom_to_mysql.py for tasks to queue
[2026-05-27T03:31:08.536+0000] {logging_mixin.py:188} INFO - [2026-05-27T03:31:08.536+0000] {dagbag.py:545} INFO - Filling up the DagBag from /opt/airflow/dags/transfrom_to_mysql.py
[2026-05-27T03:31:08.687+0000] {processor.py:842} WARNING - No viable dags retrieved from /opt/airflow/dags/transfrom_to_mysql.py
[2026-05-27T03:31:08.715+0000] {processor.py:183} INFO - Processing /opt/airflow/dags/transfrom_to_mysql.py took 0.188 seconds
[2026-05-27T03:31:39.048+0000] {processor.py:161} INFO - Started process (PID=19043) to work on /opt/airflow/dags/transfrom_to_mysql.py
[2026-05-27T03:31:39.049+0000] {processor.py:830} INFO - Processing file /opt/airflow/dags/transfrom_to_mysql.py for tasks to queue
[2026-05-27T03:31:39.051+0000] {logging_mixin.py:188} INFO - [2026-05-27T03:31:39.051+0000] {dagbag.py:545} INFO - Filling up the DagBag from /opt/airflow/dags/transfrom_to_mysql.py
[2026-05-27T03:31:39.218+0000] {processor.py:842} WARNING - No viable dags retrieved from /opt/airflow/dags/transfrom_to_mysql.py
[2026-05-27T03:31:39.241+0000] {processor.py:183} INFO - Processing /opt/airflow/dags/transfrom_to_mysql.py took 0.200 seconds
[2026-05-27T03:32:09.552+0000] {processor.py:161} INFO - Started process (PID=19165) to work on /opt/airflow/dags/transfrom_to_mysql.py
[2026-05-27T03:32:09.553+0000] {processor.py:830} INFO - Processing file /opt/airflow/dags/transfrom_to_mysql.py for tasks to queue
[2026-05-27T03:32:09.555+0000] {logging_mixin.py:188} INFO - [2026-05-27T03:32:09.554+0000] {dagbag.py:545} INFO - Filling up the DagBag from /opt/airflow/dags/transfrom_to_mysql.py
[2026-05-27T03:32:09.712+0000] {processor.py:842} WARNING - No viable dags retrieved from /opt/airflow/dags/transfrom_to_mysql.py
[2026-05-27T03:32:09.735+0000] {processor.py:183} INFO - Processing /opt/airflow/dags/transfrom_to_mysql.py took 0.193 seconds
[2026-05-27T03:32:40.435+0000] {processor.py:161} INFO - Started process (PID=19286) to work on /opt/airflow/dags/transfrom_to_mysql.py
[2026-05-27T03:32:40.437+0000] {processor.py:830} INFO - Processing file /opt/airflow/dags/transfrom_to_mysql.py for tasks to queue
[2026-05-27T03:32:40.440+0000] {logging_mixin.py:188} INFO - [2026-05-27T03:32:40.440+0000] {dagbag.py:545} INFO - Filling up the DagBag from /opt/airflow/dags/transfrom_to_mysql.py
[2026-05-27T03:32:40.673+0000] {processor.py:842} WARNING - No viable dags retrieved from /opt/airflow/dags/transfrom_to_mysql.py
[2026-05-27T03:32:40.709+0000] {processor.py:183} INFO - Processing /opt/airflow/dags/transfrom_to_mysql.py took 0.284 seconds
[2026-05-27T03:33:10.892+0000] {processor.py:161} INFO - Started process (PID=19300) to work on /opt/airflow/dags/transfrom_to_mysql.py
[2026-05-27T03:33:10.893+0000] {processor.py:830} INFO - Processing file /opt/airflow/dags/transfrom_to_mysql.py for tasks to queue
[2026-05-27T03:33:10.895+0000] {logging_mixin.py:188} INFO - [2026-05-27T03:33:10.895+0000] {dagbag.py:545} INFO - Filling up the DagBag from /opt/airflow/dags/transfrom_to_mysql.py
[2026-05-27T03:33:11.067+0000] {processor.py:842} WARNING - No viable dags retrieved from /opt/airflow/dags/transfrom_to_mysql.py
[2026-05-27T03:33:11.094+0000] {processor.py:183} INFO - Processing /opt/airflow/dags/transfrom_to_mysql.py took 0.209 seconds
[2026-05-27T03:33:41.445+0000] {processor.py:161} INFO - Started process (PID=19420) to work on /opt/airflow/dags/transfrom_to_mysql.py
[2026-05-27T03:33:41.447+0000] {processor.py:830} INFO - Processing file /opt/airflow/dags/transfrom_to_mysql.py for tasks to queue
[2026-05-27T03:33:41.448+0000] {logging_mixin.py:188} INFO - [2026-05-27T03:33:41.448+0000] {dagbag.py:545} INFO - Filling up the DagBag from /opt/airflow/dags/transfrom_to_mysql.py
[2026-05-27T03:33:41.608+0000] {processor.py:842} WARNING - No viable dags retrieved from /opt/airflow/dags/transfrom_to_mysql.py
[2026-05-27T03:33:41.632+0000] {processor.py:183} INFO - Processing /opt/airflow/dags/transfrom_to_mysql.py took 0.194 seconds
[2026-05-27T03:34:11.812+0000] {processor.py:161} INFO - Started process (PID=19544) to work on /opt/airflow/dags/transfrom_to_mysql.py
[2026-05-27T03:34:11.813+0000] {processor.py:830} INFO - Processing file /opt/airflow/dags/transfrom_to_mysql.py for tasks to queue
[2026-05-27T03:34:11.816+0000] {logging_mixin.py:188} INFO - [2026-05-27T03:34:11.815+0000] {dagbag.py:545} INFO - Filling up the DagBag from /opt/airflow/dags/transfrom_to_mysql.py
[2026-05-27T03:34:11.993+0000] {processor.py:842} WARNING - No viable dags retrieved from /opt/airflow/dags/transfrom_to_mysql.py
[2026-05-27T03:34:12.014+0000] {processor.py:183} INFO - Processing /opt/airflow/dags/transfrom_to_mysql.py took 0.211 seconds
[2026-05-27T03:34:42.606+0000] {processor.py:161} INFO - Started process (PID=19632) to work on /opt/airflow/dags/transfrom_to_mysql.py
[2026-05-27T03:34:42.607+0000] {processor.py:830} INFO - Processing file /opt/airflow/dags/transfrom_to_mysql.py for tasks to queue
[2026-05-27T03:34:42.609+0000] {logging_mixin.py:188} INFO - [2026-05-27T03:34:42.609+0000] {dagbag.py:545} INFO - Filling up the DagBag from /opt/airflow/dags/transfrom_to_mysql.py
[2026-05-27T03:34:42.762+0000] {processor.py:842} WARNING - No viable dags retrieved from /opt/airflow/dags/transfrom_to_mysql.py
[2026-05-27T03:34:42.782+0000] {processor.py:183} INFO - Processing /opt/airflow/dags/transfrom_to_mysql.py took 0.185 seconds
[2026-05-27T03:35:13.036+0000] {processor.py:161} INFO - Started process (PID=19687) to work on /opt/airflow/dags/transfrom_to_mysql.py
[2026-05-27T03:35:13.037+0000] {processor.py:830} INFO - Processing file /opt/airflow/dags/transfrom_to_mysql.py for tasks to queue
[2026-05-27T03:35:13.038+0000] {logging_mixin.py:188} INFO - [2026-05-27T03:35:13.038+0000] {dagbag.py:545} INFO - Filling up the DagBag from /opt/airflow/dags/transfrom_to_mysql.py
[2026-05-27T03:35:13.196+0000] {processor.py:842} WARNING - No viable dags retrieved from /opt/airflow/dags/transfrom_to_mysql.py
[2026-05-27T03:35:13.229+0000] {processor.py:183} INFO - Processing /opt/airflow/dags/transfrom_to_mysql.py took 0.200 seconds
[2026-05-27T03:35:43.848+0000] {processor.py:161} INFO - Started process (PID=19776) to work on /opt/airflow/dags/transfrom_to_mysql.py
[2026-05-27T03:35:43.849+0000] {processor.py:830} INFO - Processing file /opt/airflow/dags/transfrom_to_mysql.py for tasks to queue
[2026-05-27T03:35:43.851+0000] {logging_mixin.py:188} INFO - [2026-05-27T03:35:43.851+0000] {dagbag.py:545} INFO - Filling up the DagBag from /opt/airflow/dags/transfrom_to_mysql.py
[2026-05-27T03:35:44.035+0000] {processor.py:842} WARNING - No viable dags retrieved from /opt/airflow/dags/transfrom_to_mysql.py
[2026-05-27T03:35:44.059+0000] {processor.py:183} INFO - Processing /opt/airflow/dags/transfrom_to_mysql.py took 0.218 seconds
[2026-05-27T03:36:14.360+0000] {processor.py:161} INFO - Started process (PID=19831) to work on /opt/airflow/dags/transfrom_to_mysql.py
[2026-05-27T03:36:14.361+0000] {processor.py:830} INFO - Processing file /opt/airflow/dags/transfrom_to_mysql.py for tasks to queue
[2026-05-27T03:36:14.364+0000] {logging_mixin.py:188} INFO - [2026-05-27T03:36:14.363+0000] {dagbag.py:545} INFO - Filling up the DagBag from /opt/airflow/dags/transfrom_to_mysql.py
[2026-05-27T03:36:14.551+0000] {processor.py:842} WARNING - No viable dags retrieved from /opt/airflow/dags/transfrom_to_mysql.py
[2026-05-27T03:36:14.580+0000] {processor.py:183} INFO - Processing /opt/airflow/dags/transfrom_to_mysql.py took 0.229 seconds
[2026-05-27T03:36:45.156+0000] {processor.py:161} INFO - Started process (PID=19924) to work on /opt/airflow/dags/transfrom_to_mysql.py
[2026-05-27T03:36:45.157+0000] {processor.py:830} INFO - Processing file /opt/airflow/dags/transfrom_to_mysql.py for tasks to queue
[2026-05-27T03:36:45.161+0000] {logging_mixin.py:188} INFO - [2026-05-27T03:36:45.160+0000] {dagbag.py:545} INFO - Filling up the DagBag from /opt/airflow/dags/transfrom_to_mysql.py
[2026-05-27T03:36:45.372+0000] {processor.py:842} WARNING - No viable dags retrieved from /opt/airflow/dags/transfrom_to_mysql.py
[2026-05-27T03:36:45.394+0000] {processor.py:183} INFO - Processing /opt/airflow/dags/transfrom_to_mysql.py took 0.247 seconds
[2026-05-27T03:37:15.785+0000] {processor.py:161} INFO - Started process (PID=19964) to work on /opt/airflow/dags/transfrom_to_mysql.py
[2026-05-27T03:37:15.786+0000] {processor.py:830} INFO - Processing file /opt/airflow/dags/transfrom_to_mysql.py for tasks to queue
[2026-05-27T03:37:15.788+0000] {logging_mixin.py:188} INFO - [2026-05-27T03:37:15.788+0000] {dagbag.py:545} INFO - Filling up the DagBag from /opt/airflow/dags/transfrom_to_mysql.py
[2026-05-27T03:37:15.975+0000] {processor.py:842} WARNING - No viable dags retrieved from /opt/airflow/dags/transfrom_to_mysql.py
[2026-05-27T03:37:16.000+0000] {processor.py:183} INFO - Processing /opt/airflow/dags/transfrom_to_mysql.py took 0.222 seconds
[2026-05-27T03:37:46.567+0000] {processor.py:161} INFO - Started process (PID=20094) to work on /opt/airflow/dags/transfrom_to_mysql.py
[2026-05-27T03:37:46.568+0000] {processor.py:830} INFO - Processing file /opt/airflow/dags/transfrom_to_mysql.py for tasks to queue
[2026-05-27T03:37:46.570+0000] {logging_mixin.py:188} INFO - [2026-05-27T03:37:46.570+0000] {dagbag.py:545} INFO - Filling up the DagBag from /opt/airflow/dags/transfrom_to_mysql.py
[2026-05-27T03:37:46.727+0000] {processor.py:842} WARNING - No viable dags retrieved from /opt/airflow/dags/transfrom_to_mysql.py
[2026-05-27T03:37:46.746+0000] {processor.py:183} INFO - Processing /opt/airflow/dags/transfrom_to_mysql.py took 0.185 seconds
[2026-05-27T03:38:17.047+0000] {processor.py:161} INFO - Started process (PID=20105) to work on /opt/airflow/dags/transfrom_to_mysql.py
[2026-05-27T03:38:17.048+0000] {processor.py:830} INFO - Processing file /opt/airflow/dags/transfrom_to_mysql.py for tasks to queue
[2026-05-27T03:38:17.050+0000] {logging_mixin.py:188} INFO - [2026-05-27T03:38:17.049+0000] {dagbag.py:545} INFO - Filling up the DagBag from /opt/airflow/dags/transfrom_to_mysql.py
[2026-05-27T03:38:17.224+0000] {processor.py:842} WARNING - No viable dags retrieved from /opt/airflow/dags/transfrom_to_mysql.py
[2026-05-27T03:38:17.245+0000] {processor.py:183} INFO - Processing /opt/airflow/dags/transfrom_to_mysql.py took 0.205 seconds
[2026-05-27T03:38:47.603+0000] {processor.py:161} INFO - Started process (PID=20244) to work on /opt/airflow/dags/transfrom_to_mysql.py
[2026-05-27T03:38:47.604+0000] {processor.py:830} INFO - Processing file /opt/airflow/dags/transfrom_to_mysql.py for tasks to queue
[2026-05-27T03:38:47.606+0000] {logging_mixin.py:188} INFO - [2026-05-27T03:38:47.605+0000] {dagbag.py:545} INFO - Filling up the DagBag from /opt/airflow/dags/transfrom_to_mysql.py
[2026-05-27T03:38:47.763+0000] {processor.py:842} WARNING - No viable dags retrieved from /opt/airflow/dags/transfrom_to_mysql.py
[2026-05-27T03:38:47.782+0000] {processor.py:183} INFO - Processing /opt/airflow/dags/transfrom_to_mysql.py took 0.185 seconds
[2026-05-27T03:39:18.556+0000] {processor.py:161} INFO - Started process (PID=20363) to work on /opt/airflow/dags/transfrom_to_mysql.py
[2026-05-27T03:39:18.558+0000] {processor.py:830} INFO - Processing file /opt/airflow/dags/transfrom_to_mysql.py for tasks to queue
[2026-05-27T03:39:18.561+0000] {logging_mixin.py:188} INFO - [2026-05-27T03:39:18.560+0000] {dagbag.py:545} INFO - Filling up the DagBag from /opt/airflow/dags/transfrom_to_mysql.py
[2026-05-27T03:39:18.793+0000] {processor.py:842} WARNING - No viable dags retrieved from /opt/airflow/dags/transfrom_to_mysql.py
[2026-05-27T03:39:18.813+0000] {processor.py:183} INFO - Processing /opt/airflow/dags/transfrom_to_mysql.py took 0.268 seconds
[2026-05-27T03:39:49.485+0000] {processor.py:161} INFO - Started process (PID=20389) to work on /opt/airflow/dags/transfrom_to_mysql.py
[2026-05-27T03:39:49.487+0000] {processor.py:830} INFO - Processing file /opt/airflow/dags/transfrom_to_mysql.py for tasks to queue
[2026-05-27T03:39:49.489+0000] {logging_mixin.py:188} INFO - [2026-05-27T03:39:49.489+0000] {dagbag.py:545} INFO - Filling up the DagBag from /opt/airflow/dags/transfrom_to_mysql.py
[2026-05-27T03:39:49.679+0000] {processor.py:842} WARNING - No viable dags retrieved from /opt/airflow/dags/transfrom_to_mysql.py
[2026-05-27T03:39:49.704+0000] {processor.py:183} INFO - Processing /opt/airflow/dags/transfrom_to_mysql.py took 0.228 seconds
[2026-05-27T03:40:19.764+0000] {processor.py:161} INFO - Started process (PID=20493) to work on /opt/airflow/dags/transfrom_to_mysql.py
[2026-05-27T03:40:19.765+0000] {processor.py:830} INFO - Processing file /opt/airflow/dags/transfrom_to_mysql.py for tasks to queue
[2026-05-27T03:40:19.767+0000] {logging_mixin.py:188} INFO - [2026-05-27T03:40:19.766+0000] {dagbag.py:545} INFO - Filling up the DagBag from /opt/airflow/dags/transfrom_to_mysql.py
[2026-05-27T03:40:19.919+0000] {processor.py:842} WARNING - No viable dags retrieved from /opt/airflow/dags/transfrom_to_mysql.py
[2026-05-27T03:40:19.940+0000] {processor.py:183} INFO - Processing /opt/airflow/dags/transfrom_to_mysql.py took 0.186 seconds
[2026-05-27T03:40:50.057+0000] {processor.py:161} INFO - Started process (PID=20621) to work on /opt/airflow/dags/transfrom_to_mysql.py
[2026-05-27T03:40:50.058+0000] {processor.py:830} INFO - Processing file /opt/airflow/dags/transfrom_to_mysql.py for tasks to queue
[2026-05-27T03:40:50.060+0000] {logging_mixin.py:188} INFO - [2026-05-27T03:40:50.059+0000] {dagbag.py:545} INFO - Filling up the DagBag from /opt/airflow/dags/transfrom_to_mysql.py
[2026-05-27T03:40:50.216+0000] {processor.py:842} WARNING - No viable dags retrieved from /opt/airflow/dags/transfrom_to_mysql.py
[2026-05-27T03:40:50.239+0000] {processor.py:183} INFO - Processing /opt/airflow/dags/transfrom_to_mysql.py took 0.188 seconds
[2026-05-27T03:41:20.883+0000] {processor.py:161} INFO - Started process (PID=20712) to work on /opt/airflow/dags/transfrom_to_mysql.py
[2026-05-27T03:41:20.885+0000] {processor.py:830} INFO - Processing file /opt/airflow/dags/transfrom_to_mysql.py for tasks to queue
[2026-05-27T03:41:20.887+0000] {logging_mixin.py:188} INFO - [2026-05-27T03:41:20.887+0000] {dagbag.py:545} INFO - Filling up the DagBag from /opt/airflow/dags/transfrom_to_mysql.py
[2026-05-27T03:41:21.070+0000] {processor.py:842} WARNING - No viable dags retrieved from /opt/airflow/dags/transfrom_to_mysql.py
[2026-05-27T03:41:21.090+0000] {processor.py:183} INFO - Processing /opt/airflow/dags/transfrom_to_mysql.py took 0.216 seconds
[2026-05-27T03:41:51.400+0000] {processor.py:161} INFO - Started process (PID=20753) to work on /opt/airflow/dags/transfrom_to_mysql.py
[2026-05-27T03:41:51.401+0000] {processor.py:830} INFO - Processing file /opt/airflow/dags/transfrom_to_mysql.py for tasks to queue
[2026-05-27T03:41:51.403+0000] {logging_mixin.py:188} INFO - [2026-05-27T03:41:51.403+0000] {dagbag.py:545} INFO - Filling up the DagBag from /opt/airflow/dags/transfrom_to_mysql.py
[2026-05-27T03:41:51.598+0000] {processor.py:842} WARNING - No viable dags retrieved from /opt/airflow/dags/transfrom_to_mysql.py
[2026-05-27T03:41:51.624+0000] {processor.py:183} INFO - Processing /opt/airflow/dags/transfrom_to_mysql.py took 0.233 seconds
[2026-05-27T03:42:22.040+0000] {processor.py:161} INFO - Started process (PID=20875) to work on /opt/airflow/dags/transfrom_to_mysql.py
[2026-05-27T03:42:22.041+0000] {processor.py:830} INFO - Processing file /opt/airflow/dags/transfrom_to_mysql.py for tasks to queue
[2026-05-27T03:42:22.043+0000] {logging_mixin.py:188} INFO - [2026-05-27T03:42:22.043+0000] {dagbag.py:545} INFO - Filling up the DagBag from /opt/airflow/dags/transfrom_to_mysql.py
[2026-05-27T03:42:22.213+0000] {processor.py:842} WARNING - No viable dags retrieved from /opt/airflow/dags/transfrom_to_mysql.py
[2026-05-27T03:42:22.238+0000] {processor.py:183} INFO - Processing /opt/airflow/dags/transfrom_to_mysql.py took 0.203 seconds
[2026-05-27T03:42:52.859+0000] {processor.py:161} INFO - Started process (PID=20995) to work on /opt/airflow/dags/transfrom_to_mysql.py
[2026-05-27T03:42:52.860+0000] {processor.py:830} INFO - Processing file /opt/airflow/dags/transfrom_to_mysql.py for tasks to queue
[2026-05-27T03:42:52.863+0000] {logging_mixin.py:188} INFO - [2026-05-27T03:42:52.862+0000] {dagbag.py:545} INFO - Filling up the DagBag from /opt/airflow/dags/transfrom_to_mysql.py
[2026-05-27T03:42:53.046+0000] {processor.py:842} WARNING - No viable dags retrieved from /opt/airflow/dags/transfrom_to_mysql.py
[2026-05-27T03:42:53.069+0000] {processor.py:183} INFO - Processing /opt/airflow/dags/transfrom_to_mysql.py took 0.219 seconds
[2026-05-27T03:43:23.455+0000] {processor.py:161} INFO - Started process (PID=21010) to work on /opt/airflow/dags/transfrom_to_mysql.py
[2026-05-27T03:43:23.456+0000] {processor.py:830} INFO - Processing file /opt/airflow/dags/transfrom_to_mysql.py for tasks to queue
[2026-05-27T03:43:23.457+0000] {logging_mixin.py:188} INFO - [2026-05-27T03:43:23.457+0000] {dagbag.py:545} INFO - Filling up the DagBag from /opt/airflow/dags/transfrom_to_mysql.py
[2026-05-27T03:43:23.622+0000] {processor.py:842} WARNING - No viable dags retrieved from /opt/airflow/dags/transfrom_to_mysql.py
[2026-05-27T03:43:23.645+0000] {processor.py:183} INFO - Processing /opt/airflow/dags/transfrom_to_mysql.py took 0.197 seconds
[2026-05-27T03:43:53.924+0000] {processor.py:161} INFO - Started process (PID=21117) to work on /opt/airflow/dags/transfrom_to_mysql.py
[2026-05-27T03:43:53.925+0000] {processor.py:830} INFO - Processing file /opt/airflow/dags/transfrom_to_mysql.py for tasks to queue
[2026-05-27T03:43:53.926+0000] {logging_mixin.py:188} INFO - [2026-05-27T03:43:53.926+0000] {dagbag.py:545} INFO - Filling up the DagBag from /opt/airflow/dags/transfrom_to_mysql.py
[2026-05-27T03:43:54.097+0000] {processor.py:842} WARNING - No viable dags retrieved from /opt/airflow/dags/transfrom_to_mysql.py
[2026-05-27T03:43:54.119+0000] {processor.py:183} INFO - Processing /opt/airflow/dags/transfrom_to_mysql.py took 0.202 seconds
[2026-05-27T03:44:24.654+0000] {processor.py:161} INFO - Started process (PID=21207) to work on /opt/airflow/dags/transfrom_to_mysql.py
[2026-05-27T03:44:24.655+0000] {processor.py:830} INFO - Processing file /opt/airflow/dags/transfrom_to_mysql.py for tasks to queue
[2026-05-27T03:44:24.657+0000] {logging_mixin.py:188} INFO - [2026-05-27T03:44:24.656+0000] {dagbag.py:545} INFO - Filling up the DagBag from /opt/airflow/dags/transfrom_to_mysql.py
[2026-05-27T03:44:24.796+0000] {processor.py:842} WARNING - No viable dags retrieved from /opt/airflow/dags/transfrom_to_mysql.py
[2026-05-27T03:44:24.815+0000] {processor.py:183} INFO - Processing /opt/airflow/dags/transfrom_to_mysql.py took 0.167 seconds
[2026-05-27T03:44:55.117+0000] {processor.py:161} INFO - Started process (PID=21252) to work on /opt/airflow/dags/transfrom_to_mysql.py
[2026-05-27T03:44:55.119+0000] {processor.py:830} INFO - Processing file /opt/airflow/dags/transfrom_to_mysql.py for tasks to queue
[2026-05-27T03:44:55.120+0000] {logging_mixin.py:188} INFO - [2026-05-27T03:44:55.120+0000] {dagbag.py:545} INFO - Filling up the DagBag from /opt/airflow/dags/transfrom_to_mysql.py
[2026-05-27T03:44:55.282+0000] {processor.py:842} WARNING - No viable dags retrieved from /opt/airflow/dags/transfrom_to_mysql.py
[2026-05-27T03:44:55.306+0000] {processor.py:183} INFO - Processing /opt/airflow/dags/transfrom_to_mysql.py took 0.197 seconds
[2026-05-27T03:45:25.946+0000] {processor.py:161} INFO - Started process (PID=21353) to work on /opt/airflow/dags/transfrom_to_mysql.py
[2026-05-27T03:45:25.947+0000] {processor.py:830} INFO - Processing file /opt/airflow/dags/transfrom_to_mysql.py for tasks to queue
[2026-05-27T03:45:25.949+0000] {logging_mixin.py:188} INFO - [2026-05-27T03:45:25.949+0000] {dagbag.py:545} INFO - Filling up the DagBag from /opt/airflow/dags/transfrom_to_mysql.py
[2026-05-27T03:45:26.100+0000] {processor.py:842} WARNING - No viable dags retrieved from /opt/airflow/dags/transfrom_to_mysql.py
[2026-05-27T03:45:26.124+0000] {processor.py:183} INFO - Processing /opt/airflow/dags/transfrom_to_mysql.py took 0.186 seconds
[2026-05-27T03:45:56.354+0000] {processor.py:161} INFO - Started process (PID=21385) to work on /opt/airflow/dags/transfrom_to_mysql.py
[2026-05-27T03:45:56.355+0000] {processor.py:830} INFO - Processing file /opt/airflow/dags/transfrom_to_mysql.py for tasks to queue
[2026-05-27T03:45:56.357+0000] {logging_mixin.py:188} INFO - [2026-05-27T03:45:56.356+0000] {dagbag.py:545} INFO - Filling up the DagBag from /opt/airflow/dags/transfrom_to_mysql.py
[2026-05-27T03:45:56.529+0000] {processor.py:842} WARNING - No viable dags retrieved from /opt/airflow/dags/transfrom_to_mysql.py
[2026-05-27T03:45:56.553+0000] {processor.py:183} INFO - Processing /opt/airflow/dags/transfrom_to_mysql.py took 0.205 seconds
[2026-05-27T03:46:26.872+0000] {processor.py:161} INFO - Started process (PID=21509) to work on /opt/airflow/dags/transfrom_to_mysql.py
[2026-05-27T03:46:26.873+0000] {processor.py:830} INFO - Processing file /opt/airflow/dags/transfrom_to_mysql.py for tasks to queue
[2026-05-27T03:46:26.875+0000] {logging_mixin.py:188} INFO - [2026-05-27T03:46:26.875+0000] {dagbag.py:545} INFO - Filling up the DagBag from /opt/airflow/dags/transfrom_to_mysql.py
[2026-05-27T03:46:27.030+0000] {processor.py:842} WARNING - No viable dags retrieved from /opt/airflow/dags/transfrom_to_mysql.py
[2026-05-27T03:46:27.049+0000] {processor.py:183} INFO - Processing /opt/airflow/dags/transfrom_to_mysql.py took 0.183 seconds
[2026-05-27T03:46:57.660+0000] {processor.py:161} INFO - Started process (PID=21601) to work on /opt/airflow/dags/transfrom_to_mysql.py
[2026-05-27T03:46:57.661+0000] {processor.py:830} INFO - Processing file /opt/airflow/dags/transfrom_to_mysql.py for tasks to queue
[2026-05-27T03:46:57.662+0000] {logging_mixin.py:188} INFO - [2026-05-27T03:46:57.662+0000] {dagbag.py:545} INFO - Filling up the DagBag from /opt/airflow/dags/transfrom_to_mysql.py
[2026-05-27T03:46:57.807+0000] {processor.py:842} WARNING - No viable dags retrieved from /opt/airflow/dags/transfrom_to_mysql.py
[2026-05-27T03:46:57.825+0000] {processor.py:183} INFO - Processing /opt/airflow/dags/transfrom_to_mysql.py took 0.172 seconds
[2026-05-27T03:47:28.065+0000] {processor.py:161} INFO - Started process (PID=21644) to work on /opt/airflow/dags/transfrom_to_mysql.py
[2026-05-27T03:47:28.066+0000] {processor.py:830} INFO - Processing file /opt/airflow/dags/transfrom_to_mysql.py for tasks to queue
[2026-05-27T03:47:28.068+0000] {logging_mixin.py:188} INFO - [2026-05-27T03:47:28.068+0000] {dagbag.py:545} INFO - Filling up the DagBag from /opt/airflow/dags/transfrom_to_mysql.py
[2026-05-27T03:47:28.230+0000] {processor.py:842} WARNING - No viable dags retrieved from /opt/airflow/dags/transfrom_to_mysql.py
[2026-05-27T03:47:28.255+0000] {processor.py:183} INFO - Processing /opt/airflow/dags/transfrom_to_mysql.py took 0.196 seconds
[2026-05-27T03:47:58.843+0000] {processor.py:161} INFO - Started process (PID=21738) to work on /opt/airflow/dags/transfrom_to_mysql.py
[2026-05-27T03:47:58.844+0000] {processor.py:830} INFO - Processing file /opt/airflow/dags/transfrom_to_mysql.py for tasks to queue
[2026-05-27T03:47:58.846+0000] {logging_mixin.py:188} INFO - [2026-05-27T03:47:58.845+0000] {dagbag.py:545} INFO - Filling up the DagBag from /opt/airflow/dags/transfrom_to_mysql.py
[2026-05-27T03:47:58.999+0000] {processor.py:842} WARNING - No viable dags retrieved from /opt/airflow/dags/transfrom_to_mysql.py
[2026-05-27T03:47:59.022+0000] {processor.py:183} INFO - Processing /opt/airflow/dags/transfrom_to_mysql.py took 0.186 seconds
[2026-05-27T03:48:29.282+0000] {processor.py:161} INFO - Started process (PID=21791) to work on /opt/airflow/dags/transfrom_to_mysql.py
[2026-05-27T03:48:29.283+0000] {processor.py:830} INFO - Processing file /opt/airflow/dags/transfrom_to_mysql.py for tasks to queue
[2026-05-27T03:48:29.285+0000] {logging_mixin.py:188} INFO - [2026-05-27T03:48:29.284+0000] {dagbag.py:545} INFO - Filling up the DagBag from /opt/airflow/dags/transfrom_to_mysql.py
[2026-05-27T03:48:29.435+0000] {processor.py:842} WARNING - No viable dags retrieved from /opt/airflow/dags/transfrom_to_mysql.py
[2026-05-27T03:48:29.459+0000] {processor.py:183} INFO - Processing /opt/airflow/dags/transfrom_to_mysql.py took 0.183 seconds
[2026-05-27T03:49:00.164+0000] {processor.py:161} INFO - Started process (PID=21917) to work on /opt/airflow/dags/transfrom_to_mysql.py
[2026-05-27T03:49:00.165+0000] {processor.py:830} INFO - Processing file /opt/airflow/dags/transfrom_to_mysql.py for tasks to queue
[2026-05-27T03:49:00.168+0000] {logging_mixin.py:188} INFO - [2026-05-27T03:49:00.168+0000] {dagbag.py:545} INFO - Filling up the DagBag from /opt/airflow/dags/transfrom_to_mysql.py
[2026-05-27T03:49:00.332+0000] {processor.py:842} WARNING - No viable dags retrieved from /opt/airflow/dags/transfrom_to_mysql.py
[2026-05-27T03:49:00.355+0000] {processor.py:183} INFO - Processing /opt/airflow/dags/transfrom_to_mysql.py took 0.200 seconds
[2026-05-27T03:49:30.720+0000] {processor.py:161} INFO - Started process (PID=21940) to work on /opt/airflow/dags/transfrom_to_mysql.py
[2026-05-27T03:49:30.722+0000] {processor.py:830} INFO - Processing file /opt/airflow/dags/transfrom_to_mysql.py for tasks to queue
[2026-05-27T03:49:30.724+0000] {logging_mixin.py:188} INFO - [2026-05-27T03:49:30.724+0000] {dagbag.py:545} INFO - Filling up the DagBag from /opt/airflow/dags/transfrom_to_mysql.py
[2026-05-27T03:49:30.948+0000] {processor.py:842} WARNING - No viable dags retrieved from /opt/airflow/dags/transfrom_to_mysql.py
[2026-05-27T03:49:31.012+0000] {processor.py:183} INFO - Processing /opt/airflow/dags/transfrom_to_mysql.py took 0.301 seconds
[2026-05-27T03:50:01.290+0000] {processor.py:161} INFO - Started process (PID=22050) to work on /opt/airflow/dags/transfrom_to_mysql.py
[2026-05-27T03:50:01.291+0000] {processor.py:830} INFO - Processing file /opt/airflow/dags/transfrom_to_mysql.py for tasks to queue
[2026-05-27T03:50:01.294+0000] {logging_mixin.py:188} INFO - [2026-05-27T03:50:01.293+0000] {dagbag.py:545} INFO - Filling up the DagBag from /opt/airflow/dags/transfrom_to_mysql.py
[2026-05-27T03:50:01.454+0000] {processor.py:842} WARNING - No viable dags retrieved from /opt/airflow/dags/transfrom_to_mysql.py
[2026-05-27T03:50:01.478+0000] {processor.py:183} INFO - Processing /opt/airflow/dags/transfrom_to_mysql.py took 0.195 seconds
[2026-05-27T03:50:31.858+0000] {processor.py:161} INFO - Started process (PID=22169) to work on /opt/airflow/dags/transfrom_to_mysql.py
[2026-05-27T03:50:31.860+0000] {processor.py:830} INFO - Processing file /opt/airflow/dags/transfrom_to_mysql.py for tasks to queue
[2026-05-27T03:50:31.863+0000] {logging_mixin.py:188} INFO - [2026-05-27T03:50:31.863+0000] {dagbag.py:545} INFO - Filling up the DagBag from /opt/airflow/dags/transfrom_to_mysql.py
[2026-05-27T03:50:32.056+0000] {processor.py:842} WARNING - No viable dags retrieved from /opt/airflow/dags/transfrom_to_mysql.py
[2026-05-27T03:50:32.081+0000] {processor.py:183} INFO - Processing /opt/airflow/dags/transfrom_to_mysql.py took 0.237 seconds
[2026-05-27T03:51:02.760+0000] {processor.py:161} INFO - Started process (PID=22263) to work on /opt/airflow/dags/transfrom_to_mysql.py
[2026-05-27T03:51:02.761+0000] {processor.py:830} INFO - Processing file /opt/airflow/dags/transfrom_to_mysql.py for tasks to queue
[2026-05-27T03:51:02.764+0000] {logging_mixin.py:188} INFO - [2026-05-27T03:51:02.763+0000] {dagbag.py:545} INFO - Filling up the DagBag from /opt/airflow/dags/transfrom_to_mysql.py
[2026-05-27T03:51:02.960+0000] {processor.py:842} WARNING - No viable dags retrieved from /opt/airflow/dags/transfrom_to_mysql.py
[2026-05-27T03:51:03.000+0000] {processor.py:183} INFO - Processing /opt/airflow/dags/transfrom_to_mysql.py took 0.250 seconds
[2026-05-27T03:51:33.357+0000] {processor.py:161} INFO - Started process (PID=22301) to work on /opt/airflow/dags/transfrom_to_mysql.py
[2026-05-27T03:51:33.358+0000] {processor.py:830} INFO - Processing file /opt/airflow/dags/transfrom_to_mysql.py for tasks to queue
[2026-05-27T03:51:33.360+0000] {logging_mixin.py:188} INFO - [2026-05-27T03:51:33.360+0000] {dagbag.py:545} INFO - Filling up the DagBag from /opt/airflow/dags/transfrom_to_mysql.py
[2026-05-27T03:51:33.542+0000] {processor.py:842} WARNING - No viable dags retrieved from /opt/airflow/dags/transfrom_to_mysql.py
[2026-05-27T03:51:33.565+0000] {processor.py:183} INFO - Processing /opt/airflow/dags/transfrom_to_mysql.py took 0.217 seconds
[2026-05-27T03:52:04.118+0000] {processor.py:161} INFO - Started process (PID=22437) to work on /opt/airflow/dags/transfrom_to_mysql.py
[2026-05-27T03:52:04.119+0000] {processor.py:830} INFO - Processing file /opt/airflow/dags/transfrom_to_mysql.py for tasks to queue
[2026-05-27T03:52:04.121+0000] {logging_mixin.py:188} INFO - [2026-05-27T03:52:04.121+0000] {dagbag.py:545} INFO - Filling up the DagBag from /opt/airflow/dags/transfrom_to_mysql.py
[2026-05-27T03:52:04.278+0000] {processor.py:842} WARNING - No viable dags retrieved from /opt/airflow/dags/transfrom_to_mysql.py
[2026-05-27T03:52:04.300+0000] {processor.py:183} INFO - Processing /opt/airflow/dags/transfrom_to_mysql.py took 0.192 seconds
[2026-05-27T03:52:34.631+0000] {processor.py:161} INFO - Started process (PID=22448) to work on /opt/airflow/dags/transfrom_to_mysql.py
[2026-05-27T03:52:34.633+0000] {processor.py:830} INFO - Processing file /opt/airflow/dags/transfrom_to_mysql.py for tasks to queue
[2026-05-27T03:52:34.635+0000] {logging_mixin.py:188} INFO - [2026-05-27T03:52:34.635+0000] {dagbag.py:545} INFO - Filling up the DagBag from /opt/airflow/dags/transfrom_to_mysql.py
[2026-05-27T03:52:34.789+0000] {processor.py:842} WARNING - No viable dags retrieved from /opt/airflow/dags/transfrom_to_mysql.py
[2026-05-27T03:52:34.812+0000] {processor.py:183} INFO - Processing /opt/airflow/dags/transfrom_to_mysql.py took 0.188 seconds
[2026-05-27T03:53:05.107+0000] {processor.py:161} INFO - Started process (PID=22571) to work on /opt/airflow/dags/transfrom_to_mysql.py
[2026-05-27T03:53:05.109+0000] {processor.py:830} INFO - Processing file /opt/airflow/dags/transfrom_to_mysql.py for tasks to queue
[2026-05-27T03:53:05.111+0000] {logging_mixin.py:188} INFO - [2026-05-27T03:53:05.111+0000] {dagbag.py:545} INFO - Filling up the DagBag from /opt/airflow/dags/transfrom_to_mysql.py
[2026-05-27T03:53:05.265+0000] {processor.py:842} WARNING - No viable dags retrieved from /opt/airflow/dags/transfrom_to_mysql.py
[2026-05-27T03:53:05.285+0000] {processor.py:183} INFO - Processing /opt/airflow/dags/transfrom_to_mysql.py took 0.187 seconds
[2026-05-27T03:53:35.629+0000] {processor.py:161} INFO - Started process (PID=22692) to work on /opt/airflow/dags/transfrom_to_mysql.py
[2026-05-27T03:53:35.630+0000] {processor.py:830} INFO - Processing file /opt/airflow/dags/transfrom_to_mysql.py for tasks to queue
[2026-05-27T03:53:35.632+0000] {logging_mixin.py:188} INFO - [2026-05-27T03:53:35.631+0000] {dagbag.py:545} INFO - Filling up the DagBag from /opt/airflow/dags/transfrom_to_mysql.py
[2026-05-27T03:53:35.781+0000] {processor.py:842} WARNING - No viable dags retrieved from /opt/airflow/dags/transfrom_to_mysql.py
[2026-05-27T03:53:35.804+0000] {processor.py:183} INFO - Processing /opt/airflow/dags/transfrom_to_mysql.py took 0.181 seconds
[2026-05-27T03:54:06.146+0000] {processor.py:161} INFO - Started process (PID=22815) to work on /opt/airflow/dags/transfrom_to_mysql.py
[2026-05-27T03:54:06.148+0000] {processor.py:830} INFO - Processing file /opt/airflow/dags/transfrom_to_mysql.py for tasks to queue
[2026-05-27T03:54:06.150+0000] {logging_mixin.py:188} INFO - [2026-05-27T03:54:06.149+0000] {dagbag.py:545} INFO - Filling up the DagBag from /opt/airflow/dags/transfrom_to_mysql.py
[2026-05-27T03:54:06.314+0000] {processor.py:842} WARNING - No viable dags retrieved from /opt/airflow/dags/transfrom_to_mysql.py
[2026-05-27T03:54:06.339+0000] {processor.py:183} INFO - Processing /opt/airflow/dags/transfrom_to_mysql.py took 0.201 seconds
[2026-05-27T03:54:37.004+0000] {processor.py:161} INFO - Started process (PID=22903) to work on /opt/airflow/dags/transfrom_to_mysql.py
[2026-05-27T03:54:37.005+0000] {processor.py:830} INFO - Processing file /opt/airflow/dags/transfrom_to_mysql.py for tasks to queue
[2026-05-27T03:54:37.008+0000] {logging_mixin.py:188} INFO - [2026-05-27T03:54:37.007+0000] {dagbag.py:545} INFO - Filling up the DagBag from /opt/airflow/dags/transfrom_to_mysql.py
[2026-05-27T03:54:37.163+0000] {processor.py:842} WARNING - No viable dags retrieved from /opt/airflow/dags/transfrom_to_mysql.py
[2026-05-27T03:54:37.184+0000] {processor.py:183} INFO - Processing /opt/airflow/dags/transfrom_to_mysql.py took 0.188 seconds
[2026-05-27T03:55:07.520+0000] {processor.py:161} INFO - Started process (PID=22927) to work on /opt/airflow/dags/transfrom_to_mysql.py
[2026-05-27T03:55:07.522+0000] {processor.py:830} INFO - Processing file /opt/airflow/dags/transfrom_to_mysql.py for tasks to queue
[2026-05-27T03:55:07.523+0000] {logging_mixin.py:188} INFO - [2026-05-27T03:55:07.523+0000] {dagbag.py:545} INFO - Filling up the DagBag from /opt/airflow/dags/transfrom_to_mysql.py
[2026-05-27T03:55:07.688+0000] {processor.py:842} WARNING - No viable dags retrieved from /opt/airflow/dags/transfrom_to_mysql.py
[2026-05-27T03:55:07.710+0000] {processor.py:183} INFO - Processing /opt/airflow/dags/transfrom_to_mysql.py took 0.196 seconds
[2026-05-27T03:55:38.536+0000] {processor.py:161} INFO - Started process (PID=23017) to work on /opt/airflow/dags/transfrom_to_mysql.py
[2026-05-27T03:55:38.538+0000] {processor.py:830} INFO - Processing file /opt/airflow/dags/transfrom_to_mysql.py for tasks to queue
[2026-05-27T03:55:38.540+0000] {logging_mixin.py:188} INFO - [2026-05-27T03:55:38.539+0000] {dagbag.py:545} INFO - Filling up the DagBag from /opt/airflow/dags/transfrom_to_mysql.py
[2026-05-27T03:55:38.691+0000] {processor.py:842} WARNING - No viable dags retrieved from /opt/airflow/dags/transfrom_to_mysql.py
[2026-05-27T03:55:38.713+0000] {processor.py:183} INFO - Processing /opt/airflow/dags/transfrom_to_mysql.py took 0.184 seconds
[2026-05-27T03:56:08.924+0000] {processor.py:161} INFO - Started process (PID=23044) to work on /opt/airflow/dags/transfrom_to_mysql.py
[2026-05-27T03:56:08.925+0000] {processor.py:830} INFO - Processing file /opt/airflow/dags/transfrom_to_mysql.py for tasks to queue
[2026-05-27T03:56:08.927+0000] {logging_mixin.py:188} INFO - [2026-05-27T03:56:08.926+0000] {dagbag.py:545} INFO - Filling up the DagBag from /opt/airflow/dags/transfrom_to_mysql.py
[2026-05-27T03:56:09.062+0000] {processor.py:842} WARNING - No viable dags retrieved from /opt/airflow/dags/transfrom_to_mysql.py
[2026-05-27T03:56:09.175+0000] {processor.py:183} INFO - Processing /opt/airflow/dags/transfrom_to_mysql.py took 0.258 seconds
[2026-05-27T03:56:39.545+0000] {processor.py:161} INFO - Started process (PID=23163) to work on /opt/airflow/dags/transfrom_to_mysql.py
[2026-05-27T03:56:39.546+0000] {processor.py:830} INFO - Processing file /opt/airflow/dags/transfrom_to_mysql.py for tasks to queue
[2026-05-27T03:56:39.548+0000] {logging_mixin.py:188} INFO - [2026-05-27T03:56:39.548+0000] {dagbag.py:545} INFO - Filling up the DagBag from /opt/airflow/dags/transfrom_to_mysql.py
[2026-05-27T03:56:39.726+0000] {processor.py:842} WARNING - No viable dags retrieved from /opt/airflow/dags/transfrom_to_mysql.py
[2026-05-27T03:56:39.750+0000] {processor.py:183} INFO - Processing /opt/airflow/dags/transfrom_to_mysql.py took 0.216 seconds
[2026-05-27T03:57:10.410+0000] {processor.py:161} INFO - Started process (PID=23296) to work on /opt/airflow/dags/transfrom_to_mysql.py
[2026-05-27T03:57:10.412+0000] {processor.py:830} INFO - Processing file /opt/airflow/dags/transfrom_to_mysql.py for tasks to queue
[2026-05-27T03:57:10.413+0000] {logging_mixin.py:188} INFO - [2026-05-27T03:57:10.413+0000] {dagbag.py:545} INFO - Filling up the DagBag from /opt/airflow/dags/transfrom_to_mysql.py
[2026-05-27T03:57:10.706+0000] {processor.py:842} WARNING - No viable dags retrieved from /opt/airflow/dags/transfrom_to_mysql.py
[2026-05-27T03:57:10.725+0000] {processor.py:183} INFO - Processing /opt/airflow/dags/transfrom_to_mysql.py took 0.321 seconds
[2026-05-27T03:57:41.059+0000] {processor.py:161} INFO - Started process (PID=23307) to work on /opt/airflow/dags/transfrom_to_mysql.py
[2026-05-27T03:57:41.061+0000] {processor.py:830} INFO - Processing file /opt/airflow/dags/transfrom_to_mysql.py for tasks to queue
[2026-05-27T03:57:41.063+0000] {logging_mixin.py:188} INFO - [2026-05-27T03:57:41.063+0000] {dagbag.py:545} INFO - Filling up the DagBag from /opt/airflow/dags/transfrom_to_mysql.py
[2026-05-27T03:57:41.220+0000] {processor.py:842} WARNING - No viable dags retrieved from /opt/airflow/dags/transfrom_to_mysql.py
[2026-05-27T03:57:41.244+0000] {processor.py:183} INFO - Processing /opt/airflow/dags/transfrom_to_mysql.py took 0.191 seconds
[2026-05-27T03:58:11.935+0000] {processor.py:161} INFO - Started process (PID=23402) to work on /opt/airflow/dags/transfrom_to_mysql.py
[2026-05-27T03:58:11.936+0000] {processor.py:830} INFO - Processing file /opt/airflow/dags/transfrom_to_mysql.py for tasks to queue
[2026-05-27T03:58:11.938+0000] {logging_mixin.py:188} INFO - [2026-05-27T03:58:11.937+0000] {dagbag.py:545} INFO - Filling up the DagBag from /opt/airflow/dags/transfrom_to_mysql.py
[2026-05-27T03:58:12.223+0000] {processor.py:842} WARNING - No viable dags retrieved from /opt/airflow/dags/transfrom_to_mysql.py
[2026-05-27T03:58:12.251+0000] {processor.py:183} INFO - Processing /opt/airflow/dags/transfrom_to_mysql.py took 0.322 seconds
[2026-05-27T03:58:42.581+0000] {processor.py:161} INFO - Started process (PID=23444) to work on /opt/airflow/dags/transfrom_to_mysql.py
[2026-05-27T03:58:42.582+0000] {processor.py:830} INFO - Processing file /opt/airflow/dags/transfrom_to_mysql.py for tasks to queue
[2026-05-27T03:58:42.583+0000] {logging_mixin.py:188} INFO - [2026-05-27T03:58:42.583+0000] {dagbag.py:545} INFO - Filling up the DagBag from /opt/airflow/dags/transfrom_to_mysql.py
[2026-05-27T03:58:42.749+0000] {processor.py:842} WARNING - No viable dags retrieved from /opt/airflow/dags/transfrom_to_mysql.py
[2026-05-27T03:58:42.772+0000] {processor.py:183} INFO - Processing /opt/airflow/dags/transfrom_to_mysql.py took 0.198 seconds
[2026-05-27T03:59:13.534+0000] {processor.py:161} INFO - Started process (PID=23539) to work on /opt/airflow/dags/transfrom_to_mysql.py
[2026-05-27T03:59:13.535+0000] {processor.py:830} INFO - Processing file /opt/airflow/dags/transfrom_to_mysql.py for tasks to queue
[2026-05-27T03:59:13.537+0000] {logging_mixin.py:188} INFO - [2026-05-27T03:59:13.536+0000] {dagbag.py:545} INFO - Filling up the DagBag from /opt/airflow/dags/transfrom_to_mysql.py
[2026-05-27T03:59:13.805+0000] {processor.py:842} WARNING - No viable dags retrieved from /opt/airflow/dags/transfrom_to_mysql.py
[2026-05-27T03:59:13.821+0000] {processor.py:183} INFO - Processing /opt/airflow/dags/transfrom_to_mysql.py took 0.294 seconds
[2026-05-27T03:59:44.148+0000] {processor.py:161} INFO - Started process (PID=23581) to work on /opt/airflow/dags/transfrom_to_mysql.py
[2026-05-27T03:59:44.149+0000] {processor.py:830} INFO - Processing file /opt/airflow/dags/transfrom_to_mysql.py for tasks to queue
[2026-05-27T03:59:44.151+0000] {logging_mixin.py:188} INFO - [2026-05-27T03:59:44.151+0000] {dagbag.py:545} INFO - Filling up the DagBag from /opt/airflow/dags/transfrom_to_mysql.py
[2026-05-27T03:59:44.471+0000] {processor.py:842} WARNING - No viable dags retrieved from /opt/airflow/dags/transfrom_to_mysql.py
[2026-05-27T03:59:44.492+0000] {processor.py:183} INFO - Processing /opt/airflow/dags/transfrom_to_mysql.py took 0.351 seconds
[2026-05-27T04:00:15.069+0000] {processor.py:161} INFO - Started process (PID=23680) to work on /opt/airflow/dags/transfrom_to_mysql.py
[2026-05-27T04:00:15.071+0000] {processor.py:830} INFO - Processing file /opt/airflow/dags/transfrom_to_mysql.py for tasks to queue
[2026-05-27T04:00:15.073+0000] {logging_mixin.py:188} INFO - [2026-05-27T04:00:15.073+0000] {dagbag.py:545} INFO - Filling up the DagBag from /opt/airflow/dags/transfrom_to_mysql.py
[2026-05-27T04:00:15.361+0000] {processor.py:842} WARNING - No viable dags retrieved from /opt/airflow/dags/transfrom_to_mysql.py
[2026-05-27T04:00:15.382+0000] {processor.py:183} INFO - Processing /opt/airflow/dags/transfrom_to_mysql.py took 0.322 seconds
[2026-05-27T04:00:45.772+0000] {processor.py:161} INFO - Started process (PID=23725) to work on /opt/airflow/dags/transfrom_to_mysql.py
[2026-05-27T04:00:45.773+0000] {processor.py:830} INFO - Processing file /opt/airflow/dags/transfrom_to_mysql.py for tasks to queue
[2026-05-27T04:00:45.775+0000] {logging_mixin.py:188} INFO - [2026-05-27T04:00:45.775+0000] {dagbag.py:545} INFO - Filling up the DagBag from /opt/airflow/dags/transfrom_to_mysql.py
[2026-05-27T04:00:46.122+0000] {processor.py:842} WARNING - No viable dags retrieved from /opt/airflow/dags/transfrom_to_mysql.py
[2026-05-27T04:00:46.141+0000] {processor.py:183} INFO - Processing /opt/airflow/dags/transfrom_to_mysql.py took 0.376 seconds
[2026-05-27T04:01:16.493+0000] {processor.py:161} INFO - Started process (PID=23843) to work on /opt/airflow/dags/transfrom_to_mysql.py
[2026-05-27T04:01:16.495+0000] {processor.py:830} INFO - Processing file /opt/airflow/dags/transfrom_to_mysql.py for tasks to queue
[2026-05-27T04:01:16.497+0000] {logging_mixin.py:188} INFO - [2026-05-27T04:01:16.496+0000] {dagbag.py:545} INFO - Filling up the DagBag from /opt/airflow/dags/transfrom_to_mysql.py
[2026-05-27T04:01:16.833+0000] {processor.py:842} WARNING - No viable dags retrieved from /opt/airflow/dags/transfrom_to_mysql.py
[2026-05-27T04:01:16.852+0000] {processor.py:183} INFO - Processing /opt/airflow/dags/transfrom_to_mysql.py took 0.366 seconds
[2026-05-27T04:01:47.525+0000] {processor.py:161} INFO - Started process (PID=23930) to work on /opt/airflow/dags/transfrom_to_mysql.py
[2026-05-27T04:01:47.526+0000] {processor.py:830} INFO - Processing file /opt/airflow/dags/transfrom_to_mysql.py for tasks to queue
[2026-05-27T04:01:47.528+0000] {logging_mixin.py:188} INFO - [2026-05-27T04:01:47.528+0000] {dagbag.py:545} INFO - Filling up the DagBag from /opt/airflow/dags/transfrom_to_mysql.py
[2026-05-27T04:01:47.768+0000] {processor.py:842} WARNING - No viable dags retrieved from /opt/airflow/dags/transfrom_to_mysql.py
[2026-05-27T04:01:47.785+0000] {processor.py:183} INFO - Processing /opt/airflow/dags/transfrom_to_mysql.py took 0.266 seconds
[2026-05-27T04:02:18.119+0000] {processor.py:161} INFO - Started process (PID=23953) to work on /opt/airflow/dags/transfrom_to_mysql.py
[2026-05-27T04:02:18.120+0000] {processor.py:830} INFO - Processing file /opt/airflow/dags/transfrom_to_mysql.py for tasks to queue
[2026-05-27T04:02:18.122+0000] {logging_mixin.py:188} INFO - [2026-05-27T04:02:18.122+0000] {dagbag.py:545} INFO - Filling up the DagBag from /opt/airflow/dags/transfrom_to_mysql.py
[2026-05-27T04:02:18.398+0000] {processor.py:842} WARNING - No viable dags retrieved from /opt/airflow/dags/transfrom_to_mysql.py
[2026-05-27T04:02:18.417+0000] {processor.py:183} INFO - Processing /opt/airflow/dags/transfrom_to_mysql.py took 0.305 seconds
[2026-05-27T04:02:49.082+0000] {processor.py:161} INFO - Started process (PID=24045) to work on /opt/airflow/dags/transfrom_to_mysql.py
[2026-05-27T04:02:49.083+0000] {processor.py:830} INFO - Processing file /opt/airflow/dags/transfrom_to_mysql.py for tasks to queue
[2026-05-27T04:02:49.085+0000] {logging_mixin.py:188} INFO - [2026-05-27T04:02:49.085+0000] {dagbag.py:545} INFO - Filling up the DagBag from /opt/airflow/dags/transfrom_to_mysql.py
[2026-05-27T04:02:49.339+0000] {processor.py:842} WARNING - No viable dags retrieved from /opt/airflow/dags/transfrom_to_mysql.py
[2026-05-27T04:02:49.357+0000] {processor.py:183} INFO - Processing /opt/airflow/dags/transfrom_to_mysql.py took 0.282 seconds
[2026-05-27T04:03:19.698+0000] {processor.py:161} INFO - Started process (PID=24061) to work on /opt/airflow/dags/transfrom_to_mysql.py
[2026-05-27T04:03:19.699+0000] {processor.py:830} INFO - Processing file /opt/airflow/dags/transfrom_to_mysql.py for tasks to queue
[2026-05-27T04:03:19.701+0000] {logging_mixin.py:188} INFO - [2026-05-27T04:03:19.701+0000] {dagbag.py:545} INFO - Filling up the DagBag from /opt/airflow/dags/transfrom_to_mysql.py
[2026-05-27T04:03:19.995+0000] {processor.py:842} WARNING - No viable dags retrieved from /opt/airflow/dags/transfrom_to_mysql.py
[2026-05-27T04:03:20.013+0000] {processor.py:183} INFO - Processing /opt/airflow/dags/transfrom_to_mysql.py took 0.324 seconds
[2026-05-27T04:03:50.786+0000] {processor.py:161} INFO - Started process (PID=24156) to work on /opt/airflow/dags/transfrom_to_mysql.py
[2026-05-27T04:03:50.788+0000] {processor.py:830} INFO - Processing file /opt/airflow/dags/transfrom_to_mysql.py for tasks to queue
[2026-05-27T04:03:50.790+0000] {logging_mixin.py:188} INFO - [2026-05-27T04:03:50.790+0000] {dagbag.py:545} INFO - Filling up the DagBag from /opt/airflow/dags/transfrom_to_mysql.py
[2026-05-27T04:03:51.121+0000] {processor.py:842} WARNING - No viable dags retrieved from /opt/airflow/dags/transfrom_to_mysql.py
[2026-05-27T04:03:51.142+0000] {processor.py:183} INFO - Processing /opt/airflow/dags/transfrom_to_mysql.py took 0.365 seconds
[2026-05-27T04:04:21.455+0000] {processor.py:161} INFO - Started process (PID=24189) to work on /opt/airflow/dags/transfrom_to_mysql.py
[2026-05-27T04:04:21.456+0000] {processor.py:830} INFO - Processing file /opt/airflow/dags/transfrom_to_mysql.py for tasks to queue
[2026-05-27T04:04:21.458+0000] {logging_mixin.py:188} INFO - [2026-05-27T04:04:21.458+0000] {dagbag.py:545} INFO - Filling up the DagBag from /opt/airflow/dags/transfrom_to_mysql.py
[2026-05-27T04:04:21.779+0000] {processor.py:842} WARNING - No viable dags retrieved from /opt/airflow/dags/transfrom_to_mysql.py
[2026-05-27T04:04:21.798+0000] {processor.py:183} INFO - Processing /opt/airflow/dags/transfrom_to_mysql.py took 0.350 seconds
[2026-05-27T04:04:52.473+0000] {processor.py:161} INFO - Started process (PID=24320) to work on /opt/airflow/dags/transfrom_to_mysql.py
[2026-05-27T04:04:52.474+0000] {processor.py:830} INFO - Processing file /opt/airflow/dags/transfrom_to_mysql.py for tasks to queue
[2026-05-27T04:04:52.477+0000] {logging_mixin.py:188} INFO - [2026-05-27T04:04:52.476+0000] {dagbag.py:545} INFO - Filling up the DagBag from /opt/airflow/dags/transfrom_to_mysql.py
[2026-05-27T04:04:52.653+0000] {processor.py:842} WARNING - No viable dags retrieved from /opt/airflow/dags/transfrom_to_mysql.py
[2026-05-27T04:04:52.675+0000] {processor.py:183} INFO - Processing /opt/airflow/dags/transfrom_to_mysql.py took 0.210 seconds
[2026-05-27T04:05:23.065+0000] {processor.py:161} INFO - Started process (PID=24331) to work on /opt/airflow/dags/transfrom_to_mysql.py
[2026-05-27T04:05:23.066+0000] {processor.py:830} INFO - Processing file /opt/airflow/dags/transfrom_to_mysql.py for tasks to queue
[2026-05-27T04:05:23.069+0000] {logging_mixin.py:188} INFO - [2026-05-27T04:05:23.069+0000] {dagbag.py:545} INFO - Filling up the DagBag from /opt/airflow/dags/transfrom_to_mysql.py
[2026-05-27T04:05:23.272+0000] {processor.py:842} WARNING - No viable dags retrieved from /opt/airflow/dags/transfrom_to_mysql.py
[2026-05-27T04:05:23.297+0000] {processor.py:183} INFO - Processing /opt/airflow/dags/transfrom_to_mysql.py took 0.243 seconds
[2026-05-27T04:05:53.610+0000] {processor.py:161} INFO - Started process (PID=24435) to work on /opt/airflow/dags/transfrom_to_mysql.py
[2026-05-27T04:05:53.611+0000] {processor.py:830} INFO - Processing file /opt/airflow/dags/transfrom_to_mysql.py for tasks to queue
[2026-05-27T04:05:53.612+0000] {logging_mixin.py:188} INFO - [2026-05-27T04:05:53.612+0000] {dagbag.py:545} INFO - Filling up the DagBag from /opt/airflow/dags/transfrom_to_mysql.py
[2026-05-27T04:05:53.766+0000] {processor.py:842} WARNING - No viable dags retrieved from /opt/airflow/dags/transfrom_to_mysql.py
[2026-05-27T04:05:53.788+0000] {processor.py:183} INFO - Processing /opt/airflow/dags/transfrom_to_mysql.py took 0.184 seconds
[2026-05-27T04:06:23.958+0000] {processor.py:161} INFO - Started process (PID=24554) to work on /opt/airflow/dags/transfrom_to_mysql.py
[2026-05-27T04:06:23.959+0000] {processor.py:830} INFO - Processing file /opt/airflow/dags/transfrom_to_mysql.py for tasks to queue
[2026-05-27T04:06:23.961+0000] {logging_mixin.py:188} INFO - [2026-05-27T04:06:23.960+0000] {dagbag.py:545} INFO - Filling up the DagBag from /opt/airflow/dags/transfrom_to_mysql.py
[2026-05-27T04:06:24.214+0000] {processor.py:842} WARNING - No viable dags retrieved from /opt/airflow/dags/transfrom_to_mysql.py
[2026-05-27T04:06:24.235+0000] {processor.py:183} INFO - Processing /opt/airflow/dags/transfrom_to_mysql.py took 0.285 seconds
[2026-05-27T04:06:54.807+0000] {processor.py:161} INFO - Started process (PID=24642) to work on /opt/airflow/dags/transfrom_to_mysql.py
[2026-05-27T04:06:54.808+0000] {processor.py:830} INFO - Processing file /opt/airflow/dags/transfrom_to_mysql.py for tasks to queue
[2026-05-27T04:06:54.809+0000] {logging_mixin.py:188} INFO - [2026-05-27T04:06:54.809+0000] {dagbag.py:545} INFO - Filling up the DagBag from /opt/airflow/dags/transfrom_to_mysql.py
[2026-05-27T04:06:54.956+0000] {processor.py:842} WARNING - No viable dags retrieved from /opt/airflow/dags/transfrom_to_mysql.py
[2026-05-27T04:06:54.979+0000] {processor.py:183} INFO - Processing /opt/airflow/dags/transfrom_to_mysql.py took 0.179 seconds
[2026-05-27T04:07:25.303+0000] {processor.py:161} INFO - Started process (PID=24702) to work on /opt/airflow/dags/transfrom_to_mysql.py
[2026-05-27T04:07:25.304+0000] {processor.py:830} INFO - Processing file /opt/airflow/dags/transfrom_to_mysql.py for tasks to queue
[2026-05-27T04:07:25.306+0000] {logging_mixin.py:188} INFO - [2026-05-27T04:07:25.306+0000] {dagbag.py:545} INFO - Filling up the DagBag from /opt/airflow/dags/transfrom_to_mysql.py
[2026-05-27T04:07:25.477+0000] {processor.py:842} WARNING - No viable dags retrieved from /opt/airflow/dags/transfrom_to_mysql.py
[2026-05-27T04:07:25.504+0000] {processor.py:183} INFO - Processing /opt/airflow/dags/transfrom_to_mysql.py took 0.208 seconds
[2026-05-27T04:07:56.072+0000] {processor.py:161} INFO - Started process (PID=24792) to work on /opt/airflow/dags/transfrom_to_mysql.py
[2026-05-27T04:07:56.073+0000] {processor.py:830} INFO - Processing file /opt/airflow/dags/transfrom_to_mysql.py for tasks to queue
[2026-05-27T04:07:56.075+0000] {logging_mixin.py:188} INFO - [2026-05-27T04:07:56.075+0000] {dagbag.py:545} INFO - Filling up the DagBag from /opt/airflow/dags/transfrom_to_mysql.py
[2026-05-27T04:07:56.216+0000] {processor.py:842} WARNING - No viable dags retrieved from /opt/airflow/dags/transfrom_to_mysql.py
[2026-05-27T04:07:56.237+0000] {processor.py:183} INFO - Processing /opt/airflow/dags/transfrom_to_mysql.py took 0.171 seconds
[2026-05-27T04:08:26.645+0000] {processor.py:161} INFO - Started process (PID=24844) to work on /opt/airflow/dags/transfrom_to_mysql.py
[2026-05-27T04:08:26.646+0000] {processor.py:830} INFO - Processing file /opt/airflow/dags/transfrom_to_mysql.py for tasks to queue
[2026-05-27T04:08:26.648+0000] {logging_mixin.py:188} INFO - [2026-05-27T04:08:26.648+0000] {dagbag.py:545} INFO - Filling up the DagBag from /opt/airflow/dags/transfrom_to_mysql.py
[2026-05-27T04:08:26.802+0000] {processor.py:842} WARNING - No viable dags retrieved from /opt/airflow/dags/transfrom_to_mysql.py
[2026-05-27T04:08:26.825+0000] {processor.py:183} INFO - Processing /opt/airflow/dags/transfrom_to_mysql.py took 0.186 seconds
[2026-05-27T04:08:57.387+0000] {processor.py:161} INFO - Started process (PID=24932) to work on /opt/airflow/dags/transfrom_to_mysql.py
[2026-05-27T04:08:57.388+0000] {processor.py:830} INFO - Processing file /opt/airflow/dags/transfrom_to_mysql.py for tasks to queue
[2026-05-27T04:08:57.390+0000] {logging_mixin.py:188} INFO - [2026-05-27T04:08:57.390+0000] {dagbag.py:545} INFO - Filling up the DagBag from /opt/airflow/dags/transfrom_to_mysql.py
[2026-05-27T04:08:57.568+0000] {processor.py:842} WARNING - No viable dags retrieved from /opt/airflow/dags/transfrom_to_mysql.py
[2026-05-27T04:08:57.588+0000] {processor.py:183} INFO - Processing /opt/airflow/dags/transfrom_to_mysql.py took 0.208 seconds
[2026-05-27T04:09:27.932+0000] {processor.py:161} INFO - Started process (PID=24972) to work on /opt/airflow/dags/transfrom_to_mysql.py
[2026-05-27T04:09:27.933+0000] {processor.py:830} INFO - Processing file /opt/airflow/dags/transfrom_to_mysql.py for tasks to queue
[2026-05-27T04:09:27.935+0000] {logging_mixin.py:188} INFO - [2026-05-27T04:09:27.934+0000] {dagbag.py:545} INFO - Filling up the DagBag from /opt/airflow/dags/transfrom_to_mysql.py
[2026-05-27T04:09:28.083+0000] {processor.py:842} WARNING - No viable dags retrieved from /opt/airflow/dags/transfrom_to_mysql.py
[2026-05-27T04:09:28.108+0000] {processor.py:183} INFO - Processing /opt/airflow/dags/transfrom_to_mysql.py took 0.183 seconds
[2026-05-27T04:09:58.515+0000] {processor.py:161} INFO - Started process (PID=25089) to work on /opt/airflow/dags/transfrom_to_mysql.py
[2026-05-27T04:09:58.516+0000] {processor.py:830} INFO - Processing file /opt/airflow/dags/transfrom_to_mysql.py for tasks to queue
[2026-05-27T04:09:58.519+0000] {logging_mixin.py:188} INFO - [2026-05-27T04:09:58.518+0000] {dagbag.py:545} INFO - Filling up the DagBag from /opt/airflow/dags/transfrom_to_mysql.py
[2026-05-27T04:09:58.698+0000] {processor.py:842} WARNING - No viable dags retrieved from /opt/airflow/dags/transfrom_to_mysql.py
[2026-05-27T04:09:58.724+0000] {processor.py:183} INFO - Processing /opt/airflow/dags/transfrom_to_mysql.py took 0.218 seconds
[2026-05-27T04:10:29.104+0000] {processor.py:161} INFO - Started process (PID=25206) to work on /opt/airflow/dags/transfrom_to_mysql.py
[2026-05-27T04:10:29.105+0000] {processor.py:830} INFO - Processing file /opt/airflow/dags/transfrom_to_mysql.py for tasks to queue
[2026-05-27T04:10:29.108+0000] {logging_mixin.py:188} INFO - [2026-05-27T04:10:29.107+0000] {dagbag.py:545} INFO - Filling up the DagBag from /opt/airflow/dags/transfrom_to_mysql.py
[2026-05-27T04:10:29.292+0000] {processor.py:842} WARNING - No viable dags retrieved from /opt/airflow/dags/transfrom_to_mysql.py
[2026-05-27T04:10:29.313+0000] {processor.py:183} INFO - Processing /opt/airflow/dags/transfrom_to_mysql.py took 0.218 seconds
[2026-05-27T04:11:00.031+0000] {processor.py:161} INFO - Started process (PID=25229) to work on /opt/airflow/dags/transfrom_to_mysql.py
[2026-05-27T04:11:00.032+0000] {processor.py:830} INFO - Processing file /opt/airflow/dags/transfrom_to_mysql.py for tasks to queue
[2026-05-27T04:11:00.035+0000] {logging_mixin.py:188} INFO - [2026-05-27T04:11:00.034+0000] {dagbag.py:545} INFO - Filling up the DagBag from /opt/airflow/dags/transfrom_to_mysql.py
[2026-05-27T04:11:00.228+0000] {processor.py:842} WARNING - No viable dags retrieved from /opt/airflow/dags/transfrom_to_mysql.py
[2026-05-27T04:11:00.253+0000] {processor.py:183} INFO - Processing /opt/airflow/dags/transfrom_to_mysql.py took 0.233 seconds
[2026-05-27T04:11:30.624+0000] {processor.py:161} INFO - Started process (PID=25336) to work on /opt/airflow/dags/transfrom_to_mysql.py
[2026-05-27T04:11:30.625+0000] {processor.py:830} INFO - Processing file /opt/airflow/dags/transfrom_to_mysql.py for tasks to queue
[2026-05-27T04:11:30.627+0000] {logging_mixin.py:188} INFO - [2026-05-27T04:11:30.626+0000] {dagbag.py:545} INFO - Filling up the DagBag from /opt/airflow/dags/transfrom_to_mysql.py
[2026-05-27T04:11:30.831+0000] {processor.py:842} WARNING - No viable dags retrieved from /opt/airflow/dags/transfrom_to_mysql.py
[2026-05-27T04:11:30.853+0000] {processor.py:183} INFO - Processing /opt/airflow/dags/transfrom_to_mysql.py took 0.236 seconds
[2026-05-27T04:12:01.532+0000] {processor.py:161} INFO - Started process (PID=25459) to work on /opt/airflow/dags/transfrom_to_mysql.py
[2026-05-27T04:12:01.533+0000] {processor.py:830} INFO - Processing file /opt/airflow/dags/transfrom_to_mysql.py for tasks to queue
[2026-05-27T04:12:01.535+0000] {logging_mixin.py:188} INFO - [2026-05-27T04:12:01.535+0000] {dagbag.py:545} INFO - Filling up the DagBag from /opt/airflow/dags/transfrom_to_mysql.py
[2026-05-27T04:12:01.731+0000] {processor.py:842} WARNING - No viable dags retrieved from /opt/airflow/dags/transfrom_to_mysql.py
[2026-05-27T04:12:01.760+0000] {processor.py:183} INFO - Processing /opt/airflow/dags/transfrom_to_mysql.py took 0.236 seconds
[2026-05-27T04:12:32.004+0000] {processor.py:161} INFO - Started process (PID=25479) to work on /opt/airflow/dags/transfrom_to_mysql.py
[2026-05-27T04:12:32.005+0000] {processor.py:830} INFO - Processing file /opt/airflow/dags/transfrom_to_mysql.py for tasks to queue
[2026-05-27T04:12:32.007+0000] {logging_mixin.py:188} INFO - [2026-05-27T04:12:32.007+0000] {dagbag.py:545} INFO - Filling up the DagBag from /opt/airflow/dags/transfrom_to_mysql.py
[2026-05-27T04:12:32.171+0000] {processor.py:842} WARNING - No viable dags retrieved from /opt/airflow/dags/transfrom_to_mysql.py
[2026-05-27T04:12:32.193+0000] {processor.py:183} INFO - Processing /opt/airflow/dags/transfrom_to_mysql.py took 0.195 seconds
[2026-05-27T04:13:02.539+0000] {processor.py:161} INFO - Started process (PID=25598) to work on /opt/airflow/dags/transfrom_to_mysql.py
[2026-05-27T04:13:02.540+0000] {processor.py:830} INFO - Processing file /opt/airflow/dags/transfrom_to_mysql.py for tasks to queue
[2026-05-27T04:13:02.541+0000] {logging_mixin.py:188} INFO - [2026-05-27T04:13:02.541+0000] {dagbag.py:545} INFO - Filling up the DagBag from /opt/airflow/dags/transfrom_to_mysql.py
[2026-05-27T04:13:02.691+0000] {processor.py:842} WARNING - No viable dags retrieved from /opt/airflow/dags/transfrom_to_mysql.py
[2026-05-27T04:13:02.710+0000] {processor.py:183} INFO - Processing /opt/airflow/dags/transfrom_to_mysql.py took 0.177 seconds
[2026-05-27T04:13:33.584+0000] {processor.py:161} INFO - Started process (PID=25713) to work on /opt/airflow/dags/transfrom_to_mysql.py
[2026-05-27T04:13:33.586+0000] {processor.py:830} INFO - Processing file /opt/airflow/dags/transfrom_to_mysql.py for tasks to queue
[2026-05-27T04:13:33.589+0000] {logging_mixin.py:188} INFO - [2026-05-27T04:13:33.589+0000] {dagbag.py:545} INFO - Filling up the DagBag from /opt/airflow/dags/transfrom_to_mysql.py
[2026-05-27T04:13:33.804+0000] {processor.py:842} WARNING - No viable dags retrieved from /opt/airflow/dags/transfrom_to_mysql.py
[2026-05-27T04:13:33.839+0000] {processor.py:183} INFO - Processing /opt/airflow/dags/transfrom_to_mysql.py took 0.269 seconds
[2026-05-27T04:14:04.238+0000] {processor.py:161} INFO - Started process (PID=25730) to work on /opt/airflow/dags/transfrom_to_mysql.py
[2026-05-27T04:14:04.239+0000] {processor.py:830} INFO - Processing file /opt/airflow/dags/transfrom_to_mysql.py for tasks to queue
[2026-05-27T04:14:04.240+0000] {logging_mixin.py:188} INFO - [2026-05-27T04:14:04.240+0000] {dagbag.py:545} INFO - Filling up the DagBag from /opt/airflow/dags/transfrom_to_mysql.py
[2026-05-27T04:14:04.399+0000] {processor.py:842} WARNING - No viable dags retrieved from /opt/airflow/dags/transfrom_to_mysql.py
[2026-05-27T04:14:04.422+0000] {processor.py:183} INFO - Processing /opt/airflow/dags/transfrom_to_mysql.py took 0.190 seconds
[2026-05-27T04:14:34.535+0000] {processor.py:161} INFO - Started process (PID=25850) to work on /opt/airflow/dags/transfrom_to_mysql.py
[2026-05-27T04:14:34.536+0000] {processor.py:830} INFO - Processing file /opt/airflow/dags/transfrom_to_mysql.py for tasks to queue
[2026-05-27T04:14:34.538+0000] {logging_mixin.py:188} INFO - [2026-05-27T04:14:34.538+0000] {dagbag.py:545} INFO - Filling up the DagBag from /opt/airflow/dags/transfrom_to_mysql.py
[2026-05-27T04:14:34.688+0000] {processor.py:842} WARNING - No viable dags retrieved from /opt/airflow/dags/transfrom_to_mysql.py
[2026-05-27T04:14:34.721+0000] {processor.py:183} INFO - Processing /opt/airflow/dags/transfrom_to_mysql.py took 0.193 seconds
[2026-05-27T04:15:05.255+0000] {processor.py:161} INFO - Started process (PID=25979) to work on /opt/airflow/dags/transfrom_to_mysql.py
[2026-05-27T04:15:05.256+0000] {processor.py:830} INFO - Processing file /opt/airflow/dags/transfrom_to_mysql.py for tasks to queue
[2026-05-27T04:15:05.259+0000] {logging_mixin.py:188} INFO - [2026-05-27T04:15:05.258+0000] {dagbag.py:545} INFO - Filling up the DagBag from /opt/airflow/dags/transfrom_to_mysql.py
[2026-05-27T04:15:05.424+0000] {processor.py:842} WARNING - No viable dags retrieved from /opt/airflow/dags/transfrom_to_mysql.py
[2026-05-27T04:15:05.449+0000] {processor.py:183} INFO - Processing /opt/airflow/dags/transfrom_to_mysql.py took 0.202 seconds
[2026-05-27T04:15:35.822+0000] {processor.py:161} INFO - Started process (PID=25990) to work on /opt/airflow/dags/transfrom_to_mysql.py
[2026-05-27T04:15:35.823+0000] {processor.py:830} INFO - Processing file /opt/airflow/dags/transfrom_to_mysql.py for tasks to queue
[2026-05-27T04:15:35.825+0000] {logging_mixin.py:188} INFO - [2026-05-27T04:15:35.825+0000] {dagbag.py:545} INFO - Filling up the DagBag from /opt/airflow/dags/transfrom_to_mysql.py
[2026-05-27T04:15:35.991+0000] {processor.py:842} WARNING - No viable dags retrieved from /opt/airflow/dags/transfrom_to_mysql.py
[2026-05-27T04:15:36.015+0000] {processor.py:183} INFO - Processing /opt/airflow/dags/transfrom_to_mysql.py took 0.202 seconds
[2026-05-27T04:16:06.356+0000] {processor.py:161} INFO - Started process (PID=26109) to work on /opt/airflow/dags/transfrom_to_mysql.py
[2026-05-27T04:16:06.360+0000] {processor.py:830} INFO - Processing file /opt/airflow/dags/transfrom_to_mysql.py for tasks to queue
[2026-05-27T04:16:06.362+0000] {logging_mixin.py:188} INFO - [2026-05-27T04:16:06.362+0000] {dagbag.py:545} INFO - Filling up the DagBag from /opt/airflow/dags/transfrom_to_mysql.py
[2026-05-27T04:16:06.517+0000] {processor.py:842} WARNING - No viable dags retrieved from /opt/airflow/dags/transfrom_to_mysql.py
[2026-05-27T04:16:06.538+0000] {processor.py:183} INFO - Processing /opt/airflow/dags/transfrom_to_mysql.py took 0.191 seconds
[2026-05-27T04:16:37.226+0000] {processor.py:161} INFO - Started process (PID=26208) to work on /opt/airflow/dags/transfrom_to_mysql.py
[2026-05-27T04:16:37.227+0000] {processor.py:830} INFO - Processing file /opt/airflow/dags/transfrom_to_mysql.py for tasks to queue
[2026-05-27T04:16:37.229+0000] {logging_mixin.py:188} INFO - [2026-05-27T04:16:37.229+0000] {dagbag.py:545} INFO - Filling up the DagBag from /opt/airflow/dags/transfrom_to_mysql.py
[2026-05-27T04:16:37.419+0000] {processor.py:842} WARNING - No viable dags retrieved from /opt/airflow/dags/transfrom_to_mysql.py
[2026-05-27T04:16:37.447+0000] {processor.py:183} INFO - Processing /opt/airflow/dags/transfrom_to_mysql.py took 0.231 seconds
[2026-05-27T04:17:07.772+0000] {processor.py:161} INFO - Started process (PID=26240) to work on /opt/airflow/dags/transfrom_to_mysql.py
[2026-05-27T04:17:07.773+0000] {processor.py:830} INFO - Processing file /opt/airflow/dags/transfrom_to_mysql.py for tasks to queue
[2026-05-27T04:17:07.776+0000] {logging_mixin.py:188} INFO - [2026-05-27T04:17:07.775+0000] {dagbag.py:545} INFO - Filling up the DagBag from /opt/airflow/dags/transfrom_to_mysql.py
[2026-05-27T04:17:07.915+0000] {processor.py:842} WARNING - No viable dags retrieved from /opt/airflow/dags/transfrom_to_mysql.py
[2026-05-27T04:17:07.935+0000] {processor.py:183} INFO - Processing /opt/airflow/dags/transfrom_to_mysql.py took 0.169 seconds
[2026-05-27T04:17:38.287+0000] {processor.py:161} INFO - Started process (PID=26367) to work on /opt/airflow/dags/transfrom_to_mysql.py
[2026-05-27T04:17:38.288+0000] {processor.py:830} INFO - Processing file /opt/airflow/dags/transfrom_to_mysql.py for tasks to queue
[2026-05-27T04:17:38.290+0000] {logging_mixin.py:188} INFO - [2026-05-27T04:17:38.290+0000] {dagbag.py:545} INFO - Filling up the DagBag from /opt/airflow/dags/transfrom_to_mysql.py
[2026-05-27T04:17:38.467+0000] {processor.py:842} WARNING - No viable dags retrieved from /opt/airflow/dags/transfrom_to_mysql.py
[2026-05-27T04:17:38.490+0000] {processor.py:183} INFO - Processing /opt/airflow/dags/transfrom_to_mysql.py took 0.212 seconds
[2026-05-27T04:18:08.844+0000] {processor.py:161} INFO - Started process (PID=26485) to work on /opt/airflow/dags/transfrom_to_mysql.py
[2026-05-27T04:18:08.845+0000] {processor.py:830} INFO - Processing file /opt/airflow/dags/transfrom_to_mysql.py for tasks to queue
[2026-05-27T04:18:08.847+0000] {logging_mixin.py:188} INFO - [2026-05-27T04:18:08.847+0000] {dagbag.py:545} INFO - Filling up the DagBag from /opt/airflow/dags/transfrom_to_mysql.py
[2026-05-27T04:18:09.014+0000] {processor.py:842} WARNING - No viable dags retrieved from /opt/airflow/dags/transfrom_to_mysql.py
[2026-05-27T04:18:09.038+0000] {processor.py:183} INFO - Processing /opt/airflow/dags/transfrom_to_mysql.py took 0.201 seconds
[2026-05-27T04:18:39.662+0000] {processor.py:161} INFO - Started process (PID=26574) to work on /opt/airflow/dags/transfrom_to_mysql.py
[2026-05-27T04:18:39.663+0000] {processor.py:830} INFO - Processing file /opt/airflow/dags/transfrom_to_mysql.py for tasks to queue
[2026-05-27T04:18:39.665+0000] {logging_mixin.py:188} INFO - [2026-05-27T04:18:39.665+0000] {dagbag.py:545} INFO - Filling up the DagBag from /opt/airflow/dags/transfrom_to_mysql.py
[2026-05-27T04:18:39.812+0000] {processor.py:842} WARNING - No viable dags retrieved from /opt/airflow/dags/transfrom_to_mysql.py
[2026-05-27T04:18:39.831+0000] {processor.py:183} INFO - Processing /opt/airflow/dags/transfrom_to_mysql.py took 0.176 seconds
[2026-05-27T04:19:09.944+0000] {processor.py:161} INFO - Started process (PID=26615) to work on /opt/airflow/dags/transfrom_to_mysql.py
[2026-05-27T04:19:09.946+0000] {processor.py:830} INFO - Processing file /opt/airflow/dags/transfrom_to_mysql.py for tasks to queue
[2026-05-27T04:19:09.947+0000] {logging_mixin.py:188} INFO - [2026-05-27T04:19:09.947+0000] {dagbag.py:545} INFO - Filling up the DagBag from /opt/airflow/dags/transfrom_to_mysql.py
[2026-05-27T04:19:10.086+0000] {processor.py:842} WARNING - No viable dags retrieved from /opt/airflow/dags/transfrom_to_mysql.py
[2026-05-27T04:19:10.104+0000] {processor.py:183} INFO - Processing /opt/airflow/dags/transfrom_to_mysql.py took 0.166 seconds
[2026-05-27T04:19:40.273+0000] {processor.py:161} INFO - Started process (PID=26737) to work on /opt/airflow/dags/transfrom_to_mysql.py
[2026-05-27T04:19:40.274+0000] {processor.py:830} INFO - Processing file /opt/airflow/dags/transfrom_to_mysql.py for tasks to queue
[2026-05-27T04:19:40.275+0000] {logging_mixin.py:188} INFO - [2026-05-27T04:19:40.275+0000] {dagbag.py:545} INFO - Filling up the DagBag from /opt/airflow/dags/transfrom_to_mysql.py
[2026-05-27T04:19:40.439+0000] {processor.py:842} WARNING - No viable dags retrieved from /opt/airflow/dags/transfrom_to_mysql.py
[2026-05-27T04:19:40.461+0000] {processor.py:183} INFO - Processing /opt/airflow/dags/transfrom_to_mysql.py took 0.197 seconds
[2026-05-27T04:20:11.121+0000] {processor.py:161} INFO - Started process (PID=26853) to work on /opt/airflow/dags/transfrom_to_mysql.py
[2026-05-27T04:20:11.123+0000] {processor.py:830} INFO - Processing file /opt/airflow/dags/transfrom_to_mysql.py for tasks to queue
[2026-05-27T04:20:11.126+0000] {logging_mixin.py:188} INFO - [2026-05-27T04:20:11.125+0000] {dagbag.py:545} INFO - Filling up the DagBag from /opt/airflow/dags/transfrom_to_mysql.py
[2026-05-27T04:20:11.343+0000] {processor.py:842} WARNING - No viable dags retrieved from /opt/airflow/dags/transfrom_to_mysql.py
[2026-05-27T04:20:11.369+0000] {processor.py:183} INFO - Processing /opt/airflow/dags/transfrom_to_mysql.py took 0.256 seconds
[2026-05-27T04:20:41.506+0000] {processor.py:161} INFO - Started process (PID=26868) to work on /opt/airflow/dags/transfrom_to_mysql.py
[2026-05-27T04:20:41.507+0000] {processor.py:830} INFO - Processing file /opt/airflow/dags/transfrom_to_mysql.py for tasks to queue
[2026-05-27T04:20:41.509+0000] {logging_mixin.py:188} INFO - [2026-05-27T04:20:41.509+0000] {dagbag.py:545} INFO - Filling up the DagBag from /opt/airflow/dags/transfrom_to_mysql.py
[2026-05-27T04:20:41.678+0000] {processor.py:842} WARNING - No viable dags retrieved from /opt/airflow/dags/transfrom_to_mysql.py
[2026-05-27T04:20:41.705+0000] {processor.py:183} INFO - Processing /opt/airflow/dags/transfrom_to_mysql.py took 0.208 seconds
[2026-05-27T04:21:12.047+0000] {processor.py:161} INFO - Started process (PID=26987) to work on /opt/airflow/dags/transfrom_to_mysql.py
[2026-05-27T04:21:12.048+0000] {processor.py:830} INFO - Processing file /opt/airflow/dags/transfrom_to_mysql.py for tasks to queue
[2026-05-27T04:21:12.051+0000] {logging_mixin.py:188} INFO - [2026-05-27T04:21:12.050+0000] {dagbag.py:545} INFO - Filling up the DagBag from /opt/airflow/dags/transfrom_to_mysql.py
[2026-05-27T04:21:12.209+0000] {processor.py:842} WARNING - No viable dags retrieved from /opt/airflow/dags/transfrom_to_mysql.py
[2026-05-27T04:21:12.232+0000] {processor.py:183} INFO - Processing /opt/airflow/dags/transfrom_to_mysql.py took 0.193 seconds
[2026-05-27T04:21:42.600+0000] {processor.py:161} INFO - Started process (PID=27108) to work on /opt/airflow/dags/transfrom_to_mysql.py
[2026-05-27T04:21:42.602+0000] {processor.py:830} INFO - Processing file /opt/airflow/dags/transfrom_to_mysql.py for tasks to queue
[2026-05-27T04:21:42.604+0000] {logging_mixin.py:188} INFO - [2026-05-27T04:21:42.603+0000] {dagbag.py:545} INFO - Filling up the DagBag from /opt/airflow/dags/transfrom_to_mysql.py
[2026-05-27T04:21:42.755+0000] {processor.py:842} WARNING - No viable dags retrieved from /opt/airflow/dags/transfrom_to_mysql.py
[2026-05-27T04:21:42.777+0000] {processor.py:183} INFO - Processing /opt/airflow/dags/transfrom_to_mysql.py took 0.184 seconds
[2026-05-27T04:22:13.351+0000] {processor.py:161} INFO - Started process (PID=27195) to work on /opt/airflow/dags/transfrom_to_mysql.py
[2026-05-27T04:22:13.354+0000] {processor.py:830} INFO - Processing file /opt/airflow/dags/transfrom_to_mysql.py for tasks to queue
[2026-05-27T04:22:13.356+0000] {logging_mixin.py:188} INFO - [2026-05-27T04:22:13.356+0000] {dagbag.py:545} INFO - Filling up the DagBag from /opt/airflow/dags/transfrom_to_mysql.py
[2026-05-27T04:22:13.532+0000] {processor.py:842} WARNING - No viable dags retrieved from /opt/airflow/dags/transfrom_to_mysql.py
[2026-05-27T04:22:13.550+0000] {processor.py:183} INFO - Processing /opt/airflow/dags/transfrom_to_mysql.py took 0.207 seconds
[2026-05-27T04:22:43.837+0000] {processor.py:161} INFO - Started process (PID=27253) to work on /opt/airflow/dags/transfrom_to_mysql.py
[2026-05-27T04:22:43.838+0000] {processor.py:830} INFO - Processing file /opt/airflow/dags/transfrom_to_mysql.py for tasks to queue
[2026-05-27T04:22:43.840+0000] {logging_mixin.py:188} INFO - [2026-05-27T04:22:43.840+0000] {dagbag.py:545} INFO - Filling up the DagBag from /opt/airflow/dags/transfrom_to_mysql.py
[2026-05-27T04:22:44.077+0000] {processor.py:842} WARNING - No viable dags retrieved from /opt/airflow/dags/transfrom_to_mysql.py
[2026-05-27T04:22:44.106+0000] {processor.py:183} INFO - Processing /opt/airflow/dags/transfrom_to_mysql.py took 0.282 seconds
[2026-05-27T04:23:14.823+0000] {processor.py:161} INFO - Started process (PID=27344) to work on /opt/airflow/dags/transfrom_to_mysql.py
[2026-05-27T04:23:14.825+0000] {processor.py:830} INFO - Processing file /opt/airflow/dags/transfrom_to_mysql.py for tasks to queue
[2026-05-27T04:23:14.826+0000] {logging_mixin.py:188} INFO - [2026-05-27T04:23:14.826+0000] {dagbag.py:545} INFO - Filling up the DagBag from /opt/airflow/dags/transfrom_to_mysql.py
[2026-05-27T04:23:14.976+0000] {processor.py:842} WARNING - No viable dags retrieved from /opt/airflow/dags/transfrom_to_mysql.py
[2026-05-27T04:23:14.995+0000] {processor.py:183} INFO - Processing /opt/airflow/dags/transfrom_to_mysql.py took 0.178 seconds
[2026-05-27T04:23:45.286+0000] {processor.py:161} INFO - Started process (PID=27385) to work on /opt/airflow/dags/transfrom_to_mysql.py
[2026-05-27T04:23:45.287+0000] {processor.py:830} INFO - Processing file /opt/airflow/dags/transfrom_to_mysql.py for tasks to queue
[2026-05-27T04:23:45.289+0000] {logging_mixin.py:188} INFO - [2026-05-27T04:23:45.289+0000] {dagbag.py:545} INFO - Filling up the DagBag from /opt/airflow/dags/transfrom_to_mysql.py
[2026-05-27T04:23:45.435+0000] {processor.py:842} WARNING - No viable dags retrieved from /opt/airflow/dags/transfrom_to_mysql.py
[2026-05-27T04:23:45.458+0000] {processor.py:183} INFO - Processing /opt/airflow/dags/transfrom_to_mysql.py took 0.178 seconds
[2026-05-27T04:24:15.762+0000] {processor.py:161} INFO - Started process (PID=27506) to work on /opt/airflow/dags/transfrom_to_mysql.py
[2026-05-27T04:24:15.764+0000] {processor.py:830} INFO - Processing file /opt/airflow/dags/transfrom_to_mysql.py for tasks to queue
[2026-05-27T04:24:15.766+0000] {logging_mixin.py:188} INFO - [2026-05-27T04:24:15.766+0000] {dagbag.py:545} INFO - Filling up the DagBag from /opt/airflow/dags/transfrom_to_mysql.py
[2026-05-27T04:24:16.009+0000] {processor.py:842} WARNING - No viable dags retrieved from /opt/airflow/dags/transfrom_to_mysql.py
[2026-05-27T04:24:16.037+0000] {processor.py:183} INFO - Processing /opt/airflow/dags/transfrom_to_mysql.py took 0.283 seconds
[2026-05-27T04:24:46.373+0000] {processor.py:161} INFO - Started process (PID=27625) to work on /opt/airflow/dags/transfrom_to_mysql.py
[2026-05-27T04:24:46.375+0000] {processor.py:830} INFO - Processing file /opt/airflow/dags/transfrom_to_mysql.py for tasks to queue
[2026-05-27T04:24:46.377+0000] {logging_mixin.py:188} INFO - [2026-05-27T04:24:46.376+0000] {dagbag.py:545} INFO - Filling up the DagBag from /opt/airflow/dags/transfrom_to_mysql.py
[2026-05-27T04:24:46.534+0000] {processor.py:842} WARNING - No viable dags retrieved from /opt/airflow/dags/transfrom_to_mysql.py
[2026-05-27T04:24:46.554+0000] {processor.py:183} INFO - Processing /opt/airflow/dags/transfrom_to_mysql.py took 0.190 seconds
[2026-05-27T04:25:17.319+0000] {processor.py:161} INFO - Started process (PID=27727) to work on /opt/airflow/dags/transfrom_to_mysql.py
[2026-05-27T04:25:17.320+0000] {processor.py:830} INFO - Processing file /opt/airflow/dags/transfrom_to_mysql.py for tasks to queue
[2026-05-27T04:25:17.323+0000] {logging_mixin.py:188} INFO - [2026-05-27T04:25:17.323+0000] {dagbag.py:545} INFO - Filling up the DagBag from /opt/airflow/dags/transfrom_to_mysql.py
[2026-05-27T04:25:17.569+0000] {processor.py:842} WARNING - No viable dags retrieved from /opt/airflow/dags/transfrom_to_mysql.py
[2026-05-27T04:25:17.594+0000] {processor.py:183} INFO - Processing /opt/airflow/dags/transfrom_to_mysql.py took 0.288 seconds
[2026-05-27T04:25:47.936+0000] {processor.py:161} INFO - Started process (PID=27756) to work on /opt/airflow/dags/transfrom_to_mysql.py
[2026-05-27T04:25:47.937+0000] {processor.py:830} INFO - Processing file /opt/airflow/dags/transfrom_to_mysql.py for tasks to queue
[2026-05-27T04:25:47.939+0000] {logging_mixin.py:188} INFO - [2026-05-27T04:25:47.939+0000] {dagbag.py:545} INFO - Filling up the DagBag from /opt/airflow/dags/transfrom_to_mysql.py
[2026-05-27T04:25:48.091+0000] {processor.py:842} WARNING - No viable dags retrieved from /opt/airflow/dags/transfrom_to_mysql.py
[2026-05-27T04:25:48.113+0000] {processor.py:183} INFO - Processing /opt/airflow/dags/transfrom_to_mysql.py took 0.184 seconds
[2026-05-27T04:26:18.409+0000] {processor.py:161} INFO - Started process (PID=27877) to work on /opt/airflow/dags/transfrom_to_mysql.py
[2026-05-27T04:26:18.410+0000] {processor.py:830} INFO - Processing file /opt/airflow/dags/transfrom_to_mysql.py for tasks to queue
[2026-05-27T04:26:18.412+0000] {logging_mixin.py:188} INFO - [2026-05-27T04:26:18.412+0000] {dagbag.py:545} INFO - Filling up the DagBag from /opt/airflow/dags/transfrom_to_mysql.py
[2026-05-27T04:26:18.571+0000] {processor.py:842} WARNING - No viable dags retrieved from /opt/airflow/dags/transfrom_to_mysql.py
[2026-05-27T04:26:18.594+0000] {processor.py:183} INFO - Processing /opt/airflow/dags/transfrom_to_mysql.py took 0.193 seconds
[2026-05-27T04:26:48.771+0000] {processor.py:161} INFO - Started process (PID=27995) to work on /opt/airflow/dags/transfrom_to_mysql.py
[2026-05-27T04:26:48.772+0000] {processor.py:830} INFO - Processing file /opt/airflow/dags/transfrom_to_mysql.py for tasks to queue
[2026-05-27T04:26:48.774+0000] {logging_mixin.py:188} INFO - [2026-05-27T04:26:48.774+0000] {dagbag.py:545} INFO - Filling up the DagBag from /opt/airflow/dags/transfrom_to_mysql.py
[2026-05-27T04:26:49.006+0000] {processor.py:842} WARNING - No viable dags retrieved from /opt/airflow/dags/transfrom_to_mysql.py
[2026-05-27T04:26:49.034+0000] {processor.py:183} INFO - Processing /opt/airflow/dags/transfrom_to_mysql.py took 0.273 seconds
[2026-05-27T04:27:19.671+0000] {processor.py:161} INFO - Started process (PID=28082) to work on /opt/airflow/dags/transfrom_to_mysql.py
[2026-05-27T04:27:19.672+0000] {processor.py:830} INFO - Processing file /opt/airflow/dags/transfrom_to_mysql.py for tasks to queue
[2026-05-27T04:27:19.674+0000] {logging_mixin.py:188} INFO - [2026-05-27T04:27:19.673+0000] {dagbag.py:545} INFO - Filling up the DagBag from /opt/airflow/dags/transfrom_to_mysql.py
[2026-05-27T04:27:19.824+0000] {processor.py:842} WARNING - No viable dags retrieved from /opt/airflow/dags/transfrom_to_mysql.py
[2026-05-27T04:27:19.849+0000] {processor.py:183} INFO - Processing /opt/airflow/dags/transfrom_to_mysql.py took 0.185 seconds
[2026-05-27T04:27:50.168+0000] {processor.py:161} INFO - Started process (PID=28123) to work on /opt/airflow/dags/transfrom_to_mysql.py
[2026-05-27T04:27:50.169+0000] {processor.py:830} INFO - Processing file /opt/airflow/dags/transfrom_to_mysql.py for tasks to queue
[2026-05-27T04:27:50.172+0000] {logging_mixin.py:188} INFO - [2026-05-27T04:27:50.171+0000] {dagbag.py:545} INFO - Filling up the DagBag from /opt/airflow/dags/transfrom_to_mysql.py
[2026-05-27T04:27:50.357+0000] {processor.py:842} WARNING - No viable dags retrieved from /opt/airflow/dags/transfrom_to_mysql.py
[2026-05-27T04:27:50.379+0000] {processor.py:183} INFO - Processing /opt/airflow/dags/transfrom_to_mysql.py took 0.220 seconds
[2026-05-27T04:28:20.751+0000] {processor.py:161} INFO - Started process (PID=28242) to work on /opt/airflow/dags/transfrom_to_mysql.py
[2026-05-27T04:28:20.752+0000] {processor.py:830} INFO - Processing file /opt/airflow/dags/transfrom_to_mysql.py for tasks to queue
[2026-05-27T04:28:20.754+0000] {logging_mixin.py:188} INFO - [2026-05-27T04:28:20.754+0000] {dagbag.py:545} INFO - Filling up the DagBag from /opt/airflow/dags/transfrom_to_mysql.py
[2026-05-27T04:28:20.913+0000] {processor.py:842} WARNING - No viable dags retrieved from /opt/airflow/dags/transfrom_to_mysql.py
[2026-05-27T04:28:20.936+0000] {processor.py:183} INFO - Processing /opt/airflow/dags/transfrom_to_mysql.py took 0.191 seconds
[2026-05-27T04:28:51.664+0000] {processor.py:161} INFO - Started process (PID=28359) to work on /opt/airflow/dags/transfrom_to_mysql.py
[2026-05-27T04:28:51.666+0000] {processor.py:830} INFO - Processing file /opt/airflow/dags/transfrom_to_mysql.py for tasks to queue
[2026-05-27T04:28:51.673+0000] {logging_mixin.py:188} INFO - [2026-05-27T04:28:51.670+0000] {dagbag.py:545} INFO - Filling up the DagBag from /opt/airflow/dags/transfrom_to_mysql.py
[2026-05-27T04:28:51.873+0000] {processor.py:842} WARNING - No viable dags retrieved from /opt/airflow/dags/transfrom_to_mysql.py
[2026-05-27T04:28:51.897+0000] {processor.py:183} INFO - Processing /opt/airflow/dags/transfrom_to_mysql.py took 0.243 seconds
[2026-05-27T04:29:21.989+0000] {processor.py:161} INFO - Started process (PID=28373) to work on /opt/airflow/dags/transfrom_to_mysql.py
[2026-05-27T04:29:21.990+0000] {processor.py:830} INFO - Processing file /opt/airflow/dags/transfrom_to_mysql.py for tasks to queue
[2026-05-27T04:29:21.993+0000] {logging_mixin.py:188} INFO - [2026-05-27T04:29:21.992+0000] {dagbag.py:545} INFO - Filling up the DagBag from /opt/airflow/dags/transfrom_to_mysql.py
[2026-05-27T04:29:22.161+0000] {processor.py:842} WARNING - No viable dags retrieved from /opt/airflow/dags/transfrom_to_mysql.py
[2026-05-27T04:29:22.179+0000] {processor.py:183} INFO - Processing /opt/airflow/dags/transfrom_to_mysql.py took 0.199 seconds
[2026-05-27T04:29:52.460+0000] {processor.py:161} INFO - Started process (PID=28502) to work on /opt/airflow/dags/transfrom_to_mysql.py
[2026-05-27T04:29:52.461+0000] {processor.py:830} INFO - Processing file /opt/airflow/dags/transfrom_to_mysql.py for tasks to queue
[2026-05-27T04:29:52.463+0000] {logging_mixin.py:188} INFO - [2026-05-27T04:29:52.463+0000] {dagbag.py:545} INFO - Filling up the DagBag from /opt/airflow/dags/transfrom_to_mysql.py
[2026-05-27T04:29:52.622+0000] {processor.py:842} WARNING - No viable dags retrieved from /opt/airflow/dags/transfrom_to_mysql.py
[2026-05-27T04:29:52.641+0000] {processor.py:183} INFO - Processing /opt/airflow/dags/transfrom_to_mysql.py took 0.188 seconds
[2026-05-27T04:30:22.927+0000] {processor.py:161} INFO - Started process (PID=28621) to work on /opt/airflow/dags/transfrom_to_mysql.py
[2026-05-27T04:30:22.928+0000] {processor.py:830} INFO - Processing file /opt/airflow/dags/transfrom_to_mysql.py for tasks to queue
[2026-05-27T04:30:22.930+0000] {logging_mixin.py:188} INFO - [2026-05-27T04:30:22.930+0000] {dagbag.py:545} INFO - Filling up the DagBag from /opt/airflow/dags/transfrom_to_mysql.py
[2026-05-27T04:30:23.088+0000] {processor.py:842} WARNING - No viable dags retrieved from /opt/airflow/dags/transfrom_to_mysql.py
[2026-05-27T04:30:23.112+0000] {processor.py:183} INFO - Processing /opt/airflow/dags/transfrom_to_mysql.py took 0.191 seconds
[2026-05-27T04:30:53.973+0000] {processor.py:161} INFO - Started process (PID=28708) to work on /opt/airflow/dags/transfrom_to_mysql.py
[2026-05-27T04:30:53.974+0000] {processor.py:830} INFO - Processing file /opt/airflow/dags/transfrom_to_mysql.py for tasks to queue
[2026-05-27T04:30:53.976+0000] {logging_mixin.py:188} INFO - [2026-05-27T04:30:53.976+0000] {dagbag.py:545} INFO - Filling up the DagBag from /opt/airflow/dags/transfrom_to_mysql.py
[2026-05-27T04:30:54.134+0000] {processor.py:842} WARNING - No viable dags retrieved from /opt/airflow/dags/transfrom_to_mysql.py
[2026-05-27T04:30:54.157+0000] {processor.py:183} INFO - Processing /opt/airflow/dags/transfrom_to_mysql.py took 0.192 seconds
[2026-05-27T04:31:24.490+0000] {processor.py:161} INFO - Started process (PID=28750) to work on /opt/airflow/dags/transfrom_to_mysql.py
[2026-05-27T04:31:24.491+0000] {processor.py:830} INFO - Processing file /opt/airflow/dags/transfrom_to_mysql.py for tasks to queue
[2026-05-27T04:31:24.493+0000] {logging_mixin.py:188} INFO - [2026-05-27T04:31:24.493+0000] {dagbag.py:545} INFO - Filling up the DagBag from /opt/airflow/dags/transfrom_to_mysql.py
[2026-05-27T04:31:24.640+0000] {processor.py:842} WARNING - No viable dags retrieved from /opt/airflow/dags/transfrom_to_mysql.py
[2026-05-27T04:31:24.660+0000] {processor.py:183} INFO - Processing /opt/airflow/dags/transfrom_to_mysql.py took 0.176 seconds
[2026-05-27T04:31:54.985+0000] {processor.py:161} INFO - Started process (PID=28870) to work on /opt/airflow/dags/transfrom_to_mysql.py
[2026-05-27T04:31:54.986+0000] {processor.py:830} INFO - Processing file /opt/airflow/dags/transfrom_to_mysql.py for tasks to queue
[2026-05-27T04:31:54.988+0000] {logging_mixin.py:188} INFO - [2026-05-27T04:31:54.988+0000] {dagbag.py:545} INFO - Filling up the DagBag from /opt/airflow/dags/transfrom_to_mysql.py
[2026-05-27T04:31:55.140+0000] {processor.py:842} WARNING - No viable dags retrieved from /opt/airflow/dags/transfrom_to_mysql.py
[2026-05-27T04:31:55.161+0000] {processor.py:183} INFO - Processing /opt/airflow/dags/transfrom_to_mysql.py took 0.182 seconds
[2026-05-27T04:32:25.537+0000] {processor.py:161} INFO - Started process (PID=28989) to work on /opt/airflow/dags/transfrom_to_mysql.py
[2026-05-27T04:32:25.538+0000] {processor.py:830} INFO - Processing file /opt/airflow/dags/transfrom_to_mysql.py for tasks to queue
[2026-05-27T04:32:25.539+0000] {logging_mixin.py:188} INFO - [2026-05-27T04:32:25.539+0000] {dagbag.py:545} INFO - Filling up the DagBag from /opt/airflow/dags/transfrom_to_mysql.py
[2026-05-27T04:32:25.690+0000] {processor.py:842} WARNING - No viable dags retrieved from /opt/airflow/dags/transfrom_to_mysql.py
[2026-05-27T04:32:25.710+0000] {processor.py:183} INFO - Processing /opt/airflow/dags/transfrom_to_mysql.py took 0.179 seconds
[2026-05-27T04:32:56.330+0000] {processor.py:161} INFO - Started process (PID=29080) to work on /opt/airflow/dags/transfrom_to_mysql.py
[2026-05-27T04:32:56.331+0000] {processor.py:830} INFO - Processing file /opt/airflow/dags/transfrom_to_mysql.py for tasks to queue
[2026-05-27T04:32:56.333+0000] {logging_mixin.py:188} INFO - [2026-05-27T04:32:56.333+0000] {dagbag.py:545} INFO - Filling up the DagBag from /opt/airflow/dags/transfrom_to_mysql.py
[2026-05-27T04:32:56.480+0000] {processor.py:842} WARNING - No viable dags retrieved from /opt/airflow/dags/transfrom_to_mysql.py
[2026-05-27T04:32:56.500+0000] {processor.py:183} INFO - Processing /opt/airflow/dags/transfrom_to_mysql.py took 0.177 seconds
[2026-05-27T04:33:26.919+0000] {processor.py:161} INFO - Started process (PID=29125) to work on /opt/airflow/dags/transfrom_to_mysql.py
[2026-05-27T04:33:26.921+0000] {processor.py:830} INFO - Processing file /opt/airflow/dags/transfrom_to_mysql.py for tasks to queue
[2026-05-27T04:33:26.923+0000] {logging_mixin.py:188} INFO - [2026-05-27T04:33:26.923+0000] {dagbag.py:545} INFO - Filling up the DagBag from /opt/airflow/dags/transfrom_to_mysql.py
[2026-05-27T04:33:27.103+0000] {processor.py:842} WARNING - No viable dags retrieved from /opt/airflow/dags/transfrom_to_mysql.py
[2026-05-27T04:33:27.127+0000] {processor.py:183} INFO - Processing /opt/airflow/dags/transfrom_to_mysql.py took 0.220 seconds
[2026-05-27T04:33:57.733+0000] {processor.py:161} INFO - Started process (PID=29255) to work on /opt/airflow/dags/transfrom_to_mysql.py
[2026-05-27T04:33:57.734+0000] {processor.py:830} INFO - Processing file /opt/airflow/dags/transfrom_to_mysql.py for tasks to queue
[2026-05-27T04:33:57.736+0000] {logging_mixin.py:188} INFO - [2026-05-27T04:33:57.736+0000] {dagbag.py:545} INFO - Filling up the DagBag from /opt/airflow/dags/transfrom_to_mysql.py
[2026-05-27T04:33:57.890+0000] {processor.py:842} WARNING - No viable dags retrieved from /opt/airflow/dags/transfrom_to_mysql.py
[2026-05-27T04:33:57.909+0000] {processor.py:183} INFO - Processing /opt/airflow/dags/transfrom_to_mysql.py took 0.183 seconds
[2026-05-27T04:34:28.239+0000] {processor.py:161} INFO - Started process (PID=29270) to work on /opt/airflow/dags/transfrom_to_mysql.py
[2026-05-27T04:34:28.240+0000] {processor.py:830} INFO - Processing file /opt/airflow/dags/transfrom_to_mysql.py for tasks to queue
[2026-05-27T04:34:28.242+0000] {logging_mixin.py:188} INFO - [2026-05-27T04:34:28.242+0000] {dagbag.py:545} INFO - Filling up the DagBag from /opt/airflow/dags/transfrom_to_mysql.py
[2026-05-27T04:34:28.399+0000] {processor.py:842} WARNING - No viable dags retrieved from /opt/airflow/dags/transfrom_to_mysql.py
[2026-05-27T04:34:28.420+0000] {processor.py:183} INFO - Processing /opt/airflow/dags/transfrom_to_mysql.py took 0.188 seconds
[2026-05-27T04:34:58.743+0000] {processor.py:161} INFO - Started process (PID=29389) to work on /opt/airflow/dags/transfrom_to_mysql.py
[2026-05-27T04:34:58.744+0000] {processor.py:830} INFO - Processing file /opt/airflow/dags/transfrom_to_mysql.py for tasks to queue
[2026-05-27T04:34:58.747+0000] {logging_mixin.py:188} INFO - [2026-05-27T04:34:58.747+0000] {dagbag.py:545} INFO - Filling up the DagBag from /opt/airflow/dags/transfrom_to_mysql.py
[2026-05-27T04:34:58.937+0000] {processor.py:842} WARNING - No viable dags retrieved from /opt/airflow/dags/transfrom_to_mysql.py
[2026-05-27T04:34:58.958+0000] {processor.py:183} INFO - Processing /opt/airflow/dags/transfrom_to_mysql.py took 0.224 seconds
[2026-05-27T04:35:29.355+0000] {processor.py:161} INFO - Started process (PID=29508) to work on /opt/airflow/dags/transfrom_to_mysql.py
[2026-05-27T04:35:29.356+0000] {processor.py:830} INFO - Processing file /opt/airflow/dags/transfrom_to_mysql.py for tasks to queue
[2026-05-27T04:35:29.358+0000] {logging_mixin.py:188} INFO - [2026-05-27T04:35:29.357+0000] {dagbag.py:545} INFO - Filling up the DagBag from /opt/airflow/dags/transfrom_to_mysql.py
[2026-05-27T04:35:29.527+0000] {processor.py:842} WARNING - No viable dags retrieved from /opt/airflow/dags/transfrom_to_mysql.py
[2026-05-27T04:35:29.548+0000] {processor.py:183} INFO - Processing /opt/airflow/dags/transfrom_to_mysql.py took 0.201 seconds
[2026-05-27T04:36:00.492+0000] {processor.py:161} INFO - Started process (PID=29597) to work on /opt/airflow/dags/transfrom_to_mysql.py
[2026-05-27T04:36:00.496+0000] {processor.py:830} INFO - Processing file /opt/airflow/dags/transfrom_to_mysql.py for tasks to queue
[2026-05-27T04:36:00.501+0000] {logging_mixin.py:188} INFO - [2026-05-27T04:36:00.500+0000] {dagbag.py:545} INFO - Filling up the DagBag from /opt/airflow/dags/transfrom_to_mysql.py
[2026-05-27T04:36:00.875+0000] {processor.py:842} WARNING - No viable dags retrieved from /opt/airflow/dags/transfrom_to_mysql.py
[2026-05-27T04:36:01.159+0000] {processor.py:183} INFO - Processing /opt/airflow/dags/transfrom_to_mysql.py took 0.689 seconds
[2026-05-27T04:36:31.745+0000] {processor.py:161} INFO - Started process (PID=29638) to work on /opt/airflow/dags/transfrom_to_mysql.py
[2026-05-27T04:36:31.746+0000] {processor.py:830} INFO - Processing file /opt/airflow/dags/transfrom_to_mysql.py for tasks to queue
[2026-05-27T04:36:31.748+0000] {logging_mixin.py:188} INFO - [2026-05-27T04:36:31.748+0000] {dagbag.py:545} INFO - Filling up the DagBag from /opt/airflow/dags/transfrom_to_mysql.py
[2026-05-27T04:36:31.907+0000] {processor.py:842} WARNING - No viable dags retrieved from /opt/airflow/dags/transfrom_to_mysql.py
[2026-05-27T04:36:31.928+0000] {processor.py:183} INFO - Processing /opt/airflow/dags/transfrom_to_mysql.py took 0.191 seconds
[2026-05-27T05:02:58.100+0000] {processor.py:161} INFO - Started process (PID=29758) to work on /opt/airflow/dags/transfrom_to_mysql.py
[2026-05-27T05:02:58.242+0000] {processor.py:830} INFO - Processing file /opt/airflow/dags/transfrom_to_mysql.py for tasks to queue
[2026-05-27T05:02:58.276+0000] {logging_mixin.py:188} INFO - [2026-05-27T05:02:58.275+0000] {dagbag.py:545} INFO - Filling up the DagBag from /opt/airflow/dags/transfrom_to_mysql.py
[2026-05-27T05:03:01.157+0000] {processor.py:842} WARNING - No viable dags retrieved from /opt/airflow/dags/transfrom_to_mysql.py
[2026-05-27T05:03:01.471+0000] {processor.py:183} INFO - Processing /opt/airflow/dags/transfrom_to_mysql.py took 3.416 seconds
[2026-05-27T05:03:32.233+0000] {processor.py:161} INFO - Started process (PID=29838) to work on /opt/airflow/dags/transfrom_to_mysql.py
[2026-05-27T05:03:32.244+0000] {processor.py:830} INFO - Processing file /opt/airflow/dags/transfrom_to_mysql.py for tasks to queue
[2026-05-27T05:03:32.268+0000] {logging_mixin.py:188} INFO - [2026-05-27T05:03:32.265+0000] {dagbag.py:545} INFO - Filling up the DagBag from /opt/airflow/dags/transfrom_to_mysql.py
[2026-05-27T05:03:32.815+0000] {processor.py:842} WARNING - No viable dags retrieved from /opt/airflow/dags/transfrom_to_mysql.py
[2026-05-27T05:03:32.901+0000] {processor.py:183} INFO - Processing /opt/airflow/dags/transfrom_to_mysql.py took 0.746 seconds
[2026-05-27T05:04:03.036+0000] {processor.py:161} INFO - Started process (PID=29887) to work on /opt/airflow/dags/transfrom_to_mysql.py
[2026-05-27T05:04:03.037+0000] {processor.py:830} INFO - Processing file /opt/airflow/dags/transfrom_to_mysql.py for tasks to queue
[2026-05-27T05:04:03.039+0000] {logging_mixin.py:188} INFO - [2026-05-27T05:04:03.038+0000] {dagbag.py:545} INFO - Filling up the DagBag from /opt/airflow/dags/transfrom_to_mysql.py
[2026-05-27T05:04:03.191+0000] {processor.py:842} WARNING - No viable dags retrieved from /opt/airflow/dags/transfrom_to_mysql.py
[2026-05-27T05:04:03.210+0000] {processor.py:183} INFO - Processing /opt/airflow/dags/transfrom_to_mysql.py took 0.183 seconds
[2026-05-27T05:04:33.514+0000] {processor.py:161} INFO - Started process (PID=30003) to work on /opt/airflow/dags/transfrom_to_mysql.py
[2026-05-27T05:04:33.516+0000] {processor.py:830} INFO - Processing file /opt/airflow/dags/transfrom_to_mysql.py for tasks to queue
[2026-05-27T05:04:33.523+0000] {logging_mixin.py:188} INFO - [2026-05-27T05:04:33.523+0000] {dagbag.py:545} INFO - Filling up the DagBag from /opt/airflow/dags/transfrom_to_mysql.py
[2026-05-27T05:04:33.825+0000] {processor.py:842} WARNING - No viable dags retrieved from /opt/airflow/dags/transfrom_to_mysql.py
[2026-05-27T05:04:34.322+0000] {processor.py:183} INFO - Processing /opt/airflow/dags/transfrom_to_mysql.py took 0.825 seconds
[2026-05-27T05:05:05.078+0000] {processor.py:161} INFO - Started process (PID=30016) to work on /opt/airflow/dags/transfrom_to_mysql.py
[2026-05-27T05:05:05.098+0000] {processor.py:830} INFO - Processing file /opt/airflow/dags/transfrom_to_mysql.py for tasks to queue
[2026-05-27T05:05:05.101+0000] {logging_mixin.py:188} INFO - [2026-05-27T05:05:05.101+0000] {dagbag.py:545} INFO - Filling up the DagBag from /opt/airflow/dags/transfrom_to_mysql.py
[2026-05-27T05:05:05.517+0000] {processor.py:842} WARNING - No viable dags retrieved from /opt/airflow/dags/transfrom_to_mysql.py
[2026-05-27T05:05:05.547+0000] {processor.py:183} INFO - Processing /opt/airflow/dags/transfrom_to_mysql.py took 0.480 seconds
[2026-05-27T05:05:35.860+0000] {processor.py:161} INFO - Started process (PID=30142) to work on /opt/airflow/dags/transfrom_to_mysql.py
[2026-05-27T05:05:35.860+0000] {processor.py:830} INFO - Processing file /opt/airflow/dags/transfrom_to_mysql.py for tasks to queue
[2026-05-27T05:05:35.862+0000] {logging_mixin.py:188} INFO - [2026-05-27T05:05:35.862+0000] {dagbag.py:545} INFO - Filling up the DagBag from /opt/airflow/dags/transfrom_to_mysql.py
[2026-05-27T05:05:36.019+0000] {processor.py:842} WARNING - No viable dags retrieved from /opt/airflow/dags/transfrom_to_mysql.py
[2026-05-27T05:05:36.044+0000] {processor.py:183} INFO - Processing /opt/airflow/dags/transfrom_to_mysql.py took 0.191 seconds
[2026-05-27T05:06:06.356+0000] {processor.py:161} INFO - Started process (PID=30244) to work on /opt/airflow/dags/transfrom_to_mysql.py
[2026-05-27T05:06:06.360+0000] {processor.py:830} INFO - Processing file /opt/airflow/dags/transfrom_to_mysql.py for tasks to queue
[2026-05-27T05:06:06.364+0000] {logging_mixin.py:188} INFO - [2026-05-27T05:06:06.363+0000] {dagbag.py:545} INFO - Filling up the DagBag from /opt/airflow/dags/transfrom_to_mysql.py
[2026-05-27T05:06:06.882+0000] {processor.py:842} WARNING - No viable dags retrieved from /opt/airflow/dags/transfrom_to_mysql.py
[2026-05-27T05:06:06.961+0000] {processor.py:183} INFO - Processing /opt/airflow/dags/transfrom_to_mysql.py took 0.618 seconds
[2026-05-27T05:06:37.552+0000] {processor.py:161} INFO - Started process (PID=30281) to work on /opt/airflow/dags/transfrom_to_mysql.py
[2026-05-27T05:06:37.556+0000] {processor.py:830} INFO - Processing file /opt/airflow/dags/transfrom_to_mysql.py for tasks to queue
[2026-05-27T05:06:37.577+0000] {logging_mixin.py:188} INFO - [2026-05-27T05:06:37.576+0000] {dagbag.py:545} INFO - Filling up the DagBag from /opt/airflow/dags/transfrom_to_mysql.py
[2026-05-27T05:06:38.147+0000] {processor.py:842} WARNING - No viable dags retrieved from /opt/airflow/dags/transfrom_to_mysql.py
[2026-05-27T05:06:38.221+0000] {processor.py:183} INFO - Processing /opt/airflow/dags/transfrom_to_mysql.py took 0.752 seconds
[2026-05-27T05:07:08.860+0000] {processor.py:161} INFO - Started process (PID=30368) to work on /opt/airflow/dags/transfrom_to_mysql.py
[2026-05-27T05:07:08.862+0000] {processor.py:830} INFO - Processing file /opt/airflow/dags/transfrom_to_mysql.py for tasks to queue
[2026-05-27T05:07:08.867+0000] {logging_mixin.py:188} INFO - [2026-05-27T05:07:08.866+0000] {dagbag.py:545} INFO - Filling up the DagBag from /opt/airflow/dags/transfrom_to_mysql.py
[2026-05-27T05:07:09.174+0000] {processor.py:842} WARNING - No viable dags retrieved from /opt/airflow/dags/transfrom_to_mysql.py
[2026-05-27T05:07:09.218+0000] {processor.py:183} INFO - Processing /opt/airflow/dags/transfrom_to_mysql.py took 0.371 seconds
[2026-05-27T05:07:39.923+0000] {processor.py:161} INFO - Started process (PID=30389) to work on /opt/airflow/dags/transfrom_to_mysql.py
[2026-05-27T05:07:39.924+0000] {processor.py:830} INFO - Processing file /opt/airflow/dags/transfrom_to_mysql.py for tasks to queue
[2026-05-27T05:07:39.926+0000] {logging_mixin.py:188} INFO - [2026-05-27T05:07:39.926+0000] {dagbag.py:545} INFO - Filling up the DagBag from /opt/airflow/dags/transfrom_to_mysql.py
[2026-05-27T05:07:40.251+0000] {processor.py:842} WARNING - No viable dags retrieved from /opt/airflow/dags/transfrom_to_mysql.py
[2026-05-27T05:07:40.276+0000] {processor.py:183} INFO - Processing /opt/airflow/dags/transfrom_to_mysql.py took 0.364 seconds
[2026-05-27T05:08:10.706+0000] {processor.py:161} INFO - Started process (PID=30512) to work on /opt/airflow/dags/transfrom_to_mysql.py
[2026-05-27T05:08:10.709+0000] {processor.py:830} INFO - Processing file /opt/airflow/dags/transfrom_to_mysql.py for tasks to queue
[2026-05-27T05:08:10.712+0000] {logging_mixin.py:188} INFO - [2026-05-27T05:08:10.711+0000] {dagbag.py:545} INFO - Filling up the DagBag from /opt/airflow/dags/transfrom_to_mysql.py
[2026-05-27T05:08:10.990+0000] {processor.py:842} WARNING - No viable dags retrieved from /opt/airflow/dags/transfrom_to_mysql.py
[2026-05-27T05:08:11.254+0000] {processor.py:183} INFO - Processing /opt/airflow/dags/transfrom_to_mysql.py took 0.566 seconds
[2026-05-27T05:08:41.334+0000] {processor.py:161} INFO - Started process (PID=30634) to work on /opt/airflow/dags/transfrom_to_mysql.py
[2026-05-27T05:08:41.342+0000] {processor.py:830} INFO - Processing file /opt/airflow/dags/transfrom_to_mysql.py for tasks to queue
[2026-05-27T05:08:41.345+0000] {logging_mixin.py:188} INFO - [2026-05-27T05:08:41.344+0000] {dagbag.py:545} INFO - Filling up the DagBag from /opt/airflow/dags/transfrom_to_mysql.py
[2026-05-27T05:08:41.754+0000] {processor.py:842} WARNING - No viable dags retrieved from /opt/airflow/dags/transfrom_to_mysql.py
[2026-05-27T05:08:41.770+0000] {processor.py:183} INFO - Processing /opt/airflow/dags/transfrom_to_mysql.py took 0.443 seconds
[2026-05-27T05:09:12.088+0000] {processor.py:161} INFO - Started process (PID=30723) to work on /opt/airflow/dags/transfrom_to_mysql.py
[2026-05-27T05:09:12.089+0000] {processor.py:830} INFO - Processing file /opt/airflow/dags/transfrom_to_mysql.py for tasks to queue
[2026-05-27T05:09:12.091+0000] {logging_mixin.py:188} INFO - [2026-05-27T05:09:12.091+0000] {dagbag.py:545} INFO - Filling up the DagBag from /opt/airflow/dags/transfrom_to_mysql.py
[2026-05-27T05:09:12.404+0000] {processor.py:842} WARNING - No viable dags retrieved from /opt/airflow/dags/transfrom_to_mysql.py
[2026-05-27T05:09:12.424+0000] {processor.py:183} INFO - Processing /opt/airflow/dags/transfrom_to_mysql.py took 0.342 seconds
[2026-05-27T05:09:42.509+0000] {processor.py:161} INFO - Started process (PID=30749) to work on /opt/airflow/dags/transfrom_to_mysql.py
[2026-05-27T05:09:42.511+0000] {processor.py:830} INFO - Processing file /opt/airflow/dags/transfrom_to_mysql.py for tasks to queue
[2026-05-27T05:09:42.513+0000] {logging_mixin.py:188} INFO - [2026-05-27T05:09:42.513+0000] {dagbag.py:545} INFO - Filling up the DagBag from /opt/airflow/dags/transfrom_to_mysql.py
[2026-05-27T05:09:42.890+0000] {processor.py:842} WARNING - No viable dags retrieved from /opt/airflow/dags/transfrom_to_mysql.py
[2026-05-27T05:09:42.912+0000] {processor.py:183} INFO - Processing /opt/airflow/dags/transfrom_to_mysql.py took 0.415 seconds
[2026-05-27T05:10:13.157+0000] {processor.py:161} INFO - Started process (PID=30872) to work on /opt/airflow/dags/transfrom_to_mysql.py
[2026-05-27T05:10:13.158+0000] {processor.py:830} INFO - Processing file /opt/airflow/dags/transfrom_to_mysql.py for tasks to queue
[2026-05-27T05:10:13.160+0000] {logging_mixin.py:188} INFO - [2026-05-27T05:10:13.160+0000] {dagbag.py:545} INFO - Filling up the DagBag from /opt/airflow/dags/transfrom_to_mysql.py
[2026-05-27T05:10:13.420+0000] {processor.py:842} WARNING - No viable dags retrieved from /opt/airflow/dags/transfrom_to_mysql.py
[2026-05-27T05:10:13.436+0000] {processor.py:183} INFO - Processing /opt/airflow/dags/transfrom_to_mysql.py took 0.287 seconds
[2026-05-27T05:10:43.752+0000] {processor.py:161} INFO - Started process (PID=31001) to work on /opt/airflow/dags/transfrom_to_mysql.py
[2026-05-27T05:10:43.753+0000] {processor.py:830} INFO - Processing file /opt/airflow/dags/transfrom_to_mysql.py for tasks to queue
[2026-05-27T05:10:43.755+0000] {logging_mixin.py:188} INFO - [2026-05-27T05:10:43.754+0000] {dagbag.py:545} INFO - Filling up the DagBag from /opt/airflow/dags/transfrom_to_mysql.py
[2026-05-27T05:10:43.991+0000] {processor.py:842} WARNING - No viable dags retrieved from /opt/airflow/dags/transfrom_to_mysql.py
[2026-05-27T05:10:44.007+0000] {processor.py:183} INFO - Processing /opt/airflow/dags/transfrom_to_mysql.py took 0.260 seconds
[2026-05-27T05:11:14.430+0000] {processor.py:161} INFO - Started process (PID=31087) to work on /opt/airflow/dags/transfrom_to_mysql.py
[2026-05-27T05:11:14.431+0000] {processor.py:830} INFO - Processing file /opt/airflow/dags/transfrom_to_mysql.py for tasks to queue
[2026-05-27T05:11:14.433+0000] {logging_mixin.py:188} INFO - [2026-05-27T05:11:14.433+0000] {dagbag.py:545} INFO - Filling up the DagBag from /opt/airflow/dags/transfrom_to_mysql.py
[2026-05-27T05:11:14.733+0000] {processor.py:842} WARNING - No viable dags retrieved from /opt/airflow/dags/transfrom_to_mysql.py
[2026-05-27T05:11:14.752+0000] {processor.py:183} INFO - Processing /opt/airflow/dags/transfrom_to_mysql.py took 0.332 seconds
[2026-05-27T05:11:44.810+0000] {processor.py:161} INFO - Started process (PID=31130) to work on /opt/airflow/dags/transfrom_to_mysql.py
[2026-05-27T05:11:44.811+0000] {processor.py:830} INFO - Processing file /opt/airflow/dags/transfrom_to_mysql.py for tasks to queue
[2026-05-27T05:11:44.813+0000] {logging_mixin.py:188} INFO - [2026-05-27T05:11:44.813+0000] {dagbag.py:545} INFO - Filling up the DagBag from /opt/airflow/dags/transfrom_to_mysql.py
[2026-05-27T05:11:45.066+0000] {processor.py:842} WARNING - No viable dags retrieved from /opt/airflow/dags/transfrom_to_mysql.py
[2026-05-27T05:11:45.082+0000] {processor.py:183} INFO - Processing /opt/airflow/dags/transfrom_to_mysql.py took 0.277 seconds
[2026-05-27T05:12:15.418+0000] {processor.py:161} INFO - Started process (PID=31256) to work on /opt/airflow/dags/transfrom_to_mysql.py
[2026-05-27T05:12:15.419+0000] {processor.py:830} INFO - Processing file /opt/airflow/dags/transfrom_to_mysql.py for tasks to queue
[2026-05-27T05:12:15.421+0000] {logging_mixin.py:188} INFO - [2026-05-27T05:12:15.420+0000] {dagbag.py:545} INFO - Filling up the DagBag from /opt/airflow/dags/transfrom_to_mysql.py
[2026-05-27T05:12:15.669+0000] {processor.py:842} WARNING - No viable dags retrieved from /opt/airflow/dags/transfrom_to_mysql.py
[2026-05-27T05:12:15.685+0000] {processor.py:183} INFO - Processing /opt/airflow/dags/transfrom_to_mysql.py took 0.272 seconds
[2026-05-27T05:12:46.011+0000] {processor.py:161} INFO - Started process (PID=31345) to work on /opt/airflow/dags/transfrom_to_mysql.py
[2026-05-27T05:12:46.012+0000] {processor.py:830} INFO - Processing file /opt/airflow/dags/transfrom_to_mysql.py for tasks to queue
[2026-05-27T05:12:46.014+0000] {logging_mixin.py:188} INFO - [2026-05-27T05:12:46.014+0000] {dagbag.py:545} INFO - Filling up the DagBag from /opt/airflow/dags/transfrom_to_mysql.py
[2026-05-27T05:12:46.270+0000] {processor.py:842} WARNING - No viable dags retrieved from /opt/airflow/dags/transfrom_to_mysql.py
[2026-05-27T05:12:46.287+0000] {processor.py:183} INFO - Processing /opt/airflow/dags/transfrom_to_mysql.py took 0.281 seconds
[2026-05-27T05:13:16.553+0000] {processor.py:161} INFO - Started process (PID=31386) to work on /opt/airflow/dags/transfrom_to_mysql.py
[2026-05-27T05:13:16.554+0000] {processor.py:830} INFO - Processing file /opt/airflow/dags/transfrom_to_mysql.py for tasks to queue
[2026-05-27T05:13:16.555+0000] {logging_mixin.py:188} INFO - [2026-05-27T05:13:16.555+0000] {dagbag.py:545} INFO - Filling up the DagBag from /opt/airflow/dags/transfrom_to_mysql.py
[2026-05-27T05:13:16.790+0000] {processor.py:842} WARNING - No viable dags retrieved from /opt/airflow/dags/transfrom_to_mysql.py
[2026-05-27T05:13:16.810+0000] {processor.py:183} INFO - Processing /opt/airflow/dags/transfrom_to_mysql.py took 0.262 seconds
[2026-05-27T05:13:47.016+0000] {processor.py:161} INFO - Started process (PID=31506) to work on /opt/airflow/dags/transfrom_to_mysql.py
[2026-05-27T05:13:47.017+0000] {processor.py:830} INFO - Processing file /opt/airflow/dags/transfrom_to_mysql.py for tasks to queue
[2026-05-27T05:13:47.019+0000] {logging_mixin.py:188} INFO - [2026-05-27T05:13:47.018+0000] {dagbag.py:545} INFO - Filling up the DagBag from /opt/airflow/dags/transfrom_to_mysql.py
[2026-05-27T05:13:47.274+0000] {processor.py:842} WARNING - No viable dags retrieved from /opt/airflow/dags/transfrom_to_mysql.py
[2026-05-27T05:13:47.290+0000] {processor.py:183} INFO - Processing /opt/airflow/dags/transfrom_to_mysql.py took 0.280 seconds
[2026-05-27T05:14:17.629+0000] {processor.py:161} INFO - Started process (PID=31606) to work on /opt/airflow/dags/transfrom_to_mysql.py
[2026-05-27T05:14:17.631+0000] {processor.py:830} INFO - Processing file /opt/airflow/dags/transfrom_to_mysql.py for tasks to queue
[2026-05-27T05:14:17.635+0000] {logging_mixin.py:188} INFO - [2026-05-27T05:14:17.634+0000] {dagbag.py:545} INFO - Filling up the DagBag from /opt/airflow/dags/transfrom_to_mysql.py
[2026-05-27T05:14:18.090+0000] {processor.py:842} WARNING - No viable dags retrieved from /opt/airflow/dags/transfrom_to_mysql.py
[2026-05-27T05:14:18.120+0000] {processor.py:183} INFO - Processing /opt/airflow/dags/transfrom_to_mysql.py took 0.506 seconds
[2026-05-27T05:14:48.820+0000] {processor.py:161} INFO - Started process (PID=31635) to work on /opt/airflow/dags/transfrom_to_mysql.py
[2026-05-27T05:14:48.821+0000] {processor.py:830} INFO - Processing file /opt/airflow/dags/transfrom_to_mysql.py for tasks to queue
[2026-05-27T05:14:48.823+0000] {logging_mixin.py:188} INFO - [2026-05-27T05:14:48.823+0000] {dagbag.py:545} INFO - Filling up the DagBag from /opt/airflow/dags/transfrom_to_mysql.py
[2026-05-27T05:14:49.088+0000] {processor.py:842} WARNING - No viable dags retrieved from /opt/airflow/dags/transfrom_to_mysql.py
[2026-05-27T05:14:49.104+0000] {processor.py:183} INFO - Processing /opt/airflow/dags/transfrom_to_mysql.py took 0.289 seconds
[2026-05-27T05:15:19.400+0000] {processor.py:161} INFO - Started process (PID=31769) to work on /opt/airflow/dags/transfrom_to_mysql.py
[2026-05-27T05:15:19.401+0000] {processor.py:830} INFO - Processing file /opt/airflow/dags/transfrom_to_mysql.py for tasks to queue
[2026-05-27T05:15:19.403+0000] {logging_mixin.py:188} INFO - [2026-05-27T05:15:19.402+0000] {dagbag.py:545} INFO - Filling up the DagBag from /opt/airflow/dags/transfrom_to_mysql.py
[2026-05-27T05:15:19.668+0000] {processor.py:842} WARNING - No viable dags retrieved from /opt/airflow/dags/transfrom_to_mysql.py
[2026-05-27T05:15:19.687+0000] {processor.py:183} INFO - Processing /opt/airflow/dags/transfrom_to_mysql.py took 0.294 seconds
[2026-05-27T05:15:50.268+0000] {processor.py:161} INFO - Started process (PID=31785) to work on /opt/airflow/dags/transfrom_to_mysql.py
[2026-05-27T05:15:50.269+0000] {processor.py:830} INFO - Processing file /opt/airflow/dags/transfrom_to_mysql.py for tasks to queue
[2026-05-27T05:15:50.271+0000] {logging_mixin.py:188} INFO - [2026-05-27T05:15:50.271+0000] {dagbag.py:545} INFO - Filling up the DagBag from /opt/airflow/dags/transfrom_to_mysql.py
[2026-05-27T05:15:50.543+0000] {processor.py:842} WARNING - No viable dags retrieved from /opt/airflow/dags/transfrom_to_mysql.py
[2026-05-27T05:15:50.563+0000] {processor.py:183} INFO - Processing /opt/airflow/dags/transfrom_to_mysql.py took 0.302 seconds
[2026-05-27T05:16:21.084+0000] {processor.py:161} INFO - Started process (PID=31899) to work on /opt/airflow/dags/transfrom_to_mysql.py
[2026-05-27T05:16:21.085+0000] {processor.py:830} INFO - Processing file /opt/airflow/dags/transfrom_to_mysql.py for tasks to queue
[2026-05-27T05:16:21.089+0000] {logging_mixin.py:188} INFO - [2026-05-27T05:16:21.088+0000] {dagbag.py:545} INFO - Filling up the DagBag from /opt/airflow/dags/transfrom_to_mysql.py
[2026-05-27T05:16:21.416+0000] {processor.py:842} WARNING - No viable dags retrieved from /opt/airflow/dags/transfrom_to_mysql.py
[2026-05-27T05:16:21.435+0000] {processor.py:183} INFO - Processing /opt/airflow/dags/transfrom_to_mysql.py took 0.360 seconds
[2026-05-27T05:16:51.811+0000] {processor.py:161} INFO - Started process (PID=32017) to work on /opt/airflow/dags/transfrom_to_mysql.py
[2026-05-27T05:16:51.812+0000] {processor.py:830} INFO - Processing file /opt/airflow/dags/transfrom_to_mysql.py for tasks to queue
[2026-05-27T05:16:51.814+0000] {logging_mixin.py:188} INFO - [2026-05-27T05:16:51.814+0000] {dagbag.py:545} INFO - Filling up the DagBag from /opt/airflow/dags/transfrom_to_mysql.py
[2026-05-27T05:16:52.056+0000] {processor.py:842} WARNING - No viable dags retrieved from /opt/airflow/dags/transfrom_to_mysql.py
[2026-05-27T05:16:52.073+0000] {processor.py:183} INFO - Processing /opt/airflow/dags/transfrom_to_mysql.py took 0.268 seconds
[2026-05-27T05:17:22.412+0000] {processor.py:161} INFO - Started process (PID=32108) to work on /opt/airflow/dags/transfrom_to_mysql.py
[2026-05-27T05:17:22.413+0000] {processor.py:830} INFO - Processing file /opt/airflow/dags/transfrom_to_mysql.py for tasks to queue
[2026-05-27T05:17:22.415+0000] {logging_mixin.py:188} INFO - [2026-05-27T05:17:22.415+0000] {dagbag.py:545} INFO - Filling up the DagBag from /opt/airflow/dags/transfrom_to_mysql.py
[2026-05-27T05:17:22.754+0000] {processor.py:842} WARNING - No viable dags retrieved from /opt/airflow/dags/transfrom_to_mysql.py
[2026-05-27T05:17:22.778+0000] {processor.py:183} INFO - Processing /opt/airflow/dags/transfrom_to_mysql.py took 0.373 seconds
[2026-05-27T05:17:52.944+0000] {processor.py:161} INFO - Started process (PID=32150) to work on /opt/airflow/dags/transfrom_to_mysql.py
[2026-05-27T05:17:52.946+0000] {processor.py:830} INFO - Processing file /opt/airflow/dags/transfrom_to_mysql.py for tasks to queue
[2026-05-27T05:17:52.948+0000] {logging_mixin.py:188} INFO - [2026-05-27T05:17:52.948+0000] {dagbag.py:545} INFO - Filling up the DagBag from /opt/airflow/dags/transfrom_to_mysql.py
[2026-05-27T05:17:53.197+0000] {processor.py:842} WARNING - No viable dags retrieved from /opt/airflow/dags/transfrom_to_mysql.py
[2026-05-27T05:17:53.215+0000] {processor.py:183} INFO - Processing /opt/airflow/dags/transfrom_to_mysql.py took 0.278 seconds
[2026-05-27T05:18:23.992+0000] {processor.py:161} INFO - Started process (PID=32274) to work on /opt/airflow/dags/transfrom_to_mysql.py
[2026-05-27T05:18:23.993+0000] {processor.py:830} INFO - Processing file /opt/airflow/dags/transfrom_to_mysql.py for tasks to queue
[2026-05-27T05:18:23.995+0000] {logging_mixin.py:188} INFO - [2026-05-27T05:18:23.995+0000] {dagbag.py:545} INFO - Filling up the DagBag from /opt/airflow/dags/transfrom_to_mysql.py
[2026-05-27T05:18:24.153+0000] {processor.py:842} WARNING - No viable dags retrieved from /opt/airflow/dags/transfrom_to_mysql.py
[2026-05-27T05:18:24.174+0000] {processor.py:183} INFO - Processing /opt/airflow/dags/transfrom_to_mysql.py took 0.191 seconds
[2026-05-27T05:18:54.521+0000] {processor.py:161} INFO - Started process (PID=32287) to work on /opt/airflow/dags/transfrom_to_mysql.py
[2026-05-27T05:18:54.523+0000] {processor.py:830} INFO - Processing file /opt/airflow/dags/transfrom_to_mysql.py for tasks to queue
[2026-05-27T05:18:54.525+0000] {logging_mixin.py:188} INFO - [2026-05-27T05:18:54.524+0000] {dagbag.py:545} INFO - Filling up the DagBag from /opt/airflow/dags/transfrom_to_mysql.py
[2026-05-27T05:18:54.689+0000] {processor.py:842} WARNING - No viable dags retrieved from /opt/airflow/dags/transfrom_to_mysql.py
[2026-05-27T05:18:54.713+0000] {processor.py:183} INFO - Processing /opt/airflow/dags/transfrom_to_mysql.py took 0.200 seconds
[2026-05-27T05:19:25.104+0000] {processor.py:161} INFO - Started process (PID=32415) to work on /opt/airflow/dags/transfrom_to_mysql.py
[2026-05-27T05:19:25.106+0000] {processor.py:830} INFO - Processing file /opt/airflow/dags/transfrom_to_mysql.py for tasks to queue
[2026-05-27T05:19:25.109+0000] {logging_mixin.py:188} INFO - [2026-05-27T05:19:25.108+0000] {dagbag.py:545} INFO - Filling up the DagBag from /opt/airflow/dags/transfrom_to_mysql.py
[2026-05-27T05:19:25.362+0000] {processor.py:842} WARNING - No viable dags retrieved from /opt/airflow/dags/transfrom_to_mysql.py
[2026-05-27T05:19:25.388+0000] {processor.py:183} INFO - Processing /opt/airflow/dags/transfrom_to_mysql.py took 0.294 seconds
[2026-05-27T05:19:55.793+0000] {processor.py:161} INFO - Started process (PID=32428) to work on /opt/airflow/dags/transfrom_to_mysql.py
[2026-05-27T05:19:55.796+0000] {processor.py:830} INFO - Processing file /opt/airflow/dags/transfrom_to_mysql.py for tasks to queue
[2026-05-27T05:19:55.798+0000] {logging_mixin.py:188} INFO - [2026-05-27T05:19:55.798+0000] {dagbag.py:545} INFO - Filling up the DagBag from /opt/airflow/dags/transfrom_to_mysql.py
[2026-05-27T05:19:55.978+0000] {processor.py:842} WARNING - No viable dags retrieved from /opt/airflow/dags/transfrom_to_mysql.py
[2026-05-27T05:19:56.001+0000] {processor.py:183} INFO - Processing /opt/airflow/dags/transfrom_to_mysql.py took 0.217 seconds
[2026-05-27T05:20:26.493+0000] {processor.py:161} INFO - Started process (PID=32539) to work on /opt/airflow/dags/transfrom_to_mysql.py
[2026-05-27T05:20:26.494+0000] {processor.py:830} INFO - Processing file /opt/airflow/dags/transfrom_to_mysql.py for tasks to queue
[2026-05-27T05:20:26.496+0000] {logging_mixin.py:188} INFO - [2026-05-27T05:20:26.496+0000] {dagbag.py:545} INFO - Filling up the DagBag from /opt/airflow/dags/transfrom_to_mysql.py
[2026-05-27T05:20:26.656+0000] {processor.py:842} WARNING - No viable dags retrieved from /opt/airflow/dags/transfrom_to_mysql.py
[2026-05-27T05:20:26.679+0000] {processor.py:183} INFO - Processing /opt/airflow/dags/transfrom_to_mysql.py took 0.194 seconds
[2026-05-27T05:20:57.035+0000] {processor.py:161} INFO - Started process (PID=32665) to work on /opt/airflow/dags/transfrom_to_mysql.py
[2026-05-27T05:20:57.035+0000] {processor.py:830} INFO - Processing file /opt/airflow/dags/transfrom_to_mysql.py for tasks to queue
[2026-05-27T05:20:57.037+0000] {logging_mixin.py:188} INFO - [2026-05-27T05:20:57.037+0000] {dagbag.py:545} INFO - Filling up the DagBag from /opt/airflow/dags/transfrom_to_mysql.py
[2026-05-27T05:20:57.232+0000] {processor.py:842} WARNING - No viable dags retrieved from /opt/airflow/dags/transfrom_to_mysql.py
[2026-05-27T05:20:57.265+0000] {processor.py:183} INFO - Processing /opt/airflow/dags/transfrom_to_mysql.py took 0.236 seconds
[2026-05-27T05:21:27.974+0000] {processor.py:161} INFO - Started process (PID=32678) to work on /opt/airflow/dags/transfrom_to_mysql.py
[2026-05-27T05:21:27.975+0000] {processor.py:830} INFO - Processing file /opt/airflow/dags/transfrom_to_mysql.py for tasks to queue
[2026-05-27T05:21:27.977+0000] {logging_mixin.py:188} INFO - [2026-05-27T05:21:27.977+0000] {dagbag.py:545} INFO - Filling up the DagBag from /opt/airflow/dags/transfrom_to_mysql.py
[2026-05-27T05:21:28.128+0000] {processor.py:842} WARNING - No viable dags retrieved from /opt/airflow/dags/transfrom_to_mysql.py
[2026-05-27T05:21:28.150+0000] {processor.py:183} INFO - Processing /opt/airflow/dags/transfrom_to_mysql.py took 0.184 seconds
[2026-05-27T05:21:58.594+0000] {processor.py:161} INFO - Started process (PID=32785) to work on /opt/airflow/dags/transfrom_to_mysql.py
[2026-05-27T05:21:58.595+0000] {processor.py:830} INFO - Processing file /opt/airflow/dags/transfrom_to_mysql.py for tasks to queue
[2026-05-27T05:21:58.597+0000] {logging_mixin.py:188} INFO - [2026-05-27T05:21:58.596+0000] {dagbag.py:545} INFO - Filling up the DagBag from /opt/airflow/dags/transfrom_to_mysql.py
[2026-05-27T05:21:58.738+0000] {processor.py:842} WARNING - No viable dags retrieved from /opt/airflow/dags/transfrom_to_mysql.py
[2026-05-27T05:21:58.762+0000] {processor.py:183} INFO - Processing /opt/airflow/dags/transfrom_to_mysql.py took 0.175 seconds
[2026-05-27T05:22:29.062+0000] {processor.py:161} INFO - Started process (PID=32878) to work on /opt/airflow/dags/transfrom_to_mysql.py
[2026-05-27T05:22:29.063+0000] {processor.py:830} INFO - Processing file /opt/airflow/dags/transfrom_to_mysql.py for tasks to queue
[2026-05-27T05:22:29.065+0000] {logging_mixin.py:188} INFO - [2026-05-27T05:22:29.065+0000] {dagbag.py:545} INFO - Filling up the DagBag from /opt/airflow/dags/transfrom_to_mysql.py
[2026-05-27T05:22:29.248+0000] {processor.py:842} WARNING - No viable dags retrieved from /opt/airflow/dags/transfrom_to_mysql.py
[2026-05-27T05:22:29.273+0000] {processor.py:183} INFO - Processing /opt/airflow/dags/transfrom_to_mysql.py took 0.220 seconds
[2026-05-27T05:23:00.153+0000] {processor.py:161} INFO - Started process (PID=32918) to work on /opt/airflow/dags/transfrom_to_mysql.py
[2026-05-27T05:23:00.155+0000] {processor.py:830} INFO - Processing file /opt/airflow/dags/transfrom_to_mysql.py for tasks to queue
[2026-05-27T05:23:00.157+0000] {logging_mixin.py:188} INFO - [2026-05-27T05:23:00.157+0000] {dagbag.py:545} INFO - Filling up the DagBag from /opt/airflow/dags/transfrom_to_mysql.py
[2026-05-27T05:23:00.320+0000] {processor.py:842} WARNING - No viable dags retrieved from /opt/airflow/dags/transfrom_to_mysql.py
[2026-05-27T05:23:00.341+0000] {processor.py:183} INFO - Processing /opt/airflow/dags/transfrom_to_mysql.py took 0.197 seconds
[2026-05-27T05:23:30.419+0000] {processor.py:161} INFO - Started process (PID=33040) to work on /opt/airflow/dags/transfrom_to_mysql.py
[2026-05-27T05:23:30.420+0000] {processor.py:830} INFO - Processing file /opt/airflow/dags/transfrom_to_mysql.py for tasks to queue
[2026-05-27T05:23:30.422+0000] {logging_mixin.py:188} INFO - [2026-05-27T05:23:30.422+0000] {dagbag.py:545} INFO - Filling up the DagBag from /opt/airflow/dags/transfrom_to_mysql.py
[2026-05-27T05:23:30.595+0000] {processor.py:842} WARNING - No viable dags retrieved from /opt/airflow/dags/transfrom_to_mysql.py
[2026-05-27T05:23:30.616+0000] {processor.py:183} INFO - Processing /opt/airflow/dags/transfrom_to_mysql.py took 0.205 seconds
[2026-05-27T05:24:00.993+0000] {processor.py:161} INFO - Started process (PID=33154) to work on /opt/airflow/dags/transfrom_to_mysql.py
[2026-05-27T05:24:00.995+0000] {processor.py:830} INFO - Processing file /opt/airflow/dags/transfrom_to_mysql.py for tasks to queue
[2026-05-27T05:24:00.999+0000] {logging_mixin.py:188} INFO - [2026-05-27T05:24:00.998+0000] {dagbag.py:545} INFO - Filling up the DagBag from /opt/airflow/dags/transfrom_to_mysql.py
[2026-05-27T05:24:01.365+0000] {processor.py:842} WARNING - No viable dags retrieved from /opt/airflow/dags/transfrom_to_mysql.py
[2026-05-27T05:24:01.404+0000] {processor.py:183} INFO - Processing /opt/airflow/dags/transfrom_to_mysql.py took 0.430 seconds
[2026-05-27T05:24:31.925+0000] {processor.py:161} INFO - Started process (PID=33168) to work on /opt/airflow/dags/transfrom_to_mysql.py
[2026-05-27T05:24:31.927+0000] {processor.py:830} INFO - Processing file /opt/airflow/dags/transfrom_to_mysql.py for tasks to queue
[2026-05-27T05:24:31.929+0000] {logging_mixin.py:188} INFO - [2026-05-27T05:24:31.929+0000] {dagbag.py:545} INFO - Filling up the DagBag from /opt/airflow/dags/transfrom_to_mysql.py
[2026-05-27T05:24:32.087+0000] {processor.py:842} WARNING - No viable dags retrieved from /opt/airflow/dags/transfrom_to_mysql.py
[2026-05-27T05:24:32.112+0000] {processor.py:183} INFO - Processing /opt/airflow/dags/transfrom_to_mysql.py took 0.195 seconds
[2026-05-27T05:25:02.456+0000] {processor.py:161} INFO - Started process (PID=33286) to work on /opt/airflow/dags/transfrom_to_mysql.py
[2026-05-27T05:25:02.457+0000] {processor.py:830} INFO - Processing file /opt/airflow/dags/transfrom_to_mysql.py for tasks to queue
[2026-05-27T05:25:02.459+0000] {logging_mixin.py:188} INFO - [2026-05-27T05:25:02.459+0000] {dagbag.py:545} INFO - Filling up the DagBag from /opt/airflow/dags/transfrom_to_mysql.py
[2026-05-27T05:25:02.631+0000] {processor.py:842} WARNING - No viable dags retrieved from /opt/airflow/dags/transfrom_to_mysql.py
[2026-05-27T05:25:02.652+0000] {processor.py:183} INFO - Processing /opt/airflow/dags/transfrom_to_mysql.py took 0.204 seconds
[2026-05-27T05:25:33.022+0000] {processor.py:161} INFO - Started process (PID=33416) to work on /opt/airflow/dags/transfrom_to_mysql.py
[2026-05-27T05:25:33.023+0000] {processor.py:830} INFO - Processing file /opt/airflow/dags/transfrom_to_mysql.py for tasks to queue
[2026-05-27T05:25:33.025+0000] {logging_mixin.py:188} INFO - [2026-05-27T05:25:33.025+0000] {dagbag.py:545} INFO - Filling up the DagBag from /opt/airflow/dags/transfrom_to_mysql.py
[2026-05-27T05:25:33.226+0000] {processor.py:842} WARNING - No viable dags retrieved from /opt/airflow/dags/transfrom_to_mysql.py
[2026-05-27T05:25:33.251+0000] {processor.py:183} INFO - Processing /opt/airflow/dags/transfrom_to_mysql.py took 0.236 seconds
[2026-05-27T05:26:04.024+0000] {processor.py:161} INFO - Started process (PID=33442) to work on /opt/airflow/dags/transfrom_to_mysql.py
[2026-05-27T05:26:04.058+0000] {processor.py:830} INFO - Processing file /opt/airflow/dags/transfrom_to_mysql.py for tasks to queue
[2026-05-27T05:26:04.126+0000] {logging_mixin.py:188} INFO - [2026-05-27T05:26:04.122+0000] {dagbag.py:545} INFO - Filling up the DagBag from /opt/airflow/dags/transfrom_to_mysql.py
[2026-05-27T05:26:05.729+0000] {processor.py:842} WARNING - No viable dags retrieved from /opt/airflow/dags/transfrom_to_mysql.py
[2026-05-27T05:26:05.825+0000] {processor.py:183} INFO - Processing /opt/airflow/dags/transfrom_to_mysql.py took 2.066 seconds
[2026-05-27T05:26:36.314+0000] {processor.py:161} INFO - Started process (PID=33545) to work on /opt/airflow/dags/transfrom_to_mysql.py
[2026-05-27T05:26:36.315+0000] {processor.py:830} INFO - Processing file /opt/airflow/dags/transfrom_to_mysql.py for tasks to queue
[2026-05-27T05:26:36.318+0000] {logging_mixin.py:188} INFO - [2026-05-27T05:26:36.318+0000] {dagbag.py:545} INFO - Filling up the DagBag from /opt/airflow/dags/transfrom_to_mysql.py
[2026-05-27T05:26:36.523+0000] {processor.py:842} WARNING - No viable dags retrieved from /opt/airflow/dags/transfrom_to_mysql.py
[2026-05-27T05:26:36.555+0000] {processor.py:183} INFO - Processing /opt/airflow/dags/transfrom_to_mysql.py took 0.250 seconds
[2026-05-27T05:27:06.923+0000] {processor.py:161} INFO - Started process (PID=33644) to work on /opt/airflow/dags/transfrom_to_mysql.py
[2026-05-27T05:27:06.925+0000] {processor.py:830} INFO - Processing file /opt/airflow/dags/transfrom_to_mysql.py for tasks to queue
[2026-05-27T05:27:06.930+0000] {logging_mixin.py:188} INFO - [2026-05-27T05:27:06.929+0000] {dagbag.py:545} INFO - Filling up the DagBag from /opt/airflow/dags/transfrom_to_mysql.py
[2026-05-27T05:27:07.224+0000] {processor.py:842} WARNING - No viable dags retrieved from /opt/airflow/dags/transfrom_to_mysql.py
[2026-05-27T05:27:07.252+0000] {processor.py:183} INFO - Processing /opt/airflow/dags/transfrom_to_mysql.py took 0.345 seconds
[2026-05-27T05:27:37.555+0000] {processor.py:161} INFO - Started process (PID=33675) to work on /opt/airflow/dags/transfrom_to_mysql.py
[2026-05-27T05:27:37.556+0000] {processor.py:830} INFO - Processing file /opt/airflow/dags/transfrom_to_mysql.py for tasks to queue
[2026-05-27T05:27:37.558+0000] {logging_mixin.py:188} INFO - [2026-05-27T05:27:37.558+0000] {dagbag.py:545} INFO - Filling up the DagBag from /opt/airflow/dags/transfrom_to_mysql.py
[2026-05-27T05:27:37.773+0000] {processor.py:842} WARNING - No viable dags retrieved from /opt/airflow/dags/transfrom_to_mysql.py
[2026-05-27T05:27:37.797+0000] {processor.py:183} INFO - Processing /opt/airflow/dags/transfrom_to_mysql.py took 0.250 seconds
[2026-05-27T05:28:08.539+0000] {processor.py:161} INFO - Started process (PID=33799) to work on /opt/airflow/dags/transfrom_to_mysql.py
[2026-05-27T05:28:08.539+0000] {processor.py:830} INFO - Processing file /opt/airflow/dags/transfrom_to_mysql.py for tasks to queue
[2026-05-27T05:28:08.541+0000] {logging_mixin.py:188} INFO - [2026-05-27T05:28:08.541+0000] {dagbag.py:545} INFO - Filling up the DagBag from /opt/airflow/dags/transfrom_to_mysql.py
[2026-05-27T05:28:08.685+0000] {processor.py:842} WARNING - No viable dags retrieved from /opt/airflow/dags/transfrom_to_mysql.py
[2026-05-27T05:28:08.708+0000] {processor.py:183} INFO - Processing /opt/airflow/dags/transfrom_to_mysql.py took 0.175 seconds
[2026-05-27T05:28:38.780+0000] {processor.py:161} INFO - Started process (PID=33918) to work on /opt/airflow/dags/transfrom_to_mysql.py
[2026-05-27T05:28:38.781+0000] {processor.py:830} INFO - Processing file /opt/airflow/dags/transfrom_to_mysql.py for tasks to queue
[2026-05-27T05:28:38.783+0000] {logging_mixin.py:188} INFO - [2026-05-27T05:28:38.782+0000] {dagbag.py:545} INFO - Filling up the DagBag from /opt/airflow/dags/transfrom_to_mysql.py
[2026-05-27T05:28:38.942+0000] {processor.py:842} WARNING - No viable dags retrieved from /opt/airflow/dags/transfrom_to_mysql.py
[2026-05-27T05:28:38.965+0000] {processor.py:183} INFO - Processing /opt/airflow/dags/transfrom_to_mysql.py took 0.191 seconds
[2026-05-27T05:29:09.379+0000] {processor.py:161} INFO - Started process (PID=34006) to work on /opt/airflow/dags/transfrom_to_mysql.py
[2026-05-27T05:29:09.380+0000] {processor.py:830} INFO - Processing file /opt/airflow/dags/transfrom_to_mysql.py for tasks to queue
[2026-05-27T05:29:09.382+0000] {logging_mixin.py:188} INFO - [2026-05-27T05:29:09.382+0000] {dagbag.py:545} INFO - Filling up the DagBag from /opt/airflow/dags/transfrom_to_mysql.py
[2026-05-27T05:29:09.553+0000] {processor.py:842} WARNING - No viable dags retrieved from /opt/airflow/dags/transfrom_to_mysql.py
[2026-05-27T05:29:09.579+0000] {processor.py:183} INFO - Processing /opt/airflow/dags/transfrom_to_mysql.py took 0.205 seconds
[2026-05-27T05:29:40.405+0000] {processor.py:161} INFO - Started process (PID=34047) to work on /opt/airflow/dags/transfrom_to_mysql.py
[2026-05-27T05:29:40.406+0000] {processor.py:830} INFO - Processing file /opt/airflow/dags/transfrom_to_mysql.py for tasks to queue
[2026-05-27T05:29:40.408+0000] {logging_mixin.py:188} INFO - [2026-05-27T05:29:40.408+0000] {dagbag.py:545} INFO - Filling up the DagBag from /opt/airflow/dags/transfrom_to_mysql.py
[2026-05-27T05:29:40.581+0000] {processor.py:842} WARNING - No viable dags retrieved from /opt/airflow/dags/transfrom_to_mysql.py
[2026-05-27T05:29:40.603+0000] {processor.py:183} INFO - Processing /opt/airflow/dags/transfrom_to_mysql.py took 0.205 seconds
[2026-05-27T05:30:10.934+0000] {processor.py:161} INFO - Started process (PID=34167) to work on /opt/airflow/dags/transfrom_to_mysql.py
[2026-05-27T05:30:10.936+0000] {processor.py:830} INFO - Processing file /opt/airflow/dags/transfrom_to_mysql.py for tasks to queue
[2026-05-27T05:30:10.939+0000] {logging_mixin.py:188} INFO - [2026-05-27T05:30:10.938+0000] {dagbag.py:545} INFO - Filling up the DagBag from /opt/airflow/dags/transfrom_to_mysql.py
[2026-05-27T05:30:11.199+0000] {processor.py:842} WARNING - No viable dags retrieved from /opt/airflow/dags/transfrom_to_mysql.py
[2026-05-27T05:30:11.233+0000] {processor.py:183} INFO - Processing /opt/airflow/dags/transfrom_to_mysql.py took 0.309 seconds
[2026-05-27T05:30:41.668+0000] {processor.py:161} INFO - Started process (PID=34291) to work on /opt/airflow/dags/transfrom_to_mysql.py
[2026-05-27T05:30:41.669+0000] {processor.py:830} INFO - Processing file /opt/airflow/dags/transfrom_to_mysql.py for tasks to queue
[2026-05-27T05:30:41.671+0000] {logging_mixin.py:188} INFO - [2026-05-27T05:30:41.671+0000] {dagbag.py:545} INFO - Filling up the DagBag from /opt/airflow/dags/transfrom_to_mysql.py
[2026-05-27T05:30:41.811+0000] {processor.py:842} WARNING - No viable dags retrieved from /opt/airflow/dags/transfrom_to_mysql.py
[2026-05-27T05:30:41.831+0000] {processor.py:183} INFO - Processing /opt/airflow/dags/transfrom_to_mysql.py took 0.169 seconds
[2026-05-27T05:31:12.245+0000] {processor.py:161} INFO - Started process (PID=34385) to work on /opt/airflow/dags/transfrom_to_mysql.py
[2026-05-27T05:31:12.247+0000] {processor.py:830} INFO - Processing file /opt/airflow/dags/transfrom_to_mysql.py for tasks to queue
[2026-05-27T05:31:12.249+0000] {logging_mixin.py:188} INFO - [2026-05-27T05:31:12.249+0000] {dagbag.py:545} INFO - Filling up the DagBag from /opt/airflow/dags/transfrom_to_mysql.py
[2026-05-27T05:31:12.464+0000] {processor.py:842} WARNING - No viable dags retrieved from /opt/airflow/dags/transfrom_to_mysql.py
[2026-05-27T05:31:12.489+0000] {processor.py:183} INFO - Processing /opt/airflow/dags/transfrom_to_mysql.py took 0.253 seconds
[2026-05-27T05:31:43.006+0000] {processor.py:161} INFO - Started process (PID=34421) to work on /opt/airflow/dags/transfrom_to_mysql.py
[2026-05-27T05:31:43.008+0000] {processor.py:830} INFO - Processing file /opt/airflow/dags/transfrom_to_mysql.py for tasks to queue
[2026-05-27T05:31:43.010+0000] {logging_mixin.py:188} INFO - [2026-05-27T05:31:43.010+0000] {dagbag.py:545} INFO - Filling up the DagBag from /opt/airflow/dags/transfrom_to_mysql.py
[2026-05-27T05:31:43.187+0000] {processor.py:842} WARNING - No viable dags retrieved from /opt/airflow/dags/transfrom_to_mysql.py
[2026-05-27T05:31:43.209+0000] {processor.py:183} INFO - Processing /opt/airflow/dags/transfrom_to_mysql.py took 0.212 seconds
[2026-05-27T05:32:13.603+0000] {processor.py:161} INFO - Started process (PID=34540) to work on /opt/airflow/dags/transfrom_to_mysql.py
[2026-05-27T05:32:13.604+0000] {processor.py:830} INFO - Processing file /opt/airflow/dags/transfrom_to_mysql.py for tasks to queue
[2026-05-27T05:32:13.606+0000] {logging_mixin.py:188} INFO - [2026-05-27T05:32:13.606+0000] {dagbag.py:545} INFO - Filling up the DagBag from /opt/airflow/dags/transfrom_to_mysql.py
[2026-05-27T05:32:13.739+0000] {processor.py:842} WARNING - No viable dags retrieved from /opt/airflow/dags/transfrom_to_mysql.py
[2026-05-27T05:32:13.758+0000] {processor.py:183} INFO - Processing /opt/airflow/dags/transfrom_to_mysql.py took 0.161 seconds
[2026-05-27T05:32:44.870+0000] {processor.py:161} INFO - Started process (PID=34655) to work on /opt/airflow/dags/transfrom_to_mysql.py
[2026-05-27T05:32:44.879+0000] {processor.py:830} INFO - Processing file /opt/airflow/dags/transfrom_to_mysql.py for tasks to queue
[2026-05-27T05:32:44.908+0000] {logging_mixin.py:188} INFO - [2026-05-27T05:32:44.905+0000] {dagbag.py:545} INFO - Filling up the DagBag from /opt/airflow/dags/transfrom_to_mysql.py
[2026-05-27T05:32:46.544+0000] {processor.py:842} WARNING - No viable dags retrieved from /opt/airflow/dags/transfrom_to_mysql.py
[2026-05-27T05:32:47.207+0000] {processor.py:183} INFO - Processing /opt/airflow/dags/transfrom_to_mysql.py took 2.413 seconds
[2026-05-27T05:33:17.726+0000] {processor.py:161} INFO - Started process (PID=34669) to work on /opt/airflow/dags/transfrom_to_mysql.py
[2026-05-27T05:33:17.727+0000] {processor.py:830} INFO - Processing file /opt/airflow/dags/transfrom_to_mysql.py for tasks to queue
[2026-05-27T05:33:17.729+0000] {logging_mixin.py:188} INFO - [2026-05-27T05:33:17.729+0000] {dagbag.py:545} INFO - Filling up the DagBag from /opt/airflow/dags/transfrom_to_mysql.py
[2026-05-27T05:33:18.170+0000] {processor.py:842} WARNING - No viable dags retrieved from /opt/airflow/dags/transfrom_to_mysql.py
[2026-05-27T05:33:18.226+0000] {processor.py:183} INFO - Processing /opt/airflow/dags/transfrom_to_mysql.py took 0.552 seconds
[2026-05-27T05:33:48.557+0000] {processor.py:161} INFO - Started process (PID=34787) to work on /opt/airflow/dags/transfrom_to_mysql.py
[2026-05-27T05:33:48.559+0000] {processor.py:830} INFO - Processing file /opt/airflow/dags/transfrom_to_mysql.py for tasks to queue
[2026-05-27T05:33:48.562+0000] {logging_mixin.py:188} INFO - [2026-05-27T05:33:48.561+0000] {dagbag.py:545} INFO - Filling up the DagBag from /opt/airflow/dags/transfrom_to_mysql.py
[2026-05-27T05:33:48.780+0000] {processor.py:842} WARNING - No viable dags retrieved from /opt/airflow/dags/transfrom_to_mysql.py
[2026-05-27T05:33:48.810+0000] {processor.py:183} INFO - Processing /opt/airflow/dags/transfrom_to_mysql.py took 0.263 seconds
[2026-05-27T05:34:19.192+0000] {processor.py:161} INFO - Started process (PID=34910) to work on /opt/airflow/dags/transfrom_to_mysql.py
[2026-05-27T05:34:19.194+0000] {processor.py:830} INFO - Processing file /opt/airflow/dags/transfrom_to_mysql.py for tasks to queue
[2026-05-27T05:34:19.199+0000] {logging_mixin.py:188} INFO - [2026-05-27T05:34:19.198+0000] {dagbag.py:545} INFO - Filling up the DagBag from /opt/airflow/dags/transfrom_to_mysql.py
[2026-05-27T05:34:19.662+0000] {processor.py:842} WARNING - No viable dags retrieved from /opt/airflow/dags/transfrom_to_mysql.py
[2026-05-27T05:34:19.769+0000] {processor.py:183} INFO - Processing /opt/airflow/dags/transfrom_to_mysql.py took 0.593 seconds
[2026-05-27T05:34:50.320+0000] {processor.py:161} INFO - Started process (PID=34934) to work on /opt/airflow/dags/transfrom_to_mysql.py
[2026-05-27T05:34:50.322+0000] {processor.py:830} INFO - Processing file /opt/airflow/dags/transfrom_to_mysql.py for tasks to queue
[2026-05-27T05:34:50.326+0000] {logging_mixin.py:188} INFO - [2026-05-27T05:34:50.326+0000] {dagbag.py:545} INFO - Filling up the DagBag from /opt/airflow/dags/transfrom_to_mysql.py
[2026-05-27T05:34:50.542+0000] {processor.py:842} WARNING - No viable dags retrieved from /opt/airflow/dags/transfrom_to_mysql.py
[2026-05-27T05:34:50.566+0000] {processor.py:183} INFO - Processing /opt/airflow/dags/transfrom_to_mysql.py took 0.254 seconds
[2026-05-27T05:35:20.752+0000] {processor.py:161} INFO - Started process (PID=35054) to work on /opt/airflow/dags/transfrom_to_mysql.py
[2026-05-27T05:35:20.753+0000] {processor.py:830} INFO - Processing file /opt/airflow/dags/transfrom_to_mysql.py for tasks to queue
[2026-05-27T05:35:20.756+0000] {logging_mixin.py:188} INFO - [2026-05-27T05:35:20.756+0000] {dagbag.py:545} INFO - Filling up the DagBag from /opt/airflow/dags/transfrom_to_mysql.py
[2026-05-27T05:35:20.956+0000] {processor.py:842} WARNING - No viable dags retrieved from /opt/airflow/dags/transfrom_to_mysql.py
[2026-05-27T05:35:20.982+0000] {processor.py:183} INFO - Processing /opt/airflow/dags/transfrom_to_mysql.py took 0.242 seconds
[2026-05-27T05:35:51.404+0000] {processor.py:161} INFO - Started process (PID=35156) to work on /opt/airflow/dags/transfrom_to_mysql.py
[2026-05-27T05:35:51.407+0000] {processor.py:830} INFO - Processing file /opt/airflow/dags/transfrom_to_mysql.py for tasks to queue
[2026-05-27T05:35:51.410+0000] {logging_mixin.py:188} INFO - [2026-05-27T05:35:51.410+0000] {dagbag.py:545} INFO - Filling up the DagBag from /opt/airflow/dags/transfrom_to_mysql.py
[2026-05-27T05:35:51.713+0000] {processor.py:842} WARNING - No viable dags retrieved from /opt/airflow/dags/transfrom_to_mysql.py
[2026-05-27T05:35:51.739+0000] {processor.py:183} INFO - Processing /opt/airflow/dags/transfrom_to_mysql.py took 0.349 seconds
[2026-05-27T05:36:21.977+0000] {processor.py:161} INFO - Started process (PID=35211) to work on /opt/airflow/dags/transfrom_to_mysql.py
[2026-05-27T05:36:21.978+0000] {processor.py:830} INFO - Processing file /opt/airflow/dags/transfrom_to_mysql.py for tasks to queue
[2026-05-27T05:36:21.980+0000] {logging_mixin.py:188} INFO - [2026-05-27T05:36:21.980+0000] {dagbag.py:545} INFO - Filling up the DagBag from /opt/airflow/dags/transfrom_to_mysql.py
[2026-05-27T05:36:22.137+0000] {processor.py:842} WARNING - No viable dags retrieved from /opt/airflow/dags/transfrom_to_mysql.py
[2026-05-27T05:36:22.160+0000] {processor.py:183} INFO - Processing /opt/airflow/dags/transfrom_to_mysql.py took 0.190 seconds
[2026-05-27T05:36:52.544+0000] {processor.py:161} INFO - Started process (PID=35306) to work on /opt/airflow/dags/transfrom_to_mysql.py
[2026-05-27T05:36:52.545+0000] {processor.py:830} INFO - Processing file /opt/airflow/dags/transfrom_to_mysql.py for tasks to queue
[2026-05-27T05:36:52.547+0000] {logging_mixin.py:188} INFO - [2026-05-27T05:36:52.546+0000] {dagbag.py:545} INFO - Filling up the DagBag from /opt/airflow/dags/transfrom_to_mysql.py
[2026-05-27T05:36:52.713+0000] {processor.py:842} WARNING - No viable dags retrieved from /opt/airflow/dags/transfrom_to_mysql.py
[2026-05-27T05:36:52.734+0000] {processor.py:183} INFO - Processing /opt/airflow/dags/transfrom_to_mysql.py took 0.196 seconds
[2026-05-27T05:37:23.120+0000] {processor.py:161} INFO - Started process (PID=35346) to work on /opt/airflow/dags/transfrom_to_mysql.py
[2026-05-27T05:37:23.121+0000] {processor.py:830} INFO - Processing file /opt/airflow/dags/transfrom_to_mysql.py for tasks to queue
[2026-05-27T05:37:23.123+0000] {logging_mixin.py:188} INFO - [2026-05-27T05:37:23.122+0000] {dagbag.py:545} INFO - Filling up the DagBag from /opt/airflow/dags/transfrom_to_mysql.py
[2026-05-27T05:37:23.257+0000] {processor.py:842} WARNING - No viable dags retrieved from /opt/airflow/dags/transfrom_to_mysql.py
[2026-05-27T05:37:23.276+0000] {processor.py:183} INFO - Processing /opt/airflow/dags/transfrom_to_mysql.py took 0.162 seconds
[2026-05-27T05:37:53.647+0000] {processor.py:161} INFO - Started process (PID=35460) to work on /opt/airflow/dags/transfrom_to_mysql.py
[2026-05-27T05:37:53.649+0000] {processor.py:830} INFO - Processing file /opt/airflow/dags/transfrom_to_mysql.py for tasks to queue
[2026-05-27T05:37:53.652+0000] {logging_mixin.py:188} INFO - [2026-05-27T05:37:53.651+0000] {dagbag.py:545} INFO - Filling up the DagBag from /opt/airflow/dags/transfrom_to_mysql.py
[2026-05-27T05:37:53.826+0000] {processor.py:842} WARNING - No viable dags retrieved from /opt/airflow/dags/transfrom_to_mysql.py
[2026-05-27T05:37:53.859+0000] {processor.py:183} INFO - Processing /opt/airflow/dags/transfrom_to_mysql.py took 0.222 seconds
[2026-05-27T05:38:24.284+0000] {processor.py:161} INFO - Started process (PID=35476) to work on /opt/airflow/dags/transfrom_to_mysql.py
[2026-05-27T05:38:24.285+0000] {processor.py:830} INFO - Processing file /opt/airflow/dags/transfrom_to_mysql.py for tasks to queue
[2026-05-27T05:38:24.287+0000] {logging_mixin.py:188} INFO - [2026-05-27T05:38:24.286+0000] {dagbag.py:545} INFO - Filling up the DagBag from /opt/airflow/dags/transfrom_to_mysql.py
[2026-05-27T05:38:24.445+0000] {processor.py:842} WARNING - No viable dags retrieved from /opt/airflow/dags/transfrom_to_mysql.py
[2026-05-27T05:38:24.464+0000] {processor.py:183} INFO - Processing /opt/airflow/dags/transfrom_to_mysql.py took 0.187 seconds
[2026-05-27T05:38:54.772+0000] {processor.py:161} INFO - Started process (PID=35596) to work on /opt/airflow/dags/transfrom_to_mysql.py
[2026-05-27T05:38:54.773+0000] {processor.py:830} INFO - Processing file /opt/airflow/dags/transfrom_to_mysql.py for tasks to queue
[2026-05-27T05:38:54.775+0000] {logging_mixin.py:188} INFO - [2026-05-27T05:38:54.775+0000] {dagbag.py:545} INFO - Filling up the DagBag from /opt/airflow/dags/transfrom_to_mysql.py
[2026-05-27T05:38:54.944+0000] {processor.py:842} WARNING - No viable dags retrieved from /opt/airflow/dags/transfrom_to_mysql.py
[2026-05-27T05:38:54.968+0000] {processor.py:183} INFO - Processing /opt/airflow/dags/transfrom_to_mysql.py took 0.204 seconds
[2026-05-27T05:39:25.321+0000] {processor.py:161} INFO - Started process (PID=35701) to work on /opt/airflow/dags/transfrom_to_mysql.py
[2026-05-27T05:39:25.323+0000] {processor.py:830} INFO - Processing file /opt/airflow/dags/transfrom_to_mysql.py for tasks to queue
[2026-05-27T05:39:25.329+0000] {logging_mixin.py:188} INFO - [2026-05-27T05:39:25.328+0000] {dagbag.py:545} INFO - Filling up the DagBag from /opt/airflow/dags/transfrom_to_mysql.py
[2026-05-27T05:39:25.690+0000] {processor.py:842} WARNING - No viable dags retrieved from /opt/airflow/dags/transfrom_to_mysql.py
[2026-05-27T05:39:25.727+0000] {processor.py:183} INFO - Processing /opt/airflow/dags/transfrom_to_mysql.py took 0.430 seconds
[2026-05-27T05:39:56.149+0000] {processor.py:161} INFO - Started process (PID=35739) to work on /opt/airflow/dags/transfrom_to_mysql.py
[2026-05-27T05:39:56.151+0000] {processor.py:830} INFO - Processing file /opt/airflow/dags/transfrom_to_mysql.py for tasks to queue
[2026-05-27T05:39:56.153+0000] {logging_mixin.py:188} INFO - [2026-05-27T05:39:56.153+0000] {dagbag.py:545} INFO - Filling up the DagBag from /opt/airflow/dags/transfrom_to_mysql.py
[2026-05-27T05:39:56.316+0000] {processor.py:842} WARNING - No viable dags retrieved from /opt/airflow/dags/transfrom_to_mysql.py
[2026-05-27T05:39:56.338+0000] {processor.py:183} INFO - Processing /opt/airflow/dags/transfrom_to_mysql.py took 0.197 seconds
[2026-05-27T05:40:26.682+0000] {processor.py:161} INFO - Started process (PID=35843) to work on /opt/airflow/dags/transfrom_to_mysql.py
[2026-05-27T05:40:26.683+0000] {processor.py:830} INFO - Processing file /opt/airflow/dags/transfrom_to_mysql.py for tasks to queue
[2026-05-27T05:40:26.685+0000] {logging_mixin.py:188} INFO - [2026-05-27T05:40:26.684+0000] {dagbag.py:545} INFO - Filling up the DagBag from /opt/airflow/dags/transfrom_to_mysql.py
[2026-05-27T05:40:26.842+0000] {processor.py:842} WARNING - No viable dags retrieved from /opt/airflow/dags/transfrom_to_mysql.py
[2026-05-27T05:40:26.860+0000] {processor.py:183} INFO - Processing /opt/airflow/dags/transfrom_to_mysql.py took 0.186 seconds
[2026-05-27T05:40:57.191+0000] {processor.py:161} INFO - Started process (PID=35932) to work on /opt/airflow/dags/transfrom_to_mysql.py
[2026-05-27T05:40:57.193+0000] {processor.py:830} INFO - Processing file /opt/airflow/dags/transfrom_to_mysql.py for tasks to queue
[2026-05-27T05:40:57.195+0000] {logging_mixin.py:188} INFO - [2026-05-27T05:40:57.195+0000] {dagbag.py:545} INFO - Filling up the DagBag from /opt/airflow/dags/transfrom_to_mysql.py
[2026-05-27T05:40:57.361+0000] {processor.py:842} WARNING - No viable dags retrieved from /opt/airflow/dags/transfrom_to_mysql.py
[2026-05-27T05:40:57.384+0000] {processor.py:183} INFO - Processing /opt/airflow/dags/transfrom_to_mysql.py took 0.201 seconds
[2026-05-27T05:41:27.941+0000] {processor.py:161} INFO - Started process (PID=35986) to work on /opt/airflow/dags/transfrom_to_mysql.py
[2026-05-27T05:41:27.942+0000] {processor.py:830} INFO - Processing file /opt/airflow/dags/transfrom_to_mysql.py for tasks to queue
[2026-05-27T05:41:27.944+0000] {logging_mixin.py:188} INFO - [2026-05-27T05:41:27.944+0000] {dagbag.py:545} INFO - Filling up the DagBag from /opt/airflow/dags/transfrom_to_mysql.py
[2026-05-27T05:41:28.117+0000] {processor.py:842} WARNING - No viable dags retrieved from /opt/airflow/dags/transfrom_to_mysql.py
[2026-05-27T05:41:28.144+0000] {processor.py:183} INFO - Processing /opt/airflow/dags/transfrom_to_mysql.py took 0.210 seconds
[2026-05-27T05:41:58.237+0000] {processor.py:161} INFO - Started process (PID=36076) to work on /opt/airflow/dags/transfrom_to_mysql.py
[2026-05-27T05:41:58.239+0000] {processor.py:830} INFO - Processing file /opt/airflow/dags/transfrom_to_mysql.py for tasks to queue
[2026-05-27T05:41:58.242+0000] {logging_mixin.py:188} INFO - [2026-05-27T05:41:58.241+0000] {dagbag.py:545} INFO - Filling up the DagBag from /opt/airflow/dags/transfrom_to_mysql.py
[2026-05-27T05:41:58.426+0000] {processor.py:842} WARNING - No viable dags retrieved from /opt/airflow/dags/transfrom_to_mysql.py
[2026-05-27T05:41:58.445+0000] {processor.py:183} INFO - Processing /opt/airflow/dags/transfrom_to_mysql.py took 0.215 seconds
[2026-05-27T05:42:28.758+0000] {processor.py:161} INFO - Started process (PID=36101) to work on /opt/airflow/dags/transfrom_to_mysql.py
[2026-05-27T05:42:28.759+0000] {processor.py:830} INFO - Processing file /opt/airflow/dags/transfrom_to_mysql.py for tasks to queue
[2026-05-27T05:42:28.761+0000] {logging_mixin.py:188} INFO - [2026-05-27T05:42:28.761+0000] {dagbag.py:545} INFO - Filling up the DagBag from /opt/airflow/dags/transfrom_to_mysql.py
[2026-05-27T05:42:28.894+0000] {processor.py:842} WARNING - No viable dags retrieved from /opt/airflow/dags/transfrom_to_mysql.py
[2026-05-27T05:42:28.912+0000] {processor.py:183} INFO - Processing /opt/airflow/dags/transfrom_to_mysql.py took 0.159 seconds
[2026-05-27T05:42:59.218+0000] {processor.py:161} INFO - Started process (PID=36219) to work on /opt/airflow/dags/transfrom_to_mysql.py
[2026-05-27T05:42:59.219+0000] {processor.py:830} INFO - Processing file /opt/airflow/dags/transfrom_to_mysql.py for tasks to queue
[2026-05-27T05:42:59.221+0000] {logging_mixin.py:188} INFO - [2026-05-27T05:42:59.220+0000] {dagbag.py:545} INFO - Filling up the DagBag from /opt/airflow/dags/transfrom_to_mysql.py
[2026-05-27T05:42:59.345+0000] {processor.py:842} WARNING - No viable dags retrieved from /opt/airflow/dags/transfrom_to_mysql.py
[2026-05-27T05:42:59.363+0000] {processor.py:183} INFO - Processing /opt/airflow/dags/transfrom_to_mysql.py took 0.152 seconds
[2026-05-27T05:43:29.756+0000] {processor.py:161} INFO - Started process (PID=36337) to work on /opt/airflow/dags/transfrom_to_mysql.py
[2026-05-27T05:43:29.758+0000] {processor.py:830} INFO - Processing file /opt/airflow/dags/transfrom_to_mysql.py for tasks to queue
[2026-05-27T05:43:29.763+0000] {logging_mixin.py:188} INFO - [2026-05-27T05:43:29.762+0000] {dagbag.py:545} INFO - Filling up the DagBag from /opt/airflow/dags/transfrom_to_mysql.py
[2026-05-27T05:43:29.992+0000] {processor.py:842} WARNING - No viable dags retrieved from /opt/airflow/dags/transfrom_to_mysql.py
[2026-05-27T05:43:30.024+0000] {processor.py:183} INFO - Processing /opt/airflow/dags/transfrom_to_mysql.py took 0.280 seconds
[2026-05-27T05:44:00.389+0000] {processor.py:161} INFO - Started process (PID=36368) to work on /opt/airflow/dags/transfrom_to_mysql.py
[2026-05-27T05:44:00.390+0000] {processor.py:830} INFO - Processing file /opt/airflow/dags/transfrom_to_mysql.py for tasks to queue
[2026-05-27T05:44:00.391+0000] {logging_mixin.py:188} INFO - [2026-05-27T05:44:00.391+0000] {dagbag.py:545} INFO - Filling up the DagBag from /opt/airflow/dags/transfrom_to_mysql.py
[2026-05-27T05:44:00.533+0000] {processor.py:842} WARNING - No viable dags retrieved from /opt/airflow/dags/transfrom_to_mysql.py
[2026-05-27T05:44:00.554+0000] {processor.py:183} INFO - Processing /opt/airflow/dags/transfrom_to_mysql.py took 0.171 seconds
[2026-05-27T05:44:30.664+0000] {processor.py:161} INFO - Started process (PID=36457) to work on /opt/airflow/dags/transfrom_to_mysql.py
[2026-05-27T05:44:30.665+0000] {processor.py:830} INFO - Processing file /opt/airflow/dags/transfrom_to_mysql.py for tasks to queue
[2026-05-27T05:44:30.667+0000] {logging_mixin.py:188} INFO - [2026-05-27T05:44:30.666+0000] {dagbag.py:545} INFO - Filling up the DagBag from /opt/airflow/dags/transfrom_to_mysql.py
[2026-05-27T05:44:30.794+0000] {processor.py:842} WARNING - No viable dags retrieved from /opt/airflow/dags/transfrom_to_mysql.py
[2026-05-27T05:44:30.817+0000] {processor.py:183} INFO - Processing /opt/airflow/dags/transfrom_to_mysql.py took 0.159 seconds
[2026-05-27T05:45:01.047+0000] {processor.py:161} INFO - Started process (PID=36469) to work on /opt/airflow/dags/transfrom_to_mysql.py
[2026-05-27T05:45:01.048+0000] {processor.py:830} INFO - Processing file /opt/airflow/dags/transfrom_to_mysql.py for tasks to queue
[2026-05-27T05:45:01.049+0000] {logging_mixin.py:188} INFO - [2026-05-27T05:45:01.049+0000] {dagbag.py:545} INFO - Filling up the DagBag from /opt/airflow/dags/transfrom_to_mysql.py
[2026-05-27T05:45:01.164+0000] {processor.py:842} WARNING - No viable dags retrieved from /opt/airflow/dags/transfrom_to_mysql.py
[2026-05-27T05:45:01.181+0000] {processor.py:183} INFO - Processing /opt/airflow/dags/transfrom_to_mysql.py took 0.141 seconds
[2026-05-27T05:45:31.454+0000] {processor.py:161} INFO - Started process (PID=36593) to work on /opt/airflow/dags/transfrom_to_mysql.py
[2026-05-27T05:45:31.455+0000] {processor.py:830} INFO - Processing file /opt/airflow/dags/transfrom_to_mysql.py for tasks to queue
[2026-05-27T05:45:31.457+0000] {logging_mixin.py:188} INFO - [2026-05-27T05:45:31.456+0000] {dagbag.py:545} INFO - Filling up the DagBag from /opt/airflow/dags/transfrom_to_mysql.py
[2026-05-27T05:45:31.577+0000] {processor.py:842} WARNING - No viable dags retrieved from /opt/airflow/dags/transfrom_to_mysql.py
[2026-05-27T05:45:31.594+0000] {processor.py:183} INFO - Processing /opt/airflow/dags/transfrom_to_mysql.py took 0.146 seconds
[2026-05-27T05:46:02.010+0000] {processor.py:161} INFO - Started process (PID=36679) to work on /opt/airflow/dags/transfrom_to_mysql.py
[2026-05-27T05:46:02.011+0000] {processor.py:830} INFO - Processing file /opt/airflow/dags/transfrom_to_mysql.py for tasks to queue
[2026-05-27T05:46:02.013+0000] {logging_mixin.py:188} INFO - [2026-05-27T05:46:02.012+0000] {dagbag.py:545} INFO - Filling up the DagBag from /opt/airflow/dags/transfrom_to_mysql.py
[2026-05-27T05:46:02.124+0000] {processor.py:842} WARNING - No viable dags retrieved from /opt/airflow/dags/transfrom_to_mysql.py
[2026-05-27T05:46:02.140+0000] {processor.py:183} INFO - Processing /opt/airflow/dags/transfrom_to_mysql.py took 0.136 seconds
[2026-05-27T05:46:32.694+0000] {processor.py:161} INFO - Started process (PID=36727) to work on /opt/airflow/dags/transfrom_to_mysql.py
[2026-05-27T05:46:32.695+0000] {processor.py:830} INFO - Processing file /opt/airflow/dags/transfrom_to_mysql.py for tasks to queue
[2026-05-27T05:46:32.697+0000] {logging_mixin.py:188} INFO - [2026-05-27T05:46:32.696+0000] {dagbag.py:545} INFO - Filling up the DagBag from /opt/airflow/dags/transfrom_to_mysql.py
[2026-05-27T05:46:32.813+0000] {processor.py:842} WARNING - No viable dags retrieved from /opt/airflow/dags/transfrom_to_mysql.py
[2026-05-27T05:46:32.829+0000] {processor.py:183} INFO - Processing /opt/airflow/dags/transfrom_to_mysql.py took 0.141 seconds
[2026-05-27T05:47:03.258+0000] {processor.py:161} INFO - Started process (PID=36849) to work on /opt/airflow/dags/transfrom_to_mysql.py
[2026-05-27T05:47:03.259+0000] {processor.py:830} INFO - Processing file /opt/airflow/dags/transfrom_to_mysql.py for tasks to queue
[2026-05-27T05:47:03.260+0000] {logging_mixin.py:188} INFO - [2026-05-27T05:47:03.260+0000] {dagbag.py:545} INFO - Filling up the DagBag from /opt/airflow/dags/transfrom_to_mysql.py
[2026-05-27T05:47:03.379+0000] {processor.py:842} WARNING - No viable dags retrieved from /opt/airflow/dags/transfrom_to_mysql.py
[2026-05-27T05:47:03.397+0000] {processor.py:183} INFO - Processing /opt/airflow/dags/transfrom_to_mysql.py took 0.144 seconds
[2026-05-27T05:47:33.868+0000] {processor.py:161} INFO - Started process (PID=36949) to work on /opt/airflow/dags/transfrom_to_mysql.py
[2026-05-27T05:47:33.868+0000] {processor.py:830} INFO - Processing file /opt/airflow/dags/transfrom_to_mysql.py for tasks to queue
[2026-05-27T05:47:33.870+0000] {logging_mixin.py:188} INFO - [2026-05-27T05:47:33.870+0000] {dagbag.py:545} INFO - Filling up the DagBag from /opt/airflow/dags/transfrom_to_mysql.py
[2026-05-27T05:47:33.992+0000] {processor.py:842} WARNING - No viable dags retrieved from /opt/airflow/dags/transfrom_to_mysql.py
[2026-05-27T05:47:34.009+0000] {processor.py:183} INFO - Processing /opt/airflow/dags/transfrom_to_mysql.py took 0.148 seconds
[2026-05-27T05:48:04.562+0000] {processor.py:161} INFO - Started process (PID=36987) to work on /opt/airflow/dags/transfrom_to_mysql.py
[2026-05-27T05:48:04.563+0000] {processor.py:830} INFO - Processing file /opt/airflow/dags/transfrom_to_mysql.py for tasks to queue
[2026-05-27T05:48:04.565+0000] {logging_mixin.py:188} INFO - [2026-05-27T05:48:04.565+0000] {dagbag.py:545} INFO - Filling up the DagBag from /opt/airflow/dags/transfrom_to_mysql.py
[2026-05-27T05:48:04.685+0000] {processor.py:842} WARNING - No viable dags retrieved from /opt/airflow/dags/transfrom_to_mysql.py
[2026-05-27T05:48:04.703+0000] {processor.py:183} INFO - Processing /opt/airflow/dags/transfrom_to_mysql.py took 0.146 seconds
[2026-05-27T05:48:35.111+0000] {processor.py:161} INFO - Started process (PID=37100) to work on /opt/airflow/dags/transfrom_to_mysql.py
[2026-05-27T05:48:35.113+0000] {processor.py:830} INFO - Processing file /opt/airflow/dags/transfrom_to_mysql.py for tasks to queue
[2026-05-27T05:48:35.115+0000] {logging_mixin.py:188} INFO - [2026-05-27T05:48:35.114+0000] {dagbag.py:545} INFO - Filling up the DagBag from /opt/airflow/dags/transfrom_to_mysql.py
[2026-05-27T05:48:35.291+0000] {processor.py:842} WARNING - No viable dags retrieved from /opt/airflow/dags/transfrom_to_mysql.py
[2026-05-27T05:48:35.312+0000] {processor.py:183} INFO - Processing /opt/airflow/dags/transfrom_to_mysql.py took 0.208 seconds
[2026-05-27T05:49:05.848+0000] {processor.py:161} INFO - Started process (PID=37119) to work on /opt/airflow/dags/transfrom_to_mysql.py
[2026-05-27T05:49:05.849+0000] {processor.py:830} INFO - Processing file /opt/airflow/dags/transfrom_to_mysql.py for tasks to queue
[2026-05-27T05:49:05.851+0000] {logging_mixin.py:188} INFO - [2026-05-27T05:49:05.850+0000] {dagbag.py:545} INFO - Filling up the DagBag from /opt/airflow/dags/transfrom_to_mysql.py
[2026-05-27T05:49:05.965+0000] {processor.py:842} WARNING - No viable dags retrieved from /opt/airflow/dags/transfrom_to_mysql.py
[2026-05-27T05:49:05.983+0000] {processor.py:183} INFO - Processing /opt/airflow/dags/transfrom_to_mysql.py took 0.140 seconds
[2026-05-27T05:49:36.266+0000] {processor.py:161} INFO - Started process (PID=37237) to work on /opt/airflow/dags/transfrom_to_mysql.py
[2026-05-27T05:49:36.267+0000] {processor.py:830} INFO - Processing file /opt/airflow/dags/transfrom_to_mysql.py for tasks to queue
[2026-05-27T05:49:36.269+0000] {logging_mixin.py:188} INFO - [2026-05-27T05:49:36.269+0000] {dagbag.py:545} INFO - Filling up the DagBag from /opt/airflow/dags/transfrom_to_mysql.py
[2026-05-27T05:49:36.381+0000] {processor.py:842} WARNING - No viable dags retrieved from /opt/airflow/dags/transfrom_to_mysql.py
[2026-05-27T05:49:36.398+0000] {processor.py:183} INFO - Processing /opt/airflow/dags/transfrom_to_mysql.py took 0.137 seconds
[2026-05-27T05:50:06.879+0000] {processor.py:161} INFO - Started process (PID=37355) to work on /opt/airflow/dags/transfrom_to_mysql.py
[2026-05-27T05:50:06.880+0000] {processor.py:830} INFO - Processing file /opt/airflow/dags/transfrom_to_mysql.py for tasks to queue
[2026-05-27T05:50:06.881+0000] {logging_mixin.py:188} INFO - [2026-05-27T05:50:06.881+0000] {dagbag.py:545} INFO - Filling up the DagBag from /opt/airflow/dags/transfrom_to_mysql.py
[2026-05-27T05:50:06.998+0000] {processor.py:842} WARNING - No viable dags retrieved from /opt/airflow/dags/transfrom_to_mysql.py
[2026-05-27T05:50:07.014+0000] {processor.py:183} INFO - Processing /opt/airflow/dags/transfrom_to_mysql.py took 0.141 seconds
[2026-05-27T05:50:37.481+0000] {processor.py:161} INFO - Started process (PID=37455) to work on /opt/airflow/dags/transfrom_to_mysql.py
[2026-05-27T05:50:37.482+0000] {processor.py:830} INFO - Processing file /opt/airflow/dags/transfrom_to_mysql.py for tasks to queue
[2026-05-27T05:50:37.485+0000] {logging_mixin.py:188} INFO - [2026-05-27T05:50:37.484+0000] {dagbag.py:545} INFO - Filling up the DagBag from /opt/airflow/dags/transfrom_to_mysql.py
[2026-05-27T05:50:37.668+0000] {processor.py:842} WARNING - No viable dags retrieved from /opt/airflow/dags/transfrom_to_mysql.py
[2026-05-27T05:50:37.692+0000] {processor.py:183} INFO - Processing /opt/airflow/dags/transfrom_to_mysql.py took 0.221 seconds
[2026-05-27T05:51:08.219+0000] {processor.py:161} INFO - Started process (PID=37488) to work on /opt/airflow/dags/transfrom_to_mysql.py
[2026-05-27T05:51:08.220+0000] {processor.py:830} INFO - Processing file /opt/airflow/dags/transfrom_to_mysql.py for tasks to queue
[2026-05-27T05:51:08.221+0000] {logging_mixin.py:188} INFO - [2026-05-27T05:51:08.221+0000] {dagbag.py:545} INFO - Filling up the DagBag from /opt/airflow/dags/transfrom_to_mysql.py
[2026-05-27T05:51:08.338+0000] {processor.py:842} WARNING - No viable dags retrieved from /opt/airflow/dags/transfrom_to_mysql.py
[2026-05-27T05:51:08.355+0000] {processor.py:183} INFO - Processing /opt/airflow/dags/transfrom_to_mysql.py took 0.142 seconds
[2026-05-27T05:51:38.897+0000] {processor.py:161} INFO - Started process (PID=37617) to work on /opt/airflow/dags/transfrom_to_mysql.py
[2026-05-27T05:51:38.898+0000] {processor.py:830} INFO - Processing file /opt/airflow/dags/transfrom_to_mysql.py for tasks to queue
[2026-05-27T05:51:38.900+0000] {logging_mixin.py:188} INFO - [2026-05-27T05:51:38.899+0000] {dagbag.py:545} INFO - Filling up the DagBag from /opt/airflow/dags/transfrom_to_mysql.py
[2026-05-27T05:51:39.017+0000] {processor.py:842} WARNING - No viable dags retrieved from /opt/airflow/dags/transfrom_to_mysql.py
[2026-05-27T05:51:39.035+0000] {processor.py:183} INFO - Processing /opt/airflow/dags/transfrom_to_mysql.py took 0.144 seconds
[2026-05-27T05:52:09.406+0000] {processor.py:161} INFO - Started process (PID=37736) to work on /opt/airflow/dags/transfrom_to_mysql.py
[2026-05-27T05:52:09.408+0000] {processor.py:830} INFO - Processing file /opt/airflow/dags/transfrom_to_mysql.py for tasks to queue
[2026-05-27T05:52:09.411+0000] {logging_mixin.py:188} INFO - [2026-05-27T05:52:09.410+0000] {dagbag.py:545} INFO - Filling up the DagBag from /opt/airflow/dags/transfrom_to_mysql.py
[2026-05-27T05:52:09.650+0000] {processor.py:842} WARNING - No viable dags retrieved from /opt/airflow/dags/transfrom_to_mysql.py
[2026-05-27T05:52:09.679+0000] {processor.py:183} INFO - Processing /opt/airflow/dags/transfrom_to_mysql.py took 0.290 seconds
[2026-05-27T05:52:39.985+0000] {processor.py:161} INFO - Started process (PID=37770) to work on /opt/airflow/dags/transfrom_to_mysql.py
[2026-05-27T05:52:39.986+0000] {processor.py:830} INFO - Processing file /opt/airflow/dags/transfrom_to_mysql.py for tasks to queue
[2026-05-27T05:52:39.987+0000] {logging_mixin.py:188} INFO - [2026-05-27T05:52:39.987+0000] {dagbag.py:545} INFO - Filling up the DagBag from /opt/airflow/dags/transfrom_to_mysql.py
[2026-05-27T05:52:40.101+0000] {processor.py:842} WARNING - No viable dags retrieved from /opt/airflow/dags/transfrom_to_mysql.py
[2026-05-27T05:52:40.127+0000] {processor.py:183} INFO - Processing /opt/airflow/dags/transfrom_to_mysql.py took 0.148 seconds
[2026-05-27T05:53:10.446+0000] {processor.py:161} INFO - Started process (PID=37898) to work on /opt/airflow/dags/transfrom_to_mysql.py
[2026-05-27T05:53:10.448+0000] {processor.py:830} INFO - Processing file /opt/airflow/dags/transfrom_to_mysql.py for tasks to queue
[2026-05-27T05:53:10.451+0000] {logging_mixin.py:188} INFO - [2026-05-27T05:53:10.451+0000] {dagbag.py:545} INFO - Filling up the DagBag from /opt/airflow/dags/transfrom_to_mysql.py
[2026-05-27T05:53:10.658+0000] {processor.py:842} WARNING - No viable dags retrieved from /opt/airflow/dags/transfrom_to_mysql.py
[2026-05-27T05:53:10.684+0000] {processor.py:183} INFO - Processing /opt/airflow/dags/transfrom_to_mysql.py took 0.248 seconds
[2026-05-27T05:53:40.787+0000] {processor.py:161} INFO - Started process (PID=37925) to work on /opt/airflow/dags/transfrom_to_mysql.py
[2026-05-27T05:53:40.788+0000] {processor.py:830} INFO - Processing file /opt/airflow/dags/transfrom_to_mysql.py for tasks to queue
[2026-05-27T05:53:40.789+0000] {logging_mixin.py:188} INFO - [2026-05-27T05:53:40.789+0000] {dagbag.py:545} INFO - Filling up the DagBag from /opt/airflow/dags/transfrom_to_mysql.py
[2026-05-27T05:53:40.902+0000] {processor.py:842} WARNING - No viable dags retrieved from /opt/airflow/dags/transfrom_to_mysql.py
[2026-05-27T05:53:40.919+0000] {processor.py:183} INFO - Processing /opt/airflow/dags/transfrom_to_mysql.py took 0.138 seconds
[2026-05-27T05:54:11.345+0000] {processor.py:161} INFO - Started process (PID=38044) to work on /opt/airflow/dags/transfrom_to_mysql.py
[2026-05-27T05:54:11.347+0000] {processor.py:830} INFO - Processing file /opt/airflow/dags/transfrom_to_mysql.py for tasks to queue
[2026-05-27T05:54:11.350+0000] {logging_mixin.py:188} INFO - [2026-05-27T05:54:11.350+0000] {dagbag.py:545} INFO - Filling up the DagBag from /opt/airflow/dags/transfrom_to_mysql.py
[2026-05-27T05:54:11.587+0000] {processor.py:842} WARNING - No viable dags retrieved from /opt/airflow/dags/transfrom_to_mysql.py
[2026-05-27T05:54:11.622+0000] {processor.py:183} INFO - Processing /opt/airflow/dags/transfrom_to_mysql.py took 0.289 seconds
[2026-05-27T05:54:42.232+0000] {processor.py:161} INFO - Started process (PID=38066) to work on /opt/airflow/dags/transfrom_to_mysql.py
[2026-05-27T05:54:42.234+0000] {processor.py:830} INFO - Processing file /opt/airflow/dags/transfrom_to_mysql.py for tasks to queue
[2026-05-27T05:54:42.236+0000] {logging_mixin.py:188} INFO - [2026-05-27T05:54:42.236+0000] {dagbag.py:545} INFO - Filling up the DagBag from /opt/airflow/dags/transfrom_to_mysql.py
[2026-05-27T05:54:42.414+0000] {processor.py:842} WARNING - No viable dags retrieved from /opt/airflow/dags/transfrom_to_mysql.py
[2026-05-27T05:54:42.444+0000] {processor.py:183} INFO - Processing /opt/airflow/dags/transfrom_to_mysql.py took 0.223 seconds
[2026-05-27T05:55:13.162+0000] {processor.py:161} INFO - Started process (PID=38162) to work on /opt/airflow/dags/transfrom_to_mysql.py
[2026-05-27T05:55:13.166+0000] {processor.py:830} INFO - Processing file /opt/airflow/dags/transfrom_to_mysql.py for tasks to queue
[2026-05-27T05:55:13.179+0000] {logging_mixin.py:188} INFO - [2026-05-27T05:55:13.178+0000] {dagbag.py:545} INFO - Filling up the DagBag from /opt/airflow/dags/transfrom_to_mysql.py
[2026-05-27T05:55:13.742+0000] {processor.py:842} WARNING - No viable dags retrieved from /opt/airflow/dags/transfrom_to_mysql.py
[2026-05-27T05:55:13.790+0000] {processor.py:183} INFO - Processing /opt/airflow/dags/transfrom_to_mysql.py took 0.667 seconds
[2026-05-27T05:55:44.024+0000] {processor.py:161} INFO - Started process (PID=38199) to work on /opt/airflow/dags/transfrom_to_mysql.py
[2026-05-27T05:55:44.025+0000] {processor.py:830} INFO - Processing file /opt/airflow/dags/transfrom_to_mysql.py for tasks to queue
[2026-05-27T05:55:44.028+0000] {logging_mixin.py:188} INFO - [2026-05-27T05:55:44.028+0000] {dagbag.py:545} INFO - Filling up the DagBag from /opt/airflow/dags/transfrom_to_mysql.py
[2026-05-27T05:55:44.271+0000] {processor.py:842} WARNING - No viable dags retrieved from /opt/airflow/dags/transfrom_to_mysql.py
[2026-05-27T05:55:44.470+0000] {processor.py:183} INFO - Processing /opt/airflow/dags/transfrom_to_mysql.py took 0.456 seconds
[2026-05-27T05:56:14.833+0000] {processor.py:161} INFO - Started process (PID=38289) to work on /opt/airflow/dags/transfrom_to_mysql.py
[2026-05-27T05:56:14.835+0000] {processor.py:830} INFO - Processing file /opt/airflow/dags/transfrom_to_mysql.py for tasks to queue
[2026-05-27T05:56:14.839+0000] {logging_mixin.py:188} INFO - [2026-05-27T05:56:14.838+0000] {dagbag.py:545} INFO - Filling up the DagBag from /opt/airflow/dags/transfrom_to_mysql.py
[2026-05-27T05:56:15.068+0000] {processor.py:842} WARNING - No viable dags retrieved from /opt/airflow/dags/transfrom_to_mysql.py
[2026-05-27T05:56:15.094+0000] {processor.py:183} INFO - Processing /opt/airflow/dags/transfrom_to_mysql.py took 0.275 seconds
[2026-05-27T05:56:45.276+0000] {processor.py:161} INFO - Started process (PID=38335) to work on /opt/airflow/dags/transfrom_to_mysql.py
[2026-05-27T05:56:45.277+0000] {processor.py:830} INFO - Processing file /opt/airflow/dags/transfrom_to_mysql.py for tasks to queue
[2026-05-27T05:56:45.280+0000] {logging_mixin.py:188} INFO - [2026-05-27T05:56:45.279+0000] {dagbag.py:545} INFO - Filling up the DagBag from /opt/airflow/dags/transfrom_to_mysql.py
[2026-05-27T05:56:45.615+0000] {processor.py:842} WARNING - No viable dags retrieved from /opt/airflow/dags/transfrom_to_mysql.py
[2026-05-27T05:56:45.635+0000] {processor.py:183} INFO - Processing /opt/airflow/dags/transfrom_to_mysql.py took 0.368 seconds
[2026-05-27T05:57:15.913+0000] {processor.py:161} INFO - Started process (PID=38427) to work on /opt/airflow/dags/transfrom_to_mysql.py
[2026-05-27T05:57:15.915+0000] {processor.py:830} INFO - Processing file /opt/airflow/dags/transfrom_to_mysql.py for tasks to queue
[2026-05-27T05:57:15.917+0000] {logging_mixin.py:188} INFO - [2026-05-27T05:57:15.917+0000] {dagbag.py:545} INFO - Filling up the DagBag from /opt/airflow/dags/transfrom_to_mysql.py
[2026-05-27T05:57:16.095+0000] {processor.py:842} WARNING - No viable dags retrieved from /opt/airflow/dags/transfrom_to_mysql.py
[2026-05-27T05:57:16.123+0000] {processor.py:183} INFO - Processing /opt/airflow/dags/transfrom_to_mysql.py took 0.219 seconds
[2026-05-27T05:57:46.751+0000] {processor.py:161} INFO - Started process (PID=38467) to work on /opt/airflow/dags/transfrom_to_mysql.py
[2026-05-27T05:57:46.752+0000] {processor.py:830} INFO - Processing file /opt/airflow/dags/transfrom_to_mysql.py for tasks to queue
[2026-05-27T05:57:46.754+0000] {logging_mixin.py:188} INFO - [2026-05-27T05:57:46.754+0000] {dagbag.py:545} INFO - Filling up the DagBag from /opt/airflow/dags/transfrom_to_mysql.py
[2026-05-27T05:57:47.020+0000] {processor.py:842} WARNING - No viable dags retrieved from /opt/airflow/dags/transfrom_to_mysql.py
[2026-05-27T05:57:47.036+0000] {processor.py:183} INFO - Processing /opt/airflow/dags/transfrom_to_mysql.py took 0.293 seconds
[2026-05-27T05:58:17.579+0000] {processor.py:161} INFO - Started process (PID=38594) to work on /opt/airflow/dags/transfrom_to_mysql.py
[2026-05-27T05:58:17.581+0000] {processor.py:830} INFO - Processing file /opt/airflow/dags/transfrom_to_mysql.py for tasks to queue
[2026-05-27T05:58:17.584+0000] {logging_mixin.py:188} INFO - [2026-05-27T05:58:17.583+0000] {dagbag.py:545} INFO - Filling up the DagBag from /opt/airflow/dags/transfrom_to_mysql.py
[2026-05-27T05:58:17.775+0000] {processor.py:842} WARNING - No viable dags retrieved from /opt/airflow/dags/transfrom_to_mysql.py
[2026-05-27T05:58:17.799+0000] {processor.py:183} INFO - Processing /opt/airflow/dags/transfrom_to_mysql.py took 0.230 seconds
[2026-05-27T05:58:48.113+0000] {processor.py:161} INFO - Started process (PID=38696) to work on /opt/airflow/dags/transfrom_to_mysql.py
[2026-05-27T05:58:48.115+0000] {processor.py:830} INFO - Processing file /opt/airflow/dags/transfrom_to_mysql.py for tasks to queue
[2026-05-27T05:58:48.118+0000] {logging_mixin.py:188} INFO - [2026-05-27T05:58:48.118+0000] {dagbag.py:545} INFO - Filling up the DagBag from /opt/airflow/dags/transfrom_to_mysql.py
[2026-05-27T05:58:48.623+0000] {processor.py:842} WARNING - No viable dags retrieved from /opt/airflow/dags/transfrom_to_mysql.py
[2026-05-27T05:58:48.655+0000] {processor.py:183} INFO - Processing /opt/airflow/dags/transfrom_to_mysql.py took 0.555 seconds
[2026-05-27T05:59:19.091+0000] {processor.py:161} INFO - Started process (PID=38727) to work on /opt/airflow/dags/transfrom_to_mysql.py
[2026-05-27T05:59:19.093+0000] {processor.py:830} INFO - Processing file /opt/airflow/dags/transfrom_to_mysql.py for tasks to queue
[2026-05-27T05:59:19.097+0000] {logging_mixin.py:188} INFO - [2026-05-27T05:59:19.096+0000] {dagbag.py:545} INFO - Filling up the DagBag from /opt/airflow/dags/transfrom_to_mysql.py
[2026-05-27T05:59:19.379+0000] {processor.py:842} WARNING - No viable dags retrieved from /opt/airflow/dags/transfrom_to_mysql.py
[2026-05-27T05:59:19.408+0000] {processor.py:183} INFO - Processing /opt/airflow/dags/transfrom_to_mysql.py took 0.328 seconds
[2026-05-27T05:59:50.024+0000] {processor.py:161} INFO - Started process (PID=38851) to work on /opt/airflow/dags/transfrom_to_mysql.py
[2026-05-27T05:59:50.026+0000] {processor.py:830} INFO - Processing file /opt/airflow/dags/transfrom_to_mysql.py for tasks to queue
[2026-05-27T05:59:50.028+0000] {logging_mixin.py:188} INFO - [2026-05-27T05:59:50.028+0000] {dagbag.py:545} INFO - Filling up the DagBag from /opt/airflow/dags/transfrom_to_mysql.py
[2026-05-27T05:59:50.349+0000] {processor.py:842} WARNING - No viable dags retrieved from /opt/airflow/dags/transfrom_to_mysql.py
[2026-05-27T05:59:50.371+0000] {processor.py:183} INFO - Processing /opt/airflow/dags/transfrom_to_mysql.py took 0.356 seconds
[2026-05-27T06:00:20.645+0000] {processor.py:161} INFO - Started process (PID=38946) to work on /opt/airflow/dags/transfrom_to_mysql.py
[2026-05-27T06:00:20.647+0000] {processor.py:830} INFO - Processing file /opt/airflow/dags/transfrom_to_mysql.py for tasks to queue
[2026-05-27T06:00:20.649+0000] {logging_mixin.py:188} INFO - [2026-05-27T06:00:20.649+0000] {dagbag.py:545} INFO - Filling up the DagBag from /opt/airflow/dags/transfrom_to_mysql.py
[2026-05-27T06:00:20.974+0000] {processor.py:842} WARNING - No viable dags retrieved from /opt/airflow/dags/transfrom_to_mysql.py
[2026-05-27T06:00:21.014+0000] {processor.py:183} INFO - Processing /opt/airflow/dags/transfrom_to_mysql.py took 0.377 seconds
[2026-05-27T06:00:51.672+0000] {processor.py:161} INFO - Started process (PID=38992) to work on /opt/airflow/dags/transfrom_to_mysql.py
[2026-05-27T06:00:51.675+0000] {processor.py:830} INFO - Processing file /opt/airflow/dags/transfrom_to_mysql.py for tasks to queue
[2026-05-27T06:00:51.681+0000] {logging_mixin.py:188} INFO - [2026-05-27T06:00:51.680+0000] {dagbag.py:545} INFO - Filling up the DagBag from /opt/airflow/dags/transfrom_to_mysql.py
[2026-05-27T06:00:52.131+0000] {processor.py:842} WARNING - No viable dags retrieved from /opt/airflow/dags/transfrom_to_mysql.py
[2026-05-27T06:00:52.154+0000] {processor.py:183} INFO - Processing /opt/airflow/dags/transfrom_to_mysql.py took 0.500 seconds
[2026-05-27T06:01:22.496+0000] {processor.py:161} INFO - Started process (PID=39115) to work on /opt/airflow/dags/transfrom_to_mysql.py
[2026-05-27T06:01:22.497+0000] {processor.py:830} INFO - Processing file /opt/airflow/dags/transfrom_to_mysql.py for tasks to queue
[2026-05-27T06:01:22.500+0000] {logging_mixin.py:188} INFO - [2026-05-27T06:01:22.500+0000] {dagbag.py:545} INFO - Filling up the DagBag from /opt/airflow/dags/transfrom_to_mysql.py
[2026-05-27T06:01:22.868+0000] {processor.py:842} WARNING - No viable dags retrieved from /opt/airflow/dags/transfrom_to_mysql.py
[2026-05-27T06:01:22.904+0000] {processor.py:183} INFO - Processing /opt/airflow/dags/transfrom_to_mysql.py took 0.418 seconds
[2026-05-27T06:01:53.502+0000] {processor.py:161} INFO - Started process (PID=39137) to work on /opt/airflow/dags/transfrom_to_mysql.py
[2026-05-27T06:01:53.504+0000] {processor.py:830} INFO - Processing file /opt/airflow/dags/transfrom_to_mysql.py for tasks to queue
[2026-05-27T06:01:53.507+0000] {logging_mixin.py:188} INFO - [2026-05-27T06:01:53.507+0000] {dagbag.py:545} INFO - Filling up the DagBag from /opt/airflow/dags/transfrom_to_mysql.py
[2026-05-27T06:01:53.838+0000] {processor.py:842} WARNING - No viable dags retrieved from /opt/airflow/dags/transfrom_to_mysql.py
[2026-05-27T06:01:53.857+0000] {processor.py:183} INFO - Processing /opt/airflow/dags/transfrom_to_mysql.py took 0.362 seconds
[2026-05-27T06:02:24.053+0000] {processor.py:161} INFO - Started process (PID=39268) to work on /opt/airflow/dags/transfrom_to_mysql.py
[2026-05-27T06:02:24.055+0000] {processor.py:830} INFO - Processing file /opt/airflow/dags/transfrom_to_mysql.py for tasks to queue
[2026-05-27T06:02:24.056+0000] {logging_mixin.py:188} INFO - [2026-05-27T06:02:24.056+0000] {dagbag.py:545} INFO - Filling up the DagBag from /opt/airflow/dags/transfrom_to_mysql.py
[2026-05-27T06:02:24.374+0000] {processor.py:842} WARNING - No viable dags retrieved from /opt/airflow/dags/transfrom_to_mysql.py
[2026-05-27T06:02:24.395+0000] {processor.py:183} INFO - Processing /opt/airflow/dags/transfrom_to_mysql.py took 0.349 seconds
[2026-05-27T06:02:54.754+0000] {processor.py:161} INFO - Started process (PID=39355) to work on /opt/airflow/dags/transfrom_to_mysql.py
[2026-05-27T06:02:54.757+0000] {processor.py:830} INFO - Processing file /opt/airflow/dags/transfrom_to_mysql.py for tasks to queue
[2026-05-27T06:02:54.760+0000] {logging_mixin.py:188} INFO - [2026-05-27T06:02:54.760+0000] {dagbag.py:545} INFO - Filling up the DagBag from /opt/airflow/dags/transfrom_to_mysql.py
[2026-05-27T06:02:55.081+0000] {processor.py:842} WARNING - No viable dags retrieved from /opt/airflow/dags/transfrom_to_mysql.py
[2026-05-27T06:02:55.101+0000] {processor.py:183} INFO - Processing /opt/airflow/dags/transfrom_to_mysql.py took 0.354 seconds
[2026-05-27T06:03:25.739+0000] {processor.py:161} INFO - Started process (PID=39399) to work on /opt/airflow/dags/transfrom_to_mysql.py
[2026-05-27T06:03:25.741+0000] {processor.py:830} INFO - Processing file /opt/airflow/dags/transfrom_to_mysql.py for tasks to queue
[2026-05-27T06:03:25.744+0000] {logging_mixin.py:188} INFO - [2026-05-27T06:03:25.743+0000] {dagbag.py:545} INFO - Filling up the DagBag from /opt/airflow/dags/transfrom_to_mysql.py
[2026-05-27T06:03:26.103+0000] {processor.py:842} WARNING - No viable dags retrieved from /opt/airflow/dags/transfrom_to_mysql.py
[2026-05-27T06:03:26.125+0000] {processor.py:183} INFO - Processing /opt/airflow/dags/transfrom_to_mysql.py took 0.397 seconds
